{
"type": "FeatureCollection",
"name": "LFEE",
"crs": { "type": "name", "properties": { "name": "urn:ogc:def:crs:OGC:1.3:CRS84" } },
"features": [
{ "type": "Feature", "properties": { "fir": "LFFF", "identifier": "LFFF:AO1 UAC:115-195", "name": "AO1 UAC", "level_lower": 115, "level_upper": 195 }, "geometry": { "type": "Polygon", "coordinates": [ [ [ 3.461211111111111, 48.352552777777781 ], [ 3.508063888888889, 48.380069444444445 ], [ 3.625897222222222, 48.315536111111108 ], [ 3.844166666666667, 48.162777777777777 ], [ 4.580830555555555, 47.642777777777781 ], [ 4.333333333333333, 47.416666666666664 ], [ 3.528611111111111, 47.5275 ], [ 3.362777777777778, 47.795277777777777 ], [ 3.250991666666667, 47.92075 ], [ 3.164722222222222, 48.0 ], [ 3.053888888888889, 48.101388888888891 ], [ 3.048611111111111, 48.107777777777777 ], [ 3.461211111111111, 48.352552777777781 ] ] ] } },
{ "type": "Feature", "properties": { "fir": "LFFF", "identifier": "LFFF:AO2 UAC:195-285", "name": "AO2 UAC", "level_lower": 195, "level_upper": 285 }, "geometry": { "type": "Polygon", "coordinates": [ [ [ 3.362777777777778, 47.795277777777777 ], [ 3.528611111111111, 47.5275 ], [ 3.795830555555555, 47.401666666666664 ], [ 4.0775, 47.2675 ], [ 4.488888888888889, 47.349166666666669 ], [ 4.7725, 47.50472222222222 ], [ 4.580830555555555, 47.642777777777781 ], [ 3.844166666666667, 48.162777777777777 ], [ 3.499722222222222, 48.404444444444444 ], [ 3.116666666666667, 48.666666666666664 ], [ 3.016663888888889, 48.583333333333336 ], [ 2.920277777777778, 48.5025 ], [ 2.792777777777778, 48.395277777777778 ], [ 2.918611111111111, 48.283333333333331 ], [ 3.235277777777778, 47.998888888888892 ], [ 3.362777777777778, 47.795277777777777 ] ] ] } },
{ "type": "Feature", "properties": { "fir": "LFFF", "identifier": "LFFF:AP UAC:265-315", "name": "AP UAC", "level_lower": 265, "level_upper": 315 }, "geometry": { "type": "Polygon", "coordinates": [ [ [ 3.984722222222222, 50.237222222222222 ], [ 4.391666666666667, 50.05833333333333 ], [ 4.851761111111111, 49.852630555555557 ], [ 5.008166666666667, 49.7819 ], [ 5.442222222222222, 49.567777777777778 ], [ 5.634166666666666, 49.3 ], [ 4.8, 48.95 ], [ 4.214722222222222, 48.975830555555561 ], [ 3.813333333333333, 48.993055555555557 ], [ 3.727222222222222, 49.110277777777782 ], [ 3.908055555555555, 49.211388888888891 ], [ 3.984722222222222, 50.237222222222222 ] ] ] } },
{ "type": "Feature", "properties": { "fir": "LFFF", "identifier": "LFFF:AR1 UAC:115-195", "name": "AR1 UAC", "level_lower": 115, "level_upper": 195 }, "geometry": { "type": "Polygon", "coordinates": [ [ [ 3.81, 48.600277777777777 ], [ 3.915555555555556, 48.543888888888887 ], [ 4.101388888888889, 48.462777777777781 ], [ 4.458333333333334, 48.270277777777778 ], [ 4.952777777777778, 47.974166666666669 ], [ 4.755905555555556, 47.800447222222218 ], [ 4.580830555555555, 47.642777777777781 ], [ 3.844166666666667, 48.162777777777777 ], [ 3.625897222222222, 48.315536111111108 ], [ 3.508063888888889, 48.380069444444445 ], [ 3.637777777777778, 48.456944444444446 ], [ 3.81, 48.600277777777777 ] ] ] } },
{ "type": "Feature", "properties": { "fir": "LFFF", "identifier": "LFFF:AR2 UAC:195-265", "name": "AR2 UAC", "level_lower": 195, "level_upper": 265 }, "geometry": { "type": "Polygon", "coordinates": [ [ [ 5.269444444444445, 47.776941666666666 ], [ 5.017777777777778, 47.639722222222218 ], [ 4.7725, 47.50472222222222 ], [ 4.580830555555555, 47.642777777777781 ], [ 3.844166666666667, 48.162777777777777 ], [ 3.499722222222222, 48.404444444444444 ], [ 3.116666666666667, 48.666666666666664 ], [ 3.506388888888889, 48.733611111111109 ], [ 3.645277777777778, 48.70194166666667 ], [ 3.81, 48.600277777777777 ], [ 4.101388888888889, 48.462777777777781 ], [ 4.458333333333334, 48.270277777777778 ], [ 4.952777777777778, 47.974166666666669 ], [ 5.269444444444445, 47.776941666666666 ] ] ] } },
{ "type": "Feature", "properties": { "fir": "LFFF", "identifier": "LFFF:AR3 UAC:265-285", "name": "AR3 UAC", "level_lower": 265, "level_upper": 285 }, "geometry": { "type": "Polygon", "coordinates": [ [ [ 3.5, 48.7 ], [ 3.963611111111111, 48.49388888888889 ], [ 4.458333333333334, 48.270277777777778 ], [ 4.586388888888888, 48.191666666666663 ], [ 4.945, 47.969722222222224 ], [ 5.269444444444445, 47.776941666666666 ], [ 5.017777777777778, 47.639722222222218 ], [ 4.7725, 47.50472222222222 ], [ 4.580830555555555, 47.642777777777781 ], [ 3.844166666666667, 48.162777777777777 ], [ 3.499722222222222, 48.404444444444444 ], [ 3.116666666666667, 48.666666666666664 ], [ 3.5, 48.7 ] ] ] } },
{ "type": "Feature", "properties": { "fir": "LFFF", "identifier": "LFFF:AR4 UAC:285-345", "name": "AR4 UAC", "level_lower": 285, "level_upper": 345 }, "geometry": { "type": "Polygon", "coordinates": [ [ [ 4.945, 47.969722222222224 ], [ 5.269444444444445, 47.776941666666666 ], [ 5.017777777777778, 47.639722222222218 ], [ 4.7725, 47.50472222222222 ], [ 4.580830555555555, 47.642777777777781 ], [ 3.844166666666667, 48.162777777777777 ], [ 4.586388888888888, 48.191666666666663 ], [ 4.945, 47.969722222222224 ] ] ] } },
{ "type": "Feature", "properties": { "fir": "LFFF", "identifier": "LFFF:BEAUVAIS EAST 1 EL:045-065", "name": "BEAUVAIS EAST 1 EL", "level_lower": 45, "level_upper": 65 }, "geometry": { "type": "Polygon", "coordinates": [ [ [ 3.461666666666667, 49.445 ], [ 3.314719444444444, 49.468611111111116 ], [ 3.157777777777778, 49.4375 ], [ 2.708888888888889, 49.510555555555555 ], [ 2.743888888888889, 49.63527777777778 ], [ 2.782777777777778, 49.674166666666665 ], [ 2.976388888888889, 49.6025 ], [ 3.105830555555555, 49.611941666666667 ], [ 3.236388888888889, 49.666666666666664 ], [ 3.351616666666667, 49.689041666666661 ], [ 3.413611111111111, 49.783333333333331 ], [ 3.631111111111111, 49.783333333333331 ], [ 3.660277777777778, 49.748333333333335 ], [ 3.765555555555556, 49.556111111111107 ], [ 3.8825, 49.256666666666668 ], [ 3.860833333333333, 49.241944444444442 ], [ 3.628333333333333, 49.211111111111116 ], [ 3.616855555555555, 49.20955277777778 ], [ 3.461666666666667, 49.445 ] ] ] } },
{ "type": "Feature", "properties": { "fir": "LFFF", "identifier": "LFFF:BEAUVAIS EAST 1 EL:035-045", "name": "BEAUVAIS EAST 1 EL", "level_lower": 35, "level_upper": 45 }, "geometry": { "type": "Polygon", "coordinates": [ [ [ 2.743888888888889, 49.63527777777778 ], [ 2.782777777777778, 49.674166666666665 ], [ 2.976388888888889, 49.6025 ], [ 3.105830555555555, 49.611941666666667 ], [ 3.236388888888889, 49.666666666666664 ], [ 3.351616666666667, 49.689041666666661 ], [ 3.413611111111111, 49.783333333333331 ], [ 3.631111111111111, 49.783333333333331 ], [ 3.660277777777778, 49.748333333333335 ], [ 3.765555555555556, 49.556111111111107 ], [ 3.8825, 49.256666666666668 ], [ 3.860833333333333, 49.241944444444442 ], [ 3.628333333333333, 49.211111111111116 ], [ 3.616855555555555, 49.20955277777778 ], [ 3.425380555555555, 49.183544444444443 ], [ 3.374166666666667, 49.31558888888889 ], [ 3.164719444444444, 49.383330555555553 ], [ 3.157777777777778, 49.4375 ], [ 2.708888888888889, 49.510555555555555 ], [ 2.743888888888889, 49.63527777777778 ] ] ] } },
{ "type": "Feature", "properties": { "fir": "LFFF", "identifier": "LFFF:BEAUVAIS EAST 1 EL:025-035", "name": "BEAUVAIS EAST 1 EL", "level_lower": 25, "level_upper": 35 }, "geometry": { "type": "Polygon", "coordinates": [ [ [ 2.743888888888889, 49.63527777777778 ], [ 2.782777777777778, 49.674166666666665 ], [ 2.976388888888889, 49.6025 ], [ 3.105830555555555, 49.611941666666667 ], [ 3.236388888888889, 49.666666666666664 ], [ 3.351616666666667, 49.689041666666661 ], [ 3.413611111111111, 49.783333333333331 ], [ 3.631111111111111, 49.783333333333331 ], [ 3.660277777777778, 49.748333333333335 ], [ 3.765555555555556, 49.556111111111107 ], [ 3.8825, 49.256666666666668 ], [ 3.860833333333333, 49.241944444444442 ], [ 3.628333333333333, 49.211111111111116 ], [ 3.616855555555555, 49.20955277777778 ], [ 3.425380555555555, 49.183544444444443 ], [ 3.299722222222222, 49.166666666666664 ], [ 3.196941666666667, 49.1525 ], [ 3.164719444444444, 49.383330555555553 ], [ 3.157777777777778, 49.4375 ], [ 2.708888888888889, 49.510555555555555 ], [ 2.743888888888889, 49.63527777777778 ] ] ] } },
{ "type": "Feature", "properties": { "fir": "LFFF", "identifier": "LFFF:BEAUVAIS EAST 1 WL:025-035", "name": "BEAUVAIS EAST 1 WL", "level_lower": 25, "level_upper": 35 }, "geometry": { "type": "Polygon", "coordinates": [ [ [ 2.743888888888889, 49.63527777777778 ], [ 2.782777777777778, 49.674166666666665 ], [ 2.976388888888889, 49.6025 ], [ 3.105830555555555, 49.611941666666667 ], [ 3.236388888888889, 49.666666666666664 ], [ 3.351616666666667, 49.689041666666661 ], [ 3.413611111111111, 49.783333333333331 ], [ 3.631111111111111, 49.783333333333331 ], [ 3.660277777777778, 49.748333333333335 ], [ 3.765555555555556, 49.556111111111107 ], [ 3.8825, 49.256666666666668 ], [ 3.860833333333333, 49.241944444444442 ], [ 3.628333333333333, 49.211111111111116 ], [ 3.616855555555555, 49.20955277777778 ], [ 3.425380555555555, 49.183544444444443 ], [ 3.299722222222222, 49.166666666666664 ], [ 3.196941666666667, 49.1525 ], [ 3.164719444444444, 49.383330555555553 ], [ 3.157777777777778, 49.4375 ], [ 2.708888888888889, 49.510555555555555 ], [ 2.743888888888889, 49.63527777777778 ] ] ] } },
{ "type": "Feature", "properties": { "fir": "LFFF", "identifier": "LFFF:BEAUVAIS EAST 1 WL:035-045", "name": "BEAUVAIS EAST 1 WL", "level_lower": 35, "level_upper": 45 }, "geometry": { "type": "Polygon", "coordinates": [ [ [ 2.743888888888889, 49.63527777777778 ], [ 2.782777777777778, 49.674166666666665 ], [ 2.976388888888889, 49.6025 ], [ 3.105830555555555, 49.611941666666667 ], [ 3.236388888888889, 49.666666666666664 ], [ 3.351616666666667, 49.689041666666661 ], [ 3.413611111111111, 49.783333333333331 ], [ 3.631111111111111, 49.783333333333331 ], [ 3.660277777777778, 49.748333333333335 ], [ 3.765555555555556, 49.556111111111107 ], [ 3.8825, 49.256666666666668 ], [ 3.860833333333333, 49.241944444444442 ], [ 3.628333333333333, 49.211111111111116 ], [ 3.616855555555555, 49.20955277777778 ], [ 3.425380555555555, 49.183544444444443 ], [ 3.374166666666667, 49.31558888888889 ], [ 3.164719444444444, 49.383330555555553 ], [ 3.157777777777778, 49.4375 ], [ 2.708888888888889, 49.510555555555555 ], [ 2.743888888888889, 49.63527777777778 ] ] ] } },
{ "type": "Feature", "properties": { "fir": "LFFF", "identifier": "LFFF:BEAUVAIS EAST 1 WL:045-065", "name": "BEAUVAIS EAST 1 WL", "level_lower": 45, "level_upper": 65 }, "geometry": { "type": "Polygon", "coordinates": [ [ [ 3.461666666666667, 49.445 ], [ 3.314719444444444, 49.468611111111116 ], [ 3.157777777777778, 49.4375 ], [ 2.708888888888889, 49.510555555555555 ], [ 2.743888888888889, 49.63527777777778 ], [ 2.782777777777778, 49.674166666666665 ], [ 2.976388888888889, 49.6025 ], [ 3.105830555555555, 49.611941666666667 ], [ 3.236388888888889, 49.666666666666664 ], [ 3.351616666666667, 49.689041666666661 ], [ 3.413611111111111, 49.783333333333331 ], [ 3.631111111111111, 49.783333333333331 ], [ 3.660277777777778, 49.748333333333335 ], [ 3.765555555555556, 49.556111111111107 ], [ 3.8825, 49.256666666666668 ], [ 3.860833333333333, 49.241944444444442 ], [ 3.628333333333333, 49.211111111111116 ], [ 3.616855555555555, 49.20955277777778 ], [ 3.461666666666667, 49.445 ] ] ] } },
{ "type": "Feature", "properties": { "fir": "LFFF", "identifier": "LFFF:BEAUVAIS EAST 2 EL:000-025", "name": "BEAUVAIS EAST 2 EL", "level_lower": 0, "level_upper": 25 }, "geometry": { "type": "Polygon", "coordinates": [ [ [ 2.529722222222222, 49.260555555555555 ], [ 2.516944444444444, 49.260833333333331 ], [ 2.524444444444444, 49.279444444444444 ], [ 2.602777777777778, 49.471388888888889 ], [ 2.708888888888889, 49.510555555555555 ], [ 2.743888888888889, 49.63527777777778 ], [ 2.782777777777778, 49.674166666666665 ], [ 2.976388888888889, 49.6025 ], [ 3.105830555555555, 49.611941666666667 ], [ 3.236388888888889, 49.666666666666664 ], [ 3.351616666666667, 49.689041666666661 ], [ 3.413611111111111, 49.783333333333331 ], [ 3.631111111111111, 49.783333333333331 ], [ 3.660277777777778, 49.748333333333335 ], [ 3.765555555555556, 49.556111111111107 ], [ 3.8825, 49.256666666666668 ], [ 3.860833333333333, 49.241944444444442 ], [ 3.628333333333333, 49.211111111111116 ], [ 3.616855555555555, 49.20955277777778 ], [ 3.425380555555555, 49.183544444444443 ], [ 3.299722222222222, 49.166666666666664 ], [ 3.196941666666667, 49.1525 ], [ 2.885277777777778, 49.27 ], [ 2.529722222222222, 49.260555555555555 ] ] ] } },
{ "type": "Feature", "properties": { "fir": "LFFF", "identifier": "LFFF:BEAUVAIS EAST 2 WL:000-025", "name": "BEAUVAIS EAST 2 WL", "level_lower": 0, "level_upper": 25 }, "geometry": { "type": "Polygon", "coordinates": [ [ [ 2.529722222222222, 49.260555555555555 ], [ 2.516944444444444, 49.260833333333331 ], [ 2.524444444444444, 49.279444444444444 ], [ 2.602777777777778, 49.471388888888889 ], [ 2.708888888888889, 49.510555555555555 ], [ 2.743888888888889, 49.63527777777778 ], [ 2.782777777777778, 49.674166666666665 ], [ 2.976388888888889, 49.6025 ], [ 3.105830555555555, 49.611941666666667 ], [ 3.236388888888889, 49.666666666666664 ], [ 3.351616666666667, 49.689041666666661 ], [ 3.413611111111111, 49.783333333333331 ], [ 3.631111111111111, 49.783333333333331 ], [ 3.660277777777778, 49.748333333333335 ], [ 3.765555555555556, 49.556111111111107 ], [ 3.8825, 49.256666666666668 ], [ 3.860833333333333, 49.241944444444442 ], [ 3.628333333333333, 49.211111111111116 ], [ 3.616855555555555, 49.20955277777778 ], [ 3.425380555555555, 49.183544444444443 ], [ 3.299722222222222, 49.166666666666664 ], [ 3.196941666666667, 49.1525 ], [ 2.885277777777778, 49.27 ], [ 2.529722222222222, 49.260555555555555 ] ] ] } },
{ "type": "Feature", "properties": { "fir": "LFFF", "identifier": "LFFF:BEAUVAIS WEST 1 EL:025-035", "name": "BEAUVAIS WEST 1 EL", "level_lower": 25, "level_upper": 35 }, "geometry": { "type": "Polygon", "coordinates": [ [ [ 1.8525, 49.41 ], [ 1.723055555555556, 49.375277777777775 ], [ 1.613052777777778, 49.380277777777778 ], [ 1.641388888888889, 49.50277777777778 ], [ 1.550833333333333, 49.560555555555553 ], [ 1.519166666666667, 49.595555555555556 ], [ 1.527222222222222, 49.679166666666667 ], [ 1.576941666666667, 49.725555555555559 ], [ 1.590830555555556, 49.738611111111112 ], [ 1.716666666666667, 49.723888888888894 ], [ 1.778611111111111, 49.716666666666669 ], [ 1.974816666666667, 49.716666666666669 ], [ 2.065, 49.716666666666669 ], [ 2.375, 49.716666666666669 ], [ 2.501944444444444, 49.716666666666669 ], [ 2.668611111111111, 49.716666666666669 ], [ 2.782777777777778, 49.674166666666665 ], [ 2.743888888888889, 49.63527777777778 ], [ 2.708888888888889, 49.510555555555555 ], [ 2.602777777777778, 49.471388888888889 ], [ 2.307152777777778, 49.363944444444449 ], [ 2.190252777777777, 49.321391666666671 ], [ 2.165833333333333, 49.3125 ], [ 2.055833333333333, 49.32 ], [ 1.899166666666667, 49.389444444444443 ], [ 1.8525, 49.41 ] ] ] } },
{ "type": "Feature", "properties": { "fir": "LFFF", "identifier": "LFFF:BEAUVAIS WEST 1 EL:015-025", "name": "BEAUVAIS WEST 1 EL", "level_lower": 15, "level_upper": 25 }, "geometry": { "type": "Polygon", "coordinates": [ [ [ 2.782777777777778, 49.674166666666665 ], [ 2.743888888888889, 49.63527777777778 ], [ 2.708888888888889, 49.510555555555555 ], [ 2.602777777777778, 49.471388888888889 ], [ 2.524444444444444, 49.279444444444444 ], [ 2.516944444444444, 49.260833333333331 ], [ 2.477777777777778, 49.261666666666663 ], [ 2.241388888888889, 49.265555555555558 ], [ 2.1725, 49.268333333333331 ], [ 2.055833333333333, 49.32 ], [ 1.899166666666667, 49.389444444444443 ], [ 1.8525, 49.41 ], [ 1.723055555555556, 49.375277777777775 ], [ 1.613052777777778, 49.380277777777778 ], [ 1.641388888888889, 49.50277777777778 ], [ 1.550833333333333, 49.560555555555553 ], [ 1.519166666666667, 49.595555555555556 ], [ 1.527222222222222, 49.679166666666667 ], [ 1.576941666666667, 49.725555555555559 ], [ 1.590830555555556, 49.738611111111112 ], [ 1.716666666666667, 49.723888888888894 ], [ 1.778611111111111, 49.716666666666669 ], [ 1.974816666666667, 49.716666666666669 ], [ 2.065, 49.716666666666669 ], [ 2.375, 49.716666666666669 ], [ 2.501944444444444, 49.716666666666669 ], [ 2.668611111111111, 49.716666666666669 ], [ 2.782777777777778, 49.674166666666665 ] ] ] } },
{ "type": "Feature", "properties": { "fir": "LFFF", "identifier": "LFFF:BEAUVAIS WEST 1 EL:035-045", "name": "BEAUVAIS WEST 1 EL", "level_lower": 35, "level_upper": 45 }, "geometry": { "type": "Polygon", "coordinates": [ [ [ 1.613052777777778, 49.380277777777778 ], [ 1.641388888888889, 49.50277777777778 ], [ 1.550833333333333, 49.560555555555553 ], [ 1.519166666666667, 49.595555555555556 ], [ 1.527222222222222, 49.679166666666667 ], [ 1.576941666666667, 49.725555555555559 ], [ 1.590830555555556, 49.738611111111112 ], [ 1.716666666666667, 49.723888888888894 ], [ 1.778611111111111, 49.716666666666669 ], [ 1.974816666666667, 49.716666666666669 ], [ 2.065, 49.716666666666669 ], [ 2.375, 49.716666666666669 ], [ 2.501944444444444, 49.716666666666669 ], [ 2.668611111111111, 49.716666666666669 ], [ 2.782777777777778, 49.674166666666665 ], [ 2.743888888888889, 49.63527777777778 ], [ 2.708888888888889, 49.510555555555555 ], [ 2.602777777777778, 49.471388888888889 ], [ 2.307152777777778, 49.363944444444449 ], [ 2.190252777777777, 49.321391666666671 ], [ 2.165833333333333, 49.3125 ], [ 2.055833333333333, 49.32 ], [ 1.899166666666667, 49.389444444444443 ], [ 1.8525, 49.41 ], [ 1.723055555555556, 49.375277777777775 ], [ 1.613052777777778, 49.380277777777778 ] ] ] } },
{ "type": "Feature", "properties": { "fir": "LFFF", "identifier": "LFFF:BEAUVAIS WEST 1 EL:065-085", "name": "BEAUVAIS WEST 1 EL", "level_lower": 65, "level_upper": 85 }, "geometry": { "type": "Polygon", "coordinates": [ [ [ 1.641388888888889, 49.50277777777778 ], [ 1.550833333333333, 49.560555555555553 ], [ 1.519166666666667, 49.595555555555556 ], [ 1.527222222222222, 49.679166666666667 ], [ 1.576941666666667, 49.725555555555559 ], [ 1.590830555555556, 49.738611111111112 ], [ 1.716666666666667, 49.723888888888894 ], [ 1.778611111111111, 49.716666666666669 ], [ 1.974816666666667, 49.716666666666669 ], [ 2.065, 49.716666666666669 ], [ 2.375, 49.716666666666669 ], [ 2.501944444444444, 49.716666666666669 ], [ 2.668611111111111, 49.716666666666669 ], [ 2.782777777777778, 49.674166666666665 ], [ 2.743888888888889, 49.63527777777778 ], [ 2.708888888888889, 49.510555555555555 ], [ 2.602777777777778, 49.471388888888889 ], [ 2.498622222222222, 49.43355833333333 ], [ 2.333330555555555, 49.454111111111111 ], [ 1.905219444444444, 49.507297222222221 ], [ 1.663333333333333, 49.536944444444444 ], [ 1.641388888888889, 49.50277777777778 ] ] ] } },
{ "type": "Feature", "properties": { "fir": "LFFF", "identifier": "LFFF:BEAUVAIS WEST 1 EL:045-065", "name": "BEAUVAIS WEST 1 EL", "level_lower": 45, "level_upper": 65 }, "geometry": { "type": "Polygon", "coordinates": [ [ [ 1.613052777777778, 49.380277777777778 ], [ 1.641388888888889, 49.50277777777778 ], [ 1.550833333333333, 49.560555555555553 ], [ 1.519166666666667, 49.595555555555556 ], [ 1.527222222222222, 49.679166666666667 ], [ 1.576941666666667, 49.725555555555559 ], [ 1.590830555555556, 49.738611111111112 ], [ 1.716666666666667, 49.723888888888894 ], [ 1.778611111111111, 49.716666666666669 ], [ 1.974816666666667, 49.716666666666669 ], [ 2.065, 49.716666666666669 ], [ 2.375, 49.716666666666669 ], [ 2.501944444444444, 49.716666666666669 ], [ 2.668611111111111, 49.716666666666669 ], [ 2.782777777777778, 49.674166666666665 ], [ 2.743888888888889, 49.63527777777778 ], [ 2.708888888888889, 49.510555555555555 ], [ 2.602777777777778, 49.471388888888889 ], [ 2.498622222222222, 49.43355833333333 ], [ 2.307152777777778, 49.363944444444449 ], [ 2.243722222222222, 49.34086111111111 ], [ 1.941111111111111, 49.433888888888887 ], [ 1.915772222222222, 49.427902777777774 ], [ 1.8525, 49.41 ], [ 1.723055555555556, 49.375277777777775 ], [ 1.613052777777778, 49.380277777777778 ] ] ] } },
{ "type": "Feature", "properties": { "fir": "LFFF", "identifier": "LFFF:BEAUVAIS WEST 1 WL:015-025", "name": "BEAUVAIS WEST 1 WL", "level_lower": 15, "level_upper": 25 }, "geometry": { "type": "Polygon", "coordinates": [ [ [ 2.782777777777778, 49.674166666666665 ], [ 2.743888888888889, 49.63527777777778 ], [ 2.708888888888889, 49.510555555555555 ], [ 2.602777777777778, 49.471388888888889 ], [ 2.524444444444444, 49.279444444444444 ], [ 2.516944444444444, 49.260833333333331 ], [ 2.477777777777778, 49.261666666666663 ], [ 2.241388888888889, 49.265555555555558 ], [ 2.1725, 49.268333333333331 ], [ 2.055833333333333, 49.32 ], [ 1.899166666666667, 49.389444444444443 ], [ 1.8525, 49.41 ], [ 1.723055555555556, 49.375277777777775 ], [ 1.613052777777778, 49.380277777777778 ], [ 1.641388888888889, 49.50277777777778 ], [ 1.550833333333333, 49.560555555555553 ], [ 1.519166666666667, 49.595555555555556 ], [ 1.527222222222222, 49.679166666666667 ], [ 1.576941666666667, 49.725555555555559 ], [ 1.590830555555556, 49.738611111111112 ], [ 1.716666666666667, 49.723888888888894 ], [ 1.778611111111111, 49.716666666666669 ], [ 1.974816666666667, 49.716666666666669 ], [ 2.065, 49.716666666666669 ], [ 2.375, 49.716666666666669 ], [ 2.501944444444444, 49.716666666666669 ], [ 2.668611111111111, 49.716666666666669 ], [ 2.782777777777778, 49.674166666666665 ] ] ] } },
{ "type": "Feature", "properties": { "fir": "LFFF", "identifier": "LFFF:BEAUVAIS WEST 1 WL:025-035", "name": "BEAUVAIS WEST 1 WL", "level_lower": 25, "level_upper": 35 }, "geometry": { "type": "Polygon", "coordinates": [ [ [ 1.8525, 49.41 ], [ 1.723055555555556, 49.375277777777775 ], [ 1.613052777777778, 49.380277777777778 ], [ 1.641388888888889, 49.50277777777778 ], [ 1.550833333333333, 49.560555555555553 ], [ 1.519166666666667, 49.595555555555556 ], [ 1.527222222222222, 49.679166666666667 ], [ 1.576941666666667, 49.725555555555559 ], [ 1.590830555555556, 49.738611111111112 ], [ 1.716666666666667, 49.723888888888894 ], [ 1.778611111111111, 49.716666666666669 ], [ 1.974816666666667, 49.716666666666669 ], [ 2.065, 49.716666666666669 ], [ 2.375, 49.716666666666669 ], [ 2.501944444444444, 49.716666666666669 ], [ 2.668611111111111, 49.716666666666669 ], [ 2.782777777777778, 49.674166666666665 ], [ 2.743888888888889, 49.63527777777778 ], [ 2.708888888888889, 49.510555555555555 ], [ 2.602777777777778, 49.471388888888889 ], [ 2.307152777777778, 49.363944444444449 ], [ 2.190252777777777, 49.321391666666671 ], [ 2.165833333333333, 49.3125 ], [ 2.055833333333333, 49.32 ], [ 1.899166666666667, 49.389444444444443 ], [ 1.8525, 49.41 ] ] ] } },
{ "type": "Feature", "properties": { "fir": "LFFF", "identifier": "LFFF:BEAUVAIS WEST 1 WL:035-045", "name": "BEAUVAIS WEST 1 WL", "level_lower": 35, "level_upper": 45 }, "geometry": { "type": "Polygon", "coordinates": [ [ [ 1.613052777777778, 49.380277777777778 ], [ 1.641388888888889, 49.50277777777778 ], [ 1.550833333333333, 49.560555555555553 ], [ 1.519166666666667, 49.595555555555556 ], [ 1.527222222222222, 49.679166666666667 ], [ 1.576941666666667, 49.725555555555559 ], [ 1.590830555555556, 49.738611111111112 ], [ 1.716666666666667, 49.723888888888894 ], [ 1.778611111111111, 49.716666666666669 ], [ 1.974816666666667, 49.716666666666669 ], [ 2.065, 49.716666666666669 ], [ 2.375, 49.716666666666669 ], [ 2.501944444444444, 49.716666666666669 ], [ 2.668611111111111, 49.716666666666669 ], [ 2.782777777777778, 49.674166666666665 ], [ 2.743888888888889, 49.63527777777778 ], [ 2.708888888888889, 49.510555555555555 ], [ 2.602777777777778, 49.471388888888889 ], [ 2.307152777777778, 49.363944444444449 ], [ 2.190252777777777, 49.321391666666671 ], [ 2.165833333333333, 49.3125 ], [ 2.055833333333333, 49.32 ], [ 1.899166666666667, 49.389444444444443 ], [ 1.8525, 49.41 ], [ 1.723055555555556, 49.375277777777775 ], [ 1.613052777777778, 49.380277777777778 ] ] ] } },
{ "type": "Feature", "properties": { "fir": "LFFF", "identifier": "LFFF:BEAUVAIS WEST 1 WL:045-065", "name": "BEAUVAIS WEST 1 WL", "level_lower": 45, "level_upper": 65 }, "geometry": { "type": "Polygon", "coordinates": [ [ [ 1.613052777777778, 49.380277777777778 ], [ 1.641388888888889, 49.50277777777778 ], [ 1.550833333333333, 49.560555555555553 ], [ 1.519166666666667, 49.595555555555556 ], [ 1.527222222222222, 49.679166666666667 ], [ 1.576941666666667, 49.725555555555559 ], [ 1.590830555555556, 49.738611111111112 ], [ 1.716666666666667, 49.723888888888894 ], [ 1.778611111111111, 49.716666666666669 ], [ 1.974816666666667, 49.716666666666669 ], [ 2.065, 49.716666666666669 ], [ 2.375, 49.716666666666669 ], [ 2.501944444444444, 49.716666666666669 ], [ 2.668611111111111, 49.716666666666669 ], [ 2.782777777777778, 49.674166666666665 ], [ 2.743888888888889, 49.63527777777778 ], [ 2.708888888888889, 49.510555555555555 ], [ 2.602777777777778, 49.471388888888889 ], [ 2.498622222222222, 49.43355833333333 ], [ 2.307152777777778, 49.363944444444449 ], [ 2.243722222222222, 49.34086111111111 ], [ 1.941111111111111, 49.433888888888887 ], [ 1.915772222222222, 49.427902777777774 ], [ 1.8525, 49.41 ], [ 1.723055555555556, 49.375277777777775 ], [ 1.613052777777778, 49.380277777777778 ] ] ] } },
{ "type": "Feature", "properties": { "fir": "LFFF", "identifier": "LFFF:BEAUVAIS WEST 1 WL:065-085", "name": "BEAUVAIS WEST 1 WL", "level_lower": 65, "level_upper": 85 }, "geometry": { "type": "Polygon", "coordinates": [ [ [ 1.641388888888889, 49.50277777777778 ], [ 1.550833333333333, 49.560555555555553 ], [ 1.519166666666667, 49.595555555555556 ], [ 1.527222222222222, 49.679166666666667 ], [ 1.576941666666667, 49.725555555555559 ], [ 1.590830555555556, 49.738611111111112 ], [ 1.716666666666667, 49.723888888888894 ], [ 1.778611111111111, 49.716666666666669 ], [ 1.974816666666667, 49.716666666666669 ], [ 2.065, 49.716666666666669 ], [ 2.375, 49.716666666666669 ], [ 2.501944444444444, 49.716666666666669 ], [ 2.668611111111111, 49.716666666666669 ], [ 2.782777777777778, 49.674166666666665 ], [ 2.743888888888889, 49.63527777777778 ], [ 2.708888888888889, 49.510555555555555 ], [ 2.602777777777778, 49.471388888888889 ], [ 2.498622222222222, 49.43355833333333 ], [ 2.333330555555555, 49.454111111111111 ], [ 1.905219444444444, 49.507297222222221 ], [ 1.663333333333333, 49.536944444444444 ], [ 1.641388888888889, 49.50277777777778 ] ] ] } },
{ "type": "Feature", "properties": { "fir": "LFFF", "identifier": "LFFF:BEAUVAIS WEST 1-N EL:000-015", "name": "BEAUVAIS WEST 1-N EL", "level_lower": 0, "level_upper": 15 }, "geometry": { "type": "Polygon", "coordinates": [ [ [ 1.8525, 49.41 ], [ 1.723055555555556, 49.375277777777775 ], [ 1.613052777777778, 49.380277777777778 ], [ 1.641388888888889, 49.50277777777778 ], [ 1.550833333333333, 49.560555555555553 ], [ 1.519166666666667, 49.595555555555556 ], [ 1.527222222222222, 49.679166666666667 ], [ 1.576941666666667, 49.725555555555559 ], [ 1.590830555555556, 49.738611111111112 ], [ 1.716666666666667, 49.723888888888894 ], [ 1.778611111111111, 49.716666666666669 ], [ 1.974816666666667, 49.716666666666669 ], [ 2.065, 49.716666666666669 ], [ 2.375, 49.716666666666669 ], [ 2.501944444444444, 49.716666666666669 ], [ 2.668611111111111, 49.716666666666669 ], [ 2.782777777777778, 49.674166666666665 ], [ 2.743888888888889, 49.63527777777778 ], [ 2.708888888888889, 49.510555555555555 ], [ 2.602777777777778, 49.471388888888889 ], [ 2.524444444444444, 49.279444444444444 ], [ 2.516944444444444, 49.260833333333331 ], [ 2.477777777777778, 49.261666666666663 ], [ 2.241388888888889, 49.265555555555558 ], [ 2.1725, 49.268333333333331 ], [ 2.055833333333333, 49.32 ], [ 2.142222222222222, 49.32277777777778 ], [ 2.149638888888889, 49.321936111111114 ], [ 2.175277777777778, 49.320625 ], [ 2.190252777777777, 49.321391666666671 ], [ 2.200913888888889, 49.321936111111114 ], [ 2.225919444444445, 49.325833333333335 ], [ 2.249680555555555, 49.332219444444448 ], [ 2.271608333333333, 49.340944444444446 ], [ 2.291163888888889, 49.35178888888889 ], [ 2.307152777777778, 49.363944444444449 ], [ 2.321302777777777, 49.37873611111111 ], [ 2.331144444444444, 49.394177777777777 ], [ 2.337147222222222, 49.41043333333333 ], [ 2.339163888888889, 49.427105555555556 ], [ 2.337147222222222, 49.443783333333329 ], [ 2.331144444444444, 49.460055555555556 ], [ 2.321302777777777, 49.475522222222224 ], [ 2.307863888888888, 49.4898 ], [ 2.291163888888889, 49.502536111111112 ], [ 2.271608333333333, 49.513416666666664 ], [ 2.266111111111111, 49.515833333333333 ], [ 2.1525, 49.565277777777773 ], [ 2.136422222222222, 49.571341666666669 ], [ 2.112638888888889, 49.577755555555562 ], [ 2.087605555555556, 49.581666666666671 ], [ 2.061944444444444, 49.582983333333338 ], [ 2.036280555555555, 49.581666666666671 ], [ 2.011247222222222, 49.577755555555562 ], [ 1.987463888888889, 49.571341666666669 ], [ 1.965516666666667, 49.562583333333329 ], [ 1.945941666666667, 49.551702777777777 ], [ 1.929222222222222, 49.538966666666667 ], [ 1.915772222222222, 49.524688888888889 ], [ 1.905919444444444, 49.50922222222222 ], [ 1.899911111111111, 49.49295 ], [ 1.899694444444444, 49.491119444444443 ], [ 1.897891666666667, 49.476272222222221 ], [ 1.899911111111111, 49.4596 ], [ 1.905919444444444, 49.443344444444442 ], [ 1.915772222222222, 49.427902777777774 ], [ 1.925277777777778, 49.418055555555554 ], [ 1.899166666666667, 49.389444444444443 ], [ 1.8525, 49.41 ] ] ] } },
{ "type": "Feature", "properties": { "fir": "LFFF", "identifier": "LFFF:BEAUVAIS WEST 1-N WL:000-015", "name": "BEAUVAIS WEST 1-N WL", "level_lower": 0, "level_upper": 15 }, "geometry": { "type": "Polygon", "coordinates": [ [ [ 1.8525, 49.41 ], [ 1.723055555555556, 49.375277777777775 ], [ 1.613052777777778, 49.380277777777778 ], [ 1.641388888888889, 49.50277777777778 ], [ 1.550833333333333, 49.560555555555553 ], [ 1.519166666666667, 49.595555555555556 ], [ 1.527222222222222, 49.679166666666667 ], [ 1.576941666666667, 49.725555555555559 ], [ 1.590830555555556, 49.738611111111112 ], [ 1.716666666666667, 49.723888888888894 ], [ 1.778611111111111, 49.716666666666669 ], [ 1.974816666666667, 49.716666666666669 ], [ 2.065, 49.716666666666669 ], [ 2.375, 49.716666666666669 ], [ 2.501944444444444, 49.716666666666669 ], [ 2.668611111111111, 49.716666666666669 ], [ 2.782777777777778, 49.674166666666665 ], [ 2.743888888888889, 49.63527777777778 ], [ 2.708888888888889, 49.510555555555555 ], [ 2.602777777777778, 49.471388888888889 ], [ 2.524444444444444, 49.279444444444444 ], [ 2.516944444444444, 49.260833333333331 ], [ 2.477777777777778, 49.261666666666663 ], [ 2.241388888888889, 49.265555555555558 ], [ 2.1725, 49.268333333333331 ], [ 2.055833333333333, 49.32 ], [ 2.142222222222222, 49.32277777777778 ], [ 2.149638888888889, 49.321936111111114 ], [ 2.175277777777778, 49.320625 ], [ 2.190252777777777, 49.321391666666671 ], [ 2.200913888888889, 49.321936111111114 ], [ 2.225919444444445, 49.325833333333335 ], [ 2.249680555555555, 49.332219444444448 ], [ 2.271608333333333, 49.340944444444446 ], [ 2.291163888888889, 49.35178888888889 ], [ 2.307152777777778, 49.363944444444449 ], [ 2.321302777777777, 49.37873611111111 ], [ 2.331144444444444, 49.394177777777777 ], [ 2.337147222222222, 49.41043333333333 ], [ 2.339163888888889, 49.427105555555556 ], [ 2.337147222222222, 49.443783333333329 ], [ 2.331144444444444, 49.460055555555556 ], [ 2.321302777777777, 49.475522222222224 ], [ 2.307863888888888, 49.4898 ], [ 2.291163888888889, 49.502536111111112 ], [ 2.271608333333333, 49.513416666666664 ], [ 2.266111111111111, 49.515833333333333 ], [ 2.1525, 49.565277777777773 ], [ 2.136422222222222, 49.571341666666669 ], [ 2.112638888888889, 49.577755555555562 ], [ 2.087605555555556, 49.581666666666671 ], [ 2.061944444444444, 49.582983333333338 ], [ 2.036280555555555, 49.581666666666671 ], [ 2.011247222222222, 49.577755555555562 ], [ 1.987463888888889, 49.571341666666669 ], [ 1.965516666666667, 49.562583333333329 ], [ 1.945941666666667, 49.551702777777777 ], [ 1.929222222222222, 49.538966666666667 ], [ 1.915772222222222, 49.524688888888889 ], [ 1.905919444444444, 49.50922222222222 ], [ 1.899911111111111, 49.49295 ], [ 1.899694444444444, 49.491119444444443 ], [ 1.897891666666667, 49.476272222222221 ], [ 1.899911111111111, 49.4596 ], [ 1.905919444444444, 49.443344444444442 ], [ 1.915772222222222, 49.427902777777774 ], [ 1.925277777777778, 49.418055555555554 ], [ 1.899166666666667, 49.389444444444443 ], [ 1.8525, 49.41 ] ] ] } },
{ "type": "Feature", "properties": { "fir": "LFFF", "identifier": "LFFF:DG1 UAC:195-265", "name": "DG1 UAC", "level_lower": 195, "level_upper": 265 }, "geometry": { "type": "Polygon", "coordinates": [ [ [ 1.875277777777778, 48.5025 ], [ 1.866666666666667, 48.583333333333336 ], [ 1.821111111111111, 48.638055555555553 ], [ 1.7425, 48.732222222222227 ], [ 1.7, 48.783333333333331 ], [ 2.0, 49.0 ], [ 2.541666666666667, 49.0 ], [ 3.016663888888889, 48.583333333333336 ], [ 2.920277777777778, 48.5025 ], [ 2.792777777777778, 48.395277777777778 ], [ 2.053888888888889, 48.5025 ], [ 1.875277777777778, 48.5025 ] ] ] } },
{ "type": "Feature", "properties": { "fir": "LFFF", "identifier": "LFFF:DG2 UAC:195-265", "name": "DG2 UAC", "level_lower": 195, "level_upper": 265 }, "geometry": { "type": "Polygon", "coordinates": [ [ [ 2.831666666666667, 47.734166666666667 ], [ 2.704166666666667, 47.719444444444449 ], [ 2.055830555555555, 47.719444444444449 ], [ 1.690555555555556, 47.831666666666671 ], [ 1.715277777777778, 47.953611111111115 ], [ 1.782222222222222, 48.133333333333333 ], [ 1.839858333333333, 48.215475 ], [ 1.897222222222222, 48.297222222222217 ], [ 1.875277777777778, 48.5025 ], [ 2.053888888888889, 48.5025 ], [ 2.792777777777778, 48.395277777777778 ], [ 2.918611111111111, 48.283333333333331 ], [ 3.235277777777778, 47.998888888888892 ], [ 3.362777777777778, 47.795277777777777 ], [ 2.831666666666667, 47.734166666666667 ] ] ] } },
{ "type": "Feature", "properties": { "fir": "LFFF", "identifier": "LFFF:DO1 UAC:115-195", "name": "DO1 UAC", "level_lower": 115, "level_upper": 195 }, "geometry": { "type": "Polygon", "coordinates": [ [ [ 3.048611111111111, 48.107777777777777 ], [ 3.053888888888889, 48.101388888888891 ], [ 3.164722222222222, 48.0 ], [ 3.250991666666667, 47.92075 ], [ 3.362777777777778, 47.795277777777777 ], [ 2.831666666666667, 47.734166666666667 ], [ 2.704166666666667, 47.719444444444449 ], [ 2.055830555555555, 47.719444444444449 ], [ 1.690555555555556, 47.831666666666671 ], [ 1.715277777777778, 47.953611111111115 ], [ 1.750833333333333, 48.059166666666663 ], [ 1.768333333333333, 48.110277777777782 ], [ 1.793713888888889, 48.15 ], [ 1.897222222222222, 48.297222222222217 ], [ 2.906666666666667, 48.273611111111109 ], [ 3.048611111111111, 48.107777777777777 ] ] ] } },
{ "type": "Feature", "properties": { "fir": "LFFF", "identifier": "LFFF:DO2 UAC:195-265", "name": "DO2 UAC", "level_lower": 195, "level_upper": 265 }, "geometry": { "type": "Polygon", "coordinates": [ [ [ 1.690555555555556, 47.831666666666671 ], [ 2.055830555555555, 47.719444444444449 ], [ 2.704166666666667, 47.719444444444449 ], [ 2.831666666666667, 47.734166666666667 ], [ 3.362777777777778, 47.795277777777777 ], [ 3.528611111111111, 47.5275 ], [ 3.548055555555556, 47.49666666666667 ], [ 3.065, 47.313888888888883 ], [ 2.434166666666667, 47.178888888888885 ], [ 1.814166666666667, 46.881666666666668 ], [ 1.466666666666667, 47.166663888888884 ], [ 1.633611111111111, 47.550277777777772 ], [ 1.676666666666667, 47.762777777777778 ], [ 1.690555555555556, 47.831666666666671 ] ] ] } },
{ "type": "Feature", "properties": { "fir": "LFFF", "identifier": "LFFF:DO3 UAC:085-125", "name": "DO3 UAC", "level_lower": 85, "level_upper": 125 }, "geometry": { "type": "Polygon", "coordinates": [ [ [ 1.897222222222222, 48.297222222222217 ], [ 1.875277777777778, 48.5025 ], [ 2.053888888888889, 48.5025 ], [ 2.920277777777778, 48.5025 ], [ 2.792777777777778, 48.395277777777778 ], [ 2.906666666666667, 48.273611111111109 ], [ 1.897222222222222, 48.297222222222217 ] ] ] } },
{ "type": "Feature", "properties": { "fir": "LFFF", "identifier": "LFFF:DS UAC:115-175", "name": "DS UAC", "level_lower": 115, "level_upper": 175 }, "geometry": { "type": "Polygon", "coordinates": [ [ [ 3.048611111111111, 48.107777777777777 ], [ 3.053888888888889, 48.101388888888891 ], [ 3.164722222222222, 48.0 ], [ 3.250991666666667, 47.92075 ], [ 3.362777777777778, 47.795277777777777 ], [ 2.831666666666667, 47.734166666666667 ], [ 2.704166666666667, 47.719444444444449 ], [ 2.055830555555555, 47.719444444444449 ], [ 1.690555555555556, 47.831666666666671 ], [ 1.715277777777778, 47.953611111111115 ], [ 1.750833333333333, 48.059166666666663 ], [ 1.768333333333333, 48.110277777777782 ], [ 1.793713888888889, 48.15 ], [ 1.897222222222222, 48.297222222222217 ], [ 2.906666666666667, 48.273611111111109 ], [ 3.048611111111111, 48.107777777777777 ] ] ] } },
{ "type": "Feature", "properties": { "fir": "LFFF", "identifier": "LFFF:EGA CDG-N:025-035", "name": "EGA CDG-N", "level_lower": 25, "level_upper": 35 }, "geometry": { "type": "Polygon", "coordinates": [ [ [ 3.509919444444444, 49.065972222222221 ], [ 3.211205555555556, 49.048844444444441 ], [ 3.151463888888889, 49.045419444444441 ], [ 2.984411111111111, 49.03583888888889 ], [ 2.802163888888889, 49.02538333333333 ], [ 2.584497222222222, 49.012672222222221 ], [ 2.579825, 49.012425 ], [ 2.572502777777777, 49.012036111111108 ], [ 2.557855555555555, 49.011244444444444 ], [ 2.552530555555555, 49.010925 ], [ 2.549783333333333, 49.010655555555559 ], [ 2.530419444444445, 49.009477777777775 ], [ 2.508072222222222, 49.007991666666669 ], [ 2.493088888888889, 49.007197222222224 ], [ 2.181236111111111, 48.993047222222224 ], [ 2.000444444444444, 48.984897222222223 ], [ 1.752655555555556, 48.973433333333332 ], [ 1.5574, 48.964397222222225 ], [ 1.436347222222222, 48.95879444444445 ], [ 1.495277777777778, 49.101111111111109 ], [ 1.488611111111111, 49.138611111111111 ], [ 1.468055555555556, 49.2525 ], [ 1.573055555555556, 49.304719444444444 ], [ 1.613052777777778, 49.380277777777778 ], [ 1.723055555555556, 49.375277777777775 ], [ 1.8525, 49.41 ], [ 1.899166666666667, 49.389444444444443 ], [ 2.055833333333333, 49.32 ], [ 2.165833333333333, 49.3125 ], [ 2.190252777777777, 49.321391666666671 ], [ 2.307152777777778, 49.363944444444449 ], [ 2.602777777777778, 49.471388888888889 ], [ 2.708888888888889, 49.510555555555555 ], [ 3.157777777777778, 49.4375 ], [ 3.164719444444444, 49.383330555555553 ], [ 3.196941666666667, 49.1525 ], [ 3.299722222222222, 49.166666666666664 ], [ 3.425380555555555, 49.183544444444443 ], [ 3.616855555555555, 49.20955277777778 ], [ 3.628333333333333, 49.211111111111116 ], [ 3.621427777777778, 49.202630555555558 ], [ 3.509919444444444, 49.065972222222221 ] ] ] } },
{ "type": "Feature", "properties": { "fir": "LFFF", "identifier": "LFFF:EGA CDG-N:035-045", "name": "EGA CDG-N", "level_lower": 35, "level_upper": 45 }, "geometry": { "type": "Polygon", "coordinates": [ [ [ 1.436347222222222, 48.95879444444445 ], [ 1.495277777777778, 49.101111111111109 ], [ 1.488611111111111, 49.138611111111111 ], [ 1.468055555555556, 49.2525 ], [ 1.573055555555556, 49.304719444444444 ], [ 1.613052777777778, 49.380277777777778 ], [ 1.723055555555556, 49.375277777777775 ], [ 1.8525, 49.41 ], [ 1.899166666666667, 49.389444444444443 ], [ 2.055833333333333, 49.32 ], [ 2.165833333333333, 49.3125 ], [ 2.190252777777777, 49.321391666666671 ], [ 2.307152777777778, 49.363944444444449 ], [ 2.602777777777778, 49.471388888888889 ], [ 2.708888888888889, 49.510555555555555 ], [ 3.157777777777778, 49.4375 ], [ 3.164719444444444, 49.383330555555553 ], [ 3.374166666666667, 49.31558888888889 ], [ 3.425380555555555, 49.183544444444443 ], [ 3.616855555555555, 49.20955277777778 ], [ 3.628333333333333, 49.211111111111116 ], [ 3.621427777777778, 49.202630555555558 ], [ 3.509919444444444, 49.065972222222221 ], [ 3.471586111111111, 49.063775 ], [ 3.211205555555556, 49.048844444444441 ], [ 3.151463888888889, 49.045419444444441 ], [ 2.984411111111111, 49.03583888888889 ], [ 2.802163888888889, 49.02538333333333 ], [ 2.584497222222222, 49.012672222222221 ], [ 2.579825, 49.012425 ], [ 2.572502777777777, 49.012036111111108 ], [ 2.557855555555555, 49.011244444444444 ], [ 2.552530555555555, 49.010925 ], [ 2.549783333333333, 49.010655555555559 ], [ 2.530419444444445, 49.009477777777775 ], [ 2.508072222222222, 49.007991666666669 ], [ 2.493088888888889, 49.007197222222224 ], [ 2.181236111111111, 48.993047222222224 ], [ 2.000444444444444, 48.984897222222223 ], [ 1.5574, 48.964397222222225 ], [ 1.436347222222222, 48.95879444444445 ] ] ] } },
{ "type": "Feature", "properties": { "fir": "LFFF", "identifier": "LFFF:EGA CDG-N:045-065", "name": "EGA CDG-N", "level_lower": 45, "level_upper": 65 }, "geometry": { "type": "Polygon", "coordinates": [ [ [ 1.436347222222222, 48.95879444444445 ], [ 1.495277777777778, 49.101111111111109 ], [ 1.488611111111111, 49.138611111111111 ], [ 1.468055555555556, 49.2525 ], [ 1.573055555555556, 49.304719444444444 ], [ 1.613052777777778, 49.380277777777778 ], [ 1.723055555555556, 49.375277777777775 ], [ 1.8525, 49.41 ], [ 1.915772222222222, 49.427902777777774 ], [ 1.941111111111111, 49.433888888888887 ], [ 2.243722222222222, 49.34086111111111 ], [ 2.307152777777778, 49.363944444444449 ], [ 2.498622222222222, 49.43355833333333 ], [ 2.602777777777778, 49.471388888888889 ], [ 2.708888888888889, 49.510555555555555 ], [ 3.157777777777778, 49.4375 ], [ 3.314719444444444, 49.468611111111116 ], [ 3.461666666666667, 49.445 ], [ 3.616855555555555, 49.20955277777778 ], [ 3.621427777777778, 49.202630555555558 ], [ 3.662219444444444, 49.140555555555558 ], [ 3.661666666666667, 49.105830555555556 ], [ 3.66135, 49.081227777777784 ], [ 3.661266666666667, 49.074644444444445 ], [ 3.509919444444444, 49.065972222222221 ], [ 3.471586111111111, 49.063775 ], [ 3.211205555555556, 49.048844444444441 ], [ 3.151463888888889, 49.045419444444441 ], [ 2.984411111111111, 49.03583888888889 ], [ 2.802163888888889, 49.02538333333333 ], [ 2.584497222222222, 49.012672222222221 ], [ 2.579825, 49.012425 ], [ 2.572502777777777, 49.012036111111108 ], [ 2.557855555555555, 49.011244444444444 ], [ 2.552530555555555, 49.010925 ], [ 2.549783333333333, 49.010655555555559 ], [ 2.530419444444445, 49.009477777777775 ], [ 2.508072222222222, 49.007991666666669 ], [ 2.493088888888889, 49.007197222222224 ], [ 2.181236111111111, 48.993047222222224 ], [ 2.000444444444444, 48.984897222222223 ], [ 1.752655555555556, 48.973433333333332 ], [ 1.5574, 48.964397222222225 ], [ 1.436347222222222, 48.95879444444445 ] ] ] } },
{ "type": "Feature", "properties": { "fir": "LFFF", "identifier": "LFFF:EGA CDG-N:065-085", "name": "EGA CDG-N", "level_lower": 65, "level_upper": 85 }, "geometry": { "type": "Polygon", "coordinates": [ [ [ 2.782777777777778, 49.674166666666665 ], [ 2.976388888888889, 49.6025 ], [ 3.105830555555555, 49.611941666666667 ], [ 3.236388888888889, 49.666666666666664 ], [ 3.351616666666667, 49.689041666666661 ], [ 3.484722222222222, 49.714722222222228 ], [ 3.660277777777778, 49.748333333333335 ], [ 3.765555555555556, 49.556111111111107 ], [ 3.8825, 49.256666666666668 ], [ 3.860833333333333, 49.241944444444442 ], [ 3.738888888888889, 49.158333333333331 ], [ 3.661666666666667, 49.105830555555556 ], [ 3.66135, 49.081227777777784 ], [ 3.661266666666667, 49.074644444444445 ], [ 3.509919444444444, 49.065972222222221 ], [ 3.471586111111111, 49.063775 ], [ 3.211205555555556, 49.048844444444441 ], [ 3.151463888888889, 49.045419444444441 ], [ 2.984411111111111, 49.03583888888889 ], [ 2.802163888888889, 49.02538333333333 ], [ 2.584497222222222, 49.012672222222221 ], [ 2.579825, 49.012425 ], [ 2.572502777777777, 49.012036111111108 ], [ 2.557855555555555, 49.011244444444444 ], [ 2.552530555555555, 49.010925 ], [ 2.549783333333333, 49.010655555555559 ], [ 2.530419444444445, 49.009477777777775 ], [ 2.508072222222222, 49.007991666666669 ], [ 2.493088888888889, 49.007197222222224 ], [ 2.181236111111111, 48.993047222222224 ], [ 2.000444444444444, 48.984897222222223 ], [ 1.752655555555556, 48.973433333333332 ], [ 1.5574, 48.964397222222225 ], [ 1.436347222222222, 48.95879444444445 ], [ 1.495277777777778, 49.101111111111109 ], [ 1.488466666666667, 49.138619444444444 ], [ 1.468055555555556, 49.2525 ], [ 1.570552777777778, 49.3 ], [ 1.613052777777778, 49.380277777777778 ], [ 1.606386111111111, 49.455555555555556 ], [ 1.641388888888889, 49.50277777777778 ], [ 1.663333333333333, 49.536944444444444 ], [ 1.905219444444444, 49.507297222222221 ], [ 2.333330555555555, 49.454111111111111 ], [ 2.498622222222222, 49.43355833333333 ], [ 2.602777777777778, 49.471388888888889 ], [ 2.708888888888889, 49.510555555555555 ], [ 2.743888888888889, 49.63527777777778 ], [ 2.782777777777778, 49.674166666666665 ] ] ] } },
{ "type": "Feature", "properties": { "fir": "LFFF", "identifier": "LFFF:EGA CDG-N:085-115", "name": "EGA CDG-N", "level_lower": 85, "level_upper": 115 }, "geometry": { "type": "Polygon", "coordinates": [ [ [ 1.436347222222222, 48.95879444444445 ], [ 1.495277777777778, 49.101111111111109 ], [ 1.488611111111111, 49.138611111111111 ], [ 1.468055555555556, 49.2525 ], [ 1.573055555555556, 49.304719444444444 ], [ 1.613055555555556, 49.380277777777778 ], [ 1.641388888888889, 49.50277777777778 ], [ 1.723486111111111, 49.630855555555556 ], [ 1.576941666666667, 49.725555555555559 ], [ 1.590830555555556, 49.738611111111112 ], [ 1.716666666666667, 49.723888888888894 ], [ 1.778611111111111, 49.716666666666669 ], [ 1.974816666666667, 49.716666666666669 ], [ 2.065, 49.716666666666669 ], [ 2.375, 49.716666666666669 ], [ 2.501944444444444, 49.716666666666669 ], [ 2.668611111111111, 49.716666666666669 ], [ 2.782777777777778, 49.674166666666665 ], [ 2.976388888888889, 49.6025 ], [ 3.105830555555555, 49.611941666666667 ], [ 3.236388888888889, 49.666666666666664 ], [ 3.351616666666667, 49.689041666666661 ], [ 3.484722222222222, 49.714722222222228 ], [ 3.632222222222222, 49.45 ], [ 3.683055555555555, 49.268611111111113 ], [ 3.739444444444445, 49.198888888888888 ], [ 3.738888888888889, 49.158333333333331 ], [ 3.661666666666667, 49.105830555555556 ], [ 3.66135, 49.081227777777784 ], [ 3.661266666666667, 49.074644444444445 ], [ 3.509919444444444, 49.065972222222221 ], [ 3.471586111111111, 49.063775 ], [ 3.211205555555556, 49.048844444444441 ], [ 3.151463888888889, 49.045419444444441 ], [ 2.984411111111111, 49.03583888888889 ], [ 2.802163888888889, 49.02538333333333 ], [ 2.584497222222222, 49.012672222222221 ], [ 2.579825, 49.012425 ], [ 2.572502777777777, 49.012036111111108 ], [ 2.557855555555555, 49.011244444444444 ], [ 2.552530555555555, 49.010925 ], [ 2.549783333333333, 49.010655555555559 ], [ 2.530419444444445, 49.009477777777775 ], [ 2.508072222222222, 49.007991666666669 ], [ 2.493088888888889, 49.007197222222224 ], [ 2.181236111111111, 48.993047222222224 ], [ 2.000444444444444, 48.984897222222223 ], [ 1.752655555555556, 48.973433333333332 ], [ 1.5574, 48.964397222222225 ], [ 1.436347222222222, 48.95879444444445 ] ] ] } },
{ "type": "Feature", "properties": { "fir": "LFFF", "identifier": "LFFF:EGA CDG-N:115-195", "name": "EGA CDG-N", "level_lower": 115, "level_upper": 195 }, "geometry": { "type": "Polygon", "coordinates": [ [ [ 3.236388888888889, 49.666666666666664 ], [ 3.351625, 49.689044444444441 ], [ 3.484722222222222, 49.714722222222228 ], [ 3.632222222222222, 49.45 ], [ 3.683055555555555, 49.268611111111113 ], [ 3.739444444444445, 49.198888888888888 ], [ 3.738888888888889, 49.158333333333331 ], [ 3.661666666666667, 49.105830555555556 ], [ 3.66135, 49.081227777777784 ], [ 3.661266666666667, 49.074644444444445 ], [ 3.509919444444444, 49.065972222222221 ], [ 3.471586111111111, 49.063775 ], [ 3.211205555555556, 49.048844444444441 ], [ 3.151463888888889, 49.045419444444441 ], [ 2.984411111111111, 49.03583888888889 ], [ 2.802163888888889, 49.02538333333333 ], [ 2.584497222222222, 49.012672222222221 ], [ 2.579825, 49.012425 ], [ 2.572502777777777, 49.012036111111108 ], [ 2.557855555555555, 49.011244444444444 ], [ 2.552530555555555, 49.010925 ], [ 2.549783333333333, 49.010655555555559 ], [ 2.530419444444445, 49.009477777777775 ], [ 2.508072222222222, 49.007991666666669 ], [ 2.493088888888889, 49.007197222222224 ], [ 2.181236111111111, 48.993047222222224 ], [ 2.000444444444444, 48.984897222222223 ], [ 1.752655555555556, 48.973433333333332 ], [ 1.5574, 48.964397222222225 ], [ 1.436347222222222, 48.95879444444445 ], [ 1.495277777777778, 49.101111111111109 ], [ 1.488466666666667, 49.138619444444444 ], [ 1.468055555555556, 49.2525 ], [ 1.570552777777778, 49.3 ], [ 1.613052777777778, 49.380277777777778 ], [ 1.606386111111111, 49.455555555555556 ], [ 1.641388888888889, 49.50277777777778 ], [ 1.663497222222222, 49.537302777777775 ], [ 1.905219444444444, 49.507297222222221 ], [ 1.975547222222222, 49.49903888888889 ], [ 2.258938888888889, 49.463355555555559 ], [ 2.333330555555555, 49.454111111111111 ], [ 2.498622222222222, 49.43355833333333 ], [ 2.602777777777778, 49.471388888888889 ], [ 2.645344444444444, 49.487119444444446 ], [ 2.708888888888889, 49.510555555555555 ], [ 2.743888888888889, 49.63527777777778 ], [ 2.782777777777778, 49.674166666666665 ], [ 2.976388888888889, 49.6025 ], [ 3.105830555555555, 49.611941666666667 ], [ 3.236388888888889, 49.666666666666664 ] ] ] } },
{ "type": "Feature", "properties": { "fir": "LFFF", "identifier": "LFFF:EGA CDG-NE:000-020", "name": "EGA CDG-NE", "level_lower": 0, "level_upper": 20 }, "geometry": { "type": "Polygon", "coordinates": [ [ [ 2.000444444444444, 48.984897222222223 ], [ 2.000555555555556, 48.990277777777777 ], [ 2.197222222222222, 49.121111111111112 ], [ 2.314472222222222, 49.140822222222219 ], [ 2.271111111111111, 49.2075 ], [ 2.465, 49.20333055555556 ], [ 2.494444444444444, 49.234166666666667 ], [ 2.492222222222222, 49.235063888888888 ], [ 2.487655555555556, 49.237608333333334 ], [ 2.483752777777778, 49.240588888888887 ], [ 2.480616666666667, 49.243930555555558 ], [ 2.478316666666667, 49.24755 ], [ 2.476913888888889, 49.251361111111109 ], [ 2.476444444444445, 49.255269444444444 ], [ 2.476913888888889, 49.259177777777779 ], [ 2.477777777777778, 49.261666666666663 ], [ 2.516944444444444, 49.260833333333331 ], [ 2.529722222222222, 49.260555555555555 ], [ 2.885277777777778, 49.27 ], [ 3.196941666666667, 49.1525 ], [ 3.299722222222222, 49.166666666666664 ], [ 3.425380555555555, 49.183544444444443 ], [ 3.616855555555555, 49.20955277777778 ], [ 3.628333333333333, 49.211111111111116 ], [ 3.621427777777778, 49.202630555555558 ], [ 3.509919444444444, 49.065972222222221 ], [ 3.4716, 49.063775 ], [ 3.211211111111111, 49.048844444444441 ], [ 3.151463888888889, 49.045419444444441 ], [ 2.984472222222222, 49.035841666666663 ], [ 2.802163888888889, 49.02538333333333 ], [ 2.710136111111111, 49.099202777777784 ], [ 2.696666666666667, 49.11 ], [ 2.480758333333334, 49.106375 ], [ 2.465, 49.106111111111112 ], [ 2.321111111111111, 49.103611111111114 ], [ 2.181236111111111, 48.993047222222224 ], [ 2.000444444444444, 48.984897222222223 ] ] ] } },
{ "type": "Feature", "properties": { "fir": "LFFF", "identifier": "LFFF:EGA CDG-NE:020-025", "name": "EGA CDG-NE", "level_lower": 20, "level_upper": 25 }, "geometry": { "type": "Polygon", "coordinates": [ [ [ 2.000444444444444, 48.984897222222223 ], [ 2.000555555555556, 48.990277777777777 ], [ 2.197222222222222, 49.121111111111112 ], [ 2.314472222222222, 49.140822222222219 ], [ 2.271111111111111, 49.2075 ], [ 2.465, 49.20333055555556 ], [ 2.494444444444444, 49.234166666666667 ], [ 2.492222222222222, 49.235063888888888 ], [ 2.487655555555556, 49.237608333333334 ], [ 2.483752777777778, 49.240588888888887 ], [ 2.480616666666667, 49.243930555555558 ], [ 2.478316666666667, 49.24755 ], [ 2.476913888888889, 49.251361111111109 ], [ 2.476444444444445, 49.255269444444444 ], [ 2.476913888888889, 49.259177777777779 ], [ 2.477777777777778, 49.261666666666663 ], [ 2.516944444444444, 49.260833333333331 ], [ 2.529722222222222, 49.260555555555555 ], [ 2.885277777777778, 49.27 ], [ 3.196941666666667, 49.1525 ], [ 3.299722222222222, 49.166666666666664 ], [ 3.425380555555555, 49.183544444444443 ], [ 3.616855555555555, 49.20955277777778 ], [ 3.628333333333333, 49.211111111111116 ], [ 3.621427777777778, 49.202630555555558 ], [ 3.509919444444444, 49.065972222222221 ], [ 3.4716, 49.063775 ], [ 3.211211111111111, 49.048844444444441 ], [ 3.151463888888889, 49.045419444444441 ], [ 2.984411111111111, 49.03583888888889 ], [ 2.802163888888889, 49.02538333333333 ], [ 2.584497222222222, 49.012672222222221 ], [ 2.579825, 49.012425 ], [ 2.572502777777777, 49.012036111111108 ], [ 2.557855555555555, 49.011244444444444 ], [ 2.552530555555555, 49.010925 ], [ 2.549783333333333, 49.010655555555559 ], [ 2.530419444444445, 49.009477777777775 ], [ 2.508072222222222, 49.007991666666669 ], [ 2.493088888888889, 49.007197222222224 ], [ 2.181236111111111, 48.993047222222224 ], [ 2.000444444444444, 48.984897222222223 ] ] ] } },
{ "type": "Feature", "properties": { "fir": "LFFF", "identifier": "LFFF:EGA CDG-S:115-195", "name": "EGA CDG-S", "level_lower": 115, "level_upper": 195 }, "geometry": { "type": "Polygon", "coordinates": [ [ [ 3.385575, 48.400038888888886 ], [ 3.28255, 48.470144444444443 ], [ 3.22235, 48.624452777777776 ], [ 3.212547222222222, 48.669852777777777 ], [ 3.138527777777778, 48.7375 ], [ 3.048077777777777, 48.818769444444449 ], [ 2.978233333333333, 48.855833333333337 ], [ 2.948697222222223, 48.85595 ], [ 2.848, 48.856388888888887 ], [ 2.557705555555555, 48.852833333333336 ], [ 2.499272222222222, 48.852141666666668 ], [ 2.415275, 48.850833333333334 ], [ 2.412497222222222, 48.836944444444448 ], [ 2.411108333333333, 48.835 ], [ 2.404719444444444, 48.831944444444446 ], [ 2.399719444444445, 48.828611111111115 ], [ 2.391663888888889, 48.8275 ], [ 2.385552777777778, 48.82555555555556 ], [ 2.378330555555555, 48.82138888888889 ], [ 2.363052777777778, 48.816111111111105 ], [ 2.356108333333333, 48.81666666666667 ], [ 2.353052777777778, 48.81805555555556 ], [ 2.350552777777778, 48.817777777777778 ], [ 2.346941666666667, 48.816388888888888 ], [ 2.335275, 48.816944444444445 ], [ 2.332497222222222, 48.818611111111117 ], [ 2.291108333333333, 48.828055555555558 ], [ 2.097675, 48.822541666666673 ], [ 1.997102777777778, 48.820330555555557 ], [ 1.968991666666667, 48.81944166666667 ], [ 1.829525, 48.790530555555556 ], [ 1.797944444444444, 48.767669444444444 ], [ 1.762725, 48.71465833333334 ], [ 1.695830555555556, 48.62166666666667 ], [ 1.6513, 48.56155833333333 ], [ 1.583166666666667, 48.479722222222222 ], [ 1.370275, 48.389352777777781 ], [ 1.327219444444445, 48.513055555555553 ], [ 1.286111111111111, 48.657222222222224 ], [ 1.374163888888889, 48.688008333333329 ], [ 1.425277777777778, 48.705830555555558 ], [ 1.419166666666667, 48.917222222222222 ], [ 1.429944444444444, 48.943347222222222 ], [ 1.436347222222222, 48.95879444444445 ], [ 1.5574, 48.964397222222225 ], [ 1.752655555555556, 48.973433333333332 ], [ 2.000444444444444, 48.984897222222223 ], [ 2.181236111111111, 48.993047222222224 ], [ 2.493088888888889, 49.007197222222224 ], [ 2.508072222222222, 49.007991666666669 ], [ 2.530419444444445, 49.009477777777775 ], [ 2.549783333333333, 49.010655555555559 ], [ 2.552530555555555, 49.010925 ], [ 2.557855555555555, 49.011244444444444 ], [ 2.572502777777777, 49.012036111111108 ], [ 2.579825, 49.012425 ], [ 2.584497222222222, 49.012672222222221 ], [ 2.802163888888889, 49.02538333333333 ], [ 2.984411111111111, 49.03583888888889 ], [ 3.151463888888889, 49.045419444444441 ], [ 3.211205555555556, 49.048844444444441 ], [ 3.471586111111111, 49.063775 ], [ 3.509919444444444, 49.065972222222221 ], [ 3.661266666666667, 49.074644444444445 ], [ 3.660736111111111, 49.033330555555551 ], [ 3.660316666666667, 49.000666666666667 ], [ 3.656941666666667, 48.736666666666665 ], [ 3.656388888888889, 48.70055555555556 ], [ 3.781666666666667, 48.672222222222217 ], [ 3.853055555555556, 48.639444444444443 ], [ 3.81, 48.600277777777777 ], [ 3.637777777777778, 48.456944444444446 ], [ 3.508063888888889, 48.380069444444445 ], [ 3.461211111111111, 48.352552777777781 ], [ 3.385575, 48.400038888888886 ] ] ] } },
{ "type": "Feature", "properties": { "fir": "LFFF", "identifier": "LFFF:EGA CDG-S:085-115", "name": "EGA CDG-S", "level_lower": 85, "level_upper": 115 }, "geometry": { "type": "Polygon", "coordinates": [ [ [ 1.374163888888889, 48.688008333333329 ], [ 1.425277777777778, 48.705830555555558 ], [ 1.423611111111111, 48.765277777777776 ], [ 1.419166666666667, 48.917222222222222 ], [ 1.436347222222222, 48.95879444444445 ], [ 1.5574, 48.964397222222225 ], [ 1.752655555555556, 48.973433333333332 ], [ 2.000444444444444, 48.984897222222223 ], [ 2.181236111111111, 48.993047222222224 ], [ 2.493088888888889, 49.007197222222224 ], [ 2.508072222222222, 49.007991666666669 ], [ 2.530419444444445, 49.009477777777775 ], [ 2.549783333333333, 49.010655555555559 ], [ 2.552530555555555, 49.010925 ], [ 2.557855555555555, 49.011244444444444 ], [ 2.572502777777777, 49.012036111111108 ], [ 2.579825, 49.012425 ], [ 2.584497222222222, 49.012672222222221 ], [ 2.802163888888889, 49.02538333333333 ], [ 2.984411111111111, 49.03583888888889 ], [ 3.151463888888889, 49.045419444444441 ], [ 3.211205555555556, 49.048844444444441 ], [ 3.471586111111111, 49.063775 ], [ 3.509919444444444, 49.065972222222221 ], [ 3.661266666666667, 49.074644444444445 ], [ 3.660736111111111, 49.033330555555551 ], [ 3.660316666666667, 49.000666666666667 ], [ 3.656941666666667, 48.736666666666665 ], [ 3.656388888888889, 48.70055555555556 ], [ 3.781666666666667, 48.672222222222217 ], [ 3.853055555555556, 48.639444444444443 ], [ 3.637777777777778, 48.456944444444446 ], [ 3.508063888888889, 48.380069444444445 ], [ 3.461211111111111, 48.352552777777781 ], [ 3.385575, 48.400038888888886 ], [ 3.28255, 48.470144444444443 ], [ 3.22235, 48.624452777777776 ], [ 3.212547222222222, 48.669852777777777 ], [ 3.138527777777778, 48.7375 ], [ 3.048077777777777, 48.818769444444449 ], [ 2.978233333333333, 48.855833333333337 ], [ 2.948697222222223, 48.85595 ], [ 2.848, 48.856388888888887 ], [ 2.557705555555555, 48.852833333333336 ], [ 2.499272222222222, 48.852141666666668 ], [ 2.415275, 48.850833333333334 ], [ 2.412497222222222, 48.836944444444448 ], [ 2.411108333333333, 48.835 ], [ 2.404719444444444, 48.831944444444446 ], [ 2.399719444444445, 48.828611111111115 ], [ 2.391663888888889, 48.8275 ], [ 2.385552777777778, 48.82555555555556 ], [ 2.378330555555555, 48.82138888888889 ], [ 2.363052777777778, 48.816111111111105 ], [ 2.356108333333333, 48.81666666666667 ], [ 2.353052777777778, 48.81805555555556 ], [ 2.350552777777778, 48.817777777777778 ], [ 2.346941666666667, 48.816388888888888 ], [ 2.335275, 48.816944444444445 ], [ 2.332497222222222, 48.818611111111117 ], [ 2.291108333333333, 48.828055555555558 ], [ 2.097675, 48.822541666666673 ], [ 1.997102777777778, 48.820330555555557 ], [ 1.968991666666667, 48.81944166666667 ], [ 1.829525, 48.790530555555556 ], [ 1.797944444444444, 48.767669444444444 ], [ 1.762725, 48.71465833333334 ], [ 1.695830555555556, 48.62166666666667 ], [ 1.6513, 48.56155833333333 ], [ 1.583166666666667, 48.479722222222222 ], [ 1.370275, 48.389352777777781 ], [ 1.327219444444445, 48.513055555555553 ], [ 1.286111111111111, 48.657222222222224 ], [ 1.374163888888889, 48.688008333333329 ] ] ] } },
{ "type": "Feature", "properties": { "fir": "LFFF", "identifier": "LFFF:EGA CDG-S:065-085", "name": "EGA CDG-S", "level_lower": 65, "level_upper": 85 }, "geometry": { "type": "Polygon", "coordinates": [ [ [ 3.661266666666667, 49.074644444444445 ], [ 3.509919444444444, 49.065972222222221 ], [ 3.471586111111111, 49.063775 ], [ 3.211205555555556, 49.048844444444441 ], [ 3.151463888888889, 49.045419444444441 ], [ 2.984411111111111, 49.03583888888889 ], [ 2.802163888888889, 49.02538333333333 ], [ 2.584497222222222, 49.012672222222221 ], [ 2.579825, 49.012425 ], [ 2.572502777777777, 49.012036111111108 ], [ 2.557855555555555, 49.011244444444444 ], [ 2.552530555555555, 49.010925 ], [ 2.549783333333333, 49.010655555555559 ], [ 2.530419444444445, 49.009477777777775 ], [ 2.508072222222222, 49.007991666666669 ], [ 2.493088888888889, 49.007197222222224 ], [ 2.181236111111111, 48.993047222222224 ], [ 2.000444444444444, 48.984897222222223 ], [ 1.752655555555556, 48.973433333333332 ], [ 1.5574, 48.964397222222225 ], [ 1.436347222222222, 48.95879444444445 ], [ 1.429944444444444, 48.943347222222222 ], [ 1.419166666666667, 48.917222222222222 ], [ 1.425277777777778, 48.705830555555558 ], [ 1.374163888888889, 48.688008333333329 ], [ 1.286111111111111, 48.657222222222224 ], [ 1.327219444444445, 48.513055555555553 ], [ 1.370275, 48.389352777777781 ], [ 1.583166666666667, 48.479722222222222 ], [ 1.6513, 48.56155833333333 ], [ 1.695830555555556, 48.62166666666667 ], [ 1.762725, 48.71465833333334 ], [ 1.797944444444444, 48.767669444444444 ], [ 1.829525, 48.790530555555556 ], [ 1.968991666666667, 48.81944166666667 ], [ 1.997102777777778, 48.820330555555557 ], [ 2.097675, 48.822541666666673 ], [ 2.291108333333333, 48.828055555555558 ], [ 2.332497222222222, 48.818611111111117 ], [ 2.335275, 48.816944444444445 ], [ 2.346941666666667, 48.816388888888888 ], [ 2.350552777777778, 48.817777777777778 ], [ 2.353052777777778, 48.81805555555556 ], [ 2.356108333333333, 48.81666666666667 ], [ 2.363052777777778, 48.816111111111105 ], [ 2.378330555555555, 48.82138888888889 ], [ 2.385552777777778, 48.82555555555556 ], [ 2.391663888888889, 48.8275 ], [ 2.399719444444445, 48.828611111111115 ], [ 2.404719444444444, 48.831944444444446 ], [ 2.411108333333333, 48.835 ], [ 2.412497222222222, 48.836944444444448 ], [ 2.415275, 48.850833333333334 ], [ 2.499272222222222, 48.852141666666668 ], [ 2.557705555555555, 48.852833333333336 ], [ 2.848, 48.856388888888887 ], [ 2.948697222222223, 48.85595 ], [ 2.978233333333333, 48.855833333333337 ], [ 3.048077777777777, 48.818769444444449 ], [ 3.138527777777778, 48.7375 ], [ 3.212547222222222, 48.669852777777777 ], [ 3.22235, 48.624452777777776 ], [ 3.28255, 48.470144444444443 ], [ 3.385575, 48.400038888888886 ], [ 3.461211111111111, 48.352552777777781 ], [ 3.508063888888889, 48.380069444444445 ], [ 3.637777777777778, 48.456944444444446 ], [ 3.853055555555556, 48.639444444444443 ], [ 3.781666666666667, 48.672222222222217 ], [ 3.656388888888889, 48.70055555555556 ], [ 3.656941666666667, 48.736666666666665 ], [ 3.660316666666667, 49.000666666666667 ], [ 3.660736111111111, 49.033330555555551 ], [ 3.661266666666667, 49.074644444444445 ] ] ] } },
{ "type": "Feature", "properties": { "fir": "LFFF", "identifier": "LFFF:EGA CDG-S:045-065", "name": "EGA CDG-S", "level_lower": 45, "level_upper": 65 }, "geometry": { "type": "Polygon", "coordinates": [ [ [ 1.6513, 48.56155833333333 ], [ 1.594916666666667, 48.595386111111111 ], [ 1.576111111111111, 48.606666666666669 ], [ 1.425277777777778, 48.705830555555558 ], [ 1.423611111111111, 48.765277777777776 ], [ 1.419166666666667, 48.917222222222222 ], [ 1.436347222222222, 48.95879444444445 ], [ 1.5574, 48.964397222222225 ], [ 1.752655555555556, 48.973433333333332 ], [ 2.000444444444444, 48.984897222222223 ], [ 2.181236111111111, 48.993047222222224 ], [ 2.493088888888889, 49.007197222222224 ], [ 2.508072222222222, 49.007991666666669 ], [ 2.530419444444445, 49.009477777777775 ], [ 2.549783333333333, 49.010655555555559 ], [ 2.552530555555555, 49.010925 ], [ 2.557855555555555, 49.011244444444444 ], [ 2.572502777777777, 49.012036111111108 ], [ 2.579825, 49.012425 ], [ 2.584497222222222, 49.012672222222221 ], [ 2.802163888888889, 49.02538333333333 ], [ 2.984411111111111, 49.03583888888889 ], [ 3.151463888888889, 49.045419444444441 ], [ 3.211205555555556, 49.048844444444441 ], [ 3.471586111111111, 49.063775 ], [ 3.509919444444444, 49.065972222222221 ], [ 3.661266666666667, 49.074644444444445 ], [ 3.660736111111111, 49.033330555555551 ], [ 3.483330555555556, 49.033330555555551 ], [ 3.620244444444444, 48.75385 ], [ 3.656941666666667, 48.736666666666665 ], [ 3.631777777777778, 48.730233333333338 ], [ 3.22235, 48.624452777777776 ], [ 3.212547222222222, 48.669852777777777 ], [ 3.138527777777778, 48.7375 ], [ 3.048077777777777, 48.818769444444449 ], [ 2.978233333333333, 48.855833333333337 ], [ 2.948697222222223, 48.85595 ], [ 2.848, 48.856388888888887 ], [ 2.557705555555555, 48.852833333333336 ], [ 2.499272222222222, 48.852141666666668 ], [ 2.415275, 48.850833333333334 ], [ 2.412497222222222, 48.836944444444448 ], [ 2.411108333333333, 48.835 ], [ 2.404719444444444, 48.831944444444446 ], [ 2.399719444444445, 48.828611111111115 ], [ 2.391663888888889, 48.8275 ], [ 2.385552777777778, 48.82555555555556 ], [ 2.378330555555555, 48.82138888888889 ], [ 2.363052777777778, 48.816111111111105 ], [ 2.356108333333333, 48.81666666666667 ], [ 2.353052777777778, 48.81805555555556 ], [ 2.350552777777778, 48.817777777777778 ], [ 2.346941666666667, 48.816388888888888 ], [ 2.335275, 48.816944444444445 ], [ 2.332497222222222, 48.818611111111117 ], [ 2.291108333333333, 48.828055555555558 ], [ 2.135238888888889, 48.823611111111113 ], [ 2.097675, 48.822541666666673 ], [ 1.997102777777778, 48.820330555555557 ], [ 1.968991666666667, 48.81944166666667 ], [ 1.829525, 48.790530555555556 ], [ 1.797944444444444, 48.767669444444444 ], [ 1.762725, 48.71465833333334 ], [ 1.696458333333333, 48.62253611111111 ], [ 1.695830555555556, 48.62166666666667 ], [ 1.6513, 48.56155833333333 ] ] ] } },
{ "type": "Feature", "properties": { "fir": "LFFF", "identifier": "LFFF:HP UAC:355-660", "name": "HP UAC", "level_lower": 355, "level_upper": 660 }, "geometry": { "type": "Polygon", "coordinates": [ [ [ 5.133333333333334, 46.233333333333334 ], [ 4.599997222222222, 46.274997222222218 ], [ 4.5, 46.283333333333331 ], [ 4.05, 46.283333333333331 ], [ 3.683333333333334, 46.283333333333331 ], [ 3.5, 46.56666666666667 ], [ 3.065, 47.313888888888883 ], [ 2.831666666666667, 47.734166666666667 ], [ 2.610277777777778, 48.133333333333333 ], [ 2.792777777777778, 48.395277777777778 ], [ 2.918611111111111, 48.283333333333331 ], [ 3.235277777777778, 47.998888888888892 ], [ 3.362777777777778, 47.795277777777777 ], [ 3.528611111111111, 47.5275 ], [ 3.795830555555555, 47.401666666666664 ], [ 4.0775, 47.2675 ], [ 4.488888888888889, 47.349166666666669 ], [ 5.183333333333334, 46.7 ], [ 5.161666666666667, 46.5 ], [ 5.150525, 46.393797222222219 ], [ 5.133333333333334, 46.233333333333334 ] ] ] } },
{ "type": "Feature", "properties": { "fir": "LFFF", "identifier": "LFFF:LE BOURGET LBG-N EL:000-015", "name": "LE BOURGET LBG-N EL", "level_lower": 0, "level_upper": 15 }, "geometry": { "type": "Polygon", "coordinates": [ [ [ 1.752655555555556, 48.973433333333332 ], [ 1.742222222222222, 49.021111111111111 ], [ 1.899166666666667, 49.389444444444443 ], [ 2.055833333333333, 49.32 ], [ 2.1725, 49.268333333333331 ], [ 2.241388888888889, 49.265555555555558 ], [ 2.477777777777778, 49.261666666666663 ], [ 2.476913888888889, 49.259177777777779 ], [ 2.476444444444445, 49.255269444444444 ], [ 2.476913888888889, 49.251361111111109 ], [ 2.478316666666667, 49.24755 ], [ 2.480616666666667, 49.243930555555558 ], [ 2.483752777777778, 49.240588888888887 ], [ 2.487655555555556, 49.237608333333334 ], [ 2.492222222222222, 49.235063888888888 ], [ 2.494444444444444, 49.234166666666667 ], [ 2.465, 49.20333055555556 ], [ 2.271111111111111, 49.2075 ], [ 2.314472222222222, 49.140822222222219 ], [ 2.197222222222222, 49.121111111111112 ], [ 2.192272222222222, 49.150822222222217 ], [ 2.183333333333333, 49.204444444444448 ], [ 2.050063888888889, 49.203772222222227 ], [ 2.018055555555556, 49.203611111111115 ], [ 2.009966666666667, 49.203033333333337 ], [ 1.984741666666667, 49.199061111111106 ], [ 1.960772222222222, 49.192547222222217 ], [ 1.93865, 49.183652777777773 ], [ 1.918922222222222, 49.172602777777776 ], [ 1.902072222222222, 49.159666666666666 ], [ 1.888516666666667, 49.145163888888888 ], [ 1.878588888888889, 49.129458333333332 ], [ 1.872533333333333, 49.112930555555558 ], [ 1.870497222222222, 49.09599166666667 ], [ 1.872533333333333, 49.079058333333336 ], [ 1.878588888888889, 49.06255 ], [ 1.888516666666667, 49.046866666666666 ], [ 1.902072222222222, 49.0324 ], [ 1.918922222222222, 49.0195 ], [ 1.93865, 49.008483333333331 ], [ 1.960772222222222, 48.999625 ], [ 1.984741666666667, 48.993136111111113 ], [ 2.000555555555556, 48.990277777777777 ], [ 2.000444444444444, 48.984897222222223 ], [ 1.752655555555556, 48.973433333333332 ] ] ] } },
{ "type": "Feature", "properties": { "fir": "LFFF", "identifier": "LFFF:LE BOURGET LBG-N EL:015-025", "name": "LE BOURGET LBG-N EL", "level_lower": 15, "level_upper": 25 }, "geometry": { "type": "Polygon", "coordinates": [ [ [ 1.899166666666667, 49.389444444444443 ], [ 2.055833333333333, 49.32 ], [ 2.1725, 49.268333333333331 ], [ 2.241388888888889, 49.265555555555558 ], [ 2.477777777777778, 49.261666666666663 ], [ 2.476913888888889, 49.259177777777779 ], [ 2.476444444444445, 49.255269444444444 ], [ 2.476913888888889, 49.251361111111109 ], [ 2.478316666666667, 49.24755 ], [ 2.480616666666667, 49.243930555555558 ], [ 2.483752777777778, 49.240588888888887 ], [ 2.487655555555556, 49.237608333333334 ], [ 2.492222222222222, 49.235063888888888 ], [ 2.494444444444444, 49.234166666666667 ], [ 2.465, 49.20333055555556 ], [ 2.271111111111111, 49.2075 ], [ 2.314472222222222, 49.140822222222219 ], [ 2.197222222222222, 49.121111111111112 ], [ 2.000555555555556, 48.990277777777777 ], [ 2.000444444444444, 48.984897222222223 ], [ 1.752655555555556, 48.973433333333332 ], [ 1.742222222222222, 49.021111111111111 ], [ 1.899166666666667, 49.389444444444443 ] ] ] } },
{ "type": "Feature", "properties": { "fir": "LFFF", "identifier": "LFFF:LE BOURGET LBG-N WL:000-015", "name": "LE BOURGET LBG-N WL", "level_lower": 0, "level_upper": 15 }, "geometry": { "type": "Polygon", "coordinates": [ [ [ 1.752655555555556, 48.973433333333332 ], [ 1.742222222222222, 49.021111111111111 ], [ 1.899166666666667, 49.389444444444443 ], [ 2.055833333333333, 49.32 ], [ 2.1725, 49.268333333333331 ], [ 2.241388888888889, 49.265555555555558 ], [ 2.477777777777778, 49.261666666666663 ], [ 2.476913888888889, 49.259177777777779 ], [ 2.476444444444445, 49.255269444444444 ], [ 2.476913888888889, 49.251361111111109 ], [ 2.478316666666667, 49.24755 ], [ 2.480616666666667, 49.243930555555558 ], [ 2.483752777777778, 49.240588888888887 ], [ 2.487655555555556, 49.237608333333334 ], [ 2.492222222222222, 49.235063888888888 ], [ 2.494444444444444, 49.234166666666667 ], [ 2.465, 49.20333055555556 ], [ 2.271111111111111, 49.2075 ], [ 2.314472222222222, 49.140822222222219 ], [ 2.197222222222222, 49.121111111111112 ], [ 2.192272222222222, 49.150822222222217 ], [ 2.183333333333333, 49.204444444444448 ], [ 2.050063888888889, 49.203772222222227 ], [ 2.018055555555556, 49.203611111111115 ], [ 2.009966666666667, 49.203033333333337 ], [ 1.984741666666667, 49.199061111111106 ], [ 1.960772222222222, 49.192547222222217 ], [ 1.93865, 49.183652777777773 ], [ 1.918922222222222, 49.172602777777776 ], [ 1.902072222222222, 49.159666666666666 ], [ 1.888516666666667, 49.145163888888888 ], [ 1.878588888888889, 49.129458333333332 ], [ 1.872533333333333, 49.112930555555558 ], [ 1.870497222222222, 49.09599166666667 ], [ 1.872533333333333, 49.079058333333336 ], [ 1.878588888888889, 49.06255 ], [ 1.888516666666667, 49.046866666666666 ], [ 1.902072222222222, 49.0324 ], [ 1.918922222222222, 49.0195 ], [ 1.93865, 49.008483333333331 ], [ 1.960772222222222, 48.999625 ], [ 1.984741666666667, 48.993136111111113 ], [ 2.000555555555556, 48.990277777777777 ], [ 2.000444444444444, 48.984897222222223 ], [ 1.752655555555556, 48.973433333333332 ] ] ] } },
{ "type": "Feature", "properties": { "fir": "LFFF", "identifier": "LFFF:LE BOURGET LBG-N WL:015-025", "name": "LE BOURGET LBG-N WL", "level_lower": 15, "level_upper": 25 }, "geometry": { "type": "Polygon", "coordinates": [ [ [ 1.899166666666667, 49.389444444444443 ], [ 2.055833333333333, 49.32 ], [ 2.1725, 49.268333333333331 ], [ 2.241388888888889, 49.265555555555558 ], [ 2.477777777777778, 49.261666666666663 ], [ 2.476913888888889, 49.259177777777779 ], [ 2.476444444444445, 49.255269444444444 ], [ 2.476913888888889, 49.251361111111109 ], [ 2.478316666666667, 49.24755 ], [ 2.480616666666667, 49.243930555555558 ], [ 2.483752777777778, 49.240588888888887 ], [ 2.487655555555556, 49.237608333333334 ], [ 2.492222222222222, 49.235063888888888 ], [ 2.494444444444444, 49.234166666666667 ], [ 2.465, 49.20333055555556 ], [ 2.271111111111111, 49.2075 ], [ 2.314472222222222, 49.140822222222219 ], [ 2.197222222222222, 49.121111111111112 ], [ 2.000555555555556, 48.990277777777777 ], [ 2.000444444444444, 48.984897222222223 ], [ 1.752655555555556, 48.973433333333332 ], [ 1.742222222222222, 49.021111111111111 ], [ 1.899166666666667, 49.389444444444443 ] ] ] } },
{ "type": "Feature", "properties": { "fir": "LFFF", "identifier": "LFFF:LILLE CTR:000-020", "name": "LILLE CTR", "level_lower": 0, "level_upper": 20 }, "geometry": { "type": "Polygon", "coordinates": [ [ [ 2.970833333333334, 50.644722222222221 ], [ 3.058888888888889, 50.650555555555556 ], [ 3.111944444444445, 50.658055555555556 ], [ 3.148055555555556, 50.664444444444442 ], [ 3.150469444444445, 50.664425 ], [ 3.153030555555556, 50.664327777777778 ], [ 3.155586111111111, 50.6642 ], [ 3.158141666666666, 50.664041666666662 ], [ 3.160688888888889, 50.66385833333333 ], [ 3.163233333333333, 50.663644444444444 ], [ 3.165769444444444, 50.663405555555556 ], [ 3.1683, 50.663136111111108 ], [ 3.170822222222222, 50.662838888888885 ], [ 3.173336111111111, 50.662513888888888 ], [ 3.175838888888889, 50.662161111111111 ], [ 3.178333333333333, 50.661780555555552 ], [ 3.180816666666666, 50.661372222222219 ], [ 3.183288888888889, 50.660938888888886 ], [ 3.185747222222222, 50.660475 ], [ 3.188191666666667, 50.65998611111111 ], [ 3.190625, 50.65946944444444 ], [ 3.193041666666666, 50.658925 ], [ 3.195444444444444, 50.658355555555552 ], [ 3.197830555555556, 50.657758333333334 ], [ 3.200197222222223, 50.657133333333334 ], [ 3.20255, 50.656483333333334 ], [ 3.204883333333334, 50.655808333333333 ], [ 3.207197222222222, 50.655108333333331 ], [ 3.209491666666667, 50.654380555555555 ], [ 3.211763888888889, 50.653627777777778 ], [ 3.214016666666667, 50.65285 ], [ 3.216247222222222, 50.65205 ], [ 3.218458333333333, 50.651222222222223 ], [ 3.220641666666667, 50.650372222222224 ], [ 3.222802777777778, 50.649497222222223 ], [ 3.224941666666667, 50.648597222222222 ], [ 3.227052777777778, 50.647675 ], [ 3.229138888888889, 50.646727777777777 ], [ 3.231197222222222, 50.645761111111113 ], [ 3.233230555555556, 50.644769444444442 ], [ 3.235236111111111, 50.643755555555558 ], [ 3.237211111111111, 50.642719444444445 ], [ 3.239158333333334, 50.641661111111112 ], [ 3.241077777777778, 50.640583333333332 ], [ 3.242966666666667, 50.639483333333331 ], [ 3.244822222222222, 50.638361111111109 ], [ 3.24665, 50.637219444444447 ], [ 3.248444444444444, 50.636058333333331 ], [ 3.250205555555556, 50.634877777777774 ], [ 3.251933333333333, 50.633677777777777 ], [ 3.27, 50.609722222222224 ], [ 3.284166666666667, 50.594722222222224 ], [ 3.278941666666666, 50.538491666666665 ], [ 3.278686111111111, 50.536408333333334 ], [ 3.277702777777778, 50.534905555555554 ], [ 3.276677777777778, 50.533416666666668 ], [ 3.275613888888889, 50.531938888888888 ], [ 3.274508333333333, 50.530472222222222 ], [ 3.273363888888889, 50.529016666666664 ], [ 3.272177777777778, 50.527577777777779 ], [ 3.270952777777778, 50.52615 ], [ 3.269688888888889, 50.52473611111111 ], [ 3.268388888888889, 50.523336111111114 ], [ 3.267047222222222, 50.52195 ], [ 3.265669444444444, 50.520580555555554 ], [ 3.264255555555556, 50.519227777777779 ], [ 3.262802777777778, 50.517888888888891 ], [ 3.261313888888889, 50.51656666666667 ], [ 3.259791666666667, 50.515261111111109 ], [ 3.258230555555556, 50.513972222222222 ], [ 3.256636111111111, 50.5127 ], [ 3.255005555555555, 50.511447222222223 ], [ 3.253344444444445, 50.510213888888892 ], [ 3.251647222222222, 50.50899722222222 ], [ 3.249916666666667, 50.5078 ], [ 3.248152777777778, 50.506622222222219 ], [ 3.246358333333333, 50.50546388888889 ], [ 3.244533333333333, 50.504325 ], [ 3.242675, 50.503208333333333 ], [ 3.240788888888889, 50.502111111111113 ], [ 3.238872222222222, 50.501033333333332 ], [ 3.236925, 50.49998055555556 ], [ 3.234952777777778, 50.49894722222222 ], [ 3.23295, 50.497936111111109 ], [ 3.230919444444444, 50.496947222222225 ], [ 3.228861111111111, 50.495983333333335 ], [ 3.226780555555556, 50.495038888888892 ], [ 3.224672222222222, 50.494119444444443 ], [ 3.222538888888889, 50.493225 ], [ 3.220380555555556, 50.492352777777782 ], [ 3.2182, 50.491502777777775 ], [ 3.215997222222223, 50.490680555555556 ], [ 3.213772222222222, 50.489880555555558 ], [ 3.211525, 50.489105555555554 ], [ 3.209255555555556, 50.488355555555557 ], [ 3.206969444444445, 50.487633333333335 ], [ 3.204661111111111, 50.486933333333333 ], [ 3.202333333333334, 50.486261111111112 ], [ 3.199988888888889, 50.485613888888892 ], [ 3.197627777777778, 50.484991666666666 ], [ 3.19525, 50.484397222222221 ], [ 3.192855555555556, 50.483827777777776 ], [ 3.190447222222222, 50.483286111111113 ], [ 3.188022222222222, 50.482772222222223 ], [ 3.185583333333333, 50.482283333333335 ], [ 3.183133333333333, 50.481822222222227 ], [ 3.180672222222222, 50.481388888888894 ], [ 3.178197222222222, 50.480983333333334 ], [ 3.175711111111111, 50.480605555555556 ], [ 3.174166666666666, 50.480277777777779 ], [ 3.020277777777778, 50.458611111111111 ], [ 3.016533333333333, 50.458261111111113 ], [ 3.014022222222222, 50.457966666666671 ], [ 3.011502777777778, 50.4577 ], [ 3.008975, 50.457458333333335 ], [ 3.006444444444444, 50.457247222222222 ], [ 3.003905555555555, 50.457063888888889 ], [ 3.001363888888889, 50.456908333333338 ], [ 2.998816666666667, 50.456780555555561 ], [ 2.996269444444445, 50.456680555555558 ], [ 2.993716666666667, 50.456611111111116 ], [ 2.991163888888889, 50.456569444444447 ], [ 2.988611111111111, 50.45655277777778 ], [ 2.986055555555556, 50.456569444444447 ], [ 2.983502777777778, 50.456611111111116 ], [ 2.98095, 50.456680555555558 ], [ 2.978402777777778, 50.456780555555561 ], [ 2.975855555555555, 50.456908333333338 ], [ 2.973313888888889, 50.457063888888889 ], [ 2.970775, 50.457247222222222 ], [ 2.968244444444445, 50.457458333333335 ], [ 2.965716666666667, 50.4577 ], [ 2.963197222222222, 50.457966666666671 ], [ 2.960686111111111, 50.458261111111113 ], [ 2.958183333333333, 50.458586111111117 ], [ 2.955688888888889, 50.458936111111115 ], [ 2.953205555555556, 50.459316666666666 ], [ 2.950733333333333, 50.459722222222226 ], [ 2.948272222222223, 50.460155555555559 ], [ 2.945822222222223, 50.460616666666667 ], [ 2.943386111111111, 50.461105555555555 ], [ 2.940961111111111, 50.461619444444445 ], [ 2.938552777777778, 50.462161111111115 ], [ 2.936161111111111, 50.462730555555559 ], [ 2.933783333333333, 50.463325 ], [ 2.931422222222222, 50.463947222222224 ], [ 2.929080555555555, 50.464594444444444 ], [ 2.926752777777778, 50.465266666666672 ], [ 2.924447222222222, 50.465966666666667 ], [ 2.922161111111111, 50.466688888888889 ], [ 2.919894444444444, 50.467438888888893 ], [ 2.917647222222222, 50.46821388888889 ], [ 2.915422222222222, 50.469013888888888 ], [ 2.913219444444444, 50.469836111111114 ], [ 2.911041666666667, 50.470686111111114 ], [ 2.908883333333333, 50.471558333333334 ], [ 2.906752777777778, 50.472452777777782 ], [ 2.904644444444444, 50.473372222222224 ], [ 2.902563888888889, 50.474316666666667 ], [ 2.900508333333333, 50.475280555555557 ], [ 2.898477777777778, 50.476269444444448 ], [ 2.896477777777778, 50.477280555555559 ], [ 2.894502777777778, 50.478313888888891 ], [ 2.892558333333333, 50.479366666666671 ], [ 2.890641666666667, 50.480444444444444 ], [ 2.888755555555556, 50.481538888888892 ], [ 2.8869, 50.482658333333333 ], [ 2.885075, 50.483797222222222 ], [ 2.883280555555555, 50.484955555555558 ], [ 2.881519444444444, 50.486133333333335 ], [ 2.879788888888889, 50.487330555555559 ], [ 2.878094444444444, 50.488544444444443 ], [ 2.876430555555555, 50.489780555555555 ], [ 2.874802777777778, 50.491033333333334 ], [ 2.873208333333333, 50.492305555555554 ], [ 2.87165, 50.493591666666667 ], [ 2.870125, 50.494897222222221 ], [ 2.868638888888889, 50.496219444444442 ], [ 2.867186111111111, 50.497558333333338 ], [ 2.865772222222222, 50.498913888888893 ], [ 2.864394444444445, 50.500283333333336 ], [ 2.863055555555555, 50.501669444444445 ], [ 2.861755555555556, 50.503069444444442 ], [ 2.860491666666667, 50.504483333333333 ], [ 2.859266666666667, 50.505911111111111 ], [ 2.858083333333334, 50.50735 ], [ 2.856938888888889, 50.508805555555554 ], [ 2.855833333333333, 50.51027222222222 ], [ 2.854769444444444, 50.51175 ], [ 2.853744444444445, 50.513238888888885 ], [ 2.852761111111111, 50.514741666666666 ], [ 2.851819444444445, 50.51625277777778 ], [ 2.850919444444445, 50.517775 ], [ 2.850063888888889, 50.519305555555555 ], [ 2.849247222222222, 50.520847222222223 ], [ 2.848472222222223, 50.522397222222224 ], [ 2.847741666666667, 50.523955555555553 ], [ 2.847052777777778, 50.525522222222222 ], [ 2.846408333333334, 50.527094444444444 ], [ 2.845805555555556, 50.528675 ], [ 2.845247222222222, 50.530261111111109 ], [ 2.844733333333334, 50.531855555555552 ], [ 2.844261111111111, 50.533452777777775 ], [ 2.843836111111111, 50.535055555555552 ], [ 2.843452777777778, 50.536663888888889 ], [ 2.843113888888889, 50.538275 ], [ 2.842819444444445, 50.539891666666662 ], [ 2.842569444444444, 50.541508333333333 ], [ 2.842361111111111, 50.543130555555557 ], [ 2.8422, 50.544752777777774 ], [ 2.842083333333334, 50.546377777777778 ], [ 2.842013888888889, 50.548002777777775 ], [ 2.841986111111111, 50.549627777777779 ], [ 2.842002777777778, 50.551255555555549 ], [ 2.842063888888889, 50.552880555555554 ], [ 2.842172222222223, 50.554505555555551 ], [ 2.842322222222222, 50.556127777777775 ], [ 2.842516666666667, 50.55775 ], [ 2.843055555555556, 50.56 ], [ 2.896111111111111, 50.607777777777777 ], [ 2.970833333333334, 50.644722222222221 ] ] ] } },
{ "type": "Feature", "properties": { "fir": "LFFF", "identifier": "LFFF:LILLE QA:020-115", "name": "LILLE QA", "level_lower": 20, "level_upper": 115 }, "geometry": { "type": "Polygon", "coordinates": [ [ [ 2.344722222222222, 50.077777777777783 ], [ 2.359722222222222, 50.097222222222221 ], [ 3.043611111111111, 50.119444444444447 ], [ 3.558333333333333, 50.0 ], [ 3.437222222222223, 49.818888888888893 ], [ 3.413611111111111, 49.783333333333331 ], [ 3.351616666666667, 49.689041666666661 ], [ 3.236388888888889, 49.666666666666664 ], [ 3.105830555555555, 49.611941666666667 ], [ 2.976388888888889, 49.6025 ], [ 2.782777777777778, 49.674166666666665 ], [ 2.668611111111111, 49.716666666666669 ], [ 2.501944444444444, 49.716666666666669 ], [ 2.375, 49.716666666666669 ], [ 2.065, 49.716666666666669 ], [ 2.158055555555555, 49.837777777777781 ], [ 2.238888888888889, 49.941944444444438 ], [ 2.283888888888889, 50.0 ], [ 2.344722222222222, 50.077777777777783 ] ] ] } },
{ "type": "Feature", "properties": { "fir": "LFFF", "identifier": "LFFF:LILLE QA-S:000-020", "name": "LILLE QA-S", "level_lower": 0, "level_upper": 20 }, "geometry": { "type": "Polygon", "coordinates": [ [ [ 2.344722222222222, 50.077777777777783 ], [ 2.359722222222222, 50.097222222222221 ], [ 2.547222222222222, 50.026944444444446 ], [ 2.54595, 50.026072222222218 ], [ 2.532755555555556, 50.016122222222222 ], [ 2.522141666666667, 50.004972222222221 ], [ 2.514366666666667, 49.992888888888892 ], [ 2.509625, 49.980177777777783 ], [ 2.508030555555556, 49.96715 ], [ 2.509625, 49.954122222222225 ], [ 2.514366666666667, 49.941422222222222 ], [ 2.522141666666667, 49.929355555555553 ], [ 2.532755555555556, 49.918225 ], [ 2.54595, 49.9083 ], [ 2.5614, 49.89982222222222 ], [ 2.578722222222222, 49.893005555555554 ], [ 2.597491666666667, 49.888013888888885 ], [ 2.617244444444444, 49.884966666666664 ], [ 2.6375, 49.883944444444445 ], [ 2.647777777777778, 49.884166666666665 ], [ 2.739722222222222, 49.888888888888886 ], [ 2.749975, 49.889688888888891 ], [ 2.769733333333333, 49.892736111111113 ], [ 2.788505555555556, 49.897727777777774 ], [ 2.805827777777778, 49.90454444444444 ], [ 2.821277777777778, 49.913022222222217 ], [ 2.834472222222222, 49.92294722222222 ], [ 2.845088888888889, 49.934077777777773 ], [ 2.852863888888889, 49.946144444444442 ], [ 2.857608333333333, 49.958844444444445 ], [ 2.859202777777778, 49.971872222222224 ], [ 2.857608333333333, 49.9849 ], [ 2.852863888888889, 49.997611111111112 ], [ 2.845088888888889, 50.009694444444442 ], [ 2.834472222222222, 50.020844444444442 ], [ 2.821277777777778, 50.030794444444446 ], [ 3.043611111111111, 50.119444444444447 ], [ 3.558333333333333, 50.0 ], [ 3.437222222222223, 49.818888888888893 ], [ 3.413611111111111, 49.783333333333331 ], [ 3.351616666666667, 49.689041666666661 ], [ 3.236388888888889, 49.666666666666664 ], [ 3.105830555555555, 49.611941666666667 ], [ 2.976388888888889, 49.6025 ], [ 2.782777777777778, 49.674166666666665 ], [ 2.668611111111111, 49.716666666666669 ], [ 2.501944444444444, 49.716666666666669 ], [ 2.375, 49.716666666666669 ], [ 2.065, 49.716666666666669 ], [ 2.158055555555555, 49.837777777777781 ], [ 2.238888888888889, 49.941944444444438 ], [ 2.283888888888889, 50.0 ], [ 2.344722222222222, 50.077777777777783 ] ] ] } },
{ "type": "Feature", "properties": { "fir": "LFFF", "identifier": "LFFF:LILLE QD:000-115", "name": "LILLE QD", "level_lower": 0, "level_upper": 115 }, "geometry": { "type": "Polygon", "coordinates": [ [ [ 1.4, 49.75 ], [ 1.218333333333333, 49.769722222222221 ], [ 0.616666666666667, 49.833333333333336 ], [ 0.096111111111111, 50.137777777777778 ], [ 0.769722222222222, 50.401388888888889 ], [ 0.821388888888889, 50.421388888888885 ], [ 1.018888888888889, 50.274722222222223 ], [ 1.388055555555556, 50.0 ], [ 2.283888888888889, 50.0 ], [ 2.238888888888889, 49.941944444444438 ], [ 2.158055555555555, 49.837777777777781 ], [ 2.065, 49.716666666666669 ], [ 1.974816666666667, 49.716666666666669 ], [ 1.778611111111111, 49.716666666666669 ], [ 1.716666666666667, 49.723888888888894 ], [ 1.590830555555556, 49.738611111111112 ], [ 1.536111111111111, 49.751666666666665 ], [ 1.4, 49.75 ] ] ] } },
{ "type": "Feature", "properties": { "fir": "LFFF", "identifier": "LFFF:LILLE QE:020-045", "name": "LILLE QE", "level_lower": 20, "level_upper": 45 }, "geometry": { "type": "Polygon", "coordinates": [ [ [ 3.15, 50.783333333333331 ], [ 3.225, 50.678333333333327 ], [ 3.260277777777778, 50.68 ], [ 3.423611111111111, 50.6875 ], [ 3.473611111111111, 50.669166666666662 ], [ 3.484722222222222, 50.519444444444446 ], [ 3.511666666666667, 50.526666666666664 ], [ 3.566944444444444, 50.500277777777775 ], [ 3.600555555555556, 50.483888888888892 ], [ 3.633333333333333, 50.473333333333336 ], [ 3.645555555555556, 50.45194444444445 ], [ 3.666666666666667, 50.416666666666664 ], [ 3.666666666666667, 50.35 ], [ 3.675, 50.342222222222226 ], [ 3.7875, 50.339722222222221 ], [ 3.873055555555556, 50.340555555555561 ], [ 3.926666666666666, 50.333888888888893 ], [ 3.973055555555556, 50.328333333333333 ], [ 4.089722222222222, 50.314722222222223 ], [ 4.118888888888889, 50.296666666666667 ], [ 4.178055555555556, 50.224722222222226 ], [ 4.149163888888889, 50.034719444444441 ], [ 4.145833333333334, 49.980555555555554 ], [ 3.558333333333333, 50.0 ], [ 3.043611111111111, 50.119444444444447 ], [ 2.359722222222222, 50.097222222222221 ], [ 2.525, 50.30555555555555 ], [ 2.560555555555555, 50.350277777777777 ], [ 2.589722222222222, 50.386941666666665 ], [ 2.668333333333333, 50.485830555555559 ], [ 2.728333333333333, 50.56111111111111 ], [ 2.848611111111111, 50.658333333333331 ], [ 2.8925, 50.693888888888885 ], [ 2.9, 50.7 ], [ 3.15, 50.783333333333331 ] ] ] } },
{ "type": "Feature", "properties": { "fir": "LFFF", "identifier": "LFFF:LILLE QE:000-020", "name": "LILLE QE", "level_lower": 0, "level_upper": 20 }, "geometry": { "type": "Polygon", "coordinates": [ [ [ 3.27, 50.609722222222224 ], [ 3.251933333333333, 50.633677777777777 ], [ 3.250205555555556, 50.634877777777774 ], [ 3.248444444444444, 50.636058333333331 ], [ 3.24665, 50.637219444444447 ], [ 3.244822222222222, 50.638361111111109 ], [ 3.242966666666667, 50.639483333333331 ], [ 3.241077777777778, 50.640583333333332 ], [ 3.239158333333334, 50.641661111111112 ], [ 3.237211111111111, 50.642719444444445 ], [ 3.235236111111111, 50.643755555555558 ], [ 3.233230555555556, 50.644769444444442 ], [ 3.231197222222222, 50.645761111111113 ], [ 3.229138888888889, 50.646727777777777 ], [ 3.227052777777778, 50.647675 ], [ 3.224941666666667, 50.648597222222222 ], [ 3.222802777777778, 50.649497222222223 ], [ 3.220641666666667, 50.650372222222224 ], [ 3.218458333333333, 50.651222222222223 ], [ 3.216247222222222, 50.65205 ], [ 3.214016666666667, 50.65285 ], [ 3.211763888888889, 50.653627777777778 ], [ 3.209491666666667, 50.654380555555555 ], [ 3.207197222222222, 50.655108333333331 ], [ 3.204883333333334, 50.655808333333333 ], [ 3.20255, 50.656483333333334 ], [ 3.200197222222223, 50.657133333333334 ], [ 3.197830555555556, 50.657758333333334 ], [ 3.195444444444444, 50.658355555555552 ], [ 3.193041666666666, 50.658925 ], [ 3.190625, 50.65946944444444 ], [ 3.188191666666667, 50.65998611111111 ], [ 3.185747222222222, 50.660475 ], [ 3.183288888888889, 50.660938888888886 ], [ 3.180816666666666, 50.661372222222219 ], [ 3.178333333333333, 50.661780555555552 ], [ 3.175838888888889, 50.662161111111111 ], [ 3.173336111111111, 50.662513888888888 ], [ 3.170822222222222, 50.662838888888885 ], [ 3.1683, 50.663136111111108 ], [ 3.165769444444444, 50.663405555555556 ], [ 3.163233333333333, 50.663644444444444 ], [ 3.160688888888889, 50.66385833333333 ], [ 3.158141666666666, 50.664041666666662 ], [ 3.155586111111111, 50.6642 ], [ 3.153030555555556, 50.664327777777778 ], [ 3.150469444444445, 50.664425 ], [ 3.148055555555556, 50.664444444444442 ], [ 3.111944444444445, 50.658055555555556 ], [ 3.058888888888889, 50.650555555555556 ], [ 2.970833333333334, 50.644722222222221 ], [ 2.896111111111111, 50.607777777777777 ], [ 2.843055555555556, 50.56 ], [ 2.842516666666667, 50.55775 ], [ 2.842322222222222, 50.556127777777775 ], [ 2.842172222222223, 50.554505555555551 ], [ 2.842063888888889, 50.552880555555554 ], [ 2.842002777777778, 50.551255555555549 ], [ 2.841986111111111, 50.549627777777779 ], [ 2.842013888888889, 50.548002777777775 ], [ 2.842083333333334, 50.546377777777778 ], [ 2.8422, 50.544752777777774 ], [ 2.842361111111111, 50.543130555555557 ], [ 2.842569444444444, 50.541508333333333 ], [ 2.842819444444445, 50.539891666666662 ], [ 2.843113888888889, 50.538275 ], [ 2.843452777777778, 50.536663888888889 ], [ 2.843836111111111, 50.535055555555552 ], [ 2.844261111111111, 50.533452777777775 ], [ 2.844733333333334, 50.531855555555552 ], [ 2.845247222222222, 50.530261111111109 ], [ 2.845805555555556, 50.528675 ], [ 2.846408333333334, 50.527094444444444 ], [ 2.847052777777778, 50.525522222222222 ], [ 2.847741666666667, 50.523955555555553 ], [ 2.848472222222223, 50.522397222222224 ], [ 2.849247222222222, 50.520847222222223 ], [ 2.850063888888889, 50.519305555555555 ], [ 2.850919444444445, 50.517775 ], [ 2.851819444444445, 50.51625277777778 ], [ 2.852761111111111, 50.514741666666666 ], [ 2.853744444444445, 50.513238888888885 ], [ 2.854769444444444, 50.51175 ], [ 2.855833333333333, 50.51027222222222 ], [ 2.856938888888889, 50.508805555555554 ], [ 2.858083333333334, 50.50735 ], [ 2.859266666666667, 50.505911111111111 ], [ 2.860491666666667, 50.504483333333333 ], [ 2.861755555555556, 50.503069444444442 ], [ 2.863055555555555, 50.501669444444445 ], [ 2.864394444444445, 50.500283333333336 ], [ 2.865772222222222, 50.498913888888893 ], [ 2.867186111111111, 50.497558333333338 ], [ 2.868638888888889, 50.496219444444442 ], [ 2.870125, 50.494897222222221 ], [ 2.87165, 50.493591666666667 ], [ 2.873208333333333, 50.492305555555554 ], [ 2.874802777777778, 50.491033333333334 ], [ 2.876430555555555, 50.489780555555555 ], [ 2.878094444444444, 50.488544444444443 ], [ 2.879788888888889, 50.487330555555559 ], [ 2.881519444444444, 50.486133333333335 ], [ 2.883280555555555, 50.484955555555558 ], [ 2.885075, 50.483797222222222 ], [ 2.8869, 50.482658333333333 ], [ 2.888755555555556, 50.481538888888892 ], [ 2.890641666666667, 50.480444444444444 ], [ 2.892558333333333, 50.479366666666671 ], [ 2.894502777777778, 50.478313888888891 ], [ 2.896477777777778, 50.477280555555559 ], [ 2.898477777777778, 50.476269444444448 ], [ 2.900508333333333, 50.475280555555557 ], [ 2.902563888888889, 50.474316666666667 ], [ 2.904644444444444, 50.473372222222224 ], [ 2.906752777777778, 50.472452777777782 ], [ 2.908883333333333, 50.471558333333334 ], [ 2.911041666666667, 50.470686111111114 ], [ 2.913219444444444, 50.469836111111114 ], [ 2.915422222222222, 50.469013888888888 ], [ 2.917647222222222, 50.46821388888889 ], [ 2.919894444444444, 50.467438888888893 ], [ 2.922161111111111, 50.466688888888889 ], [ 2.924447222222222, 50.465966666666667 ], [ 2.926752777777778, 50.465266666666672 ], [ 2.929080555555555, 50.464594444444444 ], [ 2.931422222222222, 50.463947222222224 ], [ 2.933783333333333, 50.463325 ], [ 2.936161111111111, 50.462730555555559 ], [ 2.938552777777778, 50.462161111111115 ], [ 2.940961111111111, 50.461619444444445 ], [ 2.943386111111111, 50.461105555555555 ], [ 2.945822222222223, 50.460616666666667 ], [ 2.948272222222223, 50.460155555555559 ], [ 2.950733333333333, 50.459722222222226 ], [ 2.953205555555556, 50.459316666666666 ], [ 2.955688888888889, 50.458936111111115 ], [ 2.958183333333333, 50.458586111111117 ], [ 2.960686111111111, 50.458261111111113 ], [ 2.963197222222222, 50.457966666666671 ], [ 2.965716666666667, 50.4577 ], [ 2.968244444444445, 50.457458333333335 ], [ 2.970775, 50.457247222222222 ], [ 2.973313888888889, 50.457063888888889 ], [ 2.975855555555555, 50.456908333333338 ], [ 2.978402777777778, 50.456780555555561 ], [ 2.98095, 50.456680555555558 ], [ 2.983502777777778, 50.456611111111116 ], [ 2.986055555555556, 50.456569444444447 ], [ 2.988611111111111, 50.45655277777778 ], [ 2.991163888888889, 50.456569444444447 ], [ 2.993716666666667, 50.456611111111116 ], [ 2.996269444444445, 50.456680555555558 ], [ 2.998816666666667, 50.456780555555561 ], [ 3.001363888888889, 50.456908333333338 ], [ 3.003905555555555, 50.457063888888889 ], [ 3.006444444444444, 50.457247222222222 ], [ 3.008975, 50.457458333333335 ], [ 3.011502777777778, 50.4577 ], [ 3.014022222222222, 50.457966666666671 ], [ 3.016533333333333, 50.458261111111113 ], [ 3.020277777777778, 50.458611111111111 ], [ 3.174166666666666, 50.480277777777779 ], [ 3.175711111111111, 50.480605555555556 ], [ 3.178197222222222, 50.480983333333334 ], [ 3.180672222222222, 50.481388888888894 ], [ 3.183133333333333, 50.481822222222227 ], [ 3.185583333333333, 50.482283333333335 ], [ 3.188022222222222, 50.482772222222223 ], [ 3.190447222222222, 50.483286111111113 ], [ 3.192855555555556, 50.483827777777776 ], [ 3.19525, 50.484397222222221 ], [ 3.197627777777778, 50.484991666666666 ], [ 3.199988888888889, 50.485613888888892 ], [ 3.202333333333334, 50.486261111111112 ], [ 3.204661111111111, 50.486933333333333 ], [ 3.206969444444445, 50.487633333333335 ], [ 3.209255555555556, 50.488355555555557 ], [ 3.211525, 50.489105555555554 ], [ 3.213772222222222, 50.489880555555558 ], [ 3.215997222222223, 50.490680555555556 ], [ 3.2182, 50.491502777777775 ], [ 3.220380555555556, 50.492352777777782 ], [ 3.222538888888889, 50.493225 ], [ 3.224672222222222, 50.494119444444443 ], [ 3.226780555555556, 50.495038888888892 ], [ 3.228861111111111, 50.495983333333335 ], [ 3.230919444444444, 50.496947222222225 ], [ 3.23295, 50.497936111111109 ], [ 3.234952777777778, 50.49894722222222 ], [ 3.236925, 50.49998055555556 ], [ 3.238872222222222, 50.501033333333332 ], [ 3.240788888888889, 50.502111111111113 ], [ 3.242675, 50.503208333333333 ], [ 3.244533333333333, 50.504325 ], [ 3.246358333333333, 50.50546388888889 ], [ 3.248152777777778, 50.506622222222219 ], [ 3.249916666666667, 50.5078 ], [ 3.251647222222222, 50.50899722222222 ], [ 3.253344444444445, 50.510213888888892 ], [ 3.255005555555555, 50.511447222222223 ], [ 3.256636111111111, 50.5127 ], [ 3.258230555555556, 50.513972222222222 ], [ 3.259791666666667, 50.515261111111109 ], [ 3.261313888888889, 50.51656666666667 ], [ 3.262802777777778, 50.517888888888891 ], [ 3.264255555555556, 50.519227777777779 ], [ 3.265669444444444, 50.520580555555554 ], [ 3.267047222222222, 50.52195 ], [ 3.268388888888889, 50.523336111111114 ], [ 3.269688888888889, 50.52473611111111 ], [ 3.270952777777778, 50.52615 ], [ 3.272177777777778, 50.527577777777779 ], [ 3.273363888888889, 50.529016666666664 ], [ 3.274508333333333, 50.530472222222222 ], [ 3.275613888888889, 50.531938888888888 ], [ 3.276677777777778, 50.533416666666668 ], [ 3.277702777777778, 50.534905555555554 ], [ 3.278686111111111, 50.536408333333334 ], [ 3.278941666666666, 50.538491666666665 ], [ 3.284166666666667, 50.594722222222224 ], [ 3.361666666666667, 50.515 ], [ 3.376666666666666, 50.495 ], [ 3.484722222222222, 50.519444444444446 ], [ 3.511666666666667, 50.526666666666664 ], [ 3.566944444444444, 50.500277777777775 ], [ 3.600555555555556, 50.483888888888892 ], [ 3.633333333333333, 50.473333333333336 ], [ 3.645555555555556, 50.45194444444445 ], [ 3.666666666666667, 50.416666666666664 ], [ 3.666666666666667, 50.35 ], [ 3.675, 50.342222222222226 ], [ 3.7875, 50.339722222222221 ], [ 3.873055555555556, 50.340555555555561 ], [ 3.926666666666666, 50.333888888888893 ], [ 3.973055555555556, 50.328333333333333 ], [ 4.089722222222222, 50.314722222222223 ], [ 4.118888888888889, 50.296666666666667 ], [ 4.178055555555556, 50.224722222222226 ], [ 4.149163888888889, 50.034719444444441 ], [ 4.145833333333334, 49.980555555555554 ], [ 3.558333333333333, 50.0 ], [ 3.043611111111111, 50.119444444444447 ], [ 2.359722222222222, 50.097222222222221 ], [ 2.525, 50.30555555555555 ], [ 2.560555555555555, 50.350277777777777 ], [ 2.589722222222222, 50.386941666666665 ], [ 2.668333333333333, 50.485830555555559 ], [ 2.728333333333333, 50.56111111111111 ], [ 2.848611111111111, 50.658333333333331 ], [ 2.8925, 50.693888888888885 ], [ 2.9, 50.7 ], [ 3.15, 50.783333333333331 ], [ 3.225, 50.678333333333327 ], [ 3.27, 50.609722222222224 ] ] ] } },
{ "type": "Feature", "properties": { "fir": "LFFF", "identifier": "LFFF:LILLE QE:045-115", "name": "LILLE QE", "level_lower": 45, "level_upper": 115 }, "geometry": { "type": "Polygon", "coordinates": [ [ [ 2.525, 50.30555555555555 ], [ 2.560555555555555, 50.350277777777777 ], [ 2.589722222222222, 50.386941666666665 ], [ 2.668333333333333, 50.485830555555559 ], [ 2.728333333333333, 50.56111111111111 ], [ 2.848611111111111, 50.658333333333331 ], [ 2.8925, 50.693888888888885 ], [ 2.9, 50.7 ], [ 3.15, 50.783333333333331 ], [ 3.225, 50.678333333333327 ], [ 3.27, 50.609722222222224 ], [ 3.284166666666667, 50.594722222222224 ], [ 3.361666666666667, 50.515 ], [ 3.376666666666666, 50.495 ], [ 3.484722222222222, 50.519444444444446 ], [ 3.511666666666667, 50.526666666666664 ], [ 3.566944444444444, 50.500277777777775 ], [ 3.600555555555556, 50.483888888888892 ], [ 3.633333333333333, 50.473333333333336 ], [ 3.645555555555556, 50.45194444444445 ], [ 3.666666666666667, 50.416666666666664 ], [ 3.666666666666667, 50.35 ], [ 3.675, 50.342222222222226 ], [ 3.7875, 50.339722222222221 ], [ 3.873055555555556, 50.340555555555561 ], [ 3.926666666666666, 50.333888888888893 ], [ 3.973055555555556, 50.328333333333333 ], [ 4.089722222222222, 50.314722222222223 ], [ 4.118888888888889, 50.296666666666667 ], [ 4.178055555555556, 50.224722222222226 ], [ 4.149163888888889, 50.034719444444441 ], [ 4.145833333333334, 49.980555555555554 ], [ 3.558333333333333, 50.0 ], [ 3.043611111111111, 50.119444444444447 ], [ 2.359722222222222, 50.097222222222221 ], [ 2.525, 50.30555555555555 ] ] ] } },
{ "type": "Feature", "properties": { "fir": "LFFF", "identifier": "LFFF:LILLE QW:045-115", "name": "LILLE QW", "level_lower": 45, "level_upper": 115 }, "geometry": { "type": "Polygon", "coordinates": [ [ [ 1.732222222222222, 51.058055555555555 ], [ 1.7625, 51.065 ], [ 1.825, 51.079166666666673 ], [ 2.0, 51.116666666666667 ], [ 2.243611111111111, 51.100555555555559 ], [ 2.327777777777778, 51.03 ], [ 2.572777777777778, 51.015555555555558 ], [ 2.633333333333333, 50.81666666666667 ], [ 2.716666666666667, 50.8 ], [ 2.816666666666666, 50.725 ], [ 2.9, 50.7 ], [ 2.8925, 50.693888888888885 ], [ 2.848611111111111, 50.658333333333331 ], [ 2.728333333333333, 50.56111111111111 ], [ 2.668333333333333, 50.485830555555559 ], [ 2.589722222222222, 50.386941666666665 ], [ 2.560555555555555, 50.350277777777777 ], [ 2.525, 50.30555555555555 ], [ 2.359722222222222, 50.097222222222221 ], [ 2.344722222222222, 50.077777777777783 ], [ 2.283888888888889, 50.0 ], [ 1.388055555555556, 50.0 ], [ 1.018888888888889, 50.274722222222223 ], [ 0.821388888888889, 50.421388888888885 ], [ 1.454722222222222, 50.662222222222219 ], [ 1.465, 50.905277777777776 ], [ 1.466666666666667, 51.0 ], [ 1.732222222222222, 51.058055555555555 ] ] ] } },
{ "type": "Feature", "properties": { "fir": "LFFF", "identifier": "LFFF:LILLE QW:020-045", "name": "LILLE QW", "level_lower": 20, "level_upper": 45 }, "geometry": { "type": "Polygon", "coordinates": [ [ [ 2.804444444444444, 50.843888888888891 ], [ 2.921388888888889, 50.717222222222226 ], [ 2.9, 50.7 ], [ 2.8925, 50.693888888888885 ], [ 2.848611111111111, 50.658333333333331 ], [ 2.728333333333333, 50.56111111111111 ], [ 2.668333333333333, 50.485830555555559 ], [ 2.589722222222222, 50.386941666666665 ], [ 2.560555555555555, 50.350277777777777 ], [ 2.525, 50.30555555555555 ], [ 2.359722222222222, 50.097222222222221 ], [ 2.344722222222222, 50.077777777777783 ], [ 2.283888888888889, 50.0 ], [ 1.388055555555556, 50.0 ], [ 1.018888888888889, 50.274722222222223 ], [ 0.821388888888889, 50.421388888888885 ], [ 1.454722222222222, 50.662222222222219 ], [ 1.465, 50.905277777777776 ], [ 1.466666666666667, 51.0 ], [ 1.732222222222222, 51.058055555555555 ], [ 1.7625, 51.065 ], [ 1.825, 51.079166666666673 ], [ 2.0, 51.116666666666667 ], [ 2.243611111111111, 51.100555555555559 ], [ 2.327777777777778, 51.03 ], [ 2.572777777777778, 51.015555555555558 ], [ 2.633333333333333, 50.81666666666667 ], [ 2.804444444444444, 50.843888888888891 ] ] ] } },
{ "type": "Feature", "properties": { "fir": "LFFF", "identifier": "LFFF:LILLE QW-N:000-020", "name": "LILLE QW-N", "level_lower": 0, "level_upper": 20 }, "geometry": { "type": "Polygon", "coordinates": [ [ [ 1.465, 50.905277777777776 ], [ 1.466666666666667, 51.0 ], [ 1.732222222222222, 51.058055555555555 ], [ 1.7625, 51.065 ], [ 1.825, 51.079166666666673 ], [ 2.0, 51.116666666666667 ], [ 2.243611111111111, 51.100555555555559 ], [ 2.327777777777778, 51.03 ], [ 2.572777777777778, 51.015555555555558 ], [ 2.633333333333333, 50.81666666666667 ], [ 2.716666666666667, 50.8 ], [ 2.816666666666666, 50.725 ], [ 2.9, 50.7 ], [ 2.8925, 50.693888888888885 ], [ 2.848611111111111, 50.658333333333331 ], [ 2.583055555555555, 50.789444444444442 ], [ 2.356388888888889, 50.595555555555556 ], [ 1.873333333333333, 50.491666666666667 ], [ 1.569444444444444, 50.679166666666667 ], [ 1.454722222222222, 50.662222222222219 ], [ 1.465, 50.905277777777776 ] ] ] } },
{ "type": "Feature", "properties": { "fir": "LFFF", "identifier": "LFFF:LILLE QW-S:000-020", "name": "LILLE QW-S", "level_lower": 0, "level_upper": 20 }, "geometry": { "type": "Polygon", "coordinates": [ [ [ 1.3725, 50.549722222222222 ], [ 1.554444444444445, 50.437777777777775 ], [ 1.560277777777778, 50.437777777777775 ], [ 1.564216666666667, 50.440716666666667 ], [ 1.568894444444444, 50.443263888888886 ], [ 1.574141666666667, 50.445313888888883 ], [ 1.579825, 50.446813888888883 ], [ 1.585808333333333, 50.447730555555552 ], [ 1.591944444444445, 50.448038888888888 ], [ 1.598077777777778, 50.447730555555552 ], [ 1.604061111111111, 50.446813888888883 ], [ 1.609744444444444, 50.445313888888883 ], [ 1.614991666666667, 50.443263888888886 ], [ 1.619672222222222, 50.440716666666667 ], [ 1.623666666666667, 50.437736111111107 ], [ 1.626883333333333, 50.434391666666663 ], [ 1.629236111111111, 50.430769444444444 ], [ 1.630672222222222, 50.426955555555551 ], [ 1.631155555555556, 50.423047222222223 ], [ 1.631111111111111, 50.42 ], [ 1.700555555555556, 50.37777777777778 ], [ 1.873333333333333, 50.491666666666667 ], [ 2.356388888888889, 50.595555555555556 ], [ 2.614444444444445, 50.468055555555559 ], [ 2.728333333333333, 50.56111111111111 ], [ 2.668333333333333, 50.485830555555559 ], [ 2.589722222222222, 50.386941666666665 ], [ 2.560555555555555, 50.350277777777777 ], [ 2.525, 50.30555555555555 ], [ 2.359722222222222, 50.097222222222221 ], [ 2.344722222222222, 50.077777777777783 ], [ 2.283888888888889, 50.0 ], [ 1.388055555555556, 50.0 ], [ 1.018888888888889, 50.274722222222223 ], [ 0.821388888888889, 50.421388888888885 ], [ 1.454722222222222, 50.662222222222219 ], [ 1.569444444444444, 50.679166666666667 ], [ 1.3725, 50.549722222222222 ] ] ] } },
{ "type": "Feature", "properties": { "fir": "LFFF", "identifier": "LFFF:ORLEANS CTR:000-015", "name": "ORLEANS CTR", "level_lower": 0, "level_upper": 15 }, "geometry": { "type": "Polygon", "coordinates": [ [ [ 1.824722222222222, 48.091944444444444 ], [ 1.828197222222222, 48.092805555555557 ], [ 1.847191666666667, 48.095861111111113 ], [ 1.866666666666667, 48.096886111111111 ], [ 1.886138888888889, 48.095861111111113 ], [ 1.905133333333333, 48.092805555555557 ], [ 1.923183333333333, 48.087797222222221 ], [ 1.939838888888889, 48.080958333333335 ], [ 1.954691666666667, 48.072461111111117 ], [ 1.967377777777778, 48.062513888888887 ], [ 1.977586111111111, 48.051363888888886 ], [ 1.985061111111111, 48.03928333333333 ], [ 1.989622222222222, 48.026572222222221 ], [ 1.991155555555556, 48.013541666666669 ], [ 1.989622222222222, 48.00051666666667 ], [ 1.985061111111111, 47.987813888888887 ], [ 1.977586111111111, 47.97575 ], [ 1.967377777777778, 47.964616666666672 ], [ 1.954691666666667, 47.954691666666669 ], [ 1.939838888888889, 47.946213888888884 ], [ 1.923183333333333, 47.939394444444439 ], [ 1.908888888888889, 47.935277777777777 ], [ 1.7275, 47.891111111111108 ], [ 1.723713888888889, 47.890236111111108 ], [ 1.704733333333333, 47.887188888888886 ], [ 1.685277777777778, 47.886166666666668 ], [ 1.665819444444444, 47.887188888888886 ], [ 1.646841666666667, 47.890236111111108 ], [ 1.628808333333333, 47.895227777777777 ], [ 1.612166666666667, 47.902047222222222 ], [ 1.597325, 47.910525 ], [ 1.58465, 47.92045 ], [ 1.57445, 47.931583333333329 ], [ 1.566983333333333, 47.943647222222218 ], [ 1.562425, 47.95635 ], [ 1.561388888888889, 47.961944444444448 ], [ 1.609166666666667, 48.035277777777779 ], [ 1.612166666666667, 48.036791666666666 ], [ 1.628808333333333, 48.043630555555552 ], [ 1.643333333333333, 48.047777777777775 ], [ 1.824722222222222, 48.091944444444444 ] ] ] } },
{ "type": "Feature", "properties": { "fir": "LFFF", "identifier": "LFFF:OT2 UAC:195-245", "name": "OT2 UAC", "level_lower": 195, "level_upper": 245 }, "geometry": { "type": "Polygon", "coordinates": [ [ [ 1.690555555555556, 47.831666666666671 ], [ 1.715277777777778, 47.953611111111115 ], [ 1.782222222222222, 48.133333333333333 ], [ 1.839858333333333, 48.215475 ], [ 1.897222222222222, 48.297222222222217 ], [ 1.875277777777778, 48.5025 ], [ 1.866666666666667, 48.583333333333336 ], [ 1.821111111111111, 48.638055555555553 ], [ 1.208055555555555, 48.250277777777775 ], [ 0.9175, 47.989444444444445 ], [ 0.5575, 47.5175 ], [ 0.570830555555556, 47.166941666666666 ], [ 0.574444444444444, 47.063888888888883 ], [ 0.986666666666667, 47.00416666666667 ], [ 1.466666666666667, 47.166663888888884 ], [ 1.633611111111111, 47.550277777777772 ], [ 1.676666666666667, 47.762777777777778 ], [ 1.690555555555556, 47.831666666666671 ] ] ] } },
{ "type": "Feature", "properties": { "fir": "LFFF", "identifier": "LFFF:PU UAC:315-345", "name": "PU UAC", "level_lower": 315, "level_upper": 345 }, "geometry": { "type": "Polygon", "coordinates": [ [ [ 2.792777777777778, 48.395277777777778 ], [ 2.918611111111111, 48.283333333333331 ], [ 3.235277777777778, 47.998888888888892 ], [ 3.362777777777778, 47.795277777777777 ], [ 3.528611111111111, 47.5275 ], [ 3.795830555555555, 47.401666666666664 ], [ 4.05, 46.283333333333331 ], [ 3.683333333333334, 46.283333333333331 ], [ 3.5, 46.56666666666667 ], [ 3.065, 47.313888888888883 ], [ 2.831666666666667, 47.734166666666667 ], [ 2.610277777777778, 48.133333333333333 ], [ 2.792777777777778, 48.395277777777778 ] ] ] } },
{ "type": "Feature", "properties": { "fir": "LFFF", "identifier": "LFFF:PW UAC:345-355", "name": "PW UAC", "level_lower": 345, "level_upper": 355 }, "geometry": { "type": "Polygon", "coordinates": [ [ [ 2.792777777777778, 48.395277777777778 ], [ 2.918611111111111, 48.283333333333331 ], [ 3.235277777777778, 47.998888888888892 ], [ 3.362777777777778, 47.795277777777777 ], [ 3.528611111111111, 47.5275 ], [ 3.795830555555555, 47.401666666666664 ], [ 4.05, 46.283333333333331 ], [ 3.683333333333334, 46.283333333333331 ], [ 3.5, 46.56666666666667 ], [ 3.065, 47.313888888888883 ], [ 2.831666666666667, 47.734166666666667 ], [ 2.610277777777778, 48.133333333333333 ], [ 2.792777777777778, 48.395277777777778 ] ] ] } },
{ "type": "Feature", "properties": { "fir": "LFFF", "identifier": "LFFF:S UAC:000-115", "name": "S UAC", "level_lower": 0, "level_upper": 115 }, "geometry": { "type": "Polygon", "coordinates": [ [ [ 1.655555555555555, 47.658611111111107 ], [ 2.039722222222222, 47.540277777777774 ], [ 3.295277777777778, 47.540277777777774 ], [ 3.333333333333333, 47.540277777777774 ], [ 4.333333333333333, 47.416666666666664 ], [ 4.270830555555555, 47.359166666666667 ], [ 3.501944444444444, 47.109722222222224 ], [ 3.383333333333333, 46.983333333333334 ], [ 3.313055555555555, 46.728055555555557 ], [ 2.868052777777778, 46.5775 ], [ 2.833333333333333, 46.75 ], [ 2.182305555555555, 47.07233333333334 ], [ 2.168888888888889, 47.082219444444448 ], [ 2.0, 47.166666666666664 ], [ 1.504444444444444, 47.166666666666664 ], [ 1.466666666666667, 47.166663888888884 ], [ 1.633611111111111, 47.550277777777772 ], [ 1.655555555555555, 47.658611111111107 ] ] ] } },
{ "type": "Feature", "properties": { "fir": "LFFF", "identifier": "LFFF:S UAC:115-195", "name": "S UAC", "level_lower": 115, "level_upper": 195 }, "geometry": { "type": "Polygon", "coordinates": [ [ [ 2.868052777777778, 46.5775 ], [ 2.833333333333333, 46.75 ], [ 2.182305555555555, 47.07233333333334 ], [ 2.168888888888889, 47.082219444444448 ], [ 2.0, 47.166666666666664 ], [ 1.504444444444444, 47.166666666666664 ], [ 1.466666666666667, 47.166663888888884 ], [ 1.633611111111111, 47.550277777777772 ], [ 1.655555555555555, 47.658611111111107 ], [ 1.676666666666667, 47.762777777777778 ], [ 1.690555555555556, 47.831666666666671 ], [ 2.055830555555555, 47.719444444444449 ], [ 2.704166666666667, 47.719444444444449 ], [ 2.831666666666667, 47.734166666666667 ], [ 3.362777777777778, 47.795277777777777 ], [ 3.528611111111111, 47.5275 ], [ 4.333333333333333, 47.416666666666664 ], [ 4.270830555555555, 47.359166666666667 ], [ 4.366944444444444, 46.88 ], [ 4.65, 46.583333333333336 ], [ 4.674722222222223, 46.5 ], [ 4.4, 46.5 ], [ 3.616666666666667, 46.5 ], [ 3.266666666666667, 46.5 ], [ 2.916666666666667, 46.333333333333336 ], [ 2.868052777777778, 46.5775 ] ] ] } },
{ "type": "Feature", "properties": { "fir": "LFFF", "identifier": "LFFF:SEINE SI:065-085", "name": "SEINE SI", "level_lower": 65, "level_upper": 85 }, "geometry": { "type": "Polygon", "coordinates": [ [ [ 4.05, 49.266666666666666 ], [ 4.291111111111111, 49.320277777777783 ], [ 4.8, 48.95 ], [ 5.398611111111111, 48.50416666666667 ], [ 5.398611111111111, 48.370555555555555 ], [ 5.336941666666666, 48.309444444444445 ], [ 5.166666666666667, 48.166666666666664 ], [ 4.952777777777778, 47.974166666666669 ], [ 4.755905555555556, 47.800447222222218 ], [ 4.580830555555555, 47.642777777777781 ], [ 4.333333333333333, 47.416666666666664 ], [ 3.333333333333333, 47.540277777777774 ], [ 3.295277777777778, 47.540277777777774 ], [ 3.255277777777778, 47.6 ], [ 3.25, 47.607777777777777 ], [ 3.250991666666667, 47.92075 ], [ 3.249941666666667, 47.921716666666661 ], [ 3.164722222222222, 48.0 ], [ 3.053888888888889, 48.101388888888891 ], [ 3.240555555555555, 48.089166666666671 ], [ 3.440919444444445, 48.206997222222228 ], [ 3.780555555555555, 48.406111111111109 ], [ 3.786341666666666, 48.41202222222222 ], [ 3.915555555555556, 48.543888888888887 ], [ 3.889775, 48.583330555555555 ], [ 3.853055555555556, 48.639444444444443 ], [ 3.781666666666667, 48.672222222222217 ], [ 3.656388888888889, 48.70055555555556 ], [ 3.656941666666667, 48.736666666666665 ], [ 3.660316666666667, 49.000666666666667 ], [ 3.660736111111111, 49.033330555555551 ], [ 3.661266666666667, 49.074644444444445 ], [ 3.66135, 49.081227777777784 ], [ 3.661666666666667, 49.105830555555556 ], [ 3.738888888888889, 49.158333333333331 ], [ 3.860833333333333, 49.241944444444442 ], [ 4.05, 49.266666666666666 ] ] ] } },
{ "type": "Feature", "properties": { "fir": "LFFF", "identifier": "LFFF:SEINE SI:085-115", "name": "SEINE SI", "level_lower": 85, "level_upper": 115 }, "geometry": { "type": "Polygon", "coordinates": [ [ [ 4.8, 48.95 ], [ 5.398611111111111, 48.50416666666667 ], [ 5.398611111111111, 48.370555555555555 ], [ 5.336941666666666, 48.309444444444445 ], [ 5.166666666666667, 48.166666666666664 ], [ 4.952777777777778, 47.974166666666669 ], [ 4.755905555555556, 47.800447222222218 ], [ 4.580830555555555, 47.642777777777781 ], [ 4.333333333333333, 47.416666666666664 ], [ 3.333333333333333, 47.540277777777774 ], [ 3.295277777777778, 47.540277777777774 ], [ 3.255277777777778, 47.6 ], [ 3.25, 47.607777777777777 ], [ 3.250991666666667, 47.92075 ], [ 3.249941666666667, 47.921716666666661 ], [ 3.164722222222222, 48.0 ], [ 3.053888888888889, 48.101388888888891 ], [ 3.240555555555555, 48.089166666666671 ], [ 3.440919444444445, 48.206997222222228 ], [ 3.780555555555555, 48.406111111111109 ], [ 3.786341666666666, 48.41202222222222 ], [ 3.915555555555556, 48.543888888888887 ], [ 3.889775, 48.583330555555555 ], [ 3.853055555555556, 48.639444444444443 ], [ 3.781666666666667, 48.672222222222217 ], [ 3.656388888888889, 48.70055555555556 ], [ 3.656941666666667, 48.736666666666665 ], [ 3.660316666666667, 49.000666666666667 ], [ 3.660736111111111, 49.033330555555551 ], [ 3.661266666666667, 49.074644444444445 ], [ 3.66135, 49.081227777777784 ], [ 3.661666666666667, 49.105830555555556 ], [ 3.738888888888889, 49.158333333333331 ], [ 3.860833333333333, 49.241944444444442 ], [ 4.05, 49.266666666666666 ], [ 4.291111111111111, 49.320277777777783 ], [ 4.8, 48.95 ] ] ] } },
{ "type": "Feature", "properties": { "fir": "LFFF", "identifier": "LFFF:SEINE SI:045-065", "name": "SEINE SI", "level_lower": 45, "level_upper": 65 }, "geometry": { "type": "Polygon", "coordinates": [ [ [ 3.656941666666667, 48.736666666666665 ], [ 3.620244444444444, 48.75385 ], [ 3.483330555555556, 49.033330555555551 ], [ 3.660736111111111, 49.033330555555551 ], [ 3.661266666666667, 49.074644444444445 ], [ 3.66135, 49.081227777777784 ], [ 3.661666666666667, 49.105830555555556 ], [ 3.662219444444444, 49.140555555555558 ], [ 3.621427777777778, 49.202630555555558 ], [ 3.616855555555555, 49.20955277777778 ], [ 3.628333333333333, 49.211111111111116 ], [ 3.860833333333333, 49.241944444444442 ], [ 4.05, 49.266666666666666 ], [ 4.291111111111111, 49.320277777777783 ], [ 4.8, 48.95 ], [ 5.398611111111111, 48.50416666666667 ], [ 5.398611111111111, 48.370555555555555 ], [ 5.336941666666666, 48.309444444444445 ], [ 5.166666666666667, 48.166666666666664 ], [ 4.952777777777778, 47.974166666666669 ], [ 4.755905555555556, 47.800447222222218 ], [ 4.580830555555555, 47.642777777777781 ], [ 4.333333333333333, 47.416666666666664 ], [ 3.333333333333333, 47.540277777777774 ], [ 3.295277777777778, 47.540277777777774 ], [ 3.255277777777778, 47.6 ], [ 3.25, 47.607777777777777 ], [ 3.250991666666667, 47.92075 ], [ 3.249941666666667, 47.921716666666661 ], [ 3.164722222222222, 48.0 ], [ 3.053888888888889, 48.101388888888891 ], [ 3.240555555555555, 48.089166666666671 ], [ 3.440919444444445, 48.206997222222228 ], [ 3.780555555555555, 48.406111111111109 ], [ 3.786341666666666, 48.41202222222222 ], [ 3.915555555555556, 48.543888888888887 ], [ 3.889775, 48.583330555555555 ], [ 3.853055555555556, 48.639444444444443 ], [ 3.781666666666667, 48.672222222222217 ], [ 3.656388888888889, 48.70055555555556 ], [ 3.656941666666667, 48.736666666666665 ] ] ] } },
{ "type": "Feature", "properties": { "fir": "LFFF", "identifier": "LFFF:SEINE SI:025-045", "name": "SEINE SI", "level_lower": 25, "level_upper": 45 }, "geometry": { "type": "Polygon", "coordinates": [ [ [ 3.860833333333333, 49.241944444444442 ], [ 4.05, 49.266666666666666 ], [ 4.291111111111111, 49.320277777777783 ], [ 4.8, 48.95 ], [ 5.398611111111111, 48.50416666666667 ], [ 5.398611111111111, 48.370555555555555 ], [ 5.336941666666666, 48.309444444444445 ], [ 5.166666666666667, 48.166666666666664 ], [ 4.952777777777778, 47.974166666666669 ], [ 4.755905555555556, 47.800447222222218 ], [ 4.580830555555555, 47.642777777777781 ], [ 4.333333333333333, 47.416666666666664 ], [ 3.333333333333333, 47.540277777777774 ], [ 3.295277777777778, 47.540277777777774 ], [ 3.255277777777778, 47.6 ], [ 3.25, 47.607777777777777 ], [ 3.250991666666667, 47.92075 ], [ 3.249941666666667, 47.921716666666661 ], [ 3.164722222222222, 48.0 ], [ 3.053888888888889, 48.101388888888891 ], [ 3.240555555555555, 48.089166666666671 ], [ 3.440919444444445, 48.206997222222228 ], [ 3.780555555555555, 48.406111111111109 ], [ 3.786341666666666, 48.41202222222222 ], [ 3.915555555555556, 48.543888888888887 ], [ 3.889775, 48.583330555555555 ], [ 3.853055555555556, 48.639444444444443 ], [ 3.781666666666667, 48.672222222222217 ], [ 3.656388888888889, 48.70055555555556 ], [ 3.656941666666667, 48.736666666666665 ], [ 3.620244444444444, 48.75385 ], [ 3.500833333333333, 48.80972222222222 ], [ 3.485305555555556, 49.008175 ], [ 3.483330555555556, 49.033330555555551 ], [ 3.509919444444444, 49.065972222222221 ], [ 3.621427777777778, 49.202630555555558 ], [ 3.628333333333333, 49.211111111111116 ], [ 3.860833333333333, 49.241944444444442 ] ] ] } },
{ "type": "Feature", "properties": { "fir": "LFFF", "identifier": "LFFF:SEINE SI-N:000-025", "name": "SEINE SI-N", "level_lower": 0, "level_upper": 25 }, "geometry": { "type": "Polygon", "coordinates": [ [ [ 3.860833333333333, 49.241944444444442 ], [ 4.05, 49.266666666666666 ], [ 4.291111111111111, 49.320277777777783 ], [ 4.8, 48.95 ], [ 4.3821, 48.825061111111111 ], [ 4.36665, 48.837 ], [ 4.348558333333333, 48.8472 ], [ 4.328275, 48.855408333333337 ], [ 4.306294444444444, 48.861419444444444 ], [ 4.289166666666667, 48.864444444444445 ], [ 4.138333333333334, 48.884166666666665 ], [ 4.132613888888889, 48.884811111111112 ], [ 4.108888888888888, 48.886041666666664 ], [ 4.085161111111111, 48.884811111111112 ], [ 4.062019444444444, 48.881141666666664 ], [ 4.040030555555555, 48.875130555555558 ], [ 4.019736111111111, 48.866922222222222 ], [ 4.001638888888889, 48.856722222222224 ], [ 3.986183333333333, 48.844783333333339 ], [ 3.973747222222222, 48.8314 ], [ 3.964638888888889, 48.8169 ], [ 3.959083333333334, 48.801644444444442 ], [ 3.957216666666667, 48.786011111111108 ], [ 3.959083333333334, 48.770380555555555 ], [ 3.964638888888889, 48.755138888888887 ], [ 3.973747222222222, 48.740663888888889 ], [ 3.986183333333333, 48.72730555555556 ], [ 4.001638888888889, 48.715397222222222 ], [ 3.853055555555556, 48.639444444444443 ], [ 3.781666666666667, 48.672222222222217 ], [ 3.656388888888889, 48.70055555555556 ], [ 3.656941666666667, 48.736666666666665 ], [ 3.620244444444444, 48.75385 ], [ 3.500833333333333, 48.80972222222222 ], [ 3.485305555555556, 49.008175 ], [ 3.483330555555556, 49.033330555555551 ], [ 3.509919444444444, 49.065972222222221 ], [ 3.621427777777778, 49.202630555555558 ], [ 3.628333333333333, 49.211111111111116 ], [ 3.860833333333333, 49.241944444444442 ] ] ] } },
{ "type": "Feature", "properties": { "fir": "LFFF", "identifier": "LFFF:SEINE SI-S:000-025", "name": "SEINE SI-S", "level_lower": 0, "level_upper": 25 }, "geometry": { "type": "Polygon", "coordinates": [ [ [ 3.853055555555556, 48.639444444444443 ], [ 4.001638888888889, 48.715397222222222 ], [ 4.019736111111111, 48.705227777777779 ], [ 4.040030555555555, 48.69705 ], [ 4.062019444444444, 48.691058333333331 ], [ 4.079722222222222, 48.68805555555555 ], [ 4.23, 48.668333333333329 ], [ 4.235725, 48.667683333333329 ], [ 4.259444444444444, 48.666455555555551 ], [ 4.283161111111111, 48.667683333333329 ], [ 4.306294444444444, 48.67133611111111 ], [ 4.328275, 48.677327777777776 ], [ 4.348558333333333, 48.685505555555551 ], [ 4.36665, 48.695675 ], [ 4.3821, 48.707583333333339 ], [ 4.394530555555556, 48.720941666666668 ], [ 4.403636111111111, 48.735416666666666 ], [ 4.409188888888889, 48.750658333333334 ], [ 4.411055555555556, 48.766288888888887 ], [ 4.409188888888889, 48.781922222222221 ], [ 4.403636111111111, 48.797177777777776 ], [ 4.394530555555556, 48.811677777777774 ], [ 4.3821, 48.825061111111111 ], [ 4.8, 48.95 ], [ 5.398611111111111, 48.50416666666667 ], [ 5.398611111111111, 48.370555555555555 ], [ 5.336941666666666, 48.309444444444445 ], [ 5.166666666666667, 48.166666666666664 ], [ 4.952777777777778, 47.974166666666669 ], [ 4.755905555555556, 47.800447222222218 ], [ 4.580830555555555, 47.642777777777781 ], [ 4.333333333333333, 47.416666666666664 ], [ 3.333333333333333, 47.540277777777774 ], [ 3.295277777777778, 47.540277777777774 ], [ 3.255277777777778, 47.6 ], [ 3.25, 47.607777777777777 ], [ 3.250991666666667, 47.92075 ], [ 3.249941666666667, 47.921716666666661 ], [ 3.164722222222222, 48.0 ], [ 3.053888888888889, 48.101388888888891 ], [ 3.240555555555555, 48.089166666666671 ], [ 3.440919444444445, 48.206997222222228 ], [ 3.780555555555555, 48.406111111111109 ], [ 3.786341666666666, 48.41202222222222 ], [ 3.915555555555556, 48.543888888888887 ], [ 3.889775, 48.583330555555555 ], [ 3.853055555555556, 48.639444444444443 ] ] ] } },
{ "type": "Feature", "properties": { "fir": "LFFF", "identifier": "LFFF:SEINE SJ:045-065", "name": "SEINE SJ", "level_lower": 45, "level_upper": 65 }, "geometry": { "type": "Polygon", "coordinates": [ [ [ 3.240555555555555, 48.089166666666671 ], [ 3.053888888888889, 48.101388888888891 ], [ 3.164722222222222, 48.0 ], [ 3.249941666666667, 47.921716666666661 ], [ 3.250991666666667, 47.92075 ], [ 3.25, 47.607777777777777 ], [ 3.255277777777778, 47.6 ], [ 3.295277777777778, 47.540277777777774 ], [ 2.039722222222222, 47.540277777777774 ], [ 1.655555555555555, 47.658611111111107 ], [ 1.715277777777778, 47.953611111111115 ], [ 1.750833333333333, 48.059166666666663 ], [ 1.768333333333333, 48.110277777777782 ], [ 1.793713888888889, 48.15 ], [ 1.897222222222222, 48.297222222222217 ], [ 1.889969444444444, 48.377533333333332 ], [ 2.747219444444445, 48.377219444444442 ], [ 2.885, 48.376666666666665 ], [ 2.907375, 48.395627777777776 ], [ 2.968980555555556, 48.4478 ], [ 3.158611111111111, 48.608055555555559 ], [ 3.197811111111111, 48.618108333333332 ], [ 3.22235, 48.624452777777776 ], [ 3.631777777777778, 48.730233333333338 ], [ 3.656941666666667, 48.736666666666665 ], [ 3.656388888888889, 48.70055555555556 ], [ 3.781666666666667, 48.672222222222217 ], [ 3.853055555555556, 48.639444444444443 ], [ 3.889775, 48.583330555555555 ], [ 3.915555555555556, 48.543888888888887 ], [ 3.786341666666666, 48.41202222222222 ], [ 3.780555555555555, 48.406111111111109 ], [ 3.440919444444445, 48.206997222222228 ], [ 3.240555555555555, 48.089166666666671 ] ] ] } },
{ "type": "Feature", "properties": { "fir": "LFFF", "identifier": "LFFF:SEINE SJ:065-085", "name": "SEINE SJ", "level_lower": 65, "level_upper": 85 }, "geometry": { "type": "Polygon", "coordinates": [ [ [ 3.240555555555555, 48.089166666666671 ], [ 3.053888888888889, 48.101388888888891 ], [ 3.164722222222222, 48.0 ], [ 3.249941666666667, 47.921716666666661 ], [ 3.250991666666667, 47.92075 ], [ 3.25, 47.607777777777777 ], [ 3.255277777777778, 47.6 ], [ 3.295277777777778, 47.540277777777774 ], [ 2.039722222222222, 47.540277777777774 ], [ 1.655555555555555, 47.658611111111107 ], [ 1.715277777777778, 47.953611111111115 ], [ 1.750833333333333, 48.059166666666663 ], [ 1.768333333333333, 48.110277777777782 ], [ 1.793713888888889, 48.15 ], [ 1.897222222222222, 48.297222222222217 ], [ 2.906666666666667, 48.273611111111109 ], [ 3.048611111111111, 48.107777777777777 ], [ 3.461211111111111, 48.352552777777781 ], [ 3.508063888888889, 48.380069444444445 ], [ 3.637777777777778, 48.456944444444446 ], [ 3.853055555555556, 48.639444444444443 ], [ 3.889775, 48.583330555555555 ], [ 3.915555555555556, 48.543888888888887 ], [ 3.786341666666666, 48.41202222222222 ], [ 3.780555555555555, 48.406111111111109 ], [ 3.440919444444445, 48.206997222222228 ], [ 3.240555555555555, 48.089166666666671 ] ] ] } },
{ "type": "Feature", "properties": { "fir": "LFFF", "identifier": "LFFF:SEINE SJ:085-115", "name": "SEINE SJ", "level_lower": 85, "level_upper": 115 }, "geometry": { "type": "Polygon", "coordinates": [ [ [ 3.889775, 48.583330555555555 ], [ 3.915555555555556, 48.543888888888887 ], [ 3.786341666666666, 48.41202222222222 ], [ 3.780555555555555, 48.406111111111109 ], [ 3.440919444444445, 48.206997222222228 ], [ 3.240555555555555, 48.089166666666671 ], [ 3.053888888888889, 48.101388888888891 ], [ 3.164722222222222, 48.0 ], [ 3.249941666666667, 47.921716666666661 ], [ 3.250991666666667, 47.92075 ], [ 3.25, 47.607777777777777 ], [ 3.255277777777778, 47.6 ], [ 3.295277777777778, 47.540277777777774 ], [ 2.039722222222222, 47.540277777777774 ], [ 1.655555555555555, 47.658611111111107 ], [ 1.715277777777778, 47.953611111111115 ], [ 1.750833333333333, 48.059166666666663 ], [ 1.768333333333333, 48.110277777777782 ], [ 1.793713888888889, 48.15 ], [ 1.897222222222222, 48.297222222222217 ], [ 2.906666666666667, 48.273611111111109 ], [ 3.048611111111111, 48.107777777777777 ], [ 3.461211111111111, 48.352552777777781 ], [ 3.508063888888889, 48.380069444444445 ], [ 3.637777777777778, 48.456944444444446 ], [ 3.853055555555556, 48.639444444444443 ], [ 3.889775, 48.583330555555555 ] ] ] } },
{ "type": "Feature", "properties": { "fir": "LFFF", "identifier": "LFFF:SEINE SJ:000-025", "name": "SEINE SJ", "level_lower": 0, "level_upper": 25 }, "geometry": { "type": "Polygon", "coordinates": [ [ [ 3.053888888888889, 48.101388888888891 ], [ 3.164722222222222, 48.0 ], [ 3.249941666666667, 47.921716666666661 ], [ 3.250991666666667, 47.92075 ], [ 3.25, 47.607777777777777 ], [ 3.255277777777778, 47.6 ], [ 3.295277777777778, 47.540277777777774 ], [ 2.039722222222222, 47.540277777777774 ], [ 1.655555555555555, 47.658611111111107 ], [ 1.715277777777778, 47.953611111111115 ], [ 1.750833333333333, 48.059166666666663 ], [ 1.768333333333333, 48.110277777777782 ], [ 1.793713888888889, 48.15 ], [ 1.897222222222222, 48.297222222222217 ], [ 1.889969444444444, 48.377533333333332 ], [ 1.885277777777778, 48.429444444444442 ], [ 2.395833333333333, 48.406388888888884 ], [ 2.489166666666667, 48.505 ], [ 2.685277777777778, 48.483333333333334 ], [ 2.847222222222222, 48.522222222222219 ], [ 2.911666666666667, 48.647222222222219 ], [ 3.123888888888889, 48.6275 ], [ 3.212547222222222, 48.669852777777777 ], [ 3.500833333333333, 48.80972222222222 ], [ 3.620244444444444, 48.75385 ], [ 3.656941666666667, 48.736666666666665 ], [ 3.656388888888889, 48.70055555555556 ], [ 3.781666666666667, 48.672222222222217 ], [ 3.853055555555556, 48.639444444444443 ], [ 3.889775, 48.583330555555555 ], [ 3.915555555555556, 48.543888888888887 ], [ 3.786341666666666, 48.41202222222222 ], [ 3.780555555555555, 48.406111111111109 ], [ 3.440919444444445, 48.206997222222228 ], [ 3.240555555555555, 48.089166666666671 ], [ 3.053888888888889, 48.101388888888891 ] ] ] } },
{ "type": "Feature", "properties": { "fir": "LFFF", "identifier": "LFFF:SEINE SJ:025-035", "name": "SEINE SJ", "level_lower": 25, "level_upper": 35 }, "geometry": { "type": "Polygon", "coordinates": [ [ [ 3.053888888888889, 48.101388888888891 ], [ 3.164722222222222, 48.0 ], [ 3.249941666666667, 47.921716666666661 ], [ 3.250991666666667, 47.92075 ], [ 3.25, 47.607777777777777 ], [ 3.255277777777778, 47.6 ], [ 3.295277777777778, 47.540277777777774 ], [ 2.039722222222222, 47.540277777777774 ], [ 1.655555555555555, 47.658611111111107 ], [ 1.715277777777778, 47.953611111111115 ], [ 1.750833333333333, 48.059166666666663 ], [ 1.768333333333333, 48.110277777777782 ], [ 1.793713888888889, 48.15 ], [ 1.897222222222222, 48.297222222222217 ], [ 1.889969444444444, 48.377533333333332 ], [ 1.885277777777778, 48.429444444444442 ], [ 2.395833333333333, 48.406388888888884 ], [ 2.489166666666667, 48.505 ], [ 2.685277777777778, 48.483333333333334 ], [ 2.847222222222222, 48.522222222222219 ], [ 2.911666666666667, 48.647222222222219 ], [ 3.123888888888889, 48.6275 ], [ 3.212547222222222, 48.669852777777777 ], [ 3.500833333333333, 48.80972222222222 ], [ 3.620244444444444, 48.75385 ], [ 3.656941666666667, 48.736666666666665 ], [ 3.656388888888889, 48.70055555555556 ], [ 3.781666666666667, 48.672222222222217 ], [ 3.853055555555556, 48.639444444444443 ], [ 3.889775, 48.583330555555555 ], [ 3.915555555555556, 48.543888888888887 ], [ 3.786341666666666, 48.41202222222222 ], [ 3.780555555555555, 48.406111111111109 ], [ 3.440919444444445, 48.206997222222228 ], [ 3.240555555555555, 48.089166666666671 ], [ 3.053888888888889, 48.101388888888891 ] ] ] } },
{ "type": "Feature", "properties": { "fir": "LFFF", "identifier": "LFFF:SEINE SJ:035-045", "name": "SEINE SJ", "level_lower": 35, "level_upper": 45 }, "geometry": { "type": "Polygon", "coordinates": [ [ [ 3.240555555555555, 48.089166666666671 ], [ 3.053888888888889, 48.101388888888891 ], [ 3.164722222222222, 48.0 ], [ 3.249941666666667, 47.921716666666661 ], [ 3.250991666666667, 47.92075 ], [ 3.25, 47.607777777777777 ], [ 3.255277777777778, 47.6 ], [ 3.295277777777778, 47.540277777777774 ], [ 2.039722222222222, 47.540277777777774 ], [ 1.655555555555555, 47.658611111111107 ], [ 1.715277777777778, 47.953611111111115 ], [ 1.750833333333333, 48.059166666666663 ], [ 1.768333333333333, 48.110277777777782 ], [ 1.793713888888889, 48.15 ], [ 1.897222222222222, 48.297222222222217 ], [ 1.889969444444444, 48.377533333333332 ], [ 2.747219444444445, 48.377219444444442 ], [ 2.770477777777778, 48.404888888888884 ], [ 2.813330555555555, 48.455830555555558 ], [ 2.83015, 48.465144444444448 ], [ 3.123888888888889, 48.6275 ], [ 3.212547222222222, 48.669852777777777 ], [ 3.500833333333333, 48.80972222222222 ], [ 3.620244444444444, 48.75385 ], [ 3.656941666666667, 48.736666666666665 ], [ 3.656388888888889, 48.70055555555556 ], [ 3.781666666666667, 48.672222222222217 ], [ 3.853055555555556, 48.639444444444443 ], [ 3.889775, 48.583330555555555 ], [ 3.915555555555556, 48.543888888888887 ], [ 3.786341666666666, 48.41202222222222 ], [ 3.780555555555555, 48.406111111111109 ], [ 3.440919444444445, 48.206997222222228 ], [ 3.240555555555555, 48.089166666666671 ] ] ] } },
{ "type": "Feature", "properties": { "fir": "LFFF", "identifier": "LFFF:TB UAC:095-195", "name": "TB UAC", "level_lower": 95, "level_upper": 195 }, "geometry": { "type": "Polygon", "coordinates": [ [ [ 2.243611111111111, 51.100555555555559 ], [ 2.55, 51.083333333333336 ], [ 2.572777777777778, 51.015555555555558 ], [ 2.327777777777778, 51.03 ], [ 2.243611111111111, 51.100555555555559 ] ] ] } },
{ "type": "Feature", "properties": { "fir": "LFFF", "identifier": "LFFF:TB UAC:115-195", "name": "TB UAC", "level_lower": 115, "level_upper": 195 }, "geometry": { "type": "Polygon", "coordinates": [ [ [ 1.466666666666667, 51.0 ], [ 1.732222222222222, 51.058055555555555 ], [ 1.7625, 51.065 ], [ 1.825, 51.079166666666673 ], [ 2.0, 51.116666666666667 ], [ 2.243611111111111, 51.100555555555559 ], [ 2.327777777777778, 51.03 ], [ 2.572777777777778, 51.015555555555558 ], [ 2.633333333333333, 50.81666666666667 ], [ 2.716666666666667, 50.8 ], [ 2.816666666666666, 50.725 ], [ 2.9, 50.7 ], [ 3.15, 50.783333333333331 ], [ 3.225, 50.678333333333327 ], [ 3.27, 50.609722222222224 ], [ 3.284166666666667, 50.594722222222224 ], [ 3.361666666666667, 50.515 ], [ 3.376666666666666, 50.495 ], [ 3.484722222222222, 50.519444444444446 ], [ 3.511666666666667, 50.526666666666664 ], [ 3.566944444444444, 50.500277777777775 ], [ 3.600555555555556, 50.483888888888892 ], [ 3.633333333333333, 50.473333333333336 ], [ 3.645555555555556, 50.45194444444445 ], [ 3.666666666666667, 50.416666666666664 ], [ 3.666666666666667, 50.35 ], [ 3.675, 50.342222222222226 ], [ 3.7875, 50.339722222222221 ], [ 3.351625, 49.689044444444441 ], [ 3.236388888888889, 49.666666666666664 ], [ 3.105830555555555, 49.611941666666667 ], [ 2.976388888888889, 49.6025 ], [ 2.782777777777778, 49.674166666666665 ], [ 2.743888888888889, 49.63527777777778 ], [ 2.708888888888889, 49.510555555555555 ], [ 2.645344444444444, 49.487119444444446 ], [ 2.0, 50.716666666666669 ], [ 1.466666666666667, 51.0 ] ] ] } },
{ "type": "Feature", "properties": { "fir": "LFFF", "identifier": "LFFF:TB UAC:195-245", "name": "TB UAC", "level_lower": 195, "level_upper": 245 }, "geometry": { "type": "Polygon", "coordinates": [ [ [ 2.0, 51.116666666666667 ], [ 2.243611111111111, 51.100555555555559 ], [ 2.55, 51.083333333333336 ], [ 2.572777777777778, 51.015555555555558 ], [ 2.633333333333333, 50.81666666666667 ], [ 2.716666666666667, 50.8 ], [ 2.816666666666666, 50.725 ], [ 2.9, 50.7 ], [ 3.15, 50.783333333333331 ], [ 3.225, 50.678333333333327 ], [ 3.27, 50.609722222222224 ], [ 3.284166666666667, 50.594722222222224 ], [ 3.361666666666667, 50.515 ], [ 3.376666666666666, 50.495 ], [ 3.484722222222222, 50.519444444444446 ], [ 3.511666666666667, 50.526666666666664 ], [ 3.566944444444444, 50.500277777777775 ], [ 3.600555555555556, 50.483888888888892 ], [ 3.633333333333333, 50.473333333333336 ], [ 3.645555555555556, 50.45194444444445 ], [ 3.666666666666667, 50.416666666666664 ], [ 3.666666666666667, 50.35 ], [ 3.675, 50.342222222222226 ], [ 3.7875, 50.339722222222221 ], [ 3.200277777777778, 49.456941666666673 ], [ 3.299722222222222, 49.166666666666664 ], [ 3.012777777777778, 49.126941666666667 ], [ 2.835830555555556, 49.111111111111114 ], [ 2.645344444444444, 49.487119444444446 ], [ 2.0, 50.716666666666669 ], [ 1.466666666666667, 51.0 ], [ 1.732222222222222, 51.058055555555555 ], [ 1.7625, 51.065 ], [ 1.825, 51.079166666666673 ], [ 2.0, 51.116666666666667 ] ] ] } },
{ "type": "Feature", "properties": { "fir": "LFFF", "identifier": "LFFF:TB UAC:245-265", "name": "TB UAC", "level_lower": 245, "level_upper": 265 }, "geometry": { "type": "Polygon", "coordinates": [ [ [ 1.466666666666667, 51.0 ], [ 1.732222222222222, 51.058055555555555 ], [ 2.356944444444445, 50.8525 ], [ 2.833333333333333, 50.691944444444438 ], [ 3.28, 50.5425 ], [ 3.525, 50.438888888888883 ], [ 3.7875, 50.339722222222221 ], [ 3.200277777777778, 49.456941666666673 ], [ 3.299722222222222, 49.166666666666664 ], [ 3.012777777777778, 49.126941666666667 ], [ 2.835830555555556, 49.111111111111114 ], [ 2.645344444444444, 49.487119444444446 ], [ 2.0, 50.716666666666669 ], [ 1.541944444444444, 50.960277777777783 ], [ 1.466666666666667, 51.0 ] ] ] } },
{ "type": "Feature", "properties": { "fir": "LFFF", "identifier": "LFFF:TE UAC:065-085", "name": "TE UAC", "level_lower": 65, "level_upper": 85 }, "geometry": { "type": "Polygon", "coordinates": [ [ [ 4.145833333333334, 49.980555555555554 ], [ 4.150277777777778, 49.980277777777779 ], [ 4.366666666666666, 49.961666666666666 ], [ 4.483333333333333, 49.95 ], [ 4.566666666666666, 49.975 ], [ 4.866666666666667, 49.983333333333334 ], [ 4.857777777777778, 49.861944444444447 ], [ 4.858333333333333, 49.8 ], [ 4.988055555555555, 49.8 ], [ 5.115, 49.736111111111114 ], [ 5.163333333333334, 49.716666666666669 ], [ 5.262777777777778, 49.693055555555553 ], [ 5.291111111111111, 49.67722222222222 ], [ 5.315833333333333, 49.648333333333333 ], [ 5.371666666666666, 49.625277777777775 ], [ 5.383333333333334, 49.616666666666667 ], [ 5.420555555555556, 49.601111111111109 ], [ 5.442222222222222, 49.567777777777778 ], [ 4.291111111111111, 49.320277777777783 ], [ 4.05, 49.266666666666666 ], [ 3.860833333333333, 49.241944444444442 ], [ 3.8825, 49.256666666666668 ], [ 3.765555555555556, 49.556111111111107 ], [ 3.660277777777778, 49.748333333333335 ], [ 3.484722222222222, 49.714722222222228 ], [ 3.351616666666667, 49.689041666666661 ], [ 3.413611111111111, 49.783333333333331 ], [ 3.437222222222223, 49.818888888888893 ], [ 3.558333333333333, 50.0 ], [ 4.145833333333334, 49.980555555555554 ] ] ] } },
{ "type": "Feature", "properties": { "fir": "LFFF", "identifier": "LFFF:TE UAC:115-195", "name": "TE UAC", "level_lower": 115, "level_upper": 195 }, "geometry": { "type": "Polygon", "coordinates": [ [ [ 3.873055555555556, 50.340555555555561 ], [ 3.926666666666666, 50.333888888888893 ], [ 3.973055555555556, 50.328333333333333 ], [ 4.089722222222222, 50.314722222222223 ], [ 4.118888888888889, 50.296666666666667 ], [ 4.178055555555556, 50.224722222222226 ], [ 4.149163888888889, 50.034719444444441 ], [ 4.145833333333334, 49.980555555555554 ], [ 4.150277777777778, 49.980277777777779 ], [ 4.366666666666666, 49.961666666666666 ], [ 4.483333333333333, 49.95 ], [ 4.566666666666666, 49.975 ], [ 4.866666666666667, 49.983333333333334 ], [ 4.857777777777778, 49.861944444444447 ], [ 4.858333333333333, 49.8 ], [ 4.988055555555555, 49.8 ], [ 5.115, 49.736111111111114 ], [ 5.163333333333334, 49.716666666666669 ], [ 5.262777777777778, 49.693055555555553 ], [ 5.291111111111111, 49.67722222222222 ], [ 5.315833333333333, 49.648333333333333 ], [ 5.371666666666666, 49.625277777777775 ], [ 5.383333333333334, 49.616666666666667 ], [ 5.420555555555556, 49.601111111111109 ], [ 5.442222222222222, 49.567777777777778 ], [ 4.05, 49.266666666666666 ], [ 3.860833333333333, 49.241944444444442 ], [ 3.738888888888889, 49.158333333333331 ], [ 3.739444444444445, 49.198888888888888 ], [ 3.683055555555555, 49.268611111111113 ], [ 3.632222222222222, 49.45 ], [ 3.484722222222222, 49.714722222222228 ], [ 3.351625, 49.689044444444441 ], [ 3.7875, 50.339722222222221 ], [ 3.873055555555556, 50.340555555555561 ] ] ] } },
{ "type": "Feature", "properties": { "fir": "LFFF", "identifier": "LFFF:TE UAC:245-265", "name": "TE UAC", "level_lower": 245, "level_upper": 265 }, "geometry": { "type": "Polygon", "coordinates": [ [ [ 3.7875, 50.339722222222221 ], [ 3.984722222222222, 50.237222222222222 ], [ 4.391666666666667, 50.05833333333333 ], [ 4.851761111111111, 49.852630555555557 ], [ 5.008166666666667, 49.7819 ], [ 5.442222222222222, 49.567777777777778 ], [ 4.05, 49.266666666666666 ], [ 3.299722222222222, 49.166666666666664 ], [ 3.200277777777778, 49.456941666666673 ], [ 3.7875, 50.339722222222221 ] ] ] } },
{ "type": "Feature", "properties": { "fir": "LFFF", "identifier": "LFFF:TE UAC:085-115", "name": "TE UAC", "level_lower": 85, "level_upper": 115 }, "geometry": { "type": "Polygon", "coordinates": [ [ [ 4.366666666666666, 49.961666666666666 ], [ 4.483333333333333, 49.95 ], [ 4.566666666666666, 49.975 ], [ 4.866666666666667, 49.983333333333334 ], [ 4.857777777777778, 49.861944444444447 ], [ 4.858333333333333, 49.8 ], [ 4.988055555555555, 49.8 ], [ 5.115, 49.736111111111114 ], [ 5.163333333333334, 49.716666666666669 ], [ 5.262777777777778, 49.693055555555553 ], [ 5.291111111111111, 49.67722222222222 ], [ 5.315833333333333, 49.648333333333333 ], [ 5.371666666666666, 49.625277777777775 ], [ 5.383333333333334, 49.616666666666667 ], [ 5.420555555555556, 49.601111111111109 ], [ 5.442222222222222, 49.567777777777778 ], [ 4.291111111111111, 49.320277777777783 ], [ 4.05, 49.266666666666666 ], [ 3.860833333333333, 49.241944444444442 ], [ 3.738888888888889, 49.158333333333331 ], [ 3.739444444444445, 49.198888888888888 ], [ 3.683055555555555, 49.268611111111113 ], [ 3.632222222222222, 49.45 ], [ 3.484722222222222, 49.714722222222228 ], [ 3.351616666666667, 49.689041666666661 ], [ 3.413611111111111, 49.783333333333331 ], [ 3.437222222222223, 49.818888888888893 ], [ 3.558333333333333, 50.0 ], [ 4.145833333333334, 49.980555555555554 ], [ 4.150277777777778, 49.980277777777779 ], [ 4.366666666666666, 49.961666666666666 ] ] ] } },
{ "type": "Feature", "properties": { "fir": "LFFF", "identifier": "LFFF:TE UAC:000-065", "name": "TE UAC", "level_lower": 0, "level_upper": 65 }, "geometry": { "type": "Polygon", "coordinates": [ [ [ 3.437222222222223, 49.818888888888893 ], [ 3.558333333333333, 50.0 ], [ 4.145833333333334, 49.980555555555554 ], [ 4.150277777777778, 49.980277777777779 ], [ 4.366666666666666, 49.961666666666666 ], [ 4.483333333333333, 49.95 ], [ 4.566666666666666, 49.975 ], [ 4.866666666666667, 49.983333333333334 ], [ 4.857777777777778, 49.861944444444447 ], [ 4.858333333333333, 49.8 ], [ 4.988055555555555, 49.8 ], [ 5.115, 49.736111111111114 ], [ 5.163333333333334, 49.716666666666669 ], [ 5.262777777777778, 49.693055555555553 ], [ 5.291111111111111, 49.67722222222222 ], [ 5.315833333333333, 49.648333333333333 ], [ 5.371666666666666, 49.625277777777775 ], [ 5.383333333333334, 49.616666666666667 ], [ 5.420555555555556, 49.601111111111109 ], [ 5.442222222222222, 49.567777777777778 ], [ 4.291111111111111, 49.320277777777783 ], [ 4.05, 49.266666666666666 ], [ 3.860833333333333, 49.241944444444442 ], [ 3.8825, 49.256666666666668 ], [ 3.765555555555556, 49.556111111111107 ], [ 3.660277777777778, 49.748333333333335 ], [ 3.631111111111111, 49.783333333333331 ], [ 3.413611111111111, 49.783333333333331 ], [ 3.437222222222223, 49.818888888888893 ] ] ] } },
{ "type": "Feature", "properties": { "fir": "LFFF", "identifier": "LFFF:TE UAC:195-245", "name": "TE UAC", "level_lower": 195, "level_upper": 245 }, "geometry": { "type": "Polygon", "coordinates": [ [ [ 3.7875, 50.339722222222221 ], [ 3.873055555555556, 50.340555555555561 ], [ 3.926666666666666, 50.333888888888893 ], [ 3.973055555555556, 50.328333333333333 ], [ 4.089722222222222, 50.314722222222223 ], [ 4.118888888888889, 50.296666666666667 ], [ 4.178055555555556, 50.224722222222226 ], [ 4.149163888888889, 50.034719444444441 ], [ 4.145833333333334, 49.980555555555554 ], [ 4.150277777777778, 49.980277777777779 ], [ 4.366666666666666, 49.961666666666666 ], [ 4.483333333333333, 49.95 ], [ 4.566666666666666, 49.975 ], [ 4.866666666666667, 49.983333333333334 ], [ 4.857777777777778, 49.861944444444447 ], [ 4.858333333333333, 49.8 ], [ 4.988055555555555, 49.8 ], [ 5.115, 49.736111111111114 ], [ 5.163333333333334, 49.716666666666669 ], [ 5.262777777777778, 49.693055555555553 ], [ 5.291111111111111, 49.67722222222222 ], [ 5.315833333333333, 49.648333333333333 ], [ 5.371666666666666, 49.625277777777775 ], [ 5.383333333333334, 49.616666666666667 ], [ 5.420555555555556, 49.601111111111109 ], [ 5.442222222222222, 49.567777777777778 ], [ 4.05, 49.266666666666666 ], [ 3.299722222222222, 49.166666666666664 ], [ 3.200277777777778, 49.456941666666673 ], [ 3.7875, 50.339722222222221 ] ] ] } },
{ "type": "Feature", "properties": { "fir": "LFFF", "identifier": "LFFF:TH UAC:195-245", "name": "TH UAC", "level_lower": 195, "level_upper": 245 }, "geometry": { "type": "Polygon", "coordinates": [ [ [ 1.7425, 48.732222222222227 ], [ 1.2, 48.666666666666664 ], [ 1.106111111111111, 48.652777777777779 ], [ 0.226666666666667, 48.201111111111111 ], [ -0.070833333333333, 48.048055555555557 ], [ -0.25, 47.933055555555555 ], [ -0.25, 48.462222222222223 ], [ -0.25, 48.941666666666663 ], [ -0.25, 49.166666666666664 ], [ 1.084722222222222, 49.094444444444449 ], [ 1.266666666666667, 49.083333333333336 ], [ 2.351388888888889, 49.166666666666664 ], [ 2.454722222222222, 49.076111111111118 ], [ 2.541666666666667, 49.0 ], [ 2.0, 49.0 ], [ 1.7, 48.783333333333331 ], [ 1.7425, 48.732222222222227 ] ] ] } },
{ "type": "Feature", "properties": { "fir": "LFFF", "identifier": "LFFF:TL UAC:115-195", "name": "TL UAC", "level_lower": 115, "level_upper": 195 }, "geometry": { "type": "Polygon", "coordinates": [ [ [ 3.656941666666667, 48.736666666666665 ], [ 3.660316666666667, 49.000666666666667 ], [ 3.813333333333333, 48.993055555555557 ], [ 4.8, 48.95 ], [ 5.398611111111111, 48.50416666666667 ], [ 5.398611111111111, 48.370555555555555 ], [ 5.336941666666666, 48.309444444444445 ], [ 5.166666666666667, 48.166666666666664 ], [ 4.952777777777778, 47.974166666666669 ], [ 4.458333333333334, 48.270277777777778 ], [ 4.101388888888889, 48.462777777777781 ], [ 3.915555555555556, 48.543888888888887 ], [ 3.81, 48.600277777777777 ], [ 3.853055555555556, 48.639444444444443 ], [ 3.781666666666667, 48.672222222222217 ], [ 3.656388888888889, 48.70055555555556 ], [ 3.656941666666667, 48.736666666666665 ] ] ] } },
{ "type": "Feature", "properties": { "fir": "LFFF", "identifier": "LFFF:TL UAC:195-265", "name": "TL UAC", "level_lower": 195, "level_upper": 265 }, "geometry": { "type": "Polygon", "coordinates": [ [ [ 3.016663888888889, 48.583333333333336 ], [ 3.116666666666667, 48.666666666666664 ], [ 3.506388888888889, 48.733611111111109 ], [ 3.645277777777778, 48.70194166666667 ], [ 3.81, 48.600277777777777 ], [ 4.101388888888889, 48.462777777777781 ], [ 4.458333333333334, 48.270277777777778 ], [ 4.952777777777778, 47.974166666666669 ], [ 5.166666666666667, 48.166666666666664 ], [ 5.733333333333333, 48.25 ], [ 4.8, 48.95 ], [ 3.192777777777778, 49.021111111111111 ], [ 3.012777777777778, 49.126941666666667 ], [ 2.835830555555556, 49.111111111111114 ], [ 2.454722222222222, 49.076111111111118 ], [ 2.541666666666667, 49.0 ], [ 3.016663888888889, 48.583333333333336 ] ] ] } },
{ "type": "Feature", "properties": { "fir": "LFFF", "identifier": "LFFF:TM UAC:055-115", "name": "TM UAC", "level_lower": 55, "level_upper": 115 }, "geometry": { "type": "Polygon", "coordinates": [ [ [ 4.291111111111111, 49.320277777777783 ], [ 5.442222222222222, 49.567777777777778 ], [ 5.452777777777778, 49.546944444444442 ], [ 5.452222222222223, 49.5175 ], [ 5.75, 49.541666666666664 ], [ 5.755555555555556, 49.542222222222222 ], [ 5.793330555555555, 49.452777777777783 ], [ 5.8121, 49.452763888888889 ], [ 5.818611111111111, 49.4525 ], [ 5.138333333333334, 49.306388888888883 ], [ 5.549722222222222, 49.263055555555553 ], [ 4.8, 48.95 ], [ 4.291111111111111, 49.320277777777783 ] ] ] } },
{ "type": "Feature", "properties": { "fir": "LFFF", "identifier": "LFFF:TM UAC:115-195", "name": "TM UAC", "level_lower": 115, "level_upper": 195 }, "geometry": { "type": "Polygon", "coordinates": [ [ [ 3.813333333333333, 48.993055555555557 ], [ 3.660316666666667, 49.000666666666667 ], [ 3.660736111111111, 49.033330555555551 ], [ 3.661266666666667, 49.074644444444445 ], [ 3.66135, 49.081227777777784 ], [ 3.661666666666667, 49.105830555555556 ], [ 3.738888888888889, 49.158333333333331 ], [ 3.860833333333333, 49.241944444444442 ], [ 4.05, 49.266666666666666 ], [ 5.442222222222222, 49.567777777777778 ], [ 5.452222222222223, 49.5175 ], [ 5.75, 49.541666666666664 ], [ 5.755555555555556, 49.542222222222222 ], [ 5.793330555555555, 49.452777777777783 ], [ 5.8121, 49.452763888888889 ], [ 5.818611111111111, 49.4525 ], [ 5.833333333333333, 49.452222222222225 ], [ 5.997777777777777, 49.449166666666663 ], [ 5.886941666666666, 49.403055555555554 ], [ 5.634166666666666, 49.3 ], [ 5.549722222222222, 49.263055555555553 ], [ 4.8, 48.95 ], [ 3.813333333333333, 48.993055555555557 ] ] ] } },
{ "type": "Feature", "properties": { "fir": "LFFF", "identifier": "LFFF:TM UAC:195-265", "name": "TM UAC", "level_lower": 195, "level_upper": 265 }, "geometry": { "type": "Polygon", "coordinates": [ [ [ 5.442222222222222, 49.567777777777778 ], [ 5.634166666666666, 49.3 ], [ 4.8, 48.95 ], [ 3.192777777777778, 49.021111111111111 ], [ 3.012777777777778, 49.126941666666667 ], [ 3.299722222222222, 49.166666666666664 ], [ 4.05, 49.266666666666666 ], [ 5.442222222222222, 49.567777777777778 ] ] ] } },
{ "type": "Feature", "properties": { "fir": "LFFF", "identifier": "LFFF:TM UAC:195-245", "name": "TM UAC", "level_lower": 195, "level_upper": 245 }, "geometry": { "type": "Polygon", "coordinates": [ [ [ 5.442222222222222, 49.567777777777778 ], [ 5.75, 49.541666666666664 ], [ 5.755555555555556, 49.542222222222222 ], [ 5.793330555555555, 49.452777777777783 ], [ 5.8121, 49.452763888888889 ], [ 5.997777777777777, 49.449166666666663 ], [ 5.886941666666666, 49.403055555555554 ], [ 5.634166666666666, 49.3 ], [ 5.442222222222222, 49.567777777777778 ] ] ] } },
{ "type": "Feature", "properties": { "fir": "LFFF", "identifier": "LFFF:TM UAC:000-055", "name": "TM UAC", "level_lower": 0, "level_upper": 55 }, "geometry": { "type": "Polygon", "coordinates": [ [ [ 5.442222222222222, 49.567777777777778 ], [ 5.452777777777778, 49.546944444444442 ], [ 5.452222222222223, 49.5175 ], [ 5.75, 49.541666666666664 ], [ 5.755555555555556, 49.542222222222222 ], [ 5.793330555555555, 49.452777777777783 ], [ 5.8121, 49.452763888888889 ], [ 5.818611111111111, 49.4525 ], [ 5.833333333333333, 49.452222222222225 ], [ 5.997777777777777, 49.449166666666663 ], [ 5.886941666666666, 49.403055555555554 ], [ 5.833333333333333, 49.380833333333335 ], [ 5.549722222222222, 49.263055555555553 ], [ 4.8, 48.95 ], [ 4.291111111111111, 49.320277777777783 ], [ 5.442222222222222, 49.567777777777778 ] ] ] } },
{ "type": "Feature", "properties": { "fir": "LFFF", "identifier": "LFFF:TN UAC:115-195", "name": "TN UAC", "level_lower": 115, "level_upper": 195 }, "geometry": { "type": "Polygon", "coordinates": [ [ [ 1.975547222222222, 49.49903888888889 ], [ 2.258938888888889, 49.463355555555559 ], [ 2.333330555555555, 49.454111111111111 ], [ 2.498622222222222, 49.43355833333333 ], [ 2.602777777777778, 49.471388888888889 ], [ 2.645344444444444, 49.487119444444446 ], [ 2.0, 50.716666666666669 ], [ 1.466666666666667, 51.0 ], [ 1.465, 50.905277777777776 ], [ 1.734722222222222, 50.712222222222223 ], [ 1.636388888888889, 50.656944444444441 ], [ 1.538333333333333, 50.601666666666667 ], [ 1.858611111111111, 50.171388888888885 ], [ 1.7575, 50.116388888888892 ], [ 1.651666666666667, 50.058611111111105 ], [ 1.018888888888889, 50.274722222222223 ], [ 1.388055555555556, 49.9975 ], [ 1.510555555555556, 49.899722222222223 ], [ 1.716666666666667, 49.723888888888894 ], [ 1.833333333333333, 49.622777777777777 ], [ 1.975547222222222, 49.49903888888889 ] ] ] } },
{ "type": "Feature", "properties": { "fir": "LFFF", "identifier": "LFFF:TN UAC:195-265", "name": "TN UAC", "level_lower": 195, "level_upper": 265 }, "geometry": { "type": "Polygon", "coordinates": [ [ [ 1.833333333333333, 49.622777777777777 ], [ 1.510555555555556, 49.899722222222223 ], [ 1.4525, 49.948888888888888 ], [ 1.651666666666667, 50.058611111111105 ], [ 1.7575, 50.116388888888892 ], [ 1.858611111111111, 50.171388888888885 ], [ 1.538333333333333, 50.601666666666667 ], [ 1.636388888888889, 50.656944444444441 ], [ 1.734722222222222, 50.712222222222223 ], [ 1.465, 50.905277777777776 ], [ 1.466666666666667, 51.0 ], [ 2.0, 50.716666666666669 ], [ 2.645344444444444, 49.487119444444446 ], [ 2.835830555555556, 49.111111111111114 ], [ 2.454722222222222, 49.076111111111118 ], [ 2.351388888888889, 49.166666666666664 ], [ 2.241388888888889, 49.265555555555558 ], [ 1.833333333333333, 49.622777777777777 ] ] ] } },
{ "type": "Feature", "properties": { "fir": "LFFF", "identifier": "LFFF:TP1 UAC:115-195", "name": "TP1 UAC", "level_lower": 115, "level_upper": 195 }, "geometry": { "type": "Polygon", "coordinates": [ [ [ 1.084722222222222, 49.094444444444449 ], [ 1.266666666666667, 49.083333333333336 ], [ 1.495277777777778, 49.101111111111109 ], [ 1.488466666666667, 49.138619444444444 ], [ 1.468055555555556, 49.2525 ], [ 1.570552777777778, 49.3 ], [ 1.613052777777778, 49.380277777777778 ], [ 1.606386111111111, 49.455555555555556 ], [ 1.641388888888889, 49.50277777777778 ], [ 1.663497222222222, 49.537302777777775 ], [ 1.905219444444444, 49.507297222222221 ], [ 1.975547222222222, 49.49903888888889 ], [ 1.833333333333333, 49.622777777777777 ], [ 1.716666666666667, 49.723888888888894 ], [ 1.510555555555556, 49.899722222222223 ], [ 1.388055555555556, 49.9975 ], [ 1.018888888888889, 50.274722222222223 ], [ 0.821388888888889, 50.421388888888885 ], [ 0.769722222222222, 50.401388888888889 ], [ 0.096111111111111, 50.137777777777778 ], [ -0.25, 50.0 ], [ -0.25, 49.81666666666667 ], [ -0.25, 49.56666666666667 ], [ -0.25, 49.526666666666664 ], [ -0.25, 49.166666666666664 ], [ 1.084722222222222, 49.094444444444449 ] ] ] } },
{ "type": "Feature", "properties": { "fir": "LFFF", "identifier": "LFFF:TP2 UAC:195-245", "name": "TP2 UAC", "level_lower": 195, "level_upper": 245 }, "geometry": { "type": "Polygon", "coordinates": [ [ [ 1.018888888888889, 50.274722222222223 ], [ 1.388055555555556, 49.9975 ], [ 1.4525, 49.948888888888888 ], [ 1.510555555555556, 49.899722222222223 ], [ 1.833333333333333, 49.622777777777777 ], [ 2.241388888888889, 49.265555555555558 ], [ 2.351388888888889, 49.166666666666664 ], [ 1.266666666666667, 49.083333333333336 ], [ 1.084722222222222, 49.094444444444449 ], [ -0.25, 49.166666666666664 ], [ -0.25, 49.526666666666664 ], [ 0.8325, 49.936944444444443 ], [ 0.443611111111111, 50.274444444444441 ], [ 0.769722222222222, 50.401388888888889 ], [ 0.821388888888889, 50.421388888888885 ], [ 1.018888888888889, 50.274722222222223 ] ] ] } },
{ "type": "Feature", "properties": { "fir": "LFFF", "identifier": "LFFF:TP3 UAC:245-265", "name": "TP3 UAC", "level_lower": 245, "level_upper": 265 }, "geometry": { "type": "Polygon", "coordinates": [ [ [ 0.769722222222222, 50.401388888888889 ], [ 0.821388888888889, 50.421388888888885 ], [ 1.018888888888889, 50.274722222222223 ], [ 1.388055555555556, 49.9975 ], [ 1.4525, 49.948888888888888 ], [ 1.510555555555556, 49.899722222222223 ], [ 1.068333333333333, 49.723055555555554 ], [ 0.8325, 49.936944444444443 ], [ 0.443611111111111, 50.274444444444441 ], [ 0.769722222222222, 50.401388888888889 ] ] ] } },
{ "type": "Feature", "properties": { "fir": "LFFF", "identifier": "LFFF:TU UAC:315-345", "name": "TU UAC", "level_lower": 315, "level_upper": 345 }, "geometry": { "type": "Polygon", "coordinates": [ [ [ 3.795830555555555, 47.401666666666664 ], [ 4.0775, 47.2675 ], [ 4.488888888888889, 47.349166666666669 ], [ 5.183333333333334, 46.7 ], [ 5.161666666666667, 46.5 ], [ 5.150525, 46.393797222222219 ], [ 5.133333333333334, 46.233333333333334 ], [ 4.599997222222222, 46.274997222222218 ], [ 4.5, 46.283333333333331 ], [ 4.05, 46.283333333333331 ], [ 3.795830555555555, 47.401666666666664 ] ] ] } },
{ "type": "Feature", "properties": { "fir": "LFFF", "identifier": "LFFF:TW UAC:345-355", "name": "TW UAC", "level_lower": 345, "level_upper": 355 }, "geometry": { "type": "Polygon", "coordinates": [ [ [ 3.795830555555555, 47.401666666666664 ], [ 4.0775, 47.2675 ], [ 4.488888888888889, 47.349166666666669 ], [ 5.183333333333334, 46.7 ], [ 5.161666666666667, 46.5 ], [ 5.150525, 46.393797222222219 ], [ 5.133333333333334, 46.233333333333334 ], [ 4.599997222222222, 46.274997222222218 ], [ 4.5, 46.283333333333331 ], [ 4.05, 46.283333333333331 ], [ 3.795830555555555, 47.401666666666664 ] ] ] } },
{ "type": "Feature", "properties": { "fir": "LFFF", "identifier": "LFFF:UJ1 UAC:195-355", "name": "UJ1 UAC", "level_lower": 195, "level_upper": 355 }, "geometry": { "type": "Polygon", "coordinates": [ [ [ 5.183333333333334, 46.7 ], [ 5.41923888888889, 46.700169444444448 ], [ 5.462266666666667, 46.700147222222228 ], [ 5.583333333333333, 46.7 ], [ 5.820555555555555, 46.8725 ], [ 5.894027777777778, 46.92552222222222 ], [ 5.951111111111111, 46.966666666666669 ], [ 5.783333333333333, 47.466666666666669 ], [ 5.269444444444445, 47.776941666666666 ], [ 5.017777777777778, 47.639722222222218 ], [ 4.7725, 47.50472222222222 ], [ 4.488888888888889, 47.349166666666669 ], [ 5.183333333333334, 46.7 ] ] ] } },
{ "type": "Feature", "properties": { "fir": "LFFF", "identifier": "LFFF:UJ2 UAC:355-385", "name": "UJ2 UAC", "level_lower": 355, "level_upper": 385 }, "geometry": { "type": "Polygon", "coordinates": [ [ [ 5.183333333333334, 46.7 ], [ 5.41923888888889, 46.700169444444448 ], [ 5.462266666666667, 46.700147222222228 ], [ 5.583333333333333, 46.7 ], [ 5.820555555555555, 46.8725 ], [ 5.356941666666667, 47.471111111111114 ], [ 5.017777777777778, 47.639722222222218 ], [ 4.7725, 47.50472222222222 ], [ 4.488888888888889, 47.349166666666669 ], [ 5.183333333333334, 46.7 ] ] ] } },
{ "type": "Feature", "properties": { "fir": "LFFF", "identifier": "LFFF:UK2 UAC:245-265", "name": "UK2 UAC", "level_lower": 245, "level_upper": 265 }, "geometry": { "type": "Polygon", "coordinates": [ [ [ 1.833333333333333, 49.622777777777777 ], [ 1.809441666666667, 49.606111111111112 ], [ 1.084722222222222, 49.094444444444449 ], [ -0.25, 49.166666666666664 ], [ -0.25, 49.526666666666664 ], [ -0.25, 49.81666666666667 ], [ -0.25, 50.0 ], [ 0.096111111111111, 50.137777777777778 ], [ 0.443611111111111, 50.274444444444441 ], [ 0.8325, 49.936944444444443 ], [ 1.068333333333333, 49.723055555555554 ], [ 1.510555555555556, 49.899722222222223 ], [ 1.833333333333333, 49.622777777777777 ] ] ] } },
{ "type": "Feature", "properties": { "fir": "LFFF", "identifier": "LFFF:UK3 UAC:265-285", "name": "UK3 UAC", "level_lower": 265, "level_upper": 285 }, "geometry": { "type": "Polygon", "coordinates": [ [ [ 0.096111111111111, 50.137777777777778 ], [ 0.443611111111111, 50.274444444444441 ], [ 0.769722222222222, 50.401388888888889 ], [ 1.328888888888889, 49.978055555555557 ], [ 1.388055555555556, 49.9975 ], [ 1.4525, 49.948888888888888 ], [ 1.403333333333333, 49.921944444444442 ], [ 1.554847222222222, 49.804236111111109 ], [ 1.809441666666667, 49.606111111111112 ], [ 1.084722222222222, 49.094444444444449 ], [ -0.25, 49.166666666666664 ], [ -0.25, 49.526666666666664 ], [ -0.25, 49.81666666666667 ], [ -0.25, 50.0 ], [ 0.096111111111111, 50.137777777777778 ] ] ] } },
{ "type": "Feature", "properties": { "fir": "LFFF", "identifier": "LFFF:UK4 UAC:285-295", "name": "UK4 UAC", "level_lower": 285, "level_upper": 295 }, "geometry": { "type": "Polygon", "coordinates": [ [ [ -0.25, 50.0 ], [ 0.096111111111111, 50.137777777777778 ], [ 0.769722222222222, 50.401388888888889 ], [ 1.328888888888889, 49.978055555555557 ], [ 1.403333333333333, 49.921944444444442 ], [ 1.554847222222222, 49.804236111111109 ], [ 1.809441666666667, 49.606111111111112 ], [ 1.084722222222222, 49.094444444444449 ], [ -0.25, 49.166666666666664 ], [ -0.25, 49.526666666666664 ], [ -0.25, 49.81666666666667 ], [ -0.25, 50.0 ] ] ] } },
{ "type": "Feature", "properties": { "fir": "LFFF", "identifier": "LFFF:UP1 UAC:195-265", "name": "UP1 UAC", "level_lower": 195, "level_upper": 265 }, "geometry": { "type": "Polygon", "coordinates": [ [ [ 3.065, 47.313888888888883 ], [ 3.548055555555556, 47.49666666666667 ], [ 3.528611111111111, 47.5275 ], [ 3.795830555555555, 47.401666666666664 ], [ 4.05, 46.283333333333331 ], [ 3.683333333333334, 46.283333333333331 ], [ 3.5, 46.56666666666667 ], [ 3.065, 47.313888888888883 ] ] ] } },
{ "type": "Feature", "properties": { "fir": "LFFF", "identifier": "LFFF:UP2 UAC:265-315", "name": "UP2 UAC", "level_lower": 265, "level_upper": 315 }, "geometry": { "type": "Polygon", "coordinates": [ [ [ 2.610277777777778, 48.133333333333333 ], [ 2.792777777777778, 48.395277777777778 ], [ 2.918611111111111, 48.283333333333331 ], [ 3.235277777777778, 47.998888888888892 ], [ 3.362777777777778, 47.795277777777777 ], [ 3.528611111111111, 47.5275 ], [ 3.795830555555555, 47.401666666666664 ], [ 4.05, 46.283333333333331 ], [ 3.683333333333334, 46.283333333333331 ], [ 3.5, 46.56666666666667 ], [ 3.065, 47.313888888888883 ], [ 2.831666666666667, 47.734166666666667 ], [ 2.610277777777778, 48.133333333333333 ] ] ] } },
{ "type": "Feature", "properties": { "fir": "LFFF", "identifier": "LFFF:US UAC:285-345", "name": "US UAC", "level_lower": 285, "level_upper": 345 }, "geometry": { "type": "Polygon", "coordinates": [ [ [ 3.116666666666667, 48.666666666666664 ], [ 3.5, 48.7 ], [ 3.963611111111111, 48.49388888888889 ], [ 4.458333333333334, 48.270277777777778 ], [ 4.586388888888888, 48.191666666666663 ], [ 3.844166666666667, 48.162777777777777 ], [ 4.580830555555555, 47.642777777777781 ], [ 4.7725, 47.50472222222222 ], [ 4.488888888888889, 47.349166666666669 ], [ 4.0775, 47.2675 ], [ 3.795830555555555, 47.401666666666664 ], [ 3.528611111111111, 47.5275 ], [ 3.362777777777778, 47.795277777777777 ], [ 3.235277777777778, 47.998888888888892 ], [ 2.918611111111111, 48.283333333333331 ], [ 2.792777777777778, 48.395277777777778 ], [ 2.920277777777778, 48.5025 ], [ 3.016663888888889, 48.583333333333336 ], [ 3.116666666666667, 48.666666666666664 ] ] ] } },
{ "type": "Feature", "properties": { "fir": "LFFF", "identifier": "LFFF:UT UAC:195-315", "name": "UT UAC", "level_lower": 195, "level_upper": 315 }, "geometry": { "type": "Polygon", "coordinates": [ [ [ 5.133333333333334, 46.233333333333334 ], [ 4.599997222222222, 46.274997222222218 ], [ 4.5, 46.283333333333331 ], [ 4.05, 46.283333333333331 ], [ 3.795830555555555, 47.401666666666664 ], [ 4.0775, 47.2675 ], [ 4.488888888888889, 47.349166666666669 ], [ 5.183333333333334, 46.7 ], [ 5.161666666666667, 46.5 ], [ 5.150525, 46.393797222222219 ], [ 5.133333333333334, 46.233333333333334 ] ] ] } },
{ "type": "Feature", "properties": { "fir": "LFFF", "identifier": "LFFF:UZ1 UAC:245-265", "name": "UZ1 UAC", "level_lower": 245, "level_upper": 265 }, "geometry": { "type": "Polygon", "coordinates": [ [ [ -0.25, 47.933055555555555 ], [ -0.25, 48.462222222222223 ], [ -0.25, 48.941666666666663 ], [ -0.25, 49.166666666666664 ], [ 1.084722222222222, 49.094444444444449 ], [ 1.809441666666667, 49.606111111111112 ], [ 1.833333333333333, 49.622777777777777 ], [ 2.241388888888889, 49.265555555555558 ], [ 2.351388888888889, 49.166666666666664 ], [ 2.454722222222222, 49.076111111111118 ], [ 2.541666666666667, 49.0 ], [ 2.0, 49.0 ], [ 1.7, 48.783333333333331 ], [ 1.7425, 48.732222222222227 ], [ 1.821111111111111, 48.638055555555553 ], [ 1.866666666666667, 48.583333333333336 ], [ 1.875277777777778, 48.5025 ], [ 1.897222222222222, 48.297222222222217 ], [ 1.839858333333333, 48.215475 ], [ 1.782222222222222, 48.133333333333333 ], [ 1.715277777777778, 47.953611111111115 ], [ 1.690555555555556, 47.831666666666671 ], [ 0.9175, 47.989444444444445 ], [ 0.844166666666667, 48.346666666666671 ], [ 0.2775, 48.174722222222222 ], [ 0.022222222222222, 48.096388888888889 ], [ -0.071111111111111, 48.048055555555557 ], [ -0.25, 47.933055555555555 ] ] ] } },
{ "type": "Feature", "properties": { "fir": "LFFF", "identifier": "LFFF:UZ2 UAC:265-285", "name": "UZ2 UAC", "level_lower": 265, "level_upper": 285 }, "geometry": { "type": "Polygon", "coordinates": [ [ [ 1.809441666666667, 49.606111111111112 ], [ 2.241388888888889, 49.265555555555558 ], [ 2.454722222222222, 49.076111111111118 ], [ 3.016663888888889, 48.583333333333336 ], [ 2.920277777777778, 48.5025 ], [ 2.792777777777778, 48.395277777777778 ], [ 2.610277777777778, 48.133333333333333 ], [ 1.782222222222222, 48.133333333333333 ], [ 1.768333333333333, 48.110277777777782 ], [ 1.715277777777778, 47.953611111111115 ], [ 1.690555555555556, 47.831666666666671 ], [ 0.9175, 47.989444444444445 ], [ 0.844166666666667, 48.346666666666671 ], [ 0.2775, 48.174722222222222 ], [ 0.022222222222222, 48.096388888888889 ], [ -0.071111111111111, 48.048055555555557 ], [ -0.25, 47.933055555555555 ], [ -0.25, 48.462222222222223 ], [ -0.25, 48.941666666666663 ], [ -0.25, 49.166666666666664 ], [ 1.084722222222222, 49.094444444444449 ], [ 1.809441666666667, 49.606111111111112 ] ] ] } },
{ "type": "Feature", "properties": { "fir": "LFFF", "identifier": "LFFF:UZ3 UAC:285-295", "name": "UZ3 UAC", "level_lower": 285, "level_upper": 295 }, "geometry": { "type": "Polygon", "coordinates": [ [ [ 1.809441666666667, 49.606111111111112 ], [ 2.241388888888889, 49.265555555555558 ], [ 2.454722222222222, 49.076111111111118 ], [ 3.016663888888889, 48.583333333333336 ], [ 2.920277777777778, 48.5025 ], [ 2.792777777777778, 48.395277777777778 ], [ 2.610277777777778, 48.133333333333333 ], [ 1.782222222222222, 48.133333333333333 ], [ 1.768333333333333, 48.110277777777782 ], [ 1.715277777777778, 47.953611111111115 ], [ 1.690555555555556, 47.831666666666671 ], [ 0.9175, 47.989444444444445 ], [ 0.844166666666667, 48.346666666666671 ], [ 0.2775, 48.174722222222222 ], [ 0.022222222222222, 48.096388888888889 ], [ -0.071111111111111, 48.048055555555557 ], [ -0.25, 47.933055555555555 ], [ -0.25, 48.462222222222223 ], [ -0.25, 48.941666666666663 ], [ -0.25, 49.166666666666664 ], [ 1.084722222222222, 49.094444444444449 ], [ 1.809441666666667, 49.606111111111112 ] ] ] } },
{ "type": "Feature", "properties": { "fir": "EDGG", "identifier": "EDGG:BAD1:145-245", "name": "BAD1", "level_lower": 145, "level_upper": 245 }, "geometry": { "type": "Polygon", "coordinates": [ [ [ 8.22861111111111, 48.970277777777781 ], [ 8.291666666666666, 48.967777777777776 ], [ 8.436111111111112, 48.916666666666664 ], [ 8.647777777777778, 48.895 ], [ 8.8525, 48.921388888888885 ], [ 8.900555555555556, 48.812222222222218 ], [ 8.975277777777778, 48.779722222222219 ], [ 9.190277777777778, 48.68611111111111 ], [ 9.107761111111111, 48.167119444444445 ], [ 8.882777777777779, 48.166666666666664 ], [ 8.680555555555555, 48.168888888888887 ], [ 8.321388888888889, 48.17 ], [ 8.212655555555555, 48.148544444444447 ], [ 7.966666666666667, 48.1 ], [ 7.570002777777778, 48.082997222222225 ], [ 7.578986111111111, 48.100086111111111 ], [ 7.577044444444444, 48.1198 ], [ 7.5898, 48.128811111111112 ], [ 7.599288888888888, 48.136116666666666 ], [ 7.600541666666667, 48.143352777777778 ], [ 7.598986111111111, 48.153188888888884 ], [ 7.609438888888889, 48.165580555555557 ], [ 7.63045, 48.185361111111106 ], [ 7.644586111111111, 48.207677777777782 ], [ 7.664433333333334, 48.219222222222221 ], [ 7.674133333333334, 48.239877777777778 ], [ 7.689655555555555, 48.284180555555551 ], [ 7.689708333333334, 48.295025 ], [ 7.695863888888889, 48.304013888888889 ], [ 7.733261111111111, 48.317652777777781 ], [ 7.745561111111111, 48.333483333333334 ], [ 7.731208333333333, 48.380758333333333 ], [ 7.734958333333333, 48.402247222222222 ], [ 7.764913888888889, 48.455461111111113 ], [ 7.767088888888889, 48.486466666666665 ], [ 7.777441666666666, 48.495561111111115 ], [ 7.797411111111111, 48.503483333333335 ], [ 7.806702777777778, 48.523030555555557 ], [ 7.802991666666666, 48.536477777777776 ], [ 7.805786111111111, 48.55515 ], [ 7.800397222222222, 48.577694444444447 ], [ 7.805194444444444, 48.593163888888888 ], [ 7.830463888888889, 48.620138888888889 ], [ 7.839936111111111, 48.64147222222222 ], [ 7.890111111111111, 48.662633333333332 ], [ 7.9668, 48.724872222222224 ], [ 7.968102777777778, 48.752325 ], [ 7.974686111111112, 48.759416666666667 ], [ 7.988380555555556, 48.760827777777777 ], [ 8.007325, 48.758819444444441 ], [ 8.021547222222223, 48.766519444444441 ], [ 8.026161111111112, 48.782961111111113 ], [ 8.035355555555556, 48.789783333333332 ], [ 8.0515, 48.789869444444442 ], [ 8.0652, 48.789661111111108 ], [ 8.086366666666667, 48.801433333333328 ], [ 8.104569444444444, 48.820583333333339 ], [ 8.117919444444444, 48.858258333333332 ], [ 8.143716666666666, 48.898583333333335 ], [ 8.174933333333334, 48.929933333333331 ], [ 8.194802777777777, 48.955158333333337 ], [ 8.233625, 48.966736111111111 ], [ 8.22861111111111, 48.970277777777781 ] ] ] } },
{ "type": "Feature", "properties": { "fir": "EDGG", "identifier": "EDGG:EDRZ_RMZ:000-021", "name": "EDRZ_RMZ", "level_lower": 0, "level_upper": 21 }, "geometry": { "type": "Polygon", "coordinates": [ [ [ 7.315, 49.134722222222223 ], [ 7.263611111111111, 49.153888888888886 ], [ 7.406944444444445, 49.316944444444445 ], [ 7.539722222222222, 49.267222222222223 ], [ 7.453333333333333, 49.169166666666662 ], [ 7.433252777777778, 49.166180555555556 ], [ 7.4446, 49.182805555555554 ], [ 7.365475, 49.171422222222219 ], [ 7.361783333333333, 49.143186111111113 ], [ 7.315, 49.134722222222223 ] ] ] } },
{ "type": "Feature", "properties": { "fir": "EDGG", "identifier": "EDGG:NKRH2:145-245", "name": "NKRH2", "level_lower": 145, "level_upper": 245 }, "geometry": { "type": "Polygon", "coordinates": [ [ [ 9.045555555555556, 49.2425 ], [ 9.008888888888889, 49.0 ], [ 9.0, 48.94 ], [ 8.8525, 48.921388888888885 ], [ 8.647777777777778, 48.895 ], [ 8.436111111111112, 48.916666666666664 ], [ 8.291666666666666, 48.967777777777776 ], [ 8.348333333333334, 49.004444444444445 ], [ 8.374166666666667, 49.076388888888893 ], [ 8.393888888888888, 49.235277777777782 ], [ 8.70611111111111, 49.229166666666671 ], [ 8.989722222222222, 49.222777777777779 ], [ 9.045555555555556, 49.2425 ] ] ] } },
{ "type": "Feature", "properties": { "fir": "EDGG", "identifier": "EDGG:NTM141:245-265", "name": "NTM141", "level_lower": 245, "level_upper": 265 }, "geometry": { "type": "Polygon", "coordinates": [ [ [ 7.666111111111111, 50.7 ], [ 7.909444444444444, 50.611666666666665 ], [ 8.493333333333332, 49.904444444444444 ], [ 8.212777777777777, 49.740833333333335 ], [ 7.835277777777778, 49.047222222222217 ], [ 7.793380555555555, 49.065005555555551 ], [ 7.732283333333333, 49.044080555555553 ], [ 7.631205555555556, 49.054566666666666 ], [ 7.629922222222222, 49.074066666666667 ], [ 7.528613888888889, 49.101497222222221 ], [ 7.489169444444444, 49.139075 ], [ 7.506708333333333, 49.154402777777776 ], [ 7.493333333333333, 49.166666666666664 ], [ 7.4446, 49.182805555555554 ], [ 7.365475, 49.171422222222219 ], [ 7.361783333333333, 49.143186111111113 ], [ 7.293663888888889, 49.115069444444444 ], [ 7.158558333333334, 49.120566666666669 ], [ 7.106738888888889, 49.1548 ], [ 7.081347222222222, 49.146861111111107 ], [ 7.089988888888889, 49.13035 ], [ 7.049561111111111, 49.113752777777776 ], [ 7.034575, 49.190527777777774 ], [ 6.938797222222222, 49.222247222222222 ], [ 6.836808333333333, 49.21306944444445 ], [ 6.85861111111111, 49.174727777777775 ], [ 6.834722222222222, 49.151388888888889 ], [ 6.781380555555556, 49.168322222222223 ], [ 6.746111111111111, 49.166111111111107 ], [ 6.723055555555556, 49.200277777777778 ], [ 6.711111111111111, 49.218055555555559 ], [ 6.593888888888888, 49.561388888888885 ], [ 6.808055555555556, 49.653333333333329 ], [ 6.830833333333334, 49.75277777777778 ], [ 6.738333333333333, 49.833888888888893 ], [ 6.652222222222223, 49.882222222222225 ], [ 6.525, 49.87777777777778 ], [ 6.581666666666666, 50.05694444444444 ], [ 6.650833333333334, 50.274444444444441 ], [ 6.987777777777778, 50.256666666666668 ], [ 6.918055555555556, 50.510833333333331 ], [ 7.2525, 50.515 ], [ 7.508055555555556, 50.460277777777783 ], [ 7.566944444444444, 50.369722222222222 ], [ 7.7175, 50.409722222222221 ], [ 7.598888888888888, 50.581944444444446 ], [ 7.58, 50.600277777777777 ], [ 7.506388888888889, 50.6725 ], [ 7.666111111111111, 50.7 ] ] ] } },
{ "type": "Feature", "properties": { "fir": "EDGG", "identifier": "EDGG:NTM142:265-325", "name": "NTM142", "level_lower": 265, "level_upper": 325 }, "geometry": { "type": "Polygon", "coordinates": [ [ [ 7.666111111111111, 50.7 ], [ 7.909444444444444, 50.611666666666665 ], [ 8.493333333333332, 49.904444444444444 ], [ 8.212777777777777, 49.740833333333335 ], [ 7.835277777777778, 49.047222222222217 ], [ 7.793380555555555, 49.065005555555551 ], [ 7.732283333333333, 49.044080555555553 ], [ 7.631205555555556, 49.054566666666666 ], [ 7.629922222222222, 49.074066666666667 ], [ 7.528613888888889, 49.101497222222221 ], [ 7.489169444444444, 49.139075 ], [ 7.506708333333333, 49.154402777777776 ], [ 7.493333333333333, 49.166666666666664 ], [ 7.4446, 49.182805555555554 ], [ 7.365475, 49.171422222222219 ], [ 7.361783333333333, 49.143186111111113 ], [ 7.293663888888889, 49.115069444444444 ], [ 7.158558333333334, 49.120566666666669 ], [ 7.106738888888889, 49.1548 ], [ 7.081347222222222, 49.146861111111107 ], [ 7.089988888888889, 49.13035 ], [ 7.049561111111111, 49.113752777777776 ], [ 7.034575, 49.190527777777774 ], [ 6.938797222222222, 49.222247222222222 ], [ 6.836808333333333, 49.21306944444445 ], [ 6.85861111111111, 49.174727777777775 ], [ 6.834722222222222, 49.151388888888889 ], [ 6.781380555555556, 49.168322222222223 ], [ 6.746111111111111, 49.166111111111107 ], [ 6.723055555555556, 49.200277777777778 ], [ 6.711111111111111, 49.218055555555559 ], [ 6.593888888888888, 49.561388888888885 ], [ 6.533333333333333, 49.745 ], [ 6.533333333333333, 49.80555555555555 ], [ 6.525, 49.87777777777778 ], [ 6.581666666666666, 50.05694444444444 ], [ 6.650833333333334, 50.274444444444441 ], [ 6.815277777777777, 50.505833333333335 ], [ 7.0, 50.583333333333336 ], [ 7.128888888888889, 50.606388888888887 ], [ 7.506388888888889, 50.6725 ], [ 7.666111111111111, 50.7 ] ] ] } },
{ "type": "Feature", "properties": { "fir": "EDGG", "identifier": "EDGG:NTM24:325-355", "name": "NTM24", "level_lower": 325, "level_upper": 355 }, "geometry": { "type": "Polygon", "coordinates": [ [ [ 7.666111111111111, 50.7 ], [ 7.909444444444444, 50.611666666666665 ], [ 8.493333333333332, 49.904444444444444 ], [ 8.212777777777777, 49.740833333333335 ], [ 7.835277777777778, 49.047222222222217 ], [ 7.793380555555555, 49.065005555555551 ], [ 7.732283333333333, 49.044080555555553 ], [ 7.631205555555556, 49.054566666666666 ], [ 7.629922222222222, 49.074066666666667 ], [ 7.528613888888889, 49.101497222222221 ], [ 7.489169444444444, 49.139075 ], [ 7.506708333333333, 49.154402777777776 ], [ 7.493333333333333, 49.166666666666664 ], [ 7.4446, 49.182805555555554 ], [ 7.365475, 49.171422222222219 ], [ 7.361783333333333, 49.143186111111113 ], [ 7.293663888888889, 49.115069444444444 ], [ 7.158558333333334, 49.120566666666669 ], [ 7.106738888888889, 49.1548 ], [ 7.081347222222222, 49.146861111111107 ], [ 7.089988888888889, 49.13035 ], [ 7.049561111111111, 49.113752777777776 ], [ 7.034575, 49.190527777777774 ], [ 6.938797222222222, 49.222247222222222 ], [ 6.836808333333333, 49.21306944444445 ], [ 6.85861111111111, 49.174727777777775 ], [ 6.834722222222222, 49.151388888888889 ], [ 6.781380555555556, 49.168322222222223 ], [ 6.746111111111111, 49.166111111111107 ], [ 6.723055555555556, 49.200277777777778 ], [ 6.711111111111111, 49.218055555555559 ], [ 6.593888888888888, 49.561388888888885 ], [ 6.533333333333333, 49.745 ], [ 6.533333333333333, 49.80555555555555 ], [ 6.525, 49.87777777777778 ], [ 6.581666666666666, 50.05694444444444 ], [ 6.650833333333334, 50.274444444444441 ], [ 6.815277777777777, 50.505833333333335 ], [ 7.0, 50.583333333333336 ], [ 7.128888888888889, 50.606388888888887 ], [ 7.506388888888889, 50.6725 ], [ 7.666111111111111, 50.7 ] ] ] } },
{ "type": "Feature", "properties": { "fir": "EDGG", "identifier": "EDGG:NTM34:355-375", "name": "NTM34", "level_lower": 355, "level_upper": 375 }, "geometry": { "type": "Polygon", "coordinates": [ [ [ 7.666111111111111, 50.7 ], [ 7.909444444444444, 50.611666666666665 ], [ 8.493333333333332, 49.904444444444444 ], [ 8.212777777777777, 49.740833333333335 ], [ 7.835277777777778, 49.047222222222217 ], [ 7.793380555555555, 49.065005555555551 ], [ 7.732283333333333, 49.044080555555553 ], [ 7.631205555555556, 49.054566666666666 ], [ 7.629922222222222, 49.074066666666667 ], [ 7.528613888888889, 49.101497222222221 ], [ 7.489169444444444, 49.139075 ], [ 7.506708333333333, 49.154402777777776 ], [ 7.493333333333333, 49.166666666666664 ], [ 7.4446, 49.182805555555554 ], [ 7.365475, 49.171422222222219 ], [ 7.361783333333333, 49.143186111111113 ], [ 7.293663888888889, 49.115069444444444 ], [ 7.158558333333334, 49.120566666666669 ], [ 7.106738888888889, 49.1548 ], [ 7.081347222222222, 49.146861111111107 ], [ 7.089988888888889, 49.13035 ], [ 7.049561111111111, 49.113752777777776 ], [ 7.034575, 49.190527777777774 ], [ 6.938797222222222, 49.222247222222222 ], [ 6.836808333333333, 49.21306944444445 ], [ 6.85861111111111, 49.174727777777775 ], [ 6.834722222222222, 49.151388888888889 ], [ 6.781380555555556, 49.168322222222223 ], [ 6.746111111111111, 49.166111111111107 ], [ 6.723055555555556, 49.200277777777778 ], [ 6.711111111111111, 49.218055555555559 ], [ 6.593888888888888, 49.561388888888885 ], [ 6.533333333333333, 49.745 ], [ 6.533333333333333, 49.80555555555555 ], [ 6.525, 49.87777777777778 ], [ 6.581666666666666, 50.05694444444444 ], [ 6.650833333333334, 50.274444444444441 ], [ 6.815277777777777, 50.505833333333335 ], [ 7.0, 50.583333333333336 ], [ 7.128888888888889, 50.606388888888887 ], [ 7.506388888888889, 50.6725 ], [ 7.666111111111111, 50.7 ] ] ] } },
{ "type": "Feature", "properties": { "fir": "EDGG", "identifier": "EDGG:NTM44:375-660", "name": "NTM44", "level_lower": 375, "level_upper": 660 }, "geometry": { "type": "Polygon", "coordinates": [ [ [ 7.666111111111111, 50.7 ], [ 7.909444444444444, 50.611666666666665 ], [ 8.493333333333332, 49.904444444444444 ], [ 8.212777777777777, 49.740833333333335 ], [ 7.835277777777778, 49.047222222222217 ], [ 7.793380555555555, 49.065005555555551 ], [ 7.732283333333333, 49.044080555555553 ], [ 7.631205555555556, 49.054566666666666 ], [ 7.629922222222222, 49.074066666666667 ], [ 7.528613888888889, 49.101497222222221 ], [ 7.489169444444444, 49.139075 ], [ 7.506708333333333, 49.154402777777776 ], [ 7.493333333333333, 49.166666666666664 ], [ 7.4446, 49.182805555555554 ], [ 7.365475, 49.171422222222219 ], [ 7.361783333333333, 49.143186111111113 ], [ 7.293663888888889, 49.115069444444444 ], [ 7.158558333333334, 49.120566666666669 ], [ 7.106738888888889, 49.1548 ], [ 7.081347222222222, 49.146861111111107 ], [ 7.089988888888889, 49.13035 ], [ 7.049561111111111, 49.113752777777776 ], [ 7.034575, 49.190527777777774 ], [ 6.938797222222222, 49.222247222222222 ], [ 6.836808333333333, 49.21306944444445 ], [ 6.85861111111111, 49.174727777777775 ], [ 6.834722222222222, 49.151388888888889 ], [ 6.781380555555556, 49.168322222222223 ], [ 6.746111111111111, 49.166111111111107 ], [ 6.723055555555556, 49.200277777777778 ], [ 6.711111111111111, 49.218055555555559 ], [ 6.593888888888888, 49.561388888888885 ], [ 6.533333333333333, 49.745 ], [ 6.533333333333333, 49.80555555555555 ], [ 6.525, 49.87777777777778 ], [ 6.581666666666666, 50.05694444444444 ], [ 6.650833333333334, 50.274444444444441 ], [ 6.815277777777777, 50.505833333333335 ], [ 7.0, 50.583333333333336 ], [ 7.128888888888889, 50.606388888888887 ], [ 7.506388888888889, 50.6725 ], [ 7.666111111111111, 50.7 ] ] ] } },
{ "type": "Feature", "properties": { "fir": "EDGG", "identifier": "EDGG:PFA1:000-245", "name": "PFA1", "level_lower": 0, "level_upper": 245 }, "geometry": { "type": "Polygon", "coordinates": [ [ [ 6.573333333333333, 49.638888888888886 ], [ 7.121944444444444, 49.649722222222223 ], [ 7.543333333333333, 49.656111111111109 ], [ 8.1675, 49.662777777777777 ], [ 8.191666666666666, 49.56666666666667 ], [ 8.192222222222222, 49.37777777777778 ], [ 8.339722222222223, 49.236111111111114 ], [ 8.225, 49.083333333333336 ], [ 8.066666666666666, 49.0 ], [ 8.049641666666666, 49.014286111111112 ], [ 8.021797222222222, 49.018236111111108 ], [ 8.019047222222223, 49.021 ], [ 8.014202777777777, 49.020869444444443 ], [ 8.011469444444444, 49.0246 ], [ 7.994291666666666, 49.028744444444442 ], [ 7.974891666666667, 49.026494444444445 ], [ 7.945977777777778, 49.055458333333327 ], [ 7.931636111111112, 49.0578 ], [ 7.912541666666667, 49.041238888888884 ], [ 7.867263888888889, 49.033497222222223 ], [ 7.835277777777778, 49.047222222222217 ], [ 7.793380555555555, 49.065005555555551 ], [ 7.732283333333333, 49.044080555555553 ], [ 7.631205555555556, 49.054566666666666 ], [ 7.629922222222222, 49.074066666666667 ], [ 7.528613888888889, 49.101497222222221 ], [ 7.489169444444444, 49.139075 ], [ 7.506708333333333, 49.154402777777776 ], [ 7.493333333333333, 49.166666666666664 ], [ 7.4446, 49.182805555555554 ], [ 7.365475, 49.171422222222219 ], [ 7.361783333333333, 49.143186111111113 ], [ 7.293663888888889, 49.115069444444444 ], [ 7.158558333333334, 49.120566666666669 ], [ 7.106738888888889, 49.1548 ], [ 7.081347222222222, 49.146861111111107 ], [ 7.089988888888889, 49.13035 ], [ 7.049561111111111, 49.113752777777776 ], [ 7.034575, 49.190527777777774 ], [ 6.938797222222222, 49.222247222222222 ], [ 6.836808333333333, 49.21306944444445 ], [ 6.85861111111111, 49.174727777777775 ], [ 6.834722222222222, 49.151388888888889 ], [ 6.781380555555556, 49.168322222222223 ], [ 6.746111111111111, 49.166111111111107 ], [ 6.723055555555556, 49.200277777777778 ], [ 6.711111111111111, 49.218055555555559 ], [ 6.694333333333334, 49.216386111111113 ], [ 6.675666666666667, 49.257452777777779 ], [ 6.662261111111111, 49.256663888888887 ], [ 6.670491666666667, 49.280277777777776 ], [ 6.653155555555556, 49.281097222222222 ], [ 6.636330555555555, 49.29613333333333 ], [ 6.588783333333333, 49.322122222222227 ], [ 6.594266666666666, 49.330891666666673 ], [ 6.564275, 49.350922222222223 ], [ 6.573980555555555, 49.358744444444447 ], [ 6.587730555555555, 49.349886111111111 ], [ 6.601866666666666, 49.36709722222222 ], [ 6.582822222222222, 49.368638888888889 ], [ 6.580291666666667, 49.385408333333331 ], [ 6.558888888888888, 49.392777777777781 ], [ 6.556944444444444, 49.394444444444446 ], [ 6.592777777777777, 49.394444444444446 ], [ 6.581388888888888, 49.536666666666662 ], [ 6.573333333333333, 49.638888888888886 ] ] ] } },
{ "type": "Feature", "properties": { "fir": "EDGG", "identifier": "EDGG:PFA4:095-245", "name": "PFA4", "level_lower": 95, "level_upper": 245 }, "geometry": { "type": "Polygon", "coordinates": [ [ [ 8.339722222222223, 49.236111111111114 ], [ 8.393888888888888, 49.235277777777782 ], [ 8.374166666666667, 49.076388888888893 ], [ 8.348333333333334, 49.004444444444445 ], [ 8.291666666666666, 48.967777777777776 ], [ 8.22861111111111, 48.970277777777781 ], [ 8.222683333333334, 48.97580555555556 ], [ 8.197552777777778, 48.967919444444448 ], [ 8.193855555555556, 48.9772 ], [ 8.170183333333332, 48.979058333333334 ], [ 8.169875, 48.976052777777781 ], [ 8.1605, 48.978575 ], [ 8.152158333333334, 48.977247222222225 ], [ 8.13623611111111, 48.979316666666669 ], [ 8.123788888888889, 48.986219444444444 ], [ 8.108002777777777, 48.986558333333335 ], [ 8.104566666666667, 48.989122222222221 ], [ 8.087622222222222, 48.990119444444446 ], [ 8.066666666666666, 49.0 ], [ 8.225, 49.083333333333336 ], [ 8.339722222222223, 49.236111111111114 ] ] ] } },
{ "type": "Feature", "properties": { "fir": "EDGG", "identifier": "EDGG:PFA5:000-075", "name": "PFA5", "level_lower": 0, "level_upper": 75 }, "geometry": { "type": "Polygon", "coordinates": [ [ [ 7.493333333333333, 49.166666666666664 ], [ 7.384722222222223, 49.040277777777774 ], [ 7.246666666666667, 48.935 ], [ 6.993055555555555, 49.033888888888889 ], [ 6.834722222222222, 49.151388888888889 ], [ 6.85861111111111, 49.174727777777775 ], [ 6.836808333333333, 49.21306944444445 ], [ 6.938797222222222, 49.222247222222222 ], [ 7.034575, 49.190527777777774 ], [ 7.049561111111111, 49.113752777777776 ], [ 7.089988888888889, 49.13035 ], [ 7.081347222222222, 49.146861111111107 ], [ 7.106738888888889, 49.1548 ], [ 7.158558333333334, 49.120566666666669 ], [ 7.293663888888889, 49.115069444444444 ], [ 7.361783333333333, 49.143186111111113 ], [ 7.365475, 49.171422222222219 ], [ 7.4446, 49.182805555555554 ], [ 7.493333333333333, 49.166666666666664 ] ] ] } },
{ "type": "Feature", "properties": { "fir": "EDGG", "identifier": "EDGG:PFA6:095-245", "name": "PFA6", "level_lower": 95, "level_upper": 245 }, "geometry": { "type": "Polygon", "coordinates": [ [ [ 6.573333333333333, 49.638888888888886 ], [ 6.581388888888888, 49.536666666666662 ], [ 6.592777777777777, 49.394444444444446 ], [ 6.551111111111111, 49.454722222222223 ], [ 6.515277777777778, 49.510833333333331 ], [ 6.4275, 49.635555555555555 ], [ 6.573333333333333, 49.638888888888886 ] ] ] } },
{ "type": "Feature", "properties": { "fir": "EDGG", "identifier": "EDGG:PFA7:165-245", "name": "PFA7", "level_lower": 165, "level_upper": 245 }, "geometry": { "type": "Polygon", "coordinates": [ [ [ 6.481666666666666, 49.454722222222223 ], [ 6.551111111111111, 49.454722222222223 ], [ 6.592777777777777, 49.394444444444446 ], [ 6.556944444444444, 49.394444444444446 ], [ 6.5525, 49.399444444444441 ], [ 6.540627777777778, 49.401605555555555 ], [ 6.537311111111111, 49.411558333333332 ], [ 6.548611111111111, 49.4175 ], [ 6.556861111111111, 49.419286111111106 ], [ 6.545555555555556, 49.428333333333327 ], [ 6.541111111111111, 49.434444444444438 ], [ 6.523333333333333, 49.436388888888885 ], [ 6.503611111111111, 49.449166666666663 ], [ 6.487777777777778, 49.451666666666668 ], [ 6.481666666666666, 49.454722222222223 ] ] ] } },
{ "type": "Feature", "properties": { "fir": "EDGG", "identifier": "EDGG:REU1:000-145", "name": "REU1", "level_lower": 0, "level_upper": 145 }, "geometry": { "type": "Polygon", "coordinates": [ [ [ 10.096944444444444, 48.948611111111106 ], [ 10.16861111111111, 48.903055555555554 ], [ 10.159722222222223, 48.645833333333336 ], [ 10.072777777777777, 48.52 ], [ 9.965277777777777, 48.363611111111112 ], [ 9.923611111111111, 48.3025 ], [ 9.570833333333333, 48.17444444444444 ], [ 9.55, 48.166666666666664 ], [ 9.107761111111111, 48.167119444444445 ], [ 8.882777777777779, 48.166666666666664 ], [ 8.680555555555555, 48.168888888888887 ], [ 8.321388888888889, 48.17 ], [ 8.212655555555555, 48.148544444444447 ], [ 7.966666666666667, 48.1 ], [ 8.433333333333334, 48.8 ], [ 8.798611111111111, 48.612777777777779 ], [ 8.859166666666667, 48.620555555555555 ], [ 8.93888888888889, 48.630277777777778 ], [ 9.71361111111111, 48.783333333333331 ], [ 9.77638888888889, 48.810555555555553 ], [ 10.096944444444444, 48.948611111111106 ] ] ] } },
{ "type": "Feature", "properties": { "fir": "EDGG", "identifier": "EDGG:REU2:095-145", "name": "REU2", "level_lower": 95, "level_upper": 145 }, "geometry": { "type": "Polygon", "coordinates": [ [ [ 7.966666666666667, 48.1 ], [ 7.570002777777778, 48.082997222222225 ], [ 7.578986111111111, 48.100086111111111 ], [ 7.577044444444444, 48.1198 ], [ 7.5898, 48.128811111111112 ], [ 7.599288888888888, 48.136116666666666 ], [ 7.600541666666667, 48.143352777777778 ], [ 7.598986111111111, 48.153188888888884 ], [ 7.609438888888889, 48.165580555555557 ], [ 7.63045, 48.185361111111106 ], [ 7.644586111111111, 48.207677777777782 ], [ 7.664433333333334, 48.219222222222221 ], [ 7.674133333333334, 48.239877777777778 ], [ 7.689655555555555, 48.284180555555551 ], [ 7.689708333333334, 48.295025 ], [ 7.695863888888889, 48.304013888888889 ], [ 7.733261111111111, 48.317652777777781 ], [ 7.745561111111111, 48.333483333333334 ], [ 7.731208333333333, 48.380758333333333 ], [ 7.734958333333333, 48.402247222222222 ], [ 7.764913888888889, 48.455461111111113 ], [ 7.767088888888889, 48.486466666666665 ], [ 7.777441666666666, 48.495561111111115 ], [ 7.797411111111111, 48.503483333333335 ], [ 7.806702777777778, 48.523030555555557 ], [ 7.802991666666666, 48.536477777777776 ], [ 7.805786111111111, 48.55515 ], [ 7.800397222222222, 48.577694444444447 ], [ 7.805194444444444, 48.593163888888888 ], [ 7.830463888888889, 48.620138888888889 ], [ 7.839936111111111, 48.64147222222222 ], [ 7.890111111111111, 48.662633333333332 ], [ 7.9668, 48.724872222222224 ], [ 7.968102777777778, 48.752325 ], [ 7.974686111111112, 48.759416666666667 ], [ 7.988380555555556, 48.760827777777777 ], [ 8.007325, 48.758819444444441 ], [ 8.021547222222223, 48.766519444444441 ], [ 8.026161111111112, 48.782961111111113 ], [ 8.035355555555556, 48.789783333333332 ], [ 8.0515, 48.789869444444442 ], [ 8.0652, 48.789661111111108 ], [ 8.086366666666667, 48.801433333333328 ], [ 8.104569444444444, 48.820583333333339 ], [ 8.117919444444444, 48.858258333333332 ], [ 8.143716666666666, 48.898583333333335 ], [ 8.174933333333334, 48.929933333333331 ], [ 8.194802777777777, 48.955158333333337 ], [ 8.233625, 48.966736111111111 ], [ 8.22861111111111, 48.970277777777781 ], [ 8.291666666666666, 48.967777777777776 ], [ 8.436111111111112, 48.916666666666664 ], [ 8.433333333333334, 48.8 ], [ 7.966666666666667, 48.1 ] ] ] } },
{ "type": "Feature", "properties": { "fir": "EDGG", "identifier": "EDGG:SLN13:245-355", "name": "SLN13", "level_lower": 245, "level_upper": 355 }, "geometry": { "type": "Polygon", "coordinates": [ [ [ 8.493333333333332, 49.904444444444444 ], [ 9.186944444444444, 49.55555555555555 ], [ 9.110555555555555, 49.365 ], [ 8.816111111111113, 48.665555555555557 ], [ 8.616666666666667, 47.833333333333336 ], [ 8.295833333333333, 47.833333333333336 ], [ 7.590555555555556, 48.015 ], [ 7.578469444444444, 48.0249 ], [ 7.572908333333333, 48.029358333333334 ], [ 7.5708, 48.0321 ], [ 7.5705, 48.0325 ], [ 7.5701, 48.0332 ], [ 7.5698, 48.0341 ], [ 7.5695, 48.0353 ], [ 7.5695, 48.0363 ], [ 7.5697, 48.0376 ], [ 7.5699, 48.0386 ], [ 7.5709, 48.041 ], [ 7.5715, 48.0427 ], [ 7.5724, 48.0448 ], [ 7.5731, 48.0469 ], [ 7.5741, 48.0505 ], [ 7.5743, 48.0513 ], [ 7.5744, 48.0522 ], [ 7.5744, 48.0536 ], [ 7.5743, 48.0556 ], [ 7.574, 48.0576 ], [ 7.5731, 48.0618 ], [ 7.5708, 48.0721 ], [ 7.5697, 48.0774 ], [ 7.5694, 48.0799 ], [ 7.570002777777778, 48.082997222222225 ], [ 7.578986111111111, 48.100086111111111 ], [ 7.577044444444444, 48.1198 ], [ 7.5898, 48.128811111111112 ], [ 7.599288888888888, 48.136116666666666 ], [ 7.600541666666667, 48.143352777777778 ], [ 7.598986111111111, 48.153188888888884 ], [ 7.609438888888889, 48.165580555555557 ], [ 7.63045, 48.185361111111106 ], [ 7.644586111111111, 48.207677777777782 ], [ 7.664433333333334, 48.219222222222221 ], [ 7.674133333333334, 48.239877777777778 ], [ 7.689655555555555, 48.284180555555551 ], [ 7.689708333333334, 48.295025 ], [ 7.695863888888889, 48.304013888888889 ], [ 7.733261111111111, 48.317652777777781 ], [ 7.745561111111111, 48.333483333333334 ], [ 7.731208333333333, 48.380758333333333 ], [ 7.734958333333333, 48.402247222222222 ], [ 7.764913888888889, 48.455461111111113 ], [ 7.767088888888889, 48.486466666666665 ], [ 7.777441666666666, 48.495561111111115 ], [ 7.797411111111111, 48.503483333333335 ], [ 7.806702777777778, 48.523030555555557 ], [ 7.802991666666666, 48.536477777777776 ], [ 7.805786111111111, 48.55515 ], [ 7.800397222222222, 48.577694444444447 ], [ 7.805194444444444, 48.593163888888888 ], [ 7.830463888888889, 48.620138888888889 ], [ 7.839936111111111, 48.64147222222222 ], [ 7.890111111111111, 48.662633333333332 ], [ 7.9668, 48.724872222222224 ], [ 7.968102777777778, 48.752325 ], [ 7.974686111111112, 48.759416666666667 ], [ 7.988380555555556, 48.760827777777777 ], [ 8.007325, 48.758819444444441 ], [ 8.021547222222223, 48.766519444444441 ], [ 8.026161111111112, 48.782961111111113 ], [ 8.035355555555556, 48.789783333333332 ], [ 8.0515, 48.789869444444442 ], [ 8.0652, 48.789661111111108 ], [ 8.086366666666667, 48.801433333333328 ], [ 8.104569444444444, 48.820583333333339 ], [ 8.117919444444444, 48.858258333333332 ], [ 8.143716666666666, 48.898583333333335 ], [ 8.174933333333334, 48.929933333333331 ], [ 8.194802777777777, 48.955158333333337 ], [ 8.233625, 48.966736111111111 ], [ 8.22861111111111, 48.970277777777781 ], [ 8.222683333333334, 48.97580555555556 ], [ 8.197552777777778, 48.967919444444448 ], [ 8.193855555555556, 48.9772 ], [ 8.170183333333332, 48.979058333333334 ], [ 8.169875, 48.976052777777781 ], [ 8.1605, 48.978575 ], [ 8.152158333333334, 48.977247222222225 ], [ 8.13623611111111, 48.979316666666669 ], [ 8.123788888888889, 48.986219444444444 ], [ 8.108002777777777, 48.986558333333335 ], [ 8.104566666666667, 48.989122222222221 ], [ 8.087622222222222, 48.990119444444446 ], [ 8.049641666666666, 49.014286111111112 ], [ 8.021797222222222, 49.018236111111108 ], [ 8.019047222222223, 49.021 ], [ 8.014202777777777, 49.020869444444443 ], [ 8.011469444444444, 49.0246 ], [ 7.994291666666666, 49.028744444444442 ], [ 7.974891666666667, 49.026494444444445 ], [ 7.945977777777778, 49.055458333333327 ], [ 7.931636111111112, 49.0578 ], [ 7.912541666666667, 49.041238888888884 ], [ 7.867263888888889, 49.033497222222223 ], [ 7.835277777777778, 49.047222222222217 ], [ 8.212777777777777, 49.740833333333335 ], [ 8.493333333333332, 49.904444444444444 ] ] ] } },
{ "type": "Feature", "properties": { "fir": "EDGG", "identifier": "EDGG:SLN23:355-375", "name": "SLN23", "level_lower": 355, "level_upper": 375 }, "geometry": { "type": "Polygon", "coordinates": [ [ [ 8.493333333333332, 49.904444444444444 ], [ 9.186944444444444, 49.55555555555555 ], [ 9.110555555555555, 49.365 ], [ 8.816111111111113, 48.665555555555557 ], [ 8.616666666666667, 47.833333333333336 ], [ 8.295833333333333, 47.833333333333336 ], [ 7.590555555555556, 48.015 ], [ 7.578469444444444, 48.0249 ], [ 7.572908333333333, 48.029358333333334 ], [ 7.5708, 48.0321 ], [ 7.5705, 48.0325 ], [ 7.5701, 48.0332 ], [ 7.5698, 48.0341 ], [ 7.5695, 48.0353 ], [ 7.5695, 48.0363 ], [ 7.5697, 48.0376 ], [ 7.5699, 48.0386 ], [ 7.5709, 48.041 ], [ 7.5715, 48.0427 ], [ 7.5724, 48.0448 ], [ 7.5731, 48.0469 ], [ 7.5741, 48.0505 ], [ 7.5743, 48.0513 ], [ 7.5744, 48.0522 ], [ 7.5744, 48.0536 ], [ 7.5743, 48.0556 ], [ 7.574, 48.0576 ], [ 7.5731, 48.0618 ], [ 7.5708, 48.0721 ], [ 7.5697, 48.0774 ], [ 7.5694, 48.0799 ], [ 7.570002777777778, 48.082997222222225 ], [ 7.578986111111111, 48.100086111111111 ], [ 7.577044444444444, 48.1198 ], [ 7.5898, 48.128811111111112 ], [ 7.599288888888888, 48.136116666666666 ], [ 7.600541666666667, 48.143352777777778 ], [ 7.598986111111111, 48.153188888888884 ], [ 7.609438888888889, 48.165580555555557 ], [ 7.63045, 48.185361111111106 ], [ 7.644586111111111, 48.207677777777782 ], [ 7.664433333333334, 48.219222222222221 ], [ 7.674133333333334, 48.239877777777778 ], [ 7.689655555555555, 48.284180555555551 ], [ 7.689708333333334, 48.295025 ], [ 7.695863888888889, 48.304013888888889 ], [ 7.733261111111111, 48.317652777777781 ], [ 7.745561111111111, 48.333483333333334 ], [ 7.731208333333333, 48.380758333333333 ], [ 7.734958333333333, 48.402247222222222 ], [ 7.764913888888889, 48.455461111111113 ], [ 7.767088888888889, 48.486466666666665 ], [ 7.777441666666666, 48.495561111111115 ], [ 7.797411111111111, 48.503483333333335 ], [ 7.806702777777778, 48.523030555555557 ], [ 7.802991666666666, 48.536477777777776 ], [ 7.805786111111111, 48.55515 ], [ 7.800397222222222, 48.577694444444447 ], [ 7.805194444444444, 48.593163888888888 ], [ 7.830463888888889, 48.620138888888889 ], [ 7.839936111111111, 48.64147222222222 ], [ 7.890111111111111, 48.662633333333332 ], [ 7.9668, 48.724872222222224 ], [ 7.968102777777778, 48.752325 ], [ 7.974686111111112, 48.759416666666667 ], [ 7.988380555555556, 48.760827777777777 ], [ 8.007325, 48.758819444444441 ], [ 8.021547222222223, 48.766519444444441 ], [ 8.026161111111112, 48.782961111111113 ], [ 8.035355555555556, 48.789783333333332 ], [ 8.0515, 48.789869444444442 ], [ 8.0652, 48.789661111111108 ], [ 8.086366666666667, 48.801433333333328 ], [ 8.104569444444444, 48.820583333333339 ], [ 8.117919444444444, 48.858258333333332 ], [ 8.143716666666666, 48.898583333333335 ], [ 8.174933333333334, 48.929933333333331 ], [ 8.194802777777777, 48.955158333333337 ], [ 8.233625, 48.966736111111111 ], [ 8.22861111111111, 48.970277777777781 ], [ 8.222683333333334, 48.97580555555556 ], [ 8.197552777777778, 48.967919444444448 ], [ 8.193855555555556, 48.9772 ], [ 8.170183333333332, 48.979058333333334 ], [ 8.169875, 48.976052777777781 ], [ 8.1605, 48.978575 ], [ 8.152158333333334, 48.977247222222225 ], [ 8.13623611111111, 48.979316666666669 ], [ 8.123788888888889, 48.986219444444444 ], [ 8.108002777777777, 48.986558333333335 ], [ 8.104566666666667, 48.989122222222221 ], [ 8.087622222222222, 48.990119444444446 ], [ 8.049641666666666, 49.014286111111112 ], [ 8.021797222222222, 49.018236111111108 ], [ 8.019047222222223, 49.021 ], [ 8.014202777777777, 49.020869444444443 ], [ 8.011469444444444, 49.0246 ], [ 7.994291666666666, 49.028744444444442 ], [ 7.974891666666667, 49.026494444444445 ], [ 7.945977777777778, 49.055458333333327 ], [ 7.931636111111112, 49.0578 ], [ 7.912541666666667, 49.041238888888884 ], [ 7.867263888888889, 49.033497222222223 ], [ 7.835277777777778, 49.047222222222217 ], [ 8.212777777777777, 49.740833333333335 ], [ 8.493333333333332, 49.904444444444444 ] ] ] } },
{ "type": "Feature", "properties": { "fir": "EDGG", "identifier": "EDGG:SLN33:375-660", "name": "SLN33", "level_lower": 375, "level_upper": 660 }, "geometry": { "type": "Polygon", "coordinates": [ [ [ 8.493333333333332, 49.904444444444444 ], [ 9.186944444444444, 49.55555555555555 ], [ 9.110555555555555, 49.365 ], [ 8.816111111111113, 48.665555555555557 ], [ 8.616666666666667, 47.833333333333336 ], [ 8.295833333333333, 47.833333333333336 ], [ 7.590555555555556, 48.015 ], [ 7.578469444444444, 48.0249 ], [ 7.572908333333333, 48.029358333333334 ], [ 7.5708, 48.0321 ], [ 7.5705, 48.0325 ], [ 7.5701, 48.0332 ], [ 7.5698, 48.0341 ], [ 7.5695, 48.0353 ], [ 7.5695, 48.0363 ], [ 7.5697, 48.0376 ], [ 7.5699, 48.0386 ], [ 7.5709, 48.041 ], [ 7.5715, 48.0427 ], [ 7.5724, 48.0448 ], [ 7.5731, 48.0469 ], [ 7.5741, 48.0505 ], [ 7.5743, 48.0513 ], [ 7.5744, 48.0522 ], [ 7.5744, 48.0536 ], [ 7.5743, 48.0556 ], [ 7.574, 48.0576 ], [ 7.5731, 48.0618 ], [ 7.5708, 48.0721 ], [ 7.5697, 48.0774 ], [ 7.5694, 48.0799 ], [ 7.570002777777778, 48.082997222222225 ], [ 7.578986111111111, 48.100086111111111 ], [ 7.577044444444444, 48.1198 ], [ 7.5898, 48.128811111111112 ], [ 7.599288888888888, 48.136116666666666 ], [ 7.600541666666667, 48.143352777777778 ], [ 7.598986111111111, 48.153188888888884 ], [ 7.609438888888889, 48.165580555555557 ], [ 7.63045, 48.185361111111106 ], [ 7.644586111111111, 48.207677777777782 ], [ 7.664433333333334, 48.219222222222221 ], [ 7.674133333333334, 48.239877777777778 ], [ 7.689655555555555, 48.284180555555551 ], [ 7.689708333333334, 48.295025 ], [ 7.695863888888889, 48.304013888888889 ], [ 7.733261111111111, 48.317652777777781 ], [ 7.745561111111111, 48.333483333333334 ], [ 7.731208333333333, 48.380758333333333 ], [ 7.734958333333333, 48.402247222222222 ], [ 7.764913888888889, 48.455461111111113 ], [ 7.767088888888889, 48.486466666666665 ], [ 7.777441666666666, 48.495561111111115 ], [ 7.797411111111111, 48.503483333333335 ], [ 7.806702777777778, 48.523030555555557 ], [ 7.802991666666666, 48.536477777777776 ], [ 7.805786111111111, 48.55515 ], [ 7.800397222222222, 48.577694444444447 ], [ 7.805194444444444, 48.593163888888888 ], [ 7.830463888888889, 48.620138888888889 ], [ 7.839936111111111, 48.64147222222222 ], [ 7.890111111111111, 48.662633333333332 ], [ 7.9668, 48.724872222222224 ], [ 7.968102777777778, 48.752325 ], [ 7.974686111111112, 48.759416666666667 ], [ 7.988380555555556, 48.760827777777777 ], [ 8.007325, 48.758819444444441 ], [ 8.021547222222223, 48.766519444444441 ], [ 8.026161111111112, 48.782961111111113 ], [ 8.035355555555556, 48.789783333333332 ], [ 8.0515, 48.789869444444442 ], [ 8.0652, 48.789661111111108 ], [ 8.086366666666667, 48.801433333333328 ], [ 8.104569444444444, 48.820583333333339 ], [ 8.117919444444444, 48.858258333333332 ], [ 8.143716666666666, 48.898583333333335 ], [ 8.174933333333334, 48.929933333333331 ], [ 8.194802777777777, 48.955158333333337 ], [ 8.233625, 48.966736111111111 ], [ 8.22861111111111, 48.970277777777781 ], [ 8.222683333333334, 48.97580555555556 ], [ 8.197552777777778, 48.967919444444448 ], [ 8.193855555555556, 48.9772 ], [ 8.170183333333332, 48.979058333333334 ], [ 8.169875, 48.976052777777781 ], [ 8.1605, 48.978575 ], [ 8.152158333333334, 48.977247222222225 ], [ 8.13623611111111, 48.979316666666669 ], [ 8.123788888888889, 48.986219444444444 ], [ 8.108002777777777, 48.986558333333335 ], [ 8.104566666666667, 48.989122222222221 ], [ 8.087622222222222, 48.990119444444446 ], [ 8.049641666666666, 49.014286111111112 ], [ 8.021797222222222, 49.018236111111108 ], [ 8.019047222222223, 49.021 ], [ 8.014202777777777, 49.020869444444443 ], [ 8.011469444444444, 49.0246 ], [ 7.994291666666666, 49.028744444444442 ], [ 7.974891666666667, 49.026494444444445 ], [ 7.945977777777778, 49.055458333333327 ], [ 7.931636111111112, 49.0578 ], [ 7.912541666666667, 49.041238888888884 ], [ 7.867263888888889, 49.033497222222223 ], [ 7.835277777777778, 49.047222222222217 ], [ 8.212777777777777, 49.740833333333335 ], [ 8.493333333333332, 49.904444444444444 ] ] ] } },
{ "type": "Feature", "properties": { "fir": "EDGG", "identifier": "EDGG:STG1:000-145", "name": "STG1", "level_lower": 0, "level_upper": 145 }, "geometry": { "type": "Polygon", "coordinates": [ [ [ 9.452777777777778, 49.272222222222219 ], [ 9.783333333333333, 49.116666666666667 ], [ 9.896388888888888, 49.056388888888883 ], [ 10.096944444444444, 48.948611111111106 ], [ 9.77638888888889, 48.810555555555553 ], [ 9.71361111111111, 48.783333333333331 ], [ 8.93888888888889, 48.630277777777778 ], [ 8.859166666666667, 48.620555555555555 ], [ 8.798611111111111, 48.612777777777779 ], [ 8.433333333333334, 48.8 ], [ 8.436111111111112, 48.916666666666664 ], [ 8.443333333333333, 48.997777777777777 ], [ 8.374166666666667, 49.076388888888893 ], [ 8.393888888888888, 49.235277777777782 ], [ 8.70611111111111, 49.229166666666671 ], [ 8.989722222222222, 49.222777777777779 ], [ 9.045555555555556, 49.2425 ], [ 9.0725, 49.251944444444447 ], [ 9.173055555555555, 49.2575 ], [ 9.452777777777778, 49.272222222222219 ] ] ] } },
{ "type": "Feature", "properties": { "fir": "EDGG", "identifier": "EDGG:STG2:000-095", "name": "STG2", "level_lower": 0, "level_upper": 95 }, "geometry": { "type": "Polygon", "coordinates": [ [ [ 8.339722222222223, 49.236111111111114 ], [ 8.393888888888888, 49.235277777777782 ], [ 8.374166666666667, 49.076388888888893 ], [ 8.225, 49.083333333333336 ], [ 8.339722222222223, 49.236111111111114 ] ] ] } },
{ "type": "Feature", "properties": { "fir": "EDGG", "identifier": "EDGG:STG3:075-145", "name": "STG3", "level_lower": 75, "level_upper": 145 }, "geometry": { "type": "Polygon", "coordinates": [ [ [ 8.374166666666667, 49.076388888888893 ], [ 8.443333333333333, 48.997777777777777 ], [ 8.436111111111112, 48.916666666666664 ], [ 8.291666666666666, 48.967777777777776 ], [ 8.348333333333334, 49.004444444444445 ], [ 8.374166666666667, 49.076388888888893 ] ] ] } },
{ "type": "Feature", "properties": { "fir": "EDGG", "identifier": "EDGG:STG6:075-095", "name": "STG6", "level_lower": 75, "level_upper": 95 }, "geometry": { "type": "Polygon", "coordinates": [ [ [ 8.374166666666667, 49.076388888888893 ], [ 8.348333333333334, 49.004444444444445 ], [ 8.291666666666666, 48.967777777777776 ], [ 8.22861111111111, 48.970277777777781 ], [ 8.222683333333334, 48.97580555555556 ], [ 8.197552777777778, 48.967919444444448 ], [ 8.193855555555556, 48.9772 ], [ 8.170183333333332, 48.979058333333334 ], [ 8.169875, 48.976052777777781 ], [ 8.1605, 48.978575 ], [ 8.152158333333334, 48.977247222222225 ], [ 8.13623611111111, 48.979316666666669 ], [ 8.123788888888889, 48.986219444444444 ], [ 8.108002777777777, 48.986558333333335 ], [ 8.104566666666667, 48.989122222222221 ], [ 8.087622222222222, 48.990119444444446 ], [ 8.066666666666666, 49.0 ], [ 8.225, 49.083333333333336 ], [ 8.374166666666667, 49.076388888888893 ] ] ] } },
{ "type": "Feature", "properties": { "fir": "LFEE", "identifier": "LFEE:BALE BA1:020-115", "name": "BALE BA1", "level_lower": 20, "level_upper": 115 }, "geometry": { "type": "Polygon", "coordinates": [ [ [ 7.365555555555555, 48.036388888888887 ], [ 7.338611111111111, 48.031111111111109 ], [ 7.2725, 47.958888888888893 ], [ 7.4995, 47.632805555555557 ], [ 7.516388888888889, 47.689166666666665 ], [ 7.51235, 47.694858333333329 ], [ 7.511588888888889, 47.69675 ], [ 7.511944444444445, 47.697777777777773 ], [ 7.511708333333333, 47.69845 ], [ 7.512158333333334, 47.70045 ], [ 7.513758333333334, 47.702819444444444 ], [ 7.524119444444445, 47.70997777777778 ], [ 7.538988888888889, 47.71843888888889 ], [ 7.543719444444444, 47.722319444444445 ], [ 7.547627777777778, 47.729808333333338 ], [ 7.548569444444444, 47.735077777777782 ], [ 7.548127777777777, 47.739458333333332 ], [ 7.54615, 47.743019444444442 ], [ 7.53985, 47.754338888888888 ], [ 7.533388888888889, 47.766038888888886 ], [ 7.530169444444445, 47.7728 ], [ 7.530027777777778, 47.78255 ], [ 7.531358333333333, 47.786908333333329 ], [ 7.541077777777778, 47.80345 ], [ 7.545858333333333, 47.812669444444438 ], [ 7.54995, 47.822927777777778 ], [ 7.559238888888888, 47.835058333333336 ], [ 7.56155, 47.838869444444448 ], [ 7.563230555555555, 47.844811111111113 ], [ 7.798616666666667, 47.788891666666665 ], [ 7.749444444444444, 47.696944444444441 ], [ 7.751827777777778, 47.651938888888886 ], [ 7.755277777777778, 47.586672222222226 ], [ 7.759094444444444, 47.56066388888889 ], [ 7.384458333333334, 47.43205555555555 ], [ 7.343230555555555, 47.371966666666665 ], [ 7.043230555555556, 47.36418888888889 ], [ 7.061575, 47.343025 ], [ 7.056547222222222, 47.334044444444444 ], [ 7.045491666666667, 47.326361111111112 ], [ 7.009788888888889, 47.324344444444449 ], [ 7.016347222222223, 47.314925 ], [ 7.008516666666667, 47.301675 ], [ 6.995955555555556, 47.296438888888886 ], [ 6.964722222222222, 47.292222222222222 ], [ 6.603333333333333, 47.333333333333336 ], [ 6.333333333333333, 47.533333333333331 ], [ 6.122777777777777, 47.638055555555553 ], [ 6.321388888888889, 47.974166666666669 ], [ 6.548477777777777, 48.021041666666669 ], [ 6.6129, 48.034080555555555 ], [ 6.687777777777778, 48.034166666666664 ], [ 6.850555555555555, 48.034166666666664 ], [ 7.091944444444444, 48.235833333333332 ], [ 7.231111111111111, 48.228333333333332 ], [ 7.372222222222222, 48.220830555555558 ], [ 7.399722222222223, 48.220555555555556 ], [ 7.365555555555555, 48.036388888888887 ] ] ] } },
{ "type": "Feature", "properties": { "fir": "LFEE", "identifier": "LFEE:BALE BA1-E:000-020", "name": "BALE BA1-E", "level_lower": 0, "level_upper": 20 }, "geometry": { "type": "Polygon", "coordinates": [ [ [ 7.659030555555556, 47.526291666666665 ], [ 7.671388888888889, 47.54 ], [ 7.672191666666667, 47.540761111111109 ], [ 7.681830555555556, 47.556444444444445 ], [ 7.686111111111112, 47.568888888888893 ], [ 7.593055555555555, 47.689166666666665 ], [ 7.578769444444444, 47.69295 ], [ 7.554277777777777, 47.69692222222222 ], [ 7.529166666666667, 47.698258333333328 ], [ 7.511944444444445, 47.697777777777773 ], [ 7.511708333333333, 47.69845 ], [ 7.512158333333334, 47.70045 ], [ 7.513758333333334, 47.702819444444444 ], [ 7.524119444444445, 47.70997777777778 ], [ 7.538988888888889, 47.71843888888889 ], [ 7.543719444444444, 47.722319444444445 ], [ 7.547627777777778, 47.729808333333338 ], [ 7.548569444444444, 47.735077777777782 ], [ 7.548127777777777, 47.739458333333332 ], [ 7.54615, 47.743019444444442 ], [ 7.53985, 47.754338888888888 ], [ 7.533388888888889, 47.766038888888886 ], [ 7.530169444444445, 47.7728 ], [ 7.530027777777778, 47.78255 ], [ 7.531358333333333, 47.786908333333329 ], [ 7.541077777777778, 47.80345 ], [ 7.545858333333333, 47.812669444444438 ], [ 7.54995, 47.822927777777778 ], [ 7.559238888888888, 47.835058333333336 ], [ 7.56155, 47.838869444444448 ], [ 7.563230555555555, 47.844811111111113 ], [ 7.798616666666667, 47.788891666666665 ], [ 7.749444444444444, 47.696944444444441 ], [ 7.751827777777778, 47.651938888888886 ], [ 7.755277777777778, 47.586672222222226 ], [ 7.759094444444444, 47.56066388888889 ], [ 7.659030555555556, 47.526291666666665 ] ] ] } },
{ "type": "Feature", "properties": { "fir": "LFEE", "identifier": "LFEE:BALE BA1-W:000-020", "name": "BALE BA1-W", "level_lower": 0, "level_upper": 20 }, "geometry": { "type": "Polygon", "coordinates": [ [ [ 7.056547222222222, 47.334044444444444 ], [ 7.045491666666667, 47.326361111111112 ], [ 7.009788888888889, 47.324344444444449 ], [ 7.016347222222223, 47.314925 ], [ 7.008516666666667, 47.301675 ], [ 6.995955555555556, 47.296438888888886 ], [ 6.964722222222222, 47.292222222222222 ], [ 6.603333333333333, 47.333333333333336 ], [ 6.333333333333333, 47.533333333333331 ], [ 6.122777777777777, 47.638055555555553 ], [ 6.321388888888889, 47.974166666666669 ], [ 6.548477777777777, 48.021041666666669 ], [ 6.6129, 48.034080555555555 ], [ 6.687777777777778, 48.034166666666664 ], [ 6.850555555555555, 48.034166666666664 ], [ 7.091944444444444, 48.235833333333332 ], [ 7.231111111111111, 48.228333333333332 ], [ 7.372222222222222, 48.220830555555558 ], [ 7.399722222222223, 48.220555555555556 ], [ 7.365555555555555, 48.036388888888887 ], [ 7.338611111111111, 48.031111111111109 ], [ 7.2725, 47.958888888888893 ], [ 7.456288888888889, 47.686436111111107 ], [ 7.434813888888889, 47.677544444444443 ], [ 7.415661111111111, 47.666494444444446 ], [ 7.3993, 47.653558333333329 ], [ 7.386138888888889, 47.639058333333331 ], [ 7.3765, 47.623352777777775 ], [ 7.370619444444444, 47.606825 ], [ 7.368644444444444, 47.589886111111113 ], [ 7.370619444444444, 47.572952777777779 ], [ 7.3765, 47.556444444444445 ], [ 7.386138888888889, 47.540761111111109 ], [ 7.3993, 47.526291666666665 ], [ 7.415661111111111, 47.513391666666664 ], [ 7.434813888888889, 47.502375 ], [ 7.456288888888889, 47.493513888888891 ], [ 7.479561111111111, 47.487025 ], [ 7.491111111111111, 47.484722222222224 ], [ 7.504055555555555, 47.483069444444446 ], [ 7.529166666666667, 47.481738888888891 ], [ 7.384458333333334, 47.43205555555555 ], [ 7.343230555555555, 47.371966666666665 ], [ 7.043230555555556, 47.36418888888889 ], [ 7.061575, 47.343025 ], [ 7.056547222222222, 47.334044444444444 ] ] ] } },
{ "type": "Feature", "properties": { "fir": "LFEE", "identifier": "LFEE:BALE BA2:020-105", "name": "BALE BA2", "level_lower": 20, "level_upper": 105 }, "geometry": { "type": "Polygon", "coordinates": [ [ [ 7.384458333333334, 47.43205555555555 ], [ 7.759094444444444, 47.56066388888889 ], [ 7.778055555555556, 47.431111111111107 ], [ 7.803372222222222, 47.396247222222222 ], [ 7.805605555555555, 47.393166666666666 ], [ 7.85861111111111, 47.32 ], [ 7.811666666666667, 47.291111111111107 ], [ 7.736388888888889, 47.244722222222222 ], [ 7.611111111111111, 47.213333333333338 ], [ 7.201666666666667, 47.334722222222226 ], [ 7.061575, 47.343025 ], [ 7.043230555555556, 47.36418888888889 ], [ 7.343230555555555, 47.371966666666665 ], [ 7.384458333333334, 47.43205555555555 ] ] ] } },
{ "type": "Feature", "properties": { "fir": "LFEE", "identifier": "LFEE:BALE BA2:000-020", "name": "BALE BA2", "level_lower": 0, "level_upper": 20 }, "geometry": { "type": "Polygon", "coordinates": [ [ [ 7.061575, 47.343025 ], [ 7.043230555555556, 47.36418888888889 ], [ 7.343230555555555, 47.371966666666665 ], [ 7.384458333333334, 47.43205555555555 ], [ 7.529166666666667, 47.481738888888891 ], [ 7.554277777777777, 47.483069444444446 ], [ 7.578769444444444, 47.487025 ], [ 7.602041666666667, 47.493513888888891 ], [ 7.623516666666667, 47.502375 ], [ 7.642672222222222, 47.513391666666664 ], [ 7.659030555555556, 47.526291666666665 ], [ 7.759094444444444, 47.56066388888889 ], [ 7.778055555555556, 47.431111111111107 ], [ 7.803372222222222, 47.396247222222222 ], [ 7.805605555555555, 47.393166666666666 ], [ 7.85861111111111, 47.32 ], [ 7.811666666666667, 47.291111111111107 ], [ 7.736388888888889, 47.244722222222222 ], [ 7.611111111111111, 47.213333333333338 ], [ 7.201666666666667, 47.334722222222226 ], [ 7.061575, 47.343025 ] ] ] } },
{ "type": "Feature", "properties": { "fir": "LFEE", "identifier": "LFEE:BALE BA3:020-050", "name": "BALE BA3", "level_lower": 20, "level_upper": 50 }, "geometry": { "type": "Polygon", "coordinates": [ [ [ 7.399722222222223, 48.220555555555556 ], [ 7.372222222222222, 48.220830555555558 ], [ 7.231111111111111, 48.228333333333332 ], [ 7.091944444444444, 48.235833333333332 ], [ 7.250277777777778, 48.368333333333332 ], [ 7.289722222222222, 48.367222222222225 ], [ 7.323083333333333, 48.340127777777781 ], [ 7.365077777777778, 48.31645 ], [ 7.412163888888889, 48.297405555555557 ], [ 7.423611111111112, 48.293888888888887 ], [ 7.47, 48.361388888888889 ], [ 7.6675, 48.354722222222222 ], [ 7.69, 48.353888888888889 ], [ 7.745561111111111, 48.333483333333334 ], [ 7.733261111111111, 48.317652777777781 ], [ 7.695863888888889, 48.304013888888889 ], [ 7.689708333333334, 48.295025 ], [ 7.689655555555555, 48.284180555555551 ], [ 7.674133333333334, 48.239877777777778 ], [ 7.664433333333334, 48.219222222222221 ], [ 7.399722222222223, 48.220555555555556 ] ] ] } },
{ "type": "Feature", "properties": { "fir": "LFEE", "identifier": "LFEE:BALE BA3:020-145", "name": "BALE BA3", "level_lower": 20, "level_upper": 145 }, "geometry": { "type": "Polygon", "coordinates": [ [ [ 7.664433333333334, 48.219222222222221 ], [ 7.644586111111111, 48.207677777777782 ], [ 7.63045, 48.185361111111106 ], [ 7.609438888888889, 48.165580555555557 ], [ 7.598986111111111, 48.153188888888884 ], [ 7.600541666666667, 48.143352777777778 ], [ 7.599288888888888, 48.136116666666666 ], [ 7.5898, 48.128811111111112 ], [ 7.577044444444444, 48.1198 ], [ 7.578986111111111, 48.100086111111111 ], [ 7.570002777777778, 48.082997222222225 ], [ 7.966666666666667, 48.1 ], [ 7.798616666666667, 47.788891666666665 ], [ 7.563230555555555, 47.844811111111113 ], [ 7.56155, 47.838869444444448 ], [ 7.559238888888888, 47.835058333333336 ], [ 7.54995, 47.822927777777778 ], [ 7.545858333333333, 47.812669444444438 ], [ 7.541077777777778, 47.80345 ], [ 7.531358333333333, 47.786908333333329 ], [ 7.530027777777778, 47.78255 ], [ 7.530169444444445, 47.7728 ], [ 7.533388888888889, 47.766038888888886 ], [ 7.53985, 47.754338888888888 ], [ 7.54615, 47.743019444444442 ], [ 7.548127777777777, 47.739458333333332 ], [ 7.548569444444444, 47.735077777777782 ], [ 7.547627777777778, 47.729808333333338 ], [ 7.543719444444444, 47.722319444444445 ], [ 7.538988888888889, 47.71843888888889 ], [ 7.524119444444445, 47.70997777777778 ], [ 7.513758333333334, 47.702819444444444 ], [ 7.512158333333334, 47.70045 ], [ 7.511708333333333, 47.69845 ], [ 7.511944444444445, 47.697777777777773 ], [ 7.511588888888889, 47.69675 ], [ 7.51235, 47.694858333333329 ], [ 7.516388888888889, 47.689166666666665 ], [ 7.4995, 47.632805555555557 ], [ 7.2725, 47.958888888888893 ], [ 7.338611111111111, 48.031111111111109 ], [ 7.365555555555555, 48.036388888888887 ], [ 7.399722222222223, 48.220555555555556 ], [ 7.664433333333334, 48.219222222222221 ] ] ] } },
{ "type": "Feature", "properties": { "fir": "LFEE", "identifier": "LFEE:BALE BA3:000-020", "name": "BALE BA3", "level_lower": 0, "level_upper": 20 }, "geometry": { "type": "Polygon", "coordinates": [ [ [ 7.2725, 47.958888888888893 ], [ 7.338611111111111, 48.031111111111109 ], [ 7.365555555555555, 48.036388888888887 ], [ 7.399722222222223, 48.220555555555556 ], [ 7.372222222222222, 48.220830555555558 ], [ 7.231111111111111, 48.228333333333332 ], [ 7.091944444444444, 48.235833333333332 ], [ 7.250277777777778, 48.368333333333332 ], [ 7.289722222222222, 48.367222222222225 ], [ 7.323083333333333, 48.340127777777781 ], [ 7.365077777777778, 48.31645 ], [ 7.412163888888889, 48.297405555555557 ], [ 7.423611111111112, 48.293888888888887 ], [ 7.47, 48.361388888888889 ], [ 7.6675, 48.354722222222222 ], [ 7.69, 48.353888888888889 ], [ 7.745561111111111, 48.333483333333334 ], [ 7.733261111111111, 48.317652777777781 ], [ 7.695863888888889, 48.304013888888889 ], [ 7.689708333333334, 48.295025 ], [ 7.689655555555555, 48.284180555555551 ], [ 7.674133333333334, 48.239877777777778 ], [ 7.664433333333334, 48.219222222222221 ], [ 7.644586111111111, 48.207677777777782 ], [ 7.63045, 48.185361111111106 ], [ 7.609438888888889, 48.165580555555557 ], [ 7.598986111111111, 48.153188888888884 ], [ 7.600541666666667, 48.143352777777778 ], [ 7.599288888888888, 48.136116666666666 ], [ 7.5898, 48.128811111111112 ], [ 7.577044444444444, 48.1198 ], [ 7.578986111111111, 48.100086111111111 ], [ 7.570002777777778, 48.082997222222225 ], [ 7.966666666666667, 48.1 ], [ 7.798616666666667, 47.788891666666665 ], [ 7.563230555555555, 47.844811111111113 ], [ 7.56155, 47.838869444444448 ], [ 7.559238888888888, 47.835058333333336 ], [ 7.54995, 47.822927777777778 ], [ 7.545858333333333, 47.812669444444438 ], [ 7.541077777777778, 47.80345 ], [ 7.531358333333333, 47.786908333333329 ], [ 7.530027777777778, 47.78255 ], [ 7.530169444444445, 47.7728 ], [ 7.533388888888889, 47.766038888888886 ], [ 7.53985, 47.754338888888888 ], [ 7.54615, 47.743019444444442 ], [ 7.548127777777777, 47.739458333333332 ], [ 7.548569444444444, 47.735077777777782 ], [ 7.547627777777778, 47.729808333333338 ], [ 7.543719444444444, 47.722319444444445 ], [ 7.538988888888889, 47.71843888888889 ], [ 7.524119444444445, 47.70997777777778 ], [ 7.513758333333334, 47.702819444444444 ], [ 7.512158333333334, 47.70045 ], [ 7.511708333333333, 47.69845 ], [ 7.511944444444445, 47.697777777777773 ], [ 7.504055555555555, 47.69692222222222 ], [ 7.479561111111111, 47.69295 ], [ 7.456288888888889, 47.686436111111107 ], [ 7.2725, 47.958888888888893 ] ] ] } },
{ "type": "Feature", "properties": { "fir": "LFEE", "identifier": "LFEE:BALE BC1:115-145", "name": "BALE BC1", "level_lower": 115, "level_upper": 145 }, "geometry": { "type": "Polygon", "coordinates": [ [ [ 7.399722222222223, 48.220555555555556 ], [ 7.365555555555555, 48.036388888888887 ], [ 7.338611111111111, 48.031111111111109 ], [ 7.2725, 47.958888888888893 ], [ 7.4995, 47.632805555555557 ], [ 7.415555555555556, 47.5775 ], [ 7.3951, 47.481905555555556 ], [ 7.384458333333334, 47.43205555555555 ], [ 7.343230555555555, 47.371966666666665 ], [ 7.043230555555556, 47.36418888888889 ], [ 7.061575, 47.343025 ], [ 7.056547222222222, 47.334044444444444 ], [ 7.045491666666667, 47.326361111111112 ], [ 7.009788888888889, 47.324344444444449 ], [ 7.016347222222223, 47.314925 ], [ 7.008516666666667, 47.301675 ], [ 6.995955555555556, 47.296438888888886 ], [ 6.964722222222222, 47.292222222222222 ], [ 6.603333333333333, 47.333333333333336 ], [ 6.333333333333333, 47.533333333333331 ], [ 6.122777777777777, 47.638055555555553 ], [ 6.321388888888889, 47.974166666666669 ], [ 6.548611111111111, 48.021111111111111 ], [ 6.612777777777778, 48.034166666666664 ], [ 6.850555555555555, 48.034166666666664 ], [ 7.091941666666666, 48.235830555555559 ], [ 7.231111111111111, 48.228333333333332 ], [ 7.372222222222222, 48.220830555555558 ], [ 7.399722222222223, 48.220555555555556 ] ] ] } },
{ "type": "Feature", "properties": { "fir": "LFEE", "identifier": "LFEE:BALE BM1:025-115", "name": "BALE BM1", "level_lower": 25, "level_upper": 115 }, "geometry": { "type": "Polygon", "coordinates": [ [ [ 6.321388888888889, 47.974166666666669 ], [ 6.122777777777777, 47.638055555555553 ], [ 6.333333333333333, 47.533333333333331 ], [ 6.603333333333333, 47.333333333333336 ], [ 6.964722222222222, 47.292222222222222 ], [ 6.950252777777778, 47.292288888888883 ], [ 6.940347222222223, 47.285727777777772 ], [ 6.951608333333334, 47.269313888888888 ], [ 6.946272222222222, 47.254022222222225 ], [ 6.954838888888889, 47.243161111111114 ], [ 6.942613888888889, 47.23789166666667 ], [ 6.940558333333334, 47.231586111111113 ], [ 6.930533333333334, 47.230552777777781 ], [ 6.926733333333334, 47.227891666666672 ], [ 6.926994444444444, 47.225555555555559 ], [ 6.922419444444444, 47.221772222222221 ], [ 6.908355555555556, 47.217233333333333 ], [ 6.907122222222222, 47.214838888888892 ], [ 6.880144444444445, 47.200613888888888 ], [ 6.877788888888889, 47.195405555555553 ], [ 6.872880555555556, 47.19015 ], [ 6.873522222222222, 47.185655555555549 ], [ 6.866861111111112, 47.185577777777773 ], [ 6.86391111111111, 47.180566666666664 ], [ 6.840497222222222, 47.171755555555556 ], [ 6.843811111111111, 47.166147222222222 ], [ 6.858791666666666, 47.165177777777778 ], [ 6.849130555555555, 47.156180555555551 ], [ 6.839922222222222, 47.154197222222223 ], [ 6.839108333333333, 47.150372222222224 ], [ 6.830122222222222, 47.146322222222224 ], [ 6.827352777777778, 47.14639722222222 ], [ 6.824111111111111, 47.141747222222222 ], [ 6.81925, 47.1401 ], [ 6.815283333333333, 47.135583333333329 ], [ 6.807638888888889, 47.135405555555558 ], [ 6.805716666666666, 47.130808333333334 ], [ 6.778697222222222, 47.12355 ], [ 6.776222222222223, 47.121330555555559 ], [ 6.766408333333334, 47.120975 ], [ 6.752319444444445, 47.114863888888891 ], [ 6.746202777777778, 47.109819444444447 ], [ 6.739516666666667, 47.109966666666665 ], [ 6.740111111111111, 47.108925 ], [ 6.741547222222223, 47.103225 ], [ 6.746625, 47.097588888888893 ], [ 6.744916666666667, 47.092097222222222 ], [ 6.738033333333333, 47.089711111111114 ], [ 6.725891666666667, 47.091613888888894 ], [ 6.703630555555556, 47.082119444444444 ], [ 6.700461111111111, 47.070019444444448 ], [ 6.691061111111111, 47.067147222222225 ], [ 6.708611111111111, 47.0575 ], [ 6.713055555555556, 47.053333333333327 ], [ 6.72, 47.051666666666662 ], [ 6.705555555555556, 47.044166666666662 ], [ 6.695555555555556, 47.037222222222219 ], [ 6.686111111111112, 47.037777777777777 ], [ 6.674444444444445, 47.034722222222221 ], [ 6.66888888888889, 47.031666666666666 ], [ 6.659444444444444, 47.0275 ], [ 6.653333333333333, 47.021944444444443 ], [ 6.648055555555555, 47.014166666666668 ], [ 6.640069444444444, 47.002727777777778 ], [ 6.618147222222222, 46.991777777777777 ], [ 6.596261111111111, 46.992369444444442 ], [ 6.504694444444445, 46.965713888888892 ], [ 6.494444444444444, 46.973333333333336 ], [ 6.4325, 46.925555555555555 ], [ 6.464669444444445, 46.890369444444445 ], [ 6.459933333333334, 46.851391666666665 ], [ 6.443186111111111, 46.832752777777785 ], [ 6.439494444444445, 46.824011111111112 ], [ 6.440827777777778, 46.8158 ], [ 6.431041666666667, 46.812355555555555 ], [ 6.434791666666666, 46.80148055555555 ], [ 6.458477777777778, 46.788827777777776 ], [ 6.448941666666667, 46.773391666666669 ], [ 6.440008333333334, 46.76777222222222 ], [ 6.400077777777778, 46.779466666666664 ], [ 5.894027777777778, 46.92552222222222 ], [ 5.820555555555555, 46.8725 ], [ 5.583333333333333, 46.7 ], [ 5.462266666666667, 46.700147222222228 ], [ 5.41923888888889, 46.700169444444448 ], [ 5.433333333333334, 46.68333333333333 ], [ 5.586111111111111, 46.5 ], [ 5.21865, 46.5 ], [ 5.161666666666667, 46.5 ], [ 5.090552777777777, 46.5 ], [ 5.016666666666667, 46.5 ], [ 4.952777777777778, 46.5 ], [ 4.833333333333333, 46.5 ], [ 4.674722222222223, 46.5 ], [ 4.65, 46.583333333333336 ], [ 4.366944444444444, 46.88 ], [ 4.270830555555555, 47.359166666666667 ], [ 4.333333333333333, 47.416666666666664 ], [ 4.580830555555555, 47.642777777777781 ], [ 4.755905555555556, 47.800447222222218 ], [ 4.952777777777778, 47.974166666666669 ], [ 5.166666666666667, 48.166666666666664 ], [ 5.336941666666666, 48.309444444444445 ], [ 5.779444444444445, 48.080830555555558 ], [ 6.321388888888889, 47.974166666666669 ] ] ] } },
{ "type": "Feature", "properties": { "fir": "LFEE", "identifier": "LFEE:BALE BM1-E:000-025", "name": "BALE BM1-E", "level_lower": 0, "level_upper": 25 }, "geometry": { "type": "Polygon", "coordinates": [ [ [ 5.41923888888889, 46.700169444444448 ], [ 5.429444444444445, 46.863055555555555 ], [ 5.60361111111111, 46.906944444444441 ], [ 5.661388888888889, 47.018611111111113 ], [ 5.894027777777778, 46.92552222222222 ], [ 5.820555555555555, 46.8725 ], [ 5.583333333333333, 46.7 ], [ 5.462266666666667, 46.700147222222228 ], [ 5.41923888888889, 46.700169444444448 ] ] ] } },
{ "type": "Feature", "properties": { "fir": "LFEE", "identifier": "LFEE:BALE BM1-W:000-025", "name": "BALE BM1-W", "level_lower": 0, "level_upper": 25 }, "geometry": { "type": "Polygon", "coordinates": [ [ [ 4.65, 46.583333333333336 ], [ 4.366944444444444, 46.88 ], [ 4.270830555555555, 47.359166666666667 ], [ 4.333333333333333, 47.416666666666664 ], [ 4.580830555555555, 47.642777777777781 ], [ 4.755905555555556, 47.800447222222218 ], [ 4.952777777777778, 47.974166666666669 ], [ 5.166666666666667, 48.166666666666664 ], [ 5.336941666666666, 48.309444444444445 ], [ 5.779444444444445, 48.080830555555558 ], [ 6.321388888888889, 47.974166666666669 ], [ 6.122777777777777, 47.638055555555553 ], [ 6.333333333333333, 47.533333333333331 ], [ 6.603333333333333, 47.333333333333336 ], [ 6.964722222222222, 47.292222222222222 ], [ 6.950252777777778, 47.292288888888883 ], [ 6.940347222222223, 47.285727777777772 ], [ 6.951608333333334, 47.269313888888888 ], [ 6.946272222222222, 47.254022222222225 ], [ 6.954838888888889, 47.243161111111114 ], [ 6.942613888888889, 47.23789166666667 ], [ 6.940558333333334, 47.231586111111113 ], [ 6.930533333333334, 47.230552777777781 ], [ 6.926733333333334, 47.227891666666672 ], [ 6.926994444444444, 47.225555555555559 ], [ 6.922419444444444, 47.221772222222221 ], [ 6.908355555555556, 47.217233333333333 ], [ 6.907122222222222, 47.214838888888892 ], [ 6.880144444444445, 47.200613888888888 ], [ 6.877788888888889, 47.195405555555553 ], [ 6.872880555555556, 47.19015 ], [ 6.873522222222222, 47.185655555555549 ], [ 6.866861111111112, 47.185577777777773 ], [ 6.86391111111111, 47.180566666666664 ], [ 6.840497222222222, 47.171755555555556 ], [ 6.843811111111111, 47.166147222222222 ], [ 6.858791666666666, 47.165177777777778 ], [ 6.849130555555555, 47.156180555555551 ], [ 6.839922222222222, 47.154197222222223 ], [ 6.839108333333333, 47.150372222222224 ], [ 6.830122222222222, 47.146322222222224 ], [ 6.827352777777778, 47.14639722222222 ], [ 6.824111111111111, 47.141747222222222 ], [ 6.81925, 47.1401 ], [ 6.815283333333333, 47.135583333333329 ], [ 6.807638888888889, 47.135405555555558 ], [ 6.805716666666666, 47.130808333333334 ], [ 6.778697222222222, 47.12355 ], [ 6.776222222222223, 47.121330555555559 ], [ 6.766408333333334, 47.120975 ], [ 6.752319444444445, 47.114863888888891 ], [ 6.746202777777778, 47.109819444444447 ], [ 6.739516666666667, 47.109966666666665 ], [ 6.740111111111111, 47.108925 ], [ 6.741547222222223, 47.103225 ], [ 6.746625, 47.097588888888893 ], [ 6.744916666666667, 47.092097222222222 ], [ 6.738033333333333, 47.089711111111114 ], [ 6.725891666666667, 47.091613888888894 ], [ 6.703630555555556, 47.082119444444444 ], [ 6.700461111111111, 47.070019444444448 ], [ 6.691061111111111, 47.067147222222225 ], [ 6.708611111111111, 47.0575 ], [ 6.713055555555556, 47.053333333333327 ], [ 6.72, 47.051666666666662 ], [ 6.705555555555556, 47.044166666666662 ], [ 6.695555555555556, 47.037222222222219 ], [ 6.686111111111112, 47.037777777777777 ], [ 6.674444444444445, 47.034722222222221 ], [ 6.66888888888889, 47.031666666666666 ], [ 6.659444444444444, 47.0275 ], [ 6.653333333333333, 47.021944444444443 ], [ 6.648055555555555, 47.014166666666668 ], [ 6.640069444444444, 47.002727777777778 ], [ 6.618147222222222, 46.991777777777777 ], [ 6.596261111111111, 46.992369444444442 ], [ 6.504694444444445, 46.965713888888892 ], [ 6.494444444444444, 46.973333333333336 ], [ 6.4325, 46.925555555555555 ], [ 6.464669444444445, 46.890369444444445 ], [ 6.459933333333334, 46.851391666666665 ], [ 6.443186111111111, 46.832752777777785 ], [ 6.439494444444445, 46.824011111111112 ], [ 6.440827777777778, 46.8158 ], [ 6.431041666666667, 46.812355555555555 ], [ 6.434791666666666, 46.80148055555555 ], [ 6.458477777777778, 46.788827777777776 ], [ 6.448941666666667, 46.773391666666669 ], [ 6.440008333333334, 46.76777222222222 ], [ 6.400077777777778, 46.779466666666664 ], [ 5.894027777777778, 46.92552222222222 ], [ 5.661388888888889, 47.018611111111113 ], [ 5.608333333333333, 47.083333333333336 ], [ 5.578888888888889, 47.099444444444444 ], [ 5.486666666666666, 47.124722222222225 ], [ 5.207222222222223, 46.961111111111116 ], [ 5.263055555555556, 46.908611111111107 ], [ 5.429444444444445, 46.863055555555555 ], [ 5.41923888888889, 46.700169444444448 ], [ 5.433333333333334, 46.68333333333333 ], [ 5.586111111111111, 46.5 ], [ 5.21865, 46.5 ], [ 5.161666666666667, 46.5 ], [ 5.090552777777777, 46.5 ], [ 5.016666666666667, 46.5 ], [ 4.952777777777778, 46.5 ], [ 4.833333333333333, 46.5 ], [ 4.674722222222223, 46.5 ], [ 4.65, 46.583333333333336 ] ] ] } },
{ "type": "Feature", "properties": { "fir": "LFEE", "identifier": "LFEE:BALE BM2:000-065", "name": "BALE BM2", "level_lower": 0, "level_upper": 65 }, "geometry": { "type": "Polygon", "coordinates": [ [ [ 5.586111111111111, 46.5 ], [ 5.433333333333334, 46.68333333333333 ], [ 5.41923888888889, 46.700169444444448 ], [ 5.462266666666667, 46.700147222222228 ], [ 5.583333333333333, 46.7 ], [ 5.820555555555555, 46.8725 ], [ 5.894027777777778, 46.92552222222222 ], [ 6.400077777777778, 46.779466666666664 ], [ 6.440008333333334, 46.76777222222222 ], [ 6.392036111111111, 46.743127777777779 ], [ 6.275008333333333, 46.683325 ], [ 6.210288888888889, 46.639713888888892 ], [ 6.132222222222222, 46.589752777777782 ], [ 6.110866666666666, 46.576225 ], [ 5.890722222222221, 46.495555555555555 ], [ 5.81535, 46.4907 ], [ 5.606111111111111, 46.477222222222224 ], [ 5.586111111111111, 46.5 ] ] ] } },
{ "type": "Feature", "properties": { "fir": "LFEE", "identifier": "LFEE:BALE BO1:145-195", "name": "BALE BO1", "level_lower": 145, "level_upper": 195 }, "geometry": { "type": "Polygon", "coordinates": [ [ [ 5.951111111111111, 46.966666666666669 ], [ 6.239166666666667, 47.063333333333333 ], [ 6.700461111111111, 47.070019444444448 ], [ 6.703630555555556, 47.082119444444444 ], [ 6.725891666666667, 47.091613888888894 ], [ 6.738033333333333, 47.089711111111114 ], [ 6.744916666666667, 47.092097222222222 ], [ 6.746625, 47.097588888888893 ], [ 6.741547222222223, 47.103225 ], [ 6.740111111111111, 47.108925 ], [ 6.739516666666667, 47.109966666666665 ], [ 6.746202777777778, 47.109819444444447 ], [ 6.752319444444445, 47.114863888888891 ], [ 6.766408333333334, 47.120975 ], [ 6.776222222222223, 47.121330555555559 ], [ 6.778697222222222, 47.12355 ], [ 6.805716666666666, 47.130808333333334 ], [ 6.807638888888889, 47.135405555555558 ], [ 6.815283333333333, 47.135583333333329 ], [ 6.81925, 47.1401 ], [ 6.824111111111111, 47.141747222222222 ], [ 6.827352777777778, 47.14639722222222 ], [ 6.830122222222222, 47.146322222222224 ], [ 6.839108333333333, 47.150372222222224 ], [ 6.839922222222222, 47.154197222222223 ], [ 6.849130555555555, 47.156180555555551 ], [ 6.858791666666666, 47.165177777777778 ], [ 6.843811111111111, 47.166147222222222 ], [ 6.840497222222222, 47.171755555555556 ], [ 6.86391111111111, 47.180566666666664 ], [ 6.866861111111112, 47.185577777777773 ], [ 6.873522222222222, 47.185655555555549 ], [ 6.872880555555556, 47.19015 ], [ 6.877788888888889, 47.195405555555553 ], [ 6.880144444444445, 47.200613888888888 ], [ 6.907122222222222, 47.214838888888892 ], [ 6.908355555555556, 47.217233333333333 ], [ 6.922419444444444, 47.221772222222221 ], [ 6.926994444444444, 47.225555555555559 ], [ 6.926733333333334, 47.227891666666672 ], [ 6.930533333333334, 47.230552777777781 ], [ 6.940558333333334, 47.231586111111113 ], [ 6.942613888888889, 47.23789166666667 ], [ 6.954838888888889, 47.243161111111114 ], [ 6.946272222222222, 47.254022222222225 ], [ 6.951608333333334, 47.269313888888888 ], [ 6.940347222222223, 47.285727777777772 ], [ 6.950252777777778, 47.292288888888883 ], [ 6.964722222222222, 47.292222222222222 ], [ 6.995955555555556, 47.296438888888886 ], [ 7.008516666666667, 47.301675 ], [ 7.016347222222223, 47.314925 ], [ 7.009788888888889, 47.324344444444449 ], [ 7.045491666666667, 47.326361111111112 ], [ 7.056547222222222, 47.334044444444444 ], [ 7.061575, 47.343025 ], [ 7.043230555555556, 47.36418888888889 ], [ 7.343230555555555, 47.371966666666665 ], [ 7.384458333333334, 47.43205555555555 ], [ 7.3951, 47.481905555555556 ], [ 7.415555555555556, 47.5775 ], [ 7.4995, 47.632805555555557 ], [ 7.516388888888889, 47.689166666666665 ], [ 7.51235, 47.694858333333329 ], [ 7.511588888888889, 47.69675 ], [ 7.511708333333333, 47.69845 ], [ 7.512158333333334, 47.70045 ], [ 7.513758333333334, 47.702819444444444 ], [ 7.524119444444445, 47.70997777777778 ], [ 7.538988888888889, 47.71843888888889 ], [ 7.543719444444444, 47.722319444444445 ], [ 7.547627777777778, 47.729808333333338 ], [ 7.548569444444444, 47.735077777777782 ], [ 7.548127777777777, 47.739458333333332 ], [ 7.54615, 47.743019444444442 ], [ 7.53985, 47.754338888888888 ], [ 7.533388888888889, 47.766038888888886 ], [ 7.530169444444445, 47.7728 ], [ 7.530027777777778, 47.78255 ], [ 7.531358333333333, 47.786908333333329 ], [ 7.541077777777778, 47.80345 ], [ 7.545858333333333, 47.812669444444438 ], [ 7.54995, 47.822927777777778 ], [ 7.559238888888888, 47.835058333333336 ], [ 7.56155, 47.838869444444448 ], [ 7.563230555555555, 47.844811111111113 ], [ 7.563388888888888, 47.851177777777778 ], [ 7.560738888888888, 47.857808333333338 ], [ 7.5573, 47.86365 ], [ 7.556208333333333, 47.866288888888889 ], [ 7.55565, 47.870527777777781 ], [ 7.55545, 47.874088888888892 ], [ 7.556569444444444, 47.879369444444443 ], [ 7.559158333333333, 47.882408333333331 ], [ 7.563588888888889, 47.88565 ], [ 7.575927777777777, 47.890727777777776 ], [ 7.580738888888889, 47.89495 ], [ 7.582527777777778, 47.898258333333331 ], [ 7.583333333333333, 47.908333333333331 ], [ 7.581008333333333, 47.920769444444439 ], [ 7.58055, 47.924138888888884 ], [ 7.581019444444444, 47.926927777777777 ], [ 7.58265, 47.9299 ], [ 7.5857, 47.934819444444443 ], [ 7.5895, 47.93825 ], [ 7.603358333333333, 47.948569444444438 ], [ 7.609069444444444, 47.953458333333337 ], [ 7.612938888888888, 47.9582 ], [ 7.61735, 47.963608333333333 ], [ 7.62115, 47.96928888888889 ], [ 7.622119444444445, 47.972788888888893 ], [ 7.622, 47.97545 ], [ 7.61865, 47.985888888888887 ], [ 7.614469444444445, 47.993388888888887 ], [ 7.608588888888889, 48.000338888888891 ], [ 7.605077777777778, 48.00405 ], [ 7.590555555555556, 48.015 ], [ 7.578469444444444, 48.0249 ], [ 7.572908333333333, 48.029358333333334 ], [ 7.5708, 48.0321 ], [ 7.5705, 48.0325 ], [ 7.5701, 48.0332 ], [ 7.5698, 48.0341 ], [ 7.5695, 48.0353 ], [ 7.5695, 48.0363 ], [ 7.5697, 48.0376 ], [ 7.5699, 48.0386 ], [ 7.5709, 48.041 ], [ 7.5715, 48.0427 ], [ 7.5724, 48.0448 ], [ 7.5731, 48.0469 ], [ 7.5741, 48.0505 ], [ 7.5743, 48.0513 ], [ 7.5744, 48.0522 ], [ 7.5744, 48.0536 ], [ 7.5743, 48.0556 ], [ 7.574, 48.0576 ], [ 7.5731, 48.0618 ], [ 7.5708, 48.0721 ], [ 7.5697, 48.0774 ], [ 7.5694, 48.0799 ], [ 7.570002777777778, 48.082997222222225 ], [ 7.578986111111111, 48.100086111111111 ], [ 7.577044444444444, 48.1198 ], [ 7.5898, 48.128811111111112 ], [ 7.599288888888888, 48.136116666666666 ], [ 7.600541666666667, 48.143352777777778 ], [ 7.598986111111111, 48.153188888888884 ], [ 7.609438888888889, 48.165580555555557 ], [ 7.63045, 48.185361111111106 ], [ 7.644586111111111, 48.207677777777782 ], [ 7.664433333333334, 48.219222222222221 ], [ 7.399722222222223, 48.220555555555556 ], [ 7.372222222222222, 48.220830555555558 ], [ 7.231111111111111, 48.228333333333332 ], [ 7.091941666666666, 48.235830555555559 ], [ 6.850555555555555, 48.034166666666664 ], [ 6.612777777777778, 48.034166666666664 ], [ 6.548611111111111, 48.021111111111111 ], [ 6.321388888888889, 47.974166666666669 ], [ 5.796666666666667, 48.0775 ], [ 5.698611111111111, 48.027777777777779 ], [ 5.608333333333333, 47.741666666666667 ], [ 5.608055555555556, 47.57555555555556 ], [ 5.783333333333333, 47.466666666666669 ], [ 5.951111111111111, 46.966666666666669 ] ] ] } },
{ "type": "Feature", "properties": { "fir": "LFEE", "identifier": "LFEE:BALE BO2:155-195", "name": "BALE BO2", "level_lower": 155, "level_upper": 195 }, "geometry": { "type": "Polygon", "coordinates": [ [ [ 6.548611111111111, 48.021111111111111 ], [ 6.612777777777778, 48.034166666666664 ], [ 6.850555555555555, 48.034166666666664 ], [ 7.091941666666666, 48.235830555555559 ], [ 6.816941666666667, 48.250555555555557 ], [ 6.561941666666667, 48.218888888888891 ], [ 6.548611111111111, 48.021111111111111 ] ] ] } },
{ "type": "Feature", "properties": { "fir": "LFEE", "identifier": "LFEE:BALE BU1:115-195", "name": "BALE BU1", "level_lower": 115, "level_upper": 195 }, "geometry": { "type": "Polygon", "coordinates": [ [ [ 4.333333333333333, 47.416666666666664 ], [ 4.580830555555555, 47.642777777777781 ], [ 4.755905555555556, 47.800447222222218 ], [ 4.952777777777778, 47.974166666666669 ], [ 5.166666666666667, 48.166666666666664 ], [ 5.336941666666666, 48.309444444444445 ], [ 5.779444444444445, 48.080830555555558 ], [ 5.796666666666667, 48.0775 ], [ 5.698611111111111, 48.027777777777779 ], [ 5.608333333333333, 47.741666666666667 ], [ 5.608055555555556, 47.57555555555556 ], [ 5.783333333333333, 47.466666666666669 ], [ 5.951111111111111, 46.966666666666669 ], [ 5.894027777777778, 46.92552222222222 ], [ 5.820555555555555, 46.8725 ], [ 5.583333333333333, 46.7 ], [ 5.462266666666667, 46.700147222222228 ], [ 5.41923888888889, 46.700169444444448 ], [ 5.183333333333334, 46.7 ], [ 5.161666666666667, 46.5 ], [ 5.090552777777777, 46.5 ], [ 5.016666666666667, 46.5 ], [ 4.952777777777778, 46.5 ], [ 4.833333333333333, 46.5 ], [ 4.674722222222223, 46.5 ], [ 4.65, 46.583333333333336 ], [ 4.366944444444444, 46.88 ], [ 4.270830555555555, 47.359166666666667 ], [ 4.333333333333333, 47.416666666666664 ] ] ] } },
{ "type": "Feature", "properties": { "fir": "LFEE", "identifier": "LFEE:BALE BU2:115-145", "name": "BALE BU2", "level_lower": 115, "level_upper": 145 }, "geometry": { "type": "Polygon", "coordinates": [ [ [ 6.700461111111111, 47.070019444444448 ], [ 6.703630555555556, 47.082119444444444 ], [ 6.725891666666667, 47.091613888888894 ], [ 6.738033333333333, 47.089711111111114 ], [ 6.744916666666667, 47.092097222222222 ], [ 6.746625, 47.097588888888893 ], [ 6.741547222222223, 47.103225 ], [ 6.740111111111111, 47.108925 ], [ 6.739516666666667, 47.109966666666665 ], [ 6.746202777777778, 47.109819444444447 ], [ 6.752319444444445, 47.114863888888891 ], [ 6.766408333333334, 47.120975 ], [ 6.776222222222223, 47.121330555555559 ], [ 6.778697222222222, 47.12355 ], [ 6.805716666666666, 47.130808333333334 ], [ 6.807638888888889, 47.135405555555558 ], [ 6.815283333333333, 47.135583333333329 ], [ 6.81925, 47.1401 ], [ 6.824111111111111, 47.141747222222222 ], [ 6.827352777777778, 47.14639722222222 ], [ 6.830122222222222, 47.146322222222224 ], [ 6.839108333333333, 47.150372222222224 ], [ 6.839922222222222, 47.154197222222223 ], [ 6.849130555555555, 47.156180555555551 ], [ 6.858791666666666, 47.165177777777778 ], [ 6.843811111111111, 47.166147222222222 ], [ 6.840497222222222, 47.171755555555556 ], [ 6.86391111111111, 47.180566666666664 ], [ 6.866861111111112, 47.185577777777773 ], [ 6.873522222222222, 47.185655555555549 ], [ 6.872880555555556, 47.19015 ], [ 6.877788888888889, 47.195405555555553 ], [ 6.880144444444445, 47.200613888888888 ], [ 6.907122222222222, 47.214838888888892 ], [ 6.908355555555556, 47.217233333333333 ], [ 6.922419444444444, 47.221772222222221 ], [ 6.926994444444444, 47.225555555555559 ], [ 6.926733333333334, 47.227891666666672 ], [ 6.930533333333334, 47.230552777777781 ], [ 6.940558333333334, 47.231586111111113 ], [ 6.942613888888889, 47.23789166666667 ], [ 6.954838888888889, 47.243161111111114 ], [ 6.946272222222222, 47.254022222222225 ], [ 6.951608333333334, 47.269313888888888 ], [ 6.940347222222223, 47.285727777777772 ], [ 6.950252777777778, 47.292288888888883 ], [ 6.964722222222222, 47.292222222222222 ], [ 6.603333333333333, 47.333333333333336 ], [ 6.333333333333333, 47.533333333333331 ], [ 6.122777777777777, 47.638055555555553 ], [ 6.321388888888889, 47.974166666666669 ], [ 5.796666666666667, 48.0775 ], [ 5.698611111111111, 48.027777777777779 ], [ 5.608333333333333, 47.741666666666667 ], [ 5.608055555555556, 47.57555555555556 ], [ 5.783333333333333, 47.466666666666669 ], [ 5.951111111111111, 46.966666666666669 ], [ 6.239166666666667, 47.063333333333333 ], [ 6.700461111111111, 47.070019444444448 ] ] ] } },
{ "type": "Feature", "properties": { "fir": "LFEE", "identifier": "LFEE:BALE BU3:115-145", "name": "BALE BU3", "level_lower": 115, "level_upper": 145 }, "geometry": { "type": "Polygon", "coordinates": [ [ [ 5.586111111111111, 46.5 ], [ 5.21865, 46.5 ], [ 5.161666666666667, 46.5 ], [ 5.183333333333334, 46.7 ], [ 5.41923888888889, 46.700169444444448 ], [ 5.433333333333334, 46.68333333333333 ], [ 5.586111111111111, 46.5 ] ] ] } },
{ "type": "Feature", "properties": { "fir": "LFEE", "identifier": "LFEE:BALE CTR:000-020", "name": "BALE CTR", "level_lower": 0, "level_upper": 20 }, "geometry": { "type": "Polygon", "coordinates": [ [ [ 7.686111111111112, 47.568888888888893 ], [ 7.681830555555556, 47.556444444444445 ], [ 7.672191666666667, 47.540761111111109 ], [ 7.671388888888889, 47.54 ], [ 7.659030555555556, 47.526291666666665 ], [ 7.642672222222222, 47.513391666666664 ], [ 7.623516666666667, 47.502375 ], [ 7.602041666666667, 47.493513888888891 ], [ 7.578769444444444, 47.487025 ], [ 7.554277777777777, 47.483069444444446 ], [ 7.529166666666667, 47.481738888888891 ], [ 7.504055555555555, 47.483069444444446 ], [ 7.491111111111111, 47.484722222222224 ], [ 7.479561111111111, 47.487025 ], [ 7.456288888888889, 47.493513888888891 ], [ 7.434813888888889, 47.502375 ], [ 7.415661111111111, 47.513391666666664 ], [ 7.3993, 47.526291666666665 ], [ 7.386138888888889, 47.540761111111109 ], [ 7.3765, 47.556444444444445 ], [ 7.370619444444444, 47.572952777777779 ], [ 7.368644444444444, 47.589886111111113 ], [ 7.370619444444444, 47.606825 ], [ 7.3765, 47.623352777777775 ], [ 7.386138888888889, 47.639058333333331 ], [ 7.3993, 47.653558333333329 ], [ 7.415661111111111, 47.666494444444446 ], [ 7.434813888888889, 47.677544444444443 ], [ 7.456288888888889, 47.686436111111107 ], [ 7.479561111111111, 47.69295 ], [ 7.504055555555555, 47.69692222222222 ], [ 7.511944444444445, 47.697777777777773 ], [ 7.529166666666667, 47.698258333333328 ], [ 7.554277777777777, 47.69692222222222 ], [ 7.578769444444444, 47.69295 ], [ 7.593055555555555, 47.689166666666665 ], [ 7.686111111111112, 47.568888888888893 ] ] ] } },
{ "type": "Feature", "properties": { "fir": "LFEE", "identifier": "LFEE:BALE CTR:000-009", "name": "BALE CTR", "level_lower": 0, "level_upper": 9 }, "geometry": { "type": "Polygon", "coordinates": [ [ [ 7.515847222222222, 47.589522222222222 ], [ 7.521683333333333, 47.59385 ], [ 7.506825, 47.617919444444446 ], [ 7.510480555555556, 47.618780555555553 ], [ 7.516388888888889, 47.61034166666667 ], [ 7.520116666666667, 47.605030555555558 ], [ 7.523469444444444, 47.600127777777779 ], [ 7.527630555555556, 47.594094444444444 ], [ 7.529702777777778, 47.590725 ], [ 7.539363888888889, 47.592222222222226 ], [ 7.539533333333333, 47.592702777777781 ], [ 7.542088888888888, 47.593108333333333 ], [ 7.540883333333333, 47.590986111111114 ], [ 7.531308333333333, 47.589375 ], [ 7.533694444444444, 47.585455555555555 ], [ 7.530077777777778, 47.584608333333335 ], [ 7.527811111111111, 47.58880555555556 ], [ 7.516763888888889, 47.587325 ], [ 7.515847222222222, 47.589522222222222 ] ] ] } },
{ "type": "Feature", "properties": { "fir": "LFEE", "identifier": "LFEE:BALE DEL-N:000-009", "name": "BALE DEL-N", "level_lower": 0, "level_upper": 9 }, "geometry": { "type": "Polygon", "coordinates": [ [ [ 7.513072222222222, 47.619463888888887 ], [ 7.523252777777778, 47.610405555555559 ], [ 7.538255555555556, 47.599852777777777 ], [ 7.542088888888888, 47.593108333333333 ], [ 7.539533333333333, 47.592702777777781 ], [ 7.539363888888889, 47.592222222222226 ], [ 7.529702777777778, 47.590725 ], [ 7.527630555555556, 47.594094444444444 ], [ 7.523469444444444, 47.600127777777779 ], [ 7.520116666666667, 47.605030555555558 ], [ 7.516388888888889, 47.61034166666667 ], [ 7.510480555555556, 47.618780555555553 ], [ 7.513072222222222, 47.619463888888887 ] ] ] } },
{ "type": "Feature", "properties": { "fir": "LFEE", "identifier": "LFEE:BALE DEL-S:000-009", "name": "BALE DEL-S", "level_lower": 0, "level_upper": 9 }, "geometry": { "type": "Polygon", "coordinates": [ [ [ 7.516763888888889, 47.587325 ], [ 7.527811111111111, 47.58880555555556 ], [ 7.530077777777778, 47.584608333333335 ], [ 7.533694444444444, 47.585455555555555 ], [ 7.531308333333333, 47.589375 ], [ 7.540883333333333, 47.590986111111114 ], [ 7.546455555555555, 47.588236111111115 ], [ 7.537411111111111, 47.58155 ], [ 7.529933333333333, 47.580836111111111 ], [ 7.521636111111111, 47.581338888888894 ], [ 7.518041666666667, 47.582641666666667 ], [ 7.516763888888889, 47.587325 ] ] ] } },
{ "type": "Feature", "properties": { "fir": "LFEE", "identifier": "LFEE:BALE GND-N:000-009", "name": "BALE GND-N", "level_lower": 0, "level_upper": 9 }, "geometry": { "type": "Polygon", "coordinates": [ [ [ 7.513072222222222, 47.619463888888887 ], [ 7.523252777777778, 47.610405555555559 ], [ 7.538255555555556, 47.599852777777777 ], [ 7.542088888888888, 47.593108333333333 ], [ 7.539533333333333, 47.592702777777781 ], [ 7.539363888888889, 47.592222222222226 ], [ 7.529702777777778, 47.590725 ], [ 7.527630555555556, 47.594094444444444 ], [ 7.523469444444444, 47.600127777777779 ], [ 7.520116666666667, 47.605030555555558 ], [ 7.516388888888889, 47.61034166666667 ], [ 7.510480555555556, 47.618780555555553 ], [ 7.513072222222222, 47.619463888888887 ] ] ] } },
{ "type": "Feature", "properties": { "fir": "LFEE", "identifier": "LFEE:BALE GND-S:000-009", "name": "BALE GND-S", "level_lower": 0, "level_upper": 9 }, "geometry": { "type": "Polygon", "coordinates": [ [ [ 7.516763888888889, 47.587325 ], [ 7.527811111111111, 47.58880555555556 ], [ 7.530077777777778, 47.584608333333335 ], [ 7.533694444444444, 47.585455555555555 ], [ 7.531308333333333, 47.589375 ], [ 7.540883333333333, 47.590986111111114 ], [ 7.546455555555555, 47.588236111111115 ], [ 7.537411111111111, 47.58155 ], [ 7.529933333333333, 47.580836111111111 ], [ 7.521636111111111, 47.581338888888894 ], [ 7.518041666666667, 47.582641666666667 ], [ 7.516763888888889, 47.587325 ] ] ] } },
{ "type": "Feature", "properties": { "fir": "LFEE", "identifier": "LFEE:COLMAR CTR:000-007", "name": "COLMAR CTR", "level_lower": 0, "level_upper": 7 }, "geometry": { "type": "Polygon", "coordinates": [ [ [ 7.355611111111111, 48.10114166666667 ], [ 7.35455, 48.102947222222227 ], [ 7.358916666666667, 48.117811111111109 ], [ 7.362197222222222, 48.117344444444448 ], [ 7.361569444444444, 48.114577777777782 ], [ 7.358119444444444, 48.10295555555556 ], [ 7.358722222222222, 48.102502777777779 ], [ 7.355611111111111, 48.10114166666667 ] ] ] } },
{ "type": "Feature", "properties": { "fir": "LFEE", "identifier": "LFEE:COLMAR GND:000-007", "name": "COLMAR GND", "level_lower": 0, "level_upper": 7 }, "geometry": { "type": "Polygon", "coordinates": [ [ [ 7.36555, 48.114091666666667 ], [ 7.362836111111111, 48.101827777777778 ], [ 7.358722222222222, 48.102502777777779 ], [ 7.358119444444444, 48.10295555555556 ], [ 7.361569444444444, 48.114577777777782 ], [ 7.36555, 48.114091666666667 ] ] ] } },
{ "type": "Feature", "properties": { "fir": "LFEE", "identifier": "LFEE:DELEG LFFF:195-265", "name": "DELEG LFFF", "level_lower": 195, "level_upper": 265 }, "geometry": { "type": "Polygon", "coordinates": [ [ [ 1.466666666666667, 51.0 ], [ 1.732222222222222, 51.058055555555555 ], [ 2.356944444444445, 50.8525 ], [ 2.0, 50.716666666666669 ], [ 1.541944444444444, 50.960277777777783 ], [ 1.466666666666667, 51.0 ] ] ] } },
{ "type": "Feature", "properties": { "fir": "LFEE", "identifier": "LFEE:DOLE CTR:000-025", "name": "DOLE CTR", "level_lower": 0, "level_upper": 25 }, "geometry": { "type": "Polygon", "coordinates": [ [ [ 5.486666666666666, 47.124722222222225 ], [ 5.578888888888889, 47.099444444444444 ], [ 5.608333333333333, 47.083333333333336 ], [ 5.661388888888889, 47.018611111111113 ], [ 5.60361111111111, 46.906944444444441 ], [ 5.429444444444445, 46.863055555555555 ], [ 5.263055555555556, 46.908611111111107 ], [ 5.207222222222223, 46.961111111111116 ], [ 5.486666666666666, 47.124722222222225 ] ] ] } },
{ "type": "Feature", "properties": { "fir": "LFEE", "identifier": "LFEE:ETAIN CTR:000-030", "name": "ETAIN CTR", "level_lower": 0, "level_upper": 30 }, "geometry": { "type": "Polygon", "coordinates": [ [ [ 5.522222222222222, 49.370833333333337 ], [ 5.833333333333333, 49.370833333333337 ], [ 5.833333333333333, 49.041944444444439 ], [ 5.757222222222222, 49.0 ], [ 5.522222222222222, 49.0 ], [ 5.522222222222222, 49.370833333333337 ] ] ] } },
{ "type": "Feature", "properties": { "fir": "LFEE", "identifier": "LFEE:HE UAC:365-660", "name": "HE UAC", "level_lower": 365, "level_upper": 660 }, "geometry": { "type": "Polygon", "coordinates": [ [ [ 6.711111111111111, 49.218055555555559 ], [ 6.694333333333334, 49.216386111111113 ], [ 6.685833333333334, 49.2175 ], [ 6.499444444444444, 49.036388888888887 ], [ 6.091666666666667, 49.0375 ], [ 5.634166666666666, 49.3 ], [ 4.8, 48.95 ], [ 5.733333333333333, 48.25 ], [ 5.996111111111111, 48.063611111111108 ], [ 7.516388888888889, 47.689166666666665 ], [ 7.51235, 47.694858333333329 ], [ 7.511588888888889, 47.69675 ], [ 7.511708333333333, 47.69845 ], [ 7.512158333333334, 47.70045 ], [ 7.513758333333334, 47.702819444444444 ], [ 7.524119444444445, 47.70997777777778 ], [ 7.538988888888889, 47.71843888888889 ], [ 7.543719444444444, 47.722319444444445 ], [ 7.547627777777778, 47.729808333333338 ], [ 7.548569444444444, 47.735077777777782 ], [ 7.548127777777777, 47.739458333333332 ], [ 7.54615, 47.743019444444442 ], [ 7.53985, 47.754338888888888 ], [ 7.533388888888889, 47.766038888888886 ], [ 7.530169444444445, 47.7728 ], [ 7.530027777777778, 47.78255 ], [ 7.531358333333333, 47.786908333333329 ], [ 7.541077777777778, 47.80345 ], [ 7.545858333333333, 47.812669444444438 ], [ 7.54995, 47.822927777777778 ], [ 7.559238888888888, 47.835058333333336 ], [ 7.56155, 47.838869444444448 ], [ 7.563230555555555, 47.844811111111113 ], [ 7.563388888888888, 47.851177777777778 ], [ 7.560738888888888, 47.857808333333338 ], [ 7.5573, 47.86365 ], [ 7.556208333333333, 47.866288888888889 ], [ 7.55565, 47.870527777777781 ], [ 7.55545, 47.874088888888892 ], [ 7.556569444444444, 47.879369444444443 ], [ 7.559158333333333, 47.882408333333331 ], [ 7.563588888888889, 47.88565 ], [ 7.575927777777777, 47.890727777777776 ], [ 7.580738888888889, 47.89495 ], [ 7.582527777777778, 47.898258333333331 ], [ 7.583333333333333, 47.908333333333331 ], [ 7.581008333333333, 47.920769444444439 ], [ 7.58055, 47.924138888888884 ], [ 7.581019444444444, 47.926927777777777 ], [ 7.58265, 47.9299 ], [ 7.5857, 47.934819444444443 ], [ 7.5895, 47.93825 ], [ 7.603358333333333, 47.948569444444438 ], [ 7.609069444444444, 47.953458333333337 ], [ 7.612938888888888, 47.9582 ], [ 7.61735, 47.963608333333333 ], [ 7.62115, 47.96928888888889 ], [ 7.622119444444445, 47.972788888888893 ], [ 7.622, 47.97545 ], [ 7.61865, 47.985888888888887 ], [ 7.614469444444445, 47.993388888888887 ], [ 7.608588888888889, 48.000338888888891 ], [ 7.605077777777778, 48.00405 ], [ 7.590555555555556, 48.015 ], [ 7.578469444444444, 48.0249 ], [ 7.572908333333333, 48.029358333333334 ], [ 7.5708, 48.0321 ], [ 7.5705, 48.0325 ], [ 7.5701, 48.0332 ], [ 7.5698, 48.0341 ], [ 7.5695, 48.0353 ], [ 7.5695, 48.0363 ], [ 7.5697, 48.0376 ], [ 7.5699, 48.0386 ], [ 7.5709, 48.041 ], [ 7.5715, 48.0427 ], [ 7.5724, 48.0448 ], [ 7.5731, 48.0469 ], [ 7.5741, 48.0505 ], [ 7.5743, 48.0513 ], [ 7.5744, 48.0522 ], [ 7.5744, 48.0536 ], [ 7.5743, 48.0556 ], [ 7.574, 48.0576 ], [ 7.5731, 48.0618 ], [ 7.5708, 48.0721 ], [ 7.5697, 48.0774 ], [ 7.5694, 48.0799 ], [ 7.570002777777778, 48.082997222222225 ], [ 7.578986111111111, 48.100086111111111 ], [ 7.577044444444444, 48.1198 ], [ 7.5898, 48.128811111111112 ], [ 7.599288888888888, 48.136116666666666 ], [ 7.600541666666667, 48.143352777777778 ], [ 7.598986111111111, 48.153188888888884 ], [ 7.609438888888889, 48.165580555555557 ], [ 7.63045, 48.185361111111106 ], [ 7.644586111111111, 48.207677777777782 ], [ 7.664433333333334, 48.219222222222221 ], [ 7.674133333333334, 48.239877777777778 ], [ 7.689655555555555, 48.284180555555551 ], [ 7.689708333333334, 48.295025 ], [ 7.695863888888889, 48.304013888888889 ], [ 7.733261111111111, 48.317652777777781 ], [ 7.745561111111111, 48.333483333333334 ], [ 7.731208333333333, 48.380758333333333 ], [ 7.734958333333333, 48.402247222222222 ], [ 7.764913888888889, 48.455461111111113 ], [ 7.767088888888889, 48.486466666666665 ], [ 7.777441666666666, 48.495561111111115 ], [ 7.797411111111111, 48.503483333333335 ], [ 7.806702777777778, 48.523030555555557 ], [ 7.802991666666666, 48.536477777777776 ], [ 7.805786111111111, 48.55515 ], [ 7.800397222222222, 48.577694444444447 ], [ 7.805194444444444, 48.593163888888888 ], [ 7.830463888888889, 48.620138888888889 ], [ 7.839936111111111, 48.64147222222222 ], [ 7.890111111111111, 48.662633333333332 ], [ 7.9668, 48.724872222222224 ], [ 7.968102777777778, 48.752325 ], [ 7.974686111111112, 48.759416666666667 ], [ 7.988380555555556, 48.760827777777777 ], [ 8.007325, 48.758819444444441 ], [ 8.021547222222223, 48.766519444444441 ], [ 8.026161111111112, 48.782961111111113 ], [ 8.035355555555556, 48.789783333333332 ], [ 8.0515, 48.789869444444442 ], [ 8.0652, 48.789661111111108 ], [ 8.086366666666667, 48.801433333333328 ], [ 8.104569444444444, 48.820583333333339 ], [ 8.117919444444444, 48.858258333333332 ], [ 8.143716666666666, 48.898583333333335 ], [ 8.174933333333334, 48.929933333333331 ], [ 8.194802777777777, 48.955158333333337 ], [ 8.233625, 48.966736111111111 ], [ 8.22861111111111, 48.970277777777781 ], [ 8.222683333333334, 48.97580555555556 ], [ 8.197552777777778, 48.967919444444448 ], [ 8.193855555555556, 48.9772 ], [ 8.170183333333332, 48.979058333333334 ], [ 8.169875, 48.976052777777781 ], [ 8.1605, 48.978575 ], [ 8.152158333333334, 48.977247222222225 ], [ 8.13623611111111, 48.979316666666669 ], [ 8.123788888888889, 48.986219444444444 ], [ 8.108002777777777, 48.986558333333335 ], [ 8.104566666666667, 48.989122222222221 ], [ 8.087622222222222, 48.990119444444446 ], [ 8.049641666666666, 49.014286111111112 ], [ 8.021797222222222, 49.018236111111108 ], [ 8.019047222222223, 49.021 ], [ 8.014202777777777, 49.020869444444443 ], [ 8.011469444444444, 49.0246 ], [ 7.994291666666666, 49.028744444444442 ], [ 7.974891666666667, 49.026494444444445 ], [ 7.945977777777778, 49.055458333333327 ], [ 7.931636111111112, 49.0578 ], [ 7.912541666666667, 49.041238888888884 ], [ 7.867263888888889, 49.033497222222223 ], [ 7.835277777777778, 49.047222222222217 ], [ 7.793380555555555, 49.065005555555551 ], [ 7.732283333333333, 49.044080555555553 ], [ 7.631205555555556, 49.054566666666666 ], [ 7.629922222222222, 49.074066666666667 ], [ 7.528613888888889, 49.101497222222221 ], [ 7.489169444444444, 49.139075 ], [ 7.506708333333333, 49.154402777777776 ], [ 7.493333333333333, 49.166666666666664 ], [ 7.4446, 49.182805555555554 ], [ 7.365475, 49.171422222222219 ], [ 7.361783333333333, 49.143186111111113 ], [ 7.293663888888889, 49.115069444444444 ], [ 7.158558333333334, 49.120566666666669 ], [ 7.106738888888889, 49.1548 ], [ 7.081347222222222, 49.146861111111107 ], [ 7.089988888888889, 49.13035 ], [ 7.049561111111111, 49.113752777777776 ], [ 7.034575, 49.190527777777774 ], [ 6.938797222222222, 49.222247222222222 ], [ 6.836808333333333, 49.21306944444445 ], [ 6.85861111111111, 49.174727777777775 ], [ 6.834722222222222, 49.151388888888889 ], [ 6.781380555555556, 49.168322222222223 ], [ 6.746111111111111, 49.166111111111107 ], [ 6.723055555555556, 49.200277777777778 ], [ 6.711111111111111, 49.218055555555559 ] ] ] } },
{ "type": "Feature", "properties": { "fir": "LFEE", "identifier": "LFEE:HH UAC:365-660", "name": "HH UAC", "level_lower": 365, "level_upper": 660 }, "geometry": { "type": "Polygon", "coordinates": [ [ [ 5.996111111111111, 48.063611111111108 ], [ 7.516388888888889, 47.689166666666665 ], [ 7.4995, 47.632805555555557 ], [ 7.415555555555556, 47.5775 ], [ 7.3951, 47.481905555555556 ], [ 7.384458333333334, 47.43205555555555 ], [ 7.343230555555555, 47.371966666666665 ], [ 7.043230555555556, 47.36418888888889 ], [ 7.061575, 47.343025 ], [ 7.056547222222222, 47.334044444444444 ], [ 7.045491666666667, 47.326361111111112 ], [ 7.009788888888889, 47.324344444444449 ], [ 7.016347222222223, 47.314925 ], [ 7.008516666666667, 47.301675 ], [ 6.995955555555556, 47.296438888888886 ], [ 6.964722222222222, 47.292222222222222 ], [ 6.950252777777778, 47.292288888888883 ], [ 6.940347222222223, 47.285727777777772 ], [ 6.951608333333334, 47.269313888888888 ], [ 6.946272222222222, 47.254022222222225 ], [ 6.954838888888889, 47.243161111111114 ], [ 6.942613888888889, 47.23789166666667 ], [ 6.940558333333334, 47.231586111111113 ], [ 6.930533333333334, 47.230552777777781 ], [ 6.926733333333334, 47.227891666666672 ], [ 6.926994444444444, 47.225555555555559 ], [ 6.922419444444444, 47.221772222222221 ], [ 6.908355555555556, 47.217233333333333 ], [ 6.907122222222222, 47.214838888888892 ], [ 6.880144444444445, 47.200613888888888 ], [ 6.877788888888889, 47.195405555555553 ], [ 6.872880555555556, 47.19015 ], [ 6.873522222222222, 47.185655555555549 ], [ 6.866861111111112, 47.185577777777773 ], [ 6.86391111111111, 47.180566666666664 ], [ 6.840497222222222, 47.171755555555556 ], [ 6.843811111111111, 47.166147222222222 ], [ 6.858791666666666, 47.165177777777778 ], [ 6.849130555555555, 47.156180555555551 ], [ 6.839922222222222, 47.154197222222223 ], [ 6.839108333333333, 47.150372222222224 ], [ 6.830122222222222, 47.146322222222224 ], [ 6.827352777777778, 47.14639722222222 ], [ 6.824111111111111, 47.141747222222222 ], [ 6.81925, 47.1401 ], [ 6.815283333333333, 47.135583333333329 ], [ 6.807638888888889, 47.135405555555558 ], [ 6.805716666666666, 47.130808333333334 ], [ 6.778697222222222, 47.12355 ], [ 6.776222222222223, 47.121330555555559 ], [ 6.766408333333334, 47.120975 ], [ 6.752319444444445, 47.114863888888891 ], [ 6.746202777777778, 47.109819444444447 ], [ 6.739516666666667, 47.109966666666665 ], [ 6.740111111111111, 47.108925 ], [ 6.741547222222223, 47.103225 ], [ 6.746625, 47.097588888888893 ], [ 6.744916666666667, 47.092097222222222 ], [ 6.738033333333333, 47.089711111111114 ], [ 6.725891666666667, 47.091613888888894 ], [ 6.703630555555556, 47.082119444444444 ], [ 6.700461111111111, 47.070019444444448 ], [ 6.239166666666667, 47.063333333333333 ], [ 5.951111111111111, 46.966666666666669 ], [ 5.783333333333333, 47.466666666666669 ], [ 5.996111111111111, 48.063611111111108 ] ] ] } },
{ "type": "Feature", "properties": { "fir": "LFEE", "identifier": "LFEE:HN UAC:365-660", "name": "HN UAC", "level_lower": 365, "level_upper": 660 }, "geometry": { "type": "Polygon", "coordinates": [ [ [ 3.525, 50.438888888888883 ], [ 2.75, 49.45 ], [ 2.241388888888889, 49.265555555555558 ], [ 1.809441666666667, 49.606111111111112 ], [ 1.554847222222222, 49.804236111111109 ], [ 1.403333333333333, 49.921944444444442 ], [ 1.4525, 49.948888888888888 ], [ 1.651666666666667, 50.058611111111105 ], [ 1.7575, 50.116388888888892 ], [ 1.858611111111111, 50.171388888888885 ], [ 1.951666666666667, 50.229444444444447 ], [ 1.538333333333333, 50.601666666666667 ], [ 1.636388888888889, 50.656944444444441 ], [ 1.734722222222222, 50.712222222222223 ], [ 1.465, 50.905277777777776 ], [ 1.466666666666667, 51.0 ], [ 1.732222222222222, 51.058055555555555 ], [ 2.356944444444445, 50.8525 ], [ 2.833333333333333, 50.691944444444438 ], [ 3.28, 50.5425 ], [ 3.525, 50.438888888888883 ] ] ] } },
{ "type": "Feature", "properties": { "fir": "LFEE", "identifier": "LFEE:HR UAC:375-660", "name": "HR UAC", "level_lower": 375, "level_upper": 660 }, "geometry": { "type": "Polygon", "coordinates": [ [ [ 3.7875, 50.339722222222221 ], [ 3.984722222222222, 50.237222222222222 ], [ 4.391666666666667, 50.05833333333333 ], [ 4.851761111111111, 49.852630555555557 ], [ 5.008166666666667, 49.7819 ], [ 5.442222222222222, 49.567777777777778 ], [ 5.634166666666666, 49.3 ], [ 4.8, 48.95 ], [ 4.214722222222222, 48.975830555555561 ], [ 3.5, 48.7 ], [ 3.116666666666667, 48.666666666666664 ], [ 3.016663888888889, 48.583333333333336 ], [ 2.454722222222222, 49.076111111111118 ], [ 2.241388888888889, 49.265555555555558 ], [ 2.75, 49.45 ], [ 3.525, 50.438888888888883 ], [ 3.7875, 50.339722222222221 ] ] ] } },
{ "type": "Feature", "properties": { "fir": "LFEE", "identifier": "LFEE:KD1 UAC:345-355", "name": "KD1 UAC", "level_lower": 345, "level_upper": 355 }, "geometry": { "type": "Polygon", "coordinates": [ [ [ 3.5, 48.7 ], [ 3.963611111111111, 48.49388888888889 ], [ 4.458333333333334, 48.270277777777778 ], [ 4.945, 47.969722222222224 ], [ 5.269444444444445, 47.776941666666666 ], [ 5.017777777777778, 47.639722222222218 ], [ 4.7725, 47.50472222222222 ], [ 4.488888888888889, 47.349166666666669 ], [ 4.0775, 47.2675 ], [ 3.795830555555555, 47.401666666666664 ], [ 3.528611111111111, 47.5275 ], [ 3.362777777777778, 47.795277777777777 ], [ 3.235277777777778, 47.998888888888892 ], [ 2.918611111111111, 48.283333333333331 ], [ 2.792777777777778, 48.395277777777778 ], [ 2.920277777777778, 48.5025 ], [ 3.016663888888889, 48.583333333333336 ], [ 3.116666666666667, 48.666666666666664 ], [ 3.5, 48.7 ] ] ] } },
{ "type": "Feature", "properties": { "fir": "LFEE", "identifier": "LFEE:KD2 UAC:355-385", "name": "KD2 UAC", "level_lower": 355, "level_upper": 385 }, "geometry": { "type": "Polygon", "coordinates": [ [ [ 3.963611111111111, 48.49388888888889 ], [ 4.458333333333334, 48.270277777777778 ], [ 4.945, 47.969722222222224 ], [ 5.269444444444445, 47.776941666666666 ], [ 5.783333333333333, 47.466666666666669 ], [ 5.951111111111111, 46.966666666666669 ], [ 5.894027777777778, 46.92552222222222 ], [ 5.820555555555555, 46.8725 ], [ 5.356941666666667, 47.471111111111114 ], [ 5.017777777777778, 47.639722222222218 ], [ 4.7725, 47.50472222222222 ], [ 4.488888888888889, 47.349166666666669 ], [ 4.0775, 47.2675 ], [ 3.795830555555555, 47.401666666666664 ], [ 3.528611111111111, 47.5275 ], [ 3.362777777777778, 47.795277777777777 ], [ 3.235277777777778, 47.998888888888892 ], [ 2.918611111111111, 48.283333333333331 ], [ 2.792777777777778, 48.395277777777778 ], [ 2.920277777777778, 48.5025 ], [ 3.016663888888889, 48.583333333333336 ], [ 3.116666666666667, 48.666666666666664 ], [ 3.5, 48.7 ], [ 3.963611111111111, 48.49388888888889 ] ] ] } },
{ "type": "Feature", "properties": { "fir": "LFEE", "identifier": "LFEE:KD3 UAC:385-660", "name": "KD3 UAC", "level_lower": 385, "level_upper": 660 }, "geometry": { "type": "Polygon", "coordinates": [ [ [ 3.963611111111111, 48.49388888888889 ], [ 4.458333333333334, 48.270277777777778 ], [ 4.945, 47.969722222222224 ], [ 5.269444444444445, 47.776941666666666 ], [ 5.783333333333333, 47.466666666666669 ], [ 5.951111111111111, 46.966666666666669 ], [ 5.894027777777778, 46.92552222222222 ], [ 5.820555555555555, 46.8725 ], [ 5.583333333333333, 46.7 ], [ 5.462266666666667, 46.700147222222228 ], [ 5.41923888888889, 46.700169444444448 ], [ 5.183333333333334, 46.7 ], [ 4.488888888888889, 47.349166666666669 ], [ 4.0775, 47.2675 ], [ 3.795830555555555, 47.401666666666664 ], [ 3.528611111111111, 47.5275 ], [ 3.362777777777778, 47.795277777777777 ], [ 3.235277777777778, 47.998888888888892 ], [ 2.918611111111111, 48.283333333333331 ], [ 2.792777777777778, 48.395277777777778 ], [ 2.920277777777778, 48.5025 ], [ 3.016663888888889, 48.583333333333336 ], [ 3.116666666666667, 48.666666666666664 ], [ 3.5, 48.7 ], [ 3.963611111111111, 48.49388888888889 ] ] ] } },
{ "type": "Feature", "properties": { "fir": "LFEE", "identifier": "LFEE:KE UAC:345-365", "name": "KE UAC", "level_lower": 345, "level_upper": 365 }, "geometry": { "type": "Polygon", "coordinates": [ [ [ 6.711111111111111, 49.218055555555559 ], [ 6.694333333333334, 49.216386111111113 ], [ 6.685833333333334, 49.2175 ], [ 6.499444444444444, 49.036388888888887 ], [ 6.091666666666667, 49.0375 ], [ 5.634166666666666, 49.3 ], [ 4.8, 48.95 ], [ 5.733333333333333, 48.25 ], [ 5.996111111111111, 48.063611111111108 ], [ 7.516388888888889, 47.689166666666665 ], [ 7.51235, 47.694858333333329 ], [ 7.511588888888889, 47.69675 ], [ 7.511708333333333, 47.69845 ], [ 7.512158333333334, 47.70045 ], [ 7.513758333333334, 47.702819444444444 ], [ 7.524119444444445, 47.70997777777778 ], [ 7.538988888888889, 47.71843888888889 ], [ 7.543719444444444, 47.722319444444445 ], [ 7.547627777777778, 47.729808333333338 ], [ 7.548569444444444, 47.735077777777782 ], [ 7.548127777777777, 47.739458333333332 ], [ 7.54615, 47.743019444444442 ], [ 7.53985, 47.754338888888888 ], [ 7.533388888888889, 47.766038888888886 ], [ 7.530169444444445, 47.7728 ], [ 7.530027777777778, 47.78255 ], [ 7.531358333333333, 47.786908333333329 ], [ 7.541077777777778, 47.80345 ], [ 7.545858333333333, 47.812669444444438 ], [ 7.54995, 47.822927777777778 ], [ 7.559238888888888, 47.835058333333336 ], [ 7.56155, 47.838869444444448 ], [ 7.563230555555555, 47.844811111111113 ], [ 7.563388888888888, 47.851177777777778 ], [ 7.560738888888888, 47.857808333333338 ], [ 7.5573, 47.86365 ], [ 7.556208333333333, 47.866288888888889 ], [ 7.55565, 47.870527777777781 ], [ 7.55545, 47.874088888888892 ], [ 7.556569444444444, 47.879369444444443 ], [ 7.559158333333333, 47.882408333333331 ], [ 7.563588888888889, 47.88565 ], [ 7.575927777777777, 47.890727777777776 ], [ 7.580738888888889, 47.89495 ], [ 7.582527777777778, 47.898258333333331 ], [ 7.583333333333333, 47.908333333333331 ], [ 7.581008333333333, 47.920769444444439 ], [ 7.58055, 47.924138888888884 ], [ 7.581019444444444, 47.926927777777777 ], [ 7.58265, 47.9299 ], [ 7.5857, 47.934819444444443 ], [ 7.5895, 47.93825 ], [ 7.603358333333333, 47.948569444444438 ], [ 7.609069444444444, 47.953458333333337 ], [ 7.612938888888888, 47.9582 ], [ 7.61735, 47.963608333333333 ], [ 7.62115, 47.96928888888889 ], [ 7.622119444444445, 47.972788888888893 ], [ 7.622, 47.97545 ], [ 7.61865, 47.985888888888887 ], [ 7.614469444444445, 47.993388888888887 ], [ 7.608588888888889, 48.000338888888891 ], [ 7.605077777777778, 48.00405 ], [ 7.590555555555556, 48.015 ], [ 7.578469444444444, 48.0249 ], [ 7.572908333333333, 48.029358333333334 ], [ 7.5708, 48.0321 ], [ 7.5705, 48.0325 ], [ 7.5701, 48.0332 ], [ 7.5698, 48.0341 ], [ 7.5695, 48.0353 ], [ 7.5695, 48.0363 ], [ 7.5697, 48.0376 ], [ 7.5699, 48.0386 ], [ 7.5709, 48.041 ], [ 7.5715, 48.0427 ], [ 7.5724, 48.0448 ], [ 7.5731, 48.0469 ], [ 7.5741, 48.0505 ], [ 7.5743, 48.0513 ], [ 7.5744, 48.0522 ], [ 7.5744, 48.0536 ], [ 7.5743, 48.0556 ], [ 7.574, 48.0576 ], [ 7.5731, 48.0618 ], [ 7.5708, 48.0721 ], [ 7.5697, 48.0774 ], [ 7.5694, 48.0799 ], [ 7.570002777777778, 48.082997222222225 ], [ 7.578986111111111, 48.100086111111111 ], [ 7.577044444444444, 48.1198 ], [ 7.5898, 48.128811111111112 ], [ 7.599288888888888, 48.136116666666666 ], [ 7.600541666666667, 48.143352777777778 ], [ 7.598986111111111, 48.153188888888884 ], [ 7.609438888888889, 48.165580555555557 ], [ 7.63045, 48.185361111111106 ], [ 7.644586111111111, 48.207677777777782 ], [ 7.664433333333334, 48.219222222222221 ], [ 7.674133333333334, 48.239877777777778 ], [ 7.689655555555555, 48.284180555555551 ], [ 7.689708333333334, 48.295025 ], [ 7.695863888888889, 48.304013888888889 ], [ 7.733261111111111, 48.317652777777781 ], [ 7.745561111111111, 48.333483333333334 ], [ 7.731208333333333, 48.380758333333333 ], [ 7.734958333333333, 48.402247222222222 ], [ 7.764913888888889, 48.455461111111113 ], [ 7.767088888888889, 48.486466666666665 ], [ 7.777441666666666, 48.495561111111115 ], [ 7.797411111111111, 48.503483333333335 ], [ 7.806702777777778, 48.523030555555557 ], [ 7.802991666666666, 48.536477777777776 ], [ 7.805786111111111, 48.55515 ], [ 7.800397222222222, 48.577694444444447 ], [ 7.805194444444444, 48.593163888888888 ], [ 7.830463888888889, 48.620138888888889 ], [ 7.839936111111111, 48.64147222222222 ], [ 7.890111111111111, 48.662633333333332 ], [ 7.9668, 48.724872222222224 ], [ 7.968102777777778, 48.752325 ], [ 7.974686111111112, 48.759416666666667 ], [ 7.988380555555556, 48.760827777777777 ], [ 8.007325, 48.758819444444441 ], [ 8.021547222222223, 48.766519444444441 ], [ 8.026161111111112, 48.782961111111113 ], [ 8.035355555555556, 48.789783333333332 ], [ 8.0515, 48.789869444444442 ], [ 8.0652, 48.789661111111108 ], [ 8.086366666666667, 48.801433333333328 ], [ 8.104569444444444, 48.820583333333339 ], [ 8.117919444444444, 48.858258333333332 ], [ 8.143716666666666, 48.898583333333335 ], [ 8.174933333333334, 48.929933333333331 ], [ 8.194802777777777, 48.955158333333337 ], [ 8.233625, 48.966736111111111 ], [ 8.22861111111111, 48.970277777777781 ], [ 8.222683333333334, 48.97580555555556 ], [ 8.197552777777778, 48.967919444444448 ], [ 8.193855555555556, 48.9772 ], [ 8.170183333333332, 48.979058333333334 ], [ 8.169875, 48.976052777777781 ], [ 8.1605, 48.978575 ], [ 8.152158333333334, 48.977247222222225 ], [ 8.13623611111111, 48.979316666666669 ], [ 8.123788888888889, 48.986219444444444 ], [ 8.108002777777777, 48.986558333333335 ], [ 8.104566666666667, 48.989122222222221 ], [ 8.087622222222222, 48.990119444444446 ], [ 8.049641666666666, 49.014286111111112 ], [ 8.021797222222222, 49.018236111111108 ], [ 8.019047222222223, 49.021 ], [ 8.014202777777777, 49.020869444444443 ], [ 8.011469444444444, 49.0246 ], [ 7.994291666666666, 49.028744444444442 ], [ 7.974891666666667, 49.026494444444445 ], [ 7.945977777777778, 49.055458333333327 ], [ 7.931636111111112, 49.0578 ], [ 7.912541666666667, 49.041238888888884 ], [ 7.867263888888889, 49.033497222222223 ], [ 7.835277777777778, 49.047222222222217 ], [ 7.793380555555555, 49.065005555555551 ], [ 7.732283333333333, 49.044080555555553 ], [ 7.631205555555556, 49.054566666666666 ], [ 7.629922222222222, 49.074066666666667 ], [ 7.528613888888889, 49.101497222222221 ], [ 7.489169444444444, 49.139075 ], [ 7.506708333333333, 49.154402777777776 ], [ 7.493333333333333, 49.166666666666664 ], [ 7.4446, 49.182805555555554 ], [ 7.365475, 49.171422222222219 ], [ 7.361783333333333, 49.143186111111113 ], [ 7.293663888888889, 49.115069444444444 ], [ 7.158558333333334, 49.120566666666669 ], [ 7.106738888888889, 49.1548 ], [ 7.081347222222222, 49.146861111111107 ], [ 7.089988888888889, 49.13035 ], [ 7.049561111111111, 49.113752777777776 ], [ 7.034575, 49.190527777777774 ], [ 6.938797222222222, 49.222247222222222 ], [ 6.836808333333333, 49.21306944444445 ], [ 6.85861111111111, 49.174727777777775 ], [ 6.834722222222222, 49.151388888888889 ], [ 6.781380555555556, 49.168322222222223 ], [ 6.746111111111111, 49.166111111111107 ], [ 6.723055555555556, 49.200277777777778 ], [ 6.711111111111111, 49.218055555555559 ] ] ] } },
{ "type": "Feature", "properties": { "fir": "LFEE", "identifier": "LFEE:KF UAC:345-660", "name": "KF UAC", "level_lower": 345, "level_upper": 660 }, "geometry": { "type": "Polygon", "coordinates": [ [ [ 5.733333333333333, 48.25 ], [ 4.8, 48.95 ], [ 4.214722222222222, 48.975830555555561 ], [ 3.5, 48.7 ], [ 3.963611111111111, 48.49388888888889 ], [ 4.458333333333334, 48.270277777777778 ], [ 4.945, 47.969722222222224 ], [ 5.269444444444445, 47.776941666666666 ], [ 5.783333333333333, 47.466666666666669 ], [ 5.996111111111111, 48.063611111111108 ], [ 5.733333333333333, 48.25 ] ] ] } },
{ "type": "Feature", "properties": { "fir": "LFEE", "identifier": "LFEE:KH UAC:345-365", "name": "KH UAC", "level_lower": 345, "level_upper": 365 }, "geometry": { "type": "Polygon", "coordinates": [ [ [ 7.516388888888889, 47.689166666666665 ], [ 7.4995, 47.632805555555557 ], [ 7.415555555555556, 47.5775 ], [ 7.3951, 47.481905555555556 ], [ 7.384458333333334, 47.43205555555555 ], [ 7.343230555555555, 47.371966666666665 ], [ 7.043230555555556, 47.36418888888889 ], [ 7.061575, 47.343025 ], [ 7.056547222222222, 47.334044444444444 ], [ 7.045491666666667, 47.326361111111112 ], [ 7.009788888888889, 47.324344444444449 ], [ 7.016347222222223, 47.314925 ], [ 7.008516666666667, 47.301675 ], [ 6.995955555555556, 47.296438888888886 ], [ 6.964722222222222, 47.292222222222222 ], [ 6.950252777777778, 47.292288888888883 ], [ 6.940347222222223, 47.285727777777772 ], [ 6.951608333333334, 47.269313888888888 ], [ 6.946272222222222, 47.254022222222225 ], [ 6.954838888888889, 47.243161111111114 ], [ 6.942613888888889, 47.23789166666667 ], [ 6.940558333333334, 47.231586111111113 ], [ 6.930533333333334, 47.230552777777781 ], [ 6.926733333333334, 47.227891666666672 ], [ 6.926994444444444, 47.225555555555559 ], [ 6.922419444444444, 47.221772222222221 ], [ 6.908355555555556, 47.217233333333333 ], [ 6.907122222222222, 47.214838888888892 ], [ 6.880144444444445, 47.200613888888888 ], [ 6.877788888888889, 47.195405555555553 ], [ 6.872880555555556, 47.19015 ], [ 6.873522222222222, 47.185655555555549 ], [ 6.866861111111112, 47.185577777777773 ], [ 6.86391111111111, 47.180566666666664 ], [ 6.840497222222222, 47.171755555555556 ], [ 6.843811111111111, 47.166147222222222 ], [ 6.858791666666666, 47.165177777777778 ], [ 6.849130555555555, 47.156180555555551 ], [ 6.839922222222222, 47.154197222222223 ], [ 6.839108333333333, 47.150372222222224 ], [ 6.830122222222222, 47.146322222222224 ], [ 6.827352777777778, 47.14639722222222 ], [ 6.824111111111111, 47.141747222222222 ], [ 6.81925, 47.1401 ], [ 6.815283333333333, 47.135583333333329 ], [ 6.807638888888889, 47.135405555555558 ], [ 6.805716666666666, 47.130808333333334 ], [ 6.778697222222222, 47.12355 ], [ 6.776222222222223, 47.121330555555559 ], [ 6.766408333333334, 47.120975 ], [ 6.752319444444445, 47.114863888888891 ], [ 6.746202777777778, 47.109819444444447 ], [ 6.739516666666667, 47.109966666666665 ], [ 6.740111111111111, 47.108925 ], [ 6.741547222222223, 47.103225 ], [ 6.746625, 47.097588888888893 ], [ 6.744916666666667, 47.092097222222222 ], [ 6.738033333333333, 47.089711111111114 ], [ 6.725891666666667, 47.091613888888894 ], [ 6.703630555555556, 47.082119444444444 ], [ 6.700461111111111, 47.070019444444448 ], [ 6.239166666666667, 47.063333333333333 ], [ 5.951111111111111, 46.966666666666669 ], [ 5.783333333333333, 47.466666666666669 ], [ 5.996111111111111, 48.063611111111108 ], [ 7.516388888888889, 47.689166666666665 ] ] ] } },
{ "type": "Feature", "properties": { "fir": "LFEE", "identifier": "LFEE:KN UAC:345-365", "name": "KN UAC", "level_lower": 345, "level_upper": 365 }, "geometry": { "type": "Polygon", "coordinates": [ [ [ 1.809441666666667, 49.606111111111112 ], [ 1.554847222222222, 49.804236111111109 ], [ 1.403333333333333, 49.921944444444442 ], [ 1.4525, 49.948888888888888 ], [ 1.651666666666667, 50.058611111111105 ], [ 1.7575, 50.116388888888892 ], [ 1.858611111111111, 50.171388888888885 ], [ 1.951666666666667, 50.229444444444447 ], [ 1.538333333333333, 50.601666666666667 ], [ 1.636388888888889, 50.656944444444441 ], [ 1.734722222222222, 50.712222222222223 ], [ 1.781941666666667, 50.741388888888892 ], [ 2.983333333333333, 49.739166666666669 ], [ 2.75, 49.45 ], [ 2.241388888888889, 49.265555555555558 ], [ 1.809441666666667, 49.606111111111112 ] ] ] } },
{ "type": "Feature", "properties": { "fir": "LFEE", "identifier": "LFEE:KR UAC:345-365", "name": "KR UAC", "level_lower": 345, "level_upper": 365 }, "geometry": { "type": "Polygon", "coordinates": [ [ [ 2.241388888888889, 49.265555555555558 ], [ 2.75, 49.45 ], [ 2.983333333333333, 49.739166666666669 ], [ 3.525, 50.438888888888883 ], [ 3.7875, 50.339722222222221 ], [ 3.984722222222222, 50.237222222222222 ], [ 4.391666666666667, 50.05833333333333 ], [ 4.851761111111111, 49.852630555555557 ], [ 5.008166666666667, 49.7819 ], [ 5.442222222222222, 49.567777777777778 ], [ 5.634166666666666, 49.3 ], [ 4.8, 48.95 ], [ 4.214722222222222, 48.975830555555561 ], [ 3.5, 48.7 ], [ 3.116666666666667, 48.666666666666664 ], [ 3.016663888888889, 48.583333333333336 ], [ 2.541666666666667, 49.0 ], [ 2.454722222222222, 49.076111111111118 ], [ 2.241388888888889, 49.265555555555558 ] ] ] } },
{ "type": "Feature", "properties": { "fir": "LFEE", "identifier": "LFEE:LORRAINE CTR:000-030", "name": "LORRAINE CTR", "level_lower": 0, "level_upper": 30 }, "geometry": { "type": "Polygon", "coordinates": [ [ [ 6.463333333333334, 49.083333333333336 ], [ 6.501666666666667, 48.925555555555555 ], [ 6.328333333333333, 48.74666666666667 ], [ 6.258888888888889, 48.753055555555555 ], [ 6.054444444444444, 48.87166666666667 ], [ 6.18, 48.974444444444444 ], [ 6.313611111111111, 49.083333333333336 ], [ 6.463333333333334, 49.083333333333336 ] ] ] } },
{ "type": "Feature", "properties": { "fir": "LFEE", "identifier": "LFEE:LORRAINE CTR:000-009", "name": "LORRAINE CTR", "level_lower": 0, "level_upper": 9 }, "geometry": { "type": "Polygon", "coordinates": [ [ [ 6.265647222222222, 48.989880555555558 ], [ 6.236847222222222, 48.965722222222226 ], [ 6.231686111111111, 48.967908333333334 ], [ 6.238319444444445, 48.973577777777777 ], [ 6.243891666666666, 48.978341666666665 ], [ 6.254480555555555, 48.9867 ], [ 6.256119444444445, 48.988077777777782 ], [ 6.256408333333333, 48.98791111111111 ], [ 6.261136111111111, 48.991930555555555 ], [ 6.265647222222222, 48.989880555555558 ] ] ] } },
{ "type": "Feature", "properties": { "fir": "LFEE", "identifier": "LFEE:LORRAINE GND:000-009", "name": "LORRAINE GND", "level_lower": 0, "level_upper": 9 }, "geometry": { "type": "Polygon", "coordinates": [ [ [ 6.261136111111111, 48.991930555555555 ], [ 6.256408333333333, 48.98791111111111 ], [ 6.256119444444445, 48.988077777777782 ], [ 6.254480555555555, 48.9867 ], [ 6.243891666666666, 48.978341666666665 ], [ 6.238319444444445, 48.973577777777777 ], [ 6.229780555555556, 48.977438888888891 ], [ 6.249463888888889, 48.996497222222224 ], [ 6.261136111111111, 48.991930555555555 ] ] ] } },
{ "type": "Feature", "properties": { "fir": "LFEE", "identifier": "LFEE:LUXEIL CTR:000-030", "name": "LUXEIL CTR", "level_lower": 0, "level_upper": 30 }, "geometry": { "type": "Polygon", "coordinates": [ [ [ 6.258333333333334, 47.973888888888894 ], [ 6.343611111111111, 47.953055555555558 ], [ 6.351666666666667, 47.953611111111115 ], [ 6.364722222222222, 47.953775 ], [ 6.4035, 47.95171944444445 ], [ 6.441325, 47.945597222222219 ], [ 6.477261111111111, 47.935566666666666 ], [ 6.510427777777778, 47.921875 ], [ 6.540008333333334, 47.90485833333333 ], [ 6.565269444444445, 47.884944444444443 ], [ 6.5775, 47.87222222222222 ], [ 6.660833333333334, 47.7775 ], [ 6.658527777777778, 47.755580555555554 ], [ 6.647630555555555, 47.725111111111111 ], [ 6.629769444444445, 47.69618055555555 ], [ 6.605380555555556, 47.669491666666666 ], [ 6.575063888888889, 47.645702777777778 ], [ 6.539569444444444, 47.625394444444446 ], [ 6.499769444444444, 47.60906111111111 ], [ 6.456644444444445, 47.597102777777778 ], [ 6.435, 47.593055555555559 ], [ 6.284166666666667, 47.62972222222222 ], [ 6.253333333333333, 47.638611111111111 ], [ 6.252994444444444, 47.643811111111113 ], [ 6.251183333333334, 47.648894444444444 ], [ 6.248213888888889, 47.653725 ], [ 6.244161111111111, 47.658183333333334 ], [ 6.239122222222222, 47.662158333333331 ], [ 6.233225, 47.665555555555557 ], [ 6.226608333333333, 47.668288888888888 ], [ 6.219441666666667, 47.670288888888884 ], [ 6.2119, 47.671511111111109 ], [ 6.204166666666667, 47.671922222222221 ], [ 6.196430555555556, 47.671511111111109 ], [ 6.188888888888889, 47.670277777777777 ], [ 6.164172222222223, 47.68915 ], [ 6.143847222222223, 47.711394444444444 ], [ 6.128961111111111, 47.735511111111109 ], [ 6.119880555555556, 47.760905555555553 ], [ 6.1175, 47.785 ], [ 6.0775, 47.837777777777781 ], [ 6.081811111111111, 47.848633333333339 ], [ 6.099672222222222, 47.877652777777776 ], [ 6.124061111111111, 47.904447222222224 ], [ 6.154377777777778, 47.928355555555555 ], [ 6.189872222222222, 47.948783333333331 ], [ 6.229672222222223, 47.965222222222224 ], [ 6.258333333333334, 47.973888888888894 ] ] ] } },
{ "type": "Feature", "properties": { "fir": "LFEE", "identifier": "LFEE:OCHEY CTR:000-025", "name": "OCHEY CTR", "level_lower": 0, "level_upper": 25 }, "geometry": { "type": "Polygon", "coordinates": [ [ [ 5.907222222222223, 48.9575 ], [ 5.976111111111111, 48.9175 ], [ 6.195833333333334, 48.789444444444442 ], [ 6.131944444444444, 48.656944444444441 ], [ 6.138888888888889, 48.645833333333336 ], [ 6.090277777777778, 48.590277777777779 ], [ 6.154444444444445, 48.567222222222227 ], [ 5.972222222222222, 48.37777777777778 ], [ 5.861111111111111, 48.325 ], [ 5.661111111111111, 48.405555555555551 ], [ 5.541666666666667, 48.620833333333337 ], [ 5.907222222222223, 48.9575 ] ] ] } },
{ "type": "Feature", "properties": { "fir": "LFEE", "identifier": "LFEE:OCHEY CTR:000-012", "name": "OCHEY CTR", "level_lower": 0, "level_upper": 12 }, "geometry": { "type": "Polygon", "coordinates": [ [ [ 5.959497222222223, 48.59684444444445 ], [ 5.962861111111112, 48.595983333333336 ], [ 5.949675, 48.569988888888894 ], [ 5.9462, 48.570383333333339 ], [ 5.959497222222223, 48.59684444444445 ] ] ] } },
{ "type": "Feature", "properties": { "fir": "LFEE", "identifier": "LFEE:OCHEY GND-E:000-012", "name": "OCHEY GND-E", "level_lower": 0, "level_upper": 12 }, "geometry": { "type": "Polygon", "coordinates": [ [ [ 5.949675, 48.569988888888894 ], [ 5.962861111111112, 48.595983333333336 ], [ 5.975019444444444, 48.593791666666668 ], [ 5.963786111111111, 48.568013888888892 ], [ 5.949675, 48.569988888888894 ] ] ] } },
{ "type": "Feature", "properties": { "fir": "LFEE", "identifier": "LFEE:OCHEY GND-W:000-012", "name": "OCHEY GND-W", "level_lower": 0, "level_upper": 12 }, "geometry": { "type": "Polygon", "coordinates": [ [ [ 5.935836111111112, 48.573077777777783 ], [ 5.950597222222222, 48.598530555555556 ], [ 5.959497222222223, 48.59684444444445 ], [ 5.9462, 48.570383333333339 ], [ 5.935836111111112, 48.573077777777783 ] ] ] } },
{ "type": "Feature", "properties": { "fir": "LFEE", "identifier": "LFEE:PHALSBOURG CTR:000-030", "name": "PHALSBOURG CTR", "level_lower": 0, "level_upper": 30 }, "geometry": { "type": "Polygon", "coordinates": [ [ [ 7.2225, 48.916666666666664 ], [ 7.590833333333333, 48.916666666666664 ], [ 7.241666666666667, 48.62833333333333 ], [ 7.120555555555555, 48.696944444444441 ], [ 7.108111111111111, 48.704072222222223 ], [ 7.093947222222222, 48.71498888888889 ], [ 7.08255, 48.727233333333338 ], [ 7.074205555555555, 48.740505555555558 ], [ 7.069113888888888, 48.754475 ], [ 7.067402777777778, 48.768805555555552 ], [ 7.069113888888888, 48.783136111111112 ], [ 7.074205555555555, 48.797119444444441 ], [ 7.08255, 48.810408333333328 ], [ 7.093947222222222, 48.822677777777784 ], [ 7.100277777777777, 48.828055555555558 ], [ 7.2225, 48.916666666666664 ] ] ] } },
{ "type": "Feature", "properties": { "fir": "LFEE", "identifier": "LFEE:SAINT DIZIER CTR:000-055", "name": "SAINT DIZIER CTR", "level_lower": 0, "level_upper": 55 }, "geometry": { "type": "Polygon", "coordinates": [ [ [ 4.814166666666667, 48.823888888888895 ], [ 5.210277777777778, 48.717777777777776 ], [ 5.21965, 48.700097222222226 ], [ 5.23165, 48.667027777777776 ], [ 5.235683333333333, 48.633144444444447 ], [ 5.23165, 48.599286111111113 ], [ 5.21965, 48.566280555555551 ], [ 5.199975, 48.534944444444442 ], [ 5.173113888888889, 48.506038888888888 ], [ 5.139725, 48.480275 ], [ 5.100630555555555, 48.458280555555561 ], [ 5.056797222222222, 48.440594444444443 ], [ 5.035555555555556, 48.434166666666663 ], [ 4.634166666666666, 48.548611111111107 ], [ 4.620427777777778, 48.571491666666667 ], [ 4.60935, 48.601958333333336 ], [ 4.605627777777777, 48.633213888888889 ], [ 4.60935, 48.66448888888889 ], [ 4.620427777777778, 48.695013888888887 ], [ 4.638588888888888, 48.724030555555558 ], [ 4.663383333333334, 48.750827777777779 ], [ 4.694205555555556, 48.77473611111111 ], [ 4.730291666666667, 48.795166666666667 ], [ 4.770755555555556, 48.811608333333332 ], [ 4.814597222222222, 48.823655555555561 ], [ 4.814166666666667, 48.823888888888895 ] ] ] } },
{ "type": "Feature", "properties": { "fir": "LFEE", "identifier": "LFEE:STRASBOURG CTR:000-025", "name": "STRASBOURG CTR", "level_lower": 0, "level_upper": 25 }, "geometry": { "type": "Polygon", "coordinates": [ [ [ 7.377222222222222, 48.363888888888887 ], [ 7.365305555555556, 48.379416666666664 ], [ 7.351138888888888, 48.39308333333333 ], [ 7.338638888888888, 48.40763888888889 ], [ 7.327944444444444, 48.422916666666666 ], [ 7.319083333333333, 48.438833333333328 ], [ 7.312138888888889, 48.45525 ], [ 7.307166666666666, 48.472027777777782 ], [ 7.304222222222222, 48.489083333333333 ], [ 7.303333333333333, 48.50625 ], [ 7.304472222222222, 48.523416666666662 ], [ 7.307638888888889, 48.540444444444439 ], [ 7.312833333333333, 48.557194444444441 ], [ 7.319972222222222, 48.573555555555558 ], [ 7.329055555555556, 48.589416666666672 ], [ 7.339972222222222, 48.604611111111112 ], [ 7.352666666666666, 48.619055555555555 ], [ 7.367027777777778, 48.632638888888891 ], [ 7.382944444444444, 48.64525 ], [ 7.400305555555556, 48.656805555555557 ], [ 7.418972222222222, 48.667194444444441 ], [ 7.438777777777778, 48.676361111111106 ], [ 7.459638888888889, 48.684222222222218 ], [ 7.481333333333334, 48.69072222222222 ], [ 7.499444444444444, 48.69083333333333 ], [ 7.500833333333333, 48.705277777777781 ], [ 7.565277777777777, 48.755277777777778 ], [ 7.595833333333333, 48.7635 ], [ 7.626416666666668, 48.761 ], [ 7.656611111111111, 48.756555555555558 ], [ 7.686138888888889, 48.750166666666665 ], [ 7.714833333333334, 48.741944444444442 ], [ 7.742416666666667, 48.73191666666667 ], [ 7.768694444444445, 48.720166666666671 ], [ 7.793472222222222, 48.706777777777781 ], [ 7.816583333333333, 48.691833333333328 ], [ 7.837833333333333, 48.6755 ], [ 7.857055555555555, 48.65786111111111 ], [ 7.890111111111111, 48.662633333333332 ], [ 7.874722222222223, 48.655833333333334 ], [ 7.839936111111111, 48.64147222222222 ], [ 7.830463888888889, 48.620138888888889 ], [ 7.805194444444444, 48.593163888888888 ], [ 7.800397222222222, 48.577694444444447 ], [ 7.748888888888889, 48.5575 ], [ 7.6675, 48.354722222222222 ], [ 7.47, 48.361388888888889 ], [ 7.377222222222222, 48.363888888888887 ] ] ] } },
{ "type": "Feature", "properties": { "fir": "LFEE", "identifier": "LFEE:STRASBOURG CTR:000-009", "name": "STRASBOURG CTR", "level_lower": 0, "level_upper": 9 }, "geometry": { "type": "Polygon", "coordinates": [ [ [ 7.640080555555555, 48.549605555555551 ], [ 7.644013888888888, 48.548202777777774 ], [ 7.648002777777777, 48.546155555555551 ], [ 7.649225, 48.545347222222219 ], [ 7.648275, 48.542472222222223 ], [ 7.643363888888889, 48.541358333333335 ], [ 7.644963888888888, 48.538952777777773 ], [ 7.635927777777777, 48.53704722222222 ], [ 7.632427777777778, 48.53886111111111 ], [ 7.614058333333333, 48.528638888888885 ], [ 7.611669444444444, 48.530038888888889 ], [ 7.614905555555556, 48.531733333333335 ], [ 7.62428888888889, 48.537030555555553 ], [ 7.633269444444445, 48.54215 ], [ 7.632522222222223, 48.542616666666667 ], [ 7.639577777777777, 48.546702777777774 ], [ 7.638725, 48.547333333333334 ], [ 7.634708333333333, 48.545033333333329 ], [ 7.63345, 48.546066666666668 ], [ 7.640080555555555, 48.549605555555551 ] ] ] } },
{ "type": "Feature", "properties": { "fir": "LFEE", "identifier": "LFEE:STRASBOURG GND:000-006", "name": "STRASBOURG GND", "level_lower": 0, "level_upper": 6 }, "geometry": { "type": "Polygon", "coordinates": [ [ [ 7.610447222222222, 48.531891666666667 ], [ 7.606105555555555, 48.529591666666668 ], [ 7.602605555555555, 48.530166666666666 ], [ 7.602227777777777, 48.532772222222221 ], [ 7.608466666666667, 48.535952777777773 ], [ 7.631330555555556, 48.547808333333329 ], [ 7.63345, 48.546066666666668 ], [ 7.634708333333333, 48.545033333333329 ], [ 7.638725, 48.547333333333334 ], [ 7.639577777777777, 48.546702777777774 ], [ 7.632522222222223, 48.542616666666667 ], [ 7.633269444444445, 48.54215 ], [ 7.62428888888889, 48.537030555555553 ], [ 7.614905555555556, 48.531733333333335 ], [ 7.610447222222222, 48.531891666666667 ] ] ] } },
{ "type": "Feature", "properties": { "fir": "LFEE", "identifier": "LFEE:STRASBOURG RE1:000-075", "name": "STRASBOURG RE1", "level_lower": 0, "level_upper": 75 }, "geometry": { "type": "Polygon", "coordinates": [ [ [ 8.066666666666666, 49.0 ], [ 8.225, 49.083333333333336 ], [ 8.374166666666667, 49.076388888888893 ], [ 8.443333333333333, 48.997777777777777 ], [ 8.436111111111112, 48.916666666666664 ], [ 8.291666666666666, 48.967777777777776 ], [ 8.22861111111111, 48.970277777777781 ], [ 8.222683333333334, 48.97580555555556 ], [ 8.197552777777778, 48.967919444444448 ], [ 8.193855555555556, 48.9772 ], [ 8.170183333333332, 48.979058333333334 ], [ 8.169875, 48.976052777777781 ], [ 8.1605, 48.978575 ], [ 8.152158333333334, 48.977247222222225 ], [ 8.13623611111111, 48.979316666666669 ], [ 8.123788888888889, 48.986219444444444 ], [ 8.108002777777777, 48.986558333333335 ], [ 8.104566666666667, 48.989122222222221 ], [ 8.087622222222222, 48.990119444444446 ], [ 8.066666666666666, 49.0 ] ] ] } },
{ "type": "Feature", "properties": { "fir": "LFEE", "identifier": "LFEE:STRASBOURG RE2:000-095", "name": "STRASBOURG RE2", "level_lower": 0, "level_upper": 95 }, "geometry": { "type": "Polygon", "coordinates": [ [ [ 8.291666666666666, 48.967777777777776 ], [ 8.436111111111112, 48.916666666666664 ], [ 8.433333333333334, 48.8 ], [ 7.966666666666667, 48.1 ], [ 7.570002777777778, 48.082997222222225 ], [ 7.578986111111111, 48.100086111111111 ], [ 7.577044444444444, 48.1198 ], [ 7.5898, 48.128811111111112 ], [ 7.599288888888888, 48.136116666666666 ], [ 7.600541666666667, 48.143352777777778 ], [ 7.598986111111111, 48.153188888888884 ], [ 7.609438888888889, 48.165580555555557 ], [ 7.63045, 48.185361111111106 ], [ 7.644586111111111, 48.207677777777782 ], [ 7.664433333333334, 48.219222222222221 ], [ 7.674133333333334, 48.239877777777778 ], [ 7.689655555555555, 48.284180555555551 ], [ 7.689708333333334, 48.295025 ], [ 7.695863888888889, 48.304013888888889 ], [ 7.733261111111111, 48.317652777777781 ], [ 7.745561111111111, 48.333483333333334 ], [ 7.731208333333333, 48.380758333333333 ], [ 7.734958333333333, 48.402247222222222 ], [ 7.764913888888889, 48.455461111111113 ], [ 7.767088888888889, 48.486466666666665 ], [ 7.777441666666666, 48.495561111111115 ], [ 7.797411111111111, 48.503483333333335 ], [ 7.806702777777778, 48.523030555555557 ], [ 7.802991666666666, 48.536477777777776 ], [ 7.805786111111111, 48.55515 ], [ 7.800397222222222, 48.577694444444447 ], [ 7.805194444444444, 48.593163888888888 ], [ 7.830463888888889, 48.620138888888889 ], [ 7.839936111111111, 48.64147222222222 ], [ 7.874722222222223, 48.655833333333334 ], [ 7.890111111111111, 48.662633333333332 ], [ 7.9668, 48.724872222222224 ], [ 7.968102777777778, 48.752325 ], [ 7.974686111111112, 48.759416666666667 ], [ 7.988380555555556, 48.760827777777777 ], [ 8.007325, 48.758819444444441 ], [ 8.021547222222223, 48.766519444444441 ], [ 8.026161111111112, 48.782961111111113 ], [ 8.035355555555556, 48.789783333333332 ], [ 8.0515, 48.789869444444442 ], [ 8.0652, 48.789661111111108 ], [ 8.086366666666667, 48.801433333333328 ], [ 8.104569444444444, 48.820583333333339 ], [ 8.117919444444444, 48.858258333333332 ], [ 8.143716666666666, 48.898583333333335 ], [ 8.174933333333334, 48.929933333333331 ], [ 8.194802777777777, 48.955158333333337 ], [ 8.233625, 48.966736111111111 ], [ 8.22861111111111, 48.970277777777781 ], [ 8.291666666666666, 48.967777777777776 ] ] ] } },
{ "type": "Feature", "properties": { "fir": "LFEE", "identifier": "LFEE:STRASBOURG RE3:000-115", "name": "STRASBOURG RE3", "level_lower": 0, "level_upper": 115 }, "geometry": { "type": "Polygon", "coordinates": [ [ [ 8.066666666666666, 49.0 ], [ 8.087622222222222, 48.990119444444446 ], [ 8.104566666666667, 48.989122222222221 ], [ 8.108002777777777, 48.986558333333335 ], [ 8.123788888888889, 48.986219444444444 ], [ 8.13623611111111, 48.979316666666669 ], [ 8.152158333333334, 48.977247222222225 ], [ 8.1605, 48.978575 ], [ 8.169875, 48.976052777777781 ], [ 8.170183333333332, 48.979058333333334 ], [ 8.193855555555556, 48.9772 ], [ 8.197552777777778, 48.967919444444448 ], [ 8.222683333333334, 48.97580555555556 ], [ 8.22861111111111, 48.970277777777781 ], [ 8.233625, 48.966736111111111 ], [ 8.194802777777777, 48.955158333333337 ], [ 8.174933333333334, 48.929933333333331 ], [ 8.143716666666666, 48.898583333333335 ], [ 8.117919444444444, 48.858258333333332 ], [ 8.104569444444444, 48.820583333333339 ], [ 8.086366666666667, 48.801433333333328 ], [ 8.0652, 48.789661111111108 ], [ 8.0515, 48.789869444444442 ], [ 8.035355555555556, 48.789783333333332 ], [ 8.026161111111112, 48.782961111111113 ], [ 8.021547222222223, 48.766519444444441 ], [ 8.007325, 48.758819444444441 ], [ 7.988380555555556, 48.760827777777777 ], [ 7.974686111111112, 48.759416666666667 ], [ 7.968102777777778, 48.752325 ], [ 7.9668, 48.724872222222224 ], [ 7.890111111111111, 48.662633333333332 ], [ 7.874722222222223, 48.655833333333334 ], [ 7.941666666666667, 48.725555555555559 ], [ 8.066666666666666, 49.0 ] ] ] } },
{ "type": "Feature", "properties": { "fir": "LFEE", "identifier": "LFEE:STRASBOURG RW1:075-115", "name": "STRASBOURG RW1", "level_lower": 75, "level_upper": 115 }, "geometry": { "type": "Polygon", "coordinates": [ [ [ 7.068888888888889, 48.899444444444441 ], [ 7.100277777777777, 48.991666666666667 ], [ 7.158558333333334, 49.120566666666669 ], [ 7.293663888888889, 49.115069444444444 ], [ 7.361783333333333, 49.143186111111113 ], [ 7.365475, 49.171422222222219 ], [ 7.4446, 49.182805555555554 ], [ 7.493333333333333, 49.166666666666664 ], [ 7.506708333333333, 49.154402777777776 ], [ 7.489169444444444, 49.139075 ], [ 7.528613888888889, 49.101497222222221 ], [ 7.629922222222222, 49.074066666666667 ], [ 7.631205555555556, 49.054566666666666 ], [ 7.732283333333333, 49.044080555555553 ], [ 7.793380555555555, 49.065005555555551 ], [ 7.835277777777778, 49.047222222222217 ], [ 7.867263888888889, 49.033497222222223 ], [ 7.912541666666667, 49.041238888888884 ], [ 7.931636111111112, 49.0578 ], [ 7.945977777777778, 49.055458333333327 ], [ 7.974891666666667, 49.026494444444445 ], [ 7.994291666666666, 49.028744444444442 ], [ 8.011469444444444, 49.0246 ], [ 8.014202777777777, 49.020869444444443 ], [ 8.019047222222223, 49.021 ], [ 8.021797222222222, 49.018236111111108 ], [ 8.049641666666666, 49.014286111111112 ], [ 8.066666666666666, 49.0 ], [ 7.941666666666667, 48.725555555555559 ], [ 7.874722222222223, 48.655833333333334 ], [ 7.839936111111111, 48.64147222222222 ], [ 7.830463888888889, 48.620138888888889 ], [ 7.805194444444444, 48.593163888888888 ], [ 7.800397222222222, 48.577694444444447 ], [ 7.805786111111111, 48.55515 ], [ 7.802991666666666, 48.536477777777776 ], [ 7.806702777777778, 48.523030555555557 ], [ 7.797411111111111, 48.503483333333335 ], [ 7.777441666666666, 48.495561111111115 ], [ 7.767088888888889, 48.486466666666665 ], [ 7.764913888888889, 48.455461111111113 ], [ 7.734958333333333, 48.402247222222222 ], [ 7.731208333333333, 48.380758333333333 ], [ 7.745561111111111, 48.333483333333334 ], [ 7.69, 48.353888888888889 ], [ 7.6675, 48.354722222222222 ], [ 7.47, 48.361388888888889 ], [ 7.423611111111112, 48.293888888888887 ], [ 7.412163888888889, 48.297405555555557 ], [ 7.365077777777778, 48.31645 ], [ 7.323083333333333, 48.340127777777781 ], [ 7.289722222222222, 48.367222222222225 ], [ 7.250277777777778, 48.368333333333332 ], [ 7.091944444444444, 48.235833333333332 ], [ 6.850555555555555, 48.034166666666664 ], [ 6.687777777777778, 48.034166666666664 ], [ 6.816944444444444, 48.250555555555557 ], [ 6.832222222222222, 48.714444444444446 ], [ 6.905833333333334, 48.771944444444443 ], [ 7.068888888888889, 48.899444444444441 ] ] ] } },
{ "type": "Feature", "properties": { "fir": "LFEE", "identifier": "LFEE:STRASBOURG RW1:025-075", "name": "STRASBOURG RW1", "level_lower": 25, "level_upper": 75 }, "geometry": { "type": "Polygon", "coordinates": [ [ [ 7.100277777777777, 48.991666666666667 ], [ 7.246666666666667, 48.935 ], [ 7.384722222222223, 49.040277777777774 ], [ 7.493333333333333, 49.166666666666664 ], [ 7.506708333333333, 49.154402777777776 ], [ 7.489169444444444, 49.139075 ], [ 7.528613888888889, 49.101497222222221 ], [ 7.629922222222222, 49.074066666666667 ], [ 7.631205555555556, 49.054566666666666 ], [ 7.732283333333333, 49.044080555555553 ], [ 7.793380555555555, 49.065005555555551 ], [ 7.835277777777778, 49.047222222222217 ], [ 7.867263888888889, 49.033497222222223 ], [ 7.912541666666667, 49.041238888888884 ], [ 7.931636111111112, 49.0578 ], [ 7.945977777777778, 49.055458333333327 ], [ 7.974891666666667, 49.026494444444445 ], [ 7.994291666666666, 49.028744444444442 ], [ 8.011469444444444, 49.0246 ], [ 8.014202777777777, 49.020869444444443 ], [ 8.019047222222223, 49.021 ], [ 8.021797222222222, 49.018236111111108 ], [ 8.049641666666666, 49.014286111111112 ], [ 8.066666666666666, 49.0 ], [ 7.941666666666667, 48.725555555555559 ], [ 7.874722222222223, 48.655833333333334 ], [ 7.839936111111111, 48.64147222222222 ], [ 7.830463888888889, 48.620138888888889 ], [ 7.805194444444444, 48.593163888888888 ], [ 7.800397222222222, 48.577694444444447 ], [ 7.805786111111111, 48.55515 ], [ 7.802991666666666, 48.536477777777776 ], [ 7.806702777777778, 48.523030555555557 ], [ 7.797411111111111, 48.503483333333335 ], [ 7.777441666666666, 48.495561111111115 ], [ 7.767088888888889, 48.486466666666665 ], [ 7.764913888888889, 48.455461111111113 ], [ 7.734958333333333, 48.402247222222222 ], [ 7.731208333333333, 48.380758333333333 ], [ 7.745561111111111, 48.333483333333334 ], [ 7.69, 48.353888888888889 ], [ 7.6675, 48.354722222222222 ], [ 7.47, 48.361388888888889 ], [ 7.423611111111112, 48.293888888888887 ], [ 7.412163888888889, 48.297405555555557 ], [ 7.365077777777778, 48.31645 ], [ 7.323083333333333, 48.340127777777781 ], [ 7.289722222222222, 48.367222222222225 ], [ 7.250277777777778, 48.368333333333332 ], [ 7.091944444444444, 48.235833333333332 ], [ 6.850555555555555, 48.034166666666664 ], [ 6.687777777777778, 48.034166666666664 ], [ 6.816944444444444, 48.250555555555557 ], [ 6.832222222222222, 48.714444444444446 ], [ 6.905833333333334, 48.771944444444443 ], [ 7.068888888888889, 48.899444444444441 ], [ 7.100277777777777, 48.991666666666667 ] ] ] } },
{ "type": "Feature", "properties": { "fir": "LFEE", "identifier": "LFEE:STRASBOURG RW1-E:000-025", "name": "STRASBOURG RW1-E", "level_lower": 0, "level_upper": 25 }, "geometry": { "type": "Polygon", "coordinates": [ [ [ 7.748888888888889, 48.5575 ], [ 7.800397222222222, 48.577694444444447 ], [ 7.805786111111111, 48.55515 ], [ 7.802991666666666, 48.536477777777776 ], [ 7.806702777777778, 48.523030555555557 ], [ 7.797411111111111, 48.503483333333335 ], [ 7.777441666666666, 48.495561111111115 ], [ 7.767088888888889, 48.486466666666665 ], [ 7.764913888888889, 48.455461111111113 ], [ 7.734958333333333, 48.402247222222222 ], [ 7.731208333333333, 48.380758333333333 ], [ 7.745561111111111, 48.333483333333334 ], [ 7.69, 48.353888888888889 ], [ 7.6675, 48.354722222222222 ], [ 7.748888888888889, 48.5575 ] ] ] } },
{ "type": "Feature", "properties": { "fir": "LFEE", "identifier": "LFEE:STRASBOURG RW1-W:000-025", "name": "STRASBOURG RW1-W", "level_lower": 0, "level_upper": 25 }, "geometry": { "type": "Polygon", "coordinates": [ [ [ 7.423611111111112, 48.293888888888887 ], [ 7.412163888888889, 48.297405555555557 ], [ 7.365077777777778, 48.31645 ], [ 7.323083333333333, 48.340127777777781 ], [ 7.289722222222222, 48.367222222222225 ], [ 7.250277777777778, 48.368333333333332 ], [ 7.091944444444444, 48.235833333333332 ], [ 6.850555555555555, 48.034166666666664 ], [ 6.687777777777778, 48.034166666666664 ], [ 6.816944444444444, 48.250555555555557 ], [ 6.832222222222222, 48.714444444444446 ], [ 6.905833333333334, 48.771944444444443 ], [ 7.068888888888889, 48.899444444444441 ], [ 7.100277777777777, 48.991666666666667 ], [ 7.246666666666667, 48.935 ], [ 7.384722222222223, 49.040277777777774 ], [ 7.493333333333333, 49.166666666666664 ], [ 7.506708333333333, 49.154402777777776 ], [ 7.489169444444444, 49.139075 ], [ 7.528613888888889, 49.101497222222221 ], [ 7.629922222222222, 49.074066666666667 ], [ 7.631205555555556, 49.054566666666666 ], [ 7.732283333333333, 49.044080555555553 ], [ 7.793380555555555, 49.065005555555551 ], [ 7.835277777777778, 49.047222222222217 ], [ 7.867263888888889, 49.033497222222223 ], [ 7.912541666666667, 49.041238888888884 ], [ 7.931636111111112, 49.0578 ], [ 7.945977777777778, 49.055458333333327 ], [ 7.974891666666667, 49.026494444444445 ], [ 7.994291666666666, 49.028744444444442 ], [ 8.011469444444444, 49.0246 ], [ 8.014202777777777, 49.020869444444443 ], [ 8.019047222222223, 49.021 ], [ 8.021797222222222, 49.018236111111108 ], [ 8.049641666666666, 49.014286111111112 ], [ 8.066666666666666, 49.0 ], [ 7.941666666666667, 48.725555555555559 ], [ 7.874722222222223, 48.655833333333334 ], [ 7.857055555555555, 48.65786111111111 ], [ 7.837833333333333, 48.6755 ], [ 7.816583333333333, 48.691833333333328 ], [ 7.793472222222222, 48.706777777777781 ], [ 7.768694444444445, 48.720166666666671 ], [ 7.742416666666667, 48.73191666666667 ], [ 7.714833333333334, 48.741944444444442 ], [ 7.686138888888889, 48.750166666666665 ], [ 7.656611111111111, 48.756555555555558 ], [ 7.626416666666668, 48.761 ], [ 7.595833333333333, 48.7635 ], [ 7.565277777777777, 48.755277777777778 ], [ 7.500833333333333, 48.705277777777781 ], [ 7.499444444444444, 48.69083333333333 ], [ 7.481333333333334, 48.69072222222222 ], [ 7.459638888888889, 48.684222222222218 ], [ 7.438777777777778, 48.676361111111106 ], [ 7.418972222222222, 48.667194444444441 ], [ 7.400305555555556, 48.656805555555557 ], [ 7.382944444444444, 48.64525 ], [ 7.367027777777778, 48.632638888888891 ], [ 7.352666666666666, 48.619055555555555 ], [ 7.339972222222222, 48.604611111111112 ], [ 7.329055555555556, 48.589416666666672 ], [ 7.319972222222222, 48.573555555555558 ], [ 7.312833333333333, 48.557194444444441 ], [ 7.307638888888889, 48.540444444444439 ], [ 7.304472222222222, 48.523416666666662 ], [ 7.303333333333333, 48.50625 ], [ 7.304222222222222, 48.489083333333333 ], [ 7.307166666666666, 48.472027777777782 ], [ 7.312138888888889, 48.45525 ], [ 7.319083333333333, 48.438833333333328 ], [ 7.327944444444444, 48.422916666666666 ], [ 7.338638888888888, 48.40763888888889 ], [ 7.351138888888888, 48.39308333333333 ], [ 7.365305555555556, 48.379416666666664 ], [ 7.377222222222222, 48.363888888888887 ], [ 7.47, 48.361388888888889 ], [ 7.423611111111112, 48.293888888888887 ] ] ] } },
{ "type": "Feature", "properties": { "fir": "LFEE", "identifier": "LFEE:STRASBOURG RW2:050-115", "name": "STRASBOURG RW2", "level_lower": 50, "level_upper": 115 }, "geometry": { "type": "Polygon", "coordinates": [ [ [ 7.399722222222223, 48.220555555555556 ], [ 7.372222222222222, 48.220830555555558 ], [ 7.231111111111111, 48.228333333333332 ], [ 7.091944444444444, 48.235833333333332 ], [ 7.250277777777778, 48.368333333333332 ], [ 7.289722222222222, 48.367222222222225 ], [ 7.323083333333333, 48.340127777777781 ], [ 7.365077777777778, 48.31645 ], [ 7.412163888888889, 48.297405555555557 ], [ 7.423611111111112, 48.293888888888887 ], [ 7.47, 48.361388888888889 ], [ 7.6675, 48.354722222222222 ], [ 7.69, 48.353888888888889 ], [ 7.745561111111111, 48.333483333333334 ], [ 7.733261111111111, 48.317652777777781 ], [ 7.695863888888889, 48.304013888888889 ], [ 7.689708333333334, 48.295025 ], [ 7.689655555555555, 48.284180555555551 ], [ 7.674133333333334, 48.239877777777778 ], [ 7.664433333333334, 48.219222222222221 ], [ 7.399722222222223, 48.220555555555556 ] ] ] } },
{ "type": "Feature", "properties": { "fir": "LFEE", "identifier": "LFEE:STRASBOURG SC-E:000-030", "name": "STRASBOURG SC-E", "level_lower": 0, "level_upper": 30 }, "geometry": { "type": "Polygon", "coordinates": [ [ [ 5.398611111111111, 48.50416666666667 ], [ 6.054444444444444, 48.87166666666667 ], [ 6.258888888888889, 48.753055555555555 ], [ 6.328333333333333, 48.74666666666667 ], [ 6.460833333333333, 48.883333333333333 ], [ 6.501666666666667, 48.925555555555555 ], [ 6.463333333333334, 49.083333333333336 ], [ 6.746111111111111, 49.166111111111107 ], [ 6.781380555555556, 49.168322222222223 ], [ 6.834722222222222, 49.151388888888889 ], [ 6.993055555555555, 49.033888888888889 ], [ 7.100277777777777, 48.991666666666667 ], [ 7.068888888888889, 48.899444444444441 ], [ 6.905833333333334, 48.771944444444443 ], [ 6.832222222222222, 48.714444444444446 ], [ 6.816944444444444, 48.250555555555557 ], [ 6.687777777777778, 48.034166666666664 ], [ 6.6129, 48.034080555555555 ], [ 6.548477777777777, 48.021041666666669 ], [ 6.321388888888889, 47.974166666666669 ], [ 5.779444444444445, 48.080830555555558 ], [ 5.336941666666666, 48.309444444444445 ], [ 5.398611111111111, 48.370555555555555 ], [ 5.398611111111111, 48.50416666666667 ] ] ] } },
{ "type": "Feature", "properties": { "fir": "LFEE", "identifier": "LFEE:STRASBOURG SC-W:000-030", "name": "STRASBOURG SC-W", "level_lower": 0, "level_upper": 30 }, "geometry": { "type": "Polygon", "coordinates": [ [ [ 4.8, 48.95 ], [ 5.549722222222222, 49.263055555555553 ], [ 5.833333333333333, 49.380833333333335 ], [ 5.886941666666666, 49.403055555555554 ], [ 5.997777777777777, 49.449166666666663 ], [ 6.045833333333333, 49.446388888888883 ], [ 6.481666666666666, 49.454722222222223 ], [ 6.482452777777778, 49.454730555555557 ], [ 6.487777777777778, 49.451666666666668 ], [ 6.503611111111111, 49.449166666666663 ], [ 6.523333333333333, 49.436388888888885 ], [ 6.541111111111111, 49.434444444444438 ], [ 6.545555555555556, 49.428333333333327 ], [ 6.556861111111111, 49.419286111111106 ], [ 6.548611111111111, 49.4175 ], [ 6.537311111111111, 49.411558333333332 ], [ 6.540627777777778, 49.401605555555555 ], [ 6.5525, 49.399444444444441 ], [ 6.558888888888888, 49.392777777777781 ], [ 6.580291666666667, 49.385408333333331 ], [ 6.582822222222222, 49.368638888888889 ], [ 6.601866666666666, 49.36709722222222 ], [ 6.587730555555555, 49.349886111111111 ], [ 6.573980555555555, 49.358744444444447 ], [ 6.564275, 49.350922222222223 ], [ 6.594266666666666, 49.330891666666673 ], [ 6.588783333333333, 49.322122222222227 ], [ 6.636330555555555, 49.29613333333333 ], [ 6.653155555555556, 49.281097222222222 ], [ 6.670491666666667, 49.280277777777776 ], [ 6.662261111111111, 49.256663888888887 ], [ 6.675666666666667, 49.257452777777779 ], [ 6.694333333333334, 49.216386111111113 ], [ 6.711111111111111, 49.218055555555559 ], [ 6.723055555555556, 49.200277777777778 ], [ 6.746111111111111, 49.166111111111107 ], [ 6.463333333333334, 49.083333333333336 ], [ 6.313611111111111, 49.083333333333336 ], [ 6.18, 48.974444444444444 ], [ 6.054444444444444, 48.87166666666667 ], [ 5.398611111111111, 48.50416666666667 ], [ 4.8, 48.95 ] ] ] } },
{ "type": "Feature", "properties": { "fir": "LFEE", "identifier": "LFEE:STRASBOURG SC1:030-115", "name": "STRASBOURG SC1", "level_lower": 30, "level_upper": 115 }, "geometry": { "type": "Polygon", "coordinates": [ [ [ 5.549722222222222, 49.263055555555553 ], [ 5.833333333333333, 49.380833333333335 ], [ 5.886941666666666, 49.403055555555554 ], [ 6.0, 49.3 ], [ 6.460833333333333, 48.883333333333333 ], [ 6.660277777777778, 48.798333333333332 ], [ 6.701388888888889, 48.82 ], [ 6.703130555555556, 48.81986666666667 ], [ 6.704922222222223, 48.819811111111115 ], [ 6.706716666666667, 48.819761111111113 ], [ 6.708511111111111, 48.819722222222225 ], [ 6.710302777777778, 48.819691666666671 ], [ 6.712097222222223, 48.81966944444445 ], [ 6.713891666666667, 48.819652777777783 ], [ 6.715686111111111, 48.819647222222223 ], [ 6.717480555555555, 48.81965 ], [ 6.719275, 48.819661111111117 ], [ 6.721069444444445, 48.819680555555557 ], [ 6.722863888888889, 48.819705555555558 ], [ 6.724655555555556, 48.819741666666673 ], [ 6.72645, 48.819786111111114 ], [ 6.728241666666666, 48.819838888888896 ], [ 6.730036111111112, 48.8199 ], [ 6.731825, 48.819966666666673 ], [ 6.733616666666666, 48.820044444444449 ], [ 6.735405555555555, 48.820130555555558 ], [ 6.737194444444444, 48.820225 ], [ 6.738983333333334, 48.820327777777784 ], [ 6.740769444444444, 48.820436111111114 ], [ 6.742555555555556, 48.820555555555558 ], [ 6.744338888888889, 48.820683333333335 ], [ 6.746122222222223, 48.820819444444446 ], [ 6.747902777777778, 48.820961111111117 ], [ 6.749680555555556, 48.821113888888895 ], [ 6.751461111111111, 48.821275 ], [ 6.753236111111111, 48.821444444444445 ], [ 6.755011111111111, 48.821619444444451 ], [ 6.756783333333333, 48.821805555555557 ], [ 6.758552777777778, 48.822 ], [ 6.760322222222222, 48.8222 ], [ 6.762088888888889, 48.822408333333335 ], [ 6.76385, 48.822627777777782 ], [ 6.765613888888889, 48.822852777777783 ], [ 6.767372222222222, 48.82308888888889 ], [ 6.769127777777777, 48.823330555555557 ], [ 6.770880555555555, 48.823580555555559 ], [ 6.772633333333333, 48.823838888888893 ], [ 6.774380555555555, 48.824105555555562 ], [ 6.776125, 48.824380555555557 ], [ 6.777869444444445, 48.824666666666673 ], [ 6.779608333333333, 48.824955555555562 ], [ 6.781344444444445, 48.825255555555557 ], [ 6.783077777777778, 48.825561111111114 ], [ 6.784805555555556, 48.825877777777784 ], [ 6.786530555555555, 48.8262 ], [ 6.788255555555556, 48.826533333333337 ], [ 6.789975, 48.826872222222228 ], [ 6.791688888888888, 48.827219444444445 ], [ 6.7934, 48.827575 ], [ 6.795108333333333, 48.827938888888895 ], [ 6.796811111111111, 48.828311111111113 ], [ 6.798511111111111, 48.828688888888891 ], [ 6.800208333333333, 48.829075 ], [ 6.8019, 48.829472222222229 ], [ 6.905833333333334, 48.771944444444443 ], [ 6.832222222222222, 48.714444444444446 ], [ 6.816944444444444, 48.250555555555557 ], [ 6.687777777777778, 48.034166666666664 ], [ 6.6129, 48.034080555555555 ], [ 6.548477777777777, 48.021041666666669 ], [ 6.321388888888889, 47.974166666666669 ], [ 5.779444444444445, 48.080830555555558 ], [ 5.336941666666666, 48.309444444444445 ], [ 5.398611111111111, 48.370555555555555 ], [ 5.398611111111111, 48.50416666666667 ], [ 4.8, 48.95 ], [ 5.549722222222222, 49.263055555555553 ] ] ] } },
{ "type": "Feature", "properties": { "fir": "LFEE", "identifier": "LFEE:STRASBOURG SC2:030-075", "name": "STRASBOURG SC2", "level_lower": 30, "level_upper": 75 }, "geometry": { "type": "Polygon", "coordinates": [ [ [ 5.997777777777777, 49.449166666666663 ], [ 6.045833333333333, 49.446388888888883 ], [ 6.481666666666666, 49.454722222222223 ], [ 6.482452777777778, 49.454730555555557 ], [ 6.487777777777778, 49.451666666666668 ], [ 6.503611111111111, 49.449166666666663 ], [ 6.523333333333333, 49.436388888888885 ], [ 6.541111111111111, 49.434444444444438 ], [ 6.545555555555556, 49.428333333333327 ], [ 6.556861111111111, 49.419286111111106 ], [ 6.548611111111111, 49.4175 ], [ 6.537311111111111, 49.411558333333332 ], [ 6.540627777777778, 49.401605555555555 ], [ 6.5525, 49.399444444444441 ], [ 6.558888888888888, 49.392777777777781 ], [ 6.580291666666667, 49.385408333333331 ], [ 6.582822222222222, 49.368638888888889 ], [ 6.601866666666666, 49.36709722222222 ], [ 6.587730555555555, 49.349886111111111 ], [ 6.573980555555555, 49.358744444444447 ], [ 6.564275, 49.350922222222223 ], [ 6.594266666666666, 49.330891666666673 ], [ 6.588783333333333, 49.322122222222227 ], [ 6.636330555555555, 49.29613333333333 ], [ 6.653155555555556, 49.281097222222222 ], [ 6.670491666666667, 49.280277777777776 ], [ 6.662261111111111, 49.256663888888887 ], [ 6.675666666666667, 49.257452777777779 ], [ 6.694333333333334, 49.216386111111113 ], [ 6.711111111111111, 49.218055555555559 ], [ 6.723055555555556, 49.200277777777778 ], [ 6.746111111111111, 49.166111111111107 ], [ 6.781380555555556, 49.168322222222223 ], [ 6.834722222222222, 49.151388888888889 ], [ 6.993055555555555, 49.033888888888889 ], [ 7.100277777777777, 48.991666666666667 ], [ 7.068888888888889, 48.899444444444441 ], [ 6.905833333333334, 48.771944444444443 ], [ 6.8019, 48.829472222222229 ], [ 6.800208333333333, 48.829075 ], [ 6.798511111111111, 48.828688888888891 ], [ 6.796811111111111, 48.828311111111113 ], [ 6.795108333333333, 48.827938888888895 ], [ 6.7934, 48.827575 ], [ 6.791688888888888, 48.827219444444445 ], [ 6.789975, 48.826872222222228 ], [ 6.788255555555556, 48.826533333333337 ], [ 6.786530555555555, 48.8262 ], [ 6.784805555555556, 48.825877777777784 ], [ 6.783077777777778, 48.825561111111114 ], [ 6.781344444444445, 48.825255555555557 ], [ 6.779608333333333, 48.824955555555562 ], [ 6.777869444444445, 48.824666666666673 ], [ 6.776125, 48.824380555555557 ], [ 6.774380555555555, 48.824105555555562 ], [ 6.772633333333333, 48.823838888888893 ], [ 6.770880555555555, 48.823580555555559 ], [ 6.769127777777777, 48.823330555555557 ], [ 6.767372222222222, 48.82308888888889 ], [ 6.765613888888889, 48.822852777777783 ], [ 6.76385, 48.822627777777782 ], [ 6.762088888888889, 48.822408333333335 ], [ 6.760322222222222, 48.8222 ], [ 6.758552777777778, 48.822 ], [ 6.756783333333333, 48.821805555555557 ], [ 6.755011111111111, 48.821619444444451 ], [ 6.753236111111111, 48.821444444444445 ], [ 6.751461111111111, 48.821275 ], [ 6.749680555555556, 48.821113888888895 ], [ 6.747902777777778, 48.820961111111117 ], [ 6.746122222222223, 48.820819444444446 ], [ 6.744338888888889, 48.820683333333335 ], [ 6.742555555555556, 48.820555555555558 ], [ 6.740769444444444, 48.820436111111114 ], [ 6.738983333333334, 48.820327777777784 ], [ 6.737194444444444, 48.820225 ], [ 6.735405555555555, 48.820130555555558 ], [ 6.733616666666666, 48.820044444444449 ], [ 6.731825, 48.819966666666673 ], [ 6.730036111111112, 48.8199 ], [ 6.728241666666666, 48.819838888888896 ], [ 6.72645, 48.819786111111114 ], [ 6.724655555555556, 48.819741666666673 ], [ 6.722863888888889, 48.819705555555558 ], [ 6.721069444444445, 48.819680555555557 ], [ 6.719275, 48.819661111111117 ], [ 6.717480555555555, 48.81965 ], [ 6.715686111111111, 48.819647222222223 ], [ 6.713891666666667, 48.819652777777783 ], [ 6.712097222222223, 48.81966944444445 ], [ 6.710302777777778, 48.819691666666671 ], [ 6.708511111111111, 48.819722222222225 ], [ 6.706716666666667, 48.819761111111113 ], [ 6.704922222222223, 48.819811111111115 ], [ 6.703130555555556, 48.81986666666667 ], [ 6.701388888888889, 48.82 ], [ 6.660277777777778, 48.798333333333332 ], [ 6.460833333333333, 48.883333333333333 ], [ 6.0, 49.3 ], [ 5.886941666666666, 49.403055555555554 ], [ 5.997777777777777, 49.449166666666663 ] ] ] } },
{ "type": "Feature", "properties": { "fir": "LFEE", "identifier": "LFEE:STRASBOURG SC4:055-115", "name": "STRASBOURG SC4", "level_lower": 55, "level_upper": 115 }, "geometry": { "type": "Polygon", "coordinates": [ [ [ 5.549722222222222, 49.263055555555553 ], [ 5.138333333333334, 49.306388888888883 ], [ 5.818611111111111, 49.4525 ], [ 5.833333333333333, 49.452222222222225 ], [ 5.997777777777777, 49.449166666666663 ], [ 5.886941666666666, 49.403055555555554 ], [ 5.833333333333333, 49.380833333333335 ], [ 5.549722222222222, 49.263055555555553 ] ] ] } },
{ "type": "Feature", "properties": { "fir": "LFEE", "identifier": "LFEE:STRASBOURG SU1:115-195", "name": "STRASBOURG SU1", "level_lower": 115, "level_upper": 195 }, "geometry": { "type": "Polygon", "coordinates": [ [ [ 4.8, 48.95 ], [ 5.549722222222222, 49.263055555555553 ], [ 5.634166666666666, 49.3 ], [ 5.886941666666666, 49.403055555555554 ], [ 6.0, 49.3 ], [ 6.460833333333333, 48.883333333333333 ], [ 6.660277777777778, 48.798333333333332 ], [ 6.701388888888889, 48.82 ], [ 6.703130555555556, 48.81986666666667 ], [ 6.704922222222223, 48.819811111111115 ], [ 6.706716666666667, 48.819761111111113 ], [ 6.708511111111111, 48.819722222222225 ], [ 6.710302777777778, 48.819691666666671 ], [ 6.712097222222223, 48.81966944444445 ], [ 6.713891666666667, 48.819652777777783 ], [ 6.715686111111111, 48.819647222222223 ], [ 6.717480555555555, 48.81965 ], [ 6.719275, 48.819661111111117 ], [ 6.721069444444445, 48.819680555555557 ], [ 6.722863888888889, 48.819705555555558 ], [ 6.724655555555556, 48.819741666666673 ], [ 6.72645, 48.819786111111114 ], [ 6.728241666666666, 48.819838888888896 ], [ 6.730036111111112, 48.8199 ], [ 6.731825, 48.819966666666673 ], [ 6.733616666666666, 48.820044444444449 ], [ 6.735405555555555, 48.820130555555558 ], [ 6.737194444444444, 48.820225 ], [ 6.738983333333334, 48.820327777777784 ], [ 6.740769444444444, 48.820436111111114 ], [ 6.742555555555556, 48.820555555555558 ], [ 6.744338888888889, 48.820683333333335 ], [ 6.746122222222223, 48.820819444444446 ], [ 6.747902777777778, 48.820961111111117 ], [ 6.749680555555556, 48.821113888888895 ], [ 6.751461111111111, 48.821275 ], [ 6.753236111111111, 48.821444444444445 ], [ 6.755011111111111, 48.821619444444451 ], [ 6.756783333333333, 48.821805555555557 ], [ 6.758552777777778, 48.822 ], [ 6.760322222222222, 48.8222 ], [ 6.762088888888889, 48.822408333333335 ], [ 6.76385, 48.822627777777782 ], [ 6.765613888888889, 48.822852777777783 ], [ 6.767372222222222, 48.82308888888889 ], [ 6.769127777777777, 48.823330555555557 ], [ 6.770880555555555, 48.823580555555559 ], [ 6.772633333333333, 48.823838888888893 ], [ 6.774380555555555, 48.824105555555562 ], [ 6.776125, 48.824380555555557 ], [ 6.777869444444445, 48.824666666666673 ], [ 6.779608333333333, 48.824955555555562 ], [ 6.781344444444445, 48.825255555555557 ], [ 6.783077777777778, 48.825561111111114 ], [ 6.784805555555556, 48.825877777777784 ], [ 6.786530555555555, 48.8262 ], [ 6.788255555555556, 48.826533333333337 ], [ 6.789975, 48.826872222222228 ], [ 6.791688888888888, 48.827219444444445 ], [ 6.7934, 48.827575 ], [ 6.795108333333333, 48.827938888888895 ], [ 6.796811111111111, 48.828311111111113 ], [ 6.798511111111111, 48.828688888888891 ], [ 6.800208333333333, 48.829075 ], [ 6.8019, 48.829472222222229 ], [ 6.905833333333334, 48.771944444444443 ], [ 7.068888888888889, 48.899444444444441 ], [ 7.100277777777777, 48.991666666666667 ], [ 7.158558333333334, 49.120566666666669 ], [ 7.293663888888889, 49.115069444444444 ], [ 7.361783333333333, 49.143186111111113 ], [ 7.365475, 49.171422222222219 ], [ 7.4446, 49.182805555555554 ], [ 7.493333333333333, 49.166666666666664 ], [ 7.506708333333333, 49.154402777777776 ], [ 7.489169444444444, 49.139075 ], [ 7.528613888888889, 49.101497222222221 ], [ 7.629922222222222, 49.074066666666667 ], [ 7.631205555555556, 49.054566666666666 ], [ 7.732283333333333, 49.044080555555553 ], [ 7.793380555555555, 49.065005555555551 ], [ 7.835277777777778, 49.047222222222217 ], [ 7.867263888888889, 49.033497222222223 ], [ 7.912541666666667, 49.041238888888884 ], [ 7.931636111111112, 49.0578 ], [ 7.945977777777778, 49.055458333333327 ], [ 7.974891666666667, 49.026494444444445 ], [ 7.994291666666666, 49.028744444444442 ], [ 8.011469444444444, 49.0246 ], [ 8.014202777777777, 49.020869444444443 ], [ 8.019047222222223, 49.021 ], [ 8.021797222222222, 49.018236111111108 ], [ 8.049641666666666, 49.014286111111112 ], [ 8.066666666666666, 49.0 ], [ 8.087622222222222, 48.990119444444446 ], [ 8.104566666666667, 48.989122222222221 ], [ 8.108002777777777, 48.986558333333335 ], [ 8.123788888888889, 48.986219444444444 ], [ 8.13623611111111, 48.979316666666669 ], [ 8.152158333333334, 48.977247222222225 ], [ 8.1605, 48.978575 ], [ 8.169875, 48.976052777777781 ], [ 8.170183333333332, 48.979058333333334 ], [ 8.193855555555556, 48.9772 ], [ 8.197552777777778, 48.967919444444448 ], [ 8.222683333333334, 48.97580555555556 ], [ 8.22861111111111, 48.970277777777781 ], [ 8.233625, 48.966736111111111 ], [ 8.194802777777777, 48.955158333333337 ], [ 8.174933333333334, 48.929933333333331 ], [ 8.143716666666666, 48.898583333333335 ], [ 8.117919444444444, 48.858258333333332 ], [ 8.104569444444444, 48.820583333333339 ], [ 8.086366666666667, 48.801433333333328 ], [ 8.0652, 48.789661111111108 ], [ 8.0515, 48.789869444444442 ], [ 8.035355555555556, 48.789783333333332 ], [ 8.026161111111112, 48.782961111111113 ], [ 8.021547222222223, 48.766519444444441 ], [ 8.007325, 48.758819444444441 ], [ 7.988380555555556, 48.760827777777777 ], [ 7.974686111111112, 48.759416666666667 ], [ 7.968102777777778, 48.752325 ], [ 7.9668, 48.724872222222224 ], [ 7.890111111111111, 48.662633333333332 ], [ 7.839936111111111, 48.64147222222222 ], [ 7.830463888888889, 48.620138888888889 ], [ 7.805194444444444, 48.593163888888888 ], [ 7.800397222222222, 48.577694444444447 ], [ 7.805786111111111, 48.55515 ], [ 7.802991666666666, 48.536477777777776 ], [ 7.806702777777778, 48.523030555555557 ], [ 7.797411111111111, 48.503483333333335 ], [ 7.777441666666666, 48.495561111111115 ], [ 7.767088888888889, 48.486466666666665 ], [ 7.764913888888889, 48.455461111111113 ], [ 7.734958333333333, 48.402247222222222 ], [ 7.731208333333333, 48.380758333333333 ], [ 7.745561111111111, 48.333483333333334 ], [ 7.733261111111111, 48.317652777777781 ], [ 7.695863888888889, 48.304013888888889 ], [ 7.689708333333334, 48.295025 ], [ 7.689655555555555, 48.284180555555551 ], [ 7.674133333333334, 48.239877777777778 ], [ 7.664433333333334, 48.219222222222221 ], [ 7.399722222222223, 48.220555555555556 ], [ 7.372222222222222, 48.220830555555558 ], [ 7.231111111111111, 48.228333333333332 ], [ 7.091941666666666, 48.235830555555559 ], [ 6.816941666666667, 48.250555555555557 ], [ 6.561941666666667, 48.218888888888891 ], [ 6.548611111111111, 48.021111111111111 ], [ 6.321388888888889, 47.974166666666669 ], [ 5.796666666666667, 48.0775 ], [ 5.779444444444445, 48.080830555555558 ], [ 5.336941666666666, 48.309444444444445 ], [ 5.398611111111111, 48.370555555555555 ], [ 5.398611111111111, 48.50416666666667 ], [ 4.8, 48.95 ] ] ] } },
{ "type": "Feature", "properties": { "fir": "LFEE", "identifier": "LFEE:STRASBOURG SU2:075-195", "name": "STRASBOURG SU2", "level_lower": 75, "level_upper": 195 }, "geometry": { "type": "Polygon", "coordinates": [ [ [ 6.503611111111111, 49.449166666666663 ], [ 6.523333333333333, 49.436388888888885 ], [ 6.541111111111111, 49.434444444444438 ], [ 6.545555555555556, 49.428333333333327 ], [ 6.556861111111111, 49.419286111111106 ], [ 6.548611111111111, 49.4175 ], [ 6.537311111111111, 49.411558333333332 ], [ 6.540627777777778, 49.401605555555555 ], [ 6.5525, 49.399444444444441 ], [ 6.556944444444444, 49.394444444444446 ], [ 6.558888888888888, 49.392777777777781 ], [ 6.580291666666667, 49.385408333333331 ], [ 6.582822222222222, 49.368638888888889 ], [ 6.601866666666666, 49.36709722222222 ], [ 6.587730555555555, 49.349886111111111 ], [ 6.573980555555555, 49.358744444444447 ], [ 6.564275, 49.350922222222223 ], [ 6.594266666666666, 49.330891666666673 ], [ 6.588783333333333, 49.322122222222227 ], [ 6.636330555555555, 49.29613333333333 ], [ 6.653155555555556, 49.281097222222222 ], [ 6.670491666666667, 49.280277777777776 ], [ 6.662261111111111, 49.256663888888887 ], [ 6.675666666666667, 49.257452777777779 ], [ 6.694333333333334, 49.216386111111113 ], [ 6.711111111111111, 49.218055555555559 ], [ 6.723055555555556, 49.200277777777778 ], [ 6.746111111111111, 49.166111111111107 ], [ 6.781380555555556, 49.168322222222223 ], [ 6.834722222222222, 49.151388888888889 ], [ 6.85861111111111, 49.174727777777775 ], [ 6.836808333333333, 49.21306944444445 ], [ 6.938797222222222, 49.222247222222222 ], [ 7.034575, 49.190527777777774 ], [ 7.049561111111111, 49.113752777777776 ], [ 7.089988888888889, 49.13035 ], [ 7.081347222222222, 49.146861111111107 ], [ 7.106738888888889, 49.1548 ], [ 7.158558333333334, 49.120566666666669 ], [ 7.100277777777777, 48.991666666666667 ], [ 7.068888888888889, 48.899444444444441 ], [ 6.905833333333334, 48.771944444444443 ], [ 6.8019, 48.829472222222229 ], [ 6.800208333333333, 48.829075 ], [ 6.798511111111111, 48.828688888888891 ], [ 6.796811111111111, 48.828311111111113 ], [ 6.795108333333333, 48.827938888888895 ], [ 6.7934, 48.827575 ], [ 6.791688888888888, 48.827219444444445 ], [ 6.789975, 48.826872222222228 ], [ 6.788255555555556, 48.826533333333337 ], [ 6.786530555555555, 48.8262 ], [ 6.784805555555556, 48.825877777777784 ], [ 6.783077777777778, 48.825561111111114 ], [ 6.781344444444445, 48.825255555555557 ], [ 6.779608333333333, 48.824955555555562 ], [ 6.777869444444445, 48.824666666666673 ], [ 6.776125, 48.824380555555557 ], [ 6.774380555555555, 48.824105555555562 ], [ 6.772633333333333, 48.823838888888893 ], [ 6.770880555555555, 48.823580555555559 ], [ 6.769127777777777, 48.823330555555557 ], [ 6.767372222222222, 48.82308888888889 ], [ 6.765613888888889, 48.822852777777783 ], [ 6.76385, 48.822627777777782 ], [ 6.762088888888889, 48.822408333333335 ], [ 6.760322222222222, 48.8222 ], [ 6.758552777777778, 48.822 ], [ 6.756783333333333, 48.821805555555557 ], [ 6.755011111111111, 48.821619444444451 ], [ 6.753236111111111, 48.821444444444445 ], [ 6.751461111111111, 48.821275 ], [ 6.749680555555556, 48.821113888888895 ], [ 6.747902777777778, 48.820961111111117 ], [ 6.746122222222223, 48.820819444444446 ], [ 6.744338888888889, 48.820683333333335 ], [ 6.742555555555556, 48.820555555555558 ], [ 6.740769444444444, 48.820436111111114 ], [ 6.738983333333334, 48.820327777777784 ], [ 6.737194444444444, 48.820225 ], [ 6.735405555555555, 48.820130555555558 ], [ 6.733616666666666, 48.820044444444449 ], [ 6.731825, 48.819966666666673 ], [ 6.730036111111112, 48.8199 ], [ 6.728241666666666, 48.819838888888896 ], [ 6.72645, 48.819786111111114 ], [ 6.724655555555556, 48.819741666666673 ], [ 6.722863888888889, 48.819705555555558 ], [ 6.721069444444445, 48.819680555555557 ], [ 6.719275, 48.819661111111117 ], [ 6.717480555555555, 48.81965 ], [ 6.715686111111111, 48.819647222222223 ], [ 6.713891666666667, 48.819652777777783 ], [ 6.712097222222223, 48.81966944444445 ], [ 6.710302777777778, 48.819691666666671 ], [ 6.708511111111111, 48.819722222222225 ], [ 6.706716666666667, 48.819761111111113 ], [ 6.704922222222223, 48.819811111111115 ], [ 6.703130555555556, 48.81986666666667 ], [ 6.701388888888889, 48.82 ], [ 6.660277777777778, 48.798333333333332 ], [ 6.460833333333333, 48.883333333333333 ], [ 6.0, 49.3 ], [ 5.886941666666666, 49.403055555555554 ], [ 5.997777777777777, 49.449166666666663 ], [ 6.045833333333333, 49.446388888888883 ], [ 6.481666666666666, 49.454722222222223 ], [ 6.482452777777778, 49.454730555555557 ], [ 6.487777777777778, 49.451666666666668 ], [ 6.503611111111111, 49.449166666666663 ] ] ] } },
{ "type": "Feature", "properties": { "fir": "LFEE", "identifier": "LFEE:STRASBOURG SU3:115-155", "name": "STRASBOURG SU3", "level_lower": 115, "level_upper": 155 }, "geometry": { "type": "Polygon", "coordinates": [ [ [ 6.548611111111111, 48.021111111111111 ], [ 6.612777777777778, 48.034166666666664 ], [ 6.850555555555555, 48.034166666666664 ], [ 7.091941666666666, 48.235830555555559 ], [ 6.816941666666667, 48.250555555555557 ], [ 6.561941666666667, 48.218888888888891 ], [ 6.548611111111111, 48.021111111111111 ] ] ] } },
{ "type": "Feature", "properties": { "fir": "LFEE", "identifier": "LFEE:UB UAC:265-345", "name": "UB UAC", "level_lower": 265, "level_upper": 345 }, "geometry": { "type": "Polygon", "coordinates": [ [ [ 1.732222222222222, 51.058055555555555 ], [ 2.356944444444445, 50.8525 ], [ 2.833333333333333, 50.691944444444438 ], [ 3.28, 50.5425 ], [ 3.525, 50.438888888888883 ], [ 2.983333333333333, 49.739166666666669 ], [ 1.781941666666667, 50.741388888888892 ], [ 1.734722222222222, 50.712222222222223 ], [ 1.465, 50.905277777777776 ], [ 1.466666666666667, 51.0 ], [ 1.732222222222222, 51.058055555555555 ] ] ] } },
{ "type": "Feature", "properties": { "fir": "LFEE", "identifier": "LFEE:UE UAC:195-245", "name": "UE UAC", "level_lower": 195, "level_upper": 245 }, "geometry": { "type": "Polygon", "coordinates": [ [ [ 5.996111111111111, 48.063611111111108 ], [ 5.733333333333333, 48.25 ], [ 4.8, 48.95 ], [ 5.634166666666666, 49.3 ], [ 5.886941666666666, 49.403055555555554 ], [ 5.997777777777777, 49.449166666666663 ], [ 6.006941666666667, 49.453055555555558 ], [ 6.001366666666667, 49.456252777777777 ], [ 6.055555555555555, 49.466666666666669 ], [ 6.115, 49.476388888888891 ], [ 6.184444444444445, 49.496388888888887 ], [ 6.225, 49.508333333333333 ], [ 6.349166666666666, 49.465833333333336 ], [ 6.391666666666667, 49.466666666666669 ], [ 6.4, 49.466666666666669 ], [ 6.466666666666667, 49.466666666666669 ], [ 6.481666666666666, 49.454722222222223 ], [ 6.487777777777778, 49.451666666666668 ], [ 6.503611111111111, 49.449166666666663 ], [ 6.523333333333333, 49.436388888888885 ], [ 6.541111111111111, 49.434444444444438 ], [ 6.545555555555556, 49.428333333333327 ], [ 6.556861111111111, 49.419286111111106 ], [ 6.548611111111111, 49.4175 ], [ 6.537311111111111, 49.411558333333332 ], [ 6.540627777777778, 49.401605555555555 ], [ 6.5525, 49.399444444444441 ], [ 6.556944444444444, 49.394444444444446 ], [ 6.558888888888888, 49.392777777777781 ], [ 6.580291666666667, 49.385408333333331 ], [ 6.582822222222222, 49.368638888888889 ], [ 6.601866666666666, 49.36709722222222 ], [ 6.587730555555555, 49.349886111111111 ], [ 6.573980555555555, 49.358744444444447 ], [ 6.564275, 49.350922222222223 ], [ 6.594266666666666, 49.330891666666673 ], [ 6.588783333333333, 49.322122222222227 ], [ 6.636330555555555, 49.29613333333333 ], [ 6.653155555555556, 49.281097222222222 ], [ 6.670491666666667, 49.280277777777776 ], [ 6.662261111111111, 49.256663888888887 ], [ 6.675666666666667, 49.257452777777779 ], [ 6.694333333333334, 49.216386111111113 ], [ 6.711111111111111, 49.218055555555559 ], [ 6.723055555555556, 49.200277777777778 ], [ 6.746111111111111, 49.166111111111107 ], [ 6.781380555555556, 49.168322222222223 ], [ 6.834722222222222, 49.151388888888889 ], [ 6.85861111111111, 49.174727777777775 ], [ 6.836808333333333, 49.21306944444445 ], [ 6.938797222222222, 49.222247222222222 ], [ 7.034575, 49.190527777777774 ], [ 7.049561111111111, 49.113752777777776 ], [ 7.089988888888889, 49.13035 ], [ 7.081347222222222, 49.146861111111107 ], [ 7.106738888888889, 49.1548 ], [ 7.158558333333334, 49.120566666666669 ], [ 7.293663888888889, 49.115069444444444 ], [ 7.361783333333333, 49.143186111111113 ], [ 7.365475, 49.171422222222219 ], [ 7.4446, 49.182805555555554 ], [ 7.493333333333333, 49.166666666666664 ], [ 7.506708333333333, 49.154402777777776 ], [ 7.489169444444444, 49.139075 ], [ 7.528613888888889, 49.101497222222221 ], [ 7.629922222222222, 49.074066666666667 ], [ 7.631205555555556, 49.054566666666666 ], [ 7.732283333333333, 49.044080555555553 ], [ 7.793380555555555, 49.065005555555551 ], [ 7.835277777777778, 49.047222222222217 ], [ 7.867263888888889, 49.033497222222223 ], [ 7.912541666666667, 49.041238888888884 ], [ 7.931636111111112, 49.0578 ], [ 7.945977777777778, 49.055458333333327 ], [ 7.974891666666667, 49.026494444444445 ], [ 7.994291666666666, 49.028744444444442 ], [ 8.011469444444444, 49.0246 ], [ 8.014202777777777, 49.020869444444443 ], [ 8.019047222222223, 49.021 ], [ 8.021797222222222, 49.018236111111108 ], [ 8.049641666666666, 49.014286111111112 ], [ 8.066666666666666, 49.0 ], [ 8.087622222222222, 48.990119444444446 ], [ 8.104566666666667, 48.989122222222221 ], [ 8.108002777777777, 48.986558333333335 ], [ 8.123788888888889, 48.986219444444444 ], [ 8.13623611111111, 48.979316666666669 ], [ 8.152158333333334, 48.977247222222225 ], [ 8.1605, 48.978575 ], [ 8.169875, 48.976052777777781 ], [ 8.170183333333332, 48.979058333333334 ], [ 8.193855555555556, 48.9772 ], [ 8.197552777777778, 48.967919444444448 ], [ 8.222683333333334, 48.97580555555556 ], [ 8.22861111111111, 48.970277777777781 ], [ 8.233625, 48.966736111111111 ], [ 8.194802777777777, 48.955158333333337 ], [ 8.174933333333334, 48.929933333333331 ], [ 8.143716666666666, 48.898583333333335 ], [ 8.117919444444444, 48.858258333333332 ], [ 8.104569444444444, 48.820583333333339 ], [ 8.086366666666667, 48.801433333333328 ], [ 8.0652, 48.789661111111108 ], [ 8.0515, 48.789869444444442 ], [ 8.035355555555556, 48.789783333333332 ], [ 8.026161111111112, 48.782961111111113 ], [ 8.021547222222223, 48.766519444444441 ], [ 8.007325, 48.758819444444441 ], [ 7.988380555555556, 48.760827777777777 ], [ 7.974686111111112, 48.759416666666667 ], [ 7.968102777777778, 48.752325 ], [ 7.9668, 48.724872222222224 ], [ 7.890111111111111, 48.662633333333332 ], [ 7.839936111111111, 48.64147222222222 ], [ 7.830463888888889, 48.620138888888889 ], [ 7.805194444444444, 48.593163888888888 ], [ 7.800397222222222, 48.577694444444447 ], [ 7.805786111111111, 48.55515 ], [ 7.802991666666666, 48.536477777777776 ], [ 7.806702777777778, 48.523030555555557 ], [ 7.797411111111111, 48.503483333333335 ], [ 7.777441666666666, 48.495561111111115 ], [ 7.767088888888889, 48.486466666666665 ], [ 7.764913888888889, 48.455461111111113 ], [ 7.734958333333333, 48.402247222222222 ], [ 7.731208333333333, 48.380758333333333 ], [ 7.745561111111111, 48.333483333333334 ], [ 7.733261111111111, 48.317652777777781 ], [ 7.695863888888889, 48.304013888888889 ], [ 7.689708333333334, 48.295025 ], [ 7.689655555555555, 48.284180555555551 ], [ 7.674133333333334, 48.239877777777778 ], [ 7.664433333333334, 48.219222222222221 ], [ 7.644586111111111, 48.207677777777782 ], [ 7.63045, 48.185361111111106 ], [ 7.609438888888889, 48.165580555555557 ], [ 7.598986111111111, 48.153188888888884 ], [ 7.600541666666667, 48.143352777777778 ], [ 7.599288888888888, 48.136116666666666 ], [ 7.5898, 48.128811111111112 ], [ 7.577044444444444, 48.1198 ], [ 7.578986111111111, 48.100086111111111 ], [ 7.570002777777778, 48.082997222222225 ], [ 7.5694, 48.0799 ], [ 7.5697, 48.0774 ], [ 7.5708, 48.0721 ], [ 7.5731, 48.0618 ], [ 7.574, 48.0576 ], [ 7.5743, 48.0556 ], [ 7.5744, 48.0536 ], [ 7.5744, 48.0522 ], [ 7.5743, 48.0513 ], [ 7.5741, 48.0505 ], [ 7.5731, 48.0469 ], [ 7.5724, 48.0448 ], [ 7.5715, 48.0427 ], [ 7.5709, 48.041 ], [ 7.5699, 48.0386 ], [ 7.5697, 48.0376 ], [ 7.5695, 48.0363 ], [ 7.5695, 48.0353 ], [ 7.5698, 48.0341 ], [ 7.5701, 48.0332 ], [ 7.5705, 48.0325 ], [ 7.5708, 48.0321 ], [ 7.572908333333333, 48.029358333333334 ], [ 7.578469444444444, 48.0249 ], [ 7.590555555555556, 48.015 ], [ 7.605077777777778, 48.00405 ], [ 7.608588888888889, 48.000338888888891 ], [ 7.614469444444445, 47.993388888888887 ], [ 7.61865, 47.985888888888887 ], [ 7.622, 47.97545 ], [ 7.622119444444445, 47.972788888888893 ], [ 7.62115, 47.96928888888889 ], [ 7.61735, 47.963608333333333 ], [ 7.612938888888888, 47.9582 ], [ 7.609069444444444, 47.953458333333337 ], [ 7.603358333333333, 47.948569444444438 ], [ 7.5895, 47.93825 ], [ 7.5857, 47.934819444444443 ], [ 7.58265, 47.9299 ], [ 7.581019444444444, 47.926927777777777 ], [ 7.58055, 47.924138888888884 ], [ 7.581008333333333, 47.920769444444439 ], [ 7.583333333333333, 47.908333333333331 ], [ 7.582527777777778, 47.898258333333331 ], [ 7.580738888888889, 47.89495 ], [ 7.575927777777777, 47.890727777777776 ], [ 7.563588888888889, 47.88565 ], [ 7.559158333333333, 47.882408333333331 ], [ 7.556569444444444, 47.879369444444443 ], [ 7.55545, 47.874088888888892 ], [ 7.55565, 47.870527777777781 ], [ 7.556208333333333, 47.866288888888889 ], [ 7.5573, 47.86365 ], [ 7.560738888888888, 47.857808333333338 ], [ 7.563388888888888, 47.851177777777778 ], [ 7.563230555555555, 47.844811111111113 ], [ 7.56155, 47.838869444444448 ], [ 7.559238888888888, 47.835058333333336 ], [ 7.54995, 47.822927777777778 ], [ 7.545858333333333, 47.812669444444438 ], [ 7.541077777777778, 47.80345 ], [ 7.531358333333333, 47.786908333333329 ], [ 7.530027777777778, 47.78255 ], [ 7.530169444444445, 47.7728 ], [ 7.533388888888889, 47.766038888888886 ], [ 7.53985, 47.754338888888888 ], [ 7.54615, 47.743019444444442 ], [ 7.548127777777777, 47.739458333333332 ], [ 7.548569444444444, 47.735077777777782 ], [ 7.547627777777778, 47.729808333333338 ], [ 7.543719444444444, 47.722319444444445 ], [ 7.538988888888889, 47.71843888888889 ], [ 7.524119444444445, 47.70997777777778 ], [ 7.513758333333334, 47.702819444444444 ], [ 7.512158333333334, 47.70045 ], [ 7.511708333333333, 47.69845 ], [ 7.511588888888889, 47.69675 ], [ 7.51235, 47.694858333333329 ], [ 7.516388888888889, 47.689166666666665 ], [ 5.996111111111111, 48.063611111111108 ] ] ] } },
{ "type": "Feature", "properties": { "fir": "LFEE", "identifier": "LFEE:UE UAC:245-315", "name": "UE UAC", "level_lower": 245, "level_upper": 315 }, "geometry": { "type": "Polygon", "coordinates": [ [ [ 5.996111111111111, 48.063611111111108 ], [ 5.733333333333333, 48.25 ], [ 4.8, 48.95 ], [ 5.634166666666666, 49.3 ], [ 6.091666666666667, 49.0375 ], [ 6.499444444444444, 49.036388888888887 ], [ 6.685833333333334, 49.2175 ], [ 6.694333333333334, 49.216386111111113 ], [ 6.711111111111111, 49.218055555555559 ], [ 6.723055555555556, 49.200277777777778 ], [ 6.746111111111111, 49.166111111111107 ], [ 6.781380555555556, 49.168322222222223 ], [ 6.834722222222222, 49.151388888888889 ], [ 6.85861111111111, 49.174727777777775 ], [ 6.836808333333333, 49.21306944444445 ], [ 6.938797222222222, 49.222247222222222 ], [ 7.034575, 49.190527777777774 ], [ 7.049561111111111, 49.113752777777776 ], [ 7.089988888888889, 49.13035 ], [ 7.081347222222222, 49.146861111111107 ], [ 7.106738888888889, 49.1548 ], [ 7.158558333333334, 49.120566666666669 ], [ 7.293663888888889, 49.115069444444444 ], [ 7.361783333333333, 49.143186111111113 ], [ 7.365475, 49.171422222222219 ], [ 7.4446, 49.182805555555554 ], [ 7.493333333333333, 49.166666666666664 ], [ 7.506708333333333, 49.154402777777776 ], [ 7.489169444444444, 49.139075 ], [ 7.528613888888889, 49.101497222222221 ], [ 7.629922222222222, 49.074066666666667 ], [ 7.631205555555556, 49.054566666666666 ], [ 7.732283333333333, 49.044080555555553 ], [ 7.793380555555555, 49.065005555555551 ], [ 7.835277777777778, 49.047222222222217 ], [ 7.867263888888889, 49.033497222222223 ], [ 7.912541666666667, 49.041238888888884 ], [ 7.931636111111112, 49.0578 ], [ 7.945977777777778, 49.055458333333327 ], [ 7.974891666666667, 49.026494444444445 ], [ 7.994291666666666, 49.028744444444442 ], [ 8.011469444444444, 49.0246 ], [ 8.014202777777777, 49.020869444444443 ], [ 8.019047222222223, 49.021 ], [ 8.021797222222222, 49.018236111111108 ], [ 8.049641666666666, 49.014286111111112 ], [ 8.066666666666666, 49.0 ], [ 8.087622222222222, 48.990119444444446 ], [ 8.104566666666667, 48.989122222222221 ], [ 8.108002777777777, 48.986558333333335 ], [ 8.123788888888889, 48.986219444444444 ], [ 8.13623611111111, 48.979316666666669 ], [ 8.152158333333334, 48.977247222222225 ], [ 8.1605, 48.978575 ], [ 8.169875, 48.976052777777781 ], [ 8.170183333333332, 48.979058333333334 ], [ 8.193855555555556, 48.9772 ], [ 8.197552777777778, 48.967919444444448 ], [ 8.222683333333334, 48.97580555555556 ], [ 8.22861111111111, 48.970277777777781 ], [ 8.233625, 48.966736111111111 ], [ 8.194802777777777, 48.955158333333337 ], [ 8.174933333333334, 48.929933333333331 ], [ 8.143716666666666, 48.898583333333335 ], [ 8.117919444444444, 48.858258333333332 ], [ 8.104569444444444, 48.820583333333339 ], [ 8.086366666666667, 48.801433333333328 ], [ 8.0652, 48.789661111111108 ], [ 8.0515, 48.789869444444442 ], [ 8.035355555555556, 48.789783333333332 ], [ 8.026161111111112, 48.782961111111113 ], [ 8.021547222222223, 48.766519444444441 ], [ 8.007325, 48.758819444444441 ], [ 7.988380555555556, 48.760827777777777 ], [ 7.974686111111112, 48.759416666666667 ], [ 7.968102777777778, 48.752325 ], [ 7.9668, 48.724872222222224 ], [ 7.890111111111111, 48.662633333333332 ], [ 7.839936111111111, 48.64147222222222 ], [ 7.830463888888889, 48.620138888888889 ], [ 7.805194444444444, 48.593163888888888 ], [ 7.800397222222222, 48.577694444444447 ], [ 7.805786111111111, 48.55515 ], [ 7.802991666666666, 48.536477777777776 ], [ 7.806702777777778, 48.523030555555557 ], [ 7.797411111111111, 48.503483333333335 ], [ 7.777441666666666, 48.495561111111115 ], [ 7.767088888888889, 48.486466666666665 ], [ 7.764913888888889, 48.455461111111113 ], [ 7.734958333333333, 48.402247222222222 ], [ 7.731208333333333, 48.380758333333333 ], [ 7.745561111111111, 48.333483333333334 ], [ 7.733261111111111, 48.317652777777781 ], [ 7.695863888888889, 48.304013888888889 ], [ 7.689708333333334, 48.295025 ], [ 7.689655555555555, 48.284180555555551 ], [ 7.674133333333334, 48.239877777777778 ], [ 7.664433333333334, 48.219222222222221 ], [ 7.644586111111111, 48.207677777777782 ], [ 7.63045, 48.185361111111106 ], [ 7.609438888888889, 48.165580555555557 ], [ 7.598986111111111, 48.153188888888884 ], [ 7.600541666666667, 48.143352777777778 ], [ 7.599288888888888, 48.136116666666666 ], [ 7.5898, 48.128811111111112 ], [ 7.577044444444444, 48.1198 ], [ 7.578986111111111, 48.100086111111111 ], [ 7.570002777777778, 48.082997222222225 ], [ 7.5694, 48.0799 ], [ 7.5697, 48.0774 ], [ 7.5708, 48.0721 ], [ 7.5731, 48.0618 ], [ 7.574, 48.0576 ], [ 7.5743, 48.0556 ], [ 7.5744, 48.0536 ], [ 7.5744, 48.0522 ], [ 7.5743, 48.0513 ], [ 7.5741, 48.0505 ], [ 7.5731, 48.0469 ], [ 7.5724, 48.0448 ], [ 7.5715, 48.0427 ], [ 7.5709, 48.041 ], [ 7.5699, 48.0386 ], [ 7.5697, 48.0376 ], [ 7.5695, 48.0363 ], [ 7.5695, 48.0353 ], [ 7.5698, 48.0341 ], [ 7.5701, 48.0332 ], [ 7.5705, 48.0325 ], [ 7.5708, 48.0321 ], [ 7.572908333333333, 48.029358333333334 ], [ 7.578469444444444, 48.0249 ], [ 7.590555555555556, 48.015 ], [ 7.605077777777778, 48.00405 ], [ 7.608588888888889, 48.000338888888891 ], [ 7.614469444444445, 47.993388888888887 ], [ 7.61865, 47.985888888888887 ], [ 7.622, 47.97545 ], [ 7.622119444444445, 47.972788888888893 ], [ 7.62115, 47.96928888888889 ], [ 7.61735, 47.963608333333333 ], [ 7.612938888888888, 47.9582 ], [ 7.609069444444444, 47.953458333333337 ], [ 7.603358333333333, 47.948569444444438 ], [ 7.5895, 47.93825 ], [ 7.5857, 47.934819444444443 ], [ 7.58265, 47.9299 ], [ 7.581019444444444, 47.926927777777777 ], [ 7.58055, 47.924138888888884 ], [ 7.581008333333333, 47.920769444444439 ], [ 7.583333333333333, 47.908333333333331 ], [ 7.582527777777778, 47.898258333333331 ], [ 7.580738888888889, 47.89495 ], [ 7.575927777777777, 47.890727777777776 ], [ 7.563588888888889, 47.88565 ], [ 7.559158333333333, 47.882408333333331 ], [ 7.556569444444444, 47.879369444444443 ], [ 7.55545, 47.874088888888892 ], [ 7.55565, 47.870527777777781 ], [ 7.556208333333333, 47.866288888888889 ], [ 7.5573, 47.86365 ], [ 7.560738888888888, 47.857808333333338 ], [ 7.563388888888888, 47.851177777777778 ], [ 7.563230555555555, 47.844811111111113 ], [ 7.56155, 47.838869444444448 ], [ 7.559238888888888, 47.835058333333336 ], [ 7.54995, 47.822927777777778 ], [ 7.545858333333333, 47.812669444444438 ], [ 7.541077777777778, 47.80345 ], [ 7.531358333333333, 47.786908333333329 ], [ 7.530027777777778, 47.78255 ], [ 7.530169444444445, 47.7728 ], [ 7.533388888888889, 47.766038888888886 ], [ 7.53985, 47.754338888888888 ], [ 7.54615, 47.743019444444442 ], [ 7.548127777777777, 47.739458333333332 ], [ 7.548569444444444, 47.735077777777782 ], [ 7.547627777777778, 47.729808333333338 ], [ 7.543719444444444, 47.722319444444445 ], [ 7.538988888888889, 47.71843888888889 ], [ 7.524119444444445, 47.70997777777778 ], [ 7.513758333333334, 47.702819444444444 ], [ 7.512158333333334, 47.70045 ], [ 7.511708333333333, 47.69845 ], [ 7.511588888888889, 47.69675 ], [ 7.51235, 47.694858333333329 ], [ 7.516388888888889, 47.689166666666665 ], [ 5.996111111111111, 48.063611111111108 ] ] ] } },
{ "type": "Feature", "properties": { "fir": "LFEE", "identifier": "LFEE:UF1 UAC:195-265", "name": "UF1 UAC", "level_lower": 195, "level_upper": 265 }, "geometry": { "type": "Polygon", "coordinates": [ [ [ 4.952777777777778, 47.974166666666669 ], [ 5.166666666666667, 48.166666666666664 ], [ 5.733333333333333, 48.25 ], [ 5.996111111111111, 48.063611111111108 ], [ 5.783333333333333, 47.466666666666669 ], [ 5.269444444444445, 47.776941666666666 ], [ 4.952777777777778, 47.974166666666669 ] ] ] } },
{ "type": "Feature", "properties": { "fir": "LFEE", "identifier": "LFEE:UF2 UAC:265-345", "name": "UF2 UAC", "level_lower": 265, "level_upper": 345 }, "geometry": { "type": "Polygon", "coordinates": [ [ [ 5.783333333333333, 47.466666666666669 ], [ 5.269444444444445, 47.776941666666666 ], [ 4.945, 47.969722222222224 ], [ 4.586388888888888, 48.191666666666663 ], [ 4.458333333333334, 48.270277777777778 ], [ 3.963611111111111, 48.49388888888889 ], [ 3.5, 48.7 ], [ 4.214722222222222, 48.975830555555561 ], [ 4.8, 48.95 ], [ 5.733333333333333, 48.25 ], [ 5.996111111111111, 48.063611111111108 ], [ 5.783333333333333, 47.466666666666669 ] ] ] } },
{ "type": "Feature", "properties": { "fir": "LFEE", "identifier": "LFEE:UH UAC:195-315", "name": "UH UAC", "level_lower": 195, "level_upper": 315 }, "geometry": { "type": "Polygon", "coordinates": [ [ [ 5.996111111111111, 48.063611111111108 ], [ 7.516388888888889, 47.689166666666665 ], [ 7.4995, 47.632805555555557 ], [ 7.415555555555556, 47.5775 ], [ 7.3951, 47.481905555555556 ], [ 7.384458333333334, 47.43205555555555 ], [ 7.343230555555555, 47.371966666666665 ], [ 7.043230555555556, 47.36418888888889 ], [ 7.061575, 47.343025 ], [ 7.056547222222222, 47.334044444444444 ], [ 7.045491666666667, 47.326361111111112 ], [ 7.009788888888889, 47.324344444444449 ], [ 7.016347222222223, 47.314925 ], [ 7.008516666666667, 47.301675 ], [ 6.995955555555556, 47.296438888888886 ], [ 6.964722222222222, 47.292222222222222 ], [ 6.950252777777778, 47.292288888888883 ], [ 6.940347222222223, 47.285727777777772 ], [ 6.951608333333334, 47.269313888888888 ], [ 6.946272222222222, 47.254022222222225 ], [ 6.954838888888889, 47.243161111111114 ], [ 6.942613888888889, 47.23789166666667 ], [ 6.940558333333334, 47.231586111111113 ], [ 6.930533333333334, 47.230552777777781 ], [ 6.926733333333334, 47.227891666666672 ], [ 6.926994444444444, 47.225555555555559 ], [ 6.922419444444444, 47.221772222222221 ], [ 6.908355555555556, 47.217233333333333 ], [ 6.907122222222222, 47.214838888888892 ], [ 6.880144444444445, 47.200613888888888 ], [ 6.877788888888889, 47.195405555555553 ], [ 6.872880555555556, 47.19015 ], [ 6.873522222222222, 47.185655555555549 ], [ 6.866861111111112, 47.185577777777773 ], [ 6.86391111111111, 47.180566666666664 ], [ 6.840497222222222, 47.171755555555556 ], [ 6.843811111111111, 47.166147222222222 ], [ 6.858791666666666, 47.165177777777778 ], [ 6.849130555555555, 47.156180555555551 ], [ 6.839922222222222, 47.154197222222223 ], [ 6.839108333333333, 47.150372222222224 ], [ 6.830122222222222, 47.146322222222224 ], [ 6.827352777777778, 47.14639722222222 ], [ 6.824111111111111, 47.141747222222222 ], [ 6.81925, 47.1401 ], [ 6.815283333333333, 47.135583333333329 ], [ 6.807638888888889, 47.135405555555558 ], [ 6.805716666666666, 47.130808333333334 ], [ 6.778697222222222, 47.12355 ], [ 6.776222222222223, 47.121330555555559 ], [ 6.766408333333334, 47.120975 ], [ 6.752319444444445, 47.114863888888891 ], [ 6.746202777777778, 47.109819444444447 ], [ 6.739516666666667, 47.109966666666665 ], [ 6.740111111111111, 47.108925 ], [ 6.741547222222223, 47.103225 ], [ 6.746625, 47.097588888888893 ], [ 6.744916666666667, 47.092097222222222 ], [ 6.738033333333333, 47.089711111111114 ], [ 6.725891666666667, 47.091613888888894 ], [ 6.703630555555556, 47.082119444444444 ], [ 6.700461111111111, 47.070019444444448 ], [ 6.239166666666667, 47.063333333333333 ], [ 5.951111111111111, 46.966666666666669 ], [ 5.783333333333333, 47.466666666666669 ], [ 5.996111111111111, 48.063611111111108 ] ] ] } },
{ "type": "Feature", "properties": { "fir": "LFEE", "identifier": "LFEE:UN1 UAC:265-285", "name": "UN1 UAC", "level_lower": 265, "level_upper": 285 }, "geometry": { "type": "Polygon", "coordinates": [ [ [ 2.983333333333333, 49.739166666666669 ], [ 2.75, 49.45 ], [ 2.241388888888889, 49.265555555555558 ], [ 1.809441666666667, 49.606111111111112 ], [ 1.554847222222222, 49.804236111111109 ], [ 1.403333333333333, 49.921944444444442 ], [ 1.4525, 49.948888888888888 ], [ 1.651666666666667, 50.058611111111105 ], [ 1.7575, 50.116388888888892 ], [ 1.858611111111111, 50.171388888888885 ], [ 1.951666666666667, 50.229444444444447 ], [ 1.538333333333333, 50.601666666666667 ], [ 1.636388888888889, 50.656944444444441 ], [ 1.734722222222222, 50.712222222222223 ], [ 1.781941666666667, 50.741388888888892 ], [ 2.983333333333333, 49.739166666666669 ] ] ] } },
{ "type": "Feature", "properties": { "fir": "LFEE", "identifier": "LFEE:UN2 UAC:285-345", "name": "UN2 UAC", "level_lower": 285, "level_upper": 345 }, "geometry": { "type": "Polygon", "coordinates": [ [ [ 2.983333333333333, 49.739166666666669 ], [ 2.75, 49.45 ], [ 2.241388888888889, 49.265555555555558 ], [ 1.809441666666667, 49.606111111111112 ], [ 1.554847222222222, 49.804236111111109 ], [ 1.403333333333333, 49.921944444444442 ], [ 1.4525, 49.948888888888888 ], [ 1.651666666666667, 50.058611111111105 ], [ 1.7575, 50.116388888888892 ], [ 1.858611111111111, 50.171388888888885 ], [ 1.951666666666667, 50.229444444444447 ], [ 1.538333333333333, 50.601666666666667 ], [ 1.636388888888889, 50.656944444444441 ], [ 1.734722222222222, 50.712222222222223 ], [ 1.781941666666667, 50.741388888888892 ], [ 2.983333333333333, 49.739166666666669 ] ] ] } },
{ "type": "Feature", "properties": { "fir": "LFEE", "identifier": "LFEE:UR UAC:265-315", "name": "UR UAC", "level_lower": 265, "level_upper": 315 }, "geometry": { "type": "Polygon", "coordinates": [ [ [ 2.75, 49.45 ], [ 2.983333333333333, 49.739166666666669 ], [ 3.525, 50.438888888888883 ], [ 3.7875, 50.339722222222221 ], [ 3.984722222222222, 50.237222222222222 ], [ 3.908055555555555, 49.211388888888891 ], [ 3.727222222222222, 49.110277777777782 ], [ 3.813333333333333, 48.993055555555557 ], [ 4.214722222222222, 48.975830555555561 ], [ 3.5, 48.7 ], [ 3.116666666666667, 48.666666666666664 ], [ 3.016663888888889, 48.583333333333336 ], [ 2.454722222222222, 49.076111111111118 ], [ 2.241388888888889, 49.265555555555558 ], [ 2.75, 49.45 ] ] ] } },
{ "type": "Feature", "properties": { "fir": "LFEE", "identifier": "LFEE:XE UAC:315-345", "name": "XE UAC", "level_lower": 315, "level_upper": 345 }, "geometry": { "type": "Polygon", "coordinates": [ [ [ 6.711111111111111, 49.218055555555559 ], [ 6.694333333333334, 49.216386111111113 ], [ 6.685833333333334, 49.2175 ], [ 6.499444444444444, 49.036388888888887 ], [ 6.091666666666667, 49.0375 ], [ 5.634166666666666, 49.3 ], [ 4.8, 48.95 ], [ 5.733333333333333, 48.25 ], [ 5.996111111111111, 48.063611111111108 ], [ 7.516388888888889, 47.689166666666665 ], [ 7.51235, 47.694858333333329 ], [ 7.511588888888889, 47.69675 ], [ 7.511708333333333, 47.69845 ], [ 7.512158333333334, 47.70045 ], [ 7.513758333333334, 47.702819444444444 ], [ 7.524119444444445, 47.70997777777778 ], [ 7.538988888888889, 47.71843888888889 ], [ 7.543719444444444, 47.722319444444445 ], [ 7.547627777777778, 47.729808333333338 ], [ 7.548569444444444, 47.735077777777782 ], [ 7.548127777777777, 47.739458333333332 ], [ 7.54615, 47.743019444444442 ], [ 7.53985, 47.754338888888888 ], [ 7.533388888888889, 47.766038888888886 ], [ 7.530169444444445, 47.7728 ], [ 7.530027777777778, 47.78255 ], [ 7.531358333333333, 47.786908333333329 ], [ 7.541077777777778, 47.80345 ], [ 7.545858333333333, 47.812669444444438 ], [ 7.54995, 47.822927777777778 ], [ 7.559238888888888, 47.835058333333336 ], [ 7.56155, 47.838869444444448 ], [ 7.563230555555555, 47.844811111111113 ], [ 7.563388888888888, 47.851177777777778 ], [ 7.560738888888888, 47.857808333333338 ], [ 7.5573, 47.86365 ], [ 7.556208333333333, 47.866288888888889 ], [ 7.55565, 47.870527777777781 ], [ 7.55545, 47.874088888888892 ], [ 7.556569444444444, 47.879369444444443 ], [ 7.559158333333333, 47.882408333333331 ], [ 7.563588888888889, 47.88565 ], [ 7.575927777777777, 47.890727777777776 ], [ 7.580738888888889, 47.89495 ], [ 7.582527777777778, 47.898258333333331 ], [ 7.583333333333333, 47.908333333333331 ], [ 7.581008333333333, 47.920769444444439 ], [ 7.58055, 47.924138888888884 ], [ 7.581019444444444, 47.926927777777777 ], [ 7.58265, 47.9299 ], [ 7.5857, 47.934819444444443 ], [ 7.5895, 47.93825 ], [ 7.603358333333333, 47.948569444444438 ], [ 7.609069444444444, 47.953458333333337 ], [ 7.612938888888888, 47.9582 ], [ 7.61735, 47.963608333333333 ], [ 7.62115, 47.96928888888889 ], [ 7.622119444444445, 47.972788888888893 ], [ 7.622, 47.97545 ], [ 7.61865, 47.985888888888887 ], [ 7.614469444444445, 47.993388888888887 ], [ 7.608588888888889, 48.000338888888891 ], [ 7.605077777777778, 48.00405 ], [ 7.590555555555556, 48.015 ], [ 7.578469444444444, 48.0249 ], [ 7.572908333333333, 48.029358333333334 ], [ 7.5708, 48.0321 ], [ 7.5705, 48.0325 ], [ 7.5701, 48.0332 ], [ 7.5698, 48.0341 ], [ 7.5695, 48.0353 ], [ 7.5695, 48.0363 ], [ 7.5697, 48.0376 ], [ 7.5699, 48.0386 ], [ 7.5709, 48.041 ], [ 7.5715, 48.0427 ], [ 7.5724, 48.0448 ], [ 7.5731, 48.0469 ], [ 7.5741, 48.0505 ], [ 7.5743, 48.0513 ], [ 7.5744, 48.0522 ], [ 7.5744, 48.0536 ], [ 7.5743, 48.0556 ], [ 7.574, 48.0576 ], [ 7.5731, 48.0618 ], [ 7.5708, 48.0721 ], [ 7.5697, 48.0774 ], [ 7.5694, 48.0799 ], [ 7.570002777777778, 48.082997222222225 ], [ 7.578986111111111, 48.100086111111111 ], [ 7.577044444444444, 48.1198 ], [ 7.5898, 48.128811111111112 ], [ 7.599288888888888, 48.136116666666666 ], [ 7.600541666666667, 48.143352777777778 ], [ 7.598986111111111, 48.153188888888884 ], [ 7.609438888888889, 48.165580555555557 ], [ 7.63045, 48.185361111111106 ], [ 7.644586111111111, 48.207677777777782 ], [ 7.664433333333334, 48.219222222222221 ], [ 7.674133333333334, 48.239877777777778 ], [ 7.689655555555555, 48.284180555555551 ], [ 7.689708333333334, 48.295025 ], [ 7.695863888888889, 48.304013888888889 ], [ 7.733261111111111, 48.317652777777781 ], [ 7.745561111111111, 48.333483333333334 ], [ 7.731208333333333, 48.380758333333333 ], [ 7.734958333333333, 48.402247222222222 ], [ 7.764913888888889, 48.455461111111113 ], [ 7.767088888888889, 48.486466666666665 ], [ 7.777441666666666, 48.495561111111115 ], [ 7.797411111111111, 48.503483333333335 ], [ 7.806702777777778, 48.523030555555557 ], [ 7.802991666666666, 48.536477777777776 ], [ 7.805786111111111, 48.55515 ], [ 7.800397222222222, 48.577694444444447 ], [ 7.805194444444444, 48.593163888888888 ], [ 7.830463888888889, 48.620138888888889 ], [ 7.839936111111111, 48.64147222222222 ], [ 7.890111111111111, 48.662633333333332 ], [ 7.9668, 48.724872222222224 ], [ 7.968102777777778, 48.752325 ], [ 7.974686111111112, 48.759416666666667 ], [ 7.988380555555556, 48.760827777777777 ], [ 8.007325, 48.758819444444441 ], [ 8.021547222222223, 48.766519444444441 ], [ 8.026161111111112, 48.782961111111113 ], [ 8.035355555555556, 48.789783333333332 ], [ 8.0515, 48.789869444444442 ], [ 8.0652, 48.789661111111108 ], [ 8.086366666666667, 48.801433333333328 ], [ 8.104569444444444, 48.820583333333339 ], [ 8.117919444444444, 48.858258333333332 ], [ 8.143716666666666, 48.898583333333335 ], [ 8.174933333333334, 48.929933333333331 ], [ 8.194802777777777, 48.955158333333337 ], [ 8.233625, 48.966736111111111 ], [ 8.22861111111111, 48.970277777777781 ], [ 8.222683333333334, 48.97580555555556 ], [ 8.197552777777778, 48.967919444444448 ], [ 8.193855555555556, 48.9772 ], [ 8.170183333333332, 48.979058333333334 ], [ 8.169875, 48.976052777777781 ], [ 8.1605, 48.978575 ], [ 8.152158333333334, 48.977247222222225 ], [ 8.13623611111111, 48.979316666666669 ], [ 8.123788888888889, 48.986219444444444 ], [ 8.108002777777777, 48.986558333333335 ], [ 8.104566666666667, 48.989122222222221 ], [ 8.087622222222222, 48.990119444444446 ], [ 8.049641666666666, 49.014286111111112 ], [ 8.021797222222222, 49.018236111111108 ], [ 8.019047222222223, 49.021 ], [ 8.014202777777777, 49.020869444444443 ], [ 8.011469444444444, 49.0246 ], [ 7.994291666666666, 49.028744444444442 ], [ 7.974891666666667, 49.026494444444445 ], [ 7.945977777777778, 49.055458333333327 ], [ 7.931636111111112, 49.0578 ], [ 7.912541666666667, 49.041238888888884 ], [ 7.867263888888889, 49.033497222222223 ], [ 7.835277777777778, 49.047222222222217 ], [ 7.793380555555555, 49.065005555555551 ], [ 7.732283333333333, 49.044080555555553 ], [ 7.631205555555556, 49.054566666666666 ], [ 7.629922222222222, 49.074066666666667 ], [ 7.528613888888889, 49.101497222222221 ], [ 7.489169444444444, 49.139075 ], [ 7.506708333333333, 49.154402777777776 ], [ 7.493333333333333, 49.166666666666664 ], [ 7.4446, 49.182805555555554 ], [ 7.365475, 49.171422222222219 ], [ 7.361783333333333, 49.143186111111113 ], [ 7.293663888888889, 49.115069444444444 ], [ 7.158558333333334, 49.120566666666669 ], [ 7.106738888888889, 49.1548 ], [ 7.081347222222222, 49.146861111111107 ], [ 7.089988888888889, 49.13035 ], [ 7.049561111111111, 49.113752777777776 ], [ 7.034575, 49.190527777777774 ], [ 6.938797222222222, 49.222247222222222 ], [ 6.836808333333333, 49.21306944444445 ], [ 6.85861111111111, 49.174727777777775 ], [ 6.834722222222222, 49.151388888888889 ], [ 6.781380555555556, 49.168322222222223 ], [ 6.746111111111111, 49.166111111111107 ], [ 6.723055555555556, 49.200277777777778 ], [ 6.711111111111111, 49.218055555555559 ] ] ] } },
{ "type": "Feature", "properties": { "fir": "LFEE", "identifier": "LFEE:XH UAC:315-345", "name": "XH UAC", "level_lower": 315, "level_upper": 345 }, "geometry": { "type": "Polygon", "coordinates": [ [ [ 5.996111111111111, 48.063611111111108 ], [ 7.516388888888889, 47.689166666666665 ], [ 7.4995, 47.632805555555557 ], [ 7.415555555555556, 47.5775 ], [ 7.3951, 47.481905555555556 ], [ 7.384458333333334, 47.43205555555555 ], [ 7.343230555555555, 47.371966666666665 ], [ 7.043230555555556, 47.36418888888889 ], [ 7.061575, 47.343025 ], [ 7.056547222222222, 47.334044444444444 ], [ 7.045491666666667, 47.326361111111112 ], [ 7.009788888888889, 47.324344444444449 ], [ 7.016347222222223, 47.314925 ], [ 7.008516666666667, 47.301675 ], [ 6.995955555555556, 47.296438888888886 ], [ 6.964722222222222, 47.292222222222222 ], [ 6.950252777777778, 47.292288888888883 ], [ 6.940347222222223, 47.285727777777772 ], [ 6.951608333333334, 47.269313888888888 ], [ 6.946272222222222, 47.254022222222225 ], [ 6.954838888888889, 47.243161111111114 ], [ 6.942613888888889, 47.23789166666667 ], [ 6.940558333333334, 47.231586111111113 ], [ 6.930533333333334, 47.230552777777781 ], [ 6.926733333333334, 47.227891666666672 ], [ 6.926994444444444, 47.225555555555559 ], [ 6.922419444444444, 47.221772222222221 ], [ 6.908355555555556, 47.217233333333333 ], [ 6.907122222222222, 47.214838888888892 ], [ 6.880144444444445, 47.200613888888888 ], [ 6.877788888888889, 47.195405555555553 ], [ 6.872880555555556, 47.19015 ], [ 6.873522222222222, 47.185655555555549 ], [ 6.866861111111112, 47.185577777777773 ], [ 6.86391111111111, 47.180566666666664 ], [ 6.840497222222222, 47.171755555555556 ], [ 6.843811111111111, 47.166147222222222 ], [ 6.858791666666666, 47.165177777777778 ], [ 6.849130555555555, 47.156180555555551 ], [ 6.839922222222222, 47.154197222222223 ], [ 6.839108333333333, 47.150372222222224 ], [ 6.830122222222222, 47.146322222222224 ], [ 6.827352777777778, 47.14639722222222 ], [ 6.824111111111111, 47.141747222222222 ], [ 6.81925, 47.1401 ], [ 6.815283333333333, 47.135583333333329 ], [ 6.807638888888889, 47.135405555555558 ], [ 6.805716666666666, 47.130808333333334 ], [ 6.778697222222222, 47.12355 ], [ 6.776222222222223, 47.121330555555559 ], [ 6.766408333333334, 47.120975 ], [ 6.752319444444445, 47.114863888888891 ], [ 6.746202777777778, 47.109819444444447 ], [ 6.739516666666667, 47.109966666666665 ], [ 6.740111111111111, 47.108925 ], [ 6.741547222222223, 47.103225 ], [ 6.746625, 47.097588888888893 ], [ 6.744916666666667, 47.092097222222222 ], [ 6.738033333333333, 47.089711111111114 ], [ 6.725891666666667, 47.091613888888894 ], [ 6.703630555555556, 47.082119444444444 ], [ 6.700461111111111, 47.070019444444448 ], [ 6.239166666666667, 47.063333333333333 ], [ 5.951111111111111, 46.966666666666669 ], [ 5.783333333333333, 47.466666666666669 ], [ 5.996111111111111, 48.063611111111108 ] ] ] } },
{ "type": "Feature", "properties": { "fir": "LFEE", "identifier": "LFEE:XR UAC:315-345", "name": "XR UAC", "level_lower": 315, "level_upper": 345 }, "geometry": { "type": "Polygon", "coordinates": [ [ [ 3.7875, 50.339722222222221 ], [ 3.984722222222222, 50.237222222222222 ], [ 4.391666666666667, 50.05833333333333 ], [ 4.851761111111111, 49.852630555555557 ], [ 5.008166666666667, 49.7819 ], [ 5.442222222222222, 49.567777777777778 ], [ 5.634166666666666, 49.3 ], [ 4.8, 48.95 ], [ 4.214722222222222, 48.975830555555561 ], [ 3.5, 48.7 ], [ 3.116666666666667, 48.666666666666664 ], [ 3.016663888888889, 48.583333333333336 ], [ 2.454722222222222, 49.076111111111118 ], [ 2.241388888888889, 49.265555555555558 ], [ 2.75, 49.45 ], [ 2.983333333333333, 49.739166666666669 ], [ 3.525, 50.438888888888883 ], [ 3.7875, 50.339722222222221 ] ] ] } },
{ "type": "Feature", "properties": { "fir": "LFEE", "identifier": "LFEE:YB UAC:345-365", "name": "YB UAC", "level_lower": 345, "level_upper": 365 }, "geometry": { "type": "Polygon", "coordinates": [ [ [ 1.781941666666667, 50.741388888888892 ], [ 1.734722222222222, 50.712222222222223 ], [ 1.465, 50.905277777777776 ], [ 1.466666666666667, 51.0 ], [ 1.732222222222222, 51.058055555555555 ], [ 2.356944444444445, 50.8525 ], [ 2.833333333333333, 50.691944444444438 ], [ 3.28, 50.5425 ], [ 3.525, 50.438888888888883 ], [ 2.983333333333333, 49.739166666666669 ], [ 1.781941666666667, 50.741388888888892 ] ] ] } },
{ "type": "Feature", "properties": { "fir": "LFEE", "identifier": "LFEE:YR UAC:365-375", "name": "YR UAC", "level_lower": 365, "level_upper": 375 }, "geometry": { "type": "Polygon", "coordinates": [ [ [ 3.525, 50.438888888888883 ], [ 3.7875, 50.339722222222221 ], [ 3.984722222222222, 50.237222222222222 ], [ 4.391666666666667, 50.05833333333333 ], [ 4.851761111111111, 49.852630555555557 ], [ 5.008166666666667, 49.7819 ], [ 5.442222222222222, 49.567777777777778 ], [ 5.634166666666666, 49.3 ], [ 4.8, 48.95 ], [ 4.214722222222222, 48.975830555555561 ], [ 3.5, 48.7 ], [ 3.116666666666667, 48.666666666666664 ], [ 3.016663888888889, 48.583333333333336 ], [ 2.454722222222222, 49.076111111111118 ], [ 2.241388888888889, 49.265555555555558 ], [ 2.75, 49.45 ], [ 3.525, 50.438888888888883 ] ] ] } },
{ "type": "Feature", "properties": { "fir": "LFMM", "identifier": "LFMM:CLERMONT CF1:027-145", "name": "CLERMONT CF1", "level_lower": 27, "level_upper": 145 }, "geometry": { "type": "Polygon", "coordinates": [ [ [ 3.566666666666666, 46.333330555555555 ], [ 3.633330555555556, 46.30833055555555 ], [ 3.633330555555556, 46.2 ], [ 3.683330555555556, 46.104441666666666 ], [ 3.853888888888889, 46.05 ], [ 3.898055555555556, 45.969441666666668 ], [ 3.915, 45.938608333333327 ], [ 4.093552777777777, 45.609963888888892 ], [ 4.108888888888888, 45.581666666666671 ], [ 3.021111111111111, 45.223330555555556 ], [ 2.604719444444445, 45.166666666666664 ], [ 2.5, 45.166666666666664 ], [ 2.5, 45.253611111111113 ], [ 2.5, 45.43610833333333 ], [ 2.5, 46.229444444444447 ], [ 2.588888888888889, 46.259722222222223 ], [ 2.927777777777778, 46.255555555555553 ], [ 2.916666666666667, 46.333333333333336 ], [ 3.566666666666666, 46.333330555555555 ] ] ] } },
{ "type": "Feature", "properties": { "fir": "LFMM", "identifier": "LFMM:CLERMONT CF1-N:000-027", "name": "CLERMONT CF1-N", "level_lower": 0, "level_upper": 27 }, "geometry": { "type": "Polygon", "coordinates": [ [ [ 2.5, 46.229444444444447 ], [ 2.588888888888889, 46.259722222222223 ], [ 2.927777777777778, 46.255555555555553 ], [ 2.916666666666667, 46.333333333333336 ], [ 3.566666666666666, 46.333330555555555 ], [ 3.633330555555556, 46.30833055555555 ], [ 3.633330555555556, 46.2 ], [ 3.683330555555556, 46.104441666666666 ], [ 3.853888888888889, 46.05 ], [ 3.380919444444444, 45.861463888888892 ], [ 3.197661111111111, 45.891530555555555 ], [ 3.195238888888889, 45.891908333333333 ], [ 3.192805555555555, 45.892258333333331 ], [ 3.190366666666666, 45.892583333333334 ], [ 3.187919444444444, 45.892880555555557 ], [ 3.185466666666667, 45.89315 ], [ 3.183008333333333, 45.893391666666666 ], [ 3.180544444444444, 45.893608333333333 ], [ 3.178075, 45.893794444444445 ], [ 3.175602777777778, 45.893955555555557 ], [ 3.173125, 45.894088888888888 ], [ 3.170647222222222, 45.894191666666664 ], [ 3.168166666666667, 45.894269444444447 ], [ 3.165683333333333, 45.894319444444442 ], [ 3.1632, 45.894341666666669 ], [ 3.160716666666667, 45.894336111111109 ], [ 3.158233333333333, 45.894302777777774 ], [ 3.15575, 45.894241666666666 ], [ 3.153269444444444, 45.894155555555557 ], [ 3.150791666666667, 45.894038888888886 ], [ 3.148316666666667, 45.893894444444442 ], [ 3.145844444444444, 45.893725 ], [ 3.143377777777778, 45.893527777777777 ], [ 3.140916666666667, 45.8933 ], [ 3.138461111111111, 45.893047222222222 ], [ 3.136011111111111, 45.892766666666667 ], [ 3.133566666666667, 45.89246111111111 ], [ 3.131127777777778, 45.892125 ], [ 3.1287, 45.891763888888889 ], [ 3.126280555555556, 45.891375 ], [ 3.123869444444444, 45.89095833333333 ], [ 3.121469444444445, 45.890516666666663 ], [ 3.119077777777778, 45.890047222222222 ], [ 3.1167, 45.88955277777778 ], [ 3.114333333333334, 45.889030555555557 ], [ 3.111977777777778, 45.888480555555553 ], [ 3.109636111111111, 45.887908333333336 ], [ 3.107305555555556, 45.887305555555557 ], [ 3.104991666666667, 45.886680555555557 ], [ 3.102691666666667, 45.886027777777777 ], [ 3.100408333333333, 45.885352777777776 ], [ 3.098138888888889, 45.88465 ], [ 3.095886111111111, 45.883922222222225 ], [ 3.09365, 45.883169444444448 ], [ 3.091433333333334, 45.88239166666667 ], [ 3.089233333333333, 45.881588888888892 ], [ 3.087052777777778, 45.880763888888886 ], [ 3.084891666666667, 45.879911111111113 ], [ 3.08275, 45.879038888888893 ], [ 3.080627777777778, 45.878138888888891 ], [ 3.078527777777778, 45.877216666666669 ], [ 3.07645, 45.876272222222219 ], [ 3.074391666666667, 45.875305555555556 ], [ 3.072358333333334, 45.874313888888892 ], [ 3.070344444444445, 45.8733 ], [ 3.068358333333334, 45.872266666666668 ], [ 3.066394444444444, 45.871208333333335 ], [ 3.064455555555555, 45.870127777777775 ], [ 3.062541666666666, 45.869027777777781 ], [ 3.060652777777777, 45.867905555555559 ], [ 3.058788888888889, 45.86676388888889 ], [ 3.056952777777778, 45.8656 ], [ 3.055144444444444, 45.864416666666671 ], [ 3.053361111111111, 45.863213888888893 ], [ 3.051608333333333, 45.861991666666668 ], [ 3.049880555555555, 45.86075 ], [ 3.048186111111111, 45.85948888888889 ], [ 3.046516666666667, 45.858205555555557 ], [ 3.044880555555555, 45.856908333333337 ], [ 3.043269444444444, 45.855591666666669 ], [ 3.041694444444444, 45.854258333333334 ], [ 3.040147222222222, 45.852905555555559 ], [ 3.038630555555555, 45.851538888888889 ], [ 3.037147222222222, 45.85015277777778 ], [ 3.035694444444444, 45.84875 ], [ 3.034280555555556, 45.846891666666671 ], [ 3.034069444444444, 45.84491388888889 ], [ 3.033875, 45.842936111111115 ], [ 3.033694444444444, 45.84095555555556 ], [ 3.033533333333333, 45.838975 ], [ 3.033388888888889, 45.83699444444445 ], [ 3.033261111111111, 45.835011111111115 ], [ 3.03315, 45.83303055555556 ], [ 3.033055555555555, 45.831047222222224 ], [ 3.032980555555556, 45.829063888888889 ], [ 3.032919444444445, 45.827080555555561 ], [ 3.032875, 45.825097222222226 ], [ 3.03285, 45.823113888888891 ], [ 3.032838888888889, 45.821127777777782 ], [ 3.032847222222222, 45.819144444444447 ], [ 3.032872222222222, 45.817161111111112 ], [ 3.032913888888889, 45.815177777777777 ], [ 3.032969444444444, 45.813194444444441 ], [ 3.033044444444444, 45.811211111111106 ], [ 3.033138888888889, 45.809227777777778 ], [ 3.033244444444444, 45.807244444444443 ], [ 3.033372222222222, 45.805263888888888 ], [ 3.033513888888889, 45.803283333333333 ], [ 3.033675, 45.801302777777778 ], [ 3.03385, 45.799322222222223 ], [ 3.034041666666667, 45.797341666666668 ], [ 3.034252777777778, 45.795363888888886 ], [ 3.034477777777778, 45.793386111111111 ], [ 3.034722222222222, 45.79141111111111 ], [ 3.034983333333333, 45.789433333333335 ], [ 3.035261111111111, 45.787461111111107 ], [ 3.035552777777778, 45.785486111111112 ], [ 3.035863888888889, 45.783513888888884 ], [ 3.036191666666666, 45.781544444444442 ], [ 3.036536111111111, 45.779575 ], [ 3.036894444444444, 45.777605555555553 ], [ 3.037272222222222, 45.775641666666665 ], [ 3.037666666666667, 45.773675 ], [ 3.038077777777778, 45.77171388888889 ], [ 3.038505555555556, 45.76975 ], [ 3.03895, 45.767791666666668 ], [ 3.039411111111111, 45.765833333333333 ], [ 3.039888888888889, 45.763877777777779 ], [ 3.040380555555556, 45.761925 ], [ 3.040891666666667, 45.759972222222224 ], [ 3.041419444444444, 45.758025 ], [ 3.041963888888889, 45.756077777777776 ], [ 3.042525, 45.754130555555555 ], [ 3.0431, 45.752188888888888 ], [ 3.043694444444444, 45.75025 ], [ 3.044302777777778, 45.748311111111114 ], [ 3.044927777777778, 45.746375 ], [ 3.045572222222222, 45.744441666666667 ], [ 3.046230555555555, 45.742513888888887 ], [ 3.046905555555556, 45.740586111111114 ], [ 3.047597222222222, 45.738661111111114 ], [ 3.048305555555555, 45.736741666666667 ], [ 3.049027777777777, 45.73482222222222 ], [ 3.049769444444444, 45.732905555555554 ], [ 3.050525, 45.730994444444448 ], [ 3.0513, 45.729086111111116 ], [ 3.052088888888889, 45.727180555555556 ], [ 3.052891666666667, 45.725277777777777 ], [ 3.053713888888889, 45.723377777777777 ], [ 3.05455, 45.721480555555559 ], [ 3.055402777777778, 45.719588888888893 ], [ 3.056272222222222, 45.7177 ], [ 3.057158333333333, 45.715816666666669 ], [ 3.058061111111111, 45.713933333333337 ], [ 3.058977777777778, 45.712055555555558 ], [ 3.059911111111111, 45.710183333333333 ], [ 3.060858333333333, 45.708313888888888 ], [ 3.061822222222222, 45.706447222222224 ], [ 3.062802777777778, 45.704586111111112 ], [ 3.0638, 45.702727777777781 ], [ 2.5, 45.43610833333333 ], [ 2.5, 46.229444444444447 ] ] ] } },
{ "type": "Feature", "properties": { "fir": "LFMM", "identifier": "LFMM:CLERMONT CF2:115-145", "name": "CLERMONT CF2", "level_lower": 115, "level_upper": 145 }, "geometry": { "type": "Polygon", "coordinates": [ [ [ 3.633330555555556, 46.30833055555555 ], [ 3.566666666666666, 46.333330555555555 ], [ 2.916666666666667, 46.333333333333336 ], [ 3.266666666666667, 46.5 ], [ 3.616666666666667, 46.5 ], [ 3.633330555555556, 46.30833055555555 ] ] ] } },
{ "type": "Feature", "properties": { "fir": "LFMM", "identifier": "LFMM:CLERMONT CY1:020-115", "name": "CLERMONT CY1", "level_lower": 20, "level_upper": 115 }, "geometry": { "type": "Polygon", "coordinates": [ [ [ 3.313055555555555, 46.728055555555557 ], [ 3.383333333333333, 46.983333333333334 ], [ 3.501944444444444, 47.109722222222224 ], [ 4.270830555555555, 47.359166666666667 ], [ 4.366944444444444, 46.88 ], [ 4.65, 46.583333333333336 ], [ 4.674722222222223, 46.5 ], [ 4.4, 46.5 ], [ 4.05, 46.175 ], [ 3.853888888888889, 46.05 ], [ 3.683330555555556, 46.104441666666666 ], [ 3.633330555555556, 46.2 ], [ 3.633330555555556, 46.30833055555555 ], [ 3.566666666666666, 46.333330555555555 ], [ 2.916666666666667, 46.333333333333336 ], [ 2.868052777777778, 46.5775 ], [ 3.313055555555555, 46.728055555555557 ] ] ] } },
{ "type": "Feature", "properties": { "fir": "LFMM", "identifier": "LFMM:CLERMONT CY1-E:000-020", "name": "CLERMONT CY1-E", "level_lower": 0, "level_upper": 20 }, "geometry": { "type": "Polygon", "coordinates": [ [ [ 4.65, 46.583333333333336 ], [ 4.674722222222223, 46.5 ], [ 4.4, 46.5 ], [ 4.05, 46.175 ], [ 4.053491666666666, 46.257908333333333 ], [ 4.074763888888889, 46.260877777777779 ], [ 4.095505555555556, 46.265294444444443 ], [ 4.115508333333333, 46.271116666666664 ], [ 4.134575, 46.278286111111107 ], [ 4.152516666666667, 46.28673055555555 ], [ 4.169158333333334, 46.296369444444444 ], [ 4.184327777777778, 46.307108333333332 ], [ 4.197877777777778, 46.318836111111118 ], [ 4.209669444444445, 46.331436111111117 ], [ 4.219586111111111, 46.344786111111112 ], [ 4.227530555555556, 46.358752777777781 ], [ 4.233416666666667, 46.373194444444444 ], [ 4.237188888888889, 46.387969444444444 ], [ 4.238802777777778, 46.40293333333333 ], [ 4.238247222222222, 46.41793055555555 ], [ 4.235519444444445, 46.432816666666668 ], [ 4.23065, 46.447441666666663 ], [ 4.229216666666667, 46.450786111111114 ], [ 4.227669444444444, 46.454108333333338 ], [ 4.226011111111111, 46.45740555555556 ], [ 4.224238888888889, 46.460675 ], [ 4.222361111111111, 46.463913888888889 ], [ 4.220369444444445, 46.467122222222223 ], [ 4.218275, 46.470297222222221 ], [ 4.216069444444445, 46.473438888888893 ], [ 4.213761111111111, 46.47654444444445 ], [ 4.211347222222223, 46.479613888888892 ], [ 4.208830555555556, 46.482641666666666 ], [ 4.206211111111111, 46.485627777777779 ], [ 4.203491666666666, 46.488572222222224 ], [ 4.200675, 46.491472222222221 ], [ 4.197761111111111, 46.494325 ], [ 4.19475, 46.497130555555557 ], [ 4.191641666666666, 46.49988888888889 ], [ 4.188444444444444, 46.502594444444448 ], [ 4.185155555555556, 46.50525 ], [ 4.181777777777778, 46.507852777777778 ], [ 4.178313888888889, 46.5104 ], [ 4.174763888888889, 46.512888888888888 ], [ 4.171127777777778, 46.515322222222224 ], [ 4.167413888888889, 46.517694444444444 ], [ 4.163619444444445, 46.52001111111111 ], [ 4.159747222222222, 46.522261111111114 ], [ 4.1558, 46.524452777777775 ], [ 4.151777777777778, 46.526577777777774 ], [ 4.147686111111112, 46.528638888888885 ], [ 4.143525, 46.530633333333334 ], [ 4.1393, 46.532561111111107 ], [ 4.135008333333333, 46.534419444444445 ], [ 4.130655555555555, 46.536211111111108 ], [ 4.126241666666666, 46.537930555555555 ], [ 4.121772222222222, 46.539580555555553 ], [ 4.117247222222222, 46.541155555555555 ], [ 4.112669444444444, 46.542661111111109 ], [ 4.108041666666666, 46.544088888888886 ], [ 4.103369444444444, 46.545444444444442 ], [ 4.09865, 46.546725 ], [ 4.093888888888888, 46.547930555555553 ], [ 4.089088888888889, 46.549058333333335 ], [ 4.08425, 46.550108333333327 ], [ 4.079377777777777, 46.551080555555551 ], [ 4.074475, 46.551975 ], [ 4.069541666666667, 46.552791666666664 ], [ 4.064580555555556, 46.553527777777774 ], [ 4.0596, 46.554183333333327 ], [ 4.054594444444445, 46.554761111111105 ], [ 4.049575, 46.555255555555554 ], [ 4.044536111111111, 46.555672222222221 ], [ 4.366944444444444, 46.88 ], [ 4.65, 46.583333333333336 ] ] ] } },
{ "type": "Feature", "properties": { "fir": "LFMM", "identifier": "LFMM:CLERMONT CY1-W:000-020", "name": "CLERMONT CY1-W", "level_lower": 0, "level_upper": 20 }, "geometry": { "type": "Polygon", "coordinates": [ [ [ 4.053491666666666, 46.257908333333333 ], [ 4.05, 46.175 ], [ 3.853888888888889, 46.05 ], [ 3.683330555555556, 46.104441666666666 ], [ 3.633330555555556, 46.2 ], [ 3.633330555555556, 46.30833055555555 ], [ 3.566666666666666, 46.333330555555555 ], [ 2.916666666666667, 46.333333333333336 ], [ 2.868052777777778, 46.5775 ], [ 3.313055555555555, 46.728055555555557 ], [ 3.383333333333333, 46.983333333333334 ], [ 3.501944444444444, 47.109722222222224 ], [ 4.270830555555555, 47.359166666666667 ], [ 4.366944444444444, 46.88 ], [ 4.044536111111111, 46.555672222222221 ], [ 4.022752777777778, 46.556536111111107 ], [ 4.000955555555556, 46.555897222222221 ], [ 3.979358333333333, 46.553763888888888 ], [ 3.958180555555556, 46.550152777777775 ], [ 3.937638888888889, 46.545102777777778 ], [ 3.917936111111111, 46.538663888888884 ], [ 3.899272222222222, 46.530902777777776 ], [ 3.881830555555556, 46.521894444444442 ], [ 3.865788888888889, 46.511736111111112 ], [ 3.851308333333333, 46.500519444444443 ], [ 3.838530555555556, 46.488366666666664 ], [ 3.827586111111111, 46.475391666666667 ], [ 3.818580555555555, 46.461730555555562 ], [ 3.8116, 46.447519444444438 ], [ 3.806719444444444, 46.432897222222223 ], [ 3.803980555555555, 46.418013888888886 ], [ 3.803413888888889, 46.403013888888886 ], [ 3.805016666666666, 46.38805277777778 ], [ 3.808777777777778, 46.373275 ], [ 3.814652777777777, 46.358827777777776 ], [ 3.822586111111111, 46.344861111111115 ], [ 3.832491666666666, 46.331505555555559 ], [ 3.844275, 46.3189 ], [ 3.857813888888889, 46.30716944444444 ], [ 3.872975, 46.296427777777772 ], [ 3.889608333333333, 46.286780555555552 ], [ 3.907544444444444, 46.278327777777776 ], [ 3.926605555555555, 46.27115 ], [ 3.946602777777778, 46.265319444444444 ], [ 3.967341666666667, 46.260897222222219 ], [ 3.988611111111111, 46.257919444444447 ], [ 4.010202777777778, 46.256425 ], [ 4.0319, 46.256419444444447 ], [ 4.053491666666666, 46.257908333333333 ] ] ] } },
{ "type": "Feature", "properties": { "fir": "LFMM", "identifier": "LFMM:CLERMONT CY2-QFU17:000-085", "name": "CLERMONT CY2-QFU17", "level_lower": 0, "level_upper": 85 }, "geometry": { "type": "Polygon", "coordinates": [ [ [ 3.898055555555556, 45.969441666666668 ], [ 3.853888888888889, 46.05 ], [ 4.05, 46.175 ], [ 4.4, 46.5 ], [ 4.674722222222223, 46.5 ], [ 4.731111111111111, 46.307219444444442 ], [ 4.693058333333334, 46.250541666666663 ], [ 4.670830555555556, 46.218055555555559 ], [ 4.661388888888889, 46.203611111111115 ], [ 4.203611111111111, 46.086111111111116 ], [ 4.290277777777778, 45.923888888888889 ], [ 3.898055555555556, 45.969441666666668 ] ] ] } },
{ "type": "Feature", "properties": { "fir": "LFMM", "identifier": "LFMM:CLERMONT CY2-QFU35:000-085", "name": "CLERMONT CY2-QFU35", "level_lower": 0, "level_upper": 85 }, "geometry": { "type": "Polygon", "coordinates": [ [ [ 3.898055555555556, 45.969441666666668 ], [ 3.853888888888889, 46.05 ], [ 4.05, 46.175 ], [ 4.4, 46.5 ], [ 4.674722222222223, 46.5 ], [ 4.731111111111111, 46.307219444444442 ], [ 4.670830555555556, 46.218055555555559 ], [ 4.661388888888889, 46.203611111111115 ], [ 4.203611111111111, 46.086111111111116 ], [ 4.290277777777778, 45.923888888888889 ], [ 3.898055555555556, 45.969441666666668 ] ] ] } },
{ "type": "Feature", "properties": { "fir": "LFMM", "identifier": "LFMM:G1 UAC:245-305", "name": "G1 UAC", "level_lower": 245, "level_upper": 305 }, "geometry": { "type": "Polygon", "coordinates": [ [ [ 4.491663888888889, 45.358333333333334 ], [ 4.229444444444445, 45.68944444444444 ], [ 3.668886111111111, 45.777777777777779 ], [ 3.369722222222222, 46.524163888888886 ], [ 3.5, 46.56666666666667 ], [ 3.683333333333334, 46.283333333333331 ], [ 4.05, 46.283333333333331 ], [ 4.5, 46.283333333333331 ], [ 4.599997222222222, 46.274997222222218 ], [ 5.133333333333334, 46.233333333333334 ], [ 5.7, 46.116666666666667 ], [ 5.826938888888889, 46.020352777777774 ], [ 4.9825, 45.498333333333335 ], [ 4.726111111111111, 45.268611111111113 ], [ 4.491663888888889, 45.358333333333334 ] ] ] } },
{ "type": "Feature", "properties": { "fir": "LFMM", "identifier": "LFMM:G2 UAC:305-355", "name": "G2 UAC", "level_lower": 305, "level_upper": 355 }, "geometry": { "type": "Polygon", "coordinates": [ [ [ 4.491663888888889, 45.358333333333334 ], [ 4.229444444444445, 45.68944444444444 ], [ 3.668886111111111, 45.777777777777779 ], [ 3.369722222222222, 46.524163888888886 ], [ 3.5, 46.56666666666667 ], [ 3.683333333333334, 46.283333333333331 ], [ 4.05, 46.283333333333331 ], [ 4.5, 46.283333333333331 ], [ 4.599997222222222, 46.274997222222218 ], [ 5.133333333333334, 46.233333333333334 ], [ 5.7, 46.116666666666667 ], [ 5.826938888888889, 46.020352777777774 ], [ 4.9825, 45.498333333333335 ], [ 4.726111111111111, 45.268611111111113 ], [ 4.491663888888889, 45.358333333333334 ] ] ] } },
{ "type": "Feature", "properties": { "fir": "LFMM", "identifier": "LFMM:G3 UAC:355-375", "name": "G3 UAC", "level_lower": 355, "level_upper": 375 }, "geometry": { "type": "Polygon", "coordinates": [ [ [ 4.491663888888889, 45.358333333333334 ], [ 4.229444444444445, 45.68944444444444 ], [ 3.668886111111111, 45.777777777777779 ], [ 3.369722222222222, 46.524163888888886 ], [ 3.5, 46.56666666666667 ], [ 3.683333333333334, 46.283333333333331 ], [ 4.05, 46.283333333333331 ], [ 4.5, 46.283333333333331 ], [ 4.599997222222222, 46.274997222222218 ], [ 5.133333333333334, 46.233333333333334 ], [ 5.7, 46.116666666666667 ], [ 5.826938888888889, 46.020352777777774 ], [ 4.9825, 45.498333333333335 ], [ 4.726111111111111, 45.268611111111113 ], [ 4.491663888888889, 45.358333333333334 ] ] ] } },
{ "type": "Feature", "properties": { "fir": "LFMM", "identifier": "LFMM:G4 UAC:375-660", "name": "G4 UAC", "level_lower": 375, "level_upper": 660 }, "geometry": { "type": "Polygon", "coordinates": [ [ [ 4.491663888888889, 45.358333333333334 ], [ 4.229444444444445, 45.68944444444444 ], [ 3.668886111111111, 45.777777777777779 ], [ 3.369722222222222, 46.524163888888886 ], [ 3.5, 46.56666666666667 ], [ 3.683333333333334, 46.283333333333331 ], [ 4.05, 46.283333333333331 ], [ 4.5, 46.283333333333331 ], [ 4.599997222222222, 46.274997222222218 ], [ 5.133333333333334, 46.233333333333334 ], [ 5.7, 46.116666666666667 ], [ 5.826938888888889, 46.020352777777774 ], [ 4.9825, 45.498333333333335 ], [ 4.726111111111111, 45.268611111111113 ], [ 4.491663888888889, 45.358333333333334 ] ] ] } },
{ "type": "Feature", "properties": { "fir": "LFMM", "identifier": "LFMM:LE1 1 UAC:155-175", "name": "LE1 1 UAC", "level_lower": 155, "level_upper": 175 }, "geometry": { "type": "Polygon", "coordinates": [ [ [ 4.4, 46.5 ], [ 4.674722222222223, 46.5 ], [ 4.833333333333333, 46.5 ], [ 4.952777777777778, 46.5 ], [ 5.016666666666667, 46.5 ], [ 5.090552777777777, 46.5 ], [ 5.161666666666667, 46.5 ], [ 5.21865, 46.5 ], [ 5.407777777777778, 46.363333333333337 ], [ 5.576388888888888, 46.237222222222222 ], [ 5.570555555555555, 46.060277777777777 ], [ 5.570269444444444, 46.050627777777777 ], [ 5.572936111111111, 46.027138888888885 ], [ 5.580861111111111, 46.004238888888892 ], [ 5.593855555555555, 45.982488888888888 ], [ 5.600277777777777, 45.975277777777777 ], [ 5.611597222222222, 45.962425 ], [ 5.63365, 45.944536111111105 ], [ 5.659472222222223, 45.92926111111111 ], [ 5.662708333333334, 45.927961111111109 ], [ 5.581388888888888, 45.828888888888891 ], [ 5.554813888888889, 45.796663888888887 ], [ 5.701111111111111, 45.744722222222222 ], [ 5.976944444444444, 45.775277777777774 ], [ 6.096555555555555, 45.80640833333333 ], [ 6.132441666666666, 45.772211111111112 ], [ 6.230555555555556, 45.680277777777775 ], [ 6.259761111111112, 45.652891666666662 ], [ 6.333333333333333, 45.583333333333336 ], [ 6.339722222222222, 45.572222222222223 ], [ 6.363333333333333, 45.672222222222217 ], [ 6.390833333333334, 45.797222222222217 ], [ 6.513888888888889, 45.716666666666669 ], [ 6.835555555555556, 45.503611111111113 ], [ 7.110833333333333, 45.320555555555558 ], [ 7.137677777777778, 45.25555277777778 ], [ 7.073133333333333, 45.21155 ], [ 7.047727777777777, 45.225094444444444 ], [ 6.965330555555556, 45.209133333333334 ], [ 6.946791666666667, 45.169936111111106 ], [ 6.891861111111111, 45.167030555555556 ], [ 6.894605555555555, 45.137975 ], [ 6.8486, 45.12635 ], [ 6.767577777777777, 45.159283333333335 ], [ 6.739425, 45.137491666666669 ], [ 6.681744444444445, 45.139427777777776 ], [ 6.630936111111112, 45.10745277777778 ], [ 6.673505555555556, 45.020155555555554 ], [ 6.285, 44.365277777777777 ], [ 6.14, 44.538333333333334 ], [ 5.366111111111111, 44.538333333333334 ], [ 5.352222222222222, 44.666666666666664 ], [ 5.336388888888888, 44.87 ], [ 5.3, 45.333333333333336 ], [ 5.25, 45.5 ], [ 4.886111111111111, 45.948055555555555 ], [ 4.4, 46.5 ] ] ] } },
{ "type": "Feature", "properties": { "fir": "LFMM", "identifier": "LFMM:LE1 1 UAC:145-155", "name": "LE1 1 UAC", "level_lower": 145, "level_upper": 155 }, "geometry": { "type": "Polygon", "coordinates": [ [ [ 6.087777777777777, 45.620555555555555 ], [ 6.096555555555555, 45.80640833333333 ], [ 6.132441666666666, 45.772211111111112 ], [ 6.230555555555556, 45.680277777777775 ], [ 6.259761111111112, 45.652891666666662 ], [ 6.333333333333333, 45.583333333333336 ], [ 6.339722222222222, 45.572222222222223 ], [ 6.363333333333333, 45.672222222222217 ], [ 6.390833333333334, 45.797222222222217 ], [ 6.513888888888889, 45.716666666666669 ], [ 6.835555555555556, 45.503611111111113 ], [ 7.110833333333333, 45.320555555555558 ], [ 7.137677777777778, 45.25555277777778 ], [ 7.073133333333333, 45.21155 ], [ 7.047727777777777, 45.225094444444444 ], [ 6.965330555555556, 45.209133333333334 ], [ 6.946791666666667, 45.169936111111106 ], [ 6.891861111111111, 45.167030555555556 ], [ 6.894605555555555, 45.137975 ], [ 6.8486, 45.12635 ], [ 6.767577777777777, 45.159283333333335 ], [ 6.739425, 45.137491666666669 ], [ 6.681744444444445, 45.139427777777776 ], [ 6.630936111111112, 45.10745277777778 ], [ 6.673505555555556, 45.020155555555554 ], [ 6.285, 44.365277777777777 ], [ 6.14, 44.538333333333334 ], [ 5.366111111111111, 44.538333333333334 ], [ 5.352222222222222, 44.666666666666664 ], [ 5.336388888888888, 44.87 ], [ 5.3, 45.333333333333336 ], [ 5.25, 45.5 ], [ 4.886111111111111, 45.948055555555555 ], [ 4.4, 46.5 ], [ 4.674722222222223, 46.5 ], [ 4.833333333333333, 46.5 ], [ 4.952777777777778, 46.5 ], [ 5.016666666666667, 46.5 ], [ 5.090552777777777, 46.5 ], [ 5.161666666666667, 46.5 ], [ 5.21865, 46.5 ], [ 5.407777777777778, 46.363333333333337 ], [ 5.576388888888888, 46.237222222222222 ], [ 5.570555555555555, 46.060277777777777 ], [ 5.570269444444444, 46.050627777777777 ], [ 5.572936111111111, 46.027138888888885 ], [ 5.580861111111111, 46.004238888888892 ], [ 5.593855555555555, 45.982488888888888 ], [ 5.600277777777777, 45.975277777777777 ], [ 5.611597222222222, 45.962425 ], [ 5.63365, 45.944536111111105 ], [ 5.659472222222223, 45.92926111111111 ], [ 5.662708333333334, 45.927961111111109 ], [ 5.581388888888888, 45.828888888888891 ], [ 5.554813888888889, 45.796663888888887 ], [ 5.489444444444445, 45.716666666666669 ], [ 5.498055555555555, 45.685555555555553 ], [ 5.983333333333333, 45.632222222222225 ], [ 6.087777777777777, 45.620555555555555 ] ] ] } },
{ "type": "Feature", "properties": { "fir": "LFMM", "identifier": "LFMM:LE1 1-NW UAC QFU17:115-145", "name": "LE1 1-NW UAC QFU17", "level_lower": 115, "level_upper": 145 }, "geometry": { "type": "Polygon", "coordinates": [ [ [ 4.4, 46.5 ], [ 4.674722222222223, 46.5 ], [ 4.731111111111111, 46.307219444444442 ], [ 4.693058333333334, 46.250541666666663 ], [ 4.670830555555556, 46.218055555555559 ], [ 4.661388888888889, 46.203611111111115 ], [ 4.4, 46.5 ] ] ] } },
{ "type": "Feature", "properties": { "fir": "LFMM", "identifier": "LFMM:LE1 1-NW UAC QFU35:115-145", "name": "LE1 1-NW UAC QFU35", "level_lower": 115, "level_upper": 145 }, "geometry": { "type": "Polygon", "coordinates": [ [ [ 4.4, 46.5 ], [ 4.674722222222223, 46.5 ], [ 4.731111111111111, 46.307219444444442 ], [ 4.670830555555556, 46.218055555555559 ], [ 4.661388888888889, 46.203611111111115 ], [ 4.4, 46.5 ] ] ] } },
{ "type": "Feature", "properties": { "fir": "LFMM", "identifier": "LFMM:LE1 2 UAC:175-195", "name": "LE1 2 UAC", "level_lower": 175, "level_upper": 195 }, "geometry": { "type": "Polygon", "coordinates": [ [ [ 4.4, 46.5 ], [ 4.674722222222223, 46.5 ], [ 4.833333333333333, 46.5 ], [ 4.952777777777778, 46.5 ], [ 5.016666666666667, 46.5 ], [ 5.090552777777777, 46.5 ], [ 5.161666666666667, 46.5 ], [ 5.21865, 46.5 ], [ 5.407777777777778, 46.363333333333337 ], [ 5.576388888888888, 46.237222222222222 ], [ 5.570555555555555, 46.060277777777777 ], [ 5.570269444444444, 46.050627777777777 ], [ 5.572936111111111, 46.027138888888885 ], [ 5.580861111111111, 46.004238888888892 ], [ 5.593855555555555, 45.982488888888888 ], [ 5.600277777777777, 45.975277777777777 ], [ 5.611597222222222, 45.962425 ], [ 5.63365, 45.944536111111105 ], [ 5.659472222222223, 45.92926111111111 ], [ 5.662708333333334, 45.927961111111109 ], [ 5.581388888888888, 45.828888888888891 ], [ 5.554813888888889, 45.796663888888887 ], [ 5.701111111111111, 45.744722222222222 ], [ 5.976944444444444, 45.775277777777774 ], [ 6.096555555555555, 45.80640833333333 ], [ 6.132441666666666, 45.772211111111112 ], [ 6.230555555555556, 45.680277777777775 ], [ 6.259761111111112, 45.652891666666662 ], [ 6.333333333333333, 45.583333333333336 ], [ 6.339722222222222, 45.572222222222223 ], [ 6.399172222222223, 45.465811111111115 ], [ 6.746861111111111, 45.457166666666673 ], [ 6.835555555555556, 45.503611111111113 ], [ 7.110833333333333, 45.320555555555558 ], [ 7.137677777777778, 45.25555277777778 ], [ 7.073133333333333, 45.21155 ], [ 7.047727777777777, 45.225094444444444 ], [ 6.965330555555556, 45.209133333333334 ], [ 6.946791666666667, 45.169936111111106 ], [ 6.891861111111111, 45.167030555555556 ], [ 6.894605555555555, 45.137975 ], [ 6.8486, 45.12635 ], [ 6.767577777777777, 45.159283333333335 ], [ 6.739425, 45.137491666666669 ], [ 6.681744444444445, 45.139427777777776 ], [ 6.630936111111112, 45.10745277777778 ], [ 6.673505555555556, 45.020155555555554 ], [ 6.285, 44.365277777777777 ], [ 6.14, 44.538333333333334 ], [ 5.366111111111111, 44.538333333333334 ], [ 5.352222222222222, 44.666666666666664 ], [ 5.336388888888888, 44.87 ], [ 5.3, 45.333333333333336 ], [ 5.25, 45.5 ], [ 4.886111111111111, 45.948055555555555 ], [ 4.4, 46.5 ] ] ] } },
{ "type": "Feature", "properties": { "fir": "LFMM", "identifier": "LFMM:LO1 UAC:115-145", "name": "LO1 UAC", "level_lower": 115, "level_upper": 145 }, "geometry": { "type": "Polygon", "coordinates": [ [ [ 4.4, 46.5 ], [ 4.661388888888889, 46.203611111111115 ], [ 4.203611111111111, 46.086111111111116 ], [ 4.290277777777778, 45.923888888888889 ], [ 4.310555555555555, 45.884719444444443 ], [ 3.915, 45.938608333333327 ], [ 3.898055555555556, 45.969441666666668 ], [ 3.853888888888889, 46.05 ], [ 3.683330555555556, 46.104441666666666 ], [ 3.633330555555556, 46.2 ], [ 3.633330555555556, 46.30833055555555 ], [ 3.616666666666667, 46.5 ], [ 4.4, 46.5 ] ] ] } },
{ "type": "Feature", "properties": { "fir": "LFMM", "identifier": "LFMM:LO1 UAC:145-195", "name": "LO1 UAC", "level_lower": 145, "level_upper": 195 }, "geometry": { "type": "Polygon", "coordinates": [ [ [ 4.4, 46.5 ], [ 4.886111111111111, 45.948055555555555 ], [ 4.653611111111111, 45.853611111111114 ], [ 4.310555555555555, 45.884722222222223 ], [ 3.798888888888889, 45.954166666666673 ], [ 3.620833333333334, 45.899166666666666 ], [ 3.021111111111111, 45.223333333333336 ], [ 3.004444444444444, 45.7125 ], [ 2.916666666666667, 46.333333333333336 ], [ 3.266666666666667, 46.5 ], [ 3.616666666666667, 46.5 ], [ 4.4, 46.5 ] ] ] } },
{ "type": "Feature", "properties": { "fir": "LFMM", "identifier": "LFMM:LO2 UAC:195-245", "name": "LO2 UAC", "level_lower": 195, "level_upper": 245 }, "geometry": { "type": "Polygon", "coordinates": [ [ [ 4.886111111111111, 45.948055555555555 ], [ 4.653611111111111, 45.853611111111114 ], [ 4.310555555555555, 45.884722222222223 ], [ 3.798888888888889, 45.954166666666673 ], [ 3.620830555555556, 45.899166666666666 ], [ 3.369722222222222, 46.524163888888886 ], [ 3.5, 46.56666666666667 ], [ 3.683333333333334, 46.283333333333331 ], [ 4.05, 46.283333333333331 ], [ 4.5, 46.283333333333331 ], [ 4.599997222222222, 46.274997222222218 ], [ 4.886111111111111, 45.948055555555555 ] ] ] } },
{ "type": "Feature", "properties": { "fir": "LFMM", "identifier": "LFMM:LYON VE1 QFU17:035-145", "name": "LYON VE1 QFU17", "level_lower": 35, "level_upper": 145 }, "geometry": { "type": "Polygon", "coordinates": [ [ [ 4.674722222222223, 46.5 ], [ 4.833333333333333, 46.5 ], [ 4.952777777777778, 46.5 ], [ 5.016666666666667, 46.5 ], [ 5.090552777777777, 46.5 ], [ 5.161666666666667, 46.5 ], [ 5.21865, 46.5 ], [ 5.586111111111111, 46.5 ], [ 5.606111111111111, 46.477222222222224 ], [ 5.407777777777778, 46.363333333333337 ], [ 5.576388888888888, 46.237222222222222 ], [ 5.570555555555555, 46.060277777777777 ], [ 5.570269444444444, 46.050627777777777 ], [ 5.572936111111111, 46.027138888888885 ], [ 5.580861111111111, 46.004238888888892 ], [ 5.593855555555555, 45.982488888888888 ], [ 5.600277777777777, 45.975277777777777 ], [ 5.485555555555556, 45.916666666666664 ], [ 5.450555555555556, 45.856111111111112 ], [ 5.489444444444445, 45.716666666666669 ], [ 5.498055555555555, 45.685555555555553 ], [ 5.528055555555556, 45.581666666666671 ], [ 5.717777777777778, 45.490277777777777 ], [ 5.725830555555556, 45.451111111111111 ], [ 5.788888888888889, 45.438330555555552 ], [ 6.075830555555555, 45.464441666666673 ], [ 6.0, 45.255277777777778 ], [ 5.890555555555555, 45.020555555555553 ], [ 5.521111111111111, 45.0 ], [ 5.328330555555556, 45.0 ], [ 5.19173888888889, 44.850716666666671 ], [ 5.184566666666667, 45.279166666666669 ], [ 5.181941666666667, 45.440555555555555 ], [ 5.112202777777777, 45.554927777777777 ], [ 5.090555555555556, 45.745555555555555 ], [ 5.090580555555555, 45.82865 ], [ 5.027061111111111, 45.895827777777775 ], [ 4.693058333333334, 46.250541666666663 ], [ 4.731111111111111, 46.307219444444442 ], [ 4.674722222222223, 46.5 ] ] ] } },
{ "type": "Feature", "properties": { "fir": "LFMM", "identifier": "LFMM:LYON VE1-N QFU17:000-035", "name": "LYON VE1-N QFU17", "level_lower": 0, "level_upper": 35 }, "geometry": { "type": "Polygon", "coordinates": [ [ [ 4.833333333333333, 46.5 ], [ 4.952777777777778, 46.5 ], [ 5.016666666666667, 46.5 ], [ 5.090552777777777, 46.5 ], [ 5.161666666666667, 46.5 ], [ 5.21865, 46.5 ], [ 5.586111111111111, 46.5 ], [ 5.606111111111111, 46.477222222222224 ], [ 5.407777777777778, 46.363333333333337 ], [ 5.576388888888888, 46.237222222222222 ], [ 5.570555555555555, 46.060277777777777 ], [ 5.570269444444444, 46.050627777777777 ], [ 5.572936111111111, 46.027138888888885 ], [ 5.580861111111111, 46.004238888888892 ], [ 5.593855555555555, 45.982488888888888 ], [ 5.600277777777777, 45.975277777777777 ], [ 5.485555555555556, 45.916666666666664 ], [ 5.450555555555556, 45.856111111111112 ], [ 5.489444444444445, 45.716666666666669 ], [ 5.498055555555555, 45.685555555555553 ], [ 5.528055555555556, 45.581666666666671 ], [ 5.717777777777778, 45.490277777777777 ], [ 5.725830555555556, 45.451111111111111 ], [ 5.788888888888889, 45.438330555555552 ], [ 5.583611111111111, 45.32833055555556 ], [ 5.583611111111111, 45.423888888888889 ], [ 5.545830555555556, 45.447777777777773 ], [ 5.523888888888889, 45.447777777777773 ], [ 5.181941666666667, 45.440555555555555 ], [ 5.112202777777777, 45.554927777777777 ], [ 5.115077777777778, 45.5551 ], [ 5.11795, 45.555288888888889 ], [ 5.120819444444444, 45.555502777777775 ], [ 5.123688888888888, 45.555736111111109 ], [ 5.12655, 45.555991666666664 ], [ 5.129411111111111, 45.556266666666666 ], [ 5.132266666666666, 45.556563888888888 ], [ 5.135116666666667, 45.556880555555551 ], [ 5.137961111111111, 45.557219444444442 ], [ 5.140802777777778, 45.557580555555553 ], [ 5.143636111111111, 45.557961111111105 ], [ 5.146463888888889, 45.558363888888884 ], [ 5.149288888888889, 45.558786111111111 ], [ 5.152102777777778, 45.559227777777778 ], [ 5.154913888888889, 45.559694444444439 ], [ 5.157713888888889, 45.560177777777774 ], [ 5.160511111111111, 45.56068333333333 ], [ 5.163297222222223, 45.561211111111106 ], [ 5.166075, 45.56175555555555 ], [ 5.168844444444445, 45.562325 ], [ 5.171608333333333, 45.562911111111106 ], [ 5.174361111111112, 45.563519444444445 ], [ 5.177105555555556, 45.564147222222218 ], [ 5.179838888888889, 45.564794444444445 ], [ 5.182563888888889, 45.565463888888885 ], [ 5.185277777777778, 45.566152777777774 ], [ 5.187980555555556, 45.566861111111116 ], [ 5.190675, 45.567588888888892 ], [ 5.193355555555556, 45.568338888888896 ], [ 5.196025, 45.569105555555559 ], [ 5.198686111111112, 45.56989166666667 ], [ 5.201330555555556, 45.5707 ], [ 5.203966666666667, 45.571527777777781 ], [ 5.206588888888889, 45.572372222222228 ], [ 5.209197222222222, 45.573238888888895 ], [ 5.211791666666667, 45.574122222222229 ], [ 5.214375, 45.575027777777784 ], [ 5.216944444444445, 45.57595 ], [ 5.2195, 45.576891666666668 ], [ 5.222038888888889, 45.57785 ], [ 5.224563888888889, 45.578830555555562 ], [ 5.227077777777778, 45.57982777777778 ], [ 5.229572222222222, 45.580844444444445 ], [ 5.232052777777778, 45.581877777777784 ], [ 5.234516666666667, 45.582930555555556 ], [ 5.236966666666667, 45.584002777777783 ], [ 5.2394, 45.585091666666671 ], [ 5.241816666666667, 45.586197222222225 ], [ 5.241666666666667, 45.58583055555556 ], [ 5.2, 45.837777777777781 ], [ 5.153611111111111, 45.854166666666671 ], [ 5.148055555555556, 45.896941666666663 ], [ 5.148252777777778, 45.896969444444444 ], [ 5.144291666666667, 45.897675 ], [ 5.140311111111112, 45.898330555555553 ], [ 5.136313888888889, 45.898936111111112 ], [ 5.1323, 45.89949166666667 ], [ 5.128275, 45.899994444444445 ], [ 5.12423611111111, 45.900447222222219 ], [ 5.120186111111111, 45.900847222222218 ], [ 5.116125, 45.901197222222223 ], [ 5.112055555555555, 45.901494444444445 ], [ 5.109813888888889, 45.901641666666663 ], [ 5.107980555555555, 45.901741666666666 ], [ 5.1039, 45.901936111111112 ], [ 5.099813888888889, 45.902077777777777 ], [ 5.095725, 45.902169444444446 ], [ 5.091636111111111, 45.902211111111107 ], [ 5.087544444444444, 45.90219722222222 ], [ 5.083452777777778, 45.902133333333332 ], [ 5.079366666666666, 45.902016666666668 ], [ 5.075280555555556, 45.901847222222223 ], [ 5.071202777777778, 45.901627777777776 ], [ 5.067130555555555, 45.901355555555554 ], [ 5.063066666666667, 45.901033333333331 ], [ 5.059011111111111, 45.900658333333332 ], [ 5.054966666666666, 45.900233333333333 ], [ 5.050933333333333, 45.899755555555558 ], [ 5.046913888888889, 45.899227777777774 ], [ 5.042908333333333, 45.89865 ], [ 5.038919444444445, 45.898019444444444 ], [ 5.034947222222222, 45.897338888888889 ], [ 5.030994444444445, 45.896608333333333 ], [ 5.027061111111111, 45.895827777777775 ], [ 4.693058333333334, 46.250541666666663 ], [ 4.731111111111111, 46.307219444444442 ], [ 4.674722222222223, 46.5 ], [ 4.833333333333333, 46.5 ] ] ] } },
{ "type": "Feature", "properties": { "fir": "LFMM", "identifier": "LFMM:LYON VE2:000-075", "name": "LYON VE2", "level_lower": 0, "level_upper": 75 }, "geometry": { "type": "Polygon", "coordinates": [ [ [ 5.606111111111111, 46.477222222222224 ], [ 5.743333333333333, 46.312222222222218 ], [ 5.801111111111111, 46.242222222222225 ], [ 5.661666666666667, 46.173333333333332 ], [ 5.659472222222223, 46.172261111111112 ], [ 5.63365, 46.156925 ], [ 5.611597222222222, 46.138972222222222 ], [ 5.593855555555555, 46.11885 ], [ 5.580861111111111, 46.097055555555556 ], [ 5.572936111111111, 46.074127777777782 ], [ 5.570555555555555, 46.060277777777777 ], [ 5.576388888888888, 46.237222222222222 ], [ 5.407777777777778, 46.363333333333337 ], [ 5.606111111111111, 46.477222222222224 ] ] ] } },
{ "type": "Feature", "properties": { "fir": "LFMM", "identifier": "LFMM:LYON VW1 QFU35:035-145", "name": "LYON VW1 QFU35", "level_lower": 35, "level_upper": 145 }, "geometry": { "type": "Polygon", "coordinates": [ [ [ 5.023330555555556, 44.666666666666664 ], [ 4.851388888888889, 44.666666666666664 ], [ 4.638888888888888, 45.06666666666667 ], [ 4.533330555555556, 45.266666666666666 ], [ 4.616666666666667, 45.283330555555551 ], [ 4.383055555555555, 45.743330555555559 ], [ 4.310555555555555, 45.884719444444443 ], [ 4.290277777777778, 45.923888888888889 ], [ 4.203611111111111, 46.086111111111116 ], [ 4.661388888888889, 46.203611111111115 ], [ 4.670830555555556, 46.218055555555559 ], [ 4.731111111111111, 46.307219444444442 ], [ 4.674722222222223, 46.5 ], [ 4.833333333333333, 46.5 ], [ 4.952777777777778, 46.5 ], [ 5.016666666666667, 46.5 ], [ 5.090552777777777, 46.5 ], [ 5.161666666666667, 46.5 ], [ 5.21865, 46.5 ], [ 5.586111111111111, 46.5 ], [ 5.606111111111111, 46.477222222222224 ], [ 5.407777777777778, 46.363333333333337 ], [ 5.109813888888889, 45.901641666666663 ], [ 5.090580555555555, 45.871705555555558 ], [ 5.090586111111111, 45.745516666666667 ], [ 5.112202777777777, 45.554927777777777 ], [ 5.126233333333333, 45.43002222222222 ], [ 5.143383333333333, 45.279166666666669 ], [ 5.19173888888889, 44.850716666666671 ], [ 5.023330555555556, 44.666666666666664 ] ] ] } },
{ "type": "Feature", "properties": { "fir": "LFMM", "identifier": "LFMM:LYON VW1-N QFU35:000-035", "name": "LYON VW1-N QFU35", "level_lower": 0, "level_upper": 35 }, "geometry": { "type": "Polygon", "coordinates": [ [ [ 4.903911111111111, 44.926244444444443 ], [ 4.902905555555556, 44.922455555555551 ], [ 4.889844444444444, 44.871977777777779 ], [ 4.889566666666666, 44.87198055555556 ], [ 4.638888888888888, 45.06666666666667 ], [ 4.533330555555556, 45.266666666666666 ], [ 4.616666666666667, 45.283330555555551 ], [ 4.383055555555555, 45.743330555555559 ], [ 4.310555555555555, 45.884719444444443 ], [ 4.290277777777778, 45.923888888888889 ], [ 4.203611111111111, 46.086111111111116 ], [ 4.661388888888889, 46.203611111111115 ], [ 4.670830555555556, 46.218055555555559 ], [ 4.731111111111111, 46.307219444444442 ], [ 4.674722222222223, 46.5 ], [ 4.833333333333333, 46.5 ], [ 4.952777777777778, 46.5 ], [ 5.016666666666667, 46.5 ], [ 5.090552777777777, 46.5 ], [ 5.161666666666667, 46.5 ], [ 5.21865, 46.5 ], [ 5.586111111111111, 46.5 ], [ 5.606111111111111, 46.477222222222224 ], [ 5.407777777777778, 46.363333333333337 ], [ 5.109813888888889, 45.901641666666663 ], [ 5.107980555555555, 45.901741666666666 ], [ 5.1039, 45.901936111111112 ], [ 5.099813888888889, 45.902077777777777 ], [ 5.095725, 45.902169444444446 ], [ 5.091636111111111, 45.902211111111107 ], [ 5.087544444444444, 45.90219722222222 ], [ 5.083452777777778, 45.902133333333332 ], [ 5.079366666666666, 45.902016666666668 ], [ 5.075280555555556, 45.901847222222223 ], [ 5.071202777777778, 45.901627777777776 ], [ 5.067130555555555, 45.901355555555554 ], [ 5.063066666666667, 45.901033333333331 ], [ 5.059011111111111, 45.900658333333332 ], [ 5.054966666666666, 45.900233333333333 ], [ 5.050933333333333, 45.899755555555558 ], [ 5.046913888888889, 45.899227777777774 ], [ 5.042908333333333, 45.89865 ], [ 5.038919444444445, 45.898019444444444 ], [ 5.034947222222222, 45.897338888888889 ], [ 5.030994444444445, 45.896608333333333 ], [ 5.027061111111111, 45.895827777777775 ], [ 5.023147222222222, 45.894997222222223 ], [ 5.019255555555556, 45.894116666666669 ], [ 5.015391666666667, 45.893188888888886 ], [ 5.01155, 45.892211111111109 ], [ 5.007733333333333, 45.891186111111111 ], [ 5.003947222222222, 45.890111111111111 ], [ 5.000188888888889, 45.888988888888889 ], [ 4.996458333333333, 45.887816666666666 ], [ 4.992761111111111, 45.8866 ], [ 4.989097222222222, 45.885338888888889 ], [ 4.985466666666666, 45.884027777777774 ], [ 4.981869444444444, 45.882672222222226 ], [ 4.978311111111111, 45.881269444444442 ], [ 4.974786111111111, 45.879825 ], [ 4.971302777777778, 45.878336111111111 ], [ 4.967858333333333, 45.8768 ], [ 4.964452777777778, 45.87522222222222 ], [ 4.961091666666666, 45.873602777777776 ], [ 4.957775, 45.871938888888891 ], [ 4.9545, 45.870236111111112 ], [ 4.951269444444445, 45.868488888888891 ], [ 4.948086111111111, 45.866702777777775 ], [ 4.94495, 45.864875 ], [ 4.945266666666667, 45.864688888888892 ], [ 4.944141666666667, 45.864677777777779 ], [ 4.943016666666667, 45.864663888888892 ], [ 4.941891666666667, 45.864644444444444 ], [ 4.940766666666667, 45.864619444444443 ], [ 4.939641666666667, 45.864591666666669 ], [ 4.938516666666667, 45.864558333333335 ], [ 4.937394444444445, 45.864519444444447 ], [ 4.936269444444445, 45.864480555555559 ], [ 4.935147222222223, 45.864433333333338 ], [ 4.934025, 45.864383333333336 ], [ 4.9329, 45.864327777777781 ], [ 4.931777777777778, 45.864269444444446 ], [ 4.930658333333334, 45.864205555555557 ], [ 4.929536111111111, 45.864138888888888 ], [ 4.928416666666667, 45.864066666666666 ], [ 4.927297222222222, 45.86398888888889 ], [ 4.926177777777778, 45.863908333333335 ], [ 4.925058333333333, 45.863825 ], [ 4.923941666666667, 45.863733333333336 ], [ 4.922825, 45.863638888888893 ], [ 4.921708333333334, 45.86354166666667 ], [ 4.920591666666667, 45.863438888888894 ], [ 4.919477777777778, 45.863330555555557 ], [ 4.918363888888889, 45.863219444444447 ], [ 4.91725, 45.863105555555556 ], [ 4.916138888888889, 45.862986111111113 ], [ 4.915027777777778, 45.862861111111116 ], [ 4.913916666666667, 45.862730555555558 ], [ 4.912808333333333, 45.8626 ], [ 4.911702777777778, 45.862461111111109 ], [ 4.910594444444444, 45.862319444444445 ], [ 4.909488888888889, 45.862175 ], [ 4.908386111111112, 45.862022222222222 ], [ 4.907280555555556, 45.861869444444444 ], [ 4.906180555555556, 45.861711111111113 ], [ 4.905080555555556, 45.861544444444448 ], [ 4.903980555555556, 45.861377777777783 ], [ 4.902883333333333, 45.861205555555557 ], [ 4.901786111111112, 45.861030555555558 ], [ 4.900691666666667, 45.86085 ], [ 4.8996, 45.860666666666667 ], [ 4.898505555555555, 45.860477777777781 ], [ 4.897416666666667, 45.860283333333335 ], [ 4.896327777777778, 45.860086111111116 ], [ 4.895238888888889, 45.859886111111109 ], [ 4.894155555555555, 45.859677777777776 ], [ 4.893069444444444, 45.859469444444443 ], [ 4.891988888888888, 45.859252777777776 ], [ 4.890908333333333, 45.859036111111109 ], [ 4.889827777777778, 45.858813888888889 ], [ 4.888752777777778, 45.858586111111116 ], [ 4.887677777777777, 45.858355555555555 ], [ 4.886602777777777, 45.858119444444448 ], [ 4.885533333333333, 45.85788055555556 ], [ 4.884463888888888, 45.857636111111113 ], [ 4.883397222222222, 45.857388888888892 ], [ 4.882330555555556, 45.85713611111111 ], [ 4.881266666666667, 45.856880555555556 ], [ 4.880205555555556, 45.856619444444448 ], [ 4.879147222222223, 45.85635555555556 ], [ 4.878091666666667, 45.856086111111111 ], [ 4.877036111111112, 45.855813888888889 ], [ 4.875983333333334, 45.855536111111114 ], [ 4.874933333333334, 45.855255555555559 ], [ 4.873886111111111, 45.854969444444443 ], [ 4.872838888888889, 45.854680555555554 ], [ 4.871797222222223, 45.854388888888892 ], [ 4.870755555555556, 45.854091666666669 ], [ 4.869716666666667, 45.853788888888893 ], [ 4.868680555555556, 45.853483333333337 ], [ 4.867647222222223, 45.853175 ], [ 4.866616666666666, 45.85286111111111 ], [ 4.865588888888889, 45.852544444444447 ], [ 4.864563888888888, 45.852222222222224 ], [ 4.863538888888889, 45.85189722222222 ], [ 4.862519444444444, 45.85156666666667 ], [ 4.8615, 45.851233333333333 ], [ 4.86048611111111, 45.850897222222223 ], [ 4.859472222222222, 45.850555555555559 ], [ 4.858463888888888, 45.850211111111115 ], [ 4.857455555555555, 45.84986111111111 ], [ 4.856452777777777, 45.849508333333333 ], [ 4.85545, 45.84915 ], [ 4.854452777777778, 45.84878888888889 ], [ 4.853455555555556, 45.848425 ], [ 4.852463888888889, 45.848055555555561 ], [ 4.851475, 45.847683333333336 ], [ 4.850488888888888, 45.847305555555558 ], [ 4.849505555555555, 45.846927777777779 ], [ 4.848525, 45.846541666666667 ], [ 4.847547222222222, 45.846155555555555 ], [ 4.846572222222222, 45.845763888888889 ], [ 4.845602777777778, 45.845366666666671 ], [ 4.844633333333333, 45.844966666666672 ], [ 4.843669444444444, 45.844563888888892 ], [ 4.842708333333333, 45.844158333333333 ], [ 4.842777777777777, 45.844469444444449 ], [ 4.971666666666667, 45.551941666666664 ], [ 4.971694444444444, 45.552313888888889 ], [ 4.973236111111111, 45.552422222222219 ], [ 4.974780555555555, 45.552538888888883 ], [ 4.976319444444445, 45.552661111111107 ], [ 4.977861111111111, 45.552791666666664 ], [ 4.9794, 45.552927777777775 ], [ 4.980938888888889, 45.55307222222222 ], [ 4.982475, 45.553222222222217 ], [ 4.984011111111111, 45.553377777777776 ], [ 4.985544444444445, 45.553541666666661 ], [ 4.987077777777777, 45.553713888888886 ], [ 4.988608333333334, 45.553888888888885 ], [ 4.990136111111111, 45.554075 ], [ 4.991663888888889, 45.554263888888883 ], [ 4.993188888888889, 45.55446111111111 ], [ 4.994713888888889, 45.554663888888889 ], [ 4.996236111111111, 45.554875 ], [ 4.997755555555556, 45.555091666666662 ], [ 4.999275, 45.555316666666663 ], [ 5.000791666666666, 45.555547222222216 ], [ 5.002305555555555, 45.555783333333331 ], [ 5.003816666666666, 45.556027777777778 ], [ 5.005327777777778, 45.556277777777773 ], [ 5.006836111111111, 45.556536111111107 ], [ 5.008341666666666, 45.556797222222222 ], [ 5.009841666666667, 45.557066666666664 ], [ 5.011344444444444, 45.557344444444439 ], [ 5.012841666666667, 45.557627777777775 ], [ 5.014336111111112, 45.557916666666664 ], [ 5.015830555555556, 45.558213888888886 ], [ 5.017319444444444, 45.558516666666662 ], [ 5.018808333333333, 45.558827777777772 ], [ 5.020291666666667, 45.559141666666662 ], [ 5.021775, 45.559463888888885 ], [ 5.023252777777778, 45.559794444444442 ], [ 5.024727777777778, 45.560130555555553 ], [ 5.026202777777778, 45.560472222222216 ], [ 5.027669444444444, 45.560819444444441 ], [ 5.029138888888889, 45.561175 ], [ 5.030602777777777, 45.56153611111111 ], [ 5.032061111111111, 45.561902777777775 ], [ 5.033519444444444, 45.562277777777773 ], [ 5.034972222222222, 45.562658333333331 ], [ 5.036422222222222, 45.563044444444444 ], [ 5.037869444444445, 45.563438888888889 ], [ 5.039311111111111, 45.563836111111108 ], [ 5.040752777777778, 45.564241666666661 ], [ 5.042188888888889, 45.564655555555554 ], [ 5.043619444444444, 45.565075 ], [ 5.045047222222222, 45.56549722222222 ], [ 5.046472222222222, 45.565927777777773 ], [ 5.047891666666667, 45.566366666666667 ], [ 5.049311111111111, 45.566811111111114 ], [ 5.050722222222222, 45.567258333333335 ], [ 5.052130555555555, 45.567713888888889 ], [ 5.053536111111111, 45.568177777777784 ], [ 5.054936111111111, 45.568644444444445 ], [ 5.056333333333333, 45.569119444444446 ], [ 5.057725, 45.5696 ], [ 5.059113888888889, 45.570086111111117 ], [ 5.063330555555555, 45.55555555555555 ], [ 5.063205555555555, 45.555291666666662 ], [ 5.066077777777777, 45.5551 ], [ 5.068952777777778, 45.554930555555551 ], [ 5.071830555555556, 45.554780555555553 ], [ 5.074713888888889, 45.554652777777775 ], [ 5.077594444444444, 45.554544444444439 ], [ 5.080477777777777, 45.55446111111111 ], [ 5.083363888888889, 45.554397222222221 ], [ 5.08625, 45.554355555555553 ], [ 5.08913611111111, 45.554333333333332 ], [ 5.092019444444444, 45.554333333333332 ], [ 5.094905555555555, 45.554352777777773 ], [ 5.097791666666667, 45.554397222222221 ], [ 5.100677777777777, 45.55446111111111 ], [ 5.103561111111111, 45.554544444444439 ], [ 5.106441666666666, 45.554652777777775 ], [ 5.109322222222222, 45.554780555555553 ], [ 5.112202777777777, 45.554927777777777 ], [ 5.126233333333333, 45.43002222222222 ], [ 5.102777777777778, 45.425555555555555 ], [ 5.102777777777778, 45.279166666666669 ], [ 5.143383333333333, 45.279166666666669 ], [ 5.19173888888889, 44.850716666666671 ], [ 5.028897222222223, 44.854755555555556 ], [ 5.028788888888889, 44.854738888888889 ], [ 5.0432, 44.914541666666665 ], [ 5.04355, 44.914541666666665 ], [ 5.0434, 44.918394444444445 ], [ 5.042833333333333, 44.922230555555551 ], [ 5.041852777777778, 44.926022222222223 ], [ 5.040461111111111, 44.92975 ], [ 5.038666666666667, 44.933391666666665 ], [ 5.036486111111111, 44.936925 ], [ 5.033925, 44.940327777777775 ], [ 5.031, 44.943580555555549 ], [ 5.027730555555555, 44.946663888888885 ], [ 5.024138888888888, 44.949561111111109 ], [ 5.020238888888889, 44.95225277777778 ], [ 5.016055555555556, 44.954725 ], [ 5.011619444444444, 44.956963888888893 ], [ 5.006952777777777, 44.958952777777782 ], [ 5.002080555555556, 44.960680555555555 ], [ 4.997036111111111, 44.962138888888894 ], [ 4.991847222222222, 44.963316666666671 ], [ 4.986547222222223, 44.964208333333339 ], [ 4.981163888888889, 44.964808333333337 ], [ 4.975730555555556, 44.965113888888894 ], [ 4.970283333333334, 44.965125 ], [ 4.96485, 44.964836111111111 ], [ 4.959461111111112, 44.96425277777778 ], [ 4.954155555555555, 44.963377777777779 ], [ 4.948958333333334, 44.96221388888889 ], [ 4.943905555555556, 44.960775 ], [ 4.939022222222222, 44.959061111111112 ], [ 4.934341666666667, 44.95708888888889 ], [ 4.929891666666667, 44.954863888888895 ], [ 4.925694444444445, 44.952405555555558 ], [ 4.921777777777778, 44.949727777777774 ], [ 4.918163888888889, 44.946841666666664 ], [ 4.914875, 44.943766666666662 ], [ 4.911930555555556, 44.940525 ], [ 4.909347222222222, 44.937127777777775 ], [ 4.907141666666667, 44.933602777777772 ], [ 4.905325, 44.929969444444446 ], [ 4.903911111111111, 44.926244444444443 ] ] ] } },
{ "type": "Feature", "properties": { "fir": "LFMM", "identifier": "LFMM:LYON VW2 QFU35:085-115", "name": "LYON VW2 QFU35", "level_lower": 85, "level_upper": 115 }, "geometry": { "type": "Polygon", "coordinates": [ [ [ 4.731111111111111, 46.307219444444442 ], [ 4.670830555555556, 46.218055555555559 ], [ 4.661388888888889, 46.203611111111115 ], [ 4.203611111111111, 46.086111111111116 ], [ 4.290277777777778, 45.923888888888889 ], [ 4.310555555555555, 45.884719444444443 ], [ 3.915, 45.938608333333327 ], [ 3.898055555555556, 45.969441666666668 ], [ 3.853888888888889, 46.05 ], [ 4.05, 46.175 ], [ 4.4, 46.5 ], [ 4.674722222222223, 46.5 ], [ 4.731111111111111, 46.307219444444442 ] ] ] } },
{ "type": "Feature", "properties": { "fir": "LFMM", "identifier": "LFMM:LYON VW2-E QFU17:085-115", "name": "LYON VW2-E QFU17", "level_lower": 85, "level_upper": 115 }, "geometry": { "type": "Polygon", "coordinates": [ [ [ 4.4, 46.5 ], [ 4.674722222222223, 46.5 ], [ 4.731111111111111, 46.307219444444442 ], [ 4.693058333333334, 46.250541666666663 ], [ 4.4, 46.5 ] ] ] } },
{ "type": "Feature", "properties": { "fir": "LFMM", "identifier": "LFMM:LYON VW2-W QFU17:085-115", "name": "LYON VW2-W QFU17", "level_lower": 85, "level_upper": 115 }, "geometry": { "type": "Polygon", "coordinates": [ [ [ 4.310555555555555, 45.884719444444443 ], [ 3.915, 45.938608333333327 ], [ 3.898055555555556, 45.969441666666668 ], [ 3.853888888888889, 46.05 ], [ 4.05, 46.175 ], [ 4.4, 46.5 ], [ 4.693058333333334, 46.250541666666663 ], [ 4.670830555555556, 46.218055555555559 ], [ 4.661388888888889, 46.203611111111115 ], [ 4.203611111111111, 46.086111111111116 ], [ 4.290277777777778, 45.923888888888889 ], [ 4.310555555555555, 45.884719444444443 ] ] ] } },
{ "type": "Feature", "properties": { "fir": "EBBU", "identifier": "EBBU:EBBU CTA S3:045-165", "name": "EBBU CTA S3", "level_lower": 45, "level_upper": 165 }, "geometry": { "type": "Polygon", "coordinates": [ [ [ 5.791388888888889, 49.793888888888887 ], [ 5.521111111111111, 49.68472222222222 ], [ 5.294722222222222, 49.67722222222222 ], [ 5.291111111111111, 49.67722222222222 ], [ 5.315833333333333, 49.648333333333333 ], [ 5.371666666666666, 49.625277777777775 ], [ 5.383333333333334, 49.616666666666667 ], [ 5.420555555555556, 49.601111111111109 ], [ 5.442222222222222, 49.567777777777778 ], [ 5.452777777777778, 49.546944444444442 ], [ 5.452222222222223, 49.5175 ], [ 5.75, 49.541666666666664 ], [ 5.755555555555556, 49.542222222222222 ], [ 5.753822222222222, 49.546288888888888 ], [ 5.733333333333333, 49.594444444444449 ], [ 5.833333333333333, 49.676388888888887 ], [ 5.833333333333333, 49.725 ], [ 5.791388888888889, 49.793888888888887 ] ] ] } },
{ "type": "Feature", "properties": { "fir": "EBBU", "identifier": "EBBU:EBBU HUS 045-055:045-055", "name": "EBBU HUS 045-055", "level_lower": 45, "level_upper": 55 }, "geometry": { "type": "Polygon", "coordinates": [ [ [ 4.483330555555556, 50.338286111111117 ], [ 4.872222222222223, 50.387777777777778 ], [ 4.986111111111112, 50.401944444444446 ], [ 4.991111111111111, 50.3775 ], [ 4.996369444444444, 50.375636111111113 ], [ 5.012386111111111, 50.37007222222222 ], [ 5.027577777777778, 50.363636111111113 ], [ 5.041825, 50.35638055555556 ], [ 5.055025, 50.348355555555557 ], [ 5.067075, 50.339627777777778 ], [ 5.077880555555556, 50.330263888888894 ], [ 5.087363888888889, 50.320330555555557 ], [ 5.094166666666666, 50.311944444444443 ], [ 5.144458333333334, 50.292586111111106 ], [ 5.195022222222223, 50.275933333333334 ], [ 5.247633333333334, 50.262136111111111 ], [ 5.3019, 50.25129722222222 ], [ 5.357419444444444, 50.243497222222224 ], [ 5.413775, 50.238791666666664 ], [ 5.470555555555555, 50.237222222222222 ], [ 5.54, 50.238333333333337 ], [ 5.706111111111111, 50.355 ], [ 5.826666666666666, 50.292222222222222 ], [ 5.721388888888889, 49.983055555555559 ], [ 4.858333333333333, 49.8 ], [ 4.857777777777778, 49.861944444444447 ], [ 4.866666666666667, 49.983333333333334 ], [ 4.566666666666666, 49.975 ], [ 4.483333333333333, 49.95 ], [ 4.483330555555556, 50.338286111111117 ] ] ] } },
{ "type": "Feature", "properties": { "fir": "EBBU", "identifier": "EBBU:EBBU HUS 055-075:055-075", "name": "EBBU HUS 055-075", "level_lower": 55, "level_upper": 75 }, "geometry": { "type": "Polygon", "coordinates": [ [ [ 5.025594444444445, 50.760747222222221 ], [ 5.145277777777778, 50.738333333333337 ], [ 5.826666666666666, 50.292222222222222 ], [ 5.721388888888889, 49.983055555555559 ], [ 4.858333333333333, 49.8 ], [ 4.857777777777778, 49.861944444444447 ], [ 4.866666666666667, 49.983333333333334 ], [ 4.566666666666666, 49.975 ], [ 4.483333333333333, 49.95 ], [ 4.483330555555556, 50.338286111111117 ], [ 4.872222222222223, 50.387777777777778 ], [ 4.851666666666667, 50.483333333333334 ], [ 4.961944444444445, 50.514722222222225 ], [ 4.941388888888889, 50.611111111111114 ], [ 4.830277777777778, 50.636111111111113 ], [ 4.90135, 50.675216666666664 ], [ 4.966363888888889, 50.716283333333337 ], [ 5.025594444444445, 50.760747222222221 ] ] ] } },
{ "type": "Feature", "properties": { "fir": "EBBU", "identifier": "EBBU:EBBU HUS 075-185:075-185", "name": "EBBU HUS 075-185", "level_lower": 75, "level_upper": 185 }, "geometry": { "type": "Polygon", "coordinates": [ [ [ 4.492938888888889, 50.900944444444441 ], [ 5.145277777777778, 50.738333333333337 ], [ 5.826666666666666, 50.292222222222222 ], [ 5.721388888888889, 49.983055555555559 ], [ 4.858333333333333, 49.8 ], [ 4.857777777777778, 49.861944444444447 ], [ 4.866666666666667, 49.983333333333334 ], [ 4.566666666666666, 49.975 ], [ 4.483333333333333, 49.95 ], [ 4.483333333333333, 50.620555555555555 ], [ 4.492938888888889, 50.900944444444441 ] ] ] } },
{ "type": "Feature", "properties": { "fir": "EBBU", "identifier": "EBBU:EBBU HUS 185-245:185-245", "name": "EBBU HUS 185-245", "level_lower": 185, "level_upper": 245 }, "geometry": { "type": "Polygon", "coordinates": [ [ [ 5.145277777777778, 50.738333333333337 ], [ 5.826666666666666, 50.292222222222222 ], [ 5.721388888888889, 49.983055555555559 ], [ 4.858333333333333, 49.8 ], [ 4.857777777777778, 49.861944444444447 ], [ 4.866666666666667, 49.983333333333334 ], [ 4.566666666666666, 49.975 ], [ 4.483333333333333, 49.95 ], [ 4.483333333333333, 50.620555555555555 ], [ 5.145277777777778, 50.738333333333337 ] ] ] } },
{ "type": "Feature", "properties": { "fir": "EBBU", "identifier": "EBBU:EBBU LUS 045-145:045-145", "name": "EBBU LUS 045-145", "level_lower": 45, "level_upper": 145 }, "geometry": { "type": "Polygon", "coordinates": [ [ [ 5.826666666666666, 50.292222222222222 ], [ 6.223333333333334, 50.258611111111108 ], [ 6.218055555555556, 50.18138888888889 ], [ 6.214444444444444, 50.13 ], [ 6.137777777777778, 50.13 ], [ 6.137777777777778, 50.132777777777775 ], [ 6.125277777777777, 50.138055555555553 ], [ 6.116111111111111, 50.145555555555553 ], [ 6.121944444444444, 50.154722222222219 ], [ 6.116944444444444, 50.161111111111111 ], [ 6.1225, 50.166388888888889 ], [ 6.1125, 50.172222222222217 ], [ 6.109722222222222, 50.1725 ], [ 6.082777777777777, 50.17444444444444 ], [ 6.080833333333334, 50.164722222222224 ], [ 6.076666666666666, 50.160277777777779 ], [ 6.068611111111111, 50.157777777777774 ], [ 6.0625, 50.157777777777774 ], [ 6.055, 50.162222222222219 ], [ 6.0375, 50.166388888888889 ], [ 6.032222222222222, 50.17 ], [ 6.029722222222222, 50.182777777777773 ], [ 6.025555555555555, 50.18472222222222 ], [ 6.025277777777777, 50.18472222222222 ], [ 6.02, 50.184444444444438 ], [ 5.996111111111111, 50.176944444444445 ], [ 5.974722222222223, 50.176944444444445 ], [ 5.9625, 50.171944444444442 ], [ 5.964444444444444, 50.159722222222221 ], [ 5.967222222222222, 50.158611111111107 ], [ 5.961666666666667, 50.153611111111111 ], [ 5.958055555555556, 50.134444444444441 ], [ 5.916944444444445, 50.124722222222225 ], [ 5.904444444444445, 50.119722222222222 ], [ 5.897222222222222, 50.112222222222222 ], [ 5.896388888888889, 50.104722222222222 ], [ 5.891666666666667, 50.096944444444446 ], [ 5.888333333333333, 50.091666666666669 ], [ 5.890555555555555, 50.083888888888893 ], [ 5.888611111111111, 50.079722222222223 ], [ 5.882222222222222, 50.076111111111118 ], [ 5.873055555555556, 50.076388888888893 ], [ 5.859444444444444, 50.069722222222225 ], [ 5.856111111111111, 50.063611111111108 ], [ 5.857222222222222, 50.059444444444445 ], [ 5.868611111111112, 50.051111111111105 ], [ 5.869166666666668, 50.0475 ], [ 5.8575, 50.038055555555552 ], [ 5.857777777777778, 50.034444444444439 ], [ 5.85, 50.024444444444441 ], [ 5.824444444444445, 50.016111111111108 ], [ 5.820833333333333, 50.012777777777778 ], [ 5.823333333333333, 50.002222222222223 ], [ 5.825, 50.0 ], [ 5.828888888888889, 49.994444444444447 ], [ 5.839444444444444, 49.990833333333335 ], [ 5.833611111111111, 49.979444444444447 ], [ 5.821111111111111, 49.975 ], [ 5.815, 49.974722222222226 ], [ 5.811111111111111, 49.971944444444446 ], [ 5.813055555555556, 49.967222222222226 ], [ 5.807222222222222, 49.963888888888889 ], [ 5.795555555555556, 49.965833333333336 ], [ 5.786388888888888, 49.964166666666671 ], [ 5.78, 49.960555555555558 ], [ 5.771666666666667, 49.949722222222221 ], [ 5.775555555555555, 49.941388888888888 ], [ 5.770277777777777, 49.933888888888887 ], [ 5.763055555555556, 49.93055555555555 ], [ 5.7625, 49.917777777777772 ], [ 5.758611111111111, 49.915277777777774 ], [ 5.748611111111111, 49.91 ], [ 5.734444444444445, 49.899444444444441 ], [ 5.749166666666667, 49.892222222222223 ], [ 5.761944444444445, 49.891111111111108 ], [ 5.772222222222222, 49.887222222222221 ], [ 5.782222222222222, 49.88 ], [ 5.785277777777778, 49.875 ], [ 5.777222222222222, 49.87166666666667 ], [ 5.758055555555556, 49.87361111111111 ], [ 5.753333333333333, 49.870833333333337 ], [ 5.760277777777778, 49.861388888888889 ], [ 5.750833333333333, 49.856944444444444 ], [ 5.750833333333333, 49.850277777777777 ], [ 5.747777777777777, 49.843888888888891 ], [ 5.739722222222222, 49.84 ], [ 5.749444444444444, 49.830833333333338 ], [ 5.748611111111111, 49.818888888888893 ], [ 5.752222222222223, 49.814722222222223 ], [ 5.748333333333333, 49.801666666666662 ], [ 5.753888888888889, 49.795555555555552 ], [ 5.791388888888889, 49.793888888888887 ], [ 5.521111111111111, 49.68472222222222 ], [ 5.294722222222222, 49.67722222222222 ], [ 5.291111111111111, 49.67722222222222 ], [ 5.262777777777778, 49.693055555555553 ], [ 5.163333333333334, 49.716666666666669 ], [ 5.115, 49.736111111111114 ], [ 4.988055555555555, 49.8 ], [ 4.858333333333333, 49.8 ], [ 5.721388888888889, 49.983055555555559 ], [ 5.826666666666666, 50.292222222222222 ] ] ] } },
{ "type": "Feature", "properties": { "fir": "EBBU", "identifier": "EBBU:EBBU LUS 145-165:145-165", "name": "EBBU LUS 145-165", "level_lower": 145, "level_upper": 165 }, "geometry": { "type": "Polygon", "coordinates": [ [ [ 5.826666666666666, 50.292222222222222 ], [ 6.223333333333334, 50.258611111111108 ], [ 6.218055555555556, 50.18138888888889 ], [ 6.214444444444444, 50.13 ], [ 6.207777777777778, 50.030277777777776 ], [ 6.2025, 49.954166666666673 ], [ 6.201111111111111, 49.935555555555553 ], [ 6.340555555555556, 49.874444444444443 ], [ 6.314444444444444, 49.864444444444445 ], [ 6.166666666666667, 49.806388888888883 ], [ 5.791388888888889, 49.793888888888887 ], [ 5.521111111111111, 49.68472222222222 ], [ 5.294722222222222, 49.67722222222222 ], [ 5.291111111111111, 49.67722222222222 ], [ 5.262777777777778, 49.693055555555553 ], [ 5.163333333333334, 49.716666666666669 ], [ 5.115, 49.736111111111114 ], [ 4.988055555555555, 49.8 ], [ 4.858333333333333, 49.8 ], [ 5.721388888888889, 49.983055555555559 ], [ 5.826666666666666, 50.292222222222222 ] ] ] } },
{ "type": "Feature", "properties": { "fir": "EBBU", "identifier": "EBBU:EBBU LUS 165-195:165-195", "name": "EBBU LUS 165-195", "level_lower": 165, "level_upper": 195 }, "geometry": { "type": "Polygon", "coordinates": [ [ [ 5.826666666666666, 50.292222222222222 ], [ 6.223333333333334, 50.258611111111108 ], [ 6.218055555555556, 50.18138888888889 ], [ 6.214444444444444, 50.13 ], [ 6.207777777777778, 50.030277777777776 ], [ 6.201111111111111, 49.935555555555553 ], [ 6.340555555555556, 49.874444444444443 ], [ 6.502777777777778, 49.809166666666663 ], [ 6.4275, 49.635555555555555 ], [ 6.515277777777778, 49.510833333333331 ], [ 6.551111111111111, 49.454722222222223 ], [ 6.481666666666666, 49.454722222222223 ], [ 6.045833333333333, 49.446388888888883 ], [ 5.997777777777777, 49.449166666666663 ], [ 5.8121, 49.452763888888889 ], [ 5.793330555555555, 49.452777777777783 ], [ 5.755555555555556, 49.542222222222222 ], [ 5.75, 49.541666666666664 ], [ 5.452222222222223, 49.5175 ], [ 5.442222222222222, 49.567777777777778 ], [ 5.420555555555556, 49.601111111111109 ], [ 5.383333333333334, 49.616666666666667 ], [ 5.371666666666666, 49.625277777777775 ], [ 5.315833333333333, 49.648333333333333 ], [ 5.291111111111111, 49.67722222222222 ], [ 5.262777777777778, 49.693055555555553 ], [ 5.163333333333334, 49.716666666666669 ], [ 5.115, 49.736111111111114 ], [ 4.988055555555555, 49.8 ], [ 4.858333333333333, 49.8 ], [ 5.721388888888889, 49.983055555555559 ], [ 5.826666666666666, 50.292222222222222 ] ] ] } },
{ "type": "Feature", "properties": { "fir": "EBBU", "identifier": "EBBU:EBBU LUS 195-245:195-245", "name": "EBBU LUS 195-245", "level_lower": 195, "level_upper": 245 }, "geometry": { "type": "Polygon", "coordinates": [ [ [ 5.442222222222222, 49.567777777777778 ], [ 5.75, 49.541666666666664 ], [ 5.755555555555556, 49.542222222222222 ], [ 5.793330555555555, 49.452777777777783 ], [ 5.8121, 49.452763888888889 ], [ 5.997777777777777, 49.449166666666663 ], [ 6.006941666666667, 49.453055555555558 ], [ 6.001366666666667, 49.456252777777777 ], [ 6.055555555555555, 49.466666666666669 ], [ 6.115, 49.476388888888891 ], [ 6.184444444444445, 49.496388888888887 ], [ 6.225, 49.508333333333333 ], [ 6.349166666666666, 49.465833333333336 ], [ 6.391666666666667, 49.466666666666669 ], [ 6.4, 49.466666666666669 ], [ 6.466666666666667, 49.466666666666669 ], [ 6.481666666666666, 49.454722222222223 ], [ 6.551111111111111, 49.454722222222223 ], [ 6.515277777777778, 49.510833333333331 ], [ 6.4275, 49.635555555555555 ], [ 6.502777777777778, 49.809166666666663 ], [ 6.340555555555556, 49.874444444444443 ], [ 6.201111111111111, 49.935555555555553 ], [ 6.207777777777778, 50.030277777777776 ], [ 6.214444444444444, 50.13 ], [ 6.218055555555556, 50.18138888888889 ], [ 6.223333333333334, 50.258611111111108 ], [ 5.826666666666666, 50.292222222222222 ], [ 5.721388888888889, 49.983055555555559 ], [ 4.858333333333333, 49.8 ], [ 4.988055555555555, 49.8 ], [ 5.115, 49.736111111111114 ], [ 5.163333333333334, 49.716666666666669 ], [ 5.262777777777778, 49.693055555555553 ], [ 5.291111111111111, 49.67722222222222 ], [ 5.315833333333333, 49.648333333333333 ], [ 5.371666666666666, 49.625277777777775 ], [ 5.383333333333334, 49.616666666666667 ], [ 5.420555555555556, 49.601111111111109 ], [ 5.442222222222222, 49.567777777777778 ] ] ] } },
{ "type": "Feature", "properties": { "fir": "EBBU", "identifier": "EBBU:EBBU WHS 185-245:185-245", "name": "EBBU WHS 185-245", "level_lower": 185, "level_upper": 245 }, "geometry": { "type": "Polygon", "coordinates": [ [ [ 5.071111111111111, 51.393611111111113 ], [ 5.110277777777777, 51.07 ], [ 5.145277777777778, 50.738333333333337 ], [ 4.483333333333333, 50.620555555555555 ], [ 4.483333333333333, 49.95 ], [ 4.366666666666666, 49.961666666666666 ], [ 4.150277777777778, 49.980277777777779 ], [ 4.145833333333334, 49.980555555555554 ], [ 4.149163888888889, 50.034719444444441 ], [ 4.178055555555556, 50.224722222222226 ], [ 4.118888888888889, 50.296666666666667 ], [ 4.089722222222222, 50.314722222222223 ], [ 3.973055555555556, 50.328333333333333 ], [ 3.926666666666666, 50.333888888888893 ], [ 3.936111111111111, 50.535277777777779 ], [ 3.661666666666667, 50.638055555555553 ], [ 3.511666666666667, 50.526666666666664 ], [ 3.484722222222222, 50.519444444444446 ], [ 3.376666666666666, 50.495 ], [ 3.361666666666667, 50.515 ], [ 3.284166666666667, 50.594722222222224 ], [ 3.502777777777778, 51.130277777777778 ], [ 3.400833333333333, 51.426666666666662 ], [ 3.868738888888889, 51.324038888888893 ], [ 4.114166666666667, 51.269444444444446 ], [ 4.220494444444444, 51.339561111111117 ], [ 4.242222222222222, 51.353888888888889 ], [ 4.244722222222222, 51.374722222222225 ], [ 4.334722222222222, 51.3775 ], [ 4.341111111111111, 51.3575 ], [ 4.431388888888889, 51.363888888888887 ], [ 4.383611111111112, 51.421111111111109 ], [ 4.379722222222222, 51.4475 ], [ 4.509763888888889, 51.447752777777772 ], [ 4.776455555555556, 51.448488888888889 ], [ 5.093611111111111, 51.448888888888888 ], [ 5.104444444444444, 51.43138888888889 ], [ 5.071111111111111, 51.393611111111113 ] ] ] } },
{ "type": "Feature", "properties": { "fir": "EBBU", "identifier": "EBBU:EBBU WLS 045-075:045-075", "name": "EBBU WLS 045-075", "level_lower": 45, "level_upper": 75 }, "geometry": { "type": "Polygon", "coordinates": [ [ [ 3.25, 51.083333333333336 ], [ 3.310277777777777, 51.175555555555555 ], [ 3.502777777777778, 51.130277777777778 ], [ 3.620555555555556, 51.103055555555557 ], [ 3.471666666666667, 51.053888888888885 ], [ 3.405833333333333, 50.892777777777781 ], [ 3.6025, 50.67 ], [ 3.679444444444445, 50.581666666666671 ], [ 3.736111111111111, 50.516388888888891 ], [ 3.811111111111111, 50.488888888888887 ], [ 4.274166666666667, 50.31166666666666 ], [ 4.483330555555556, 50.338286111111117 ], [ 4.483333333333333, 49.95 ], [ 4.366666666666666, 49.961666666666666 ], [ 4.150277777777778, 49.980277777777779 ], [ 4.145833333333334, 49.980555555555554 ], [ 4.149163888888889, 50.034719444444441 ], [ 4.178055555555556, 50.224722222222226 ], [ 4.118888888888889, 50.296666666666667 ], [ 4.089722222222222, 50.314722222222223 ], [ 3.973055555555556, 50.328333333333333 ], [ 3.926666666666666, 50.333888888888893 ], [ 3.873055555555556, 50.340555555555561 ], [ 3.7875, 50.339722222222221 ], [ 3.675, 50.342222222222226 ], [ 3.666666666666667, 50.35 ], [ 3.666666666666667, 50.416666666666664 ], [ 3.645555555555556, 50.45194444444445 ], [ 3.633333333333333, 50.473333333333336 ], [ 3.600555555555556, 50.483888888888892 ], [ 3.566944444444444, 50.500277777777775 ], [ 3.511666666666667, 50.526666666666664 ], [ 3.484722222222222, 50.519444444444446 ], [ 3.376666666666666, 50.495 ], [ 3.361666666666667, 50.515 ], [ 3.284166666666667, 50.594722222222224 ], [ 3.27, 50.609722222222224 ], [ 3.225, 50.678333333333327 ], [ 3.15, 50.783333333333331 ], [ 2.9, 50.7 ], [ 2.816666666666666, 50.725 ], [ 2.716666666666667, 50.8 ], [ 2.633333333333333, 50.81666666666667 ], [ 2.572777777777778, 51.015555555555558 ], [ 2.651388888888889, 51.011944444444445 ], [ 2.713611111111111, 51.171111111111109 ], [ 3.25, 51.083333333333336 ] ] ] } },
{ "type": "Feature", "properties": { "fir": "EBBU", "identifier": "EBBU:EBBU WLS 065-075:065-075", "name": "EBBU WLS 065-075", "level_lower": 65, "level_upper": 75 }, "geometry": { "type": "Polygon", "coordinates": [ [ [ 2.0, 51.383333333333333 ], [ 2.407222222222222, 51.310277777777777 ], [ 2.461111111111111, 51.3075 ], [ 2.470555555555556, 51.3025 ], [ 2.713611111111111, 51.171111111111109 ], [ 2.651388888888889, 51.011944444444445 ], [ 2.572777777777778, 51.015555555555558 ], [ 2.327777777777778, 51.03 ], [ 2.243611111111111, 51.100555555555559 ], [ 2.0, 51.116666666666667 ], [ 2.0, 51.383333333333333 ] ] ] } },
{ "type": "Feature", "properties": { "fir": "EBBU", "identifier": "EBBU:EBBU WLS 075-095:075-095", "name": "EBBU WLS 075-095", "level_lower": 75, "level_upper": 95 }, "geometry": { "type": "Polygon", "coordinates": [ [ [ 2.0, 51.383333333333333 ], [ 2.407222222222222, 51.310277777777777 ], [ 2.461111111111111, 51.3075 ], [ 2.470555555555556, 51.3025 ], [ 2.713611111111111, 51.171111111111109 ], [ 3.25, 51.083333333333336 ], [ 3.310277777777777, 51.175555555555555 ], [ 3.502777777777778, 51.130277777777778 ], [ 3.620555555555556, 51.103055555555557 ], [ 4.492938888888889, 50.900944444444441 ], [ 4.483333333333333, 50.620555555555555 ], [ 4.483333333333333, 49.95 ], [ 4.366666666666666, 49.961666666666666 ], [ 4.150277777777778, 49.980277777777779 ], [ 4.145833333333334, 49.980555555555554 ], [ 4.149163888888889, 50.034719444444441 ], [ 4.178055555555556, 50.224722222222226 ], [ 4.118888888888889, 50.296666666666667 ], [ 4.089722222222222, 50.314722222222223 ], [ 3.973055555555556, 50.328333333333333 ], [ 3.926666666666666, 50.333888888888893 ], [ 3.873055555555556, 50.340555555555561 ], [ 3.7875, 50.339722222222221 ], [ 3.675, 50.342222222222226 ], [ 3.666666666666667, 50.35 ], [ 3.666666666666667, 50.416666666666664 ], [ 3.645555555555556, 50.45194444444445 ], [ 3.633333333333333, 50.473333333333336 ], [ 3.600555555555556, 50.483888888888892 ], [ 3.566944444444444, 50.500277777777775 ], [ 3.511666666666667, 50.526666666666664 ], [ 3.484722222222222, 50.519444444444446 ], [ 3.376666666666666, 50.495 ], [ 3.361666666666667, 50.515 ], [ 3.284166666666667, 50.594722222222224 ], [ 3.27, 50.609722222222224 ], [ 3.225, 50.678333333333327 ], [ 3.15, 50.783333333333331 ], [ 2.9, 50.7 ], [ 2.816666666666666, 50.725 ], [ 2.716666666666667, 50.8 ], [ 2.633333333333333, 50.81666666666667 ], [ 2.572777777777778, 51.015555555555558 ], [ 2.327777777777778, 51.03 ], [ 2.243611111111111, 51.100555555555559 ], [ 2.0, 51.116666666666667 ], [ 2.0, 51.383333333333333 ] ] ] } },
{ "type": "Feature", "properties": { "fir": "EBBU", "identifier": "EBBU:EBBU WLS 095-185:095-185", "name": "EBBU WLS 095-185", "level_lower": 95, "level_upper": 185 }, "geometry": { "type": "Polygon", "coordinates": [ [ [ 3.502777777777778, 51.130277777777778 ], [ 4.492938888888889, 50.900944444444441 ], [ 4.483333333333333, 50.620555555555555 ], [ 4.483333333333333, 49.95 ], [ 4.366666666666666, 49.961666666666666 ], [ 4.150277777777778, 49.980277777777779 ], [ 4.145833333333334, 49.980555555555554 ], [ 4.149163888888889, 50.034719444444441 ], [ 4.178055555555556, 50.224722222222226 ], [ 4.118888888888889, 50.296666666666667 ], [ 4.089722222222222, 50.314722222222223 ], [ 3.973055555555556, 50.328333333333333 ], [ 3.926666666666666, 50.333888888888893 ], [ 3.873055555555556, 50.340555555555561 ], [ 3.7875, 50.339722222222221 ], [ 3.675, 50.342222222222226 ], [ 3.666666666666667, 50.35 ], [ 3.666666666666667, 50.416666666666664 ], [ 3.645555555555556, 50.45194444444445 ], [ 3.633333333333333, 50.473333333333336 ], [ 3.600555555555556, 50.483888888888892 ], [ 3.566944444444444, 50.500277777777775 ], [ 3.511666666666667, 50.526666666666664 ], [ 3.484722222222222, 50.519444444444446 ], [ 3.376666666666666, 50.495 ], [ 3.361666666666667, 50.515 ], [ 3.284166666666667, 50.594722222222224 ], [ 3.502777777777778, 51.130277777777778 ] ] ] } },
{ "type": "Feature", "properties": { "fir": "EBBU", "identifier": "EBBU:EBBU WLS 095-245:095-245", "name": "EBBU WLS 095-245", "level_lower": 95, "level_upper": 245 }, "geometry": { "type": "Polygon", "coordinates": [ [ [ 2.0, 51.383333333333333 ], [ 3.113611111111111, 51.221666666666671 ], [ 3.502777777777778, 51.130277777777778 ], [ 3.284166666666667, 50.594722222222224 ], [ 3.27, 50.609722222222224 ], [ 3.225, 50.678333333333327 ], [ 3.15, 50.783333333333331 ], [ 2.9, 50.7 ], [ 2.816666666666666, 50.725 ], [ 2.716666666666667, 50.8 ], [ 2.633333333333333, 50.81666666666667 ], [ 2.572777777777778, 51.015555555555558 ], [ 2.55, 51.083333333333336 ], [ 2.243611111111111, 51.100555555555559 ], [ 2.0, 51.116666666666667 ], [ 2.0, 51.383333333333333 ] ] ] } },
{ "type": "Feature", "properties": { "fir": "EBBU", "identifier": "EBBU:EBBU WLS SMALL 185-245:185-245", "name": "EBBU WLS SMALL 185-245", "level_lower": 185, "level_upper": 245 }, "geometry": { "type": "Polygon", "coordinates": [ [ [ 3.511666666666667, 50.526666666666664 ], [ 3.661666666666667, 50.638055555555553 ], [ 3.936111111111111, 50.535277777777779 ], [ 3.926666666666666, 50.333888888888893 ], [ 3.873055555555556, 50.340555555555561 ], [ 3.7875, 50.339722222222221 ], [ 3.675, 50.342222222222226 ], [ 3.666666666666667, 50.35 ], [ 3.666666666666667, 50.416666666666664 ], [ 3.645555555555556, 50.45194444444445 ], [ 3.633333333333333, 50.473333333333336 ], [ 3.600555555555556, 50.483888888888892 ], [ 3.566944444444444, 50.500277777777775 ], [ 3.511666666666667, 50.526666666666664 ] ] ] } },
{ "type": "Feature", "properties": { "fir": "EBBU", "identifier": "EBBU:EBBU_I 132:000-015", "name": "EBBU_I 132", "level_lower": 0, "level_upper": 15 }, "geometry": { "type": "Polygon", "coordinates": [ [ [ 3.790611111111111, 51.251472222222219 ], [ 3.790388888888889, 51.22 ], [ 3.803694444444444, 51.214583333333337 ], [ 3.845611111111111, 51.212083333333339 ], [ 3.864, 51.214166666666671 ], [ 3.878861111111111, 51.227333333333334 ], [ 3.888472222222222, 51.226555555555557 ], [ 3.888388888888889, 51.217222222222226 ], [ 3.884638888888889, 51.208888888888893 ], [ 3.690833333333333, 50.614444444444445 ], [ 3.686805555555556, 50.607472222222221 ], [ 3.683158333333333, 50.599058333333339 ], [ 3.680683333333333, 50.590477777777778 ], [ 3.679444444444445, 50.581666666666671 ], [ 3.666666666666667, 50.416666666666664 ], [ 3.645555555555556, 50.45194444444445 ], [ 3.633333333333333, 50.473333333333336 ], [ 3.600555555555556, 50.483888888888892 ], [ 3.566944444444444, 50.500277777777775 ], [ 3.511666666666667, 50.526666666666664 ], [ 3.484722222222222, 50.519444444444446 ], [ 3.376666666666666, 50.495 ], [ 3.361666666666667, 50.515 ], [ 3.284166666666667, 50.594722222222224 ], [ 3.27, 50.609722222222224 ], [ 3.225, 50.678333333333327 ], [ 3.15, 50.783333333333331 ], [ 3.171388888888889, 50.75888888888889 ], [ 3.412777777777778, 50.840277777777779 ], [ 3.464944444444445, 51.111338888888888 ], [ 3.469538888888889, 51.110958333333336 ], [ 3.474166666666667, 51.110833333333332 ], [ 3.478791666666667, 51.110958333333336 ], [ 3.483386111111111, 51.111338888888888 ], [ 3.487908333333333, 51.111966666666667 ], [ 3.492325, 51.112841666666668 ], [ 3.496605555555556, 51.113952777777776 ], [ 3.500713888888889, 51.115294444444444 ], [ 3.504622222222222, 51.116855555555553 ], [ 3.5083, 51.118625 ], [ 3.511716666666667, 51.120588888888889 ], [ 3.514847222222222, 51.122733333333336 ], [ 3.517672222222222, 51.125038888888888 ], [ 3.520163888888889, 51.127488888888891 ], [ 3.522305555555556, 51.130069444444445 ], [ 3.524080555555555, 51.132752777777782 ], [ 3.525477777777778, 51.135527777777774 ], [ 3.526483333333333, 51.138366666666663 ], [ 3.527091666666667, 51.141247222222219 ], [ 3.527297222222222, 51.144152777777776 ], [ 3.5271, 51.147058333333334 ], [ 3.526497222222222, 51.149941666666663 ], [ 3.525497222222222, 51.152780555555552 ], [ 3.524105555555555, 51.155555555555551 ], [ 3.522333333333333, 51.158241666666662 ], [ 3.520197222222222, 51.160822222222222 ], [ 3.517708333333333, 51.163277777777779 ], [ 3.514886111111111, 51.165583333333331 ], [ 3.511755555555556, 51.167730555555551 ], [ 3.790611111111111, 51.251472222222219 ] ] ] } },
{ "type": "Feature", "properties": { "fir": "EBBU", "identifier": "EBBU:EBBU_I 52:000-015", "name": "EBBU_I 52", "level_lower": 0, "level_upper": 15 }, "geometry": { "type": "Polygon", "coordinates": [ [ [ 2.0, 51.5 ], [ 2.5, 51.45558888888889 ], [ 3.100136111111111, 51.39877222222222 ], [ 3.362975, 51.372988888888891 ], [ 3.069838888888889, 51.296661111111106 ], [ 3.056594444444444, 51.304830555555554 ], [ 3.042258333333333, 51.312247222222219 ], [ 3.026938888888889, 51.31885 ], [ 3.010752777777778, 51.32459166666667 ], [ 2.993825, 51.329430555555561 ], [ 2.976280555555556, 51.333322222222229 ], [ 2.958261111111111, 51.336244444444446 ], [ 2.939897222222223, 51.338169444444446 ], [ 2.921336111111111, 51.339083333333335 ], [ 2.902716666666667, 51.338983333333339 ], [ 2.884444444444445, 51.338333333333338 ], [ 2.75, 51.326388888888893 ], [ 2.436666666666667, 51.19 ], [ 2.427041666666666, 51.185194444444441 ], [ 2.4185, 51.180275 ], [ 2.410675, 51.174908333333327 ], [ 2.403630555555555, 51.169136111111108 ], [ 2.397416666666667, 51.162997222222224 ], [ 2.392080555555555, 51.156544444444442 ], [ 2.387663888888889, 51.14982222222222 ], [ 2.384197222222222, 51.14288611111111 ], [ 2.381708333333334, 51.135786111111109 ], [ 2.380216666666667, 51.128575 ], [ 2.379733333333333, 51.121311111111112 ], [ 2.380258333333333, 51.11405 ], [ 2.381791666666667, 51.106844444444448 ], [ 2.384316666666666, 51.09975 ], [ 2.387816666666667, 51.092819444444444 ], [ 2.392263888888889, 51.086108333333335 ], [ 2.397625, 51.079663888888895 ], [ 2.403855555555555, 51.073538888888891 ], [ 2.410911111111111, 51.067777777777778 ], [ 2.418738888888889, 51.062425 ], [ 2.427277777777777, 51.057519444444445 ], [ 2.436461111111111, 51.0531 ], [ 2.446219444444445, 51.0492 ], [ 2.456480555555556, 51.045847222222221 ], [ 2.467166666666667, 51.043072222222222 ], [ 2.477777777777778, 51.040833333333332 ], [ 2.500833333333333, 51.036944444444444 ], [ 2.571944444444444, 51.025277777777774 ], [ 2.572777777777778, 51.015555555555558 ], [ 2.327777777777778, 51.03 ], [ 2.243611111111111, 51.100555555555559 ], [ 2.0, 51.116666666666667 ], [ 2.0, 51.383333333333333 ], [ 2.0, 51.5 ] ] ] } },
{ "type": "Feature", "properties": { "fir": "EBBU", "identifier": "EBBU:EBBU_I 53:000-015", "name": "EBBU_I 53", "level_lower": 0, "level_upper": 15 }, "geometry": { "type": "Polygon", "coordinates": [ [ [ 3.362975, 51.372988888888891 ], [ 3.375555555555556, 51.355 ], [ 3.383333333333333, 51.346111111111114 ], [ 3.386666666666667, 51.338888888888889 ], [ 3.383888888888889, 51.331388888888895 ], [ 3.3625, 51.318333333333335 ], [ 3.373888888888889, 51.304722222222217 ], [ 3.373055555555556, 51.303055555555552 ], [ 3.368055555555556, 51.30361111111111 ], [ 3.364722222222222, 51.301944444444445 ], [ 3.364444444444445, 51.298611111111107 ], [ 3.376666666666666, 51.276388888888889 ], [ 3.425888888888889, 51.258972222222219 ], [ 3.432777777777777, 51.248694444444446 ], [ 3.455055555555556, 51.245138888888889 ], [ 3.498166666666667, 51.246333333333332 ], [ 3.530111111111111, 51.250777777777778 ], [ 3.520805555555556, 51.293083333333328 ], [ 3.543638888888889, 51.289611111111107 ], [ 3.564472222222222, 51.296833333333332 ], [ 3.58375, 51.28975 ], [ 3.58575, 51.30125 ], [ 3.592861111111111, 51.306388888888883 ], [ 3.603722222222222, 51.30375 ], [ 3.641416666666667, 51.287666666666667 ], [ 3.652055555555556, 51.28725 ], [ 3.658472222222222, 51.2835 ], [ 3.691527777777778, 51.281555555555556 ], [ 3.713916666666667, 51.2745 ], [ 3.731111111111111, 51.272722222222221 ], [ 3.757805555555556, 51.272277777777774 ], [ 3.768666666666666, 51.264638888888889 ], [ 3.778416666666667, 51.267 ], [ 3.790833333333333, 51.262555555555558 ], [ 3.790611111111111, 51.251472222222219 ], [ 3.511755555555556, 51.167730555555551 ], [ 3.508336111111111, 51.169694444444445 ], [ 3.504658333333333, 51.171466666666667 ], [ 3.500747222222222, 51.173030555555556 ], [ 3.496636111111111, 51.174372222222217 ], [ 3.49235, 51.175486111111105 ], [ 3.487927777777778, 51.176361111111106 ], [ 3.483397222222222, 51.176991666666666 ], [ 3.4788, 51.177372222222218 ], [ 3.474166666666667, 51.1775 ], [ 3.469530555555556, 51.177372222222218 ], [ 3.464933333333334, 51.176991666666666 ], [ 3.460402777777778, 51.176361111111106 ], [ 3.455980555555556, 51.175486111111105 ], [ 3.451697222222222, 51.174372222222217 ], [ 3.447583333333334, 51.173030555555556 ], [ 3.443672222222222, 51.171466666666667 ], [ 3.439994444444445, 51.169694444444445 ], [ 3.436575, 51.167730555555551 ], [ 3.433444444444445, 51.165583333333331 ], [ 3.430625, 51.163277777777779 ], [ 3.428136111111111, 51.160822222222222 ], [ 3.425997222222222, 51.158241666666662 ], [ 3.424225, 51.155555555555551 ], [ 3.422833333333333, 51.152780555555552 ], [ 3.421833333333333, 51.149941666666663 ], [ 3.421230555555555, 51.147058333333334 ], [ 3.421033333333333, 51.144152777777776 ], [ 3.421238888888889, 51.141247222222219 ], [ 3.421847222222222, 51.138366666666663 ], [ 3.422852777777778, 51.135527777777774 ], [ 3.42425, 51.132752777777782 ], [ 3.426025, 51.130069444444445 ], [ 3.428166666666666, 51.127488888888891 ], [ 3.430661111111111, 51.125038888888888 ], [ 3.433483333333334, 51.122733333333336 ], [ 3.436613888888889, 51.120588888888889 ], [ 3.440030555555556, 51.118625 ], [ 3.443708333333333, 51.116855555555553 ], [ 3.447616666666667, 51.115294444444444 ], [ 3.451725, 51.113952777777776 ], [ 3.456005555555556, 51.112841666666668 ], [ 3.460422222222222, 51.111966666666667 ], [ 3.464944444444445, 51.111338888888888 ], [ 3.412777777777778, 50.840277777777779 ], [ 3.350555555555556, 50.913611111111109 ], [ 3.186111111111111, 50.858333333333334 ], [ 3.185030555555555, 50.860619444444445 ], [ 3.183652777777778, 50.862619444444448 ], [ 3.182005555555556, 50.864536111111114 ], [ 3.1801, 50.866355555555558 ], [ 3.17795, 50.868063888888891 ], [ 3.175572222222222, 50.869644444444447 ], [ 3.172986111111111, 50.871091666666665 ], [ 3.170208333333333, 50.872388888888892 ], [ 3.167261111111111, 50.873530555555554 ], [ 3.164169444444444, 50.874502777777778 ], [ 3.160952777777778, 50.875302777777776 ], [ 3.157638888888889, 50.875922222222222 ], [ 3.154252777777778, 50.876358333333336 ], [ 3.150819444444444, 50.876605555555557 ], [ 3.147363888888889, 50.876661111111112 ], [ 3.143913888888889, 50.876527777777781 ], [ 3.140494444444444, 50.876205555555558 ], [ 3.137133333333333, 50.875697222222222 ], [ 3.133855555555555, 50.87500277777778 ], [ 3.130686111111111, 50.874133333333333 ], [ 3.12765, 50.873091666666667 ], [ 3.124769444444444, 50.87188888888889 ], [ 3.122063888888889, 50.870530555555554 ], [ 3.119558333333333, 50.869027777777781 ], [ 3.117269444444445, 50.867394444444443 ], [ 3.115216666666667, 50.865641666666669 ], [ 3.113411111111111, 50.863780555555557 ], [ 3.111872222222222, 50.861827777777776 ], [ 3.110605555555556, 50.8598 ], [ 3.109627777777778, 50.857708333333335 ], [ 3.108938888888889, 50.855569444444448 ], [ 3.10855, 50.853402777777781 ], [ 3.108461111111111, 50.851222222222226 ], [ 3.108675, 50.849044444444445 ], [ 3.109186111111111, 50.846888888888891 ], [ 3.109994444444445, 50.844769444444445 ], [ 3.111091666666667, 50.8427 ], [ 3.112472222222222, 50.8407 ], [ 3.114119444444444, 50.838783333333339 ], [ 3.116027777777778, 50.836966666666669 ], [ 3.118177777777778, 50.835261111111116 ], [ 3.05, 50.812222222222218 ], [ 3.083055555555556, 50.773055555555551 ], [ 3.116722222222222, 50.783330555555551 ], [ 3.15, 50.783333333333331 ], [ 2.9, 50.7 ], [ 2.816666666666666, 50.725 ], [ 2.716666666666667, 50.8 ], [ 2.633333333333333, 50.81666666666667 ], [ 2.572777777777778, 51.015555555555558 ], [ 2.571944444444444, 51.025277777777774 ], [ 2.821388888888889, 50.983333333333334 ], [ 2.973611111111111, 51.06583333333333 ], [ 2.839444444444445, 51.109722222222224 ], [ 3.021944444444444, 51.136666666666663 ], [ 3.032430555555556, 51.138791666666663 ], [ 3.043286111111111, 51.141333333333336 ], [ 3.053747222222222, 51.144458333333333 ], [ 3.063738888888889, 51.148141666666668 ], [ 3.073180555555556, 51.152358333333332 ], [ 3.082002777777778, 51.157072222222219 ], [ 3.090138888888889, 51.162252777777773 ], [ 3.097525, 51.167855555555555 ], [ 3.104108333333333, 51.173838888888888 ], [ 3.109833333333333, 51.180161111111111 ], [ 3.114661111111111, 51.186772222222217 ], [ 3.11855, 51.193622222222217 ], [ 3.121475, 51.200655555555556 ], [ 3.123411111111111, 51.207825 ], [ 3.124341666666667, 51.215069444444445 ], [ 3.124261111111111, 51.222341666666665 ], [ 3.123169444444445, 51.229577777777777 ], [ 3.121111111111111, 51.236666666666665 ], [ 3.116466666666667, 51.246858333333336 ], [ 3.110005555555555, 51.257766666666669 ], [ 3.102047222222222, 51.268277777777776 ], [ 3.09265, 51.278313888888889 ], [ 3.081886111111111, 51.2878 ], [ 3.069838888888889, 51.296661111111106 ], [ 3.362975, 51.372988888888891 ] ] ] } },
{ "type": "Feature", "properties": { "fir": "EBBU", "identifier": "EBBU:EBBU_I 54:000-015", "name": "EBBU_I 54", "level_lower": 0, "level_upper": 15 }, "geometry": { "type": "Polygon", "coordinates": [ [ [ 3.884638888888889, 51.208888888888893 ], [ 3.912777777777778, 51.209722222222226 ], [ 3.922972222222222, 51.220944444444449 ], [ 3.930083333333333, 51.222611111111114 ], [ 3.939166666666667, 51.216527777777777 ], [ 3.948694444444445, 51.215833333333336 ], [ 3.971083333333334, 51.22152777777778 ], [ 3.984830555555555, 51.224380555555555 ], [ 3.987222222222222, 51.231388888888894 ], [ 3.996111111111111, 51.240833333333335 ], [ 4.015555555555555, 51.244444444444447 ], [ 4.0325, 51.243333333333332 ], [ 4.054722222222222, 51.24666666666667 ], [ 4.080833333333334, 51.258611111111108 ], [ 4.114166666666667, 51.269444444444446 ], [ 4.220494444444444, 51.339561111111117 ], [ 4.242222222222222, 51.353888888888889 ], [ 4.244722222222222, 51.374722222222225 ], [ 4.334722222222222, 51.3775 ], [ 4.341111111111111, 51.3575 ], [ 4.431388888888889, 51.363888888888887 ], [ 4.626944444444445, 51.268333333333331 ], [ 4.266666666666667, 51.268333333333331 ], [ 4.258794444444445, 51.261625 ], [ 4.248844444444445, 51.251797222222223 ], [ 4.240308333333333, 51.241466666666668 ], [ 4.233244444444445, 51.230708333333332 ], [ 4.227708333333333, 51.21960555555556 ], [ 4.223738888888889, 51.208241666666666 ], [ 4.221369444444445, 51.196705555555553 ], [ 4.220613888888889, 51.185083333333331 ], [ 4.221475, 51.17346388888889 ], [ 4.22395, 51.16193611111111 ], [ 4.228013888888889, 51.15058888888889 ], [ 4.233638888888889, 51.139502777777778 ], [ 4.240777777777778, 51.128769444444444 ], [ 4.249377777777778, 51.11846666666667 ], [ 4.259372222222222, 51.108669444444445 ], [ 4.270683333333333, 51.099458333333338 ], [ 4.283225, 51.0909 ], [ 4.2969, 51.083058333333334 ], [ 4.3125, 51.07555555555556 ], [ 4.340075, 51.041077777777772 ], [ 4.321280555555555, 51.032608333333336 ], [ 4.303736111111111, 51.023141666666668 ], [ 4.287577777777778, 51.012744444444444 ], [ 4.272927777777777, 51.0015 ], [ 4.2599, 50.989491666666666 ], [ 4.248588888888889, 50.976816666666672 ], [ 4.241111111111111, 50.966666666666669 ], [ 4.231452777777778, 50.949844444444444 ], [ 4.225752777777778, 50.935752777777772 ], [ 4.222025, 50.921405555555552 ], [ 4.220297222222222, 50.906905555555554 ], [ 4.220580555555555, 50.892366666666668 ], [ 4.222872222222223, 50.8779 ], [ 4.22715, 50.863613888888892 ], [ 4.233380555555556, 50.84961666666667 ], [ 4.241516666666667, 50.836013888888893 ], [ 4.251494444444444, 50.822911111111111 ], [ 4.263236111111111, 50.810405555555555 ], [ 4.27665, 50.798591666666667 ], [ 4.291636111111111, 50.78756111111111 ], [ 4.308077777777777, 50.77739722222222 ], [ 4.325852777777778, 50.768175 ], [ 4.344822222222222, 50.75996388888889 ], [ 4.364847222222222, 50.752825 ], [ 4.385772222222223, 50.746816666666668 ], [ 4.40743888888889, 50.741977777777777 ], [ 4.429688888888889, 50.73835 ], [ 4.45235, 50.735958333333336 ], [ 4.475252777777778, 50.73482222222222 ], [ 4.498225, 50.734947222222225 ], [ 4.521094444444445, 50.736336111111115 ], [ 4.543686111111111, 50.738977777777777 ], [ 4.567777777777778, 50.742777777777782 ], [ 4.504444444444444, 50.6975 ], [ 4.512208333333334, 50.685641666666662 ], [ 4.523133333333333, 50.67187222222222 ], [ 4.535905555555556, 50.658758333333331 ], [ 4.550425, 50.646394444444446 ], [ 4.566577777777778, 50.634880555555554 ], [ 4.584244444444444, 50.624302777777778 ], [ 4.603291666666666, 50.614736111111114 ], [ 4.623572222222223, 50.606255555555556 ], [ 4.644933333333332, 50.598925 ], [ 4.667213888888889, 50.5928 ], [ 4.690244444444445, 50.587927777777779 ], [ 4.713333333333334, 50.583888888888893 ], [ 4.646530555555555, 50.544563888888888 ], [ 4.636169444444444, 50.5491 ], [ 4.625219444444445, 50.553044444444438 ], [ 4.613772222222222, 50.556366666666662 ], [ 4.601908333333333, 50.559041666666666 ], [ 4.589722222222222, 50.561047222222221 ], [ 4.577308333333333, 50.562369444444442 ], [ 4.564758333333333, 50.562997222222222 ], [ 4.552169444444444, 50.562927777777773 ], [ 4.539638888888889, 50.562161111111109 ], [ 4.526666666666666, 50.560833333333328 ], [ 4.223333333333334, 50.515 ], [ 4.212397222222222, 50.512725 ], [ 4.200622222222222, 50.509919444444442 ], [ 4.189277777777778, 50.506472222222222 ], [ 4.17845, 50.502405555555555 ], [ 4.168222222222223, 50.497755555555557 ], [ 4.158675, 50.492552777777782 ], [ 4.149877777777778, 50.48684166666667 ], [ 4.141897222222223, 50.480663888888891 ], [ 4.134797222222223, 50.474066666666666 ], [ 4.128627777777777, 50.4671 ], [ 4.123438888888889, 50.459816666666669 ], [ 4.119266666666666, 50.452275 ], [ 4.116144444444444, 50.444527777777772 ], [ 4.114097222222222, 50.436638888888886 ], [ 4.11313611111111, 50.428663888888885 ], [ 4.113269444444444, 50.420669444444442 ], [ 4.114497222222222, 50.412711111111108 ], [ 4.116805555555555, 50.40485 ], [ 4.120180555555555, 50.397147222222223 ], [ 4.124597222222222, 50.38966111111111 ], [ 4.130013888888889, 50.38245 ], [ 4.136397222222223, 50.375566666666664 ], [ 4.143694444444445, 50.369063888888888 ], [ 4.15185, 50.362991666666666 ], [ 4.160802777777779, 50.357391666666665 ], [ 4.170483333333333, 50.352313888888894 ], [ 4.180819444444444, 50.347791666666666 ], [ 4.191733333333334, 50.34386111111111 ], [ 4.203138888888889, 50.34055 ], [ 4.214952777777778, 50.337886111111111 ], [ 4.227083333333334, 50.335886111111115 ], [ 4.239441666666667, 50.334569444444448 ], [ 4.251930555555556, 50.333944444444448 ], [ 4.264458333333334, 50.33401388888889 ], [ 4.276930555555555, 50.334777777777781 ], [ 4.290277777777778, 50.336111111111116 ], [ 4.178055555555556, 50.224722222222226 ], [ 4.118888888888889, 50.296666666666667 ], [ 4.089722222222222, 50.314722222222223 ], [ 3.973055555555556, 50.328333333333333 ], [ 3.926666666666666, 50.333888888888893 ], [ 3.873055555555556, 50.340555555555561 ], [ 3.7875, 50.339722222222221 ], [ 3.675, 50.342222222222226 ], [ 3.666666666666667, 50.35 ], [ 3.666666666666667, 50.416666666666664 ], [ 3.679444444444445, 50.581666666666671 ], [ 3.736111111111111, 50.516388888888891 ], [ 3.811111111111111, 50.488888888888887 ], [ 4.030833333333334, 50.510833333333331 ], [ 4.115277777777777, 50.534722222222221 ], [ 4.119544444444444, 50.539152777777772 ], [ 4.126327777777777, 50.546738888888889 ], [ 4.132044444444444, 50.554669444444443 ], [ 4.136655555555556, 50.562886111111105 ], [ 4.140119444444445, 50.571327777777782 ], [ 4.142416666666668, 50.579930555555556 ], [ 4.143522222222223, 50.588625 ], [ 4.143433333333334, 50.59735 ], [ 4.142144444444445, 50.606033333333336 ], [ 4.139666666666667, 50.61461388888889 ], [ 4.136019444444445, 50.623027777777779 ], [ 4.131227777777777, 50.63120277777778 ], [ 4.125330555555555, 50.639086111111112 ], [ 4.118372222222222, 50.646611111111113 ], [ 4.1104, 50.653722222222221 ], [ 4.101480555555555, 50.660363888888888 ], [ 4.091677777777777, 50.666488888888885 ], [ 4.081069444444444, 50.672047222222218 ], [ 4.070833333333333, 50.676666666666662 ], [ 3.875277777777778, 50.647777777777776 ], [ 3.793611111111111, 50.635555555555555 ], [ 3.690833333333333, 50.614444444444445 ], [ 3.884638888888889, 51.208888888888893 ] ] ] } },
{ "type": "Feature", "properties": { "fir": "EBBU", "identifier": "EBBU:EBBU_I 56S:000-015", "name": "EBBU_I 56S", "level_lower": 0, "level_upper": 15 }, "geometry": { "type": "Polygon", "coordinates": [ [ [ 4.178055555555556, 50.224722222222226 ], [ 4.290277777777778, 50.336111111111116 ], [ 4.5925, 50.381944444444443 ], [ 4.604144444444444, 50.3842 ], [ 4.615894444444444, 50.386994444444447 ], [ 4.627222222222223, 50.390430555555554 ], [ 4.638036111111111, 50.394483333333334 ], [ 4.648255555555555, 50.399119444444445 ], [ 4.657805555555556, 50.404305555555553 ], [ 4.66661388888889, 50.410002777777777 ], [ 4.674611111111111, 50.416163888888889 ], [ 4.681736111111111, 50.42274722222222 ], [ 4.687936111111111, 50.4297 ], [ 4.693161111111111, 50.436972222222217 ], [ 4.697375, 50.444505555555551 ], [ 4.700541666666667, 50.452244444444446 ], [ 4.702638888888889, 50.460127777777778 ], [ 4.703647222222222, 50.4681 ], [ 4.703563888888889, 50.476097222222222 ], [ 4.702383333333334, 50.484058333333337 ], [ 4.717969444444445, 50.48500555555556 ], [ 4.719061111111111, 50.481883333333336 ], [ 4.720577777777778, 50.478833333333334 ], [ 4.722502777777778, 50.475880555555555 ], [ 4.724827777777778, 50.473044444444447 ], [ 4.727530555555556, 50.470347222222223 ], [ 4.730591666666667, 50.467811111111111 ], [ 4.733988888888889, 50.465452777777777 ], [ 4.737697222222223, 50.46329444444445 ], [ 4.741683333333333, 50.461347222222223 ], [ 4.745922222222222, 50.459630555555556 ], [ 4.750380555555555, 50.458152777777784 ], [ 4.755022222222222, 50.456930555555559 ], [ 4.759813888888889, 50.455969444444449 ], [ 4.764719444444444, 50.455277777777781 ], [ 4.769702777777778, 50.454861111111114 ], [ 4.774722222222223, 50.454722222222223 ], [ 4.779738888888889, 50.454861111111114 ], [ 4.784722222222222, 50.455277777777781 ], [ 4.789627777777778, 50.455969444444449 ], [ 4.794419444444444, 50.456930555555559 ], [ 4.799061111111111, 50.458152777777784 ], [ 4.803519444444444, 50.459630555555556 ], [ 4.807758333333333, 50.461347222222223 ], [ 4.811744444444444, 50.46329444444445 ], [ 4.815452777777778, 50.465452777777777 ], [ 4.81885, 50.467811111111111 ], [ 4.821911111111111, 50.470347222222223 ], [ 4.824613888888889, 50.473044444444447 ], [ 4.826938888888889, 50.475880555555555 ], [ 4.828863888888889, 50.478833333333334 ], [ 4.830380555555555, 50.481883333333336 ], [ 4.831472222222222, 50.48500555555556 ], [ 4.832133333333333, 50.488177777777778 ], [ 4.832355555555555, 50.491372222222225 ], [ 5.245386111111111, 50.531872222222219 ], [ 5.252361111111111, 50.526111111111113 ], [ 5.260097222222222, 50.520758333333333 ], [ 5.268536111111111, 50.515852777777781 ], [ 5.277613888888889, 50.511433333333336 ], [ 5.287261111111111, 50.507533333333335 ], [ 5.297402777777777, 50.50418333333333 ], [ 5.307966666666666, 50.501405555555557 ], [ 5.318869444444444, 50.499222222222222 ], [ 5.330027777777778, 50.49765277777778 ], [ 5.341358333333333, 50.496705555555558 ], [ 5.352777777777778, 50.496388888888887 ], [ 4.924166666666667, 50.222222222222221 ], [ 4.891111111111111, 50.321666666666673 ], [ 4.734444444444445, 50.304444444444442 ], [ 4.733136111111111, 50.305227777777773 ], [ 4.724361111111111, 50.309858333333331 ], [ 4.714986111111111, 50.313983333333333 ], [ 4.705080555555556, 50.317566666666671 ], [ 4.694725, 50.320586111111112 ], [ 4.683994444444445, 50.323016666666668 ], [ 4.672969444444445, 50.324841666666671 ], [ 4.661738888888889, 50.326044444444449 ], [ 4.650388888888889, 50.326613888888893 ], [ 4.639, 50.32655 ], [ 4.627666666666667, 50.325852777777783 ], [ 4.616469444444444, 50.324525 ], [ 4.6055, 50.322580555555561 ], [ 4.59483611111111, 50.320030555555562 ], [ 4.584563888888889, 50.316894444444451 ], [ 4.574758333333333, 50.3132 ], [ 4.565497222222222, 50.308972222222216 ], [ 4.55685, 50.304244444444443 ], [ 4.548883333333333, 50.299052777777774 ], [ 4.541655555555556, 50.293436111111106 ], [ 4.535225, 50.287438888888886 ], [ 4.530277777777778, 50.281388888888891 ], [ 4.369444444444444, 50.263055555555553 ], [ 4.398611111111111, 50.165833333333332 ], [ 4.556111111111111, 50.183055555555555 ], [ 4.558755555555555, 50.181369444444442 ], [ 4.567522222222222, 50.176752777777779 ], [ 4.576883333333333, 50.172641666666664 ], [ 4.586766666666667, 50.169066666666666 ], [ 4.597097222222222, 50.166055555555552 ], [ 4.607797222222222, 50.16363333333333 ], [ 4.618786111111111, 50.161816666666667 ], [ 4.629980555555556, 50.160619444444443 ], [ 4.641291666666667, 50.16005 ], [ 4.652638888888889, 50.160113888888887 ], [ 4.663936111111111, 50.160808333333335 ], [ 4.675094444444444, 50.162130555555557 ], [ 4.686030555555556, 50.164069444444443 ], [ 4.696663888888889, 50.166611111111109 ], [ 4.706911111111111, 50.169736111111106 ], [ 4.716697222222223, 50.173422222222221 ], [ 4.725944444444445, 50.177636111111106 ], [ 4.734586111111112, 50.182352777777773 ], [ 4.742552777777778, 50.187530555555554 ], [ 4.749788888888889, 50.193133333333328 ], [ 4.756233333333333, 50.199119444444442 ], [ 4.761111111111111, 50.205 ], [ 4.866666666666667, 49.983333333333334 ], [ 4.566666666666666, 49.975 ], [ 4.483333333333333, 49.95 ], [ 4.366666666666666, 49.961666666666666 ], [ 4.150277777777778, 49.980277777777779 ], [ 4.145833333333334, 49.980555555555554 ], [ 4.149163888888889, 50.034719444444441 ], [ 4.178055555555556, 50.224722222222226 ] ] ] } },
{ "type": "Feature", "properties": { "fir": "EBBU", "identifier": "EBBU:EBBU_I 57:000-015", "name": "EBBU_I 57", "level_lower": 0, "level_upper": 15 }, "geometry": { "type": "Polygon", "coordinates": [ [ [ 5.637569444444444, 50.814286111111109 ], [ 5.695830555555556, 50.790277777777774 ], [ 5.728608333333334, 50.776941666666666 ], [ 5.746111111111111, 50.769722222222221 ], [ 5.806666666666667, 50.755277777777778 ], [ 5.823888888888889, 50.754444444444445 ], [ 5.89, 50.750833333333333 ], [ 5.915, 50.749722222222225 ], [ 5.998888888888889, 50.752222222222223 ], [ 6.021111111111111, 50.75416666666667 ], [ 6.033333333333333, 50.75 ], [ 6.158611111111111, 50.648055555555558 ], [ 6.213888888888889, 50.603055555555557 ], [ 6.222083333333334, 50.585444444444448 ], [ 6.262222222222222, 50.498888888888892 ], [ 6.384166666666667, 50.4125 ], [ 6.342777777777777, 50.334166666666668 ], [ 6.223611111111111, 50.260833333333331 ], [ 6.223333333333334, 50.258611111111108 ], [ 6.218055555555556, 50.18138888888889 ], [ 6.214444444444444, 50.13 ], [ 6.207777777777778, 50.030277777777776 ], [ 6.2025, 49.954166666666673 ], [ 6.201111111111111, 49.935555555555553 ], [ 6.203611111111111, 49.719722222222224 ], [ 6.033055555555555, 49.656388888888884 ], [ 4.866666666666667, 49.983333333333334 ], [ 4.761111111111111, 50.205 ], [ 4.924166666666667, 50.222222222222221 ], [ 5.352777777777778, 50.496388888888887 ], [ 5.364194444444444, 50.496705555555558 ], [ 5.375525, 50.49765277777778 ], [ 5.386683333333334, 50.499222222222222 ], [ 5.397586111111112, 50.501405555555557 ], [ 5.40815, 50.50418333333333 ], [ 5.418291666666667, 50.507533333333335 ], [ 5.427938888888889, 50.511433333333336 ], [ 5.437016666666667, 50.515852777777781 ], [ 5.444722222222222, 50.520277777777778 ], [ 5.626666666666667, 50.63388888888889 ], [ 5.633888888888889, 50.638897222222219 ], [ 5.64103611111111, 50.644580555555557 ], [ 5.647380555555555, 50.650636111111112 ], [ 5.652866666666667, 50.657019444444444 ], [ 5.657455555555556, 50.663680555555551 ], [ 5.661113888888889, 50.670572222222219 ], [ 5.663811111111111, 50.677638888888886 ], [ 5.665527777777778, 50.684825 ], [ 5.666247222222222, 50.692080555555549 ], [ 5.665966666666667, 50.69935 ], [ 5.66468888888889, 50.706575 ], [ 5.662419444444445, 50.7137 ], [ 5.659177777777778, 50.720675 ], [ 5.654986111111111, 50.727441666666671 ], [ 5.649877777777777, 50.73395277777778 ], [ 5.643888888888888, 50.740158333333333 ], [ 5.637069444444444, 50.746008333333336 ], [ 5.629466666666668, 50.751458333333332 ], [ 5.621141666666667, 50.756469444444441 ], [ 5.612155555555555, 50.761002777777776 ], [ 5.602577777777777, 50.765019444444441 ], [ 5.592480555555555, 50.768494444444443 ], [ 5.581941666666666, 50.7714 ], [ 5.637569444444444, 50.814286111111109 ] ] ] } },
{ "type": "Feature", "properties": { "fir": "EBBU", "identifier": "EBBU:EBBU_I 58 64:000-020", "name": "EBBU_I 58 64", "level_lower": 0, "level_upper": 20 }, "geometry": { "type": "Polygon", "coordinates": [ [ [ 4.866666666666667, 49.983333333333334 ], [ 6.033055555555555, 49.656388888888884 ], [ 6.023116666666667, 49.652127777777778 ], [ 6.014213888888889, 49.647694444444447 ], [ 6.005944444444444, 49.642777777777781 ], [ 5.998372222222223, 49.637411111111113 ], [ 5.99155, 49.631638888888887 ], [ 5.985533333333334, 49.6255 ], [ 5.980366666666667, 49.619047222222221 ], [ 5.976088888888889, 49.612327777777779 ], [ 5.972733333333333, 49.605388888888889 ], [ 5.970325, 49.598288888888888 ], [ 5.968877777777778, 49.591080555555557 ], [ 5.968408333333334, 49.583816666666671 ], [ 5.968916666666667, 49.576552777777778 ], [ 5.9704, 49.569347222222227 ], [ 5.972844444444444, 49.562252777777772 ], [ 5.976230555555555, 49.555322222222216 ], [ 5.980536111111111, 49.548611111111107 ], [ 5.985725, 49.542166666666667 ], [ 5.991755555555556, 49.536041666666662 ], [ 5.998588888888889, 49.530280555555557 ], [ 6.006163888888889, 49.524927777777776 ], [ 6.014430555555555, 49.520022222222224 ], [ 6.023322222222222, 49.515602777777779 ], [ 6.032769444444444, 49.5117 ], [ 6.042705555555555, 49.50835 ], [ 6.053052777777777, 49.50557222222222 ], [ 6.063730555555555, 49.503388888888892 ], [ 6.074661111111111, 49.501819444444443 ], [ 6.085758333333333, 49.50087222222222 ], [ 6.096944444444444, 49.500555555555557 ], [ 6.108127777777778, 49.50087222222222 ], [ 6.119225, 49.501819444444443 ], [ 6.130155555555556, 49.503388888888892 ], [ 6.140833333333334, 49.50557222222222 ], [ 6.151180555555556, 49.50835 ], [ 6.160833333333334, 49.511388888888888 ], [ 6.33111111111111, 49.574722222222228 ], [ 6.341216666666666, 49.578936111111112 ], [ 6.350119444444444, 49.583355555555556 ], [ 6.358394444444444, 49.588261111111116 ], [ 6.365980555555555, 49.593613888888889 ], [ 6.372822222222222, 49.599375 ], [ 6.378861111111111, 49.6055 ], [ 6.384058333333334, 49.611944444444447 ], [ 6.388366666666667, 49.618655555555556 ], [ 6.391761111111111, 49.625586111111112 ], [ 6.394208333333334, 49.632680555555559 ], [ 6.395691666666667, 49.63988611111111 ], [ 6.3962, 49.64715 ], [ 6.395730555555556, 49.65441388888889 ], [ 6.394283333333334, 49.661622222222221 ], [ 6.391869444444445, 49.668722222222222 ], [ 6.388508333333334, 49.675658333333331 ], [ 6.384227777777778, 49.682380555555554 ], [ 6.379052777777777, 49.688833333333328 ], [ 6.373027777777778, 49.694972222222219 ], [ 6.366197222222222, 49.700744444444446 ], [ 6.358613888888889, 49.706111111111113 ], [ 6.350336111111111, 49.71102777777778 ], [ 6.341422222222222, 49.715461111111111 ], [ 6.331944444444444, 49.719372222222226 ], [ 6.321975, 49.722733333333338 ], [ 6.311588888888889, 49.725519444444444 ], [ 6.300863888888888, 49.727711111111113 ], [ 6.289886111111111, 49.729286111111115 ], [ 6.278736111111111, 49.730236111111111 ], [ 6.2675, 49.730555555555554 ], [ 6.256261111111111, 49.730236111111111 ], [ 6.245111111111111, 49.729286111111115 ], [ 6.234133333333333, 49.727711111111113 ], [ 6.223408333333333, 49.725519444444444 ], [ 6.213022222222222, 49.722733333333338 ], [ 6.203611111111111, 49.719722222222224 ], [ 6.201111111111111, 49.935555555555553 ], [ 6.340555555555556, 49.874444444444443 ], [ 6.502777777777778, 49.809166666666663 ], [ 6.561388888888889, 49.785555555555554 ], [ 6.572083333333333, 49.648991666666667 ], [ 6.573333333333333, 49.638888888888886 ], [ 6.581388888888888, 49.536666666666662 ], [ 6.592777777777777, 49.394444444444446 ], [ 6.556944444444444, 49.394444444444446 ], [ 6.5525, 49.399444444444441 ], [ 6.540627777777778, 49.401605555555555 ], [ 6.537311111111111, 49.411558333333332 ], [ 6.548611111111111, 49.4175 ], [ 6.556861111111111, 49.419286111111106 ], [ 6.545555555555556, 49.428333333333327 ], [ 6.541111111111111, 49.434444444444438 ], [ 6.523333333333333, 49.436388888888885 ], [ 6.503611111111111, 49.449166666666663 ], [ 6.487777777777778, 49.451666666666668 ], [ 6.482452777777778, 49.454730555555557 ], [ 6.475833333333333, 49.458611111111111 ], [ 6.462222222222223, 49.460277777777783 ], [ 6.445555555555556, 49.465833333333336 ], [ 6.429722222222223, 49.473611111111111 ], [ 6.422777777777778, 49.473055555555554 ], [ 6.405, 49.464722222222228 ], [ 6.39638888888889, 49.462777777777781 ], [ 6.386944444444445, 49.463611111111113 ], [ 6.374444444444444, 49.458611111111111 ], [ 6.361111111111111, 49.459444444444451 ], [ 6.355, 49.463333333333338 ], [ 6.336666666666666, 49.465833333333336 ], [ 6.328888888888889, 49.471388888888889 ], [ 6.325833333333333, 49.476111111111116 ], [ 6.304166666666666, 49.477777777777781 ], [ 6.300555555555555, 49.485277777777782 ], [ 6.293611111111111, 49.483611111111109 ], [ 6.285277777777778, 49.490277777777777 ], [ 6.2825, 49.49527777777778 ], [ 6.283611111111111, 49.50138888888889 ], [ 6.266944444444444, 49.5025 ], [ 6.265555555555555, 49.50472222222222 ], [ 6.253888888888889, 49.50888888888889 ], [ 6.2475, 49.509722222222223 ], [ 6.238888888888889, 49.507222222222225 ], [ 6.234166666666667, 49.5075 ], [ 6.225833333333333, 49.507777777777775 ], [ 6.212777777777778, 49.50277777777778 ], [ 6.206666666666667, 49.502222222222223 ], [ 6.176666666666667, 49.505833333333335 ], [ 6.161666666666667, 49.501944444444447 ], [ 6.156944444444445, 49.499166666666667 ], [ 6.164166666666667, 49.491388888888892 ], [ 6.155833333333334, 49.489166666666669 ], [ 6.148055555555556, 49.483888888888892 ], [ 6.139166666666667, 49.491666666666667 ], [ 6.130833333333333, 49.493333333333332 ], [ 6.124166666666667, 49.470555555555556 ], [ 6.109166666666666, 49.466111111111111 ], [ 6.094166666666666, 49.463888888888889 ], [ 6.083611111111111, 49.464166666666671 ], [ 6.060277777777777, 49.464166666666671 ], [ 6.055, 49.461388888888891 ], [ 6.04775, 49.452930555555561 ], [ 6.045833333333333, 49.446388888888883 ], [ 6.038055555555555, 49.448333333333331 ], [ 6.028055555555556, 49.453888888888891 ], [ 6.015, 49.451666666666668 ], [ 6.006944444444445, 49.45194444444445 ], [ 6.006047222222223, 49.452613888888891 ], [ 6.001944444444445, 49.455833333333338 ], [ 5.996388888888889, 49.457222222222228 ], [ 5.993055555555555, 49.455833333333338 ], [ 5.985555555555556, 49.457222222222228 ], [ 5.981388888888889, 49.461388888888891 ], [ 5.976944444444444, 49.463055555555556 ], [ 5.968888888888889, 49.475555555555559 ], [ 5.971111111111111, 49.481388888888894 ], [ 5.972777777777778, 49.491666666666667 ], [ 5.959444444444444, 49.4925 ], [ 5.940555555555556, 49.499166666666667 ], [ 5.923055555555556, 49.500277777777775 ], [ 5.916666666666667, 49.502222222222223 ], [ 5.898055555555555, 49.498888888888892 ], [ 5.890277777777778, 49.498333333333335 ], [ 5.885555555555555, 49.500277777777775 ], [ 5.870555555555556, 49.498888888888892 ], [ 5.859722222222222, 49.50277777777778 ], [ 5.8525, 49.511944444444445 ], [ 5.85, 49.516388888888891 ], [ 5.843055555555555, 49.519166666666663 ], [ 5.838055555555555, 49.523888888888891 ], [ 5.8375, 49.526666666666664 ], [ 5.841666666666667, 49.531111111111109 ], [ 5.839444444444444, 49.534722222222221 ], [ 5.843055555555555, 49.54 ], [ 5.838611111111111, 49.543333333333329 ], [ 5.833333333333333, 49.5425 ], [ 5.825833333333333, 49.538888888888884 ], [ 5.82, 49.538888888888884 ], [ 5.818611111111111, 49.546388888888885 ], [ 5.816388888888889, 49.546388888888885 ], [ 5.806388888888889, 49.553333333333327 ], [ 5.800833333333333, 49.551666666666662 ], [ 5.793611111111111, 49.55222222222222 ], [ 5.786666666666666, 49.557777777777773 ], [ 5.773055555555556, 49.56444444444444 ], [ 5.761111111111111, 49.5625 ], [ 5.755833333333333, 49.555833333333332 ], [ 5.756666666666667, 49.548888888888889 ], [ 5.753822222222222, 49.546288888888888 ], [ 5.755555555555556, 49.542222222222222 ], [ 5.75, 49.541666666666664 ], [ 5.452222222222223, 49.5175 ], [ 5.452777777777778, 49.546944444444442 ], [ 5.442222222222222, 49.567777777777778 ], [ 5.420555555555556, 49.601111111111109 ], [ 5.383333333333334, 49.616666666666667 ], [ 5.371666666666666, 49.625277777777775 ], [ 5.315833333333333, 49.648333333333333 ], [ 5.291111111111111, 49.67722222222222 ], [ 5.262777777777778, 49.693055555555553 ], [ 5.163333333333334, 49.716666666666669 ], [ 5.115, 49.736111111111114 ], [ 4.988055555555555, 49.8 ], [ 4.858333333333333, 49.8 ], [ 4.857777777777778, 49.861944444444447 ], [ 4.866666666666667, 49.983333333333334 ] ] ] } },
{ "type": "Feature", "properties": { "fir": "EBBU", "identifier": "EBBU:EBBU_I 60:015-020", "name": "EBBU_I 60", "level_lower": 15, "level_upper": 20 }, "geometry": { "type": "Polygon", "coordinates": [ [ [ 2.572777777777778, 51.015555555555558 ], [ 2.651388888888889, 51.011944444444445 ], [ 2.821388888888889, 50.983333333333334 ], [ 2.973611111111111, 51.06583333333333 ], [ 3.25, 51.083333333333336 ], [ 3.464944444444445, 51.111338888888888 ], [ 3.875277777777778, 50.647777777777776 ], [ 3.793611111111111, 50.635555555555555 ], [ 3.690833333333333, 50.614444444444445 ], [ 3.686805555555556, 50.607472222222221 ], [ 3.683158333333333, 50.599058333333339 ], [ 3.680683333333333, 50.590477777777778 ], [ 3.679444444444445, 50.581666666666671 ], [ 3.736111111111111, 50.516388888888891 ], [ 3.811111111111111, 50.488888888888887 ], [ 4.030833333333334, 50.510833333333331 ], [ 4.115277777777777, 50.534722222222221 ], [ 4.488055555555555, 50.639722222222218 ], [ 4.488888888888889, 50.686388888888885 ], [ 4.504444444444444, 50.6975 ], [ 4.512208333333334, 50.685641666666662 ], [ 4.523133333333333, 50.67187222222222 ], [ 4.535905555555556, 50.658758333333331 ], [ 4.550425, 50.646394444444446 ], [ 4.566577777777778, 50.634880555555554 ], [ 4.584244444444444, 50.624302777777778 ], [ 4.603291666666666, 50.614736111111114 ], [ 4.623572222222223, 50.606255555555556 ], [ 4.644933333333332, 50.598925 ], [ 4.667213888888889, 50.5928 ], [ 4.690244444444445, 50.587927777777779 ], [ 4.713333333333334, 50.583888888888893 ], [ 4.759791666666667, 50.526802777777775 ], [ 4.754994444444445, 50.525841666666665 ], [ 4.750347222222222, 50.524616666666667 ], [ 4.745883333333333, 50.523138888888887 ], [ 4.741641666666666, 50.52141944444444 ], [ 4.737652777777778, 50.519469444444447 ], [ 4.733944444444444, 50.517308333333332 ], [ 4.730547222222222, 50.514947222222219 ], [ 4.727488888888889, 50.512408333333333 ], [ 4.724788888888889, 50.509711111111109 ], [ 4.722469444444444, 50.506872222222221 ], [ 4.720547222222223, 50.503916666666669 ], [ 4.719038888888889, 50.500863888888887 ], [ 4.717955555555555, 50.49774166666667 ], [ 4.717302777777778, 50.494569444444444 ], [ 4.717086111111112, 50.491372222222225 ], [ 4.717311111111111, 50.488177777777778 ], [ 4.717969444444445, 50.48500555555556 ], [ 4.702383333333334, 50.484058333333337 ], [ 4.700277777777778, 50.49111111111111 ], [ 4.696777777777778, 50.499633333333335 ], [ 4.692397222222223, 50.507130555555555 ], [ 4.687002777777778, 50.514352777777781 ], [ 4.680638888888889, 50.52125 ], [ 4.67335, 50.527766666666665 ], [ 4.665194444444444, 50.533855555555554 ], [ 4.656230555555556, 50.539469444444443 ], [ 4.646530555555555, 50.544563888888888 ], [ 4.636169444444444, 50.5491 ], [ 4.625219444444445, 50.553044444444438 ], [ 4.613772222222222, 50.556366666666662 ], [ 4.601908333333333, 50.559041666666666 ], [ 4.589722222222222, 50.561047222222221 ], [ 4.577308333333333, 50.562369444444442 ], [ 4.564758333333333, 50.562997222222222 ], [ 4.552169444444444, 50.562927777777773 ], [ 4.539638888888889, 50.562161111111109 ], [ 4.526666666666666, 50.560833333333328 ], [ 4.223333333333334, 50.515 ], [ 4.212397222222222, 50.512725 ], [ 4.200622222222222, 50.509919444444442 ], [ 4.189277777777778, 50.506472222222222 ], [ 4.17845, 50.502405555555555 ], [ 4.168222222222223, 50.497755555555557 ], [ 4.158675, 50.492552777777782 ], [ 4.149877777777778, 50.48684166666667 ], [ 4.141897222222223, 50.480663888888891 ], [ 4.134797222222223, 50.474066666666666 ], [ 4.128627777777777, 50.4671 ], [ 4.123438888888889, 50.459816666666669 ], [ 4.119266666666666, 50.452275 ], [ 4.116144444444444, 50.444527777777772 ], [ 4.114097222222222, 50.436638888888886 ], [ 4.11313611111111, 50.428663888888885 ], [ 4.113269444444444, 50.420669444444442 ], [ 4.114497222222222, 50.412711111111108 ], [ 4.116805555555555, 50.40485 ], [ 4.120180555555555, 50.397147222222223 ], [ 4.124597222222222, 50.38966111111111 ], [ 4.130013888888889, 50.38245 ], [ 4.136397222222223, 50.375566666666664 ], [ 4.143694444444445, 50.369063888888888 ], [ 4.15185, 50.362991666666666 ], [ 4.160802777777779, 50.357391666666665 ], [ 4.170483333333333, 50.352313888888894 ], [ 4.180819444444444, 50.347791666666666 ], [ 4.191733333333334, 50.34386111111111 ], [ 4.203138888888889, 50.34055 ], [ 4.214952777777778, 50.337886111111111 ], [ 4.227083333333334, 50.335886111111115 ], [ 4.239441666666667, 50.334569444444448 ], [ 4.251930555555556, 50.333944444444448 ], [ 4.264458333333334, 50.33401388888889 ], [ 4.276930555555555, 50.334777777777781 ], [ 4.290277777777778, 50.336111111111116 ], [ 4.178055555555556, 50.224722222222226 ], [ 4.118888888888889, 50.296666666666667 ], [ 4.089722222222222, 50.314722222222223 ], [ 3.973055555555556, 50.328333333333333 ], [ 3.926666666666666, 50.333888888888893 ], [ 3.873055555555556, 50.340555555555561 ], [ 3.7875, 50.339722222222221 ], [ 3.675, 50.342222222222226 ], [ 3.666666666666667, 50.35 ], [ 3.666666666666667, 50.416666666666664 ], [ 3.645555555555556, 50.45194444444445 ], [ 3.633333333333333, 50.473333333333336 ], [ 3.600555555555556, 50.483888888888892 ], [ 3.566944444444444, 50.500277777777775 ], [ 3.511666666666667, 50.526666666666664 ], [ 3.484722222222222, 50.519444444444446 ], [ 3.473611111111111, 50.669166666666662 ], [ 3.423611111111111, 50.6875 ], [ 3.260277777777778, 50.68 ], [ 3.225, 50.678333333333327 ], [ 3.15, 50.783333333333331 ], [ 2.9, 50.7 ], [ 2.816666666666666, 50.725 ], [ 2.716666666666667, 50.8 ], [ 2.633333333333333, 50.81666666666667 ], [ 2.572777777777778, 51.015555555555558 ] ] ] } },
{ "type": "Feature", "properties": { "fir": "EBBU", "identifier": "EBBU:EBBU_I 62:015-020", "name": "EBBU_I 62", "level_lower": 15, "level_upper": 20 }, "geometry": { "type": "Polygon", "coordinates": [ [ [ 4.178055555555556, 50.224722222222226 ], [ 4.290277777777778, 50.336111111111116 ], [ 4.5925, 50.381944444444443 ], [ 4.604144444444444, 50.3842 ], [ 4.615894444444444, 50.386994444444447 ], [ 4.627222222222223, 50.390430555555554 ], [ 4.638036111111111, 50.394483333333334 ], [ 4.648255555555555, 50.399119444444445 ], [ 4.657805555555556, 50.404305555555553 ], [ 4.66661388888889, 50.410002777777777 ], [ 4.674611111111111, 50.416163888888889 ], [ 4.681736111111111, 50.42274722222222 ], [ 4.687936111111111, 50.4297 ], [ 4.693161111111111, 50.436972222222217 ], [ 4.697375, 50.444505555555551 ], [ 4.700541666666667, 50.452244444444446 ], [ 4.702638888888889, 50.460127777777778 ], [ 4.703647222222222, 50.4681 ], [ 4.703563888888889, 50.476097222222222 ], [ 4.702383333333334, 50.484058333333337 ], [ 4.717969444444445, 50.48500555555556 ], [ 4.719061111111111, 50.481883333333336 ], [ 4.720577777777778, 50.478833333333334 ], [ 4.722502777777778, 50.475880555555555 ], [ 4.724827777777778, 50.473044444444447 ], [ 4.727530555555556, 50.470347222222223 ], [ 4.730591666666667, 50.467811111111111 ], [ 4.733988888888889, 50.465452777777777 ], [ 4.737697222222223, 50.46329444444445 ], [ 4.741683333333333, 50.461347222222223 ], [ 4.745922222222222, 50.459630555555556 ], [ 4.750380555555555, 50.458152777777784 ], [ 4.755022222222222, 50.456930555555559 ], [ 4.759813888888889, 50.455969444444449 ], [ 4.764719444444444, 50.455277777777781 ], [ 4.769702777777778, 50.454861111111114 ], [ 4.774722222222223, 50.454722222222223 ], [ 4.779738888888889, 50.454861111111114 ], [ 4.784722222222222, 50.455277777777781 ], [ 4.789627777777778, 50.455969444444449 ], [ 4.794419444444444, 50.456930555555559 ], [ 4.799061111111111, 50.458152777777784 ], [ 4.803519444444444, 50.459630555555556 ], [ 4.807758333333333, 50.461347222222223 ], [ 4.811744444444444, 50.46329444444445 ], [ 4.815452777777778, 50.465452777777777 ], [ 4.81885, 50.467811111111111 ], [ 4.821911111111111, 50.470347222222223 ], [ 4.824613888888889, 50.473044444444447 ], [ 4.826938888888889, 50.475880555555555 ], [ 4.828863888888889, 50.478833333333334 ], [ 4.830380555555555, 50.481883333333336 ], [ 4.831472222222222, 50.48500555555556 ], [ 4.832133333333333, 50.488177777777778 ], [ 4.832355555555555, 50.491372222222225 ], [ 4.832138888888888, 50.494569444444444 ], [ 4.83148611111111, 50.49774166666667 ], [ 4.830402777777778, 50.500863888888887 ], [ 4.828894444444444, 50.503916666666669 ], [ 4.826972222222222, 50.506872222222221 ], [ 4.824652777777778, 50.509711111111109 ], [ 4.821952777777778, 50.512408333333333 ], [ 5.653316666666667, 50.878305555555556 ], [ 4.815497222222222, 50.517308333333332 ], [ 4.811788888888889, 50.519469444444447 ], [ 4.8078, 50.52141944444444 ], [ 4.803558333333333, 50.523138888888887 ], [ 4.799094444444444, 50.524616666666667 ], [ 4.794447222222222, 50.525841666666665 ], [ 4.78965, 50.526802777777775 ], [ 4.784736111111111, 50.527497222222223 ], [ 4.779747222222222, 50.527913888888889 ], [ 4.774722222222223, 50.528055555555554 ], [ 4.769694444444444, 50.527913888888889 ], [ 4.764705555555556, 50.527497222222223 ], [ 4.759791666666667, 50.526802777777775 ], [ 4.713333333333334, 50.583888888888893 ], [ 4.831944444444444, 50.661388888888887 ], [ 4.923611111111112, 50.699166666666663 ], [ 5.105833333333333, 50.785833333333329 ], [ 5.2625, 50.731944444444444 ], [ 5.260555555555555, 50.639166666666668 ], [ 5.252133333333333, 50.633244444444443 ], [ 5.245166666666667, 50.627469444444444 ], [ 5.239025, 50.621333333333332 ], [ 5.23375, 50.614877777777778 ], [ 5.229383333333334, 50.608158333333336 ], [ 5.225958333333334, 50.601219444444446 ], [ 5.223497222222222, 50.594119444444445 ], [ 5.222022222222222, 50.586911111111114 ], [ 5.221544444444445, 50.579647222222228 ], [ 5.222063888888889, 50.572386111111115 ], [ 5.223577777777778, 50.565177777777777 ], [ 5.226072222222222, 50.558083333333329 ], [ 5.229533333333333, 50.551155555555553 ], [ 5.233927777777778, 50.544441666666664 ], [ 5.239225, 50.538 ], [ 5.245386111111111, 50.531872222222219 ], [ 5.252361111111111, 50.526111111111113 ], [ 5.260097222222222, 50.520758333333333 ], [ 5.268536111111111, 50.515852777777781 ], [ 5.277613888888889, 50.511433333333336 ], [ 5.287261111111111, 50.507533333333335 ], [ 5.297402777777777, 50.50418333333333 ], [ 5.307966666666666, 50.501405555555557 ], [ 5.318869444444444, 50.499222222222222 ], [ 5.330027777777778, 50.49765277777778 ], [ 5.341358333333333, 50.496705555555558 ], [ 5.352777777777778, 50.496388888888887 ], [ 4.924166666666667, 50.222222222222221 ], [ 4.891111111111111, 50.321666666666673 ], [ 4.734444444444445, 50.304444444444442 ], [ 4.733136111111111, 50.305227777777773 ], [ 4.724361111111111, 50.309858333333331 ], [ 4.714986111111111, 50.313983333333333 ], [ 4.705080555555556, 50.317566666666671 ], [ 4.694725, 50.320586111111112 ], [ 4.683994444444445, 50.323016666666668 ], [ 4.672969444444445, 50.324841666666671 ], [ 4.661738888888889, 50.326044444444449 ], [ 4.650388888888889, 50.326613888888893 ], [ 4.639, 50.32655 ], [ 4.627666666666667, 50.325852777777783 ], [ 4.616469444444444, 50.324525 ], [ 4.6055, 50.322580555555561 ], [ 4.59483611111111, 50.320030555555562 ], [ 4.584563888888889, 50.316894444444451 ], [ 4.574758333333333, 50.3132 ], [ 4.565497222222222, 50.308972222222216 ], [ 4.55685, 50.304244444444443 ], [ 4.548883333333333, 50.299052777777774 ], [ 4.541655555555556, 50.293436111111106 ], [ 4.535225, 50.287438888888886 ], [ 4.530277777777778, 50.281388888888891 ], [ 4.369444444444444, 50.263055555555553 ], [ 4.398611111111111, 50.165833333333332 ], [ 4.556111111111111, 50.183055555555555 ], [ 4.558755555555555, 50.181369444444442 ], [ 4.567522222222222, 50.176752777777779 ], [ 4.576883333333333, 50.172641666666664 ], [ 4.586766666666667, 50.169066666666666 ], [ 4.597097222222222, 50.166055555555552 ], [ 4.607797222222222, 50.16363333333333 ], [ 4.618786111111111, 50.161816666666667 ], [ 4.629980555555556, 50.160619444444443 ], [ 4.641291666666667, 50.16005 ], [ 4.652638888888889, 50.160113888888887 ], [ 4.663936111111111, 50.160808333333335 ], [ 4.675094444444444, 50.162130555555557 ], [ 4.686030555555556, 50.164069444444443 ], [ 4.696663888888889, 50.166611111111109 ], [ 4.706911111111111, 50.169736111111106 ], [ 4.716697222222223, 50.173422222222221 ], [ 4.725944444444445, 50.177636111111106 ], [ 4.734586111111112, 50.182352777777773 ], [ 4.742552777777778, 50.187530555555554 ], [ 4.749788888888889, 50.193133333333328 ], [ 4.756233333333333, 50.199119444444442 ], [ 4.761111111111111, 50.205 ], [ 4.866666666666667, 49.983333333333334 ], [ 4.566666666666666, 49.975 ], [ 4.483333333333333, 49.95 ], [ 4.366666666666666, 49.961666666666666 ], [ 4.150277777777778, 49.980277777777779 ], [ 4.145833333333334, 49.980555555555554 ], [ 4.149163888888889, 50.034719444444441 ], [ 4.178055555555556, 50.224722222222226 ] ] ] } },
{ "type": "Feature", "properties": { "fir": "EBBU", "identifier": "EBBU:EBBU_I 63:015-020", "name": "EBBU_I 63", "level_lower": 15, "level_upper": 20 }, "geometry": { "type": "Polygon", "coordinates": [ [ [ 5.637569444444444, 50.814286111111109 ], [ 5.695830555555556, 50.790277777777774 ], [ 5.728608333333334, 50.776941666666666 ], [ 5.746111111111111, 50.769722222222221 ], [ 5.806666666666667, 50.755277777777778 ], [ 5.823888888888889, 50.754444444444445 ], [ 5.89, 50.750833333333333 ], [ 5.915, 50.749722222222225 ], [ 5.998888888888889, 50.752222222222223 ], [ 6.021111111111111, 50.75416666666667 ], [ 6.033333333333333, 50.75 ], [ 6.158611111111111, 50.648055555555558 ], [ 6.213888888888889, 50.603055555555557 ], [ 6.222083333333334, 50.585444444444448 ], [ 6.262222222222222, 50.498888888888892 ], [ 6.384166666666667, 50.4125 ], [ 6.342777777777777, 50.334166666666668 ], [ 6.223611111111111, 50.260833333333331 ], [ 6.223333333333334, 50.258611111111108 ], [ 6.218055555555556, 50.18138888888889 ], [ 6.214444444444444, 50.13 ], [ 6.207777777777778, 50.030277777777776 ], [ 6.2025, 49.954166666666673 ], [ 6.201111111111111, 49.935555555555553 ], [ 6.203611111111111, 49.719722222222224 ], [ 6.033055555555555, 49.656388888888884 ], [ 4.866666666666667, 49.983333333333334 ], [ 4.761111111111111, 50.205 ], [ 4.924166666666667, 50.222222222222221 ], [ 5.352777777777778, 50.496388888888887 ], [ 5.364194444444444, 50.496705555555558 ], [ 5.375525, 50.49765277777778 ], [ 5.386683333333334, 50.499222222222222 ], [ 5.397586111111112, 50.501405555555557 ], [ 5.40815, 50.50418333333333 ], [ 5.418291666666667, 50.507533333333335 ], [ 5.427938888888889, 50.511433333333336 ], [ 5.437016666666667, 50.515852777777781 ], [ 5.444722222222222, 50.520277777777778 ], [ 5.626666666666667, 50.63388888888889 ], [ 5.633888888888889, 50.638897222222219 ], [ 5.64103611111111, 50.644580555555557 ], [ 5.647380555555555, 50.650636111111112 ], [ 5.652866666666667, 50.657019444444444 ], [ 5.657455555555556, 50.663680555555551 ], [ 5.661113888888889, 50.670572222222219 ], [ 5.663811111111111, 50.677638888888886 ], [ 5.665527777777778, 50.684825 ], [ 5.666247222222222, 50.692080555555549 ], [ 5.665966666666667, 50.69935 ], [ 5.66468888888889, 50.706575 ], [ 5.662419444444445, 50.7137 ], [ 5.659177777777778, 50.720675 ], [ 5.654986111111111, 50.727441666666671 ], [ 5.649877777777777, 50.73395277777778 ], [ 5.643888888888888, 50.740158333333333 ], [ 5.637069444444444, 50.746008333333336 ], [ 5.629466666666668, 50.751458333333332 ], [ 5.621141666666667, 50.756469444444441 ], [ 5.612155555555555, 50.761002777777776 ], [ 5.602577777777777, 50.765019444444441 ], [ 5.592480555555555, 50.768494444444443 ], [ 5.581941666666666, 50.7714 ], [ 5.637569444444444, 50.814286111111109 ] ] ] } },
{ "type": "Feature", "properties": { "fir": "EBBU", "identifier": "EBBU:EBBU_I 66:020-025", "name": "EBBU_I 66", "level_lower": 20, "level_upper": 25 }, "geometry": { "type": "Polygon", "coordinates": [ [ [ 2.572777777777778, 51.015555555555558 ], [ 2.651388888888889, 51.011944444444445 ], [ 2.821388888888889, 50.983333333333334 ], [ 2.973611111111111, 51.06583333333333 ], [ 3.25, 51.083333333333336 ], [ 3.464944444444445, 51.111338888888888 ], [ 3.875277777777778, 50.647777777777776 ], [ 3.793611111111111, 50.635555555555555 ], [ 3.690833333333333, 50.614444444444445 ], [ 3.686805555555556, 50.607472222222221 ], [ 3.683158333333333, 50.599058333333339 ], [ 3.680683333333333, 50.590477777777778 ], [ 3.679444444444445, 50.581666666666671 ], [ 3.736111111111111, 50.516388888888891 ], [ 3.811111111111111, 50.488888888888887 ], [ 4.030833333333334, 50.510833333333331 ], [ 4.115277777777777, 50.534722222222221 ], [ 4.488055555555555, 50.639722222222218 ], [ 4.486666666666666, 50.606388888888887 ], [ 4.526666666666666, 50.560833333333328 ], [ 4.223333333333334, 50.515 ], [ 4.212397222222222, 50.512725 ], [ 4.200622222222222, 50.509919444444442 ], [ 4.189277777777778, 50.506472222222222 ], [ 4.17845, 50.502405555555555 ], [ 4.168222222222223, 50.497755555555557 ], [ 4.158675, 50.492552777777782 ], [ 4.149877777777778, 50.48684166666667 ], [ 4.141897222222223, 50.480663888888891 ], [ 4.134797222222223, 50.474066666666666 ], [ 4.128627777777777, 50.4671 ], [ 4.123438888888889, 50.459816666666669 ], [ 4.119266666666666, 50.452275 ], [ 4.116144444444444, 50.444527777777772 ], [ 4.114097222222222, 50.436638888888886 ], [ 4.11313611111111, 50.428663888888885 ], [ 4.113269444444444, 50.420669444444442 ], [ 4.114497222222222, 50.412711111111108 ], [ 4.116805555555555, 50.40485 ], [ 4.120180555555555, 50.397147222222223 ], [ 4.124597222222222, 50.38966111111111 ], [ 4.130013888888889, 50.38245 ], [ 4.136397222222223, 50.375566666666664 ], [ 4.143694444444445, 50.369063888888888 ], [ 4.15185, 50.362991666666666 ], [ 4.160802777777779, 50.357391666666665 ], [ 4.170483333333333, 50.352313888888894 ], [ 4.180819444444444, 50.347791666666666 ], [ 4.191733333333334, 50.34386111111111 ], [ 4.203138888888889, 50.34055 ], [ 4.214952777777778, 50.337886111111111 ], [ 4.227083333333334, 50.335886111111115 ], [ 4.239441666666667, 50.334569444444448 ], [ 4.251930555555556, 50.333944444444448 ], [ 4.264458333333334, 50.33401388888889 ], [ 4.276930555555555, 50.334777777777781 ], [ 4.290277777777778, 50.336111111111116 ], [ 4.178055555555556, 50.224722222222226 ], [ 4.118888888888889, 50.296666666666667 ], [ 4.089722222222222, 50.314722222222223 ], [ 3.973055555555556, 50.328333333333333 ], [ 3.926666666666666, 50.333888888888893 ], [ 3.873055555555556, 50.340555555555561 ], [ 3.7875, 50.339722222222221 ], [ 3.675, 50.342222222222226 ], [ 3.666666666666667, 50.35 ], [ 3.666666666666667, 50.416666666666664 ], [ 3.645555555555556, 50.45194444444445 ], [ 3.633333333333333, 50.473333333333336 ], [ 3.600555555555556, 50.483888888888892 ], [ 3.566944444444444, 50.500277777777775 ], [ 3.511666666666667, 50.526666666666664 ], [ 3.484722222222222, 50.519444444444446 ], [ 3.473611111111111, 50.669166666666662 ], [ 3.423611111111111, 50.6875 ], [ 3.260277777777778, 50.68 ], [ 3.225, 50.678333333333327 ], [ 3.15, 50.783333333333331 ], [ 2.9, 50.7 ], [ 2.921388888888889, 50.717222222222226 ], [ 2.804444444444444, 50.843888888888891 ], [ 2.633333333333333, 50.81666666666667 ], [ 2.572777777777778, 51.015555555555558 ] ] ] } },
{ "type": "Feature", "properties": { "fir": "EBBU", "identifier": "EBBU:EBBU_I 68:020-025", "name": "EBBU_I 68", "level_lower": 20, "level_upper": 25 }, "geometry": { "type": "Polygon", "coordinates": [ [ [ 4.178055555555556, 50.224722222222226 ], [ 4.290277777777778, 50.336111111111116 ], [ 4.5925, 50.381944444444443 ], [ 4.604144444444444, 50.3842 ], [ 4.615894444444444, 50.386994444444447 ], [ 4.627222222222223, 50.390430555555554 ], [ 4.638036111111111, 50.394483333333334 ], [ 4.648255555555555, 50.399119444444445 ], [ 4.657805555555556, 50.404305555555553 ], [ 4.66661388888889, 50.410002777777777 ], [ 4.674611111111111, 50.416163888888889 ], [ 4.681736111111111, 50.42274722222222 ], [ 4.687936111111111, 50.4297 ], [ 4.693161111111111, 50.436972222222217 ], [ 4.697375, 50.444505555555551 ], [ 4.700541666666667, 50.452244444444446 ], [ 4.702638888888889, 50.460127777777778 ], [ 4.703647222222222, 50.4681 ], [ 4.703563888888889, 50.476097222222222 ], [ 4.702383333333334, 50.484058333333337 ], [ 4.700277777777778, 50.49111111111111 ], [ 4.840277777777778, 50.522777777777776 ], [ 4.8369, 50.527963888888891 ], [ 4.831502777777778, 50.535186111111109 ], [ 4.825136111111111, 50.542083333333331 ], [ 4.817844444444444, 50.5486 ], [ 4.809683333333333, 50.554688888888883 ], [ 4.800719444444444, 50.560302777777778 ], [ 4.791013888888889, 50.565397222222217 ], [ 4.780647222222222, 50.569933333333339 ], [ 4.769694444444444, 50.573877777777781 ], [ 4.758238888888889, 50.5772 ], [ 4.746372222222222, 50.579875 ], [ 4.734180555555556, 50.581880555555557 ], [ 4.721758333333334, 50.583202777777778 ], [ 4.713333333333334, 50.583888888888893 ], [ 4.831944444444444, 50.661388888888887 ], [ 4.923611111111112, 50.699166666666663 ], [ 5.105833333333333, 50.785833333333329 ], [ 5.156944444444445, 50.81 ], [ 5.1975, 50.817222222222227 ], [ 5.227222222222222, 50.80972222222222 ], [ 5.265277777777778, 50.7825 ], [ 5.2625, 50.731944444444444 ], [ 5.260555555555555, 50.639166666666668 ], [ 5.252133333333333, 50.633244444444443 ], [ 5.245166666666667, 50.627469444444444 ], [ 5.239025, 50.621333333333332 ], [ 5.23375, 50.614877777777778 ], [ 5.229383333333334, 50.608158333333336 ], [ 5.225958333333334, 50.601219444444446 ], [ 5.223497222222222, 50.594119444444445 ], [ 5.222022222222222, 50.586911111111114 ], [ 5.221544444444445, 50.579647222222228 ], [ 5.222063888888889, 50.572386111111115 ], [ 5.223577777777778, 50.565177777777777 ], [ 5.226072222222222, 50.558083333333329 ], [ 5.229533333333333, 50.551155555555553 ], [ 5.233927777777778, 50.544441666666664 ], [ 5.239225, 50.538 ], [ 5.245386111111111, 50.531872222222219 ], [ 5.252361111111111, 50.526111111111113 ], [ 5.260097222222222, 50.520758333333333 ], [ 5.268536111111111, 50.515852777777781 ], [ 5.277613888888889, 50.511433333333336 ], [ 5.287261111111111, 50.507533333333335 ], [ 5.297402777777777, 50.50418333333333 ], [ 5.307966666666666, 50.501405555555557 ], [ 5.318869444444444, 50.499222222222222 ], [ 5.330027777777778, 50.49765277777778 ], [ 5.341358333333333, 50.496705555555558 ], [ 5.352777777777778, 50.496388888888887 ], [ 4.924166666666667, 50.222222222222221 ], [ 4.891111111111111, 50.321666666666673 ], [ 4.734444444444445, 50.304444444444442 ], [ 4.733136111111111, 50.305227777777773 ], [ 4.724361111111111, 50.309858333333331 ], [ 4.714986111111111, 50.313983333333333 ], [ 4.705080555555556, 50.317566666666671 ], [ 4.694725, 50.320586111111112 ], [ 4.683994444444445, 50.323016666666668 ], [ 4.672969444444445, 50.324841666666671 ], [ 4.661738888888889, 50.326044444444449 ], [ 4.650388888888889, 50.326613888888893 ], [ 4.639, 50.32655 ], [ 4.627666666666667, 50.325852777777783 ], [ 4.616469444444444, 50.324525 ], [ 4.6055, 50.322580555555561 ], [ 4.59483611111111, 50.320030555555562 ], [ 4.584563888888889, 50.316894444444451 ], [ 4.574758333333333, 50.3132 ], [ 4.565497222222222, 50.308972222222216 ], [ 4.55685, 50.304244444444443 ], [ 4.548883333333333, 50.299052777777774 ], [ 4.541655555555556, 50.293436111111106 ], [ 4.535225, 50.287438888888886 ], [ 4.530277777777778, 50.281388888888891 ], [ 4.369444444444444, 50.263055555555553 ], [ 4.398611111111111, 50.165833333333332 ], [ 4.556111111111111, 50.183055555555555 ], [ 4.558755555555555, 50.181369444444442 ], [ 4.567522222222222, 50.176752777777779 ], [ 4.576883333333333, 50.172641666666664 ], [ 4.586766666666667, 50.169066666666666 ], [ 4.597097222222222, 50.166055555555552 ], [ 4.607797222222222, 50.16363333333333 ], [ 4.618786111111111, 50.161816666666667 ], [ 4.629980555555556, 50.160619444444443 ], [ 4.641291666666667, 50.16005 ], [ 4.652638888888889, 50.160113888888887 ], [ 4.663936111111111, 50.160808333333335 ], [ 4.675094444444444, 50.162130555555557 ], [ 4.686030555555556, 50.164069444444443 ], [ 4.696663888888889, 50.166611111111109 ], [ 4.706911111111111, 50.169736111111106 ], [ 4.716697222222223, 50.173422222222221 ], [ 4.725944444444445, 50.177636111111106 ], [ 4.734586111111112, 50.182352777777773 ], [ 4.742552777777778, 50.187530555555554 ], [ 4.749788888888889, 50.193133333333328 ], [ 4.756233333333333, 50.199119444444442 ], [ 4.761111111111111, 50.205 ], [ 4.866666666666667, 49.983333333333334 ], [ 4.566666666666666, 49.975 ], [ 4.483333333333333, 49.95 ], [ 4.366666666666666, 49.961666666666666 ], [ 4.150277777777778, 49.980277777777779 ], [ 4.145833333333334, 49.980555555555554 ], [ 4.149163888888889, 50.034719444444441 ], [ 4.178055555555556, 50.224722222222226 ] ] ] } },
{ "type": "Feature", "properties": { "fir": "EBBU", "identifier": "EBBU:EBBU_I 69:020-025", "name": "EBBU_I 69", "level_lower": 20, "level_upper": 25 }, "geometry": { "type": "Polygon", "coordinates": [ [ [ 5.823888888888889, 50.754444444444445 ], [ 5.89, 50.750833333333333 ], [ 5.915, 50.749722222222225 ], [ 5.998888888888889, 50.752222222222223 ], [ 6.021111111111111, 50.75416666666667 ], [ 6.033333333333333, 50.75 ], [ 6.158611111111111, 50.648055555555558 ], [ 6.213888888888889, 50.603055555555557 ], [ 6.222083333333334, 50.585444444444448 ], [ 6.262222222222222, 50.498888888888892 ], [ 6.384166666666667, 50.4125 ], [ 6.342777777777777, 50.334166666666668 ], [ 6.223611111111111, 50.260833333333331 ], [ 6.223333333333334, 50.258611111111108 ], [ 6.218055555555556, 50.18138888888889 ], [ 6.214444444444444, 50.13 ], [ 6.207777777777778, 50.030277777777776 ], [ 6.2025, 49.954166666666673 ], [ 6.201111111111111, 49.935555555555553 ], [ 6.203611111111111, 49.719722222222224 ], [ 6.033055555555555, 49.656388888888884 ], [ 4.866666666666667, 49.983333333333334 ], [ 4.761111111111111, 50.205 ], [ 4.924166666666667, 50.222222222222221 ], [ 5.352777777777778, 50.496388888888887 ], [ 5.364194444444444, 50.496705555555558 ], [ 5.375525, 50.49765277777778 ], [ 5.386683333333334, 50.499222222222222 ], [ 5.397586111111112, 50.501405555555557 ], [ 5.40815, 50.50418333333333 ], [ 5.418291666666667, 50.507533333333335 ], [ 5.427938888888889, 50.511433333333336 ], [ 5.437016666666667, 50.515852777777781 ], [ 5.444722222222222, 50.520277777777778 ], [ 5.626666666666667, 50.63388888888889 ], [ 5.823888888888889, 50.754444444444445 ] ] ] } },
{ "type": "Feature", "properties": { "fir": "EBBU", "identifier": "EBBU:EBBU_I 70:020-025", "name": "EBBU_I 70", "level_lower": 20, "level_upper": 25 }, "geometry": { "type": "Polygon", "coordinates": [ [ [ 6.201111111111111, 49.935555555555553 ], [ 6.314444444444444, 49.864444444444445 ], [ 6.340555555555556, 49.874444444444443 ], [ 6.502777777777778, 49.809166666666663 ], [ 6.4275, 49.635555555555555 ], [ 6.361111111111111, 49.459444444444451 ], [ 6.355, 49.463333333333338 ], [ 6.336666666666666, 49.465833333333336 ], [ 6.328888888888889, 49.471388888888889 ], [ 6.325833333333333, 49.476111111111116 ], [ 6.304166666666666, 49.477777777777781 ], [ 6.300555555555555, 49.485277777777782 ], [ 6.293611111111111, 49.483611111111109 ], [ 6.285277777777778, 49.490277777777777 ], [ 6.2825, 49.49527777777778 ], [ 6.283611111111111, 49.50138888888889 ], [ 6.266944444444444, 49.5025 ], [ 6.265555555555555, 49.50472222222222 ], [ 6.253888888888889, 49.50888888888889 ], [ 6.2475, 49.509722222222223 ], [ 6.238888888888889, 49.507222222222225 ], [ 6.234166666666667, 49.5075 ], [ 6.225833333333333, 49.507777777777775 ], [ 6.212777777777778, 49.50277777777778 ], [ 6.206666666666667, 49.502222222222223 ], [ 6.176666666666667, 49.505833333333335 ], [ 6.161666666666667, 49.501944444444447 ], [ 6.156944444444445, 49.499166666666667 ], [ 6.164166666666667, 49.491388888888892 ], [ 6.155833333333334, 49.489166666666669 ], [ 6.148055555555556, 49.483888888888892 ], [ 6.139166666666667, 49.491666666666667 ], [ 6.130833333333333, 49.493333333333332 ], [ 6.124166666666667, 49.470555555555556 ], [ 6.109166666666666, 49.466111111111111 ], [ 6.094166666666666, 49.463888888888889 ], [ 6.083611111111111, 49.464166666666671 ], [ 6.060277777777777, 49.464166666666671 ], [ 6.055, 49.461388888888891 ], [ 6.04775, 49.452930555555561 ], [ 6.045833333333333, 49.446388888888883 ], [ 6.038055555555555, 49.448333333333331 ], [ 6.028055555555556, 49.453888888888891 ], [ 6.015, 49.451666666666668 ], [ 6.006944444444445, 49.45194444444445 ], [ 6.006047222222223, 49.452613888888891 ], [ 6.001944444444445, 49.455833333333338 ], [ 5.996388888888889, 49.457222222222228 ], [ 5.993055555555555, 49.455833333333338 ], [ 5.985555555555556, 49.457222222222228 ], [ 5.981388888888889, 49.461388888888891 ], [ 5.976944444444444, 49.463055555555556 ], [ 5.968888888888889, 49.475555555555559 ], [ 5.971111111111111, 49.481388888888894 ], [ 5.972777777777778, 49.491666666666667 ], [ 5.959444444444444, 49.4925 ], [ 5.940555555555556, 49.499166666666667 ], [ 5.923055555555556, 49.500277777777775 ], [ 5.916666666666667, 49.502222222222223 ], [ 5.898055555555555, 49.498888888888892 ], [ 5.890277777777778, 49.498333333333335 ], [ 5.885555555555555, 49.500277777777775 ], [ 5.870555555555556, 49.498888888888892 ], [ 5.859722222222222, 49.50277777777778 ], [ 5.8525, 49.511944444444445 ], [ 5.85, 49.516388888888891 ], [ 5.843055555555555, 49.519166666666663 ], [ 5.838055555555555, 49.523888888888891 ], [ 5.8375, 49.526666666666664 ], [ 5.841666666666667, 49.531111111111109 ], [ 5.839444444444444, 49.534722222222221 ], [ 5.843055555555555, 49.54 ], [ 5.838611111111111, 49.543333333333329 ], [ 5.833333333333333, 49.5425 ], [ 5.825833333333333, 49.538888888888884 ], [ 5.82, 49.538888888888884 ], [ 5.818611111111111, 49.546388888888885 ], [ 5.816388888888889, 49.546388888888885 ], [ 5.806388888888889, 49.553333333333327 ], [ 5.800833333333333, 49.551666666666662 ], [ 5.793611111111111, 49.55222222222222 ], [ 5.786666666666666, 49.557777777777773 ], [ 5.773055555555556, 49.56444444444444 ], [ 5.761111111111111, 49.5625 ], [ 5.755833333333333, 49.555833333333332 ], [ 5.756666666666667, 49.548888888888889 ], [ 5.753822222222222, 49.546288888888888 ], [ 5.755555555555556, 49.542222222222222 ], [ 5.75, 49.541666666666664 ], [ 5.452222222222223, 49.5175 ], [ 5.452777777777778, 49.546944444444442 ], [ 5.442222222222222, 49.567777777777778 ], [ 5.420555555555556, 49.601111111111109 ], [ 5.383333333333334, 49.616666666666667 ], [ 5.371666666666666, 49.625277777777775 ], [ 5.315833333333333, 49.648333333333333 ], [ 5.291111111111111, 49.67722222222222 ], [ 5.262777777777778, 49.693055555555553 ], [ 5.163333333333334, 49.716666666666669 ], [ 5.115, 49.736111111111114 ], [ 4.988055555555555, 49.8 ], [ 4.858333333333333, 49.8 ], [ 4.857777777777778, 49.861944444444447 ], [ 4.866666666666667, 49.983333333333334 ], [ 6.033055555555555, 49.656388888888884 ], [ 6.203611111111111, 49.719722222222224 ], [ 6.201111111111111, 49.935555555555553 ] ] ] } },
{ "type": "Feature", "properties": { "fir": "EBBU", "identifier": "EBBU:EBBU_I 71 72 77 78:025-035", "name": "EBBU_I 71 72 77 78", "level_lower": 25, "level_upper": 35 }, "geometry": { "type": "Polygon", "coordinates": [ [ [ 3.376666666666666, 51.276388888888889 ], [ 3.425888888888889, 51.258972222222219 ], [ 3.432777777777777, 51.248694444444446 ], [ 3.455055555555556, 51.245138888888889 ], [ 3.498166666666667, 51.246333333333332 ], [ 3.530111111111111, 51.250777777777778 ], [ 3.520805555555556, 51.293083333333328 ], [ 3.543638888888889, 51.289611111111107 ], [ 3.564472222222222, 51.296833333333332 ], [ 3.58375, 51.28975 ], [ 3.58575, 51.30125 ], [ 3.592861111111111, 51.306388888888883 ], [ 3.603722222222222, 51.30375 ], [ 3.641416666666667, 51.287666666666667 ], [ 3.652055555555556, 51.28725 ], [ 3.658472222222222, 51.2835 ], [ 3.691527777777778, 51.281555555555556 ], [ 3.713916666666667, 51.2745 ], [ 3.731111111111111, 51.272722222222221 ], [ 3.757805555555556, 51.272277777777774 ], [ 3.768666666666666, 51.264638888888889 ], [ 3.778416666666667, 51.267 ], [ 3.790833333333333, 51.262555555555558 ], [ 3.790611111111111, 51.251472222222219 ], [ 3.790388888888889, 51.22 ], [ 3.803694444444444, 51.214583333333337 ], [ 3.845611111111111, 51.212083333333339 ], [ 3.864, 51.214166666666671 ], [ 3.878861111111111, 51.227333333333334 ], [ 3.888472222222222, 51.226555555555557 ], [ 3.888388888888889, 51.217222222222226 ], [ 3.884638888888889, 51.208888888888893 ], [ 3.912777777777778, 51.209722222222226 ], [ 3.922972222222222, 51.220944444444449 ], [ 3.930083333333333, 51.222611111111114 ], [ 3.939166666666667, 51.216527777777777 ], [ 3.948694444444445, 51.215833333333336 ], [ 3.971083333333334, 51.22152777777778 ], [ 3.984830555555555, 51.224380555555555 ], [ 3.987222222222222, 51.231388888888894 ], [ 3.996111111111111, 51.240833333333335 ], [ 4.015555555555555, 51.244444444444447 ], [ 3.6025, 50.67 ], [ 3.679444444444445, 50.581666666666671 ], [ 3.736111111111111, 50.516388888888891 ], [ 3.811111111111111, 50.488888888888887 ], [ 4.274166666666667, 50.31166666666666 ], [ 4.118888888888889, 50.296666666666667 ], [ 4.089722222222222, 50.314722222222223 ], [ 3.973055555555556, 50.328333333333333 ], [ 3.926666666666666, 50.333888888888893 ], [ 3.873055555555556, 50.340555555555561 ], [ 3.7875, 50.339722222222221 ], [ 3.675, 50.342222222222226 ], [ 3.666666666666667, 50.35 ], [ 3.666666666666667, 50.416666666666664 ], [ 3.645555555555556, 50.45194444444445 ], [ 3.633333333333333, 50.473333333333336 ], [ 3.600555555555556, 50.483888888888892 ], [ 3.566944444444444, 50.500277777777775 ], [ 3.511666666666667, 50.526666666666664 ], [ 3.484722222222222, 50.519444444444446 ], [ 3.473611111111111, 50.669166666666662 ], [ 3.423611111111111, 50.6875 ], [ 3.260277777777778, 50.68 ], [ 3.225, 50.678333333333327 ], [ 3.15, 50.783333333333331 ], [ 2.9, 50.7 ], [ 2.921388888888889, 50.717222222222226 ], [ 2.804444444444444, 50.843888888888891 ], [ 2.633333333333333, 50.81666666666667 ], [ 2.572777777777778, 51.015555555555558 ], [ 2.651388888888889, 51.011944444444445 ], [ 2.821388888888889, 50.983333333333334 ], [ 2.973611111111111, 51.06583333333333 ], [ 3.25, 51.083333333333336 ], [ 3.376666666666666, 51.276388888888889 ] ] ] } },
{ "type": "Feature", "properties": { "fir": "EBBU", "identifier": "EBBU:EBBU_I 76 82:025-035", "name": "EBBU_I 76 82", "level_lower": 25, "level_upper": 35 }, "geometry": { "type": "Polygon", "coordinates": [ [ [ 4.149163888888889, 50.034719444444441 ], [ 4.715416666666667, 50.09775 ], [ 4.740277777777778, 50.108333333333334 ], [ 4.75, 50.118055555555557 ], [ 4.764280555555556, 50.137705555555556 ], [ 4.807527777777778, 50.153611111111111 ], [ 4.816777777777777, 50.16575 ], [ 4.824555555555555, 50.167638888888888 ], [ 4.837666666666666, 50.158583333333333 ], [ 4.858555555555555, 50.153916666666667 ], [ 4.877527777777778, 50.156083333333335 ], [ 4.881416666666667, 50.148611111111109 ], [ 4.896472222222222, 50.140194444444447 ], [ 4.870222222222223, 50.126805555555556 ], [ 4.8675, 50.115277777777777 ], [ 4.973888888888889, 50.12972222222222 ], [ 5.003611111111111, 50.138055555555553 ], [ 5.030833333333334, 50.149444444444441 ], [ 5.054722222222222, 50.163055555555552 ], [ 5.075277777777777, 50.179166666666667 ], [ 5.091944444444444, 50.197222222222216 ], [ 5.10361111111111, 50.216388888888893 ], [ 5.110833333333333, 50.236666666666665 ], [ 5.113055555555555, 50.2575 ], [ 5.11, 50.278055555555554 ], [ 5.094166666666666, 50.311944444444443 ], [ 5.144458333333334, 50.292586111111106 ], [ 5.195022222222223, 50.275933333333334 ], [ 5.247633333333334, 50.262136111111111 ], [ 5.3019, 50.25129722222222 ], [ 5.357419444444444, 50.243497222222224 ], [ 5.413775, 50.238791666666664 ], [ 5.470555555555555, 50.237222222222222 ], [ 5.54, 50.238333333333337 ], [ 5.706111111111111, 50.355 ], [ 5.9625, 50.171944444444442 ], [ 5.964444444444444, 50.159722222222221 ], [ 5.967222222222222, 50.158611111111107 ], [ 5.961666666666667, 50.153611111111111 ], [ 5.958055555555556, 50.134444444444441 ], [ 5.916944444444445, 50.124722222222225 ], [ 5.904444444444445, 50.119722222222222 ], [ 5.897222222222222, 50.112222222222222 ], [ 5.896388888888889, 50.104722222222222 ], [ 5.891666666666667, 50.096944444444446 ], [ 5.888333333333333, 50.091666666666669 ], [ 5.890555555555555, 50.083888888888893 ], [ 5.888611111111111, 50.079722222222223 ], [ 5.882222222222222, 50.076111111111118 ], [ 5.873055555555556, 50.076388888888893 ], [ 5.859444444444444, 50.069722222222225 ], [ 5.856111111111111, 50.063611111111108 ], [ 5.857222222222222, 50.059444444444445 ], [ 5.868611111111112, 50.051111111111105 ], [ 5.869166666666668, 50.0475 ], [ 5.8575, 50.038055555555552 ], [ 5.857777777777778, 50.034444444444439 ], [ 5.85, 50.024444444444441 ], [ 5.824444444444445, 50.016111111111108 ], [ 5.820833333333333, 50.012777777777778 ], [ 5.823333333333333, 50.002222222222223 ], [ 5.825, 50.0 ], [ 5.828888888888889, 49.994444444444447 ], [ 5.839444444444444, 49.990833333333335 ], [ 5.833611111111111, 49.979444444444447 ], [ 5.821111111111111, 49.975 ], [ 5.815, 49.974722222222226 ], [ 5.811111111111111, 49.971944444444446 ], [ 5.813055555555556, 49.967222222222226 ], [ 5.807222222222222, 49.963888888888889 ], [ 5.795555555555556, 49.965833333333336 ], [ 5.786388888888888, 49.964166666666671 ], [ 5.78, 49.960555555555558 ], [ 5.771666666666667, 49.949722222222221 ], [ 5.775555555555555, 49.941388888888888 ], [ 5.770277777777777, 49.933888888888887 ], [ 5.763055555555556, 49.93055555555555 ], [ 5.7625, 49.917777777777772 ], [ 5.758611111111111, 49.915277777777774 ], [ 5.748611111111111, 49.91 ], [ 5.734444444444445, 49.899444444444441 ], [ 5.749166666666667, 49.892222222222223 ], [ 5.761944444444445, 49.891111111111108 ], [ 5.772222222222222, 49.887222222222221 ], [ 5.782222222222222, 49.88 ], [ 5.785277777777778, 49.875 ], [ 5.777222222222222, 49.87166666666667 ], [ 5.758055555555556, 49.87361111111111 ], [ 5.753333333333333, 49.870833333333337 ], [ 5.760277777777778, 49.861388888888889 ], [ 5.750833333333333, 49.856944444444444 ], [ 5.750833333333333, 49.850277777777777 ], [ 5.747777777777777, 49.843888888888891 ], [ 5.739722222222222, 49.84 ], [ 5.749444444444444, 49.830833333333338 ], [ 5.748611111111111, 49.818888888888893 ], [ 5.752222222222223, 49.814722222222223 ], [ 5.748333333333333, 49.801666666666662 ], [ 5.753888888888889, 49.795555555555552 ], [ 5.791388888888889, 49.793888888888887 ], [ 5.833333333333333, 49.725 ], [ 5.833333333333333, 49.676388888888887 ], [ 5.733333333333333, 49.594444444444449 ], [ 5.753822222222222, 49.546288888888888 ], [ 5.755555555555556, 49.542222222222222 ], [ 5.75, 49.541666666666664 ], [ 5.452222222222223, 49.5175 ], [ 5.452777777777778, 49.546944444444442 ], [ 5.442222222222222, 49.567777777777778 ], [ 5.420555555555556, 49.601111111111109 ], [ 5.383333333333334, 49.616666666666667 ], [ 5.371666666666666, 49.625277777777775 ], [ 5.315833333333333, 49.648333333333333 ], [ 5.291111111111111, 49.67722222222222 ], [ 5.262777777777778, 49.693055555555553 ], [ 5.163333333333334, 49.716666666666669 ], [ 5.115, 49.736111111111114 ], [ 4.988055555555555, 49.8 ], [ 4.858333333333333, 49.8 ], [ 4.857777777777778, 49.861944444444447 ], [ 4.866666666666667, 49.983333333333334 ], [ 4.566666666666666, 49.975 ], [ 4.483333333333333, 49.95 ], [ 4.366666666666666, 49.961666666666666 ], [ 4.150277777777778, 49.980277777777779 ], [ 4.145833333333334, 49.980555555555554 ], [ 4.149163888888889, 50.034719444444441 ] ] ] } },
{ "type": "Feature", "properties": { "fir": "EBBU", "identifier": "EBBU:EBBU_I 83 84:035-045", "name": "EBBU_I 83 84", "level_lower": 35, "level_upper": 45 }, "geometry": { "type": "Polygon", "coordinates": [ [ [ 3.376666666666666, 51.276388888888889 ], [ 3.425888888888889, 51.258972222222219 ], [ 3.432777777777777, 51.248694444444446 ], [ 3.455055555555556, 51.245138888888889 ], [ 3.498166666666667, 51.246333333333332 ], [ 3.530111111111111, 51.250777777777778 ], [ 3.520805555555556, 51.293083333333328 ], [ 3.543638888888889, 51.289611111111107 ], [ 3.564472222222222, 51.296833333333332 ], [ 3.58375, 51.28975 ], [ 3.58575, 51.30125 ], [ 3.592861111111111, 51.306388888888883 ], [ 3.603722222222222, 51.30375 ], [ 3.641416666666667, 51.287666666666667 ], [ 3.652055555555556, 51.28725 ], [ 3.658472222222222, 51.2835 ], [ 3.691527777777778, 51.281555555555556 ], [ 3.713916666666667, 51.2745 ], [ 3.731111111111111, 51.272722222222221 ], [ 3.757805555555556, 51.272277777777774 ], [ 3.768666666666666, 51.264638888888889 ], [ 3.778416666666667, 51.267 ], [ 3.790833333333333, 51.262555555555558 ], [ 3.790611111111111, 51.251472222222219 ], [ 3.790388888888889, 51.22 ], [ 3.803694444444444, 51.214583333333337 ], [ 3.845611111111111, 51.212083333333339 ], [ 3.864, 51.214166666666671 ], [ 3.878861111111111, 51.227333333333334 ], [ 3.888472222222222, 51.226555555555557 ], [ 3.888388888888889, 51.217222222222226 ], [ 3.884638888888889, 51.208888888888893 ], [ 3.912777777777778, 51.209722222222226 ], [ 3.922972222222222, 51.220944444444449 ], [ 3.930083333333333, 51.222611111111114 ], [ 3.939166666666667, 51.216527777777777 ], [ 3.948694444444445, 51.215833333333336 ], [ 3.620555555555556, 51.103055555555557 ], [ 3.471666666666667, 51.053888888888885 ], [ 3.405833333333333, 50.892777777777781 ], [ 3.6025, 50.67 ], [ 3.679444444444445, 50.581666666666671 ], [ 3.736111111111111, 50.516388888888891 ], [ 3.811111111111111, 50.488888888888887 ], [ 4.274166666666667, 50.31166666666666 ], [ 4.118888888888889, 50.296666666666667 ], [ 4.089722222222222, 50.314722222222223 ], [ 3.973055555555556, 50.328333333333333 ], [ 3.926666666666666, 50.333888888888893 ], [ 3.873055555555556, 50.340555555555561 ], [ 3.7875, 50.339722222222221 ], [ 3.675, 50.342222222222226 ], [ 3.666666666666667, 50.35 ], [ 3.666666666666667, 50.416666666666664 ], [ 3.645555555555556, 50.45194444444445 ], [ 3.633333333333333, 50.473333333333336 ], [ 3.600555555555556, 50.483888888888892 ], [ 3.566944444444444, 50.500277777777775 ], [ 3.511666666666667, 50.526666666666664 ], [ 3.484722222222222, 50.519444444444446 ], [ 3.473611111111111, 50.669166666666662 ], [ 3.423611111111111, 50.6875 ], [ 3.260277777777778, 50.68 ], [ 3.225, 50.678333333333327 ], [ 3.15, 50.783333333333331 ], [ 2.9, 50.7 ], [ 2.921388888888889, 50.717222222222226 ], [ 2.804444444444444, 50.843888888888891 ], [ 2.633333333333333, 50.81666666666667 ], [ 2.572777777777778, 51.015555555555558 ], [ 2.651388888888889, 51.011944444444445 ], [ 2.821388888888889, 50.983333333333334 ], [ 2.973611111111111, 51.06583333333333 ], [ 3.25, 51.083333333333336 ], [ 3.376666666666666, 51.276388888888889 ] ] ] } },
{ "type": "Feature", "properties": { "fir": "EBBU", "identifier": "EBBU:EBBU_I 87 88:035-045", "name": "EBBU_I 87 88", "level_lower": 35, "level_upper": 45 }, "geometry": { "type": "Polygon", "coordinates": [ [ [ 4.149163888888889, 50.034719444444441 ], [ 4.715416666666667, 50.09775 ], [ 4.740277777777778, 50.108333333333334 ], [ 4.75, 50.118055555555557 ], [ 4.764280555555556, 50.137705555555556 ], [ 4.807527777777778, 50.153611111111111 ], [ 4.816777777777777, 50.16575 ], [ 4.824555555555555, 50.167638888888888 ], [ 4.837666666666666, 50.158583333333333 ], [ 4.858555555555555, 50.153916666666667 ], [ 4.877527777777778, 50.156083333333335 ], [ 4.881416666666667, 50.148611111111109 ], [ 4.896472222222222, 50.140194444444447 ], [ 4.870222222222223, 50.126805555555556 ], [ 4.8675, 50.115277777777777 ], [ 4.973888888888889, 50.12972222222222 ], [ 5.003611111111111, 50.138055555555553 ], [ 5.030833333333334, 50.149444444444441 ], [ 5.054722222222222, 50.163055555555552 ], [ 5.075277777777777, 50.179166666666667 ], [ 5.091944444444444, 50.197222222222216 ], [ 5.10361111111111, 50.216388888888893 ], [ 5.110833333333333, 50.236666666666665 ], [ 5.113055555555555, 50.2575 ], [ 5.11, 50.278055555555554 ], [ 5.094166666666666, 50.311944444444443 ], [ 5.144458333333334, 50.292586111111106 ], [ 5.195022222222223, 50.275933333333334 ], [ 5.247633333333334, 50.262136111111111 ], [ 5.3019, 50.25129722222222 ], [ 5.357419444444444, 50.243497222222224 ], [ 5.413775, 50.238791666666664 ], [ 5.470555555555555, 50.237222222222222 ], [ 5.54, 50.238333333333337 ], [ 5.706111111111111, 50.355 ], [ 5.655555555555556, 50.44083333333333 ], [ 5.998888888888889, 50.511666666666663 ], [ 6.174166666666667, 50.55694444444444 ], [ 6.222083333333334, 50.585444444444448 ], [ 6.262222222222222, 50.498888888888892 ], [ 6.384166666666667, 50.4125 ], [ 6.342777777777777, 50.334166666666668 ], [ 6.223611111111111, 50.260833333333331 ], [ 6.223333333333334, 50.258611111111108 ], [ 6.218055555555556, 50.18138888888889 ], [ 6.214444444444444, 50.13 ], [ 6.137777777777778, 50.13 ], [ 6.137777777777778, 50.132777777777775 ], [ 6.125277777777777, 50.138055555555553 ], [ 6.116111111111111, 50.145555555555553 ], [ 6.121944444444444, 50.154722222222219 ], [ 6.116944444444444, 50.161111111111111 ], [ 6.1225, 50.166388888888889 ], [ 6.1125, 50.172222222222217 ], [ 6.109722222222222, 50.1725 ], [ 6.082777777777777, 50.17444444444444 ], [ 6.080833333333334, 50.164722222222224 ], [ 6.076666666666666, 50.160277777777779 ], [ 6.068611111111111, 50.157777777777774 ], [ 6.0625, 50.157777777777774 ], [ 6.055, 50.162222222222219 ], [ 6.0375, 50.166388888888889 ], [ 6.032222222222222, 50.17 ], [ 6.029722222222222, 50.182777777777773 ], [ 6.025555555555555, 50.18472222222222 ], [ 6.025277777777777, 50.18472222222222 ], [ 6.02, 50.184444444444438 ], [ 5.996111111111111, 50.176944444444445 ], [ 5.974722222222223, 50.176944444444445 ], [ 5.9625, 50.171944444444442 ], [ 5.964444444444444, 50.159722222222221 ], [ 5.967222222222222, 50.158611111111107 ], [ 5.961666666666667, 50.153611111111111 ], [ 5.958055555555556, 50.134444444444441 ], [ 5.916944444444445, 50.124722222222225 ], [ 5.904444444444445, 50.119722222222222 ], [ 5.897222222222222, 50.112222222222222 ], [ 5.896388888888889, 50.104722222222222 ], [ 5.891666666666667, 50.096944444444446 ], [ 5.888333333333333, 50.091666666666669 ], [ 5.890555555555555, 50.083888888888893 ], [ 5.888611111111111, 50.079722222222223 ], [ 5.882222222222222, 50.076111111111118 ], [ 5.873055555555556, 50.076388888888893 ], [ 5.859444444444444, 50.069722222222225 ], [ 5.856111111111111, 50.063611111111108 ], [ 5.857222222222222, 50.059444444444445 ], [ 5.868611111111112, 50.051111111111105 ], [ 5.869166666666668, 50.0475 ], [ 5.8575, 50.038055555555552 ], [ 5.857777777777778, 50.034444444444439 ], [ 5.85, 50.024444444444441 ], [ 5.824444444444445, 50.016111111111108 ], [ 5.820833333333333, 50.012777777777778 ], [ 5.823333333333333, 50.002222222222223 ], [ 5.825, 50.0 ], [ 5.828888888888889, 49.994444444444447 ], [ 5.839444444444444, 49.990833333333335 ], [ 5.833611111111111, 49.979444444444447 ], [ 5.821111111111111, 49.975 ], [ 5.815, 49.974722222222226 ], [ 5.811111111111111, 49.971944444444446 ], [ 5.813055555555556, 49.967222222222226 ], [ 5.807222222222222, 49.963888888888889 ], [ 5.795555555555556, 49.965833333333336 ], [ 5.786388888888888, 49.964166666666671 ], [ 5.78, 49.960555555555558 ], [ 5.771666666666667, 49.949722222222221 ], [ 5.775555555555555, 49.941388888888888 ], [ 5.770277777777777, 49.933888888888887 ], [ 5.763055555555556, 49.93055555555555 ], [ 5.7625, 49.917777777777772 ], [ 5.758611111111111, 49.915277777777774 ], [ 5.748611111111111, 49.91 ], [ 5.734444444444445, 49.899444444444441 ], [ 5.749166666666667, 49.892222222222223 ], [ 5.761944444444445, 49.891111111111108 ], [ 5.772222222222222, 49.887222222222221 ], [ 5.782222222222222, 49.88 ], [ 5.785277777777778, 49.875 ], [ 5.777222222222222, 49.87166666666667 ], [ 5.758055555555556, 49.87361111111111 ], [ 5.753333333333333, 49.870833333333337 ], [ 5.760277777777778, 49.861388888888889 ], [ 5.750833333333333, 49.856944444444444 ], [ 5.750833333333333, 49.850277777777777 ], [ 5.747777777777777, 49.843888888888891 ], [ 5.739722222222222, 49.84 ], [ 5.749444444444444, 49.830833333333338 ], [ 5.748611111111111, 49.818888888888893 ], [ 5.752222222222223, 49.814722222222223 ], [ 5.748333333333333, 49.801666666666662 ], [ 5.753888888888889, 49.795555555555552 ], [ 5.791388888888889, 49.793888888888887 ], [ 5.833333333333333, 49.725 ], [ 5.833333333333333, 49.676388888888887 ], [ 5.733333333333333, 49.594444444444449 ], [ 5.753822222222222, 49.546288888888888 ], [ 5.755555555555556, 49.542222222222222 ], [ 5.75, 49.541666666666664 ], [ 5.452222222222223, 49.5175 ], [ 5.452777777777778, 49.546944444444442 ], [ 5.442222222222222, 49.567777777777778 ], [ 5.420555555555556, 49.601111111111109 ], [ 5.383333333333334, 49.616666666666667 ], [ 5.371666666666666, 49.625277777777775 ], [ 5.315833333333333, 49.648333333333333 ], [ 5.291111111111111, 49.67722222222222 ], [ 5.262777777777778, 49.693055555555553 ], [ 5.163333333333334, 49.716666666666669 ], [ 5.115, 49.736111111111114 ], [ 4.988055555555555, 49.8 ], [ 4.858333333333333, 49.8 ], [ 4.857777777777778, 49.861944444444447 ], [ 4.866666666666667, 49.983333333333334 ], [ 4.566666666666666, 49.975 ], [ 4.483333333333333, 49.95 ], [ 4.366666666666666, 49.961666666666666 ], [ 4.150277777777778, 49.980277777777779 ], [ 4.145833333333334, 49.980555555555554 ], [ 4.149163888888889, 50.034719444444441 ] ] ] } },
{ "type": "Feature", "properties": { "fir": "EBBU", "identifier": "EBBU:EBFS TMA:025-045", "name": "EBFS TMA", "level_lower": 25, "level_upper": 45 }, "geometry": { "type": "Polygon", "coordinates": [ [ [ 4.118888888888889, 50.296666666666667 ], [ 4.274166666666667, 50.31166666666666 ], [ 4.872222222222223, 50.387777777777778 ], [ 4.890133333333333, 50.388838888888891 ], [ 4.908369444444445, 50.389144444444447 ], [ 4.926580555555556, 50.388433333333332 ], [ 4.944622222222223, 50.386708333333331 ], [ 4.962358333333333, 50.383986111111113 ], [ 4.979652777777778, 50.380286111111111 ], [ 4.991111111111111, 50.3775 ], [ 4.996369444444444, 50.375636111111113 ], [ 5.012386111111111, 50.37007222222222 ], [ 5.027577777777778, 50.363636111111113 ], [ 5.041825, 50.35638055555556 ], [ 5.055025, 50.348355555555557 ], [ 5.067075, 50.339627777777778 ], [ 5.077880555555556, 50.330263888888894 ], [ 5.087363888888889, 50.320330555555557 ], [ 5.094166666666666, 50.311944444444443 ], [ 5.11, 50.278055555555554 ], [ 5.113055555555555, 50.2575 ], [ 5.110833333333333, 50.236666666666665 ], [ 5.10361111111111, 50.216388888888893 ], [ 5.091944444444444, 50.197222222222216 ], [ 5.075277777777777, 50.179166666666667 ], [ 5.054722222222222, 50.163055555555552 ], [ 5.030833333333334, 50.149444444444441 ], [ 5.003611111111111, 50.138055555555553 ], [ 4.973888888888889, 50.12972222222222 ], [ 4.8675, 50.115277777777777 ], [ 4.870222222222223, 50.126805555555556 ], [ 4.896472222222222, 50.140194444444447 ], [ 4.881416666666667, 50.148611111111109 ], [ 4.877527777777778, 50.156083333333335 ], [ 4.858555555555555, 50.153916666666667 ], [ 4.837666666666666, 50.158583333333333 ], [ 4.824555555555555, 50.167638888888888 ], [ 4.816777777777777, 50.16575 ], [ 4.807527777777778, 50.153611111111111 ], [ 4.764280555555556, 50.137705555555556 ], [ 4.75, 50.118055555555557 ], [ 4.740277777777778, 50.108333333333334 ], [ 4.715416666666667, 50.09775 ], [ 4.149163888888889, 50.034719444444441 ], [ 4.178055555555556, 50.224722222222226 ], [ 4.118888888888889, 50.296666666666667 ] ] ] } },
{ "type": "Feature", "properties": { "fir": "EBBU", "identifier": "EBBU:EBKT RMZ:000-015", "name": "EBKT RMZ", "level_lower": 0, "level_upper": 15 }, "geometry": { "type": "Polygon", "coordinates": [ [ [ 3.05, 50.812222222222218 ], [ 3.118177777777778, 50.835261111111116 ], [ 3.186111111111111, 50.858333333333334 ], [ 3.350555555555556, 50.913611111111109 ], [ 3.412777777777778, 50.840277777777779 ], [ 3.171388888888889, 50.75888888888889 ], [ 3.15, 50.783333333333331 ], [ 3.116722222222222, 50.783330555555551 ], [ 3.083055555555556, 50.773055555555551 ], [ 3.05, 50.812222222222218 ] ] ] } },
{ "type": "Feature", "properties": { "fir": "EBBU", "identifier": "EBBU:EBOS TMA1:015-055", "name": "EBOS TMA1", "level_lower": 15, "level_upper": 55 }, "geometry": { "type": "Polygon", "coordinates": [ [ [ 2.821388888888889, 50.983333333333334 ], [ 2.651388888888889, 51.011944444444445 ], [ 2.572777777777778, 51.015555555555558 ], [ 2.327777777777778, 51.03 ], [ 2.243611111111111, 51.100555555555559 ], [ 2.0, 51.116666666666667 ], [ 2.0, 51.383333333333333 ], [ 2.0, 51.5 ], [ 2.5, 51.45558888888889 ], [ 3.100136111111111, 51.39877222222222 ], [ 3.362975, 51.372988888888891 ], [ 3.375555555555556, 51.355 ], [ 3.383333333333333, 51.346111111111114 ], [ 3.386666666666667, 51.338888888888889 ], [ 3.383888888888889, 51.331388888888895 ], [ 3.3625, 51.318333333333335 ], [ 3.373888888888889, 51.304722222222217 ], [ 3.373055555555556, 51.303055555555552 ], [ 3.368055555555556, 51.30361111111111 ], [ 3.364722222222222, 51.301944444444445 ], [ 3.364444444444445, 51.298611111111107 ], [ 3.376666666666666, 51.276388888888889 ], [ 3.25, 51.083333333333336 ], [ 2.973611111111111, 51.06583333333333 ], [ 2.821388888888889, 50.983333333333334 ] ] ] } },
{ "type": "Feature", "properties": { "fir": "EBBU", "identifier": "EBBU:EBOS TMA2 055-065:055-065", "name": "EBOS TMA2 055-065", "level_lower": 55, "level_upper": 65 }, "geometry": { "type": "Polygon", "coordinates": [ [ [ 2.0, 51.5 ], [ 2.5, 51.45558888888889 ], [ 3.376666666666666, 51.276388888888889 ], [ 3.310277777777777, 51.175555555555555 ], [ 3.25, 51.083333333333336 ], [ 2.713611111111111, 51.171111111111109 ], [ 2.651388888888889, 51.011944444444445 ], [ 2.572777777777778, 51.015555555555558 ], [ 2.327777777777778, 51.03 ], [ 2.243611111111111, 51.100555555555559 ], [ 2.0, 51.116666666666667 ], [ 2.0, 51.383333333333333 ], [ 2.0, 51.5 ] ] ] } },
{ "type": "Feature", "properties": { "fir": "EBBU", "identifier": "EBBU:EDYYKOH_SCT:245-660", "name": "EDYYKOH_SCT", "level_lower": 245, "level_upper": 660 }, "geometry": { "type": "Polygon", "coordinates": [ [ [ 2.0, 51.383333333333333 ], [ 2.0, 51.5 ], [ 2.5, 51.45558888888889 ], [ 2.5, 51.636830555555555 ], [ 2.666908333333333, 51.598477777777781 ], [ 3.171836111111111, 51.480602777777783 ], [ 3.171836111111111, 51.607777777777777 ], [ 4.203888888888889, 51.432777777777773 ], [ 4.084722222222222, 51.2775 ], [ 4.026944444444444, 51.200833333333335 ], [ 3.566944444444444, 50.500277777777775 ], [ 3.525, 50.438888888888883 ], [ 3.28, 50.5425 ], [ 2.833333333333333, 50.691944444444438 ], [ 2.356944444444445, 50.8525 ], [ 1.732222222222222, 51.058055555555555 ], [ 1.7625, 51.065 ], [ 1.825, 51.079166666666673 ], [ 2.0, 51.116666666666667 ], [ 2.0, 51.383333333333333 ] ] ] } },
{ "type": "Feature", "properties": { "fir": "EBBU", "identifier": "EBBU:EDYYLXH_SCT:245-660", "name": "EDYYLXH_SCT", "level_lower": 245, "level_upper": 660 }, "geometry": { "type": "Polygon", "coordinates": [ [ [ 5.442222222222222, 49.567777777777778 ], [ 5.634166666666666, 49.3 ], [ 6.091666666666667, 49.0375 ], [ 6.499444444444444, 49.036388888888887 ], [ 6.685833333333334, 49.2175 ], [ 6.694333333333334, 49.216386111111113 ], [ 6.711111111111111, 49.218055555555559 ], [ 6.593888888888888, 49.561388888888885 ], [ 6.533333333333333, 49.745 ], [ 6.533333333333333, 49.80555555555555 ], [ 6.525, 49.87777777777778 ], [ 6.581666666666666, 50.05694444444444 ], [ 6.128611111111111, 50.117777777777775 ], [ 5.833611111111111, 50.1575 ], [ 5.215277777777778, 50.49861111111111 ], [ 4.391666666666667, 50.05833333333333 ], [ 4.851761111111111, 49.852630555555557 ], [ 5.008166666666667, 49.7819 ], [ 5.442222222222222, 49.567777777777778 ] ] ] } },
{ "type": "Feature", "properties": { "fir": "EBBU", "identifier": "EBBU:EDYYNIH_SCT:245-660", "name": "EDYYNIH_SCT", "level_lower": 245, "level_upper": 660 }, "geometry": { "type": "Polygon", "coordinates": [ [ [ 3.525, 50.438888888888883 ], [ 3.7875, 50.339722222222221 ], [ 3.984722222222222, 50.237222222222222 ], [ 4.391666666666667, 50.05833333333333 ], [ 5.215277777777778, 50.49861111111111 ], [ 5.215277777777778, 51.100277777777777 ], [ 5.214444444444444, 51.25277777777778 ], [ 4.203888888888889, 51.432777777777773 ], [ 4.084722222222222, 51.2775 ], [ 4.026944444444444, 51.200833333333335 ], [ 3.566944444444444, 50.500277777777775 ], [ 3.525, 50.438888888888883 ] ] ] } },
{ "type": "Feature", "properties": { "fir": "EBBU", "identifier": "EBBU:ELLX TMA1A AND 5:025-165", "name": "ELLX TMA1A AND 5", "level_lower": 25, "level_upper": 165 }, "geometry": { "type": "Polygon", "coordinates": [ [ [ 6.038055555555555, 49.448333333333331 ], [ 6.045833333333333, 49.446388888888883 ], [ 6.04775, 49.452930555555561 ], [ 6.047777777777777, 49.453055555555558 ], [ 6.055, 49.461388888888891 ], [ 6.060277777777777, 49.464166666666671 ], [ 6.083611111111111, 49.464166666666671 ], [ 6.094166666666666, 49.463888888888889 ], [ 6.109166666666666, 49.466111111111111 ], [ 6.124166666666667, 49.470555555555556 ], [ 6.130833333333333, 49.493333333333332 ], [ 6.139166666666667, 49.491666666666667 ], [ 6.148055555555556, 49.483888888888892 ], [ 6.155833333333334, 49.489166666666669 ], [ 6.164166666666667, 49.491388888888892 ], [ 6.156944444444445, 49.499166666666667 ], [ 6.161666666666667, 49.501944444444447 ], [ 6.176666666666667, 49.505833333333335 ], [ 6.206666666666667, 49.502222222222223 ], [ 6.212777777777778, 49.50277777777778 ], [ 6.225833333333333, 49.507777777777775 ], [ 6.234166666666667, 49.5075 ], [ 6.238888888888889, 49.507222222222225 ], [ 6.2475, 49.509722222222223 ], [ 6.253888888888889, 49.50888888888889 ], [ 6.265555555555555, 49.50472222222222 ], [ 6.266944444444444, 49.5025 ], [ 6.283611111111111, 49.50138888888889 ], [ 6.2825, 49.49527777777778 ], [ 6.285277777777778, 49.490277777777777 ], [ 6.293611111111111, 49.483611111111109 ], [ 6.300555555555555, 49.485277777777782 ], [ 6.304166666666666, 49.477777777777781 ], [ 6.325833333333333, 49.476111111111116 ], [ 6.328888888888889, 49.471388888888889 ], [ 6.336666666666666, 49.465833333333336 ], [ 6.355, 49.463333333333338 ], [ 6.361111111111111, 49.459444444444451 ], [ 6.4275, 49.635555555555555 ], [ 6.502777777777778, 49.809166666666663 ], [ 6.340555555555556, 49.874444444444443 ], [ 6.314444444444444, 49.864444444444445 ], [ 6.166666666666667, 49.806388888888883 ], [ 5.791388888888889, 49.793888888888887 ], [ 5.833333333333333, 49.725 ], [ 5.833333333333333, 49.676388888888887 ], [ 5.733333333333333, 49.594444444444449 ], [ 5.753822222222222, 49.546288888888888 ], [ 5.756666666666667, 49.548888888888889 ], [ 5.755833333333333, 49.555833333333332 ], [ 5.761111111111111, 49.5625 ], [ 5.773055555555556, 49.56444444444444 ], [ 5.786666666666666, 49.557777777777773 ], [ 5.793611111111111, 49.55222222222222 ], [ 5.800833333333333, 49.551666666666662 ], [ 5.806388888888889, 49.553333333333327 ], [ 5.816388888888889, 49.546388888888885 ], [ 5.818611111111111, 49.546388888888885 ], [ 5.82, 49.538888888888884 ], [ 5.825833333333333, 49.538888888888884 ], [ 5.833333333333333, 49.5425 ], [ 5.838611111111111, 49.543333333333329 ], [ 5.843055555555555, 49.54 ], [ 5.839444444444444, 49.534722222222221 ], [ 5.841666666666667, 49.531111111111109 ], [ 5.8375, 49.526666666666664 ], [ 5.838055555555555, 49.523888888888891 ], [ 5.843055555555555, 49.519166666666663 ], [ 5.85, 49.516388888888891 ], [ 5.8525, 49.511944444444445 ], [ 5.859722222222222, 49.50277777777778 ], [ 5.870555555555556, 49.498888888888892 ], [ 5.885555555555555, 49.500277777777775 ], [ 5.890277777777778, 49.498333333333335 ], [ 5.898055555555555, 49.498888888888892 ], [ 5.916666666666667, 49.502222222222223 ], [ 5.923055555555556, 49.500277777777775 ], [ 5.940555555555556, 49.499166666666667 ], [ 5.959444444444444, 49.4925 ], [ 5.972777777777778, 49.491666666666667 ], [ 5.971111111111111, 49.481388888888894 ], [ 5.968888888888889, 49.475555555555559 ], [ 5.976944444444444, 49.463055555555556 ], [ 5.981388888888889, 49.461388888888891 ], [ 5.985555555555556, 49.457222222222228 ], [ 5.993055555555555, 49.455833333333338 ], [ 5.996388888888889, 49.457222222222228 ], [ 6.001944444444445, 49.455833333333338 ], [ 6.006941666666667, 49.453055555555558 ], [ 6.015, 49.451666666666668 ], [ 6.028055555555556, 49.453888888888891 ], [ 6.038055555555555, 49.448333333333331 ] ] ] } },
{ "type": "Feature", "properties": { "fir": "EBBU", "identifier": "EBBU:ELLX TMA2E2:020-095", "name": "ELLX TMA2E2", "level_lower": 20, "level_upper": 95 }, "geometry": { "type": "Polygon", "coordinates": [ [ [ 6.581388888888888, 49.536666666666662 ], [ 6.592777777777777, 49.394444444444446 ], [ 6.551111111111111, 49.454722222222223 ], [ 6.515277777777778, 49.510833333333331 ], [ 6.581388888888888, 49.536666666666662 ] ] ] } },
{ "type": "Feature", "properties": { "fir": "EBBU", "identifier": "EBBU:ELLX TMA2F1:020-165", "name": "ELLX TMA2F1", "level_lower": 20, "level_upper": 165 }, "geometry": { "type": "Polygon", "coordinates": [ [ [ 6.4275, 49.635555555555555 ], [ 6.515277777777778, 49.510833333333331 ], [ 6.429722222222223, 49.473611111111111 ], [ 6.422777777777778, 49.473055555555554 ], [ 6.405, 49.464722222222228 ], [ 6.39638888888889, 49.462777777777781 ], [ 6.386944444444445, 49.463611111111113 ], [ 6.374444444444444, 49.458611111111111 ], [ 6.361111111111111, 49.459444444444451 ], [ 6.4275, 49.635555555555555 ] ] ] } },
{ "type": "Feature", "properties": { "fir": "EBBU", "identifier": "EBBU:ELLX TMA2F2:020-165", "name": "ELLX TMA2F2", "level_lower": 20, "level_upper": 165 }, "geometry": { "type": "Polygon", "coordinates": [ [ [ 6.515277777777778, 49.510833333333331 ], [ 6.551111111111111, 49.454722222222223 ], [ 6.592777777777777, 49.394444444444446 ], [ 6.556944444444444, 49.394444444444446 ], [ 6.5525, 49.399444444444441 ], [ 6.540627777777778, 49.401605555555555 ], [ 6.537311111111111, 49.411558333333332 ], [ 6.548611111111111, 49.4175 ], [ 6.556861111111111, 49.419286111111106 ], [ 6.545555555555556, 49.428333333333327 ], [ 6.541111111111111, 49.434444444444438 ], [ 6.523333333333333, 49.436388888888885 ], [ 6.503611111111111, 49.449166666666663 ], [ 6.487777777777778, 49.451666666666668 ], [ 6.482452777777778, 49.454730555555557 ], [ 6.475833333333333, 49.458611111111111 ], [ 6.462222222222223, 49.460277777777783 ], [ 6.445555555555556, 49.465833333333336 ], [ 6.429722222222223, 49.473611111111111 ], [ 6.515277777777778, 49.510833333333331 ] ] ] } },
{ "type": "Feature", "properties": { "fir": "EBBU", "identifier": "EBBU:ELLX TMA3:000-165", "name": "ELLX TMA3", "level_lower": 0, "level_upper": 165 }, "geometry": { "type": "Polygon", "coordinates": [ [ [ 6.482452777777778, 49.454730555555557 ], [ 6.475833333333333, 49.458611111111111 ], [ 6.462222222222223, 49.460277777777783 ], [ 6.445555555555556, 49.465833333333336 ], [ 6.429722222222223, 49.473611111111111 ], [ 6.422777777777778, 49.473055555555554 ], [ 6.405, 49.464722222222228 ], [ 6.39638888888889, 49.462777777777781 ], [ 6.386944444444445, 49.463611111111113 ], [ 6.374444444444444, 49.458611111111111 ], [ 6.361111111111111, 49.459444444444451 ], [ 6.355, 49.463333333333338 ], [ 6.336666666666666, 49.465833333333336 ], [ 6.328888888888889, 49.471388888888889 ], [ 6.325833333333333, 49.476111111111116 ], [ 6.304166666666666, 49.477777777777781 ], [ 6.300555555555555, 49.485277777777782 ], [ 6.293611111111111, 49.483611111111109 ], [ 6.285277777777778, 49.490277777777777 ], [ 6.2825, 49.49527777777778 ], [ 6.283611111111111, 49.50138888888889 ], [ 6.266944444444444, 49.5025 ], [ 6.265555555555555, 49.50472222222222 ], [ 6.253888888888889, 49.50888888888889 ], [ 6.2475, 49.509722222222223 ], [ 6.238888888888889, 49.507222222222225 ], [ 6.234166666666667, 49.5075 ], [ 6.225833333333333, 49.507777777777775 ], [ 6.212777777777778, 49.50277777777778 ], [ 6.206666666666667, 49.502222222222223 ], [ 6.176666666666667, 49.505833333333335 ], [ 6.161666666666667, 49.501944444444447 ], [ 6.156944444444445, 49.499166666666667 ], [ 6.164166666666667, 49.491388888888892 ], [ 6.155833333333334, 49.489166666666669 ], [ 6.148055555555556, 49.483888888888892 ], [ 6.139166666666667, 49.491666666666667 ], [ 6.130833333333333, 49.493333333333332 ], [ 6.124166666666667, 49.470555555555556 ], [ 6.109166666666666, 49.466111111111111 ], [ 6.094166666666666, 49.463888888888889 ], [ 6.083611111111111, 49.464166666666671 ], [ 6.060277777777777, 49.464166666666671 ], [ 6.055, 49.461388888888891 ], [ 6.047777777777777, 49.453055555555558 ], [ 6.04775, 49.452930555555561 ], [ 6.045833333333333, 49.446388888888883 ], [ 6.481666666666666, 49.454722222222223 ], [ 6.482452777777778, 49.454730555555557 ] ] ] } },
{ "type": "Feature", "properties": { "fir": "EBBU", "identifier": "EBBU:ELLX TMA4:000-165", "name": "ELLX TMA4", "level_lower": 0, "level_upper": 165 }, "geometry": { "type": "Polygon", "coordinates": [ [ [ 5.755555555555556, 49.542222222222222 ], [ 5.753822222222222, 49.546288888888888 ], [ 5.756666666666667, 49.548888888888889 ], [ 5.755833333333333, 49.555833333333332 ], [ 5.761111111111111, 49.5625 ], [ 5.773055555555556, 49.56444444444444 ], [ 5.786666666666666, 49.557777777777773 ], [ 5.793611111111111, 49.55222222222222 ], [ 5.800833333333333, 49.551666666666662 ], [ 5.806388888888889, 49.553333333333327 ], [ 5.816388888888889, 49.546388888888885 ], [ 5.818611111111111, 49.546388888888885 ], [ 5.82, 49.538888888888884 ], [ 5.825833333333333, 49.538888888888884 ], [ 5.833333333333333, 49.5425 ], [ 5.838611111111111, 49.543333333333329 ], [ 5.843055555555555, 49.54 ], [ 5.839444444444444, 49.534722222222221 ], [ 5.841666666666667, 49.531111111111109 ], [ 5.8375, 49.526666666666664 ], [ 5.838055555555555, 49.523888888888891 ], [ 5.843055555555555, 49.519166666666663 ], [ 5.85, 49.516388888888891 ], [ 5.8525, 49.511944444444445 ], [ 5.859722222222222, 49.50277777777778 ], [ 5.870555555555556, 49.498888888888892 ], [ 5.885555555555555, 49.500277777777775 ], [ 5.890277777777778, 49.498333333333335 ], [ 5.898055555555555, 49.498888888888892 ], [ 5.916666666666667, 49.502222222222223 ], [ 5.923055555555556, 49.500277777777775 ], [ 5.940555555555556, 49.499166666666667 ], [ 5.959444444444444, 49.4925 ], [ 5.972777777777778, 49.491666666666667 ], [ 5.971111111111111, 49.481388888888894 ], [ 5.968888888888889, 49.475555555555559 ], [ 5.976944444444444, 49.463055555555556 ], [ 5.981388888888889, 49.461388888888891 ], [ 5.985555555555556, 49.457222222222228 ], [ 5.993055555555555, 49.455833333333338 ], [ 5.996388888888889, 49.457222222222228 ], [ 6.001944444444445, 49.455833333333338 ], [ 6.006941666666667, 49.453055555555558 ], [ 6.015, 49.451666666666668 ], [ 6.028055555555556, 49.453888888888891 ], [ 6.038055555555555, 49.448333333333331 ], [ 6.045833333333333, 49.446388888888883 ], [ 5.997777777777777, 49.449166666666663 ], [ 5.833333333333333, 49.452222222222225 ], [ 5.818611111111111, 49.4525 ], [ 5.8121, 49.452763888888889 ], [ 5.793330555555555, 49.452777777777783 ], [ 5.755555555555556, 49.542222222222222 ] ] ] } },
{ "type": "Feature", "properties": { "fir": "LFBB", "identifier": "LFBB:H1 UAC:245-295", "name": "H1 UAC", "level_lower": 245, "level_upper": 295 }, "geometry": { "type": "Polygon", "coordinates": [ [ [ 1.731666666666667, 42.497777777777777 ], [ 1.745277777777778, 42.5 ], [ 1.946111111111111, 42.453333333333333 ], [ 2.069444444444444, 42.3625 ], [ 2.25, 42.43333333333333 ], [ 2.558333333333333, 42.333055555555561 ], [ 2.705555555555556, 42.424722222222222 ], [ 2.875833333333333, 42.465 ], [ 2.949444444444445, 42.483055555555559 ], [ 3.0425, 42.478055555555557 ], [ 3.099444444444444, 42.434444444444438 ], [ 3.166666666666667, 42.43333333333333 ], [ 3.841944444444445, 43.603055555555557 ], [ 4.116663888888889, 43.95 ], [ 4.221941666666667, 44.085 ], [ 4.273611111111111, 44.431663888888885 ], [ 3.369166666666667, 44.858888888888892 ], [ 3.038055555555555, 44.716944444444444 ], [ 2.625, 44.516666666666666 ], [ 1.472222222222222, 43.919444444444444 ], [ 1.696947222222222, 42.493088888888892 ], [ 1.701666666666667, 42.4925 ], [ 1.731666666666667, 42.497777777777777 ] ] ] } },
{ "type": "Feature", "properties": { "fir": "LFBB", "identifier": "LFBB:H1 UAC:195-245", "name": "H1 UAC", "level_lower": 195, "level_upper": 245 }, "geometry": { "type": "Polygon", "coordinates": [ [ [ 3.369166666666667, 44.858888888888892 ], [ 4.273608333333334, 44.431666666666665 ], [ 4.221941666666667, 44.085 ], [ 4.116666666666666, 43.95 ], [ 4.006388888888889, 43.811388888888885 ], [ 3.654719444444444, 43.271388888888886 ], [ 3.166666666666667, 42.43333333333333 ], [ 3.099444444444444, 42.434444444444438 ], [ 3.0425, 42.478055555555557 ], [ 2.949444444444445, 42.483055555555559 ], [ 2.875833333333333, 42.465 ], [ 2.705555555555556, 42.424722222222222 ], [ 2.558333333333333, 42.333055555555561 ], [ 2.25, 42.43333333333333 ], [ 2.069444444444444, 42.3625 ], [ 1.946111111111111, 42.453333333333333 ], [ 1.745277777777778, 42.5 ], [ 1.731666666666667, 42.497777777777777 ], [ 1.701666666666667, 42.4925 ], [ 1.696947222222222, 42.493088888888892 ], [ 1.472222222222222, 43.919444444444444 ], [ 2.625, 44.516666666666666 ], [ 3.038055555555555, 44.716944444444444 ], [ 3.369166666666667, 44.858888888888892 ] ] ] } },
{ "type": "Feature", "properties": { "fir": "LFBB", "identifier": "LFBB:H2 UAC:295-345", "name": "H2 UAC", "level_lower": 295, "level_upper": 345 }, "geometry": { "type": "Polygon", "coordinates": [ [ [ 1.731666666666667, 42.497777777777777 ], [ 1.745277777777778, 42.5 ], [ 1.946111111111111, 42.453333333333333 ], [ 2.069444444444444, 42.3625 ], [ 2.25, 42.43333333333333 ], [ 2.558333333333333, 42.333055555555561 ], [ 2.705555555555556, 42.424722222222222 ], [ 2.875833333333333, 42.465 ], [ 2.949444444444445, 42.483055555555559 ], [ 3.0425, 42.478055555555557 ], [ 3.099444444444444, 42.434444444444438 ], [ 3.166666666666667, 42.43333333333333 ], [ 3.841944444444445, 43.603055555555557 ], [ 4.116663888888889, 43.95 ], [ 4.221941666666667, 44.085 ], [ 4.273611111111111, 44.431663888888885 ], [ 3.369166666666667, 44.858888888888892 ], [ 3.038055555555555, 44.716944444444444 ], [ 2.625, 44.516666666666666 ], [ 1.472222222222222, 43.919444444444444 ], [ 1.696947222222222, 42.493088888888892 ], [ 1.701666666666667, 42.4925 ], [ 1.731666666666667, 42.497777777777777 ] ] ] } },
{ "type": "Feature", "properties": { "fir": "LFBB", "identifier": "LFBB:H3 UAC:345-365", "name": "H3 UAC", "level_lower": 345, "level_upper": 365 }, "geometry": { "type": "Polygon", "coordinates": [ [ [ 1.731666666666667, 42.497777777777777 ], [ 1.745277777777778, 42.5 ], [ 1.946111111111111, 42.453333333333333 ], [ 2.069444444444444, 42.3625 ], [ 2.25, 42.43333333333333 ], [ 2.558333333333333, 42.333055555555561 ], [ 2.705555555555556, 42.424722222222222 ], [ 2.875833333333333, 42.465 ], [ 2.949444444444445, 42.483055555555559 ], [ 3.0425, 42.478055555555557 ], [ 3.099444444444444, 42.434444444444438 ], [ 3.166666666666667, 42.43333333333333 ], [ 3.841944444444445, 43.603055555555557 ], [ 4.116663888888889, 43.95 ], [ 4.221941666666667, 44.085 ], [ 4.273611111111111, 44.431663888888885 ], [ 3.369166666666667, 44.858888888888892 ], [ 3.038055555555555, 44.716944444444444 ], [ 2.625, 44.516666666666666 ], [ 1.472222222222222, 43.919444444444444 ], [ 1.696947222222222, 42.493088888888892 ], [ 1.701666666666667, 42.4925 ], [ 1.731666666666667, 42.497777777777777 ] ] ] } },
{ "type": "Feature", "properties": { "fir": "LFBB", "identifier": "LFBB:H4 UAC:365-385", "name": "H4 UAC", "level_lower": 365, "level_upper": 385 }, "geometry": { "type": "Polygon", "coordinates": [ [ [ 1.731666666666667, 42.497777777777777 ], [ 1.745277777777778, 42.5 ], [ 1.946111111111111, 42.453333333333333 ], [ 2.069444444444444, 42.3625 ], [ 2.25, 42.43333333333333 ], [ 2.558333333333333, 42.333055555555561 ], [ 2.705555555555556, 42.424722222222222 ], [ 2.875833333333333, 42.465 ], [ 2.949444444444445, 42.483055555555559 ], [ 3.0425, 42.478055555555557 ], [ 3.099444444444444, 42.434444444444438 ], [ 3.166666666666667, 42.43333333333333 ], [ 3.841944444444445, 43.603055555555557 ], [ 4.116663888888889, 43.95 ], [ 4.221941666666667, 44.085 ], [ 4.273611111111111, 44.431663888888885 ], [ 3.369166666666667, 44.858888888888892 ], [ 3.038055555555555, 44.716944444444444 ], [ 2.625, 44.516666666666666 ], [ 1.472222222222222, 43.919444444444444 ], [ 1.696947222222222, 42.493088888888892 ], [ 1.701666666666667, 42.4925 ], [ 1.731666666666667, 42.497777777777777 ] ] ] } },
{ "type": "Feature", "properties": { "fir": "LFBB", "identifier": "LFBB:H5 UAC:385-660", "name": "H5 UAC", "level_lower": 385, "level_upper": 660 }, "geometry": { "type": "Polygon", "coordinates": [ [ [ 1.731666666666667, 42.497777777777777 ], [ 1.745277777777778, 42.5 ], [ 1.946111111111111, 42.453333333333333 ], [ 2.069444444444444, 42.3625 ], [ 2.25, 42.43333333333333 ], [ 2.558333333333333, 42.333055555555561 ], [ 2.705555555555556, 42.424722222222222 ], [ 2.875833333333333, 42.465 ], [ 2.949444444444445, 42.483055555555559 ], [ 3.0425, 42.478055555555557 ], [ 3.099444444444444, 42.434444444444438 ], [ 3.166666666666667, 42.43333333333333 ], [ 3.841944444444445, 43.603055555555557 ], [ 4.116663888888889, 43.95 ], [ 4.221941666666667, 44.085 ], [ 4.273611111111111, 44.431663888888885 ], [ 3.369166666666667, 44.858888888888892 ], [ 3.038055555555555, 44.716944444444444 ], [ 2.625, 44.516666666666666 ], [ 1.472222222222222, 43.919444444444444 ], [ 1.696947222222222, 42.493088888888892 ], [ 1.701666666666667, 42.4925 ], [ 1.731666666666667, 42.497777777777777 ] ] ] } },
{ "type": "Feature", "properties": { "fir": "LFBB", "identifier": "LFBB:L1 UAC:195-295", "name": "L1 UAC", "level_lower": 195, "level_upper": 295 }, "geometry": { "type": "Polygon", "coordinates": [ [ [ 0.986666666666667, 47.00416666666667 ], [ 1.466666666666667, 47.166663888888884 ], [ 1.814166666666667, 46.881666666666668 ], [ 2.353333333333333, 46.370830555555557 ], [ 2.363055555555555, 46.188888888888883 ], [ 2.427777777777778, 44.959722222222226 ], [ 2.280555555555555, 44.761111111111113 ], [ 1.097777777777778, 45.193333333333328 ], [ 0.906666666666667, 45.883333333333333 ], [ 0.951941666666667, 46.523611111111109 ], [ 0.986666666666667, 47.00416666666667 ] ] ] } },
{ "type": "Feature", "properties": { "fir": "LFBB", "identifier": "LFBB:L2 UAC:295-345", "name": "L2 UAC", "level_lower": 295, "level_upper": 345 }, "geometry": { "type": "Polygon", "coordinates": [ [ [ 0.986666666666667, 47.00416666666667 ], [ 1.466666666666667, 47.166663888888884 ], [ 1.814166666666667, 46.881666666666668 ], [ 2.353333333333333, 46.370830555555557 ], [ 2.363055555555555, 46.188888888888883 ], [ 2.427777777777778, 44.959722222222226 ], [ 2.280555555555555, 44.761111111111113 ], [ 1.097777777777778, 45.193333333333328 ], [ 0.906666666666667, 45.883333333333333 ], [ 0.951941666666667, 46.523611111111109 ], [ 0.986666666666667, 47.00416666666667 ] ] ] } },
{ "type": "Feature", "properties": { "fir": "LFBB", "identifier": "LFBB:L3 UAC:345-365", "name": "L3 UAC", "level_lower": 345, "level_upper": 365 }, "geometry": { "type": "Polygon", "coordinates": [ [ [ 0.986666666666667, 47.00416666666667 ], [ 1.466666666666667, 47.166663888888884 ], [ 1.814166666666667, 46.881666666666668 ], [ 2.353333333333333, 46.370830555555557 ], [ 2.363055555555555, 46.188888888888883 ], [ 2.427777777777778, 44.959722222222226 ], [ 2.280555555555555, 44.761111111111113 ], [ 1.097777777777778, 45.193333333333328 ], [ 0.906666666666667, 45.883333333333333 ], [ 0.951941666666667, 46.523611111111109 ], [ 0.986666666666667, 47.00416666666667 ] ] ] } },
{ "type": "Feature", "properties": { "fir": "LFBB", "identifier": "LFBB:L4 UAC:365-385", "name": "L4 UAC", "level_lower": 365, "level_upper": 385 }, "geometry": { "type": "Polygon", "coordinates": [ [ [ 0.986666666666667, 47.00416666666667 ], [ 1.466666666666667, 47.166663888888884 ], [ 1.814166666666667, 46.881666666666668 ], [ 2.353333333333333, 46.370830555555557 ], [ 2.363055555555555, 46.188888888888883 ], [ 2.427777777777778, 44.959722222222226 ], [ 2.280555555555555, 44.761111111111113 ], [ 1.097777777777778, 45.193333333333328 ], [ 0.906666666666667, 45.883333333333333 ], [ 0.951941666666667, 46.523611111111109 ], [ 0.986666666666667, 47.00416666666667 ] ] ] } },
{ "type": "Feature", "properties": { "fir": "LFBB", "identifier": "LFBB:L5 UAC:385-660", "name": "L5 UAC", "level_lower": 385, "level_upper": 660 }, "geometry": { "type": "Polygon", "coordinates": [ [ [ 0.986666666666667, 47.00416666666667 ], [ 1.466666666666667, 47.166663888888884 ], [ 1.814166666666667, 46.881666666666668 ], [ 2.353333333333333, 46.370830555555557 ], [ 2.363055555555555, 46.188888888888883 ], [ 2.427777777777778, 44.959722222222226 ], [ 2.280555555555555, 44.761111111111113 ], [ 1.097777777777778, 45.193333333333328 ], [ 0.906666666666667, 45.883333333333333 ], [ 0.951941666666667, 46.523611111111109 ], [ 0.986666666666667, 47.00416666666667 ] ] ] } },
{ "type": "Feature", "properties": { "fir": "LFBB", "identifier": "LFBB:LIMOGES BL:025-145", "name": "LIMOGES BL", "level_lower": 25, "level_upper": 145 }, "geometry": { "type": "Polygon", "coordinates": [ [ [ 1.04, 45.5 ], [ 1.186111111111111, 45.166666666666664 ], [ 1.275, 44.963333333333338 ], [ 1.281666666666667, 44.947777777777773 ], [ 1.070277777777778, 44.907222222222224 ], [ 1.057777777777778, 44.747777777777777 ], [ 1.358333333333333, 44.770833333333336 ], [ 1.4775, 44.780277777777776 ], [ 1.773333333333333, 44.768333333333331 ], [ 2.0, 44.759444444444448 ], [ 2.0, 45.315555555555555 ], [ 2.5, 45.43610833333333 ], [ 2.5, 46.229444444444447 ], [ 2.588888888888889, 46.259722222222223 ], [ 2.927777777777778, 46.255555555555553 ], [ 2.916666666666667, 46.333333333333336 ], [ 2.868052777777778, 46.5775 ], [ 2.833333333333333, 46.75 ], [ 2.182305555555555, 47.07233333333334 ], [ 2.168888888888889, 47.082219444444448 ], [ 2.038611111111111, 46.943333333333328 ], [ 1.759444444444444, 46.644722222222221 ], [ 1.691111111111111, 46.57138888888889 ], [ 1.658055555555555, 46.536111111111111 ], [ 1.160555555555556, 46.582777777777778 ], [ 1.158055555555555, 46.416388888888889 ], [ 0.916944444444444, 46.437222222222218 ], [ 0.054166666666667, 45.81666666666667 ], [ -0.073055555555556, 45.821944444444448 ], [ -0.149722222222222, 45.706111111111113 ], [ -0.157777777777778, 45.693888888888885 ], [ -0.157222222222222, 45.6925 ], [ -0.156388888888889, 45.690555555555555 ], [ -0.155555555555556, 45.688611111111108 ], [ -0.154722222222222, 45.68666666666666 ], [ -0.154166666666667, 45.684444444444438 ], [ -0.153333333333333, 45.6825 ], [ -0.152777777777778, 45.68055555555555 ], [ -0.152222222222222, 45.67861111111111 ], [ -0.151944444444444, 45.676666666666662 ], [ -0.151388888888889, 45.674722222222222 ], [ -0.151111111111111, 45.6725 ], [ -0.150555555555556, 45.670555555555552 ], [ -0.150277777777778, 45.668611111111112 ], [ -0.150277777777778, 45.666388888888889 ], [ -0.099722222222222, 45.631944444444443 ], [ 0.093333333333333, 45.5 ], [ 1.04, 45.5 ] ] ] } },
{ "type": "Feature", "properties": { "fir": "LFBB", "identifier": "LFBB:LIMOGES BL-N:000-025", "name": "LIMOGES BL-N", "level_lower": 0, "level_upper": 25 }, "geometry": { "type": "Polygon", "coordinates": [ [ [ -0.150277777777778, 45.666388888888889 ], [ -0.150277777777778, 45.668611111111112 ], [ -0.150555555555556, 45.670555555555552 ], [ -0.151111111111111, 45.6725 ], [ -0.151388888888889, 45.674722222222222 ], [ -0.151944444444444, 45.676666666666662 ], [ -0.152222222222222, 45.67861111111111 ], [ -0.152777777777778, 45.68055555555555 ], [ -0.153333333333333, 45.6825 ], [ -0.154166666666667, 45.684444444444438 ], [ -0.154722222222222, 45.68666666666666 ], [ -0.155555555555556, 45.688611111111108 ], [ -0.156388888888889, 45.690555555555555 ], [ -0.157222222222222, 45.6925 ], [ -0.157777777777778, 45.693888888888885 ], [ -0.149722222222222, 45.706111111111113 ], [ -0.073055555555556, 45.821944444444448 ], [ 0.054166666666667, 45.81666666666667 ], [ 0.916944444444444, 46.437222222222218 ], [ 1.158055555555555, 46.416388888888889 ], [ 1.160555555555556, 46.582777777777778 ], [ 1.658055555555555, 46.536111111111111 ], [ 1.691111111111111, 46.57138888888889 ], [ 1.759444444444444, 46.644722222222221 ], [ 2.038611111111111, 46.943333333333328 ], [ 2.168888888888889, 47.082219444444448 ], [ 2.182305555555555, 47.07233333333334 ], [ 2.833333333333333, 46.75 ], [ 2.868052777777778, 46.5775 ], [ 2.916666666666667, 46.333333333333336 ], [ 2.927777777777778, 46.255555555555553 ], [ 2.588888888888889, 46.259722222222223 ], [ 2.5, 46.229444444444447 ], [ 1.330277777777778, 45.888333333333335 ], [ 1.3275, 45.895 ], [ 1.324166666666667, 45.901388888888889 ], [ 1.320277777777778, 45.9075 ], [ 1.315833333333333, 45.913611111111109 ], [ 1.314486111111111, 45.914605555555553 ], [ 1.310833333333333, 45.919444444444444 ], [ 1.305277777777778, 45.925 ], [ 1.299166666666667, 45.930277777777775 ], [ 1.2925, 45.935277777777777 ], [ 1.285555555555555, 45.94 ], [ 1.278333333333333, 45.944722222222218 ], [ 1.270555555555555, 45.948611111111106 ], [ 1.2625, 45.9525 ], [ 1.253888888888889, 45.955833333333338 ], [ 1.245277777777778, 45.958888888888893 ], [ 1.236111111111111, 45.961666666666666 ], [ 1.226944444444445, 45.963888888888889 ], [ 1.2175, 45.965555555555561 ], [ 1.208055555555555, 45.967222222222226 ], [ 1.198333333333333, 45.968055555555559 ], [ 1.194036111111111, 45.968705555555559 ], [ 1.188611111111111, 45.968611111111116 ], [ 1.178888888888889, 45.968888888888891 ], [ 1.169166666666667, 45.968611111111116 ], [ 1.159444444444444, 45.967777777777776 ], [ 1.149722222222222, 45.966666666666669 ], [ 1.140277777777778, 45.965277777777779 ], [ 1.130833333333333, 45.963333333333338 ], [ 1.121666666666667, 45.960833333333333 ], [ 1.112777777777778, 45.958055555555561 ], [ 1.104166666666667, 45.955 ], [ 1.095833333333333, 45.951666666666668 ], [ 1.087777777777778, 45.947777777777773 ], [ 1.08, 45.94361111111111 ], [ 1.072777777777778, 45.938888888888883 ], [ 1.066111111111111, 45.934166666666663 ], [ 1.059722222222222, 45.928888888888885 ], [ 1.053611111111111, 45.923611111111107 ], [ 1.048333333333333, 45.918055555555554 ], [ 1.043333333333333, 45.911944444444444 ], [ 1.038888888888889, 45.906111111111109 ], [ 1.035277777777778, 45.899722222222223 ], [ 1.031944444444444, 45.893333333333331 ], [ 1.029166666666667, 45.886666666666663 ], [ 1.027222222222222, 45.88 ], [ 1.025833333333333, 45.873333333333335 ], [ 1.025, 45.866666666666667 ], [ 1.024722222222222, 45.859722222222224 ], [ 1.025, 45.853055555555557 ], [ 1.026111111111111, 45.846388888888889 ], [ 1.027777777777778, 45.839444444444446 ], [ 1.03, 45.833055555555561 ], [ 1.032777777777778, 45.826388888888893 ], [ 0.435555555555556, 45.693333333333328 ], [ 0.431388888888889, 45.7325 ], [ 0.293333333333333, 45.793611111111112 ], [ 0.1925, 45.810555555555553 ], [ 0.183055555555556, 45.796388888888885 ], [ 0.141666666666667, 45.733333333333334 ], [ 0.150555555555556, 45.691666666666663 ], [ -0.099722222222222, 45.631944444444443 ], [ -0.150277777777778, 45.666388888888889 ] ] ] } },
{ "type": "Feature", "properties": { "fir": "LFBB", "identifier": "LFBB:LM UAC:145-195", "name": "LM UAC", "level_lower": 145, "level_upper": 195 }, "geometry": { "type": "Polygon", "coordinates": [ [ [ 3.004444444444444, 45.7125 ], [ 3.021111111111111, 45.223333333333336 ], [ 3.040277777777778, 44.650555555555556 ], [ 2.806111111111111, 44.536666666666662 ], [ 1.566666666666667, 44.536666666666662 ], [ 1.271388888888889, 44.5 ], [ 0.579722222222222, 44.5 ], [ 0.238888888888889, 45.205830555555558 ], [ 0.094166666666667, 45.5 ], [ -0.150555555555556, 45.666666666666664 ], [ -0.325555555555556, 45.839722222222221 ], [ -0.722222222222222, 46.305 ], [ -0.25, 46.5 ], [ -0.25, 47.044441666666664 ], [ -0.25, 47.166666666666664 ], [ 0.3, 47.166666666666664 ], [ 0.570830555555556, 47.166941666666666 ], [ 0.697222222222222, 47.166666666666664 ], [ 1.466666666666667, 47.166663888888884 ], [ 1.504444444444444, 47.166666666666664 ], [ 2.0, 47.166666666666664 ], [ 2.168888888888889, 47.082219444444448 ], [ 2.182305555555555, 47.07233333333334 ], [ 2.833333333333333, 46.75 ], [ 2.868052777777778, 46.5775 ], [ 2.916666666666667, 46.333333333333336 ], [ 3.004444444444444, 45.7125 ] ] ] } },
{ "type": "Feature", "properties": { "fir": "LFBB", "identifier": "LFBB:P1 1 UAC:195-265", "name": "P1 1 UAC", "level_lower": 195, "level_upper": 265 }, "geometry": { "type": "Polygon", "coordinates": [ [ [ 2.353333333333333, 46.370830555555557 ], [ 1.814166666666667, 46.881666666666668 ], [ 2.434166666666667, 47.178888888888885 ], [ 3.065, 47.313888888888883 ], [ 3.5, 46.56666666666667 ], [ 3.369722222222222, 46.524163888888886 ], [ 3.266666666666667, 46.5 ], [ 2.916666666666667, 46.333333333333336 ], [ 2.588888888888889, 46.259722222222223 ], [ 2.5, 46.229444444444447 ], [ 2.363055555555555, 46.188888888888883 ], [ 2.353333333333333, 46.370830555555557 ] ] ] } },
{ "type": "Feature", "properties": { "fir": "LFBB", "identifier": "LFBB:P1 2 UAC:265-295", "name": "P1 2 UAC", "level_lower": 265, "level_upper": 295 }, "geometry": { "type": "Polygon", "coordinates": [ [ [ 3.369722222222222, 46.524163888888886 ], [ 3.266666666666667, 46.5 ], [ 2.916666666666667, 46.333333333333336 ], [ 2.588888888888889, 46.259722222222223 ], [ 2.5, 46.229444444444447 ], [ 2.363055555555555, 46.188888888888883 ], [ 2.353333333333333, 46.370830555555557 ], [ 1.814166666666667, 46.881666666666668 ], [ 1.466666666666667, 47.166663888888884 ], [ 1.633611111111111, 47.550277777777772 ], [ 1.676666666666667, 47.762777777777778 ], [ 1.690555555555556, 47.831666666666671 ], [ 1.715277777777778, 47.953611111111115 ], [ 1.768333333333333, 48.110277777777782 ], [ 1.782222222222222, 48.133333333333333 ], [ 2.610277777777778, 48.133333333333333 ], [ 2.831666666666667, 47.734166666666667 ], [ 3.065, 47.313888888888883 ], [ 3.5, 46.56666666666667 ], [ 3.369722222222222, 46.524163888888886 ] ] ] } },
{ "type": "Feature", "properties": { "fir": "LFBB", "identifier": "LFBB:P2 UAC:295-345", "name": "P2 UAC", "level_lower": 295, "level_upper": 345 }, "geometry": { "type": "Polygon", "coordinates": [ [ [ 3.369722222222222, 46.524163888888886 ], [ 3.266666666666667, 46.5 ], [ 2.916666666666667, 46.333333333333336 ], [ 2.588888888888889, 46.259722222222223 ], [ 2.5, 46.229444444444447 ], [ 2.363055555555555, 46.188888888888883 ], [ 2.353333333333333, 46.370830555555557 ], [ 1.814166666666667, 46.881666666666668 ], [ 1.466666666666667, 47.166663888888884 ], [ 1.633611111111111, 47.550277777777772 ], [ 1.676666666666667, 47.762777777777778 ], [ 1.690555555555556, 47.831666666666671 ], [ 1.715277777777778, 47.953611111111115 ], [ 1.768333333333333, 48.110277777777782 ], [ 1.782222222222222, 48.133333333333333 ], [ 2.610277777777778, 48.133333333333333 ], [ 2.831666666666667, 47.734166666666667 ], [ 3.065, 47.313888888888883 ], [ 3.5, 46.56666666666667 ], [ 3.369722222222222, 46.524163888888886 ] ] ] } },
{ "type": "Feature", "properties": { "fir": "LFBB", "identifier": "LFBB:P3 UAC:345-365", "name": "P3 UAC", "level_lower": 345, "level_upper": 365 }, "geometry": { "type": "Polygon", "coordinates": [ [ [ 3.369722222222222, 46.524163888888886 ], [ 3.266666666666667, 46.5 ], [ 2.916666666666667, 46.333333333333336 ], [ 2.588888888888889, 46.259722222222223 ], [ 2.5, 46.229444444444447 ], [ 2.363055555555555, 46.188888888888883 ], [ 2.353333333333333, 46.370830555555557 ], [ 1.814166666666667, 46.881666666666668 ], [ 1.466666666666667, 47.166663888888884 ], [ 1.633611111111111, 47.550277777777772 ], [ 1.676666666666667, 47.762777777777778 ], [ 1.690555555555556, 47.831666666666671 ], [ 1.715277777777778, 47.953611111111115 ], [ 1.768333333333333, 48.110277777777782 ], [ 1.782222222222222, 48.133333333333333 ], [ 2.610277777777778, 48.133333333333333 ], [ 2.831666666666667, 47.734166666666667 ], [ 3.065, 47.313888888888883 ], [ 3.5, 46.56666666666667 ], [ 3.369722222222222, 46.524163888888886 ] ] ] } },
{ "type": "Feature", "properties": { "fir": "LFBB", "identifier": "LFBB:P4 UAC:365-660", "name": "P4 UAC", "level_lower": 365, "level_upper": 660 }, "geometry": { "type": "Polygon", "coordinates": [ [ [ 3.369722222222222, 46.524163888888886 ], [ 3.266666666666667, 46.5 ], [ 2.916666666666667, 46.333333333333336 ], [ 2.588888888888889, 46.259722222222223 ], [ 2.5, 46.229444444444447 ], [ 2.363055555555555, 46.188888888888883 ], [ 2.353333333333333, 46.370830555555557 ], [ 1.814166666666667, 46.881666666666668 ], [ 1.466666666666667, 47.166663888888884 ], [ 1.633611111111111, 47.550277777777772 ], [ 1.676666666666667, 47.762777777777778 ], [ 1.690555555555556, 47.831666666666671 ], [ 1.715277777777778, 47.953611111111115 ], [ 1.768333333333333, 48.110277777777782 ], [ 1.782222222222222, 48.133333333333333 ], [ 2.610277777777778, 48.133333333333333 ], [ 2.831666666666667, 47.734166666666667 ], [ 3.065, 47.313888888888883 ], [ 3.5, 46.56666666666667 ], [ 3.369722222222222, 46.524163888888886 ] ] ] } },
{ "type": "Feature", "properties": { "fir": "LFBB", "identifier": "LFBB:T1 UAC:245-295", "name": "T1 UAC", "level_lower": 245, "level_upper": 295 }, "geometry": { "type": "Polygon", "coordinates": [ [ [ 2.363055555555555, 46.188888888888883 ], [ 2.5, 46.229444444444447 ], [ 2.588888888888889, 46.259722222222223 ], [ 2.916666666666667, 46.333333333333336 ], [ 3.266666666666667, 46.5 ], [ 3.369722222222222, 46.524163888888886 ], [ 3.668886111111111, 45.777777777777779 ], [ 4.229444444444445, 45.68944444444444 ], [ 4.491663888888889, 45.358333333333334 ], [ 3.369166666666667, 44.858888888888892 ], [ 3.038055555555555, 44.716944444444444 ], [ 2.625, 44.516666666666666 ], [ 2.280555555555555, 44.761111111111113 ], [ 2.427777777777778, 44.959722222222226 ], [ 2.363055555555555, 46.188888888888883 ] ] ] } },
{ "type": "Feature", "properties": { "fir": "LFBB", "identifier": "LFBB:T1 UAC:195-245", "name": "T1 UAC", "level_lower": 195, "level_upper": 245 }, "geometry": { "type": "Polygon", "coordinates": [ [ [ 2.363055555555555, 46.188888888888883 ], [ 2.5, 46.229444444444447 ], [ 2.588888888888889, 46.259722222222223 ], [ 2.916666666666667, 46.333333333333336 ], [ 3.266666666666667, 46.5 ], [ 3.369722222222222, 46.524163888888886 ], [ 3.620830555555556, 45.899166666666666 ], [ 3.668886111111111, 45.777777777777779 ], [ 4.229444444444445, 45.68944444444444 ], [ 4.491663888888889, 45.358333333333334 ], [ 3.369166666666667, 44.858888888888892 ], [ 3.038055555555555, 44.716944444444444 ], [ 2.625, 44.516666666666666 ], [ 2.280555555555555, 44.761111111111113 ], [ 2.427777777777778, 44.959722222222226 ], [ 2.363055555555555, 46.188888888888883 ] ] ] } },
{ "type": "Feature", "properties": { "fir": "LFBB", "identifier": "LFBB:T2 UAC:295-345", "name": "T2 UAC", "level_lower": 295, "level_upper": 345 }, "geometry": { "type": "Polygon", "coordinates": [ [ [ 2.427777777777778, 44.959722222222226 ], [ 2.280555555555555, 44.761111111111113 ], [ 2.625, 44.516666666666666 ], [ 3.038055555555555, 44.716944444444444 ], [ 3.369166666666667, 44.858888888888892 ], [ 4.491663888888889, 45.358333333333334 ], [ 4.229444444444445, 45.68944444444444 ], [ 3.668886111111111, 45.777777777777779 ], [ 3.369722222222222, 46.524163888888886 ], [ 3.266666666666667, 46.5 ], [ 2.916666666666667, 46.333333333333336 ], [ 2.588888888888889, 46.259722222222223 ], [ 2.5, 46.229444444444447 ], [ 2.363055555555555, 46.188888888888883 ], [ 2.427777777777778, 44.959722222222226 ] ] ] } },
{ "type": "Feature", "properties": { "fir": "LFBB", "identifier": "LFBB:T3 UAC:345-365", "name": "T3 UAC", "level_lower": 345, "level_upper": 365 }, "geometry": { "type": "Polygon", "coordinates": [ [ [ 2.427777777777778, 44.959722222222226 ], [ 2.280555555555555, 44.761111111111113 ], [ 2.625, 44.516666666666666 ], [ 3.038055555555555, 44.716944444444444 ], [ 3.369166666666667, 44.858888888888892 ], [ 4.491663888888889, 45.358333333333334 ], [ 4.229444444444445, 45.68944444444444 ], [ 3.668886111111111, 45.777777777777779 ], [ 3.369722222222222, 46.524163888888886 ], [ 3.266666666666667, 46.5 ], [ 2.916666666666667, 46.333333333333336 ], [ 2.588888888888889, 46.259722222222223 ], [ 2.5, 46.229444444444447 ], [ 2.363055555555555, 46.188888888888883 ], [ 2.427777777777778, 44.959722222222226 ] ] ] } },
{ "type": "Feature", "properties": { "fir": "LFBB", "identifier": "LFBB:T4 UAC:365-385", "name": "T4 UAC", "level_lower": 365, "level_upper": 385 }, "geometry": { "type": "Polygon", "coordinates": [ [ [ 2.427777777777778, 44.959722222222226 ], [ 2.280555555555555, 44.761111111111113 ], [ 2.625, 44.516666666666666 ], [ 3.038055555555555, 44.716944444444444 ], [ 3.369166666666667, 44.858888888888892 ], [ 4.491663888888889, 45.358333333333334 ], [ 4.229444444444445, 45.68944444444444 ], [ 3.668886111111111, 45.777777777777779 ], [ 3.369722222222222, 46.524163888888886 ], [ 3.266666666666667, 46.5 ], [ 2.916666666666667, 46.333333333333336 ], [ 2.588888888888889, 46.259722222222223 ], [ 2.5, 46.229444444444447 ], [ 2.363055555555555, 46.188888888888883 ], [ 2.427777777777778, 44.959722222222226 ] ] ] } },
{ "type": "Feature", "properties": { "fir": "LFBB", "identifier": "LFBB:T5 UAC:385-660", "name": "T5 UAC", "level_lower": 385, "level_upper": 660 }, "geometry": { "type": "Polygon", "coordinates": [ [ [ 2.427777777777778, 44.959722222222226 ], [ 2.280555555555555, 44.761111111111113 ], [ 2.625, 44.516666666666666 ], [ 3.038055555555555, 44.716944444444444 ], [ 3.369166666666667, 44.858888888888892 ], [ 4.491663888888889, 45.358333333333334 ], [ 4.229444444444445, 45.68944444444444 ], [ 3.668886111111111, 45.777777777777779 ], [ 3.369722222222222, 46.524163888888886 ], [ 3.266666666666667, 46.5 ], [ 2.916666666666667, 46.333333333333336 ], [ 2.588888888888889, 46.259722222222223 ], [ 2.5, 46.229444444444447 ], [ 2.363055555555555, 46.188888888888883 ], [ 2.427777777777778, 44.959722222222226 ] ] ] } },
{ "type": "Feature", "properties": { "fir": "LFBB", "identifier": "LFBB:X1 UAC:195-295", "name": "X1 UAC", "level_lower": 195, "level_upper": 295 }, "geometry": { "type": "Polygon", "coordinates": [ [ [ 0.656666666666667, 45.031666666666666 ], [ 1.097777777777778, 45.193333333333328 ], [ 2.280555555555555, 44.761111111111113 ], [ 2.625, 44.516666666666666 ], [ 1.472222222222222, 43.919444444444444 ], [ 0.6475, 43.492222222222225 ], [ 0.024166666666667, 44.396666666666668 ], [ 0.656666666666667, 45.031666666666666 ] ] ] } },
{ "type": "Feature", "properties": { "fir": "LFBB", "identifier": "LFBB:X2 UAC:295-345", "name": "X2 UAC", "level_lower": 295, "level_upper": 345 }, "geometry": { "type": "Polygon", "coordinates": [ [ [ 0.656666666666667, 45.031666666666666 ], [ 1.097777777777778, 45.193333333333328 ], [ 2.280555555555555, 44.761111111111113 ], [ 2.625, 44.516666666666666 ], [ 1.472222222222222, 43.919444444444444 ], [ 0.6475, 43.492222222222225 ], [ 0.024166666666667, 44.396666666666668 ], [ 0.656666666666667, 45.031666666666666 ] ] ] } },
{ "type": "Feature", "properties": { "fir": "LFBB", "identifier": "LFBB:X3 UAC:345-365", "name": "X3 UAC", "level_lower": 345, "level_upper": 365 }, "geometry": { "type": "Polygon", "coordinates": [ [ [ 0.656666666666667, 45.031666666666666 ], [ 1.097777777777778, 45.193333333333328 ], [ 2.280555555555555, 44.761111111111113 ], [ 2.625, 44.516666666666666 ], [ 1.472222222222222, 43.919444444444444 ], [ 0.6475, 43.492222222222225 ], [ 0.024166666666667, 44.396666666666668 ], [ 0.656666666666667, 45.031666666666666 ] ] ] } },
{ "type": "Feature", "properties": { "fir": "LFBB", "identifier": "LFBB:X4 UAC:365-385", "name": "X4 UAC", "level_lower": 365, "level_upper": 385 }, "geometry": { "type": "Polygon", "coordinates": [ [ [ 0.656666666666667, 45.031666666666666 ], [ 1.097777777777778, 45.193333333333328 ], [ 2.280555555555555, 44.761111111111113 ], [ 2.625, 44.516666666666666 ], [ 1.472222222222222, 43.919444444444444 ], [ 0.6475, 43.492222222222225 ], [ 0.024166666666667, 44.396666666666668 ], [ 0.656666666666667, 45.031666666666666 ] ] ] } },
{ "type": "Feature", "properties": { "fir": "LFBB", "identifier": "LFBB:X5 UAC:385-660", "name": "X5 UAC", "level_lower": 385, "level_upper": 660 }, "geometry": { "type": "Polygon", "coordinates": [ [ [ 0.656666666666667, 45.031666666666666 ], [ 1.097777777777778, 45.193333333333328 ], [ 2.280555555555555, 44.761111111111113 ], [ 2.625, 44.516666666666666 ], [ 1.472222222222222, 43.919444444444444 ], [ 0.6475, 43.492222222222225 ], [ 0.024166666666667, 44.396666666666668 ], [ 0.656666666666667, 45.031666666666666 ] ] ] } },
{ "type": "Feature", "properties": { "fir": "EGTT", "identifier": "EGTT:LA MANCHE EAST H1 S17:265-285", "name": "LA MANCHE EAST H1 S17", "level_lower": 265, "level_upper": 285 }, "geometry": { "type": "Polygon", "coordinates": [ [ [ 1.454722222222222, 50.662222222222219 ], [ 1.538333333333333, 50.601666666666667 ], [ 1.951666666666667, 50.229444444444447 ], [ 1.858611111111111, 50.171388888888885 ], [ 1.7575, 50.116388888888892 ], [ 1.651666666666667, 50.058611111111105 ], [ 1.4525, 49.948888888888888 ], [ 1.388055555555556, 49.9975 ], [ 1.328888888888889, 49.978055555555557 ], [ 0.769722222222222, 50.401388888888889 ], [ 0.821388888888889, 50.421388888888885 ], [ 1.454722222222222, 50.662222222222219 ] ] ] } },
{ "type": "Feature", "properties": { "fir": "EGTT", "identifier": "EGTT:LA MANCHE EAST H2 S17:285-660", "name": "LA MANCHE EAST H2 S17", "level_lower": 285, "level_upper": 660 }, "geometry": { "type": "Polygon", "coordinates": [ [ [ 1.454722222222222, 50.662222222222219 ], [ 1.538333333333333, 50.601666666666667 ], [ 1.951666666666667, 50.229444444444447 ], [ 1.858611111111111, 50.171388888888885 ], [ 1.7575, 50.116388888888892 ], [ 1.651666666666667, 50.058611111111105 ], [ 1.4525, 49.948888888888888 ], [ 1.403333333333333, 49.921944444444442 ], [ 1.328888888888889, 49.978055555555557 ], [ 0.769722222222222, 50.401388888888889 ], [ 0.821388888888889, 50.421388888888885 ], [ 1.454722222222222, 50.662222222222219 ] ] ] } },
{ "type": "Feature", "properties": { "fir": "EGTT", "identifier": "EGTT:LA MANCHE EAST L1 S17:115-265", "name": "LA MANCHE EAST L1 S17", "level_lower": 115, "level_upper": 265 }, "geometry": { "type": "Polygon", "coordinates": [ [ [ 0.821388888888889, 50.421388888888885 ], [ 1.018888888888889, 50.274722222222223 ], [ 1.651666666666667, 50.058611111111105 ], [ 1.7575, 50.116388888888892 ], [ 1.858611111111111, 50.171388888888885 ], [ 1.538333333333333, 50.601666666666667 ], [ 1.454722222222222, 50.662222222222219 ], [ 0.821388888888889, 50.421388888888885 ] ] ] } },
{ "type": "Feature", "properties": { "fir": "EGTT", "identifier": "EGTT:LA MANCHE EAST L2 S17:195-265", "name": "LA MANCHE EAST L2 S17", "level_lower": 195, "level_upper": 265 }, "geometry": { "type": "Polygon", "coordinates": [ [ [ 1.018888888888889, 50.274722222222223 ], [ 1.388055555555556, 49.9975 ], [ 1.4525, 49.948888888888888 ], [ 1.651666666666667, 50.058611111111105 ], [ 1.018888888888889, 50.274722222222223 ] ] ] } },
{ "type": "Feature", "properties": { "fir": "EGTT", "identifier": "EGTT:LA MANCHE EAST L3 TCSE:115-195", "name": "LA MANCHE EAST L3 TCSE", "level_lower": 115, "level_upper": 195 }, "geometry": { "type": "Polygon", "coordinates": [ [ [ 1.465, 50.905277777777776 ], [ 1.734722222222222, 50.712222222222223 ], [ 1.636388888888889, 50.656944444444441 ], [ 1.538333333333333, 50.601666666666667 ], [ 1.454722222222222, 50.662222222222219 ], [ 1.465, 50.905277777777776 ] ] ] } },
{ "type": "Feature", "properties": { "fir": "EGTT", "identifier": "EGTT:S01 2:295-660", "name": "S01 2", "level_lower": 295, "level_upper": 660 }, "geometry": { "type": "Polygon", "coordinates": [ [ [ 0.121111111111111, 50.909166666666664 ], [ 0.571111111111111, 50.55833333333333 ], [ 0.769722222222222, 50.401388888888889 ], [ 0.096111111111111, 50.137777777777778 ], [ -0.25, 50.0 ], [ -0.533333333333333, 50.0 ], [ -0.535833333333333, 50.499166666666667 ], [ -0.660555555555556, 50.616666666666667 ], [ 0.121111111111111, 50.909166666666664 ] ] ] } },
{ "type": "Feature", "properties": { "fir": "EGTT", "identifier": "EGTT:S15 2:195-275", "name": "S15 2", "level_lower": 195, "level_upper": 275 }, "geometry": { "type": "Polygon", "coordinates": [ [ [ 0.55, 51.454166666666673 ], [ 0.799444444444444, 51.451111111111111 ], [ 1.308888888888889, 51.018055555555556 ], [ 1.465, 50.905277777777776 ], [ 1.086666666666667, 50.925 ], [ 1.032222222222222, 50.948888888888888 ], [ 0.965, 50.978333333333332 ], [ 0.815277777777778, 51.043888888888887 ], [ 0.587222222222222, 51.142777777777781 ], [ 0.55, 51.454166666666673 ] ] ] } },
{ "type": "Feature", "properties": { "fir": "EGTT", "identifier": "EGTT:S15 3:195-315", "name": "S15 3", "level_lower": 195, "level_upper": 315 }, "geometry": { "type": "Polygon", "coordinates": [ [ [ 0.925555555555555, 51.449444444444438 ], [ 1.521944444444444, 51.413888888888884 ], [ 1.466666666666667, 51.0 ], [ 1.465, 50.905277777777776 ], [ 1.308888888888889, 51.018055555555556 ], [ 0.799444444444444, 51.451111111111111 ], [ 0.833333333333333, 51.45066666666667 ], [ 0.925555555555555, 51.449444444444438 ] ] ] } },
{ "type": "Feature", "properties": { "fir": "EGTT", "identifier": "EGTT:S15 4:135-315", "name": "S15 4", "level_lower": 135, "level_upper": 315 }, "geometry": { "type": "Polygon", "coordinates": [ [ [ 1.521944444444444, 51.413888888888884 ], [ 1.611944444444445, 51.408333333333331 ], [ 2.0, 51.383333333333333 ], [ 2.0, 51.116666666666667 ], [ 1.825, 51.079166666666673 ], [ 1.7625, 51.065 ], [ 1.732222222222222, 51.058055555555555 ], [ 1.466666666666667, 51.0 ], [ 1.521944444444444, 51.413888888888884 ] ] ] } },
{ "type": "Feature", "properties": { "fir": "EGTT", "identifier": "EGTT:S16 1:275-305", "name": "S16 1", "level_lower": 275, "level_upper": 305 }, "geometry": { "type": "Polygon", "coordinates": [ [ [ 0.965, 50.978333333333332 ], [ 1.308888888888889, 51.018055555555556 ], [ 1.465, 50.905277777777776 ], [ 1.086666666666667, 50.925 ], [ 1.032222222222222, 50.948888888888888 ], [ 0.965, 50.978333333333332 ] ] ] } },
{ "type": "Feature", "properties": { "fir": "EGTT", "identifier": "EGTT:S16 2:195-305", "name": "S16 2", "level_lower": 195, "level_upper": 305 }, "geometry": { "type": "Polygon", "coordinates": [ [ [ 1.086666666666667, 50.925 ], [ 1.465, 50.905277777777776 ], [ 1.734722222222222, 50.712222222222223 ], [ 1.636388888888889, 50.656944444444441 ], [ 1.538333333333333, 50.601666666666667 ], [ 1.454722222222222, 50.662222222222219 ], [ 1.086666666666667, 50.925 ] ] ] } },
{ "type": "Feature", "properties": { "fir": "EGTT", "identifier": "EGTT:S17 4:145-355", "name": "S17 4", "level_lower": 145, "level_upper": 355 }, "geometry": { "type": "Polygon", "coordinates": [ [ [ 1.032222222222222, 50.948888888888888 ], [ 1.086666666666667, 50.925 ], [ 1.454722222222222, 50.662222222222219 ], [ 0.980555555555556, 50.771388888888886 ], [ 1.032222222222222, 50.948888888888888 ] ] ] } },
{ "type": "Feature", "properties": { "fir": "EGTT", "identifier": "EGTT:S17 5:145-660", "name": "S17 5", "level_lower": 145, "level_upper": 660 }, "geometry": { "type": "Polygon", "coordinates": [ [ [ 0.571111111111111, 50.55833333333333 ], [ 0.961388888888889, 50.705277777777781 ], [ 0.980555555555556, 50.771388888888886 ], [ 1.454722222222222, 50.662222222222219 ], [ 0.821388888888889, 50.421388888888885 ], [ 0.769722222222222, 50.401388888888889 ], [ 0.571111111111111, 50.55833333333333 ] ] ] } },
{ "type": "Feature", "properties": { "fir": "EGTT", "identifier": "EGTT:S18 3:000-295", "name": "S18 3", "level_lower": 0, "level_upper": 295 }, "geometry": { "type": "Polygon", "coordinates": [ [ [ -0.535833333333333, 50.499166666666667 ], [ 0.251944444444444, 50.436944444444443 ], [ 0.571111111111111, 50.55833333333333 ], [ 0.769722222222222, 50.401388888888889 ], [ 0.096111111111111, 50.137777777777778 ], [ -0.25, 50.0 ], [ -0.533333333333333, 50.0 ], [ -0.535833333333333, 50.499166666666667 ] ] ] } },
{ "type": "Feature", "properties": { "fir": "EGTT", "identifier": "EGTT:S2 1:305-660", "name": "S2 1", "level_lower": 305, "level_upper": 660 }, "geometry": { "type": "Polygon", "coordinates": [ [ [ -1.207222222222222, 52.0 ], [ -0.998888888888889, 52.088611111111113 ], [ -0.970555555555556, 52.100833333333334 ], [ -0.828333333333333, 52.160833333333329 ], [ -0.637222222222222, 52.08 ], [ -0.240277777777778, 51.909166666666664 ], [ -0.13, 51.938611111111108 ], [ 0.256666666666667, 52.041111111111107 ], [ 0.601944444444444, 51.738055555555555 ], [ 0.925555555555555, 51.449444444444438 ], [ 0.833333333333333, 51.45066666666667 ], [ 0.799444444444444, 51.451111111111111 ], [ 1.308888888888889, 51.018055555555556 ], [ 1.465, 50.905277777777776 ], [ 1.734722222222222, 50.712222222222223 ], [ 1.636388888888889, 50.656944444444441 ], [ 1.538333333333333, 50.601666666666667 ], [ 1.454722222222222, 50.662222222222219 ], [ 1.086666666666667, 50.925 ], [ 1.032222222222222, 50.948888888888888 ], [ 0.965, 50.978333333333332 ], [ 0.815277777777778, 51.043888888888887 ], [ 0.023611111111111, 50.984444444444442 ], [ -0.0275, 51.023611111111109 ], [ -0.190277777777778, 51.148055555555558 ], [ -0.304483333333333, 51.217916666666667 ], [ -0.446388888888889, 51.304722222222217 ], [ -0.466666666666667, 51.487222222222222 ], [ -0.9625, 51.853055555555557 ], [ -1.207222222222222, 52.0 ] ] ] } },
{ "type": "Feature", "properties": { "fir": "EGTT", "identifier": "EGTT:S2 2:355-660", "name": "S2 2", "level_lower": 355, "level_upper": 660 }, "geometry": { "type": "Polygon", "coordinates": [ [ [ 1.086666666666667, 50.925 ], [ 1.032222222222222, 50.948888888888888 ], [ 0.965, 50.978333333333332 ], [ 0.815277777777778, 51.043888888888887 ], [ 0.023611111111111, 50.984444444444442 ], [ 0.980555555555556, 50.771388888888886 ], [ 1.454722222222222, 50.662222222222219 ], [ 1.086666666666667, 50.925 ] ] ] } },
{ "type": "Feature", "properties": { "fir": "EGTT", "identifier": "EGTT:S2 3:315-660", "name": "S2 3", "level_lower": 315, "level_upper": 660 }, "geometry": { "type": "Polygon", "coordinates": [ [ [ 1.466666666666667, 51.0 ], [ 1.465, 50.905277777777776 ], [ 1.308888888888889, 51.018055555555556 ], [ 0.799444444444444, 51.451111111111111 ], [ 0.833333333333333, 51.45066666666667 ], [ 0.925555555555555, 51.449444444444438 ], [ 1.521944444444444, 51.413888888888884 ], [ 1.611944444444445, 51.408333333333331 ], [ 2.0, 51.383333333333333 ], [ 2.0, 51.116666666666667 ], [ 1.825, 51.079166666666673 ], [ 1.7625, 51.065 ], [ 1.732222222222222, 51.058055555555555 ], [ 1.466666666666667, 51.0 ] ] ] } },
{ "type": "Feature", "properties": { "fir": "EGTT", "identifier": "EGTT:TC SE 1:000-195", "name": "TC SE 1", "level_lower": 0, "level_upper": 195 }, "geometry": { "type": "Polygon", "coordinates": [ [ [ 0.073055555555556, 51.257777777777775 ], [ 0.156944444444444, 51.292777777777779 ], [ 0.169444444444444, 51.2975 ], [ 0.55, 51.454166666666673 ], [ 0.799444444444444, 51.451111111111111 ], [ 0.833333333333333, 51.45066666666667 ], [ 0.925555555555555, 51.449444444444438 ], [ 1.521944444444444, 51.413888888888884 ], [ 1.466666666666667, 51.0 ], [ 1.465, 50.905277777777776 ], [ 1.454722222222222, 50.662222222222219 ], [ 1.086666666666667, 50.925 ], [ 1.032222222222222, 50.948888888888888 ], [ 0.980555555555556, 50.771388888888886 ], [ 0.961388888888889, 50.705277777777781 ], [ 0.571111111111111, 50.55833333333333 ], [ 0.121111111111111, 50.909166666666664 ], [ 0.023611111111111, 50.984444444444442 ], [ -0.0275, 51.023611111111109 ], [ 0.180972222222222, 51.100555555555559 ], [ 0.073055555555556, 51.257777777777775 ] ] ] } },
{ "type": "Feature", "properties": { "fir": "EGTT", "identifier": "EGTT:TC SE 5:000-135", "name": "TC SE 5", "level_lower": 0, "level_upper": 135 }, "geometry": { "type": "Polygon", "coordinates": [ [ [ 2.0, 51.116666666666667 ], [ 2.0, 51.383333333333333 ], [ 1.611944444444445, 51.408333333333331 ], [ 1.521944444444444, 51.413888888888884 ], [ 1.466666666666667, 51.0 ], [ 1.732222222222222, 51.058055555555555 ], [ 1.7625, 51.065 ], [ 1.825, 51.079166666666673 ], [ 2.0, 51.116666666666667 ] ] ] } },
{ "type": "Feature", "properties": { "fir": "EGTT", "identifier": "EGTT:TC SE 6:000-145", "name": "TC SE 6", "level_lower": 0, "level_upper": 145 }, "geometry": { "type": "Polygon", "coordinates": [ [ [ 0.571111111111111, 50.55833333333333 ], [ 0.961388888888889, 50.705277777777781 ], [ 0.980555555555556, 50.771388888888886 ], [ 1.032222222222222, 50.948888888888888 ], [ 1.086666666666667, 50.925 ], [ 1.454722222222222, 50.662222222222219 ], [ 0.821388888888889, 50.421388888888885 ], [ 0.769722222222222, 50.401388888888889 ], [ 0.571111111111111, 50.55833333333333 ] ] ] } },
{ "type": "Feature", "properties": { "fir": "LSAS", "identifier": "LSAS:LSASGE:000-115", "name": "LSASGE", "level_lower": 0, "level_upper": 115 }, "geometry": { "type": "Polygon", "coordinates": [ [ [ 6.954838888888889, 47.243161111111114 ], [ 7.174541666666667, 47.055636111111106 ], [ 7.271813888888889, 46.973416666666665 ], [ 7.320152777777778, 46.931272222222219 ], [ 7.429013888888889, 46.836236111111113 ], [ 7.504091666666667, 46.771052777777776 ], [ 7.194444444444445, 46.600555555555559 ], [ 7.064444444444444, 46.528611111111111 ], [ 6.953333333333333, 46.349444444444444 ], [ 6.911111111111111, 46.281111111111109 ], [ 6.929825, 46.260947222222221 ], [ 6.808152777777778, 46.288297222222219 ], [ 6.806944444444444, 46.320555555555558 ], [ 6.806861111111111, 46.32416666666667 ], [ 6.805277777777778, 46.358611111111109 ], [ 6.805, 46.367222222222225 ], [ 6.801388888888889, 46.469166666666666 ], [ 6.900555555555556, 46.545833333333334 ], [ 6.753611111111111, 46.657222222222224 ], [ 6.750555555555556, 46.676666666666662 ], [ 6.736666666666666, 46.680833333333332 ], [ 6.616944444444445, 46.715833333333336 ], [ 6.557222222222222, 46.733333333333334 ], [ 6.440008333333334, 46.76777222222222 ], [ 6.448941666666667, 46.773391666666669 ], [ 6.458477777777778, 46.788827777777776 ], [ 6.434791666666666, 46.80148055555555 ], [ 6.431041666666667, 46.812355555555555 ], [ 6.440827777777778, 46.8158 ], [ 6.439494444444445, 46.824011111111112 ], [ 6.443186111111111, 46.832752777777785 ], [ 6.459933333333334, 46.851391666666665 ], [ 6.464669444444445, 46.890369444444445 ], [ 6.4325, 46.925555555555555 ], [ 6.494444444444444, 46.973333333333336 ], [ 6.504694444444445, 46.965713888888892 ], [ 6.596261111111111, 46.992369444444442 ], [ 6.618147222222222, 46.991777777777777 ], [ 6.640069444444444, 47.002727777777778 ], [ 6.648055555555555, 47.014166666666668 ], [ 6.653333333333333, 47.021944444444443 ], [ 6.659444444444444, 47.0275 ], [ 6.66888888888889, 47.031666666666666 ], [ 6.674444444444445, 47.034722222222221 ], [ 6.686111111111112, 47.037777777777777 ], [ 6.695555555555556, 47.037222222222219 ], [ 6.705555555555556, 47.044166666666662 ], [ 6.72, 47.051666666666662 ], [ 6.713055555555556, 47.053333333333327 ], [ 6.708611111111111, 47.0575 ], [ 6.691061111111111, 47.067147222222225 ], [ 6.700461111111111, 47.070019444444448 ], [ 6.703630555555556, 47.082119444444444 ], [ 6.725891666666667, 47.091613888888894 ], [ 6.738033333333333, 47.089711111111114 ], [ 6.744916666666667, 47.092097222222222 ], [ 6.746625, 47.097588888888893 ], [ 6.741547222222223, 47.103225 ], [ 6.740111111111111, 47.108925 ], [ 6.739516666666667, 47.109966666666665 ], [ 6.746202777777778, 47.109819444444447 ], [ 6.752319444444445, 47.114863888888891 ], [ 6.766408333333334, 47.120975 ], [ 6.776222222222223, 47.121330555555559 ], [ 6.778697222222222, 47.12355 ], [ 6.805716666666666, 47.130808333333334 ], [ 6.807638888888889, 47.135405555555558 ], [ 6.815283333333333, 47.135583333333329 ], [ 6.81925, 47.1401 ], [ 6.824111111111111, 47.141747222222222 ], [ 6.827352777777778, 47.14639722222222 ], [ 6.830122222222222, 47.146322222222224 ], [ 6.839108333333333, 47.150372222222224 ], [ 6.839922222222222, 47.154197222222223 ], [ 6.849130555555555, 47.156180555555551 ], [ 6.858791666666666, 47.165177777777778 ], [ 6.843811111111111, 47.166147222222222 ], [ 6.840497222222222, 47.171755555555556 ], [ 6.86391111111111, 47.180566666666664 ], [ 6.866861111111112, 47.185577777777773 ], [ 6.873522222222222, 47.185655555555549 ], [ 6.872880555555556, 47.19015 ], [ 6.877788888888889, 47.195405555555553 ], [ 6.880144444444445, 47.200613888888888 ], [ 6.907122222222222, 47.214838888888892 ], [ 6.908355555555556, 47.217233333333333 ], [ 6.922419444444444, 47.221772222222221 ], [ 6.926994444444444, 47.225555555555559 ], [ 6.926733333333334, 47.227891666666672 ], [ 6.930533333333334, 47.230552777777781 ], [ 6.940558333333334, 47.231586111111113 ], [ 6.942613888888889, 47.23789166666667 ], [ 6.954838888888889, 47.243161111111114 ] ] ] } },
{ "type": "Feature", "properties": { "fir": "LSAS", "identifier": "LSAS:LSASGE:195-245", "name": "LSASGE", "level_lower": 195, "level_upper": 245 }, "geometry": { "type": "Polygon", "coordinates": [ [ [ 6.954838888888889, 47.243161111111114 ], [ 7.174541666666667, 47.055636111111106 ], [ 7.271813888888889, 46.973416666666665 ], [ 7.320152777777778, 46.931272222222219 ], [ 7.429013888888889, 46.836236111111113 ], [ 7.504091666666667, 46.771052777777776 ], [ 7.53505, 46.744019444444447 ], [ 7.585327777777778, 46.700336111111113 ], [ 7.802616666666666, 46.509805555555559 ], [ 7.665277777777778, 46.3925 ], [ 7.379722222222222, 46.159444444444446 ], [ 6.929825, 46.260947222222221 ], [ 6.861388888888889, 46.276388888888889 ], [ 6.808152777777778, 46.288297222222219 ], [ 6.364922222222222, 46.387461111111108 ], [ 6.392036111111111, 46.743127777777779 ], [ 6.400077777777778, 46.779466666666664 ], [ 6.4325, 46.925555555555555 ], [ 6.494444444444444, 46.973333333333336 ], [ 6.700461111111111, 47.070019444444448 ], [ 6.703630555555556, 47.082119444444444 ], [ 6.725891666666667, 47.091613888888894 ], [ 6.738033333333333, 47.089711111111114 ], [ 6.744916666666667, 47.092097222222222 ], [ 6.746625, 47.097588888888893 ], [ 6.741547222222223, 47.103225 ], [ 6.740111111111111, 47.108925 ], [ 6.739516666666667, 47.109966666666665 ], [ 6.746202777777778, 47.109819444444447 ], [ 6.752319444444445, 47.114863888888891 ], [ 6.766408333333334, 47.120975 ], [ 6.776222222222223, 47.121330555555559 ], [ 6.778697222222222, 47.12355 ], [ 6.805716666666666, 47.130808333333334 ], [ 6.807638888888889, 47.135405555555558 ], [ 6.815283333333333, 47.135583333333329 ], [ 6.81925, 47.1401 ], [ 6.824111111111111, 47.141747222222222 ], [ 6.827352777777778, 47.14639722222222 ], [ 6.830122222222222, 47.146322222222224 ], [ 6.839108333333333, 47.150372222222224 ], [ 6.839922222222222, 47.154197222222223 ], [ 6.849130555555555, 47.156180555555551 ], [ 6.858791666666666, 47.165177777777778 ], [ 6.843811111111111, 47.166147222222222 ], [ 6.840497222222222, 47.171755555555556 ], [ 6.86391111111111, 47.180566666666664 ], [ 6.866861111111112, 47.185577777777773 ], [ 6.873522222222222, 47.185655555555549 ], [ 6.872880555555556, 47.19015 ], [ 6.877788888888889, 47.195405555555553 ], [ 6.880144444444445, 47.200613888888888 ], [ 6.907122222222222, 47.214838888888892 ], [ 6.908355555555556, 47.217233333333333 ], [ 6.922419444444444, 47.221772222222221 ], [ 6.926994444444444, 47.225555555555559 ], [ 6.926733333333334, 47.227891666666672 ], [ 6.930533333333334, 47.230552777777781 ], [ 6.940558333333334, 47.231586111111113 ], [ 6.942613888888889, 47.23789166666667 ], [ 6.954838888888889, 47.243161111111114 ] ] ] } },
{ "type": "Feature", "properties": { "fir": "LSAS", "identifier": "LSAS:LSASGE:155-195", "name": "LSASGE", "level_lower": 155, "level_upper": 195 }, "geometry": { "type": "Polygon", "coordinates": [ [ [ 6.954838888888889, 47.243161111111114 ], [ 7.174541666666667, 47.055636111111106 ], [ 7.271813888888889, 46.973416666666665 ], [ 7.320152777777778, 46.931272222222219 ], [ 7.429013888888889, 46.836236111111113 ], [ 7.504091666666667, 46.771052777777776 ], [ 7.194444444444445, 46.600555555555559 ], [ 7.064444444444444, 46.528611111111111 ], [ 6.953333333333333, 46.349444444444444 ], [ 6.911111111111111, 46.281111111111109 ], [ 6.929825, 46.260947222222221 ], [ 6.861388888888889, 46.276388888888889 ], [ 6.808152777777778, 46.288297222222219 ], [ 6.364922222222222, 46.387461111111108 ], [ 6.392036111111111, 46.743127777777779 ], [ 6.400077777777778, 46.779466666666664 ], [ 6.4325, 46.925555555555555 ], [ 6.494444444444444, 46.973333333333336 ], [ 6.700461111111111, 47.070019444444448 ], [ 6.703630555555556, 47.082119444444444 ], [ 6.725891666666667, 47.091613888888894 ], [ 6.738033333333333, 47.089711111111114 ], [ 6.744916666666667, 47.092097222222222 ], [ 6.746625, 47.097588888888893 ], [ 6.741547222222223, 47.103225 ], [ 6.740111111111111, 47.108925 ], [ 6.739516666666667, 47.109966666666665 ], [ 6.746202777777778, 47.109819444444447 ], [ 6.752319444444445, 47.114863888888891 ], [ 6.766408333333334, 47.120975 ], [ 6.776222222222223, 47.121330555555559 ], [ 6.778697222222222, 47.12355 ], [ 6.805716666666666, 47.130808333333334 ], [ 6.807638888888889, 47.135405555555558 ], [ 6.815283333333333, 47.135583333333329 ], [ 6.81925, 47.1401 ], [ 6.824111111111111, 47.141747222222222 ], [ 6.827352777777778, 47.14639722222222 ], [ 6.830122222222222, 47.146322222222224 ], [ 6.839108333333333, 47.150372222222224 ], [ 6.839922222222222, 47.154197222222223 ], [ 6.849130555555555, 47.156180555555551 ], [ 6.858791666666666, 47.165177777777778 ], [ 6.843811111111111, 47.166147222222222 ], [ 6.840497222222222, 47.171755555555556 ], [ 6.86391111111111, 47.180566666666664 ], [ 6.866861111111112, 47.185577777777773 ], [ 6.873522222222222, 47.185655555555549 ], [ 6.872880555555556, 47.19015 ], [ 6.877788888888889, 47.195405555555553 ], [ 6.880144444444445, 47.200613888888888 ], [ 6.907122222222222, 47.214838888888892 ], [ 6.908355555555556, 47.217233333333333 ], [ 6.922419444444444, 47.221772222222221 ], [ 6.926994444444444, 47.225555555555559 ], [ 6.926733333333334, 47.227891666666672 ], [ 6.930533333333334, 47.230552777777781 ], [ 6.940558333333334, 47.231586111111113 ], [ 6.942613888888889, 47.23789166666667 ], [ 6.954838888888889, 47.243161111111114 ] ] ] } },
{ "type": "Feature", "properties": { "fir": "LSAS", "identifier": "LSAS:LSASGE:115-155", "name": "LSASGE", "level_lower": 115, "level_upper": 155 }, "geometry": { "type": "Polygon", "coordinates": [ [ [ 6.954838888888889, 47.243161111111114 ], [ 7.174541666666667, 47.055636111111106 ], [ 7.271813888888889, 46.973416666666665 ], [ 7.320152777777778, 46.931272222222219 ], [ 7.429013888888889, 46.836236111111113 ], [ 7.504091666666667, 46.771052777777776 ], [ 7.194444444444445, 46.600555555555559 ], [ 7.064444444444444, 46.528611111111111 ], [ 6.953333333333333, 46.349444444444444 ], [ 6.911111111111111, 46.281111111111109 ], [ 6.929825, 46.260947222222221 ], [ 6.808152777777778, 46.288297222222219 ], [ 6.806944444444444, 46.320555555555558 ], [ 6.806861111111111, 46.32416666666667 ], [ 6.805277777777778, 46.358611111111109 ], [ 6.805, 46.367222222222225 ], [ 6.801388888888889, 46.469166666666666 ], [ 6.900555555555556, 46.545833333333334 ], [ 6.753611111111111, 46.657222222222224 ], [ 6.750555555555556, 46.676666666666662 ], [ 6.736666666666666, 46.680833333333332 ], [ 6.616944444444445, 46.715833333333336 ], [ 6.557222222222222, 46.733333333333334 ], [ 6.440008333333334, 46.76777222222222 ], [ 6.400077777777778, 46.779466666666664 ], [ 6.4325, 46.925555555555555 ], [ 6.494444444444444, 46.973333333333336 ], [ 6.700461111111111, 47.070019444444448 ], [ 6.703630555555556, 47.082119444444444 ], [ 6.725891666666667, 47.091613888888894 ], [ 6.738033333333333, 47.089711111111114 ], [ 6.744916666666667, 47.092097222222222 ], [ 6.746625, 47.097588888888893 ], [ 6.741547222222223, 47.103225 ], [ 6.740111111111111, 47.108925 ], [ 6.739516666666667, 47.109966666666665 ], [ 6.746202777777778, 47.109819444444447 ], [ 6.752319444444445, 47.114863888888891 ], [ 6.766408333333334, 47.120975 ], [ 6.776222222222223, 47.121330555555559 ], [ 6.778697222222222, 47.12355 ], [ 6.805716666666666, 47.130808333333334 ], [ 6.807638888888889, 47.135405555555558 ], [ 6.815283333333333, 47.135583333333329 ], [ 6.81925, 47.1401 ], [ 6.824111111111111, 47.141747222222222 ], [ 6.827352777777778, 47.14639722222222 ], [ 6.830122222222222, 47.146322222222224 ], [ 6.839108333333333, 47.150372222222224 ], [ 6.839922222222222, 47.154197222222223 ], [ 6.849130555555555, 47.156180555555551 ], [ 6.858791666666666, 47.165177777777778 ], [ 6.843811111111111, 47.166147222222222 ], [ 6.840497222222222, 47.171755555555556 ], [ 6.86391111111111, 47.180566666666664 ], [ 6.866861111111112, 47.185577777777773 ], [ 6.873522222222222, 47.185655555555549 ], [ 6.872880555555556, 47.19015 ], [ 6.877788888888889, 47.195405555555553 ], [ 6.880144444444445, 47.200613888888888 ], [ 6.907122222222222, 47.214838888888892 ], [ 6.908355555555556, 47.217233333333333 ], [ 6.922419444444444, 47.221772222222221 ], [ 6.926994444444444, 47.225555555555559 ], [ 6.926733333333334, 47.227891666666672 ], [ 6.930533333333334, 47.230552777777781 ], [ 6.940558333333334, 47.231586111111113 ], [ 6.942613888888889, 47.23789166666667 ], [ 6.954838888888889, 47.243161111111114 ] ] ] } },
{ "type": "Feature", "properties": { "fir": "LSAS", "identifier": "LSAS:LSASGH:315-999", "name": "LSASGH", "level_lower": 315, "level_upper": 999 }, "geometry": { "type": "Polygon", "coordinates": [ [ [ 6.954838888888889, 47.243161111111114 ], [ 7.174541666666667, 47.055636111111106 ], [ 7.271813888888889, 46.973416666666665 ], [ 7.320152777777778, 46.931272222222219 ], [ 7.429013888888889, 46.836236111111113 ], [ 7.504091666666667, 46.771052777777776 ], [ 7.53505, 46.744019444444447 ], [ 7.585327777777778, 46.700336111111113 ], [ 7.802616666666666, 46.509805555555559 ], [ 7.991525, 46.514125 ], [ 8.223333333333333, 46.330833333333338 ], [ 8.211763888888887, 46.309469444444439 ], [ 8.195455555555556, 46.302591666666665 ], [ 8.179319444444443, 46.297847222222224 ], [ 8.15975, 46.29571111111111 ], [ 8.140180555555554, 46.303063888888886 ], [ 8.080277777777777, 46.260555555555555 ], [ 8.109969444444443, 46.249672222222223 ], [ 8.115805555555555, 46.236377777777776 ], [ 8.138808333333333, 46.225688888888889 ], [ 8.153227777777778, 46.191475 ], [ 8.166616666666666, 46.181730555555554 ], [ 8.165244444444445, 46.1765 ], [ 8.151511111111111, 46.165802777777778 ], [ 8.153569444444445, 46.14725277777778 ], [ 8.147391666666666, 46.139402777777775 ], [ 8.117177777777778, 46.131075 ], [ 8.109969444444443, 46.1118 ], [ 8.034438888888889, 46.10085 ], [ 8.022077777777779, 46.074180555555557 ], [ 8.035125, 46.043688888888887 ], [ 8.022077777777779, 46.038683333333331 ], [ 8.013494444444444, 46.030580555555552 ], [ 8.012808333333334, 46.011508333333332 ], [ 8.00113611111111, 46.012222222222221 ], [ 7.9925, 46.003888888888888 ], [ 7.989463888888889, 45.996483333333337 ], [ 7.966666666666667, 46.0 ], [ 7.907222222222223, 45.994444444444447 ], [ 7.894105555555555, 45.978533333333338 ], [ 7.878225, 45.9737 ], [ 7.877222222222223, 45.954444444444448 ], [ 7.876852777777779, 45.948522222222216 ], [ 7.8705, 45.947805555555554 ], [ 7.868441666666667, 45.93610833333333 ], [ 7.877025, 45.927152777777778 ], [ 7.87238888888889, 45.920466666666663 ], [ 7.862605555555556, 45.917122222222218 ], [ 7.820375, 45.927033333333334 ], [ 7.803211111111111, 45.921063888888888 ], [ 7.766988888888889, 45.937302777777774 ], [ 7.748105555555556, 45.940166666666663 ], [ 7.734375, 45.924886111111107 ], [ 7.719611111111111, 45.923452777777776 ], [ 7.707252777777778, 45.935152777777773 ], [ 7.710341666666666, 45.948044444444442 ], [ 7.699011111111111, 45.954727777777784 ], [ 7.681158333333333, 45.957116666666671 ], [ 7.667769444444445, 45.974775 ], [ 7.658155555555556, 45.976683333333334 ], [ 7.638586111111111, 45.969525 ], [ 7.619016666666667, 45.97215 ], [ 7.609061111111111, 45.968811111111116 ], [ 7.581938888888889, 45.971911111111112 ], [ 7.576444444444444, 45.986941666666667 ], [ 7.546575, 45.98575 ], [ 7.545, 45.97 ], [ 7.545888888888888, 45.961172222222224 ], [ 7.538680555555556, 45.954966666666671 ], [ 7.5222, 45.957591666666673 ], [ 7.517736111111111, 45.962127777777781 ], [ 7.507438888888889, 45.958188888888891 ], [ 7.499025, 45.962247222222224 ], [ 7.496111111111111, 45.959722222222226 ], [ 7.471475, 45.94745 ], [ 7.474994444444444, 45.93610833333333 ], [ 7.450833333333334, 45.925555555555555 ], [ 7.345833333333333, 45.796388888888885 ], [ 7.208055555555556, 45.652777777777779 ], [ 7.148472222222223, 45.590277777777779 ], [ 7.088888888888889, 45.527777777777779 ], [ 7.055277777777778, 45.4925 ], [ 7.021111111111111, 45.456388888888888 ], [ 7.153333333333333, 45.354166666666671 ], [ 7.156388888888889, 45.185833333333328 ], [ 7.157777777777778, 45.106111111111112 ], [ 7.16, 44.980277777777779 ], [ 7.128055555555555, 44.813888888888883 ], [ 7.0125, 44.8 ], [ 6.766666666666667, 44.8 ], [ 6.662497222222223, 44.990277777777777 ], [ 6.399172222222223, 45.465811111111115 ], [ 6.339722222222222, 45.572222222222223 ], [ 6.333333333333333, 45.583333333333336 ], [ 6.259761111111112, 45.652891666666662 ], [ 6.230555555555556, 45.680277777777775 ], [ 6.132441666666666, 45.772211111111112 ], [ 6.096555555555555, 45.80640833333333 ], [ 6.05, 45.85 ], [ 5.826938888888889, 46.020352777777774 ], [ 5.7, 46.116666666666667 ], [ 5.133333333333334, 46.233333333333334 ], [ 5.150525, 46.393797222222219 ], [ 5.161666666666667, 46.5 ], [ 5.183333333333334, 46.7 ], [ 5.41923888888889, 46.700169444444448 ], [ 5.462266666666667, 46.700147222222228 ], [ 5.583333333333333, 46.7 ], [ 5.820555555555555, 46.8725 ], [ 5.894027777777778, 46.92552222222222 ], [ 5.951111111111111, 46.966666666666669 ], [ 6.239166666666667, 47.063333333333333 ], [ 6.700461111111111, 47.070019444444448 ], [ 6.703630555555556, 47.082119444444444 ], [ 6.725891666666667, 47.091613888888894 ], [ 6.738033333333333, 47.089711111111114 ], [ 6.744916666666667, 47.092097222222222 ], [ 6.746625, 47.097588888888893 ], [ 6.741547222222223, 47.103225 ], [ 6.740111111111111, 47.108925 ], [ 6.739516666666667, 47.109966666666665 ], [ 6.746202777777778, 47.109819444444447 ], [ 6.752319444444445, 47.114863888888891 ], [ 6.766408333333334, 47.120975 ], [ 6.776222222222223, 47.121330555555559 ], [ 6.778697222222222, 47.12355 ], [ 6.805716666666666, 47.130808333333334 ], [ 6.807638888888889, 47.135405555555558 ], [ 6.815283333333333, 47.135583333333329 ], [ 6.81925, 47.1401 ], [ 6.824111111111111, 47.141747222222222 ], [ 6.827352777777778, 47.14639722222222 ], [ 6.830122222222222, 47.146322222222224 ], [ 6.839108333333333, 47.150372222222224 ], [ 6.839922222222222, 47.154197222222223 ], [ 6.849130555555555, 47.156180555555551 ], [ 6.858791666666666, 47.165177777777778 ], [ 6.843811111111111, 47.166147222222222 ], [ 6.840497222222222, 47.171755555555556 ], [ 6.86391111111111, 47.180566666666664 ], [ 6.866861111111112, 47.185577777777773 ], [ 6.873522222222222, 47.185655555555549 ], [ 6.872880555555556, 47.19015 ], [ 6.877788888888889, 47.195405555555553 ], [ 6.880144444444445, 47.200613888888888 ], [ 6.907122222222222, 47.214838888888892 ], [ 6.908355555555556, 47.217233333333333 ], [ 6.922419444444444, 47.221772222222221 ], [ 6.926994444444444, 47.225555555555559 ], [ 6.926733333333334, 47.227891666666672 ], [ 6.930533333333334, 47.230552777777781 ], [ 6.940558333333334, 47.231586111111113 ], [ 6.942613888888889, 47.23789166666667 ], [ 6.954838888888889, 47.243161111111114 ] ] ] } },
{ "type": "Feature", "properties": { "fir": "LSAS", "identifier": "LSAS:LSASGM:245-315", "name": "LSASGM", "level_lower": 245, "level_upper": 315 }, "geometry": { "type": "Polygon", "coordinates": [ [ [ 6.954838888888889, 47.243161111111114 ], [ 7.174541666666667, 47.055636111111106 ], [ 7.271813888888889, 46.973416666666665 ], [ 7.320152777777778, 46.931272222222219 ], [ 7.429013888888889, 46.836236111111113 ], [ 7.504091666666667, 46.771052777777776 ], [ 7.53505, 46.744019444444447 ], [ 7.585327777777778, 46.700336111111113 ], [ 7.802616666666666, 46.509805555555559 ], [ 7.991525, 46.514125 ], [ 8.223333333333333, 46.330833333333338 ], [ 8.211763888888887, 46.309469444444439 ], [ 8.195455555555556, 46.302591666666665 ], [ 8.179319444444443, 46.297847222222224 ], [ 8.15975, 46.29571111111111 ], [ 8.140180555555554, 46.303063888888886 ], [ 8.080277777777777, 46.260555555555555 ], [ 8.109969444444443, 46.249672222222223 ], [ 8.115805555555555, 46.236377777777776 ], [ 8.138808333333333, 46.225688888888889 ], [ 8.153227777777778, 46.191475 ], [ 8.166616666666666, 46.181730555555554 ], [ 8.165244444444445, 46.1765 ], [ 8.151511111111111, 46.165802777777778 ], [ 8.153569444444445, 46.14725277777778 ], [ 8.147391666666666, 46.139402777777775 ], [ 8.117177777777778, 46.131075 ], [ 8.109969444444443, 46.1118 ], [ 8.034438888888889, 46.10085 ], [ 8.022077777777779, 46.074180555555557 ], [ 8.035125, 46.043688888888887 ], [ 8.022077777777779, 46.038683333333331 ], [ 8.013494444444444, 46.030580555555552 ], [ 8.012808333333334, 46.011508333333332 ], [ 8.00113611111111, 46.012222222222221 ], [ 7.9925, 46.003888888888888 ], [ 7.989463888888889, 45.996483333333337 ], [ 7.966666666666667, 46.0 ], [ 7.907222222222223, 45.994444444444447 ], [ 7.894105555555555, 45.978533333333338 ], [ 7.878225, 45.9737 ], [ 7.877222222222223, 45.954444444444448 ], [ 7.876852777777779, 45.948522222222216 ], [ 7.8705, 45.947805555555554 ], [ 7.868441666666667, 45.93610833333333 ], [ 7.877025, 45.927152777777778 ], [ 7.87238888888889, 45.920466666666663 ], [ 7.862605555555556, 45.917122222222218 ], [ 7.820375, 45.927033333333334 ], [ 7.803211111111111, 45.921063888888888 ], [ 7.766988888888889, 45.937302777777774 ], [ 7.748105555555556, 45.940166666666663 ], [ 7.734375, 45.924886111111107 ], [ 7.719611111111111, 45.923452777777776 ], [ 7.707252777777778, 45.935152777777773 ], [ 7.710341666666666, 45.948044444444442 ], [ 7.699011111111111, 45.954727777777784 ], [ 7.681158333333333, 45.957116666666671 ], [ 7.667769444444445, 45.974775 ], [ 7.658155555555556, 45.976683333333334 ], [ 7.638586111111111, 45.969525 ], [ 7.619016666666667, 45.97215 ], [ 7.609061111111111, 45.968811111111116 ], [ 7.581938888888889, 45.971911111111112 ], [ 7.576444444444444, 45.986941666666667 ], [ 7.546575, 45.98575 ], [ 7.545, 45.97 ], [ 7.545888888888888, 45.961172222222224 ], [ 7.538680555555556, 45.954966666666671 ], [ 7.5222, 45.957591666666673 ], [ 7.517736111111111, 45.962127777777781 ], [ 7.507438888888889, 45.958188888888891 ], [ 7.499025, 45.962247222222224 ], [ 7.496111111111111, 45.959722222222226 ], [ 7.471475, 45.94745 ], [ 7.474994444444444, 45.93610833333333 ], [ 7.450833333333334, 45.925555555555555 ], [ 7.345833333333333, 45.796388888888885 ], [ 7.208055555555556, 45.652777777777779 ], [ 7.148472222222223, 45.590277777777779 ], [ 7.088888888888889, 45.527777777777779 ], [ 7.055277777777778, 45.4925 ], [ 7.021111111111111, 45.456388888888888 ], [ 7.153333333333333, 45.354166666666671 ], [ 7.156388888888889, 45.185833333333328 ], [ 7.157777777777778, 45.106111111111112 ], [ 7.16, 44.980277777777779 ], [ 7.128055555555555, 44.813888888888883 ], [ 7.0125, 44.8 ], [ 6.766666666666667, 44.8 ], [ 6.662497222222223, 44.990277777777777 ], [ 6.399172222222223, 45.465811111111115 ], [ 6.339722222222222, 45.572222222222223 ], [ 6.333333333333333, 45.583333333333336 ], [ 6.259761111111112, 45.652891666666662 ], [ 6.230555555555556, 45.680277777777775 ], [ 6.132441666666666, 45.772211111111112 ], [ 6.096555555555555, 45.80640833333333 ], [ 6.05, 45.85 ], [ 5.826938888888889, 46.020352777777774 ], [ 5.7, 46.116666666666667 ], [ 5.133333333333334, 46.233333333333334 ], [ 5.150525, 46.393797222222219 ], [ 5.161666666666667, 46.5 ], [ 5.183333333333334, 46.7 ], [ 5.41923888888889, 46.700169444444448 ], [ 5.462266666666667, 46.700147222222228 ], [ 5.583333333333333, 46.7 ], [ 5.820555555555555, 46.8725 ], [ 5.894027777777778, 46.92552222222222 ], [ 5.951111111111111, 46.966666666666669 ], [ 6.239166666666667, 47.063333333333333 ], [ 6.700461111111111, 47.070019444444448 ], [ 6.703630555555556, 47.082119444444444 ], [ 6.725891666666667, 47.091613888888894 ], [ 6.738033333333333, 47.089711111111114 ], [ 6.744916666666667, 47.092097222222222 ], [ 6.746625, 47.097588888888893 ], [ 6.741547222222223, 47.103225 ], [ 6.740111111111111, 47.108925 ], [ 6.739516666666667, 47.109966666666665 ], [ 6.746202777777778, 47.109819444444447 ], [ 6.752319444444445, 47.114863888888891 ], [ 6.766408333333334, 47.120975 ], [ 6.776222222222223, 47.121330555555559 ], [ 6.778697222222222, 47.12355 ], [ 6.805716666666666, 47.130808333333334 ], [ 6.807638888888889, 47.135405555555558 ], [ 6.815283333333333, 47.135583333333329 ], [ 6.81925, 47.1401 ], [ 6.824111111111111, 47.141747222222222 ], [ 6.827352777777778, 47.14639722222222 ], [ 6.830122222222222, 47.146322222222224 ], [ 6.839108333333333, 47.150372222222224 ], [ 6.839922222222222, 47.154197222222223 ], [ 6.849130555555555, 47.156180555555551 ], [ 6.858791666666666, 47.165177777777778 ], [ 6.843811111111111, 47.166147222222222 ], [ 6.840497222222222, 47.171755555555556 ], [ 6.86391111111111, 47.180566666666664 ], [ 6.866861111111112, 47.185577777777773 ], [ 6.873522222222222, 47.185655555555549 ], [ 6.872880555555556, 47.19015 ], [ 6.877788888888889, 47.195405555555553 ], [ 6.880144444444445, 47.200613888888888 ], [ 6.907122222222222, 47.214838888888892 ], [ 6.908355555555556, 47.217233333333333 ], [ 6.922419444444444, 47.221772222222221 ], [ 6.926994444444444, 47.225555555555559 ], [ 6.926733333333334, 47.227891666666672 ], [ 6.930533333333334, 47.230552777777781 ], [ 6.940558333333334, 47.231586111111113 ], [ 6.942613888888889, 47.23789166666667 ], [ 6.954838888888889, 47.243161111111114 ] ] ] } },
{ "type": "Feature", "properties": { "fir": "LSAS", "identifier": "LSAS:LSASGN:065-155", "name": "LSASGN", "level_lower": 65, "level_upper": 155 }, "geometry": { "type": "Polygon", "coordinates": [ [ [ 6.400077777777778, 46.779466666666664 ], [ 5.894027777777778, 46.92552222222222 ], [ 5.820555555555555, 46.8725 ], [ 5.583333333333333, 46.7 ], [ 5.462266666666667, 46.700147222222228 ], [ 5.41923888888889, 46.700169444444448 ], [ 5.433333333333334, 46.68333333333333 ], [ 5.586111111111111, 46.5 ], [ 5.606111111111111, 46.477222222222224 ], [ 5.81535, 46.4907 ], [ 5.890722222222221, 46.495555555555555 ], [ 6.110866666666666, 46.576225 ], [ 6.132222222222222, 46.589752777777782 ], [ 6.210288888888889, 46.639713888888892 ], [ 6.275008333333333, 46.683325 ], [ 6.392036111111111, 46.743127777777779 ], [ 6.440008333333334, 46.76777222222222 ], [ 6.400077777777778, 46.779466666666664 ] ] ] } },
{ "type": "Feature", "properties": { "fir": "LSAS", "identifier": "LSAS:LSASGN:195-245", "name": "LSASGN", "level_lower": 195, "level_upper": 245 }, "geometry": { "type": "Polygon", "coordinates": [ [ [ 6.494444444444444, 46.973333333333336 ], [ 6.4325, 46.925555555555555 ], [ 6.400077777777778, 46.779466666666664 ], [ 6.392036111111111, 46.743127777777779 ], [ 6.364922222222222, 46.387461111111108 ], [ 6.147222222222223, 46.239166666666669 ], [ 6.022222222222222, 46.154444444444444 ], [ 5.919744444444444, 46.220222222222226 ], [ 5.7, 46.116666666666667 ], [ 5.133333333333334, 46.233333333333334 ], [ 5.150525, 46.393797222222219 ], [ 5.161666666666667, 46.5 ], [ 5.183333333333334, 46.7 ], [ 5.41923888888889, 46.700169444444448 ], [ 5.462266666666667, 46.700147222222228 ], [ 5.583333333333333, 46.7 ], [ 5.820555555555555, 46.8725 ], [ 5.894027777777778, 46.92552222222222 ], [ 5.951111111111111, 46.966666666666669 ], [ 6.239166666666667, 47.063333333333333 ], [ 6.700461111111111, 47.070019444444448 ], [ 6.494444444444444, 46.973333333333336 ] ] ] } },
{ "type": "Feature", "properties": { "fir": "LSAS", "identifier": "LSAS:LSASGN:155-195", "name": "LSASGN", "level_lower": 155, "level_upper": 195 }, "geometry": { "type": "Polygon", "coordinates": [ [ [ 6.494444444444444, 46.973333333333336 ], [ 6.4325, 46.925555555555555 ], [ 6.400077777777778, 46.779466666666664 ], [ 6.392036111111111, 46.743127777777779 ], [ 6.364922222222222, 46.387461111111108 ], [ 6.147222222222223, 46.239166666666669 ], [ 6.132222222222222, 46.253888888888888 ], [ 6.049722222222222, 46.336666666666666 ], [ 5.932777777777778, 46.226388888888891 ], [ 5.7, 46.116666666666667 ], [ 5.570555555555555, 46.060277777777777 ], [ 5.576388888888888, 46.237222222222222 ], [ 5.407777777777778, 46.363333333333337 ], [ 5.21865, 46.5 ], [ 5.161666666666667, 46.5 ], [ 5.183333333333334, 46.7 ], [ 5.41923888888889, 46.700169444444448 ], [ 5.462266666666667, 46.700147222222228 ], [ 5.583333333333333, 46.7 ], [ 5.820555555555555, 46.8725 ], [ 5.894027777777778, 46.92552222222222 ], [ 5.951111111111111, 46.966666666666669 ], [ 6.239166666666667, 47.063333333333333 ], [ 6.700461111111111, 47.070019444444448 ], [ 6.494444444444444, 46.973333333333336 ] ] ] } },
{ "type": "Feature", "properties": { "fir": "LSAS", "identifier": "LSAS:LSASGN:145-155", "name": "LSASGN", "level_lower": 145, "level_upper": 155 }, "geometry": { "type": "Polygon", "coordinates": [ [ [ 5.183333333333334, 46.7 ], [ 5.41923888888889, 46.700169444444448 ], [ 5.433333333333334, 46.68333333333333 ], [ 5.586111111111111, 46.5 ], [ 5.606111111111111, 46.477222222222224 ], [ 5.407777777777778, 46.363333333333337 ], [ 5.21865, 46.5 ], [ 5.161666666666667, 46.5 ], [ 5.183333333333334, 46.7 ] ] ] } },
{ "type": "Feature", "properties": { "fir": "LSAS", "identifier": "LSAS:LSASGN:115-155", "name": "LSASGN", "level_lower": 115, "level_upper": 155 }, "geometry": { "type": "Polygon", "coordinates": [ [ [ 6.400077777777778, 46.779466666666664 ], [ 5.894027777777778, 46.92552222222222 ], [ 5.951111111111111, 46.966666666666669 ], [ 6.239166666666667, 47.063333333333333 ], [ 6.700461111111111, 47.070019444444448 ], [ 6.494444444444444, 46.973333333333336 ], [ 6.4325, 46.925555555555555 ], [ 6.400077777777778, 46.779466666666664 ] ] ] } },
{ "type": "Feature", "properties": { "fir": "LSAS", "identifier": "LSAS:LSASZ:245-315", "name": "LSASZ", "level_lower": 245, "level_upper": 315 }, "geometry": { "type": "Polygon", "coordinates": [ [ [ 7.590555555555556, 48.015 ], [ 8.295833333333333, 47.833333333333336 ], [ 8.616666666666667, 47.833333333333336 ], [ 8.858333333333333, 47.833333333333336 ], [ 9.136944444444444, 47.890277777777776 ], [ 9.55, 47.89 ], [ 9.55, 47.833333333333336 ], [ 9.55, 47.8 ], [ 9.733055555555556, 47.533611111111107 ], [ 9.924722222222222, 47.336666666666666 ], [ 9.9825, 47.276666666666664 ], [ 10.141388888888889, 47.110277777777782 ], [ 10.1925, 47.0875 ], [ 10.389444444444443, 47.000555555555557 ], [ 10.427397222222222, 46.973225 ], [ 10.421905555555554, 46.959636111111116 ], [ 10.490569444444443, 46.937136111111109 ], [ 10.467222222222222, 46.883191666666669 ], [ 10.469652777777778, 46.854913888888888 ], [ 10.450055555555554, 46.801469444444443 ], [ 10.42465, 46.788775 ], [ 10.44525, 46.758677777777777 ], [ 10.401991666666667, 46.733269444444446 ], [ 10.419158333333332, 46.712088888888893 ], [ 10.382766666666667, 46.684302777777773 ], [ 10.403363888888888, 46.635291666666667 ], [ 10.447311111111111, 46.640477777777775 ], [ 10.491255555555554, 46.614072222222227 ], [ 10.479166666666666, 46.562222222222218 ], [ 10.452116666666665, 46.531466666666667 ], [ 10.419844444444443, 46.551302777777778 ], [ 10.397186111111111, 46.542802777777773 ], [ 10.354613888888888, 46.555080555555556 ], [ 10.339505555555556, 46.54185833333333 ], [ 10.327147222222221, 46.549416666666666 ], [ 10.294875, 46.549888888888887 ], [ 10.292127777777777, 46.566413888888889 ], [ 10.272216666666667, 46.577269444444447 ], [ 10.252302777777778, 46.571605555555557 ], [ 10.242688888888887, 46.590483333333339 ], [ 10.259169444444444, 46.60935555555556 ], [ 10.238569444444444, 46.63435 ], [ 10.217283333333333, 46.618316666666665 ], [ 10.193252777777777, 46.624447222222223 ], [ 10.129394444444445, 46.605111111111114 ], [ 10.101241666666667, 46.608883333333331 ], [ 10.094030555555555, 46.577741666666668 ], [ 10.048369444444445, 46.535247222222218 ], [ 10.043333333333333, 46.478333333333332 ], [ 10.039441666666667, 46.44655 ], [ 10.056608333333335, 46.440222222222218 ], [ 10.063819444444444, 46.426025 ], [ 10.078238888888889, 46.428155555555556 ], [ 10.079611111111111, 46.422475 ], [ 10.101241666666667, 46.421055555555554 ], [ 10.129394444444445, 46.431230555555551 ], [ 10.143469444444444, 46.427680555555554 ], [ 10.148619444444444, 46.414191666666667 ], [ 10.160291666666668, 46.415611111111112 ], [ 10.165786111111112, 46.407563888888888 ], [ 10.160291666666668, 46.387911111111109 ], [ 10.143125, 46.386488888888891 ], [ 10.12836388888889, 46.377963888888893 ], [ 10.129394444444445, 46.360669444444447 ], [ 10.109825, 46.353088888888891 ], [ 10.104675, 46.33294166666667 ], [ 10.117719444444445, 46.312788888888889 ], [ 10.139005555555554, 46.304488888888883 ], [ 10.137633333333333, 46.301166666666667 ], [ 10.152394444444445, 46.293813888888884 ], [ 10.163725, 46.271747222222224 ], [ 10.172994444444443, 46.265813888888886 ], [ 10.176086111111111, 46.254894444444446 ], [ 10.151022222222222, 46.2397 ], [ 10.145872222222222, 46.229727777777782 ], [ 10.130422222222222, 46.224977777777781 ], [ 10.089911111111112, 46.227827777777783 ], [ 10.070341666666666, 46.2188 ], [ 10.043563888888889, 46.229727777777782 ], [ 10.062102777777778, 46.24825 ], [ 10.055922222222224, 46.26486666666667 ], [ 10.006944444444445, 46.286111111111111 ], [ 9.980736111111112, 46.323222222222228 ], [ 9.996183333333333, 46.351902777777781 ], [ 9.985541666666666, 46.352613888888889 ], [ 9.963225, 46.36398611111111 ], [ 9.958761111111111, 46.3782 ], [ 9.931638888888889, 46.373936111111114 ], [ 9.930952777777778, 46.368488888888891 ], [ 9.92546111111111, 46.365408333333335 ], [ 9.90735, 46.380925 ], [ 9.868125, 46.363038888888887 ], [ 9.832075, 46.361144444444449 ], [ 9.825894444444444, 46.354511111111115 ], [ 9.803925, 46.34503055555556 ], [ 9.786069444444445, 46.34052777777778 ], [ 9.777830555555557, 46.335075 ], [ 9.766844444444445, 46.336025 ], [ 9.743155555555555, 46.351666666666667 ], [ 9.722555555555555, 46.341475 ], [ 9.726675, 46.331994444444447 ], [ 9.719466666666667, 46.32725277777778 ], [ 9.71775, 46.322747222222226 ], [ 9.724958333333333, 46.319902777777784 ], [ 9.724958333333333, 46.309469444444439 ], [ 9.718436111111112, 46.306444444444445 ], [ 9.713972222222221, 46.292391666666667 ], [ 9.702641666666667, 46.291205555555557 ], [ 9.688225, 46.293577777777777 ], [ 9.676894444444445, 46.303302777777773 ], [ 9.642219444444445, 46.286461111111109 ], [ 9.618527777777778, 46.28811944444444 ], [ 9.610288888888888, 46.293813888888884 ], [ 9.584883333333334, 46.294288888888886 ], [ 9.551388888888889, 46.30694444444444 ], [ 9.535102777777778, 46.310416666666661 ], [ 9.514158333333333, 46.332230555555562 ], [ 9.498366666666666, 46.36398611111111 ], [ 9.4606, 46.376305555555554 ], [ 9.468497222222222, 46.38838611111111 ], [ 9.454077777777776, 46.418925 ], [ 9.461388888888887, 46.452777777777783 ], [ 9.462830555555556, 46.480072222222226 ], [ 9.449269444444445, 46.479952777777783 ], [ 9.449441666666667, 46.484091666666664 ], [ 9.461286111111111, 46.4848 ], [ 9.464033333333333, 46.508316666666666 ], [ 9.433822222222222, 46.49839166666667 ], [ 9.424208333333333, 46.476644444444446 ], [ 9.409102777777779, 46.467186111111111 ], [ 9.389875, 46.472861111111115 ], [ 9.369277777777778, 46.496027777777776 ], [ 9.374083333333333, 46.504063888888886 ], [ 9.363783333333332, 46.507844444444444 ], [ 9.355544444444444, 46.504063888888886 ], [ 9.33151111111111, 46.505008333333336 ], [ 9.283333333333333, 46.496944444444445 ], [ 9.275277777777779, 46.481944444444444 ], [ 9.277611111111112, 46.4608 ], [ 9.267311111111113, 46.452522222222228 ], [ 9.247397222222222, 46.447080555555551 ], [ 9.248427777777778, 46.432177777777774 ], [ 9.28001388888889, 46.414663888888889 ], [ 9.281730555555557, 46.40069722222222 ], [ 9.276922222222224, 46.395252777777777 ], [ 9.283788888888889, 46.385305555555554 ], [ 9.276580555555556, 46.373463888888892 ], [ 9.282761111111112, 46.3583 ], [ 9.29615, 46.355219444444444 ], [ 9.299238888888889, 46.342186111111111 ], [ 9.292027777777777, 46.337444444444444 ], [ 9.294433333333334, 46.330808333333337 ], [ 9.298552777777777, 46.326777777777778 ], [ 9.293744444444444, 46.316819444444448 ], [ 9.284475, 46.314211111111106 ], [ 9.282761111111112, 46.308994444444444 ], [ 9.284475, 46.297136111111108 ], [ 9.272461111111111, 46.289305555555551 ], [ 9.26833888888889, 46.282188888888889 ], [ 9.259069444444444, 46.278866666666666 ], [ 9.256666666666666, 46.268663888888888 ], [ 9.251175, 46.266288888888887 ], [ 9.248888888888889, 46.246388888888887 ], [ 9.246388888888887, 46.233333333333334 ], [ 9.235833333333332, 46.233333333333334 ], [ 9.221388888888889, 46.228611111111114 ], [ 9.2225, 46.223611111111111 ], [ 9.219166666666666, 46.214166666666671 ], [ 9.216666666666667, 46.211111111111116 ], [ 9.202222222222222, 46.208055555555561 ], [ 9.1975, 46.195833333333333 ], [ 9.195277777777777, 46.191666666666663 ], [ 9.197777777777778, 46.186944444444443 ], [ 9.195277777777777, 46.184166666666663 ], [ 9.194444444444445, 46.18138888888889 ], [ 9.115833333333333, 46.170555555555552 ], [ 9.042777777777777, 46.159722222222221 ], [ 9.038055555555555, 46.159166666666664 ], [ 8.968055555555555, 46.149166666666666 ], [ 8.680277777777777, 46.106666666666669 ], [ 8.658055555555556, 46.112777777777779 ], [ 8.647955555555555, 46.123341666666668 ], [ 8.612422222222222, 46.121319444444445 ], [ 8.610019444444443, 46.132741666666668 ], [ 8.596666666666668, 46.141111111111108 ], [ 8.593025, 46.145825 ], [ 8.602777777777778, 46.155555555555551 ], [ 8.588611111111112, 46.156388888888884 ], [ 8.584444444444445, 46.163055555555552 ], [ 8.5775, 46.161944444444444 ], [ 8.569722222222222, 46.168611111111112 ], [ 8.57, 46.176388888888887 ], [ 8.563055555555556, 46.184166666666663 ], [ 8.554444444444446, 46.186388888888885 ], [ 8.553611111111111, 46.191666666666663 ], [ 8.540833333333333, 46.197777777777773 ], [ 8.534722222222221, 46.208611111111111 ], [ 8.533333333333333, 46.218333333333334 ], [ 8.521666666666668, 46.221944444444446 ], [ 8.516666666666667, 46.219722222222224 ], [ 8.503055555555555, 46.225277777777777 ], [ 8.468397222222222, 46.232102777777783 ], [ 8.464277777777777, 46.244213888888886 ], [ 8.44265, 46.251572222222222 ], [ 8.447455555555555, 46.260355555555556 ], [ 8.456038888888887, 46.262966666666664 ], [ 8.427541666666666, 46.298322222222218 ], [ 8.439216666666667, 46.304488888888883 ], [ 8.444022222222223, 46.319427777777783 ], [ 8.453977777777776, 46.321325 ], [ 8.465308333333333, 46.334838888888889 ], [ 8.462561111111111, 46.354036111111114 ], [ 8.469769444444445, 46.36161666666667 ], [ 8.461188888888888, 46.3872 ], [ 8.4708, 46.395961111111113 ], [ 8.462905555555555, 46.404486111111112 ], [ 8.468397222222222, 46.411586111111113 ], [ 8.45878611111111, 46.420108333333332 ], [ 8.45878611111111, 46.435963888888885 ], [ 8.465308333333333, 46.444005555555549 ], [ 8.4478, 46.462927777777779 ], [ 8.438333333333334, 46.464166666666671 ], [ 8.408, 46.462 ], [ 8.367116666666668, 46.45086666666667 ], [ 8.325575, 46.425077777777773 ], [ 8.307380555555556, 46.426025 ], [ 8.288497222222222, 46.4078 ], [ 8.308752777777778, 46.402355555555552 ], [ 8.318366666666666, 46.386488888888891 ], [ 8.313558333333335, 46.376541666666668 ], [ 8.287811111111111, 46.368725 ], [ 8.281286111111111, 46.36398611111111 ], [ 8.273047222222223, 46.366355555555558 ], [ 8.26, 46.360905555555554 ], [ 8.265838888888888, 46.351666666666667 ], [ 8.223333333333333, 46.330833333333338 ], [ 7.991525, 46.514125 ], [ 7.802616666666666, 46.509805555555559 ], [ 7.585327777777778, 46.700336111111113 ], [ 7.53505, 46.744019444444447 ], [ 7.504091666666667, 46.771052777777776 ], [ 7.429013888888889, 46.836236111111113 ], [ 7.320152777777778, 46.931272222222219 ], [ 7.271813888888889, 46.973416666666665 ], [ 7.174541666666667, 47.055636111111106 ], [ 6.954838888888889, 47.243161111111114 ], [ 6.946272222222222, 47.254022222222225 ], [ 6.951608333333334, 47.269313888888888 ], [ 6.940347222222223, 47.285727777777772 ], [ 6.950252777777778, 47.292288888888883 ], [ 6.964722222222222, 47.292222222222222 ], [ 6.995955555555556, 47.296438888888886 ], [ 7.008516666666667, 47.301675 ], [ 7.016347222222223, 47.314925 ], [ 7.009788888888889, 47.324344444444449 ], [ 7.045491666666667, 47.326361111111112 ], [ 7.056547222222222, 47.334044444444444 ], [ 7.061575, 47.343025 ], [ 7.043230555555556, 47.36418888888889 ], [ 7.343230555555555, 47.371966666666665 ], [ 7.384458333333334, 47.43205555555555 ], [ 7.3951, 47.481905555555556 ], [ 7.415555555555556, 47.5775 ], [ 7.4995, 47.632805555555557 ], [ 7.516388888888889, 47.689166666666665 ], [ 7.51235, 47.694858333333329 ], [ 7.511588888888889, 47.69675 ], [ 7.511708333333333, 47.69845 ], [ 7.512158333333334, 47.70045 ], [ 7.513758333333334, 47.702819444444444 ], [ 7.524119444444445, 47.70997777777778 ], [ 7.538988888888889, 47.71843888888889 ], [ 7.543719444444444, 47.722319444444445 ], [ 7.547627777777778, 47.729808333333338 ], [ 7.548569444444444, 47.735077777777782 ], [ 7.548127777777777, 47.739458333333332 ], [ 7.54615, 47.743019444444442 ], [ 7.53985, 47.754338888888888 ], [ 7.533388888888889, 47.766038888888886 ], [ 7.530169444444445, 47.7728 ], [ 7.530027777777778, 47.78255 ], [ 7.531358333333333, 47.786908333333329 ], [ 7.541077777777778, 47.80345 ], [ 7.545858333333333, 47.812669444444438 ], [ 7.54995, 47.822927777777778 ], [ 7.559238888888888, 47.835058333333336 ], [ 7.56155, 47.838869444444448 ], [ 7.563230555555555, 47.844811111111113 ], [ 7.563388888888888, 47.851177777777778 ], [ 7.560738888888888, 47.857808333333338 ], [ 7.5573, 47.86365 ], [ 7.556208333333333, 47.866288888888889 ], [ 7.55565, 47.870527777777781 ], [ 7.55545, 47.874088888888892 ], [ 7.556569444444444, 47.879369444444443 ], [ 7.559158333333333, 47.882408333333331 ], [ 7.563588888888889, 47.88565 ], [ 7.575927777777777, 47.890727777777776 ], [ 7.580738888888889, 47.89495 ], [ 7.582527777777778, 47.898258333333331 ], [ 7.583333333333333, 47.908333333333331 ], [ 7.581008333333333, 47.920769444444439 ], [ 7.58055, 47.924138888888884 ], [ 7.581019444444444, 47.926927777777777 ], [ 7.58265, 47.9299 ], [ 7.5857, 47.934819444444443 ], [ 7.5895, 47.93825 ], [ 7.603358333333333, 47.948569444444438 ], [ 7.609069444444444, 47.953458333333337 ], [ 7.612938888888888, 47.9582 ], [ 7.61735, 47.963608333333333 ], [ 7.62115, 47.96928888888889 ], [ 7.622119444444445, 47.972788888888893 ], [ 7.622, 47.97545 ], [ 7.61865, 47.985888888888887 ], [ 7.614469444444445, 47.993388888888887 ], [ 7.608588888888889, 48.000338888888891 ], [ 7.605077777777778, 48.00405 ], [ 7.590555555555556, 48.015 ] ] ] } },
{ "type": "Feature", "properties": { "fir": "LSAS", "identifier": "LSAS:LSASZ:315-999", "name": "LSASZ", "level_lower": 315, "level_upper": 999 }, "geometry": { "type": "Polygon", "coordinates": [ [ [ 7.590555555555556, 48.015 ], [ 8.295833333333333, 47.833333333333336 ], [ 8.616666666666667, 47.833333333333336 ], [ 8.858333333333333, 47.833333333333336 ], [ 9.136944444444444, 47.890277777777776 ], [ 9.55, 47.89 ], [ 9.55, 47.833333333333336 ], [ 9.55, 47.8 ], [ 9.733055555555556, 47.533611111111107 ], [ 9.924722222222222, 47.336666666666666 ], [ 9.9825, 47.276666666666664 ], [ 10.141388888888889, 47.110277777777782 ], [ 10.1925, 47.0875 ], [ 10.389444444444443, 47.000555555555557 ], [ 10.427397222222222, 46.973225 ], [ 10.421905555555554, 46.959636111111116 ], [ 10.490569444444443, 46.937136111111109 ], [ 10.467222222222222, 46.883191666666669 ], [ 10.469652777777778, 46.854913888888888 ], [ 10.450055555555554, 46.801469444444443 ], [ 10.42465, 46.788775 ], [ 10.44525, 46.758677777777777 ], [ 10.401991666666667, 46.733269444444446 ], [ 10.419158333333332, 46.712088888888893 ], [ 10.382766666666667, 46.684302777777773 ], [ 10.403363888888888, 46.635291666666667 ], [ 10.447311111111111, 46.640477777777775 ], [ 10.491255555555554, 46.614072222222227 ], [ 10.479166666666666, 46.562222222222218 ], [ 10.452116666666665, 46.531466666666667 ], [ 10.419844444444443, 46.551302777777778 ], [ 10.397186111111111, 46.542802777777773 ], [ 10.354613888888888, 46.555080555555556 ], [ 10.339505555555556, 46.54185833333333 ], [ 10.327147222222221, 46.549416666666666 ], [ 10.294875, 46.549888888888887 ], [ 10.292127777777777, 46.566413888888889 ], [ 10.272216666666667, 46.577269444444447 ], [ 10.252302777777778, 46.571605555555557 ], [ 10.242688888888887, 46.590483333333339 ], [ 10.259169444444444, 46.60935555555556 ], [ 10.238569444444444, 46.63435 ], [ 10.217283333333333, 46.618316666666665 ], [ 10.193252777777777, 46.624447222222223 ], [ 10.129394444444445, 46.605111111111114 ], [ 10.101241666666667, 46.608883333333331 ], [ 10.094030555555555, 46.577741666666668 ], [ 10.048369444444445, 46.535247222222218 ], [ 10.043333333333333, 46.478333333333332 ], [ 10.039441666666667, 46.44655 ], [ 10.056608333333335, 46.440222222222218 ], [ 10.063819444444444, 46.426025 ], [ 10.078238888888889, 46.428155555555556 ], [ 10.079611111111111, 46.422475 ], [ 10.101241666666667, 46.421055555555554 ], [ 10.129394444444445, 46.431230555555551 ], [ 10.143469444444444, 46.427680555555554 ], [ 10.148619444444444, 46.414191666666667 ], [ 10.160291666666668, 46.415611111111112 ], [ 10.165786111111112, 46.407563888888888 ], [ 10.160291666666668, 46.387911111111109 ], [ 10.143125, 46.386488888888891 ], [ 10.12836388888889, 46.377963888888893 ], [ 10.129394444444445, 46.360669444444447 ], [ 10.109825, 46.353088888888891 ], [ 10.104675, 46.33294166666667 ], [ 10.117719444444445, 46.312788888888889 ], [ 10.139005555555554, 46.304488888888883 ], [ 10.137633333333333, 46.301166666666667 ], [ 10.152394444444445, 46.293813888888884 ], [ 10.163725, 46.271747222222224 ], [ 10.172994444444443, 46.265813888888886 ], [ 10.176086111111111, 46.254894444444446 ], [ 10.151022222222222, 46.2397 ], [ 10.145872222222222, 46.229727777777782 ], [ 10.130422222222222, 46.224977777777781 ], [ 10.089911111111112, 46.227827777777783 ], [ 10.070341666666666, 46.2188 ], [ 10.043563888888889, 46.229727777777782 ], [ 10.062102777777778, 46.24825 ], [ 10.055922222222224, 46.26486666666667 ], [ 10.006944444444445, 46.286111111111111 ], [ 9.980736111111112, 46.323222222222228 ], [ 9.996183333333333, 46.351902777777781 ], [ 9.985541666666666, 46.352613888888889 ], [ 9.963225, 46.36398611111111 ], [ 9.958761111111111, 46.3782 ], [ 9.931638888888889, 46.373936111111114 ], [ 9.930952777777778, 46.368488888888891 ], [ 9.92546111111111, 46.365408333333335 ], [ 9.90735, 46.380925 ], [ 9.868125, 46.363038888888887 ], [ 9.832075, 46.361144444444449 ], [ 9.825894444444444, 46.354511111111115 ], [ 9.803925, 46.34503055555556 ], [ 9.786069444444445, 46.34052777777778 ], [ 9.777830555555557, 46.335075 ], [ 9.766844444444445, 46.336025 ], [ 9.743155555555555, 46.351666666666667 ], [ 9.722555555555555, 46.341475 ], [ 9.726675, 46.331994444444447 ], [ 9.719466666666667, 46.32725277777778 ], [ 9.71775, 46.322747222222226 ], [ 9.724958333333333, 46.319902777777784 ], [ 9.724958333333333, 46.309469444444439 ], [ 9.718436111111112, 46.306444444444445 ], [ 9.713972222222221, 46.292391666666667 ], [ 9.702641666666667, 46.291205555555557 ], [ 9.688225, 46.293577777777777 ], [ 9.676894444444445, 46.303302777777773 ], [ 9.642219444444445, 46.286461111111109 ], [ 9.618527777777778, 46.28811944444444 ], [ 9.610288888888888, 46.293813888888884 ], [ 9.584883333333334, 46.294288888888886 ], [ 9.551388888888889, 46.30694444444444 ], [ 9.535102777777778, 46.310416666666661 ], [ 9.514158333333333, 46.332230555555562 ], [ 9.498366666666666, 46.36398611111111 ], [ 9.4606, 46.376305555555554 ], [ 9.468497222222222, 46.38838611111111 ], [ 9.454077777777776, 46.418925 ], [ 9.461388888888887, 46.452777777777783 ], [ 9.462830555555556, 46.480072222222226 ], [ 9.449269444444445, 46.479952777777783 ], [ 9.449441666666667, 46.484091666666664 ], [ 9.461286111111111, 46.4848 ], [ 9.464033333333333, 46.508316666666666 ], [ 9.433822222222222, 46.49839166666667 ], [ 9.424208333333333, 46.476644444444446 ], [ 9.409102777777779, 46.467186111111111 ], [ 9.389875, 46.472861111111115 ], [ 9.369277777777778, 46.496027777777776 ], [ 9.374083333333333, 46.504063888888886 ], [ 9.363783333333332, 46.507844444444444 ], [ 9.355544444444444, 46.504063888888886 ], [ 9.33151111111111, 46.505008333333336 ], [ 9.283333333333333, 46.496944444444445 ], [ 9.275277777777779, 46.481944444444444 ], [ 9.277611111111112, 46.4608 ], [ 9.267311111111113, 46.452522222222228 ], [ 9.247397222222222, 46.447080555555551 ], [ 9.248427777777778, 46.432177777777774 ], [ 9.28001388888889, 46.414663888888889 ], [ 9.281730555555557, 46.40069722222222 ], [ 9.276922222222224, 46.395252777777777 ], [ 9.283788888888889, 46.385305555555554 ], [ 9.276580555555556, 46.373463888888892 ], [ 9.282761111111112, 46.3583 ], [ 9.29615, 46.355219444444444 ], [ 9.299238888888889, 46.342186111111111 ], [ 9.292027777777777, 46.337444444444444 ], [ 9.294433333333334, 46.330808333333337 ], [ 9.298552777777777, 46.326777777777778 ], [ 9.293744444444444, 46.316819444444448 ], [ 9.284475, 46.314211111111106 ], [ 9.282761111111112, 46.308994444444444 ], [ 9.284475, 46.297136111111108 ], [ 9.272461111111111, 46.289305555555551 ], [ 9.26833888888889, 46.282188888888889 ], [ 9.259069444444444, 46.278866666666666 ], [ 9.256666666666666, 46.268663888888888 ], [ 9.251175, 46.266288888888887 ], [ 9.248888888888889, 46.246388888888887 ], [ 9.246388888888887, 46.233333333333334 ], [ 9.235833333333332, 46.233333333333334 ], [ 9.221388888888889, 46.228611111111114 ], [ 9.2225, 46.223611111111111 ], [ 9.219166666666666, 46.214166666666671 ], [ 9.216666666666667, 46.211111111111116 ], [ 9.202222222222222, 46.208055555555561 ], [ 9.1975, 46.195833333333333 ], [ 9.195277777777777, 46.191666666666663 ], [ 9.197777777777778, 46.186944444444443 ], [ 9.195277777777777, 46.184166666666663 ], [ 9.194444444444445, 46.18138888888889 ], [ 9.115833333333333, 46.170555555555552 ], [ 9.042777777777777, 46.159722222222221 ], [ 9.038055555555555, 46.159166666666664 ], [ 8.968055555555555, 46.149166666666666 ], [ 8.680277777777777, 46.106666666666669 ], [ 8.658055555555556, 46.112777777777779 ], [ 8.647955555555555, 46.123341666666668 ], [ 8.612422222222222, 46.121319444444445 ], [ 8.610019444444443, 46.132741666666668 ], [ 8.596666666666668, 46.141111111111108 ], [ 8.593025, 46.145825 ], [ 8.602777777777778, 46.155555555555551 ], [ 8.588611111111112, 46.156388888888884 ], [ 8.584444444444445, 46.163055555555552 ], [ 8.5775, 46.161944444444444 ], [ 8.569722222222222, 46.168611111111112 ], [ 8.57, 46.176388888888887 ], [ 8.563055555555556, 46.184166666666663 ], [ 8.554444444444446, 46.186388888888885 ], [ 8.553611111111111, 46.191666666666663 ], [ 8.540833333333333, 46.197777777777773 ], [ 8.534722222222221, 46.208611111111111 ], [ 8.533333333333333, 46.218333333333334 ], [ 8.521666666666668, 46.221944444444446 ], [ 8.516666666666667, 46.219722222222224 ], [ 8.503055555555555, 46.225277777777777 ], [ 8.468397222222222, 46.232102777777783 ], [ 8.464277777777777, 46.244213888888886 ], [ 8.44265, 46.251572222222222 ], [ 8.447455555555555, 46.260355555555556 ], [ 8.456038888888887, 46.262966666666664 ], [ 8.427541666666666, 46.298322222222218 ], [ 8.439216666666667, 46.304488888888883 ], [ 8.444022222222223, 46.319427777777783 ], [ 8.453977777777776, 46.321325 ], [ 8.465308333333333, 46.334838888888889 ], [ 8.462561111111111, 46.354036111111114 ], [ 8.469769444444445, 46.36161666666667 ], [ 8.461188888888888, 46.3872 ], [ 8.4708, 46.395961111111113 ], [ 8.462905555555555, 46.404486111111112 ], [ 8.468397222222222, 46.411586111111113 ], [ 8.45878611111111, 46.420108333333332 ], [ 8.45878611111111, 46.435963888888885 ], [ 8.465308333333333, 46.444005555555549 ], [ 8.4478, 46.462927777777779 ], [ 8.438333333333334, 46.464166666666671 ], [ 8.408, 46.462 ], [ 8.367116666666668, 46.45086666666667 ], [ 8.325575, 46.425077777777773 ], [ 8.307380555555556, 46.426025 ], [ 8.288497222222222, 46.4078 ], [ 8.308752777777778, 46.402355555555552 ], [ 8.318366666666666, 46.386488888888891 ], [ 8.313558333333335, 46.376541666666668 ], [ 8.287811111111111, 46.368725 ], [ 8.281286111111111, 46.36398611111111 ], [ 8.273047222222223, 46.366355555555558 ], [ 8.26, 46.360905555555554 ], [ 8.265838888888888, 46.351666666666667 ], [ 8.223333333333333, 46.330833333333338 ], [ 7.991525, 46.514125 ], [ 7.802616666666666, 46.509805555555559 ], [ 7.585327777777778, 46.700336111111113 ], [ 7.53505, 46.744019444444447 ], [ 7.504091666666667, 46.771052777777776 ], [ 7.429013888888889, 46.836236111111113 ], [ 7.320152777777778, 46.931272222222219 ], [ 7.271813888888889, 46.973416666666665 ], [ 7.174541666666667, 47.055636111111106 ], [ 6.954838888888889, 47.243161111111114 ], [ 6.946272222222222, 47.254022222222225 ], [ 6.951608333333334, 47.269313888888888 ], [ 6.940347222222223, 47.285727777777772 ], [ 6.950252777777778, 47.292288888888883 ], [ 6.964722222222222, 47.292222222222222 ], [ 6.995955555555556, 47.296438888888886 ], [ 7.008516666666667, 47.301675 ], [ 7.016347222222223, 47.314925 ], [ 7.009788888888889, 47.324344444444449 ], [ 7.045491666666667, 47.326361111111112 ], [ 7.056547222222222, 47.334044444444444 ], [ 7.061575, 47.343025 ], [ 7.043230555555556, 47.36418888888889 ], [ 7.343230555555555, 47.371966666666665 ], [ 7.384458333333334, 47.43205555555555 ], [ 7.3951, 47.481905555555556 ], [ 7.415555555555556, 47.5775 ], [ 7.4995, 47.632805555555557 ], [ 7.516388888888889, 47.689166666666665 ], [ 7.51235, 47.694858333333329 ], [ 7.511588888888889, 47.69675 ], [ 7.511708333333333, 47.69845 ], [ 7.512158333333334, 47.70045 ], [ 7.513758333333334, 47.702819444444444 ], [ 7.524119444444445, 47.70997777777778 ], [ 7.538988888888889, 47.71843888888889 ], [ 7.543719444444444, 47.722319444444445 ], [ 7.547627777777778, 47.729808333333338 ], [ 7.548569444444444, 47.735077777777782 ], [ 7.548127777777777, 47.739458333333332 ], [ 7.54615, 47.743019444444442 ], [ 7.53985, 47.754338888888888 ], [ 7.533388888888889, 47.766038888888886 ], [ 7.530169444444445, 47.7728 ], [ 7.530027777777778, 47.78255 ], [ 7.531358333333333, 47.786908333333329 ], [ 7.541077777777778, 47.80345 ], [ 7.545858333333333, 47.812669444444438 ], [ 7.54995, 47.822927777777778 ], [ 7.559238888888888, 47.835058333333336 ], [ 7.56155, 47.838869444444448 ], [ 7.563230555555555, 47.844811111111113 ], [ 7.563388888888888, 47.851177777777778 ], [ 7.560738888888888, 47.857808333333338 ], [ 7.5573, 47.86365 ], [ 7.556208333333333, 47.866288888888889 ], [ 7.55565, 47.870527777777781 ], [ 7.55545, 47.874088888888892 ], [ 7.556569444444444, 47.879369444444443 ], [ 7.559158333333333, 47.882408333333331 ], [ 7.563588888888889, 47.88565 ], [ 7.575927777777777, 47.890727777777776 ], [ 7.580738888888889, 47.89495 ], [ 7.582527777777778, 47.898258333333331 ], [ 7.583333333333333, 47.908333333333331 ], [ 7.581008333333333, 47.920769444444439 ], [ 7.58055, 47.924138888888884 ], [ 7.581019444444444, 47.926927777777777 ], [ 7.58265, 47.9299 ], [ 7.5857, 47.934819444444443 ], [ 7.5895, 47.93825 ], [ 7.603358333333333, 47.948569444444438 ], [ 7.609069444444444, 47.953458333333337 ], [ 7.612938888888888, 47.9582 ], [ 7.61735, 47.963608333333333 ], [ 7.62115, 47.96928888888889 ], [ 7.622119444444445, 47.972788888888893 ], [ 7.622, 47.97545 ], [ 7.61865, 47.985888888888887 ], [ 7.614469444444445, 47.993388888888887 ], [ 7.608588888888889, 48.000338888888891 ], [ 7.605077777777778, 48.00405 ], [ 7.590555555555556, 48.015 ] ] ] } },
{ "type": "Feature", "properties": { "fir": "LSAS", "identifier": "LSAS:LSASZN:000-125", "name": "LSASZN", "level_lower": 0, "level_upper": 125 }, "geometry": { "type": "Polygon", "coordinates": [ [ [ 8.212655555555555, 48.148544444444447 ], [ 8.196847222222223, 47.96669444444445 ], [ 8.192694444444445, 47.919386111111109 ], [ 8.016066666666667, 47.8609 ], [ 7.798616666666667, 47.788891666666665 ], [ 7.966666666666667, 48.1 ], [ 8.212655555555555, 48.148544444444447 ] ] ] } },
{ "type": "Feature", "properties": { "fir": "LSAS", "identifier": "LSAS:LSASZN:115-125", "name": "LSASZN", "level_lower": 115, "level_upper": 125 }, "geometry": { "type": "Polygon", "coordinates": [ [ [ 7.751827777777778, 47.651938888888886 ], [ 7.749444444444444, 47.696944444444441 ], [ 7.798616666666667, 47.788891666666665 ], [ 7.563230555555555, 47.844811111111113 ], [ 7.751827777777778, 47.651938888888886 ] ] ] } },
{ "type": "Feature", "properties": { "fir": "LSAS", "identifier": "LSAS:LSASZN:145-245", "name": "LSASZN", "level_lower": 145, "level_upper": 245 }, "geometry": { "type": "Polygon", "coordinates": [ [ [ 7.563230555555555, 47.844811111111113 ], [ 7.563388888888888, 47.851177777777778 ], [ 7.560738888888888, 47.857808333333338 ], [ 7.5573, 47.86365 ], [ 7.556208333333333, 47.866288888888889 ], [ 7.55565, 47.870527777777781 ], [ 7.55545, 47.874088888888892 ], [ 7.556569444444444, 47.879369444444443 ], [ 7.559158333333333, 47.882408333333331 ], [ 7.563588888888889, 47.88565 ], [ 7.575927777777777, 47.890727777777776 ], [ 7.580738888888889, 47.89495 ], [ 7.582527777777778, 47.898258333333331 ], [ 7.583333333333333, 47.908333333333331 ], [ 7.581008333333333, 47.920769444444439 ], [ 7.58055, 47.924138888888884 ], [ 7.581019444444444, 47.926927777777777 ], [ 7.58265, 47.9299 ], [ 7.5857, 47.934819444444443 ], [ 7.5895, 47.93825 ], [ 7.603358333333333, 47.948569444444438 ], [ 7.609069444444444, 47.953458333333337 ], [ 7.612938888888888, 47.9582 ], [ 7.61735, 47.963608333333333 ], [ 7.62115, 47.96928888888889 ], [ 7.622119444444445, 47.972788888888893 ], [ 7.622, 47.97545 ], [ 7.61865, 47.985888888888887 ], [ 7.614469444444445, 47.993388888888887 ], [ 7.608588888888889, 48.000338888888891 ], [ 7.605077777777778, 48.00405 ], [ 7.590555555555556, 48.015 ], [ 7.578469444444444, 48.0249 ], [ 7.572908333333333, 48.029358333333334 ], [ 7.5708, 48.0321 ], [ 7.5705, 48.0325 ], [ 7.5701, 48.0332 ], [ 7.5698, 48.0341 ], [ 7.5695, 48.0353 ], [ 7.5695, 48.0363 ], [ 7.5697, 48.0376 ], [ 7.5699, 48.0386 ], [ 7.5709, 48.041 ], [ 7.5715, 48.0427 ], [ 7.5724, 48.0448 ], [ 7.5731, 48.0469 ], [ 7.5741, 48.0505 ], [ 7.5743, 48.0513 ], [ 7.5744, 48.0522 ], [ 7.5744, 48.0536 ], [ 7.5743, 48.0556 ], [ 7.574, 48.0576 ], [ 7.5731, 48.0618 ], [ 7.5708, 48.0721 ], [ 7.5697, 48.0774 ], [ 7.5694, 48.0799 ], [ 7.570002777777778, 48.082997222222225 ], [ 7.966666666666667, 48.1 ], [ 7.798616666666667, 47.788891666666665 ], [ 7.563230555555555, 47.844811111111113 ] ] ] } },
{ "type": "Feature", "properties": { "fir": "LSAS", "identifier": "LSAS:LSASZN:125-245", "name": "LSASZN", "level_lower": 125, "level_upper": 245 }, "geometry": { "type": "Polygon", "coordinates": [ [ [ 8.321388888888889, 48.17 ], [ 8.680555555555555, 48.168888888888887 ], [ 8.882777777777779, 48.166666666666664 ], [ 8.659433333333334, 47.535483333333332 ], [ 8.353925, 47.5383 ], [ 8.216727777777779, 47.647338888888889 ], [ 7.886783333333333, 47.650797222222224 ], [ 7.751827777777778, 47.651938888888886 ], [ 7.563230555555555, 47.844811111111113 ], [ 7.798616666666667, 47.788891666666665 ], [ 7.966666666666667, 48.1 ], [ 8.212655555555555, 48.148544444444447 ], [ 8.321388888888889, 48.17 ] ] ] } },
{ "type": "Feature", "properties": { "fir": "LSAS", "identifier": "LSAS:LSASZN:105-125", "name": "LSASZN", "level_lower": 105, "level_upper": 125 }, "geometry": { "type": "Polygon", "coordinates": [ [ [ 8.192694444444445, 47.919386111111109 ], [ 8.177969444444443, 47.748983333333335 ], [ 8.172372222222222, 47.747088888888889 ], [ 7.886783333333333, 47.650797222222224 ], [ 7.751827777777778, 47.651938888888886 ], [ 7.749444444444444, 47.696944444444441 ], [ 7.798616666666667, 47.788891666666665 ], [ 8.016066666666667, 47.8609 ], [ 8.192694444444445, 47.919386111111109 ] ] ] } },
{ "type": "Feature", "properties": { "fir": "LSAS", "identifier": "LSAS:LSASZW:115-125", "name": "LSASZW", "level_lower": 115, "level_upper": 125 }, "geometry": { "type": "Polygon", "coordinates": [ [ [ 7.563230555555555, 47.844811111111113 ], [ 7.751827777777778, 47.651938888888886 ], [ 7.755277777777778, 47.586672222222226 ], [ 7.759094444444444, 47.56066388888889 ], [ 7.384458333333334, 47.43205555555555 ], [ 7.3951, 47.481905555555556 ], [ 7.415555555555556, 47.5775 ], [ 7.4995, 47.632805555555557 ], [ 7.516388888888889, 47.689166666666665 ], [ 7.51235, 47.694858333333329 ], [ 7.511588888888889, 47.69675 ], [ 7.511708333333333, 47.69845 ], [ 7.512158333333334, 47.70045 ], [ 7.513758333333334, 47.702819444444444 ], [ 7.524119444444445, 47.70997777777778 ], [ 7.538988888888889, 47.71843888888889 ], [ 7.543719444444444, 47.722319444444445 ], [ 7.547627777777778, 47.729808333333338 ], [ 7.548569444444444, 47.735077777777782 ], [ 7.548127777777777, 47.739458333333332 ], [ 7.54615, 47.743019444444442 ], [ 7.53985, 47.754338888888888 ], [ 7.533388888888889, 47.766038888888886 ], [ 7.530169444444445, 47.7728 ], [ 7.530027777777778, 47.78255 ], [ 7.531358333333333, 47.786908333333329 ], [ 7.541077777777778, 47.80345 ], [ 7.545858333333333, 47.812669444444438 ], [ 7.54995, 47.822927777777778 ], [ 7.559238888888888, 47.835058333333336 ], [ 7.56155, 47.838869444444448 ], [ 7.563230555555555, 47.844811111111113 ] ] ] } },
{ "type": "Feature", "properties": { "fir": "LSAS", "identifier": "LSAS:LSASZW:125-245", "name": "LSASZW", "level_lower": 125, "level_upper": 245 }, "geometry": { "type": "Polygon", "coordinates": [ [ [ 7.563230555555555, 47.844811111111113 ], [ 7.751827777777778, 47.651938888888886 ], [ 7.886783333333333, 47.650797222222224 ], [ 8.216727777777779, 47.647338888888889 ], [ 8.353925, 47.5383 ], [ 8.380777777777778, 47.224977777777781 ], [ 8.216866666666666, 47.052619444444439 ], [ 8.128438888888889, 46.841302777777777 ], [ 7.991525, 46.514125 ], [ 7.802616666666666, 46.509805555555559 ], [ 7.585327777777778, 46.700336111111113 ], [ 7.53505, 46.744019444444447 ], [ 7.504091666666667, 46.771052777777776 ], [ 7.429013888888889, 46.836236111111113 ], [ 7.320152777777778, 46.931272222222219 ], [ 7.271813888888889, 46.973416666666665 ], [ 7.174541666666667, 47.055636111111106 ], [ 6.954838888888889, 47.243161111111114 ], [ 6.946272222222222, 47.254022222222225 ], [ 6.951608333333334, 47.269313888888888 ], [ 6.940347222222223, 47.285727777777772 ], [ 6.950252777777778, 47.292288888888883 ], [ 6.964722222222222, 47.292222222222222 ], [ 6.995955555555556, 47.296438888888886 ], [ 7.008516666666667, 47.301675 ], [ 7.016347222222223, 47.314925 ], [ 7.009788888888889, 47.324344444444449 ], [ 7.045491666666667, 47.326361111111112 ], [ 7.056547222222222, 47.334044444444444 ], [ 7.061575, 47.343025 ], [ 7.043230555555556, 47.36418888888889 ], [ 7.343230555555555, 47.371966666666665 ], [ 7.384458333333334, 47.43205555555555 ], [ 7.3951, 47.481905555555556 ], [ 7.415555555555556, 47.5775 ], [ 7.4995, 47.632805555555557 ], [ 7.516388888888889, 47.689166666666665 ], [ 7.51235, 47.694858333333329 ], [ 7.511588888888889, 47.69675 ], [ 7.511708333333333, 47.69845 ], [ 7.512158333333334, 47.70045 ], [ 7.513758333333334, 47.702819444444444 ], [ 7.524119444444445, 47.70997777777778 ], [ 7.538988888888889, 47.71843888888889 ], [ 7.543719444444444, 47.722319444444445 ], [ 7.547627777777778, 47.729808333333338 ], [ 7.548569444444444, 47.735077777777782 ], [ 7.548127777777777, 47.739458333333332 ], [ 7.54615, 47.743019444444442 ], [ 7.53985, 47.754338888888888 ], [ 7.533388888888889, 47.766038888888886 ], [ 7.530169444444445, 47.7728 ], [ 7.530027777777778, 47.78255 ], [ 7.531358333333333, 47.786908333333329 ], [ 7.541077777777778, 47.80345 ], [ 7.545858333333333, 47.812669444444438 ], [ 7.54995, 47.822927777777778 ], [ 7.559238888888888, 47.835058333333336 ], [ 7.56155, 47.838869444444448 ], [ 7.563230555555555, 47.844811111111113 ] ] ] } },
{ "type": "Feature", "properties": { "fir": "LSAS", "identifier": "LSAS:LSASZW:105-125", "name": "LSASZW", "level_lower": 105, "level_upper": 125 }, "geometry": { "type": "Polygon", "coordinates": [ [ [ 7.759094444444444, 47.56066388888889 ], [ 7.778055555555556, 47.431111111111107 ], [ 7.803372222222222, 47.396247222222222 ], [ 7.805605555555555, 47.393166666666666 ], [ 7.85861111111111, 47.32 ], [ 7.891377777777778, 47.274655555555555 ], [ 7.959722222222222, 47.179722222222217 ], [ 7.982205555555556, 47.148555555555554 ], [ 7.994722222222222, 47.131388888888893 ], [ 7.937444444444445, 47.112297222222224 ], [ 7.7597, 47.016480555555553 ], [ 7.859955555555556, 46.964438888888893 ], [ 7.779244444444444, 46.920813888888887 ], [ 7.991486111111112, 46.81303611111111 ], [ 8.02836388888889, 46.82363055555556 ], [ 8.099586111111112, 46.839286111111115 ], [ 8.128438888888889, 46.841302777777777 ], [ 7.991525, 46.514125 ], [ 7.802616666666666, 46.509805555555559 ], [ 7.585327777777778, 46.700336111111113 ], [ 7.53505, 46.744019444444447 ], [ 7.504091666666667, 46.771052777777776 ], [ 7.429013888888889, 46.836236111111113 ], [ 7.320152777777778, 46.931272222222219 ], [ 7.271813888888889, 46.973416666666665 ], [ 7.174541666666667, 47.055636111111106 ], [ 6.954838888888889, 47.243161111111114 ], [ 6.946272222222222, 47.254022222222225 ], [ 6.951608333333334, 47.269313888888888 ], [ 6.940347222222223, 47.285727777777772 ], [ 6.950252777777778, 47.292288888888883 ], [ 6.964722222222222, 47.292222222222222 ], [ 6.995955555555556, 47.296438888888886 ], [ 7.008516666666667, 47.301675 ], [ 7.016347222222223, 47.314925 ], [ 7.009788888888889, 47.324344444444449 ], [ 7.045491666666667, 47.326361111111112 ], [ 7.056547222222222, 47.334044444444444 ], [ 7.061575, 47.343025 ], [ 7.043230555555556, 47.36418888888889 ], [ 7.343230555555555, 47.371966666666665 ], [ 7.384458333333334, 47.43205555555555 ], [ 7.759094444444444, 47.56066388888889 ] ] ] } },
{ "type": "Feature", "properties": { "fir": "LSAS", "identifier": "LSAS:LSGC-CTR:000-065", "name": "LSGC-CTR", "level_lower": 0, "level_upper": 65 }, "geometry": { "type": "Polygon", "coordinates": [ [ [ 6.648055555555555, 47.014166666666668 ], [ 6.653333333333333, 47.021944444444443 ], [ 6.659444444444444, 47.0275 ], [ 6.66888888888889, 47.031666666666666 ], [ 6.674444444444445, 47.034722222222221 ], [ 6.686111111111112, 47.037777777777777 ], [ 6.695555555555556, 47.037222222222219 ], [ 6.705555555555556, 47.044166666666662 ], [ 6.72, 47.051666666666662 ], [ 6.713055555555556, 47.053333333333327 ], [ 6.708611111111111, 47.0575 ], [ 6.711944444444445, 47.06305555555555 ], [ 6.827777777777778, 47.125277777777775 ], [ 6.933888888888889, 47.178888888888885 ], [ 6.974166666666667, 47.135555555555555 ], [ 6.870833333333334, 47.1 ], [ 6.791666666666667, 47.029722222222219 ], [ 6.719722222222222, 46.980833333333337 ], [ 6.648055555555555, 47.014166666666668 ] ] ] } },
{ "type": "Feature", "properties": { "fir": "LSAS", "identifier": "LSAS:LSGG-APP-04:125-155", "name": "LSGG-APP-04", "level_lower": 125, "level_upper": 155 }, "geometry": { "type": "Polygon", "coordinates": [ [ [ 6.440008333333334, 46.76777222222222 ], [ 6.557222222222222, 46.733333333333334 ], [ 6.616944444444445, 46.715833333333336 ], [ 6.736666666666666, 46.680833333333332 ], [ 6.750555555555556, 46.676666666666662 ], [ 6.753611111111111, 46.657222222222224 ], [ 6.900555555555556, 46.545833333333334 ], [ 6.801388888888889, 46.469166666666666 ], [ 6.805, 46.367222222222225 ], [ 6.805277777777778, 46.358611111111109 ], [ 6.806861111111111, 46.32416666666667 ], [ 6.806944444444444, 46.320555555555558 ], [ 6.808152777777778, 46.288297222222219 ], [ 6.809444444444444, 46.253916666666669 ], [ 6.132222222222222, 46.253888888888888 ], [ 6.132222222222222, 46.589752777777782 ], [ 6.210288888888889, 46.639713888888892 ], [ 6.275008333333333, 46.683325 ], [ 6.392036111111111, 46.743127777777779 ], [ 6.440008333333334, 46.76777222222222 ] ] ] } },
{ "type": "Feature", "properties": { "fir": "LSAS", "identifier": "LSAS:LSGG-APP-04:000-155", "name": "LSGG-APP-04", "level_lower": 0, "level_upper": 155 }, "geometry": { "type": "Polygon", "coordinates": [ [ [ 5.890722222222221, 46.495555555555555 ], [ 6.049722222222222, 46.336666666666666 ], [ 6.132222222222222, 46.253888888888888 ], [ 6.479444444444445, 46.076666666666668 ], [ 6.395255555555556, 45.993286111111111 ], [ 6.274222222222222, 45.873333333333335 ], [ 6.204166666666667, 45.918888888888887 ], [ 6.256666666666667, 45.973611111111111 ], [ 6.242222222222222, 45.985 ], [ 6.238333333333333, 45.987777777777779 ], [ 6.159166666666667, 46.048888888888889 ], [ 5.918055555555556, 45.9325 ], [ 5.910833333333334, 45.928055555555552 ], [ 5.884905555555555, 45.916977777777774 ], [ 5.853536111111111, 45.907980555555554 ], [ 5.820516666666666, 45.902494444444443 ], [ 5.786666666666666, 45.90065 ], [ 5.758055555555556, 45.901944444444446 ], [ 5.752813888888888, 45.902494444444443 ], [ 5.719794444444444, 45.907980555555554 ], [ 5.688425, 45.916977777777774 ], [ 5.662708333333334, 45.927961111111109 ], [ 5.659472222222223, 45.92926111111111 ], [ 5.63365, 45.944536111111105 ], [ 5.611597222222222, 45.962425 ], [ 5.600277777777777, 45.975277777777777 ], [ 5.593855555555555, 45.982488888888888 ], [ 5.580861111111111, 46.004238888888892 ], [ 5.572936111111111, 46.027138888888885 ], [ 5.570269444444444, 46.050627777777777 ], [ 5.570555555555555, 46.060277777777777 ], [ 5.572936111111111, 46.074127777777782 ], [ 5.580861111111111, 46.097055555555556 ], [ 5.593855555555555, 46.11885 ], [ 5.611597222222222, 46.138972222222222 ], [ 5.63365, 46.156925 ], [ 5.659472222222223, 46.172261111111112 ], [ 5.661666666666667, 46.173333333333332 ], [ 5.801111111111111, 46.242222222222225 ], [ 5.743333333333333, 46.312222222222218 ], [ 5.606111111111111, 46.477222222222224 ], [ 5.81535, 46.4907 ], [ 5.890722222222221, 46.495555555555555 ] ] ] } },
{ "type": "Feature", "properties": { "fir": "LSAS", "identifier": "LSAS:LSGG-APP-04:075-155", "name": "LSGG-APP-04", "level_lower": 75, "level_upper": 155 }, "geometry": { "type": "Polygon", "coordinates": [ [ [ 5.606111111111111, 46.477222222222224 ], [ 5.407777777777778, 46.363333333333337 ], [ 5.576388888888888, 46.237222222222222 ], [ 5.570555555555555, 46.060277777777777 ], [ 5.572936111111111, 46.074127777777782 ], [ 5.580861111111111, 46.097055555555556 ], [ 5.593855555555555, 46.11885 ], [ 5.611597222222222, 46.138972222222222 ], [ 5.63365, 46.156925 ], [ 5.659472222222223, 46.172261111111112 ], [ 5.661666666666667, 46.173333333333332 ], [ 5.801111111111111, 46.242222222222225 ], [ 5.743333333333333, 46.312222222222218 ], [ 5.606111111111111, 46.477222222222224 ] ] ] } },
{ "type": "Feature", "properties": { "fir": "LSAS", "identifier": "LSAS:LSGG-APP-04-1:095-155", "name": "LSGG-APP-04-1", "level_lower": 95, "level_upper": 155 }, "geometry": { "type": "Polygon", "coordinates": [ [ [ 6.132222222222222, 46.589752777777782 ], [ 6.132222222222222, 46.253888888888888 ], [ 6.049722222222222, 46.336666666666666 ], [ 5.890722222222221, 46.495555555555555 ], [ 6.110866666666666, 46.576225 ], [ 6.132222222222222, 46.589752777777782 ] ] ] } },
{ "type": "Feature", "properties": { "fir": "LSAS", "identifier": "LSAS:LSGG-APP-22:000-155", "name": "LSGG-APP-22", "level_lower": 0, "level_upper": 155 }, "geometry": { "type": "Polygon", "coordinates": [ [ [ 6.440008333333334, 46.76777222222222 ], [ 6.557222222222222, 46.733333333333334 ], [ 6.616944444444445, 46.715833333333336 ], [ 6.736666666666666, 46.680833333333332 ], [ 6.750555555555556, 46.676666666666662 ], [ 6.753611111111111, 46.657222222222224 ], [ 6.900555555555556, 46.545833333333334 ], [ 6.801388888888889, 46.469166666666666 ], [ 6.805, 46.367222222222225 ], [ 6.805277777777778, 46.358611111111109 ], [ 6.806861111111111, 46.32416666666667 ], [ 6.806944444444444, 46.320555555555558 ], [ 6.808152777777778, 46.288297222222219 ], [ 6.809444444444444, 46.253916666666669 ], [ 6.81, 46.236111111111114 ], [ 6.479444444444445, 46.076666666666668 ], [ 6.132222222222222, 46.253888888888888 ], [ 6.049722222222222, 46.336666666666666 ], [ 5.890722222222221, 46.495555555555555 ], [ 6.110866666666666, 46.576225 ], [ 6.132222222222222, 46.589752777777782 ], [ 6.210288888888889, 46.639713888888892 ], [ 6.275008333333333, 46.683325 ], [ 6.392036111111111, 46.743127777777779 ], [ 6.440008333333334, 46.76777222222222 ] ] ] } },
{ "type": "Feature", "properties": { "fir": "LSAS", "identifier": "LSAS:LSGG-APP-22:125-155", "name": "LSGG-APP-22", "level_lower": 125, "level_upper": 155 }, "geometry": { "type": "Polygon", "coordinates": [ [ [ 5.81535, 46.4907 ], [ 5.951163888888889, 46.33730555555556 ], [ 6.132222222222222, 46.253888888888888 ], [ 6.147222222222223, 46.239166666666669 ], [ 6.173108333333333, 46.213175 ], [ 6.316388888888889, 46.0691 ], [ 6.395255555555556, 45.993286111111111 ], [ 6.274222222222222, 45.873333333333335 ], [ 6.204166666666667, 45.918888888888887 ], [ 6.256666666666667, 45.973611111111111 ], [ 6.242222222222222, 45.985 ], [ 6.238333333333333, 45.987777777777779 ], [ 6.159166666666667, 46.048888888888889 ], [ 5.918055555555556, 45.9325 ], [ 5.910833333333334, 45.928055555555552 ], [ 5.884905555555555, 45.916977777777774 ], [ 5.853536111111111, 45.907980555555554 ], [ 5.820516666666666, 45.902494444444443 ], [ 5.786666666666666, 45.90065 ], [ 5.758055555555556, 45.901944444444446 ], [ 5.752813888888888, 45.902494444444443 ], [ 5.719794444444444, 45.907980555555554 ], [ 5.688425, 45.916977777777774 ], [ 5.662708333333334, 45.927961111111109 ], [ 5.659472222222223, 45.92926111111111 ], [ 5.63365, 45.944536111111105 ], [ 5.611597222222222, 45.962425 ], [ 5.600277777777777, 45.975277777777777 ], [ 5.593855555555555, 45.982488888888888 ], [ 5.580861111111111, 46.004238888888892 ], [ 5.572936111111111, 46.027138888888885 ], [ 5.570269444444444, 46.050627777777777 ], [ 5.570555555555555, 46.060277777777777 ], [ 5.572936111111111, 46.074127777777782 ], [ 5.580861111111111, 46.097055555555556 ], [ 5.593855555555555, 46.11885 ], [ 5.611597222222222, 46.138972222222222 ], [ 5.63365, 46.156925 ], [ 5.659472222222223, 46.172261111111112 ], [ 5.661666666666667, 46.173333333333332 ], [ 5.801111111111111, 46.242222222222225 ], [ 5.743333333333333, 46.312222222222218 ], [ 5.606111111111111, 46.477222222222224 ], [ 5.81535, 46.4907 ] ] ] } },
{ "type": "Feature", "properties": { "fir": "LSAS", "identifier": "LSAS:LSGG-APP-22-1:095-155", "name": "LSGG-APP-22-1", "level_lower": 95, "level_upper": 155 }, "geometry": { "type": "Polygon", "coordinates": [ [ [ 5.890722222222221, 46.495555555555555 ], [ 6.049722222222222, 46.336666666666666 ], [ 6.132222222222222, 46.253888888888888 ], [ 5.951163888888889, 46.33730555555556 ], [ 5.81535, 46.4907 ], [ 5.890722222222221, 46.495555555555555 ] ] ] } },
{ "type": "Feature", "properties": { "fir": "LSAS", "identifier": "LSAS:LSGG-DEP-04:000-125", "name": "LSGG-DEP-04", "level_lower": 0, "level_upper": 125 }, "geometry": { "type": "Polygon", "coordinates": [ [ [ 6.440008333333334, 46.76777222222222 ], [ 6.557222222222222, 46.733333333333334 ], [ 6.616944444444445, 46.715833333333336 ], [ 6.736666666666666, 46.680833333333332 ], [ 6.750555555555556, 46.676666666666662 ], [ 6.753611111111111, 46.657222222222224 ], [ 6.900555555555556, 46.545833333333334 ], [ 6.801388888888889, 46.469166666666666 ], [ 6.805, 46.367222222222225 ], [ 6.805277777777778, 46.358611111111109 ], [ 6.806861111111111, 46.32416666666667 ], [ 6.806944444444444, 46.320555555555558 ], [ 6.808152777777778, 46.288297222222219 ], [ 6.809444444444444, 46.253916666666669 ], [ 6.132222222222222, 46.253888888888888 ], [ 6.132222222222222, 46.589752777777782 ], [ 6.210288888888889, 46.639713888888892 ], [ 6.275008333333333, 46.683325 ], [ 6.392036111111111, 46.743127777777779 ], [ 6.440008333333334, 46.76777222222222 ] ] ] } },
{ "type": "Feature", "properties": { "fir": "LSAS", "identifier": "LSAS:LSGG-DEP-04-1:000-095", "name": "LSGG-DEP-04-1", "level_lower": 0, "level_upper": 95 }, "geometry": { "type": "Polygon", "coordinates": [ [ [ 5.890722222222221, 46.495555555555555 ], [ 6.110866666666666, 46.576225 ], [ 6.132222222222222, 46.589752777777782 ], [ 6.132222222222222, 46.253888888888888 ], [ 6.049722222222222, 46.336666666666666 ], [ 5.890722222222221, 46.495555555555555 ] ] ] } },
{ "type": "Feature", "properties": { "fir": "LSAS", "identifier": "LSAS:LSGG-DEP-22:000-125", "name": "LSGG-DEP-22", "level_lower": 0, "level_upper": 125 }, "geometry": { "type": "Polygon", "coordinates": [ [ [ 5.81535, 46.4907 ], [ 5.951163888888889, 46.33730555555556 ], [ 6.132222222222222, 46.253888888888888 ], [ 6.147222222222223, 46.239166666666669 ], [ 6.173108333333333, 46.213175 ], [ 6.316388888888889, 46.0691 ], [ 6.395255555555556, 45.993286111111111 ], [ 6.274222222222222, 45.873333333333335 ], [ 6.204166666666667, 45.918888888888887 ], [ 6.256666666666667, 45.973611111111111 ], [ 6.242222222222222, 45.985 ], [ 6.238333333333333, 45.987777777777779 ], [ 6.159166666666667, 46.048888888888889 ], [ 5.918055555555556, 45.9325 ], [ 5.910833333333334, 45.928055555555552 ], [ 5.884905555555555, 45.916977777777774 ], [ 5.853536111111111, 45.907980555555554 ], [ 5.820516666666666, 45.902494444444443 ], [ 5.786666666666666, 45.90065 ], [ 5.758055555555556, 45.901944444444446 ], [ 5.752813888888888, 45.902494444444443 ], [ 5.719794444444444, 45.907980555555554 ], [ 5.688425, 45.916977777777774 ], [ 5.662708333333334, 45.927961111111109 ], [ 5.659472222222223, 45.92926111111111 ], [ 5.63365, 45.944536111111105 ], [ 5.611597222222222, 45.962425 ], [ 5.600277777777777, 45.975277777777777 ], [ 5.593855555555555, 45.982488888888888 ], [ 5.580861111111111, 46.004238888888892 ], [ 5.572936111111111, 46.027138888888885 ], [ 5.570269444444444, 46.050627777777777 ], [ 5.570555555555555, 46.060277777777777 ], [ 5.572936111111111, 46.074127777777782 ], [ 5.580861111111111, 46.097055555555556 ], [ 5.593855555555555, 46.11885 ], [ 5.611597222222222, 46.138972222222222 ], [ 5.63365, 46.156925 ], [ 5.659472222222223, 46.172261111111112 ], [ 5.661666666666667, 46.173333333333332 ], [ 5.801111111111111, 46.242222222222225 ], [ 5.743333333333333, 46.312222222222218 ], [ 5.606111111111111, 46.477222222222224 ], [ 5.81535, 46.4907 ] ] ] } },
{ "type": "Feature", "properties": { "fir": "LSAS", "identifier": "LSAS:LSGG-DEP-22:075-155", "name": "LSGG-DEP-22", "level_lower": 75, "level_upper": 155 }, "geometry": { "type": "Polygon", "coordinates": [ [ [ 5.606111111111111, 46.477222222222224 ], [ 5.407777777777778, 46.363333333333337 ], [ 5.576388888888888, 46.237222222222222 ], [ 5.570555555555555, 46.060277777777777 ], [ 5.572936111111111, 46.074127777777782 ], [ 5.580861111111111, 46.097055555555556 ], [ 5.593855555555555, 46.11885 ], [ 5.611597222222222, 46.138972222222222 ], [ 5.63365, 46.156925 ], [ 5.659472222222223, 46.172261111111112 ], [ 5.661666666666667, 46.173333333333332 ], [ 5.801111111111111, 46.242222222222225 ], [ 5.743333333333333, 46.312222222222218 ], [ 5.606111111111111, 46.477222222222224 ] ] ] } },
{ "type": "Feature", "properties": { "fir": "LSAS", "identifier": "LSAS:LSGG-DEP-22-1:000-095", "name": "LSGG-DEP-22-1", "level_lower": 0, "level_upper": 95 }, "geometry": { "type": "Polygon", "coordinates": [ [ [ 5.890722222222221, 46.495555555555555 ], [ 6.049722222222222, 46.336666666666666 ], [ 6.132222222222222, 46.253888888888888 ], [ 5.951163888888889, 46.33730555555556 ], [ 5.81535, 46.4907 ], [ 5.890722222222221, 46.495555555555555 ] ] ] } },
{ "type": "Feature", "properties": { "fir": "LSAS", "identifier": "LSAS:LSZB-APP:000-105", "name": "LSZB-APP", "level_lower": 0, "level_upper": 105 }, "geometry": { "type": "Polygon", "coordinates": [ [ [ 7.201666666666667, 47.334722222222226 ], [ 7.611111111111111, 47.213333333333338 ], [ 7.736388888888889, 47.244722222222222 ], [ 7.811666666666667, 47.291111111111107 ], [ 7.85861111111111, 47.32 ], [ 7.891377777777778, 47.274655555555555 ], [ 7.978058333333333, 47.18942222222222 ], [ 7.990822222222222, 47.18311111111111 ], [ 8.054958333333333, 47.151358333333334 ], [ 7.994722222222222, 47.131388888888893 ], [ 7.937444444444445, 47.112297222222224 ], [ 7.7597, 47.016480555555553 ], [ 7.717780555555556, 46.993447222222223 ], [ 7.683611111111111, 46.949444444444438 ], [ 7.725277777777777, 46.914722222222224 ], [ 7.755833333333333, 46.885 ], [ 7.784166666666667, 46.859166666666667 ], [ 7.818841666666667, 46.826561111111111 ], [ 7.585327777777778, 46.700336111111113 ], [ 7.53505, 46.744019444444447 ], [ 7.504091666666667, 46.771052777777776 ], [ 7.429013888888889, 46.836236111111113 ], [ 7.320152777777778, 46.931272222222219 ], [ 7.271813888888889, 46.973416666666665 ], [ 7.174541666666667, 47.055636111111106 ], [ 6.954838888888889, 47.243161111111114 ], [ 6.946272222222222, 47.254022222222225 ], [ 6.951608333333334, 47.269313888888888 ], [ 6.940347222222223, 47.285727777777772 ], [ 6.950252777777778, 47.292288888888883 ], [ 6.964722222222222, 47.292222222222222 ], [ 6.995955555555556, 47.296438888888886 ], [ 7.008516666666667, 47.301675 ], [ 7.016347222222223, 47.314925 ], [ 7.009788888888889, 47.324344444444449 ], [ 7.045491666666667, 47.326361111111112 ], [ 7.056547222222222, 47.334044444444444 ], [ 7.061575, 47.343025 ], [ 7.201666666666667, 47.334722222222226 ] ] ] } },
{ "type": "Feature", "properties": { "fir": "LSAS", "identifier": "LSAS:LSZH-APW:000-105", "name": "LSZH-APW", "level_lower": 0, "level_upper": 105 }, "geometry": { "type": "Polygon", "coordinates": [ [ [ 8.016066666666667, 47.8609 ], [ 7.798616666666667, 47.788891666666665 ], [ 7.749444444444444, 47.696944444444441 ], [ 7.751827777777778, 47.651938888888886 ], [ 7.886783333333333, 47.650797222222224 ], [ 8.172372222222222, 47.747088888888889 ], [ 8.016066666666667, 47.8609 ] ] ] } },
{ "type": "Feature", "properties": { "fir": "LSAS", "identifier": "LSAS:LSZH-APW:000-125", "name": "LSZH-APW", "level_lower": 0, "level_upper": 125 }, "geometry": { "type": "Polygon", "coordinates": [ [ [ 8.410277777777779, 47.574447222222226 ], [ 8.172372222222222, 47.747088888888889 ], [ 7.886783333333333, 47.650797222222224 ], [ 7.751827777777778, 47.651938888888886 ], [ 7.755277777777778, 47.586672222222226 ], [ 7.759094444444444, 47.56066388888889 ], [ 7.778055555555556, 47.431111111111107 ], [ 7.803372222222222, 47.396247222222222 ], [ 8.410277777777779, 47.574447222222226 ] ] ] } },
{ "type": "Feature", "properties": { "fir": "LSAS", "identifier": "LSAS:LSZH-APW-LDG14:000-125", "name": "LSZH-APW-LDG14", "level_lower": 0, "level_upper": 125 }, "geometry": { "type": "Polygon", "coordinates": [ [ [ 7.805605555555555, 47.393166666666666 ], [ 7.803372222222222, 47.396247222222222 ], [ 8.410277777777779, 47.574447222222226 ], [ 8.504122222222222, 47.505591666666668 ], [ 8.33, 47.461388888888891 ], [ 8.082222222222223, 47.370833333333337 ], [ 7.805605555555555, 47.393166666666666 ] ] ] } },
{ "type": "Feature", "properties": { "fir": "LSAS", "identifier": "LSAS:LSZH-APW-LDG28-34:000-125", "name": "LSZH-APW-LDG28-34", "level_lower": 0, "level_upper": 125 }, "geometry": { "type": "Polygon", "coordinates": [ [ [ 7.803372222222222, 47.396247222222222 ], [ 8.410277777777779, 47.574447222222226 ], [ 8.399166666666666, 47.568888888888893 ], [ 8.375833333333334, 47.552777777777777 ], [ 8.360555555555555, 47.536111111111111 ], [ 8.343888888888889, 47.512222222222221 ], [ 8.333055555555555, 47.485 ], [ 8.33538888888889, 47.463036111111116 ], [ 8.188644444444444, 47.409738888888889 ], [ 8.095755555555556, 47.375819444444446 ], [ 7.803372222222222, 47.396247222222222 ] ] ] } },
{ "type": "Feature", "properties": { "fir": "LSAS", "identifier": "LSAS:LSZH-DEP-LDG14:000-125", "name": "LSZH-DEP-LDG14", "level_lower": 0, "level_upper": 125 }, "geometry": { "type": "Polygon", "coordinates": [ [ [ 9.085277777777778, 47.516111111111108 ], [ 9.134166666666665, 47.4575 ], [ 9.186666666666667, 47.363611111111112 ], [ 9.136666666666667, 47.357222222222227 ], [ 9.09888888888889, 47.351388888888891 ], [ 9.082777777777778, 47.30222222222222 ], [ 8.999722222222221, 47.260833333333331 ], [ 8.973888888888888, 47.255555555555553 ], [ 8.923888888888888, 47.217777777777776 ], [ 8.894722222222221, 47.195277777777775 ], [ 8.743663888888888, 47.176302777777778 ], [ 8.673077777777777, 47.167222222222222 ], [ 8.648888888888889, 47.164166666666667 ], [ 8.618611111111111, 47.155277777777776 ], [ 8.492222222222221, 47.144444444444446 ], [ 8.455772222222221, 47.142761111111113 ], [ 8.370555555555557, 47.138333333333335 ], [ 8.297086111111112, 47.136975 ], [ 7.994722222222222, 47.131388888888893 ], [ 8.054958333333333, 47.151358333333334 ], [ 7.990822222222222, 47.18311111111111 ], [ 7.978058333333333, 47.18942222222222 ], [ 7.891377777777778, 47.274655555555555 ], [ 7.85861111111111, 47.32 ], [ 7.805605555555555, 47.393166666666666 ], [ 8.082222222222223, 47.370833333333337 ], [ 8.33, 47.461388888888891 ], [ 8.504122222222222, 47.505591666666668 ], [ 8.51295, 47.507825 ], [ 8.715833333333332, 47.558888888888887 ], [ 9.072141666666667, 47.532652777777777 ], [ 9.085277777777778, 47.516111111111108 ] ] ] } },
{ "type": "Feature", "properties": { "fir": "LSAS", "identifier": "LSAS:LSZH-DEP-W:000-125", "name": "LSZH-DEP-W", "level_lower": 0, "level_upper": 125 }, "geometry": { "type": "Polygon", "coordinates": [ [ [ 8.095755555555556, 47.375819444444446 ], [ 8.188644444444444, 47.409738888888889 ], [ 8.346388888888889, 47.291388888888889 ], [ 8.222777777777777, 47.243055555555557 ], [ 8.100555555555555, 47.195 ], [ 7.990822222222222, 47.18311111111111 ], [ 7.978058333333333, 47.18942222222222 ], [ 7.891377777777778, 47.274655555555555 ], [ 7.85861111111111, 47.32 ], [ 7.805605555555555, 47.393166666666666 ], [ 7.803372222222222, 47.396247222222222 ], [ 8.095755555555556, 47.375819444444446 ] ] ] } },
{ "type": "Feature", "properties": { "fir": "LFRR", "identifier": "LFRR:MI UAC:345-365", "name": "MI UAC", "level_lower": 345, "level_upper": 365 }, "geometry": { "type": "Polygon", "coordinates": [ [ [ 0.096111111111111, 50.137777777777778 ], [ 0.769722222222222, 50.401388888888889 ], [ 1.328888888888889, 49.978055555555557 ], [ 1.403333333333333, 49.921944444444442 ], [ 1.554847222222222, 49.804236111111109 ], [ 1.809441666666667, 49.606111111111112 ], [ 1.084722222222222, 49.094444444444449 ], [ 0.096111111111111, 50.137777777777778 ] ] ] } },
{ "type": "Feature", "properties": { "fir": "LFRR", "identifier": "LFRR:MS UAC:295-345", "name": "MS UAC", "level_lower": 295, "level_upper": 345 }, "geometry": { "type": "Polygon", "coordinates": [ [ [ 1.084722222222222, 49.094444444444449 ], [ 0.096111111111111, 50.137777777777778 ], [ 0.769722222222222, 50.401388888888889 ], [ 1.328888888888889, 49.978055555555557 ], [ 1.403333333333333, 49.921944444444442 ], [ 1.554847222222222, 49.804236111111109 ], [ 1.809441666666667, 49.606111111111112 ], [ 1.084722222222222, 49.094444444444449 ] ] ] } },
{ "type": "Feature", "properties": { "fir": "LFRR", "identifier": "LFRR:MU UAC:365-660", "name": "MU UAC", "level_lower": 365, "level_upper": 660 }, "geometry": { "type": "Polygon", "coordinates": [ [ [ 0.096111111111111, 50.137777777777778 ], [ 0.769722222222222, 50.401388888888889 ], [ 1.328888888888889, 49.978055555555557 ], [ 1.403333333333333, 49.921944444444442 ], [ 1.554847222222222, 49.804236111111109 ], [ 1.809441666666667, 49.606111111111112 ], [ 1.084722222222222, 49.094444444444449 ], [ 0.096111111111111, 50.137777777777778 ] ] ] } },
{ "type": "Feature", "properties": { "fir": "LFRR", "identifier": "LFRR:XI UAC:345-365", "name": "XI UAC", "level_lower": 345, "level_upper": 365 }, "geometry": { "type": "Polygon", "coordinates": [ [ [ 1.782222222222222, 48.133333333333333 ], [ 1.768333333333333, 48.110277777777782 ], [ 1.715277777777778, 47.953611111111115 ], [ 1.690555555555556, 47.831666666666671 ], [ 1.676666666666667, 47.762777777777778 ], [ 1.633611111111111, 47.550277777777772 ], [ 1.466666666666667, 47.166663888888884 ], [ 0.986666666666667, 47.00416666666667 ], [ 0.574444444444444, 47.063888888888883 ], [ 0.321944444444444, 47.083333333333336 ], [ -0.25, 47.044441666666664 ], [ -0.25, 47.166666666666664 ], [ -0.693886111111111, 47.521108333333331 ], [ -0.25, 47.933055555555555 ], [ -0.25, 48.462222222222223 ], [ -0.25, 48.941666666666663 ], [ -0.25, 49.166666666666664 ], [ 1.084722222222222, 49.094444444444449 ], [ 1.2, 48.666666666666664 ], [ 1.782222222222222, 48.133333333333333 ] ] ] } },
{ "type": "Feature", "properties": { "fir": "LFRR", "identifier": "LFRR:XS1 UAC:295-305", "name": "XS1 UAC", "level_lower": 295, "level_upper": 305 }, "geometry": { "type": "Polygon", "coordinates": [ [ [ -0.25, 48.462222222222223 ], [ -0.25, 48.941666666666663 ], [ -0.25, 49.166666666666664 ], [ 1.084722222222222, 49.094444444444449 ], [ 1.2, 48.666666666666664 ], [ 1.782222222222222, 48.133333333333333 ], [ 1.768333333333333, 48.110277777777782 ], [ 1.715277777777778, 47.953611111111115 ], [ 1.690555555555556, 47.831666666666671 ], [ 1.676666666666667, 47.762777777777778 ], [ 0.917222222222222, 47.989166666666669 ], [ 0.2775, 48.174722222222222 ], [ 0.022222222222222, 48.096111111111114 ], [ -0.071111111111111, 48.048055555555557 ], [ -0.25, 47.933055555555555 ], [ -0.25, 48.462222222222223 ] ] ] } },
{ "type": "Feature", "properties": { "fir": "LFRR", "identifier": "LFRR:XS2 UAC:305-345", "name": "XS2 UAC", "level_lower": 305, "level_upper": 345 }, "geometry": { "type": "Polygon", "coordinates": [ [ [ 1.782222222222222, 48.133333333333333 ], [ 1.768333333333333, 48.110277777777782 ], [ 1.715277777777778, 47.953611111111115 ], [ 1.690555555555556, 47.831666666666671 ], [ 1.676666666666667, 47.762777777777778 ], [ 1.633611111111111, 47.550277777777772 ], [ 1.466666666666667, 47.166663888888884 ], [ 0.986666666666667, 47.00416666666667 ], [ 0.574444444444444, 47.063888888888883 ], [ 0.321944444444444, 47.083333333333336 ], [ -0.25, 47.044441666666664 ], [ -0.25, 47.166666666666664 ], [ -0.693886111111111, 47.521108333333331 ], [ -0.25, 47.933055555555555 ], [ -0.25, 48.462222222222223 ], [ -0.25, 48.941666666666663 ], [ -0.25, 49.166666666666664 ], [ 1.084722222222222, 49.094444444444449 ], [ 1.2, 48.666666666666664 ], [ 1.782222222222222, 48.133333333333333 ] ] ] } },
{ "type": "Feature", "properties": { "fir": "LFRR", "identifier": "LFRR:XU UAC:365-660", "name": "XU UAC", "level_lower": 365, "level_upper": 660 }, "geometry": { "type": "Polygon", "coordinates": [ [ [ 1.782222222222222, 48.133333333333333 ], [ 1.768333333333333, 48.110277777777782 ], [ 1.715277777777778, 47.953611111111115 ], [ 1.690555555555556, 47.831666666666671 ], [ 1.676666666666667, 47.762777777777778 ], [ 1.633611111111111, 47.550277777777772 ], [ 1.466666666666667, 47.166663888888884 ], [ 0.986666666666667, 47.00416666666667 ], [ 0.574444444444444, 47.063888888888883 ], [ 0.321944444444444, 47.083333333333336 ], [ -0.25, 47.044441666666664 ], [ -0.25, 47.166666666666664 ], [ -0.693886111111111, 47.521108333333331 ], [ -0.25, 47.933055555555555 ], [ -0.25, 48.462222222222223 ], [ -0.25, 48.941666666666663 ], [ -0.25, 49.166666666666664 ], [ 1.084722222222222, 49.094444444444449 ], [ 1.2, 48.666666666666664 ], [ 1.782222222222222, 48.133333333333333 ] ] ] } },
{ "type": "Feature", "properties": { "fir": "LFRR", "identifier": "LFRR:ZI UAC:345-365", "name": "ZI UAC", "level_lower": 345, "level_upper": 365 }, "geometry": { "type": "Polygon", "coordinates": [ [ [ 1.809441666666667, 49.606111111111112 ], [ 2.241388888888889, 49.265555555555558 ], [ 2.454722222222222, 49.076111111111118 ], [ 2.541666666666667, 49.0 ], [ 3.016663888888889, 48.583333333333336 ], [ 2.920277777777778, 48.5025 ], [ 2.792777777777778, 48.395277777777778 ], [ 2.610277777777778, 48.133333333333333 ], [ 1.782222222222222, 48.133333333333333 ], [ 1.2, 48.666666666666664 ], [ 1.084722222222222, 49.094444444444449 ], [ 1.809441666666667, 49.606111111111112 ] ] ] } },
{ "type": "Feature", "properties": { "fir": "LFRR", "identifier": "LFRR:ZS UAC:295-345", "name": "ZS UAC", "level_lower": 295, "level_upper": 345 }, "geometry": { "type": "Polygon", "coordinates": [ [ [ 1.809441666666667, 49.606111111111112 ], [ 2.241388888888889, 49.265555555555558 ], [ 2.454722222222222, 49.076111111111118 ], [ 3.016663888888889, 48.583333333333336 ], [ 2.920277777777778, 48.5025 ], [ 2.792777777777778, 48.395277777777778 ], [ 2.610277777777778, 48.133333333333333 ], [ 1.782222222222222, 48.133333333333333 ], [ 1.2, 48.666666666666664 ], [ 1.084722222222222, 49.094444444444449 ], [ 1.809441666666667, 49.606111111111112 ] ] ] } },
{ "type": "Feature", "properties": { "fir": "LFRR", "identifier": "LFRR:ZU UAC:365-660", "name": "ZU UAC", "level_lower": 365, "level_upper": 660 }, "geometry": { "type": "Polygon", "coordinates": [ [ [ 1.809441666666667, 49.606111111111112 ], [ 2.241388888888889, 49.265555555555558 ], [ 2.454722222222222, 49.076111111111118 ], [ 3.016663888888889, 48.583333333333336 ], [ 2.920277777777778, 48.5025 ], [ 2.792777777777778, 48.395277777777778 ], [ 2.610277777777778, 48.133333333333333 ], [ 1.782222222222222, 48.133333333333333 ], [ 1.2, 48.666666666666664 ], [ 1.084722222222222, 49.094444444444449 ], [ 1.809441666666667, 49.606111111111112 ] ] ] } }
]
}
