{
"type": "FeatureCollection",
"name": "LFMM_Sectors_EXT",
"crs": { "type": "name", "properties": { "name": "urn:ogc:def:crs:OGC:1.3:CRS84" } },
"features": [
{ "type": "Feature", "properties": { "fir": "LFBB", "identifier": "LFBB:AQUITAINE BE1:020-075", "name": "AQUITAINE BE1", "level_lower": 20, "level_upper": 75 }, "geometry": { "type": "Polygon", "coordinates": [ [ [ -0.483055555555556, 45.668611111111112 ], [ -0.482777777777778, 45.670555555555552 ], [ -0.482222222222222, 45.6725 ], [ -0.481944444444444, 45.674722222222222 ], [ -0.481388888888889, 45.676666666666662 ], [ -0.481111111111111, 45.67861111111111 ], [ -0.480555555555556, 45.68055555555555 ], [ -0.48, 45.6825 ], [ -0.479166666666667, 45.684444444444438 ], [ -0.478611111111111, 45.68666666666666 ], [ -0.477777777777778, 45.688611111111108 ], [ -0.476944444444444, 45.690555555555555 ], [ -0.476111111111111, 45.6925 ], [ -0.475277777777778, 45.694444444444443 ], [ -0.474444444444444, 45.696388888888883 ], [ -0.473333333333333, 45.698055555555555 ], [ -0.4725, 45.7 ], [ -0.471388888888889, 45.70194444444445 ], [ -0.470277777777778, 45.703888888888891 ], [ -0.468888888888889, 45.705833333333338 ], [ -0.467777777777778, 45.7075 ], [ -0.466666666666667, 45.709444444444451 ], [ -0.465277777777778, 45.711111111111116 ], [ -0.463888888888889, 45.713055555555556 ], [ -0.4625, 45.714722222222228 ], [ -0.461111111111111, 45.716388888888893 ], [ -0.459444444444444, 45.718333333333334 ], [ -0.458055555555556, 45.72 ], [ -0.456388888888889, 45.721666666666671 ], [ -0.454722222222222, 45.723333333333336 ], [ -0.453333333333333, 45.725 ], [ -0.451388888888889, 45.726666666666667 ], [ -0.449722222222222, 45.728333333333332 ], [ -0.448055555555556, 45.73 ], [ -0.446111111111111, 45.731666666666669 ], [ -0.444444444444444, 45.733055555555559 ], [ -0.4425, 45.734722222222224 ], [ -0.440555555555556, 45.736111111111114 ], [ -0.438611111111111, 45.737777777777779 ], [ -0.436666666666667, 45.739166666666669 ], [ -0.434444444444444, 45.740555555555559 ], [ -0.4325, 45.741944444444442 ], [ -0.430277777777778, 45.743333333333332 ], [ -0.428055555555556, 45.744722222222222 ], [ -0.426111111111111, 45.746111111111112 ], [ -0.423888888888889, 45.7475 ], [ -0.421388888888889, 45.74861111111111 ], [ -0.419166666666667, 45.75 ], [ -0.416944444444444, 45.751111111111108 ], [ -0.414722222222222, 45.7525 ], [ -0.412222222222222, 45.753611111111113 ], [ -0.409722222222222, 45.75472222222222 ], [ -0.4075, 45.755833333333335 ], [ -0.405, 45.756944444444443 ], [ -0.4025, 45.758055555555558 ], [ -0.4, 45.75888888888889 ], [ -0.3975, 45.76 ], [ -0.395, 45.760833333333331 ], [ -0.392222222222222, 45.761944444444445 ], [ -0.389722222222222, 45.762777777777778 ], [ -0.386944444444444, 45.763611111111111 ], [ -0.384444444444444, 45.764444444444443 ], [ -0.381666666666667, 45.765277777777776 ], [ -0.379166666666667, 45.766111111111108 ], [ -0.378611111111111, 45.766111111111108 ], [ -0.376388888888889, 45.766944444444441 ], [ -0.373611111111111, 45.7675 ], [ -0.370833333333333, 45.768055555555556 ], [ -0.368055555555556, 45.768888888888888 ], [ -0.365833333333333, 45.769444444444446 ], [ -0.365277777777778, 45.769444444444446 ], [ -0.3625, 45.77 ], [ -0.359722222222222, 45.770555555555553 ], [ -0.356944444444444, 45.771111111111111 ], [ -0.354166666666667, 45.771666666666668 ], [ -0.351388888888889, 45.771944444444443 ], [ -0.348333333333333, 45.7725 ], [ -0.345555555555556, 45.772777777777776 ], [ -0.342777777777778, 45.773055555555551 ], [ -0.339722222222222, 45.773333333333333 ], [ -0.336944444444444, 45.773611111111109 ], [ -0.334166666666667, 45.773888888888891 ], [ -0.331111111111111, 45.774166666666666 ], [ -0.328333333333333, 45.774166666666666 ], [ -0.325277777777778, 45.774444444444441 ], [ -0.3225, 45.774444444444441 ], [ -0.319444444444444, 45.774444444444441 ], [ -0.316666666666667, 45.774444444444441 ], [ -0.313888888888889, 45.774444444444441 ], [ -0.310833333333333, 45.774444444444441 ], [ -0.308055555555556, 45.774444444444441 ], [ -0.305, 45.774166666666666 ], [ -0.302222222222222, 45.774166666666666 ], [ -0.299166666666667, 45.773888888888891 ], [ -0.296388888888889, 45.773611111111109 ], [ -0.293611111111111, 45.773333333333333 ], [ -0.290555555555556, 45.773055555555551 ], [ -0.287777777777778, 45.772777777777776 ], [ -0.285, 45.7725 ], [ -0.281944444444444, 45.771944444444443 ], [ -0.279166666666667, 45.771666666666668 ], [ -0.276388888888889, 45.771111111111111 ], [ -0.273611111111111, 45.770555555555553 ], [ -0.270833333333333, 45.77 ], [ -0.268055555555556, 45.769444444444446 ], [ -0.265277777777778, 45.768888888888888 ], [ -0.2625, 45.768055555555556 ], [ -0.259722222222222, 45.7675 ], [ -0.256944444444444, 45.766944444444441 ], [ -0.254166666666667, 45.766111111111108 ], [ -0.251666666666667, 45.765277777777776 ], [ -0.248888888888889, 45.764444444444443 ], [ -0.246388888888889, 45.763611111111111 ], [ -0.243611111111111, 45.762777777777778 ], [ -0.241111111111111, 45.761944444444445 ], [ -0.238333333333333, 45.760833333333331 ], [ -0.235833333333333, 45.76 ], [ -0.233333333333333, 45.75888888888889 ], [ -0.230833333333333, 45.758055555555558 ], [ -0.228333333333333, 45.756944444444443 ], [ -0.225833333333333, 45.755833333333335 ], [ -0.223611111111111, 45.75472222222222 ], [ -0.221111111111111, 45.753611111111113 ], [ -0.218611111111111, 45.7525 ], [ -0.216388888888889, 45.751111111111108 ], [ -0.214166666666667, 45.75 ], [ -0.211944444444444, 45.74861111111111 ], [ -0.209444444444444, 45.7475 ], [ -0.207222222222222, 45.746111111111112 ], [ -0.205277777777778, 45.744722222222222 ], [ -0.203055555555556, 45.743333333333332 ], [ -0.200833333333333, 45.741944444444442 ], [ -0.198888888888889, 45.740555555555559 ], [ -0.196666666666667, 45.739166666666669 ], [ -0.194722222222222, 45.737777777777779 ], [ -0.192777777777778, 45.736111111111114 ], [ -0.190833333333333, 45.734722222222224 ], [ -0.188888888888889, 45.733055555555559 ], [ -0.187222222222222, 45.731666666666669 ], [ -0.185277777777778, 45.73 ], [ -0.183611111111111, 45.728333333333332 ], [ -0.181944444444444, 45.726666666666667 ], [ -0.18, 45.725 ], [ -0.178611111111111, 45.723333333333336 ], [ -0.176944444444444, 45.721666666666671 ], [ -0.175277777777778, 45.72 ], [ -0.173888888888889, 45.718333333333334 ], [ -0.172222222222222, 45.716388888888893 ], [ -0.170833333333333, 45.714722222222228 ], [ -0.169444444444444, 45.713055555555556 ], [ -0.168055555555556, 45.711111111111116 ], [ -0.166666666666667, 45.709444444444451 ], [ -0.165555555555556, 45.7075 ], [ -0.164444444444444, 45.705833333333338 ], [ -0.163055555555556, 45.703888888888891 ], [ -0.161944444444444, 45.70194444444445 ], [ -0.160833333333333, 45.7 ], [ -0.16, 45.698055555555555 ], [ -0.158888888888889, 45.696388888888883 ], [ -0.158055555555556, 45.694444444444443 ], [ -0.157777777777778, 45.693888888888885 ], [ -0.157222222222222, 45.6925 ], [ -0.156388888888889, 45.690555555555555 ], [ -0.155555555555556, 45.688611111111108 ], [ -0.154722222222222, 45.68666666666666 ], [ -0.154166666666667, 45.684444444444438 ], [ -0.153333333333333, 45.6825 ], [ -0.152777777777778, 45.68055555555555 ], [ -0.152222222222222, 45.67861111111111 ], [ -0.151944444444444, 45.676666666666662 ], [ -0.151388888888889, 45.674722222222222 ], [ -0.151111111111111, 45.6725 ], [ -0.150555555555556, 45.670555555555552 ], [ -0.150277777777778, 45.668611111111112 ], [ -0.150277777777778, 45.666388888888889 ], [ -0.099722222222222, 45.631944444444443 ], [ 0.093333333333333, 45.5 ], [ 1.04, 45.5 ], [ 1.186111111111111, 45.166666666666664 ], [ 1.275, 44.963333333333338 ], [ 1.281666666666667, 44.947777777777773 ], [ 1.070277777777778, 44.907222222222224 ], [ 1.057777777777778, 44.747777777777777 ], [ 1.036944444444444, 44.5 ], [ 0.579444444444444, 44.5 ], [ 0.429444444444444, 44.356388888888887 ], [ 0.279444444444444, 44.212222222222223 ], [ 0.133055555555556, 44.116666666666667 ], [ -0.434444444444444, 44.094166666666666 ], [ -0.515277777777778, 44.090833333333336 ], [ -0.520277777777778, 44.090555555555561 ], [ -0.525277777777778, 44.09 ], [ -0.530555555555556, 44.089444444444446 ], [ -0.535555555555556, 44.088888888888889 ], [ -0.540555555555556, 44.088333333333338 ], [ -0.545555555555556, 44.0875 ], [ -0.550555555555556, 44.086666666666666 ], [ -0.555555555555556, 44.085833333333333 ], [ -0.560555555555556, 44.085 ], [ -0.565555555555556, 44.083888888888893 ], [ -0.570555555555556, 44.082777777777778 ], [ -0.575277777777778, 44.081666666666671 ], [ -0.580277777777778, 44.080555555555556 ], [ -0.585, 44.079444444444448 ], [ -0.59, 44.078055555555558 ], [ -0.594722222222222, 44.07694444444445 ], [ -0.599444444444444, 44.07555555555556 ], [ -0.604166666666667, 44.073888888888895 ], [ -0.608888888888889, 44.0725 ], [ -0.613611111111111, 44.07083333333334 ], [ -0.618333333333333, 44.069166666666668 ], [ -0.622777777777778, 44.0675 ], [ -0.627222222222222, 44.06583333333333 ], [ -0.631944444444444, 44.064166666666665 ], [ -0.636388888888889, 44.062222222222218 ], [ -0.640833333333333, 44.060277777777777 ], [ -0.645, 44.05833333333333 ], [ -0.649444444444444, 44.056388888888883 ], [ -0.693055555555556, 44.079722222222223 ], [ -0.431666666666667, 44.3025 ], [ -0.057777777777778, 44.626944444444447 ], [ 0.022777777777778, 44.706111111111113 ], [ 0.022777777777778, 44.706388888888888 ], [ 0.0275, 44.715555555555561 ], [ 0.030277777777778, 44.725 ], [ 0.0325, 44.734166666666667 ], [ 0.034722222222222, 44.743611111111115 ], [ 0.036944444444444, 44.75277777777778 ], [ 0.038611111111111, 44.762222222222221 ], [ 0.04, 44.771666666666668 ], [ 0.041388888888889, 44.781111111111109 ], [ 0.0425, 44.790555555555557 ], [ 0.043333333333333, 44.8 ], [ 0.043888888888889, 44.809444444444445 ], [ 0.044166666666667, 44.818888888888893 ], [ 0.044444444444444, 44.828333333333333 ], [ 0.044444444444444, 44.8375 ], [ 0.043888888888889, 44.846944444444446 ], [ 0.043611111111111, 44.856388888888887 ], [ 0.042777777777778, 44.865833333333335 ], [ 0.041666666666667, 44.875277777777775 ], [ 0.040555555555556, 44.884722222222223 ], [ 0.038888888888889, 44.894166666666663 ], [ 0.037222222222222, 44.903333333333329 ], [ 0.035277777777778, 44.912777777777777 ], [ 0.033055555555556, 44.922222222222217 ], [ 0.030833333333333, 44.93138888888889 ], [ 0.028055555555556, 44.940555555555555 ], [ 0.025277777777778, 44.949722222222221 ], [ 0.022222222222222, 44.958888888888893 ], [ 0.018888888888889, 44.968055555555559 ], [ 0.015277777777778, 44.977222222222224 ], [ 0.013611111111111, 44.981666666666669 ], [ 0.011666666666667, 44.986111111111114 ], [ 0.007777777777778, 44.99527777777778 ], [ 0.003611111111111, 45.00416666666667 ], [ -0.000555555555556, 45.013055555555553 ], [ -0.005277777777778, 45.021944444444443 ], [ -0.01, 45.030555555555551 ], [ -0.015277777777778, 45.039444444444442 ], [ -0.020277777777778, 45.048055555555557 ], [ -0.025833333333333, 45.056666666666665 ], [ -0.031666666666667, 45.065 ], [ -0.0375, 45.073611111111113 ], [ -0.043611111111111, 45.081944444444446 ], [ -0.05, 45.09 ], [ -0.056388888888889, 45.098333333333336 ], [ -0.063055555555556, 45.106388888888887 ], [ -0.07, 45.114444444444445 ], [ -0.077222222222222, 45.1225 ], [ -0.084444444444444, 45.130277777777778 ], [ -0.091944444444444, 45.138055555555553 ], [ -0.099722222222222, 45.145555555555553 ], [ -0.1075, 45.153333333333329 ], [ -0.115555555555556, 45.160833333333329 ], [ -0.123888888888889, 45.168055555555554 ], [ -0.132222222222222, 45.175277777777772 ], [ -0.140833333333333, 45.1825 ], [ -0.149722222222222, 45.18944444444444 ], [ -0.158611111111111, 45.196388888888883 ], [ -0.167777777777778, 45.203333333333333 ], [ -0.176944444444444, 45.21 ], [ -0.186388888888889, 45.216666666666669 ], [ -0.196111111111111, 45.223055555555554 ], [ -0.205833333333333, 45.229444444444447 ], [ -0.215833333333333, 45.235833333333332 ], [ -0.225833333333333, 45.241944444444442 ], [ -0.236111111111111, 45.247777777777777 ], [ -0.246388888888889, 45.253888888888888 ], [ -0.256944444444444, 45.259444444444448 ], [ -0.267777777777778, 45.265 ], [ -0.278611111111111, 45.270555555555553 ], [ -0.289444444444444, 45.275833333333331 ], [ -0.300555555555556, 45.281111111111109 ], [ -0.311666666666667, 45.286111111111111 ], [ -0.323055555555556, 45.291111111111107 ], [ -0.334444444444444, 45.295833333333334 ], [ -0.346111111111111, 45.300555555555555 ], [ -0.357777777777778, 45.305 ], [ -0.369444444444444, 45.309444444444445 ], [ -0.381388888888889, 45.313611111111108 ], [ -0.393333333333333, 45.317777777777778 ], [ -0.405277777777778, 45.321666666666673 ], [ -0.4175, 45.32555555555556 ], [ -0.429722222222222, 45.329166666666673 ], [ -0.442222222222222, 45.3325 ], [ -0.454722222222222, 45.335833333333333 ], [ -0.467222222222222, 45.339166666666671 ], [ -0.479722222222222, 45.342222222222226 ], [ -0.4925, 45.345 ], [ -0.505277777777778, 45.347777777777779 ], [ -0.518055555555556, 45.350277777777777 ], [ -0.530833333333333, 45.352777777777781 ], [ -0.543888888888889, 45.355 ], [ -0.556666666666667, 45.356944444444444 ], [ -0.569722222222222, 45.358888888888892 ], [ -0.582777777777778, 45.360555555555557 ], [ -0.596111111111111, 45.362222222222222 ], [ -0.609166666666667, 45.363611111111112 ], [ -0.622222222222222, 45.365 ], [ -0.635555555555556, 45.36611111111111 ], [ -0.648888888888889, 45.366944444444442 ], [ -0.661944444444444, 45.367777777777775 ], [ -0.675277777777778, 45.368611111111115 ], [ -0.724722222222222, 45.5 ], [ -0.789166666666667, 45.666388888888889 ], [ -0.666388888888889, 45.666388888888889 ], [ -0.483055555555556, 45.666388888888889 ], [ -0.483055555555556, 45.668611111111112 ] ] ] } },
{ "type": "Feature", "properties": { "fir": "LFBB", "identifier": "LFBB:AQUITAINE BE1-N:000-020", "name": "AQUITAINE BE1-N", "level_lower": 0, "level_upper": 20 }, "geometry": { "type": "Polygon", "coordinates": [ [ [ -0.666388888888889, 45.666388888888889 ], [ -0.483055555555556, 45.666388888888889 ], [ -0.483055555555556, 45.668611111111112 ], [ -0.482777777777778, 45.670555555555552 ], [ -0.482222222222222, 45.6725 ], [ -0.481944444444444, 45.674722222222222 ], [ -0.481388888888889, 45.676666666666662 ], [ -0.481111111111111, 45.67861111111111 ], [ -0.480555555555556, 45.68055555555555 ], [ -0.48, 45.6825 ], [ -0.479166666666667, 45.684444444444438 ], [ -0.478611111111111, 45.68666666666666 ], [ -0.477777777777778, 45.688611111111108 ], [ -0.476944444444444, 45.690555555555555 ], [ -0.476111111111111, 45.6925 ], [ -0.475277777777778, 45.694444444444443 ], [ -0.474444444444444, 45.696388888888883 ], [ -0.473333333333333, 45.698055555555555 ], [ -0.4725, 45.7 ], [ -0.471388888888889, 45.70194444444445 ], [ -0.470277777777778, 45.703888888888891 ], [ -0.468888888888889, 45.705833333333338 ], [ -0.467777777777778, 45.7075 ], [ -0.466666666666667, 45.709444444444451 ], [ -0.465277777777778, 45.711111111111116 ], [ -0.463888888888889, 45.713055555555556 ], [ -0.4625, 45.714722222222228 ], [ -0.461111111111111, 45.716388888888893 ], [ -0.459444444444444, 45.718333333333334 ], [ -0.458055555555556, 45.72 ], [ -0.456388888888889, 45.721666666666671 ], [ -0.454722222222222, 45.723333333333336 ], [ -0.453333333333333, 45.725 ], [ -0.451388888888889, 45.726666666666667 ], [ -0.449722222222222, 45.728333333333332 ], [ -0.448055555555556, 45.73 ], [ -0.446111111111111, 45.731666666666669 ], [ -0.444444444444444, 45.733055555555559 ], [ -0.4425, 45.734722222222224 ], [ -0.440555555555556, 45.736111111111114 ], [ -0.438611111111111, 45.737777777777779 ], [ -0.436666666666667, 45.739166666666669 ], [ -0.434444444444444, 45.740555555555559 ], [ -0.4325, 45.741944444444442 ], [ -0.430277777777778, 45.743333333333332 ], [ -0.428055555555556, 45.744722222222222 ], [ -0.426111111111111, 45.746111111111112 ], [ -0.423888888888889, 45.7475 ], [ -0.421388888888889, 45.74861111111111 ], [ -0.419166666666667, 45.75 ], [ -0.416944444444444, 45.751111111111108 ], [ -0.414722222222222, 45.7525 ], [ -0.412222222222222, 45.753611111111113 ], [ -0.409722222222222, 45.75472222222222 ], [ -0.4075, 45.755833333333335 ], [ -0.405, 45.756944444444443 ], [ -0.4025, 45.758055555555558 ], [ -0.4, 45.75888888888889 ], [ -0.3975, 45.76 ], [ -0.395, 45.760833333333331 ], [ -0.392222222222222, 45.761944444444445 ], [ -0.389722222222222, 45.762777777777778 ], [ -0.386944444444444, 45.763611111111111 ], [ -0.384444444444444, 45.764444444444443 ], [ -0.381666666666667, 45.765277777777776 ], [ -0.379166666666667, 45.766111111111108 ], [ -0.378611111111111, 45.766111111111108 ], [ -0.376388888888889, 45.766944444444441 ], [ -0.373611111111111, 45.7675 ], [ -0.370833333333333, 45.768055555555556 ], [ -0.368055555555556, 45.768888888888888 ], [ -0.365833333333333, 45.769444444444446 ], [ -0.365277777777778, 45.769444444444446 ], [ -0.3625, 45.77 ], [ -0.359722222222222, 45.770555555555553 ], [ -0.356944444444444, 45.771111111111111 ], [ -0.354166666666667, 45.771666666666668 ], [ -0.351388888888889, 45.771944444444443 ], [ -0.348333333333333, 45.7725 ], [ -0.345555555555556, 45.772777777777776 ], [ -0.342777777777778, 45.773055555555551 ], [ -0.339722222222222, 45.773333333333333 ], [ -0.336944444444444, 45.773611111111109 ], [ -0.334166666666667, 45.773888888888891 ], [ -0.331111111111111, 45.774166666666666 ], [ -0.328333333333333, 45.774166666666666 ], [ -0.325277777777778, 45.774444444444441 ], [ -0.3225, 45.774444444444441 ], [ -0.319444444444444, 45.774444444444441 ], [ -0.316666666666667, 45.774444444444441 ], [ -0.313888888888889, 45.774444444444441 ], [ -0.310833333333333, 45.774444444444441 ], [ -0.308055555555556, 45.774444444444441 ], [ -0.305, 45.774166666666666 ], [ -0.302222222222222, 45.774166666666666 ], [ -0.299166666666667, 45.773888888888891 ], [ -0.296388888888889, 45.773611111111109 ], [ -0.293611111111111, 45.773333333333333 ], [ -0.290555555555556, 45.773055555555551 ], [ -0.287777777777778, 45.772777777777776 ], [ -0.285, 45.7725 ], [ -0.281944444444444, 45.771944444444443 ], [ -0.279166666666667, 45.771666666666668 ], [ -0.276388888888889, 45.771111111111111 ], [ -0.273611111111111, 45.770555555555553 ], [ -0.270833333333333, 45.77 ], [ -0.268055555555556, 45.769444444444446 ], [ -0.265277777777778, 45.768888888888888 ], [ -0.2625, 45.768055555555556 ], [ -0.259722222222222, 45.7675 ], [ -0.256944444444444, 45.766944444444441 ], [ -0.254166666666667, 45.766111111111108 ], [ -0.251666666666667, 45.765277777777776 ], [ -0.248888888888889, 45.764444444444443 ], [ -0.246388888888889, 45.763611111111111 ], [ -0.243611111111111, 45.762777777777778 ], [ -0.241111111111111, 45.761944444444445 ], [ -0.238333333333333, 45.760833333333331 ], [ -0.235833333333333, 45.76 ], [ -0.233333333333333, 45.75888888888889 ], [ -0.230833333333333, 45.758055555555558 ], [ -0.228333333333333, 45.756944444444443 ], [ -0.225833333333333, 45.755833333333335 ], [ -0.223611111111111, 45.75472222222222 ], [ -0.221111111111111, 45.753611111111113 ], [ -0.218611111111111, 45.7525 ], [ -0.216388888888889, 45.751111111111108 ], [ -0.214166666666667, 45.75 ], [ -0.211944444444444, 45.74861111111111 ], [ -0.209444444444444, 45.7475 ], [ -0.207222222222222, 45.746111111111112 ], [ -0.205277777777778, 45.744722222222222 ], [ -0.203055555555556, 45.743333333333332 ], [ -0.200833333333333, 45.741944444444442 ], [ -0.198888888888889, 45.740555555555559 ], [ -0.196666666666667, 45.739166666666669 ], [ -0.194722222222222, 45.737777777777779 ], [ -0.192777777777778, 45.736111111111114 ], [ -0.190833333333333, 45.734722222222224 ], [ -0.188888888888889, 45.733055555555559 ], [ -0.187222222222222, 45.731666666666669 ], [ -0.185277777777778, 45.73 ], [ -0.183611111111111, 45.728333333333332 ], [ -0.181944444444444, 45.726666666666667 ], [ -0.18, 45.725 ], [ -0.178611111111111, 45.723333333333336 ], [ -0.176944444444444, 45.721666666666671 ], [ -0.175277777777778, 45.72 ], [ -0.173888888888889, 45.718333333333334 ], [ -0.172222222222222, 45.716388888888893 ], [ -0.170833333333333, 45.714722222222228 ], [ -0.169444444444444, 45.713055555555556 ], [ -0.168055555555556, 45.711111111111116 ], [ -0.166666666666667, 45.709444444444451 ], [ -0.165555555555556, 45.7075 ], [ -0.164444444444444, 45.705833333333338 ], [ -0.163055555555556, 45.703888888888891 ], [ -0.161944444444444, 45.70194444444445 ], [ -0.160833333333333, 45.7 ], [ -0.16, 45.698055555555555 ], [ -0.158888888888889, 45.696388888888883 ], [ -0.158055555555556, 45.694444444444443 ], [ -0.157777777777778, 45.693888888888885 ], [ -0.157222222222222, 45.6925 ], [ -0.156388888888889, 45.690555555555555 ], [ -0.155555555555556, 45.688611111111108 ], [ -0.154722222222222, 45.68666666666666 ], [ -0.154166666666667, 45.684444444444438 ], [ -0.153333333333333, 45.6825 ], [ -0.152777777777778, 45.68055555555555 ], [ -0.152222222222222, 45.67861111111111 ], [ -0.151944444444444, 45.676666666666662 ], [ -0.151388888888889, 45.674722222222222 ], [ -0.151111111111111, 45.6725 ], [ -0.150555555555556, 45.670555555555552 ], [ -0.150277777777778, 45.668611111111112 ], [ -0.150277777777778, 45.666388888888889 ], [ -0.099722222222222, 45.631944444444443 ], [ 0.093333333333333, 45.5 ], [ 1.04, 45.5 ], [ 1.186111111111111, 45.166666666666664 ], [ 1.275, 44.963333333333338 ], [ 1.281666666666667, 44.947777777777773 ], [ 1.070277777777778, 44.907222222222224 ], [ 1.057777777777778, 44.747777777777777 ], [ 0.648333333333333, 44.726944444444449 ], [ 0.650833333333333, 44.728611111111114 ], [ 0.653055555555556, 44.730277777777779 ], [ 0.655555555555556, 44.731944444444444 ], [ 0.657777777777778, 44.733888888888892 ], [ 0.66, 44.735555555555557 ], [ 0.662222222222222, 44.737222222222222 ], [ 0.664166666666667, 44.739166666666669 ], [ 0.666388888888889, 44.740833333333335 ], [ 0.668333333333333, 44.742777777777782 ], [ 0.670277777777778, 44.744722222222222 ], [ 0.672222222222222, 44.74666666666667 ], [ 0.674166666666667, 44.74861111111111 ], [ 0.676111111111111, 44.750555555555557 ], [ 0.677777777777778, 44.7525 ], [ 0.679444444444444, 44.754444444444445 ], [ 0.681111111111111, 44.756388888888885 ], [ 0.682777777777778, 44.758611111111108 ], [ 0.684444444444444, 44.760555555555555 ], [ 0.686111111111111, 44.762777777777778 ], [ 0.6875, 44.764722222222225 ], [ 0.688888888888889, 44.766944444444441 ], [ 0.690277777777778, 44.768888888888888 ], [ 0.691666666666667, 44.771111111111111 ], [ 0.693055555555556, 44.773333333333333 ], [ 0.694166666666667, 44.775555555555556 ], [ 0.695277777777778, 44.777777777777779 ], [ 0.696388888888889, 44.78 ], [ 0.6975, 44.782222222222224 ], [ 0.698611111111111, 44.784444444444439 ], [ 0.699444444444444, 44.786666666666662 ], [ 0.700555555555555, 44.788888888888884 ], [ 0.701388888888889, 44.791111111111107 ], [ 0.702222222222222, 44.793333333333329 ], [ 0.702777777777778, 44.795555555555552 ], [ 0.703611111111111, 44.798055555555557 ], [ 0.704166666666667, 44.800277777777772 ], [ 0.704722222222222, 44.8025 ], [ 0.705277777777778, 44.805 ], [ 0.705555555555555, 44.807222222222222 ], [ 0.706111111111111, 44.809444444444445 ], [ 0.706388888888889, 44.811944444444443 ], [ 0.706666666666667, 44.814166666666665 ], [ 0.706944444444444, 44.81666666666667 ], [ 0.706944444444444, 44.818888888888893 ], [ 0.707222222222222, 44.82138888888889 ], [ 0.707222222222222, 44.823611111111113 ], [ 0.707222222222222, 44.825833333333335 ], [ 0.707222222222222, 44.828333333333333 ], [ 0.706944444444444, 44.830555555555556 ], [ 0.706944444444444, 44.833055555555561 ], [ 0.706666666666667, 44.835277777777783 ], [ 0.706388888888889, 44.837777777777781 ], [ 0.706111111111111, 44.84 ], [ 0.705555555555555, 44.842222222222226 ], [ 0.705, 44.844722222222224 ], [ 0.704722222222222, 44.846944444444446 ], [ 0.703888888888889, 44.849166666666669 ], [ 0.703333333333333, 44.851666666666667 ], [ 0.702777777777778, 44.853888888888889 ], [ 0.701944444444444, 44.856111111111112 ], [ 0.701111111111111, 44.858333333333334 ], [ 0.700277777777778, 44.860555555555557 ], [ 0.699444444444444, 44.863055555555555 ], [ 0.698333333333333, 44.865277777777777 ], [ 0.697222222222222, 44.8675 ], [ 0.696388888888889, 44.869722222222222 ], [ 0.695277777777778, 44.871944444444445 ], [ 0.693888888888889, 44.873888888888892 ], [ 0.692777777777778, 44.876111111111115 ], [ 0.691388888888889, 44.87833333333333 ], [ 0.69, 44.880555555555553 ], [ 0.688611111111111, 44.8825 ], [ 0.687222222222222, 44.884722222222223 ], [ 0.685833333333333, 44.886666666666663 ], [ 0.684166666666667, 44.888888888888886 ], [ 0.6825, 44.890833333333333 ], [ 0.680833333333333, 44.893055555555556 ], [ 0.679166666666667, 44.895 ], [ 0.6775, 44.896944444444443 ], [ 0.675555555555555, 44.898888888888891 ], [ 0.673888888888889, 44.900833333333331 ], [ 0.671944444444444, 44.902777777777779 ], [ 0.67, 44.904722222222219 ], [ 0.667777777777778, 44.906388888888884 ], [ 0.391944444444444, 44.921388888888885 ], [ 0.389722222222222, 44.92 ], [ 0.3875, 44.918333333333329 ], [ 0.385, 44.916388888888889 ], [ 0.382777777777778, 44.914722222222224 ], [ 0.380555555555556, 44.913055555555552 ], [ 0.378611111111111, 44.911388888888887 ], [ 0.376388888888889, 44.909444444444446 ], [ 0.374444444444444, 44.9075 ], [ 0.372222222222222, 44.905833333333334 ], [ 0.370277777777778, 44.903888888888886 ], [ 0.368333333333333, 44.901944444444446 ], [ 0.366388888888889, 44.9 ], [ 0.364722222222222, 44.898055555555558 ], [ 0.362777777777778, 44.896111111111111 ], [ 0.361111111111111, 44.894166666666663 ], [ 0.359444444444444, 44.892222222222223 ], [ 0.357777777777778, 44.89 ], [ 0.356111111111111, 44.888055555555553 ], [ 0.354722222222222, 44.885833333333331 ], [ 0.353055555555556, 44.88388888888889 ], [ 0.351666666666667, 44.881666666666668 ], [ 0.350277777777778, 44.87972222222222 ], [ 0.349166666666667, 44.8775 ], [ 0.347777777777778, 44.875277777777775 ], [ 0.346666666666667, 44.873055555555553 ], [ 0.345277777777778, 44.870833333333337 ], [ 0.344166666666667, 44.868611111111115 ], [ 0.343055555555556, 44.866388888888892 ], [ 0.342222222222222, 44.864166666666669 ], [ 0.341111111111111, 44.861944444444447 ], [ 0.340277777777778, 44.859722222222224 ], [ 0.339444444444444, 44.8575 ], [ 0.338611111111111, 44.855277777777779 ], [ 0.338055555555556, 44.852777777777781 ], [ 0.337222222222222, 44.850555555555559 ], [ 0.336666666666667, 44.848333333333336 ], [ 0.336111111111111, 44.845833333333339 ], [ 0.335555555555556, 44.843611111111116 ], [ 0.335277777777778, 44.841388888888893 ], [ 0.334722222222222, 44.838888888888889 ], [ 0.334444444444444, 44.836666666666666 ], [ 0.334166666666667, 44.834166666666668 ], [ 0.333888888888889, 44.831944444444446 ], [ 0.333888888888889, 44.829722222222223 ], [ 0.333611111111111, 44.827222222222225 ], [ 0.333611111111111, 44.825 ], [ 0.333611111111111, 44.8225 ], [ 0.333611111111111, 44.820277777777783 ], [ 0.333888888888889, 44.817777777777778 ], [ 0.334166666666667, 44.815555555555555 ], [ 0.334166666666667, 44.81305555555555 ], [ 0.334444444444444, 44.810833333333328 ], [ 0.335, 44.808611111111105 ], [ 0.335277777777778, 44.806111111111107 ], [ 0.335833333333333, 44.803888888888885 ], [ 0.336388888888889, 44.801388888888887 ], [ 0.336944444444444, 44.799166666666665 ], [ 0.3375, 44.796944444444442 ], [ 0.338333333333333, 44.794722222222219 ], [ 0.339166666666667, 44.792222222222222 ], [ 0.339722222222222, 44.79 ], [ 0.340833333333333, 44.787777777777777 ], [ 0.341666666666667, 44.785555555555554 ], [ 0.3425, 44.783333333333331 ], [ 0.343611111111111, 44.781111111111109 ], [ 0.344722222222222, 44.778888888888886 ], [ 0.345833333333333, 44.776666666666664 ], [ 0.346944444444444, 44.774444444444441 ], [ 0.348333333333333, 44.772222222222219 ], [ 0.349722222222222, 44.77 ], [ 0.351111111111111, 44.768055555555556 ], [ 0.3525, 44.765833333333333 ], [ 0.353888888888889, 44.763611111111111 ], [ 0.355277777777778, 44.761666666666663 ], [ 0.356944444444444, 44.759444444444448 ], [ 0.358611111111111, 44.7575 ], [ 0.360277777777778, 44.755555555555553 ], [ 0.361944444444444, 44.75333333333333 ], [ 0.363611111111111, 44.75138888888889 ], [ 0.365555555555556, 44.749444444444443 ], [ 0.367222222222222, 44.7475 ], [ 0.369166666666667, 44.745555555555555 ], [ 0.371111111111111, 44.743611111111115 ], [ 0.373055555555556, 44.741666666666667 ], [ 0.034722222222222, 44.743611111111115 ], [ 0.036944444444444, 44.75277777777778 ], [ 0.038611111111111, 44.762222222222221 ], [ 0.04, 44.771666666666668 ], [ 0.041388888888889, 44.781111111111109 ], [ 0.0425, 44.790555555555557 ], [ 0.043333333333333, 44.8 ], [ 0.043888888888889, 44.809444444444445 ], [ 0.044166666666667, 44.818888888888893 ], [ 0.044444444444444, 44.828333333333333 ], [ 0.044444444444444, 44.8375 ], [ 0.043888888888889, 44.846944444444446 ], [ 0.043611111111111, 44.856388888888887 ], [ 0.042777777777778, 44.865833333333335 ], [ 0.041666666666667, 44.875277777777775 ], [ 0.040555555555556, 44.884722222222223 ], [ 0.038888888888889, 44.894166666666663 ], [ 0.037222222222222, 44.903333333333329 ], [ 0.035277777777778, 44.912777777777777 ], [ 0.033055555555556, 44.922222222222217 ], [ 0.030833333333333, 44.93138888888889 ], [ 0.028055555555556, 44.940555555555555 ], [ 0.025277777777778, 44.949722222222221 ], [ 0.022222222222222, 44.958888888888893 ], [ 0.018888888888889, 44.968055555555559 ], [ 0.015277777777778, 44.977222222222224 ], [ 0.013611111111111, 44.981666666666669 ], [ 0.011666666666667, 44.986111111111114 ], [ 0.007777777777778, 44.99527777777778 ], [ 0.003611111111111, 45.00416666666667 ], [ -0.000555555555556, 45.013055555555553 ], [ -0.005277777777778, 45.021944444444443 ], [ -0.01, 45.030555555555551 ], [ -0.015277777777778, 45.039444444444442 ], [ -0.020277777777778, 45.048055555555557 ], [ -0.025833333333333, 45.056666666666665 ], [ -0.031666666666667, 45.065 ], [ -0.0375, 45.073611111111113 ], [ -0.043611111111111, 45.081944444444446 ], [ -0.05, 45.09 ], [ -0.056388888888889, 45.098333333333336 ], [ -0.063055555555556, 45.106388888888887 ], [ -0.07, 45.114444444444445 ], [ -0.077222222222222, 45.1225 ], [ -0.084444444444444, 45.130277777777778 ], [ -0.091944444444444, 45.138055555555553 ], [ -0.099722222222222, 45.145555555555553 ], [ -0.1075, 45.153333333333329 ], [ -0.115555555555556, 45.160833333333329 ], [ -0.123888888888889, 45.168055555555554 ], [ -0.132222222222222, 45.175277777777772 ], [ -0.140833333333333, 45.1825 ], [ -0.149722222222222, 45.18944444444444 ], [ -0.158611111111111, 45.196388888888883 ], [ -0.167777777777778, 45.203333333333333 ], [ -0.176944444444444, 45.21 ], [ -0.186388888888889, 45.216666666666669 ], [ -0.196111111111111, 45.223055555555554 ], [ -0.205833333333333, 45.229444444444447 ], [ -0.215833333333333, 45.235833333333332 ], [ -0.225833333333333, 45.241944444444442 ], [ -0.236111111111111, 45.247777777777777 ], [ -0.246388888888889, 45.253888888888888 ], [ -0.256944444444444, 45.259444444444448 ], [ -0.267777777777778, 45.265 ], [ -0.278611111111111, 45.270555555555553 ], [ -0.289444444444444, 45.275833333333331 ], [ -0.300555555555556, 45.281111111111109 ], [ -0.311666666666667, 45.286111111111111 ], [ -0.323055555555556, 45.291111111111107 ], [ -0.334444444444444, 45.295833333333334 ], [ -0.346111111111111, 45.300555555555555 ], [ -0.357777777777778, 45.305 ], [ -0.369444444444444, 45.309444444444445 ], [ -0.381388888888889, 45.313611111111108 ], [ -0.393333333333333, 45.317777777777778 ], [ -0.405277777777778, 45.321666666666673 ], [ -0.4175, 45.32555555555556 ], [ -0.429722222222222, 45.329166666666673 ], [ -0.442222222222222, 45.3325 ], [ -0.454722222222222, 45.335833333333333 ], [ -0.467222222222222, 45.339166666666671 ], [ -0.479722222222222, 45.342222222222226 ], [ -0.4925, 45.345 ], [ -0.505277777777778, 45.347777777777779 ], [ -0.518055555555556, 45.350277777777777 ], [ -0.530833333333333, 45.352777777777781 ], [ -0.543888888888889, 45.355 ], [ -0.556666666666667, 45.356944444444444 ], [ -0.569722222222222, 45.358888888888892 ], [ -0.582777777777778, 45.360555555555557 ], [ -0.596111111111111, 45.362222222222222 ], [ -0.609166666666667, 45.363611111111112 ], [ -0.622222222222222, 45.365 ], [ -0.635555555555556, 45.36611111111111 ], [ -0.648888888888889, 45.366944444444442 ], [ -0.661944444444444, 45.367777777777775 ], [ -0.675277777777778, 45.368611111111115 ], [ -0.724722222222222, 45.5 ], [ -0.789166666666667, 45.666388888888889 ], [ -0.666388888888889, 45.666388888888889 ] ] ] } },
{ "type": "Feature", "properties": { "fir": "LFBB", "identifier": "LFBB:AQUITAINE BE1-S:000-020", "name": "AQUITAINE BE1-S", "level_lower": 0, "level_upper": 20 }, "geometry": { "type": "Polygon", "coordinates": [ [ [ 0.034722222222222, 44.743611111111115 ], [ 0.373055555555556, 44.741666666666667 ], [ 0.648333333333333, 44.726944444444449 ], [ 1.057777777777778, 44.747777777777777 ], [ 1.036944444444444, 44.5 ], [ 0.579444444444444, 44.5 ], [ 0.429444444444444, 44.356388888888887 ], [ 0.279444444444444, 44.212222222222223 ], [ 0.133055555555556, 44.116666666666667 ], [ -0.434444444444444, 44.094166666666666 ], [ -0.515277777777778, 44.090833333333336 ], [ -0.520277777777778, 44.090555555555561 ], [ -0.525277777777778, 44.09 ], [ -0.530555555555556, 44.089444444444446 ], [ -0.535555555555556, 44.088888888888889 ], [ -0.540555555555556, 44.088333333333338 ], [ -0.545555555555556, 44.0875 ], [ -0.550555555555556, 44.086666666666666 ], [ -0.555555555555556, 44.085833333333333 ], [ -0.560555555555556, 44.085 ], [ -0.565555555555556, 44.083888888888893 ], [ -0.570555555555556, 44.082777777777778 ], [ -0.575277777777778, 44.081666666666671 ], [ -0.580277777777778, 44.080555555555556 ], [ -0.585, 44.079444444444448 ], [ -0.59, 44.078055555555558 ], [ -0.594722222222222, 44.07694444444445 ], [ -0.599444444444444, 44.07555555555556 ], [ -0.604166666666667, 44.073888888888895 ], [ -0.608888888888889, 44.0725 ], [ -0.613611111111111, 44.07083333333334 ], [ -0.618333333333333, 44.069166666666668 ], [ -0.622777777777778, 44.0675 ], [ -0.627222222222222, 44.06583333333333 ], [ -0.631944444444444, 44.064166666666665 ], [ -0.636388888888889, 44.062222222222218 ], [ -0.640833333333333, 44.060277777777777 ], [ -0.645, 44.05833333333333 ], [ -0.649444444444444, 44.056388888888883 ], [ -0.693055555555556, 44.079722222222223 ], [ -0.431666666666667, 44.3025 ], [ -0.057777777777778, 44.626944444444447 ], [ 0.022777777777778, 44.706111111111113 ], [ 0.022777777777778, 44.706388888888888 ], [ 0.0275, 44.715555555555561 ], [ 0.030277777777778, 44.725 ], [ 0.0325, 44.734166666666667 ], [ 0.034722222222222, 44.743611111111115 ] ] ] } },
{ "type": "Feature", "properties": { "fir": "LFBB", "identifier": "LFBB:AQUITAINE BE2:075-145", "name": "AQUITAINE BE2", "level_lower": 75, "level_upper": 145 }, "geometry": { "type": "Polygon", "coordinates": [ [ [ -0.431666666666667, 44.3025 ], [ -0.057777777777778, 44.626944444444447 ], [ 0.022777777777778, 44.706111111111113 ], [ 0.326666666666667, 44.723611111111111 ], [ 0.216666666666667, 44.775277777777774 ], [ 0.217777777777778, 44.790555555555557 ], [ 0.218333333333333, 44.80555555555555 ], [ 0.218611111111111, 44.82083333333334 ], [ 0.218611111111111, 44.836111111111116 ], [ 0.218055555555556, 44.851111111111109 ], [ 0.2175, 44.86611111111111 ], [ 0.216388888888889, 44.881388888888893 ], [ 0.215, 44.896388888888886 ], [ 0.213055555555556, 44.911388888888887 ], [ 0.210833333333333, 44.926388888888887 ], [ 0.284166666666667, 44.973333333333336 ], [ 0.166666666666667, 45.1325 ], [ 0.166666666666667, 45.45 ], [ 0.093333333333333, 45.5 ], [ 1.04, 45.5 ], [ 1.186111111111111, 45.166666666666664 ], [ 1.275, 44.963333333333338 ], [ 1.281666666666667, 44.947777777777773 ], [ 1.070277777777778, 44.907222222222224 ], [ 1.057777777777778, 44.747777777777777 ], [ 1.036944444444444, 44.5 ], [ 0.579444444444444, 44.5 ], [ 0.429444444444444, 44.356388888888887 ], [ 0.279444444444444, 44.212222222222223 ], [ 0.133055555555556, 44.116666666666667 ], [ -0.434444444444444, 44.094166666666666 ], [ -0.515277777777778, 44.090833333333336 ], [ -0.520277777777778, 44.090555555555561 ], [ -0.525277777777778, 44.09 ], [ -0.530555555555556, 44.089444444444446 ], [ -0.535555555555556, 44.088888888888889 ], [ -0.540555555555556, 44.088333333333338 ], [ -0.545555555555556, 44.0875 ], [ -0.550555555555556, 44.086666666666666 ], [ -0.555555555555556, 44.085833333333333 ], [ -0.560555555555556, 44.085 ], [ -0.565555555555556, 44.083888888888893 ], [ -0.570555555555556, 44.082777777777778 ], [ -0.575277777777778, 44.081666666666671 ], [ -0.580277777777778, 44.080555555555556 ], [ -0.585, 44.079444444444448 ], [ -0.59, 44.078055555555558 ], [ -0.594722222222222, 44.07694444444445 ], [ -0.599444444444444, 44.07555555555556 ], [ -0.604166666666667, 44.073888888888895 ], [ -0.608888888888889, 44.0725 ], [ -0.613611111111111, 44.07083333333334 ], [ -0.618333333333333, 44.069166666666668 ], [ -0.622777777777778, 44.0675 ], [ -0.627222222222222, 44.06583333333333 ], [ -0.631944444444444, 44.064166666666665 ], [ -0.636388888888889, 44.062222222222218 ], [ -0.640833333333333, 44.060277777777777 ], [ -0.645, 44.05833333333333 ], [ -0.649444444444444, 44.056388888888883 ], [ -0.693055555555556, 44.079722222222223 ], [ -0.431666666666667, 44.3025 ] ] ] } },
{ "type": "Feature", "properties": { "fir": "LFBB", "identifier": "LFBB:CARCASONNE CTR:000-030", "name": "CARCASONNE CTR", "level_lower": 0, "level_upper": 30 }, "geometry": { "type": "Polygon", "coordinates": [ [ [ 2.465555555555556, 43.3125 ], [ 2.468055555555556, 43.310277777777777 ], [ 2.470277777777778, 43.30833333333333 ], [ 2.4725, 43.306388888888883 ], [ 2.474444444444444, 43.304444444444442 ], [ 2.476666666666667, 43.30222222222222 ], [ 2.478611111111111, 43.300277777777772 ], [ 2.480555555555556, 43.298055555555557 ], [ 2.4825, 43.295833333333334 ], [ 2.484444444444445, 43.293888888888887 ], [ 2.486111111111111, 43.291666666666664 ], [ 2.488055555555555, 43.289444444444442 ], [ 2.489722222222222, 43.287222222222219 ], [ 2.491388888888889, 43.284722222222221 ], [ 2.493055555555556, 43.2825 ], [ 2.494444444444444, 43.280277777777776 ], [ 2.496111111111111, 43.278055555555554 ], [ 2.4975, 43.275555555555556 ], [ 2.498888888888889, 43.273333333333333 ], [ 2.500277777777778, 43.270833333333336 ], [ 2.501388888888889, 43.268611111111113 ], [ 2.502777777777778, 43.266111111111108 ], [ 2.503888888888889, 43.263611111111111 ], [ 2.505, 43.261111111111113 ], [ 2.506111111111111, 43.25888888888889 ], [ 2.506944444444445, 43.256388888888885 ], [ 2.507777777777778, 43.253888888888888 ], [ 2.508888888888889, 43.25138888888889 ], [ 2.509444444444445, 43.248888888888892 ], [ 2.510277777777778, 43.246388888888887 ], [ 2.511111111111111, 43.24388888888889 ], [ 2.511666666666667, 43.241388888888892 ], [ 2.512222222222222, 43.238888888888887 ], [ 2.512777777777778, 43.236111111111114 ], [ 2.513055555555555, 43.233611111111109 ], [ 2.513611111111111, 43.231111111111112 ], [ 2.513888888888889, 43.228611111111114 ], [ 2.514166666666667, 43.226111111111116 ], [ 2.514444444444444, 43.223333333333336 ], [ 2.514444444444444, 43.220833333333339 ], [ 2.514444444444444, 43.218333333333334 ], [ 2.514722222222222, 43.215833333333336 ], [ 2.514444444444444, 43.213055555555556 ], [ 2.514444444444444, 43.210555555555558 ], [ 2.514166666666667, 43.208055555555561 ], [ 2.466388888888889, 43.166388888888889 ], [ 2.330555555555555, 43.166666666666664 ], [ 2.299444444444444, 43.14 ], [ 2.188888888888889, 43.148333333333333 ], [ 2.102222222222222, 43.1675 ], [ 2.063333333333333, 43.176111111111112 ], [ 2.0625, 43.179444444444442 ], [ 2.061666666666667, 43.1825 ], [ 2.060833333333333, 43.185555555555553 ], [ 2.06, 43.188611111111108 ], [ 2.059444444444444, 43.191666666666663 ], [ 2.058888888888889, 43.195 ], [ 2.058611111111111, 43.198055555555555 ], [ 2.058055555555555, 43.201111111111111 ], [ 2.057777777777777, 43.204166666666673 ], [ 2.0575, 43.2075 ], [ 2.0575, 43.210555555555558 ], [ 2.057222222222222, 43.213611111111113 ], [ 2.057222222222222, 43.216944444444444 ], [ 2.0575, 43.22 ], [ 2.0575, 43.223055555555554 ], [ 2.057777777777777, 43.226388888888891 ], [ 2.058055555555555, 43.229444444444447 ], [ 2.058333333333333, 43.2325 ], [ 2.058888888888889, 43.235833333333332 ], [ 2.059166666666667, 43.238888888888887 ], [ 2.06, 43.241944444444442 ], [ 2.060555555555555, 43.245 ], [ 2.061111111111111, 43.24805555555556 ], [ 2.061944444444444, 43.251111111111108 ], [ 2.062777777777778, 43.254444444444445 ], [ 2.063888888888889, 43.2575 ], [ 2.065, 43.260555555555555 ], [ 2.065833333333333, 43.263611111111111 ], [ 2.067222222222223, 43.266666666666666 ], [ 2.068333333333333, 43.269444444444446 ], [ 2.069722222222222, 43.2725 ], [ 2.071111111111111, 43.275555555555556 ], [ 2.0725, 43.278611111111111 ], [ 2.073888888888889, 43.281388888888891 ], [ 2.075555555555556, 43.284444444444439 ], [ 2.077222222222222, 43.287222222222219 ], [ 2.078888888888889, 43.290277777777774 ], [ 2.080555555555556, 43.293055555555554 ], [ 2.0825, 43.295833333333334 ], [ 2.084444444444445, 43.298611111111107 ], [ 2.086388888888889, 43.301388888888887 ], [ 2.088611111111111, 43.304166666666667 ], [ 2.090555555555556, 43.30694444444444 ], [ 2.092777777777778, 43.30972222222222 ], [ 2.093611111111111, 43.310555555555553 ], [ 2.094444444444445, 43.31166666666666 ], [ 2.095, 43.312222222222218 ], [ 2.095555555555556, 43.3125 ], [ 2.465555555555556, 43.3125 ] ] ] } },
{ "type": "Feature", "properties": { "fir": "LFBB", "identifier": "LFBB:H1 UAC:245-295", "name": "H1 UAC", "level_lower": 245, "level_upper": 295 }, "geometry": { "type": "Polygon", "coordinates": [ [ [ 1.731666666666667, 42.497777777777777 ], [ 1.745277777777778, 42.5 ], [ 1.946111111111111, 42.453333333333333 ], [ 2.069444444444444, 42.3625 ], [ 2.25, 42.43333333333333 ], [ 2.558333333333333, 42.333055555555561 ], [ 2.705555555555556, 42.424722222222222 ], [ 2.875833333333333, 42.465 ], [ 2.949444444444445, 42.483055555555559 ], [ 3.0425, 42.478055555555557 ], [ 3.099444444444444, 42.434444444444438 ], [ 3.166666666666667, 42.43333333333333 ], [ 3.841944444444445, 43.603055555555557 ], [ 4.116663888888889, 43.95 ], [ 4.221941666666667, 44.085 ], [ 4.273611111111111, 44.431663888888885 ], [ 3.369166666666667, 44.858888888888892 ], [ 3.038055555555555, 44.716944444444444 ], [ 2.625, 44.516666666666666 ], [ 1.472222222222222, 43.919444444444444 ], [ 1.696947222222222, 42.493088888888892 ], [ 1.701666666666667, 42.4925 ], [ 1.731666666666667, 42.497777777777777 ] ] ] } },
{ "type": "Feature", "properties": { "fir": "LFBB", "identifier": "LFBB:H1 UAC:195-245", "name": "H1 UAC", "level_lower": 195, "level_upper": 245 }, "geometry": { "type": "Polygon", "coordinates": [ [ [ 3.369166666666667, 44.858888888888892 ], [ 4.273608333333334, 44.431666666666665 ], [ 4.221941666666667, 44.085 ], [ 4.116666666666666, 43.95 ], [ 4.006388888888889, 43.811388888888885 ], [ 3.654719444444444, 43.271388888888886 ], [ 3.166666666666667, 42.43333333333333 ], [ 3.099444444444444, 42.434444444444438 ], [ 3.0425, 42.478055555555557 ], [ 2.949444444444445, 42.483055555555559 ], [ 2.875833333333333, 42.465 ], [ 2.705555555555556, 42.424722222222222 ], [ 2.558333333333333, 42.333055555555561 ], [ 2.25, 42.43333333333333 ], [ 2.069444444444444, 42.3625 ], [ 1.946111111111111, 42.453333333333333 ], [ 1.745277777777778, 42.5 ], [ 1.731666666666667, 42.497777777777777 ], [ 1.701666666666667, 42.4925 ], [ 1.696947222222222, 42.493088888888892 ], [ 1.472222222222222, 43.919444444444444 ], [ 2.625, 44.516666666666666 ], [ 3.038055555555555, 44.716944444444444 ], [ 3.369166666666667, 44.858888888888892 ] ] ] } },
{ "type": "Feature", "properties": { "fir": "LFBB", "identifier": "LFBB:H2 UAC:295-345", "name": "H2 UAC", "level_lower": 295, "level_upper": 345 }, "geometry": { "type": "Polygon", "coordinates": [ [ [ 1.731666666666667, 42.497777777777777 ], [ 1.745277777777778, 42.5 ], [ 1.946111111111111, 42.453333333333333 ], [ 2.069444444444444, 42.3625 ], [ 2.25, 42.43333333333333 ], [ 2.558333333333333, 42.333055555555561 ], [ 2.705555555555556, 42.424722222222222 ], [ 2.875833333333333, 42.465 ], [ 2.949444444444445, 42.483055555555559 ], [ 3.0425, 42.478055555555557 ], [ 3.099444444444444, 42.434444444444438 ], [ 3.166666666666667, 42.43333333333333 ], [ 3.841944444444445, 43.603055555555557 ], [ 4.116663888888889, 43.95 ], [ 4.221941666666667, 44.085 ], [ 4.273611111111111, 44.431663888888885 ], [ 3.369166666666667, 44.858888888888892 ], [ 3.038055555555555, 44.716944444444444 ], [ 2.625, 44.516666666666666 ], [ 1.472222222222222, 43.919444444444444 ], [ 1.696947222222222, 42.493088888888892 ], [ 1.701666666666667, 42.4925 ], [ 1.731666666666667, 42.497777777777777 ] ] ] } },
{ "type": "Feature", "properties": { "fir": "LFBB", "identifier": "LFBB:H3 UAC:345-365", "name": "H3 UAC", "level_lower": 345, "level_upper": 365 }, "geometry": { "type": "Polygon", "coordinates": [ [ [ 1.731666666666667, 42.497777777777777 ], [ 1.745277777777778, 42.5 ], [ 1.946111111111111, 42.453333333333333 ], [ 2.069444444444444, 42.3625 ], [ 2.25, 42.43333333333333 ], [ 2.558333333333333, 42.333055555555561 ], [ 2.705555555555556, 42.424722222222222 ], [ 2.875833333333333, 42.465 ], [ 2.949444444444445, 42.483055555555559 ], [ 3.0425, 42.478055555555557 ], [ 3.099444444444444, 42.434444444444438 ], [ 3.166666666666667, 42.43333333333333 ], [ 3.841944444444445, 43.603055555555557 ], [ 4.116663888888889, 43.95 ], [ 4.221941666666667, 44.085 ], [ 4.273611111111111, 44.431663888888885 ], [ 3.369166666666667, 44.858888888888892 ], [ 3.038055555555555, 44.716944444444444 ], [ 2.625, 44.516666666666666 ], [ 1.472222222222222, 43.919444444444444 ], [ 1.696947222222222, 42.493088888888892 ], [ 1.701666666666667, 42.4925 ], [ 1.731666666666667, 42.497777777777777 ] ] ] } },
{ "type": "Feature", "properties": { "fir": "LFBB", "identifier": "LFBB:H4 UAC:365-385", "name": "H4 UAC", "level_lower": 365, "level_upper": 385 }, "geometry": { "type": "Polygon", "coordinates": [ [ [ 1.731666666666667, 42.497777777777777 ], [ 1.745277777777778, 42.5 ], [ 1.946111111111111, 42.453333333333333 ], [ 2.069444444444444, 42.3625 ], [ 2.25, 42.43333333333333 ], [ 2.558333333333333, 42.333055555555561 ], [ 2.705555555555556, 42.424722222222222 ], [ 2.875833333333333, 42.465 ], [ 2.949444444444445, 42.483055555555559 ], [ 3.0425, 42.478055555555557 ], [ 3.099444444444444, 42.434444444444438 ], [ 3.166666666666667, 42.43333333333333 ], [ 3.841944444444445, 43.603055555555557 ], [ 4.116663888888889, 43.95 ], [ 4.221941666666667, 44.085 ], [ 4.273611111111111, 44.431663888888885 ], [ 3.369166666666667, 44.858888888888892 ], [ 3.038055555555555, 44.716944444444444 ], [ 2.625, 44.516666666666666 ], [ 1.472222222222222, 43.919444444444444 ], [ 1.696947222222222, 42.493088888888892 ], [ 1.701666666666667, 42.4925 ], [ 1.731666666666667, 42.497777777777777 ] ] ] } },
{ "type": "Feature", "properties": { "fir": "LFBB", "identifier": "LFBB:H5 UAC:385-660", "name": "H5 UAC", "level_lower": 385, "level_upper": 660 }, "geometry": { "type": "Polygon", "coordinates": [ [ [ 1.731666666666667, 42.497777777777777 ], [ 1.745277777777778, 42.5 ], [ 1.946111111111111, 42.453333333333333 ], [ 2.069444444444444, 42.3625 ], [ 2.25, 42.43333333333333 ], [ 2.558333333333333, 42.333055555555561 ], [ 2.705555555555556, 42.424722222222222 ], [ 2.875833333333333, 42.465 ], [ 2.949444444444445, 42.483055555555559 ], [ 3.0425, 42.478055555555557 ], [ 3.099444444444444, 42.434444444444438 ], [ 3.166666666666667, 42.43333333333333 ], [ 3.841944444444445, 43.603055555555557 ], [ 4.116663888888889, 43.95 ], [ 4.221941666666667, 44.085 ], [ 4.273611111111111, 44.431663888888885 ], [ 3.369166666666667, 44.858888888888892 ], [ 3.038055555555555, 44.716944444444444 ], [ 2.625, 44.516666666666666 ], [ 1.472222222222222, 43.919444444444444 ], [ 1.696947222222222, 42.493088888888892 ], [ 1.701666666666667, 42.4925 ], [ 1.731666666666667, 42.497777777777777 ] ] ] } },
{ "type": "Feature", "properties": { "fir": "LFBB", "identifier": "LFBB:L1 UAC:195-295", "name": "L1 UAC", "level_lower": 195, "level_upper": 295 }, "geometry": { "type": "Polygon", "coordinates": [ [ [ 0.986666666666667, 47.00416666666667 ], [ 1.466666666666667, 47.166663888888884 ], [ 1.814166666666667, 46.881666666666668 ], [ 2.353333333333333, 46.370830555555557 ], [ 2.363055555555555, 46.188888888888883 ], [ 2.427777777777778, 44.959722222222226 ], [ 2.280555555555555, 44.761111111111113 ], [ 1.097777777777778, 45.193333333333328 ], [ 0.906666666666667, 45.883333333333333 ], [ 0.951941666666667, 46.523611111111109 ], [ 0.986666666666667, 47.00416666666667 ] ] ] } },
{ "type": "Feature", "properties": { "fir": "LFBB", "identifier": "LFBB:L2 UAC:295-345", "name": "L2 UAC", "level_lower": 295, "level_upper": 345 }, "geometry": { "type": "Polygon", "coordinates": [ [ [ 0.986666666666667, 47.00416666666667 ], [ 1.466666666666667, 47.166663888888884 ], [ 1.814166666666667, 46.881666666666668 ], [ 2.353333333333333, 46.370830555555557 ], [ 2.363055555555555, 46.188888888888883 ], [ 2.427777777777778, 44.959722222222226 ], [ 2.280555555555555, 44.761111111111113 ], [ 1.097777777777778, 45.193333333333328 ], [ 0.906666666666667, 45.883333333333333 ], [ 0.951941666666667, 46.523611111111109 ], [ 0.986666666666667, 47.00416666666667 ] ] ] } },
{ "type": "Feature", "properties": { "fir": "LFBB", "identifier": "LFBB:L3 UAC:345-365", "name": "L3 UAC", "level_lower": 345, "level_upper": 365 }, "geometry": { "type": "Polygon", "coordinates": [ [ [ 0.986666666666667, 47.00416666666667 ], [ 1.466666666666667, 47.166663888888884 ], [ 1.814166666666667, 46.881666666666668 ], [ 2.353333333333333, 46.370830555555557 ], [ 2.363055555555555, 46.188888888888883 ], [ 2.427777777777778, 44.959722222222226 ], [ 2.280555555555555, 44.761111111111113 ], [ 1.097777777777778, 45.193333333333328 ], [ 0.906666666666667, 45.883333333333333 ], [ 0.951941666666667, 46.523611111111109 ], [ 0.986666666666667, 47.00416666666667 ] ] ] } },
{ "type": "Feature", "properties": { "fir": "LFBB", "identifier": "LFBB:L4 UAC:365-385", "name": "L4 UAC", "level_lower": 365, "level_upper": 385 }, "geometry": { "type": "Polygon", "coordinates": [ [ [ 0.986666666666667, 47.00416666666667 ], [ 1.466666666666667, 47.166663888888884 ], [ 1.814166666666667, 46.881666666666668 ], [ 2.353333333333333, 46.370830555555557 ], [ 2.363055555555555, 46.188888888888883 ], [ 2.427777777777778, 44.959722222222226 ], [ 2.280555555555555, 44.761111111111113 ], [ 1.097777777777778, 45.193333333333328 ], [ 0.906666666666667, 45.883333333333333 ], [ 0.951941666666667, 46.523611111111109 ], [ 0.986666666666667, 47.00416666666667 ] ] ] } },
{ "type": "Feature", "properties": { "fir": "LFBB", "identifier": "LFBB:L5 UAC:385-660", "name": "L5 UAC", "level_lower": 385, "level_upper": 660 }, "geometry": { "type": "Polygon", "coordinates": [ [ [ 0.986666666666667, 47.00416666666667 ], [ 1.466666666666667, 47.166663888888884 ], [ 1.814166666666667, 46.881666666666668 ], [ 2.353333333333333, 46.370830555555557 ], [ 2.363055555555555, 46.188888888888883 ], [ 2.427777777777778, 44.959722222222226 ], [ 2.280555555555555, 44.761111111111113 ], [ 1.097777777777778, 45.193333333333328 ], [ 0.906666666666667, 45.883333333333333 ], [ 0.951941666666667, 46.523611111111109 ], [ 0.986666666666667, 47.00416666666667 ] ] ] } },
{ "type": "Feature", "properties": { "fir": "LFBB", "identifier": "LFBB:LIMOGES BL:025-145", "name": "LIMOGES BL", "level_lower": 25, "level_upper": 145 }, "geometry": { "type": "Polygon", "coordinates": [ [ [ 1.04, 45.5 ], [ 1.186111111111111, 45.166666666666664 ], [ 1.275, 44.963333333333338 ], [ 1.281666666666667, 44.947777777777773 ], [ 1.070277777777778, 44.907222222222224 ], [ 1.057777777777778, 44.747777777777777 ], [ 1.358333333333333, 44.770833333333336 ], [ 1.4775, 44.780277777777776 ], [ 1.773333333333333, 44.768333333333331 ], [ 2.0, 44.759444444444448 ], [ 2.0, 45.315555555555555 ], [ 2.5, 45.43610833333333 ], [ 2.5, 46.229444444444447 ], [ 2.588888888888889, 46.259722222222223 ], [ 2.927777777777778, 46.255555555555553 ], [ 2.916666666666667, 46.333333333333336 ], [ 2.868052777777778, 46.5775 ], [ 2.833333333333333, 46.75 ], [ 2.182305555555555, 47.07233333333334 ], [ 2.168888888888889, 47.082219444444448 ], [ 2.038611111111111, 46.943333333333328 ], [ 1.759444444444444, 46.644722222222221 ], [ 1.691111111111111, 46.57138888888889 ], [ 1.658055555555555, 46.536111111111111 ], [ 1.160555555555556, 46.582777777777778 ], [ 1.158055555555555, 46.416388888888889 ], [ 0.916944444444444, 46.437222222222218 ], [ 0.054166666666667, 45.81666666666667 ], [ -0.073055555555556, 45.821944444444448 ], [ -0.149722222222222, 45.706111111111113 ], [ -0.157777777777778, 45.693888888888885 ], [ -0.157222222222222, 45.6925 ], [ -0.156388888888889, 45.690555555555555 ], [ -0.155555555555556, 45.688611111111108 ], [ -0.154722222222222, 45.68666666666666 ], [ -0.154166666666667, 45.684444444444438 ], [ -0.153333333333333, 45.6825 ], [ -0.152777777777778, 45.68055555555555 ], [ -0.152222222222222, 45.67861111111111 ], [ -0.151944444444444, 45.676666666666662 ], [ -0.151388888888889, 45.674722222222222 ], [ -0.151111111111111, 45.6725 ], [ -0.150555555555556, 45.670555555555552 ], [ -0.150277777777778, 45.668611111111112 ], [ -0.150277777777778, 45.666388888888889 ], [ -0.099722222222222, 45.631944444444443 ], [ 0.093333333333333, 45.5 ], [ 1.04, 45.5 ] ] ] } },
{ "type": "Feature", "properties": { "fir": "LFBB", "identifier": "LFBB:LIMOGES BL-C:000-025", "name": "LIMOGES BL-C", "level_lower": 0, "level_upper": 25 }, "geometry": { "type": "Polygon", "coordinates": [ [ [ -0.099722222222222, 45.631944444444443 ], [ 0.150555555555556, 45.691666666666663 ], [ 0.259166666666667, 45.660833333333329 ], [ 0.347222222222222, 45.67722222222222 ], [ 0.435555555555556, 45.693333333333328 ], [ 1.032777777777778, 45.826388888888893 ], [ 1.036111111111111, 45.82 ], [ 1.04, 45.813888888888883 ], [ 1.043680555555556, 45.808280555555555 ], [ 1.044444444444445, 45.807777777777773 ], [ 1.049444444444445, 45.801944444444445 ], [ 1.055, 45.796388888888885 ], [ 1.061111111111111, 45.791111111111107 ], [ 1.067777777777778, 45.785833333333329 ], [ 1.074722222222222, 45.781111111111109 ], [ 1.081944444444444, 45.776666666666664 ], [ 1.089722222222222, 45.7725 ], [ 1.097777777777778, 45.768888888888888 ], [ 1.106388888888889, 45.765277777777776 ], [ 1.115, 45.762222222222221 ], [ 1.124166666666667, 45.759722222222223 ], [ 1.133333333333333, 45.7575 ], [ 1.142777777777778, 45.755555555555553 ], [ 1.152222222222222, 45.75416666666667 ], [ 1.161944444444444, 45.753055555555555 ], [ 1.162469444444444, 45.752869444444443 ], [ 1.171666666666667, 45.7525 ], [ 1.181388888888889, 45.752222222222223 ], [ 1.191111111111111, 45.7525 ], [ 1.200833333333333, 45.75333333333333 ], [ 1.210555555555556, 45.754444444444445 ], [ 1.22, 45.755833333333335 ], [ 1.229444444444445, 45.757777777777775 ], [ 1.238611111111111, 45.76027777777778 ], [ 1.2475, 45.763055555555553 ], [ 1.256111111111111, 45.766111111111108 ], [ 1.264444444444444, 45.769722222222221 ], [ 1.2725, 45.773611111111109 ], [ 1.280277777777778, 45.777777777777779 ], [ 1.2875, 45.782222222222224 ], [ 1.294166666666666, 45.787222222222219 ], [ 1.300555555555556, 45.792222222222222 ], [ 1.306666666666667, 45.797777777777775 ], [ 1.311944444444445, 45.803333333333327 ], [ 1.316944444444444, 45.809166666666663 ], [ 1.321388888888889, 45.815277777777773 ], [ 1.325, 45.821666666666673 ], [ 1.328333333333333, 45.828055555555558 ], [ 1.331111111111111, 45.834722222222226 ], [ 1.333055555555555, 45.841111111111111 ], [ 1.334444444444444, 45.848055555555561 ], [ 1.335277777777778, 45.854722222222222 ], [ 1.335555555555555, 45.861666666666665 ], [ 1.335277777777778, 45.868333333333332 ], [ 1.334166666666667, 45.875 ], [ 1.3325, 45.881944444444443 ], [ 1.330277777777778, 45.888333333333335 ], [ 2.5, 46.229444444444447 ], [ 2.5, 45.43610833333333 ], [ 2.0, 45.315555555555555 ], [ 1.635277777777778, 45.075277777777778 ], [ 1.478888888888889, 45.125555555555557 ], [ 1.476666666666667, 45.125555555555557 ], [ 1.474444444444445, 45.125277777777775 ], [ 1.472222222222222, 45.125 ], [ 1.47, 45.124722222222225 ], [ 1.467777777777778, 45.124444444444443 ], [ 1.465555555555556, 45.124166666666667 ], [ 1.463611111111111, 45.123888888888892 ], [ 1.461388888888889, 45.12361111111111 ], [ 1.459166666666667, 45.123333333333335 ], [ 1.456944444444444, 45.122777777777777 ], [ 1.455, 45.1225 ], [ 1.452777777777778, 45.121944444444445 ], [ 1.450833333333333, 45.121388888888887 ], [ 1.448611111111111, 45.120833333333337 ], [ 1.446666666666667, 45.12027777777778 ], [ 1.444444444444444, 45.119722222222222 ], [ 1.4425, 45.119166666666665 ], [ 1.440555555555556, 45.118611111111115 ], [ 1.438333333333333, 45.118055555555557 ], [ 1.436388888888889, 45.117222222222225 ], [ 1.434444444444444, 45.116666666666667 ], [ 1.4325, 45.115833333333335 ], [ 1.430555555555556, 45.115277777777777 ], [ 1.428611111111111, 45.114444444444445 ], [ 1.426666666666667, 45.113611111111112 ], [ 1.424722222222222, 45.112777777777779 ], [ 1.422777777777778, 45.111944444444447 ], [ 1.421111111111111, 45.111111111111114 ], [ 1.419166666666667, 45.110277777777782 ], [ 1.4175, 45.109444444444449 ], [ 1.415555555555555, 45.108333333333334 ], [ 1.413888888888889, 45.1075 ], [ 1.412222222222222, 45.106666666666669 ], [ 1.410555555555556, 45.105555555555554 ], [ 1.408611111111111, 45.104444444444447 ], [ 1.406944444444444, 45.103611111111114 ], [ 1.405555555555555, 45.1025 ], [ 1.403888888888889, 45.101388888888891 ], [ 1.402222222222222, 45.100277777777777 ], [ 1.400555555555556, 45.099166666666669 ], [ 1.399166666666667, 45.098055555555561 ], [ 1.3975, 45.096944444444446 ], [ 1.396111111111111, 45.095833333333339 ], [ 1.394722222222222, 45.094722222222224 ], [ 1.393333333333333, 45.093333333333334 ], [ 1.391944444444444, 45.092222222222226 ], [ 1.390555555555556, 45.091111111111111 ], [ 1.389166666666667, 45.089722222222221 ], [ 1.388055555555556, 45.088333333333338 ], [ 1.386666666666667, 45.087222222222223 ], [ 1.385555555555555, 45.085833333333333 ], [ 1.384166666666667, 45.084444444444443 ], [ 1.383055555555555, 45.083333333333336 ], [ 1.381944444444444, 45.081944444444446 ], [ 1.380833333333333, 45.080555555555556 ], [ 1.379722222222222, 45.079166666666673 ], [ 1.378611111111111, 45.077777777777783 ], [ 1.377777777777778, 45.076388888888893 ], [ 1.376666666666667, 45.075 ], [ 1.375833333333333, 45.073611111111113 ], [ 1.375, 45.072222222222223 ], [ 1.374166666666667, 45.07083333333334 ], [ 1.373333333333333, 45.069166666666668 ], [ 1.3725, 45.067777777777778 ], [ 1.371666666666667, 45.066388888888888 ], [ 1.370833333333333, 45.065 ], [ 1.370277777777778, 45.063333333333333 ], [ 1.369722222222222, 45.061944444444443 ], [ 1.368888888888889, 45.060555555555553 ], [ 1.368333333333333, 45.058888888888887 ], [ 1.368055555555556, 45.0575 ], [ 1.3675, 45.055833333333332 ], [ 1.366944444444445, 45.054444444444442 ], [ 1.366666666666667, 45.052777777777777 ], [ 1.366111111111111, 45.051388888888887 ], [ 1.365833333333333, 45.049722222222222 ], [ 1.365555555555556, 45.048055555555557 ], [ 1.365277777777778, 45.046666666666667 ], [ 1.365, 45.045 ], [ 1.364722222222222, 45.043611111111112 ], [ 1.364722222222222, 45.041944444444439 ], [ 1.364444444444445, 45.040277777777774 ], [ 1.364444444444445, 45.038888888888884 ], [ 1.364444444444445, 45.037222222222219 ], [ 1.364444444444445, 45.035833333333329 ], [ 1.364444444444445, 45.034166666666664 ], [ 1.364444444444445, 45.0325 ], [ 1.364722222222222, 45.031111111111109 ], [ 1.364722222222222, 45.029444444444444 ], [ 1.365, 45.028055555555554 ], [ 1.365277777777778, 45.026388888888889 ], [ 1.365555555555556, 45.024722222222223 ], [ 1.365833333333333, 45.023333333333333 ], [ 1.366111111111111, 45.021666666666668 ], [ 1.366666666666667, 45.020277777777778 ], [ 1.366944444444445, 45.018611111111113 ], [ 1.3675, 45.017222222222223 ], [ 1.368055555555556, 45.015555555555558 ], [ 1.368333333333333, 45.014166666666668 ], [ 1.368888888888889, 45.0125 ], [ 1.369722222222222, 45.011111111111113 ], [ 1.370277777777778, 45.009722222222223 ], [ 1.370833333333333, 45.008055555555558 ], [ 1.371666666666667, 45.006666666666668 ], [ 1.3725, 45.005277777777778 ], [ 1.373333333333333, 45.003611111111113 ], [ 1.374166666666667, 45.002222222222223 ], [ 1.375, 45.000833333333333 ], [ 1.375833333333333, 44.999444444444443 ], [ 1.376666666666667, 44.99805555555556 ], [ 1.377777777777778, 44.99666666666667 ], [ 1.378611111111111, 44.99527777777778 ], [ 1.379722222222222, 44.99388888888889 ], [ 1.380833333333333, 44.9925 ], [ 1.381944444444444, 44.99111111111111 ], [ 1.383055555555555, 44.98972222222222 ], [ 1.384166666666667, 44.988333333333337 ], [ 1.385555555555555, 44.986944444444447 ], [ 1.281666666666667, 44.947777777777773 ], [ 1.275, 44.963333333333338 ], [ 1.186111111111111, 45.166666666666664 ], [ 1.04, 45.5 ], [ 0.093333333333333, 45.5 ], [ -0.099722222222222, 45.631944444444443 ] ] ] } },
{ "type": "Feature", "properties": { "fir": "LFBB", "identifier": "LFBB:LIMOGES BL-N:000-025", "name": "LIMOGES BL-N", "level_lower": 0, "level_upper": 25 }, "geometry": { "type": "Polygon", "coordinates": [ [ [ -0.150277777777778, 45.666388888888889 ], [ -0.150277777777778, 45.668611111111112 ], [ -0.150555555555556, 45.670555555555552 ], [ -0.151111111111111, 45.6725 ], [ -0.151388888888889, 45.674722222222222 ], [ -0.151944444444444, 45.676666666666662 ], [ -0.152222222222222, 45.67861111111111 ], [ -0.152777777777778, 45.68055555555555 ], [ -0.153333333333333, 45.6825 ], [ -0.154166666666667, 45.684444444444438 ], [ -0.154722222222222, 45.68666666666666 ], [ -0.155555555555556, 45.688611111111108 ], [ -0.156388888888889, 45.690555555555555 ], [ -0.157222222222222, 45.6925 ], [ -0.157777777777778, 45.693888888888885 ], [ -0.149722222222222, 45.706111111111113 ], [ -0.073055555555556, 45.821944444444448 ], [ 0.054166666666667, 45.81666666666667 ], [ 0.916944444444444, 46.437222222222218 ], [ 1.158055555555555, 46.416388888888889 ], [ 1.160555555555556, 46.582777777777778 ], [ 1.658055555555555, 46.536111111111111 ], [ 1.691111111111111, 46.57138888888889 ], [ 1.759444444444444, 46.644722222222221 ], [ 2.038611111111111, 46.943333333333328 ], [ 2.168888888888889, 47.082219444444448 ], [ 2.182305555555555, 47.07233333333334 ], [ 2.833333333333333, 46.75 ], [ 2.868052777777778, 46.5775 ], [ 2.916666666666667, 46.333333333333336 ], [ 2.927777777777778, 46.255555555555553 ], [ 2.588888888888889, 46.259722222222223 ], [ 2.5, 46.229444444444447 ], [ 1.330277777777778, 45.888333333333335 ], [ 1.3275, 45.895 ], [ 1.324166666666667, 45.901388888888889 ], [ 1.320277777777778, 45.9075 ], [ 1.315833333333333, 45.913611111111109 ], [ 1.314486111111111, 45.914605555555553 ], [ 1.310833333333333, 45.919444444444444 ], [ 1.305277777777778, 45.925 ], [ 1.299166666666667, 45.930277777777775 ], [ 1.2925, 45.935277777777777 ], [ 1.285555555555555, 45.94 ], [ 1.278333333333333, 45.944722222222218 ], [ 1.270555555555555, 45.948611111111106 ], [ 1.2625, 45.9525 ], [ 1.253888888888889, 45.955833333333338 ], [ 1.245277777777778, 45.958888888888893 ], [ 1.236111111111111, 45.961666666666666 ], [ 1.226944444444445, 45.963888888888889 ], [ 1.2175, 45.965555555555561 ], [ 1.208055555555555, 45.967222222222226 ], [ 1.198333333333333, 45.968055555555559 ], [ 1.194036111111111, 45.968705555555559 ], [ 1.188611111111111, 45.968611111111116 ], [ 1.178888888888889, 45.968888888888891 ], [ 1.169166666666667, 45.968611111111116 ], [ 1.159444444444444, 45.967777777777776 ], [ 1.149722222222222, 45.966666666666669 ], [ 1.140277777777778, 45.965277777777779 ], [ 1.130833333333333, 45.963333333333338 ], [ 1.121666666666667, 45.960833333333333 ], [ 1.112777777777778, 45.958055555555561 ], [ 1.104166666666667, 45.955 ], [ 1.095833333333333, 45.951666666666668 ], [ 1.087777777777778, 45.947777777777773 ], [ 1.08, 45.94361111111111 ], [ 1.072777777777778, 45.938888888888883 ], [ 1.066111111111111, 45.934166666666663 ], [ 1.059722222222222, 45.928888888888885 ], [ 1.053611111111111, 45.923611111111107 ], [ 1.048333333333333, 45.918055555555554 ], [ 1.043333333333333, 45.911944444444444 ], [ 1.038888888888889, 45.906111111111109 ], [ 1.035277777777778, 45.899722222222223 ], [ 1.031944444444444, 45.893333333333331 ], [ 1.029166666666667, 45.886666666666663 ], [ 1.027222222222222, 45.88 ], [ 1.025833333333333, 45.873333333333335 ], [ 1.025, 45.866666666666667 ], [ 1.024722222222222, 45.859722222222224 ], [ 1.025, 45.853055555555557 ], [ 1.026111111111111, 45.846388888888889 ], [ 1.027777777777778, 45.839444444444446 ], [ 1.03, 45.833055555555561 ], [ 1.032777777777778, 45.826388888888893 ], [ 0.435555555555556, 45.693333333333328 ], [ 0.431388888888889, 45.7325 ], [ 0.293333333333333, 45.793611111111112 ], [ 0.1925, 45.810555555555553 ], [ 0.183055555555556, 45.796388888888885 ], [ 0.141666666666667, 45.733333333333334 ], [ 0.150555555555556, 45.691666666666663 ], [ -0.099722222222222, 45.631944444444443 ], [ -0.150277777777778, 45.666388888888889 ] ] ] } },
{ "type": "Feature", "properties": { "fir": "LFBB", "identifier": "LFBB:LIMOGES BL-S:000-025", "name": "LIMOGES BL-S", "level_lower": 0, "level_upper": 25 }, "geometry": { "type": "Polygon", "coordinates": [ [ [ 2.0, 44.759444444444448 ], [ 1.773333333333333, 44.768333333333331 ], [ 1.4775, 44.780277777777776 ], [ 1.358333333333333, 44.770833333333336 ], [ 1.057777777777778, 44.747777777777777 ], [ 1.070277777777778, 44.907222222222224 ], [ 1.281666666666667, 44.947777777777773 ], [ 1.385555555555555, 44.986944444444447 ], [ 1.5475, 44.935 ], [ 1.55, 44.935833333333328 ], [ 1.5525, 44.936388888888885 ], [ 1.555555555555556, 44.937222222222218 ], [ 1.5575, 44.93805555555555 ], [ 1.559722222222222, 44.938888888888883 ], [ 1.562222222222222, 44.939722222222215 ], [ 1.564722222222222, 44.940555555555555 ], [ 1.566944444444444, 44.941388888888888 ], [ 1.569166666666667, 44.9425 ], [ 1.571666666666667, 44.943333333333328 ], [ 1.573888888888889, 44.944444444444443 ], [ 1.576111111111111, 44.945277777777775 ], [ 1.578333333333333, 44.946388888888883 ], [ 1.580555555555555, 44.9475 ], [ 1.582777777777778, 44.948611111111106 ], [ 1.585, 44.949722222222221 ], [ 1.586944444444444, 44.950833333333335 ], [ 1.589166666666667, 44.952222222222225 ], [ 1.591111111111111, 44.953333333333333 ], [ 1.593055555555556, 44.954444444444448 ], [ 1.595277777777778, 44.955833333333338 ], [ 1.597222222222222, 44.957222222222228 ], [ 1.599166666666667, 44.958333333333336 ], [ 1.601111111111111, 44.959722222222226 ], [ 1.602777777777778, 44.961111111111116 ], [ 1.604722222222222, 44.9625 ], [ 1.606388888888889, 44.963888888888889 ], [ 1.608333333333333, 44.965277777777779 ], [ 1.61, 44.966666666666669 ], [ 1.611666666666667, 44.968333333333334 ], [ 1.613333333333334, 44.969722222222224 ], [ 1.615, 44.971111111111114 ], [ 1.616666666666667, 44.972777777777779 ], [ 1.618055555555556, 44.974166666666669 ], [ 1.619722222222222, 44.975833333333334 ], [ 1.621111111111111, 44.9775 ], [ 1.6225, 44.978888888888889 ], [ 1.623888888888889, 44.980555555555554 ], [ 1.625277777777778, 44.982222222222227 ], [ 1.626666666666667, 44.983888888888892 ], [ 1.627777777777778, 44.985555555555557 ], [ 1.629166666666667, 44.987222222222222 ], [ 1.630277777777778, 44.988888888888887 ], [ 1.631388888888889, 44.990555555555559 ], [ 1.6325, 44.9925 ], [ 1.633611111111111, 44.994166666666665 ], [ 1.634722222222222, 44.995833333333337 ], [ 1.635555555555555, 44.997777777777777 ], [ 1.636666666666667, 44.999444444444443 ], [ 1.6375, 45.001111111111108 ], [ 1.638333333333333, 45.003055555555555 ], [ 1.639166666666667, 45.00472222222222 ], [ 1.639722222222222, 45.006666666666668 ], [ 1.640555555555556, 45.008333333333333 ], [ 1.641111111111111, 45.01027777777778 ], [ 1.641944444444444, 45.012222222222221 ], [ 1.6425, 45.013888888888886 ], [ 1.642777777777778, 45.015833333333333 ], [ 1.643333333333333, 45.017777777777773 ], [ 1.643888888888889, 45.019444444444446 ], [ 1.644166666666667, 45.021388888888886 ], [ 1.644444444444444, 45.023333333333333 ], [ 1.644722222222222, 45.025277777777774 ], [ 1.645, 45.026944444444446 ], [ 1.645277777777778, 45.028888888888886 ], [ 1.645555555555555, 45.030833333333334 ], [ 1.645555555555555, 45.032777777777774 ], [ 1.645555555555555, 45.034722222222221 ], [ 1.645555555555555, 45.036388888888887 ], [ 1.645555555555555, 45.038333333333334 ], [ 1.645555555555555, 45.040277777777774 ], [ 1.645555555555555, 45.042222222222222 ], [ 1.645277777777778, 45.044166666666662 ], [ 1.645, 45.045833333333334 ], [ 1.644722222222222, 45.047777777777775 ], [ 1.644444444444444, 45.049722222222222 ], [ 1.644166666666667, 45.051666666666662 ], [ 1.643611111111111, 45.05361111111111 ], [ 1.643333333333333, 45.055277777777775 ], [ 1.642777777777778, 45.057222222222222 ], [ 1.642222222222222, 45.059166666666663 ], [ 1.641666666666667, 45.060833333333328 ], [ 1.641111111111111, 45.062777777777775 ], [ 1.640277777777778, 45.06444444444444 ], [ 1.639722222222222, 45.066388888888888 ], [ 1.638888888888889, 45.06805555555556 ], [ 1.638055555555556, 45.07 ], [ 1.637222222222222, 45.071666666666673 ], [ 1.636388888888889, 45.073611111111113 ], [ 1.635277777777778, 45.075277777777778 ], [ 2.0, 45.315555555555555 ], [ 2.0, 44.759444444444448 ] ] ] } },
{ "type": "Feature", "properties": { "fir": "LFBB", "identifier": "LFBB:LM UAC:145-195", "name": "LM UAC", "level_lower": 145, "level_upper": 195 }, "geometry": { "type": "Polygon", "coordinates": [ [ [ 3.004444444444444, 45.7125 ], [ 3.021111111111111, 45.223333333333336 ], [ 3.040277777777778, 44.650555555555556 ], [ 2.806111111111111, 44.536666666666662 ], [ 1.566666666666667, 44.536666666666662 ], [ 1.271388888888889, 44.5 ], [ 0.579722222222222, 44.5 ], [ 0.238888888888889, 45.205830555555558 ], [ 0.094166666666667, 45.5 ], [ -0.150555555555556, 45.666666666666664 ], [ -0.325555555555556, 45.839722222222221 ], [ -0.722222222222222, 46.305 ], [ -0.25, 46.5 ], [ -0.25, 47.044441666666664 ], [ -0.25, 47.166666666666664 ], [ 0.3, 47.166666666666664 ], [ 0.570830555555556, 47.166941666666666 ], [ 0.697222222222222, 47.166666666666664 ], [ 1.466666666666667, 47.166663888888884 ], [ 1.504444444444444, 47.166666666666664 ], [ 2.0, 47.166666666666664 ], [ 2.168888888888889, 47.082219444444448 ], [ 2.182305555555555, 47.07233333333334 ], [ 2.833333333333333, 46.75 ], [ 2.868052777777778, 46.5775 ], [ 2.916666666666667, 46.333333333333336 ], [ 3.004444444444444, 45.7125 ] ] ] } },
{ "type": "Feature", "properties": { "fir": "LFBB", "identifier": "LFBB:N1 UAC:195-295", "name": "N1 UAC", "level_lower": 195, "level_upper": 295 }, "geometry": { "type": "Polygon", "coordinates": [ [ [ 1.701666666666667, 42.4925 ], [ 1.696947222222222, 42.493088888888892 ], [ 1.472222222222222, 43.919444444444444 ], [ 0.6475, 43.492222222222225 ], [ -0.274752777777778, 42.83826944444445 ], [ -0.15, 42.8 ], [ -0.066666666666667, 42.7 ], [ 0.2, 42.75 ], [ 0.633333333333333, 42.716666666666669 ], [ 0.633333333333333, 42.883333333333333 ], [ 0.75, 42.850277777777777 ], [ 0.884722222222222, 42.81666666666667 ], [ 1.086388888888889, 42.788611111111109 ], [ 1.183333333333333, 42.716666666666669 ], [ 1.357777777777778, 42.719444444444449 ], [ 1.416666666666667, 42.666666666666664 ], [ 1.448333333333333, 42.610555555555557 ], [ 1.458333333333333, 42.45 ], [ 1.701666666666667, 42.4925 ] ] ] } },
{ "type": "Feature", "properties": { "fir": "LFBB", "identifier": "LFBB:N2 UAC:295-345", "name": "N2 UAC", "level_lower": 295, "level_upper": 345 }, "geometry": { "type": "Polygon", "coordinates": [ [ [ -0.274752777777778, 42.83826944444445 ], [ -0.15, 42.8 ], [ -0.066666666666667, 42.7 ], [ 0.2, 42.75 ], [ 0.633333333333333, 42.716666666666669 ], [ 0.633333333333333, 42.883333333333333 ], [ 0.75, 42.850277777777777 ], [ 0.884722222222222, 42.81666666666667 ], [ 1.086388888888889, 42.788611111111109 ], [ 1.183333333333333, 42.716666666666669 ], [ 1.357777777777778, 42.719444444444449 ], [ 1.416666666666667, 42.666666666666664 ], [ 1.448333333333333, 42.610555555555557 ], [ 1.458333333333333, 42.45 ], [ 1.701666666666667, 42.4925 ], [ 1.696947222222222, 42.493088888888892 ], [ 1.472222222222222, 43.919444444444444 ], [ 0.6475, 43.492222222222225 ], [ -0.274752777777778, 42.83826944444445 ] ] ] } },
{ "type": "Feature", "properties": { "fir": "LFBB", "identifier": "LFBB:N3 UAC:345-365", "name": "N3 UAC", "level_lower": 345, "level_upper": 365 }, "geometry": { "type": "Polygon", "coordinates": [ [ [ -0.274752777777778, 42.83826944444445 ], [ -0.15, 42.8 ], [ -0.066666666666667, 42.7 ], [ 0.2, 42.75 ], [ 0.633333333333333, 42.716666666666669 ], [ 0.633333333333333, 42.883333333333333 ], [ 0.75, 42.850277777777777 ], [ 0.884722222222222, 42.81666666666667 ], [ 1.086388888888889, 42.788611111111109 ], [ 1.183333333333333, 42.716666666666669 ], [ 1.357777777777778, 42.719444444444449 ], [ 1.416666666666667, 42.666666666666664 ], [ 1.448333333333333, 42.610555555555557 ], [ 1.458333333333333, 42.45 ], [ 1.701666666666667, 42.4925 ], [ 1.696947222222222, 42.493088888888892 ], [ 1.472222222222222, 43.919444444444444 ], [ 0.6475, 43.492222222222225 ], [ -0.274752777777778, 42.83826944444445 ] ] ] } },
{ "type": "Feature", "properties": { "fir": "LFBB", "identifier": "LFBB:N4 UAC:365-385", "name": "N4 UAC", "level_lower": 365, "level_upper": 385 }, "geometry": { "type": "Polygon", "coordinates": [ [ [ -0.274752777777778, 42.83826944444445 ], [ -0.15, 42.8 ], [ -0.066666666666667, 42.7 ], [ 0.2, 42.75 ], [ 0.633333333333333, 42.716666666666669 ], [ 0.633333333333333, 42.883333333333333 ], [ 0.75, 42.850277777777777 ], [ 0.884722222222222, 42.81666666666667 ], [ 1.086388888888889, 42.788611111111109 ], [ 1.183333333333333, 42.716666666666669 ], [ 1.357777777777778, 42.719444444444449 ], [ 1.416666666666667, 42.666666666666664 ], [ 1.448333333333333, 42.610555555555557 ], [ 1.458333333333333, 42.45 ], [ 1.701666666666667, 42.4925 ], [ 1.696947222222222, 42.493088888888892 ], [ 1.472222222222222, 43.919444444444444 ], [ 0.6475, 43.492222222222225 ], [ -0.274752777777778, 42.83826944444445 ] ] ] } },
{ "type": "Feature", "properties": { "fir": "LFBB", "identifier": "LFBB:N5 UAC:385-660", "name": "N5 UAC", "level_lower": 385, "level_upper": 660 }, "geometry": { "type": "Polygon", "coordinates": [ [ [ -0.274752777777778, 42.83826944444445 ], [ -0.15, 42.8 ], [ -0.066666666666667, 42.7 ], [ 0.2, 42.75 ], [ 0.633333333333333, 42.716666666666669 ], [ 0.633333333333333, 42.883333333333333 ], [ 0.75, 42.850277777777777 ], [ 0.884722222222222, 42.81666666666667 ], [ 1.086388888888889, 42.788611111111109 ], [ 1.183333333333333, 42.716666666666669 ], [ 1.357777777777778, 42.719444444444449 ], [ 1.416666666666667, 42.666666666666664 ], [ 1.448333333333333, 42.610555555555557 ], [ 1.458333333333333, 42.45 ], [ 1.701666666666667, 42.4925 ], [ 1.696947222222222, 42.493088888888892 ], [ 1.472222222222222, 43.919444444444444 ], [ 0.6475, 43.492222222222225 ], [ -0.274752777777778, 42.83826944444445 ] ] ] } },
{ "type": "Feature", "properties": { "fir": "LFBB", "identifier": "LFBB:P1 1 UAC:195-265", "name": "P1 1 UAC", "level_lower": 195, "level_upper": 265 }, "geometry": { "type": "Polygon", "coordinates": [ [ [ 2.353333333333333, 46.370830555555557 ], [ 1.814166666666667, 46.881666666666668 ], [ 2.434166666666667, 47.178888888888885 ], [ 3.065, 47.313888888888883 ], [ 3.5, 46.56666666666667 ], [ 3.369722222222222, 46.524163888888886 ], [ 3.266666666666667, 46.5 ], [ 2.916666666666667, 46.333333333333336 ], [ 2.588888888888889, 46.259722222222223 ], [ 2.5, 46.229444444444447 ], [ 2.363055555555555, 46.188888888888883 ], [ 2.353333333333333, 46.370830555555557 ] ] ] } },
{ "type": "Feature", "properties": { "fir": "LFBB", "identifier": "LFBB:P1 2 UAC:265-295", "name": "P1 2 UAC", "level_lower": 265, "level_upper": 295 }, "geometry": { "type": "Polygon", "coordinates": [ [ [ 3.369722222222222, 46.524163888888886 ], [ 3.266666666666667, 46.5 ], [ 2.916666666666667, 46.333333333333336 ], [ 2.588888888888889, 46.259722222222223 ], [ 2.5, 46.229444444444447 ], [ 2.363055555555555, 46.188888888888883 ], [ 2.353333333333333, 46.370830555555557 ], [ 1.814166666666667, 46.881666666666668 ], [ 1.466666666666667, 47.166663888888884 ], [ 1.633611111111111, 47.550277777777772 ], [ 1.676666666666667, 47.762777777777778 ], [ 1.690555555555556, 47.831666666666671 ], [ 1.715277777777778, 47.953611111111115 ], [ 1.768333333333333, 48.110277777777782 ], [ 1.782222222222222, 48.133333333333333 ], [ 2.610277777777778, 48.133333333333333 ], [ 2.831666666666667, 47.734166666666667 ], [ 3.065, 47.313888888888883 ], [ 3.5, 46.56666666666667 ], [ 3.369722222222222, 46.524163888888886 ] ] ] } },
{ "type": "Feature", "properties": { "fir": "LFBB", "identifier": "LFBB:P2 UAC:295-345", "name": "P2 UAC", "level_lower": 295, "level_upper": 345 }, "geometry": { "type": "Polygon", "coordinates": [ [ [ 3.369722222222222, 46.524163888888886 ], [ 3.266666666666667, 46.5 ], [ 2.916666666666667, 46.333333333333336 ], [ 2.588888888888889, 46.259722222222223 ], [ 2.5, 46.229444444444447 ], [ 2.363055555555555, 46.188888888888883 ], [ 2.353333333333333, 46.370830555555557 ], [ 1.814166666666667, 46.881666666666668 ], [ 1.466666666666667, 47.166663888888884 ], [ 1.633611111111111, 47.550277777777772 ], [ 1.676666666666667, 47.762777777777778 ], [ 1.690555555555556, 47.831666666666671 ], [ 1.715277777777778, 47.953611111111115 ], [ 1.768333333333333, 48.110277777777782 ], [ 1.782222222222222, 48.133333333333333 ], [ 2.610277777777778, 48.133333333333333 ], [ 2.831666666666667, 47.734166666666667 ], [ 3.065, 47.313888888888883 ], [ 3.5, 46.56666666666667 ], [ 3.369722222222222, 46.524163888888886 ] ] ] } },
{ "type": "Feature", "properties": { "fir": "LFBB", "identifier": "LFBB:P3 UAC:345-365", "name": "P3 UAC", "level_lower": 345, "level_upper": 365 }, "geometry": { "type": "Polygon", "coordinates": [ [ [ 3.369722222222222, 46.524163888888886 ], [ 3.266666666666667, 46.5 ], [ 2.916666666666667, 46.333333333333336 ], [ 2.588888888888889, 46.259722222222223 ], [ 2.5, 46.229444444444447 ], [ 2.363055555555555, 46.188888888888883 ], [ 2.353333333333333, 46.370830555555557 ], [ 1.814166666666667, 46.881666666666668 ], [ 1.466666666666667, 47.166663888888884 ], [ 1.633611111111111, 47.550277777777772 ], [ 1.676666666666667, 47.762777777777778 ], [ 1.690555555555556, 47.831666666666671 ], [ 1.715277777777778, 47.953611111111115 ], [ 1.768333333333333, 48.110277777777782 ], [ 1.782222222222222, 48.133333333333333 ], [ 2.610277777777778, 48.133333333333333 ], [ 2.831666666666667, 47.734166666666667 ], [ 3.065, 47.313888888888883 ], [ 3.5, 46.56666666666667 ], [ 3.369722222222222, 46.524163888888886 ] ] ] } },
{ "type": "Feature", "properties": { "fir": "LFBB", "identifier": "LFBB:P4 UAC:365-660", "name": "P4 UAC", "level_lower": 365, "level_upper": 660 }, "geometry": { "type": "Polygon", "coordinates": [ [ [ 3.369722222222222, 46.524163888888886 ], [ 3.266666666666667, 46.5 ], [ 2.916666666666667, 46.333333333333336 ], [ 2.588888888888889, 46.259722222222223 ], [ 2.5, 46.229444444444447 ], [ 2.363055555555555, 46.188888888888883 ], [ 2.353333333333333, 46.370830555555557 ], [ 1.814166666666667, 46.881666666666668 ], [ 1.466666666666667, 47.166663888888884 ], [ 1.633611111111111, 47.550277777777772 ], [ 1.676666666666667, 47.762777777777778 ], [ 1.690555555555556, 47.831666666666671 ], [ 1.715277777777778, 47.953611111111115 ], [ 1.768333333333333, 48.110277777777782 ], [ 1.782222222222222, 48.133333333333333 ], [ 2.610277777777778, 48.133333333333333 ], [ 2.831666666666667, 47.734166666666667 ], [ 3.065, 47.313888888888883 ], [ 3.5, 46.56666666666667 ], [ 3.369722222222222, 46.524163888888886 ] ] ] } },
{ "type": "Feature", "properties": { "fir": "LFBB", "identifier": "LFBB:T1 UAC:245-295", "name": "T1 UAC", "level_lower": 245, "level_upper": 295 }, "geometry": { "type": "Polygon", "coordinates": [ [ [ 2.363055555555555, 46.188888888888883 ], [ 2.5, 46.229444444444447 ], [ 2.588888888888889, 46.259722222222223 ], [ 2.916666666666667, 46.333333333333336 ], [ 3.266666666666667, 46.5 ], [ 3.369722222222222, 46.524163888888886 ], [ 3.668886111111111, 45.777777777777779 ], [ 4.229444444444445, 45.68944444444444 ], [ 4.491663888888889, 45.358333333333334 ], [ 3.369166666666667, 44.858888888888892 ], [ 3.038055555555555, 44.716944444444444 ], [ 2.625, 44.516666666666666 ], [ 2.280555555555555, 44.761111111111113 ], [ 2.427777777777778, 44.959722222222226 ], [ 2.363055555555555, 46.188888888888883 ] ] ] } },
{ "type": "Feature", "properties": { "fir": "LFBB", "identifier": "LFBB:T1 UAC:195-245", "name": "T1 UAC", "level_lower": 195, "level_upper": 245 }, "geometry": { "type": "Polygon", "coordinates": [ [ [ 2.363055555555555, 46.188888888888883 ], [ 2.5, 46.229444444444447 ], [ 2.588888888888889, 46.259722222222223 ], [ 2.916666666666667, 46.333333333333336 ], [ 3.266666666666667, 46.5 ], [ 3.369722222222222, 46.524163888888886 ], [ 3.620830555555556, 45.899166666666666 ], [ 3.668886111111111, 45.777777777777779 ], [ 4.229444444444445, 45.68944444444444 ], [ 4.491663888888889, 45.358333333333334 ], [ 3.369166666666667, 44.858888888888892 ], [ 3.038055555555555, 44.716944444444444 ], [ 2.625, 44.516666666666666 ], [ 2.280555555555555, 44.761111111111113 ], [ 2.427777777777778, 44.959722222222226 ], [ 2.363055555555555, 46.188888888888883 ] ] ] } },
{ "type": "Feature", "properties": { "fir": "LFBB", "identifier": "LFBB:T2 UAC:295-345", "name": "T2 UAC", "level_lower": 295, "level_upper": 345 }, "geometry": { "type": "Polygon", "coordinates": [ [ [ 2.427777777777778, 44.959722222222226 ], [ 2.280555555555555, 44.761111111111113 ], [ 2.625, 44.516666666666666 ], [ 3.038055555555555, 44.716944444444444 ], [ 3.369166666666667, 44.858888888888892 ], [ 4.491663888888889, 45.358333333333334 ], [ 4.229444444444445, 45.68944444444444 ], [ 3.668886111111111, 45.777777777777779 ], [ 3.369722222222222, 46.524163888888886 ], [ 3.266666666666667, 46.5 ], [ 2.916666666666667, 46.333333333333336 ], [ 2.588888888888889, 46.259722222222223 ], [ 2.5, 46.229444444444447 ], [ 2.363055555555555, 46.188888888888883 ], [ 2.427777777777778, 44.959722222222226 ] ] ] } },
{ "type": "Feature", "properties": { "fir": "LFBB", "identifier": "LFBB:T3 UAC:345-365", "name": "T3 UAC", "level_lower": 345, "level_upper": 365 }, "geometry": { "type": "Polygon", "coordinates": [ [ [ 2.427777777777778, 44.959722222222226 ], [ 2.280555555555555, 44.761111111111113 ], [ 2.625, 44.516666666666666 ], [ 3.038055555555555, 44.716944444444444 ], [ 3.369166666666667, 44.858888888888892 ], [ 4.491663888888889, 45.358333333333334 ], [ 4.229444444444445, 45.68944444444444 ], [ 3.668886111111111, 45.777777777777779 ], [ 3.369722222222222, 46.524163888888886 ], [ 3.266666666666667, 46.5 ], [ 2.916666666666667, 46.333333333333336 ], [ 2.588888888888889, 46.259722222222223 ], [ 2.5, 46.229444444444447 ], [ 2.363055555555555, 46.188888888888883 ], [ 2.427777777777778, 44.959722222222226 ] ] ] } },
{ "type": "Feature", "properties": { "fir": "LFBB", "identifier": "LFBB:T4 UAC:365-385", "name": "T4 UAC", "level_lower": 365, "level_upper": 385 }, "geometry": { "type": "Polygon", "coordinates": [ [ [ 2.427777777777778, 44.959722222222226 ], [ 2.280555555555555, 44.761111111111113 ], [ 2.625, 44.516666666666666 ], [ 3.038055555555555, 44.716944444444444 ], [ 3.369166666666667, 44.858888888888892 ], [ 4.491663888888889, 45.358333333333334 ], [ 4.229444444444445, 45.68944444444444 ], [ 3.668886111111111, 45.777777777777779 ], [ 3.369722222222222, 46.524163888888886 ], [ 3.266666666666667, 46.5 ], [ 2.916666666666667, 46.333333333333336 ], [ 2.588888888888889, 46.259722222222223 ], [ 2.5, 46.229444444444447 ], [ 2.363055555555555, 46.188888888888883 ], [ 2.427777777777778, 44.959722222222226 ] ] ] } },
{ "type": "Feature", "properties": { "fir": "LFBB", "identifier": "LFBB:T5 UAC:385-660", "name": "T5 UAC", "level_lower": 385, "level_upper": 660 }, "geometry": { "type": "Polygon", "coordinates": [ [ [ 2.427777777777778, 44.959722222222226 ], [ 2.280555555555555, 44.761111111111113 ], [ 2.625, 44.516666666666666 ], [ 3.038055555555555, 44.716944444444444 ], [ 3.369166666666667, 44.858888888888892 ], [ 4.491663888888889, 45.358333333333334 ], [ 4.229444444444445, 45.68944444444444 ], [ 3.668886111111111, 45.777777777777779 ], [ 3.369722222222222, 46.524163888888886 ], [ 3.266666666666667, 46.5 ], [ 2.916666666666667, 46.333333333333336 ], [ 2.588888888888889, 46.259722222222223 ], [ 2.5, 46.229444444444447 ], [ 2.363055555555555, 46.188888888888883 ], [ 2.427777777777778, 44.959722222222226 ] ] ] } },
{ "type": "Feature", "properties": { "fir": "LFBB", "identifier": "LFBB:TG UAC:145-195", "name": "TG UAC", "level_lower": 145, "level_upper": 195 }, "geometry": { "type": "Polygon", "coordinates": [ [ [ 2.705555555555556, 42.424722222222222 ], [ 2.875833333333333, 42.465 ], [ 2.735555555555556, 42.591111111111111 ], [ 2.275, 43.0 ], [ 2.572222222222222, 43.258333333333333 ], [ 2.706941666666667, 43.2125 ], [ 2.709444444444445, 43.714722222222228 ], [ 2.904166666666667, 44.249444444444443 ], [ 3.041111111111111, 44.624722222222225 ], [ 3.040277777777778, 44.650555555555556 ], [ 2.806111111111111, 44.536666666666662 ], [ 1.566666666666667, 44.536666666666662 ], [ 1.271388888888889, 44.5 ], [ 1.309722222222222, 43.680830555555552 ], [ 1.487777777777778, 43.478333333333332 ], [ 1.668333333333333, 42.501111111111108 ], [ 1.663333333333333, 42.488333333333337 ], [ 1.664444444444444, 42.485 ], [ 1.701666666666667, 42.4925 ], [ 1.731666666666667, 42.497777777777777 ], [ 1.745277777777778, 42.5 ], [ 1.946111111111111, 42.453333333333333 ], [ 2.069444444444444, 42.3625 ], [ 2.25, 42.43333333333333 ], [ 2.558333333333333, 42.333055555555561 ], [ 2.705555555555556, 42.424722222222222 ] ] ] } },
{ "type": "Feature", "properties": { "fir": "LFBB", "identifier": "LFBB:TOULOUSE AE2:000-145", "name": "TOULOUSE AE2", "level_lower": 0, "level_upper": 145 }, "geometry": { "type": "Polygon", "coordinates": [ [ [ 1.787222222222222, 43.0 ], [ 1.844444444444445, 43.0 ], [ 2.05, 43.0 ], [ 2.275, 43.0 ], [ 2.054166666666667, 42.806663888888885 ], [ 2.1, 42.383330555555553 ], [ 2.069444444444444, 42.3625 ], [ 1.946111111111111, 42.453333333333333 ], [ 1.745277777777778, 42.5 ], [ 1.731666666666667, 42.497777777777777 ], [ 1.701666666666667, 42.4925 ], [ 1.664444444444444, 42.485 ], [ 1.663333333333333, 42.488333333333337 ], [ 1.668333333333333, 42.501111111111108 ], [ 1.787222222222222, 43.0 ] ] ] } },
{ "type": "Feature", "properties": { "fir": "LFBB", "identifier": "LFBB:TOULOUSE AE3:075-145", "name": "TOULOUSE AE3", "level_lower": 75, "level_upper": 145 }, "geometry": { "type": "Polygon", "coordinates": [ [ [ 1.806388888888889, 43.133055555555558 ], [ 1.725555555555556, 43.25 ], [ 1.679444444444444, 43.31666666666667 ], [ 1.654444444444444, 43.341388888888893 ], [ 1.527777777777778, 43.466388888888893 ], [ 1.309444444444444, 43.68055555555555 ], [ 1.3075, 43.829444444444448 ], [ 1.305833333333333, 43.967222222222226 ], [ 1.303888888888889, 44.113611111111112 ], [ 1.301944444444445, 44.253888888888888 ], [ 1.301111111111111, 44.326666666666668 ], [ 1.748886111111111, 44.295275 ], [ 1.804444444444445, 44.293333333333329 ], [ 1.858333333333333, 44.166663888888884 ], [ 2.605555555555556, 44.05833333333333 ], [ 2.821666666666666, 44.025833333333331 ], [ 2.709444444444445, 43.714722222222228 ], [ 2.706944444444445, 43.2125 ], [ 2.66, 43.228611111111114 ], [ 2.66, 43.213886111111115 ], [ 2.625, 43.131108333333337 ], [ 2.425555555555555, 43.130555555555553 ], [ 2.311666666666667, 43.031944444444441 ], [ 2.311388888888889, 43.031666666666666 ], [ 2.275, 43.0 ], [ 2.05, 43.0 ], [ 1.844444444444445, 43.0 ], [ 1.787222222222222, 43.0 ], [ 1.806388888888889, 43.133055555555558 ] ] ] } },
{ "type": "Feature", "properties": { "fir": "LFBB", "identifier": "LFBB:TOULOUSE AE4:115-145", "name": "TOULOUSE AE4", "level_lower": 115, "level_upper": 145 }, "geometry": { "type": "Polygon", "coordinates": [ [ [ 2.605555555555556, 44.05833333333333 ], [ 1.858333333333333, 44.166663888888884 ], [ 1.804444444444445, 44.293333333333329 ], [ 1.748886111111111, 44.295275 ], [ 1.301111111111111, 44.326666666666668 ], [ 1.298611111111111, 44.500277777777775 ], [ 1.716666666666667, 44.5 ], [ 2.605555555555556, 44.05833333333333 ] ] ] } },
{ "type": "Feature", "properties": { "fir": "LFBB", "identifier": "LFBB:TOULOUSE AE5:115-145", "name": "TOULOUSE AE5", "level_lower": 115, "level_upper": 145 }, "geometry": { "type": "Polygon", "coordinates": [ [ [ 2.275, 43.0 ], [ 2.493888888888889, 42.80555555555555 ], [ 2.6, 42.712222222222223 ], [ 2.558333333333333, 42.333055555555561 ], [ 2.25, 42.43333333333333 ], [ 2.069444444444444, 42.3625 ], [ 2.1, 42.383330555555553 ], [ 2.054166666666667, 42.806663888888885 ], [ 2.275, 43.0 ] ] ] } },
{ "type": "Feature", "properties": { "fir": "LFBB", "identifier": "LFBB:TOULOUSE AW2:000-145", "name": "TOULOUSE AW2", "level_lower": 0, "level_upper": 145 }, "geometry": { "type": "Polygon", "coordinates": [ [ [ 0.75, 43.0 ], [ 1.166666666666667, 43.0 ], [ 1.575305555555556, 43.000525 ], [ 1.787222222222222, 43.0 ], [ 1.668333333333333, 42.501111111111108 ], [ 1.663333333333333, 42.488333333333337 ], [ 1.664444444444444, 42.485 ], [ 1.458333333333333, 42.45 ], [ 1.448333333333333, 42.610555555555557 ], [ 1.416666666666667, 42.666666666666664 ], [ 1.357777777777778, 42.719444444444449 ], [ 1.183333333333333, 42.716666666666669 ], [ 1.086388888888889, 42.788611111111109 ], [ 0.884722222222222, 42.81666666666667 ], [ 0.75, 42.850277777777777 ], [ 0.75, 43.0 ] ] ] } },
{ "type": "Feature", "properties": { "fir": "LFBB", "identifier": "LFBB:TOULOUSE AW3:075-145", "name": "TOULOUSE AW3", "level_lower": 75, "level_upper": 145 }, "geometry": { "type": "Polygon", "coordinates": [ [ [ 1.301111111111111, 44.326666666666668 ], [ 1.301944444444445, 44.253888888888888 ], [ 1.303888888888889, 44.113611111111112 ], [ 1.305833333333333, 43.967222222222226 ], [ 1.3075, 43.829444444444448 ], [ 1.309444444444444, 43.68055555555555 ], [ 1.527777777777778, 43.466388888888893 ], [ 1.654444444444444, 43.341388888888893 ], [ 1.679444444444444, 43.31666666666667 ], [ 1.725555555555556, 43.25 ], [ 1.806388888888889, 43.133055555555558 ], [ 1.787222222222222, 43.0 ], [ 1.575305555555556, 43.000525 ], [ 1.166666666666667, 43.0 ], [ 0.75, 43.0 ], [ 0.75, 43.044722222222219 ], [ 0.75, 43.089722222222221 ], [ 0.75, 43.234166666666667 ], [ 0.75, 43.250833333333333 ], [ 0.75, 43.318888888888893 ], [ 0.75, 43.337777777777781 ], [ 0.75, 43.673888888888889 ], [ 0.872777777777778, 43.766388888888891 ], [ 0.553333333333333, 44.010555555555555 ], [ 0.279444444444444, 44.212222222222223 ], [ 0.429444444444444, 44.356388888888887 ], [ 0.579444444444444, 44.5 ], [ 1.036944444444444, 44.5 ], [ 1.025552777777778, 44.346111111111114 ], [ 1.301111111111111, 44.326666666666668 ] ] ] } },
{ "type": "Feature", "properties": { "fir": "LFBB", "identifier": "LFBB:TOULOUSE AW4:115-145", "name": "TOULOUSE AW4", "level_lower": 115, "level_upper": 145 }, "geometry": { "type": "Polygon", "coordinates": [ [ [ 1.298611111111111, 44.500277777777775 ], [ 1.301111111111111, 44.326666666666668 ], [ 1.025552777777778, 44.346111111111114 ], [ 1.036944444444444, 44.5 ], [ 1.298611111111111, 44.500277777777775 ] ] ] } },
{ "type": "Feature", "properties": { "fir": "LFBB", "identifier": "LFBB:TOULOUSE EB:030-075", "name": "TOULOUSE EB", "level_lower": 30, "level_upper": 75 }, "geometry": { "type": "Polygon", "coordinates": [ [ [ 1.748886111111111, 44.295275 ], [ 1.804444444444445, 44.293333333333329 ], [ 1.858333333333333, 44.166663888888884 ], [ 2.605555555555556, 44.05833333333333 ], [ 2.821666666666666, 44.025833333333331 ], [ 2.709444444444445, 43.714722222222228 ], [ 2.706944444444445, 43.2125 ], [ 2.66, 43.228611111111114 ], [ 2.66, 43.213886111111115 ], [ 2.625, 43.131108333333337 ], [ 2.425555555555555, 43.130555555555553 ], [ 2.311666666666667, 43.031944444444441 ], [ 2.311388888888889, 43.031666666666666 ], [ 2.275, 43.0 ], [ 2.05, 43.0 ], [ 1.844444444444445, 43.0 ], [ 1.787222222222222, 43.0 ], [ 1.806388888888889, 43.133055555555558 ], [ 1.725555555555556, 43.25 ], [ 1.679444444444444, 43.31666666666667 ], [ 1.919166666666666, 43.503888888888888 ], [ 1.725, 43.57416666666667 ], [ 1.725277777777778, 43.899722222222223 ], [ 1.621666666666667, 44.083888888888893 ], [ 1.538888888888889, 44.091666666666669 ], [ 1.350555555555556, 44.125555555555557 ], [ 1.303888888888889, 44.113611111111112 ], [ 1.301944444444445, 44.253888888888888 ], [ 1.301111111111111, 44.326666666666668 ], [ 1.748886111111111, 44.295275 ] ] ] } },
{ "type": "Feature", "properties": { "fir": "LFBB", "identifier": "LFBB:TOULOUSE EB-E:000-030", "name": "TOULOUSE EB-E", "level_lower": 0, "level_upper": 30 }, "geometry": { "type": "Polygon", "coordinates": [ [ [ 2.706944444444445, 43.2125 ], [ 2.66, 43.228611111111114 ], [ 2.66, 43.213886111111115 ], [ 2.625, 43.131108333333337 ], [ 2.425555555555555, 43.130555555555553 ], [ 2.311666666666667, 43.031944444444441 ], [ 2.311388888888889, 43.031666666666666 ], [ 2.275, 43.0 ], [ 2.299444444444444, 43.14 ], [ 2.330555555555555, 43.166666666666664 ], [ 2.466388888888889, 43.166388888888889 ], [ 2.514166666666667, 43.208055555555561 ], [ 2.514444444444444, 43.210555555555558 ], [ 2.514444444444444, 43.213055555555556 ], [ 2.514722222222222, 43.215833333333336 ], [ 2.514444444444444, 43.218333333333334 ], [ 2.514444444444444, 43.220833333333339 ], [ 2.514444444444444, 43.223333333333336 ], [ 2.514166666666667, 43.226111111111116 ], [ 2.513888888888889, 43.228611111111114 ], [ 2.513611111111111, 43.231111111111112 ], [ 2.513055555555555, 43.233611111111109 ], [ 2.512777777777778, 43.236111111111114 ], [ 2.512222222222222, 43.238888888888887 ], [ 2.511666666666667, 43.241388888888892 ], [ 2.511111111111111, 43.24388888888889 ], [ 2.510277777777778, 43.246388888888887 ], [ 2.509444444444445, 43.248888888888892 ], [ 2.508888888888889, 43.25138888888889 ], [ 2.507777777777778, 43.253888888888888 ], [ 2.506944444444445, 43.256388888888885 ], [ 2.506111111111111, 43.25888888888889 ], [ 2.505, 43.261111111111113 ], [ 2.503888888888889, 43.263611111111111 ], [ 2.502777777777778, 43.266111111111108 ], [ 2.501388888888889, 43.268611111111113 ], [ 2.500277777777778, 43.270833333333336 ], [ 2.498888888888889, 43.273333333333333 ], [ 2.4975, 43.275555555555556 ], [ 2.496111111111111, 43.278055555555554 ], [ 2.494444444444444, 43.280277777777776 ], [ 2.493055555555556, 43.2825 ], [ 2.491388888888889, 43.284722222222221 ], [ 2.489722222222222, 43.287222222222219 ], [ 2.488055555555555, 43.289444444444442 ], [ 2.486111111111111, 43.291666666666664 ], [ 2.484444444444445, 43.293888888888887 ], [ 2.4825, 43.295833333333334 ], [ 2.480555555555556, 43.298055555555557 ], [ 2.478611111111111, 43.300277777777772 ], [ 2.476666666666667, 43.30222222222222 ], [ 2.474444444444444, 43.304444444444442 ], [ 2.4725, 43.306388888888883 ], [ 2.470277777777778, 43.30833333333333 ], [ 2.468055555555556, 43.310277777777777 ], [ 2.465555555555556, 43.3125 ], [ 2.095555555555556, 43.3125 ], [ 2.205555555555556, 43.590833333333336 ], [ 2.263055555555555, 43.538333333333334 ], [ 2.281388888888889, 43.529722222222219 ], [ 2.299722222222222, 43.520833333333336 ], [ 2.346944444444444, 43.523333333333333 ], [ 2.290277777777778, 43.558055555555555 ], [ 2.298611111111111, 43.563611111111108 ], [ 2.316111111111111, 43.55555555555555 ], [ 2.35, 43.539722222222217 ], [ 2.334444444444445, 43.56805555555556 ], [ 2.258888888888889, 43.626666666666665 ], [ 2.709444444444445, 43.714722222222228 ], [ 2.706944444444445, 43.2125 ] ] ] } },
{ "type": "Feature", "properties": { "fir": "LFBB", "identifier": "LFBB:TOULOUSE EB-W:000-030", "name": "TOULOUSE EB-W", "level_lower": 0, "level_upper": 30 }, "geometry": { "type": "Polygon", "coordinates": [ [ [ 1.303888888888889, 44.113611111111112 ], [ 1.301944444444445, 44.253888888888888 ], [ 1.301111111111111, 44.326666666666668 ], [ 1.748886111111111, 44.295275 ], [ 1.804444444444445, 44.293333333333329 ], [ 1.858333333333333, 44.166663888888884 ], [ 2.605555555555556, 44.05833333333333 ], [ 2.821666666666666, 44.025833333333331 ], [ 2.709444444444445, 43.714722222222228 ], [ 2.258888888888889, 43.626666666666665 ], [ 2.227777777777778, 43.650833333333331 ], [ 2.225555555555556, 43.650277777777774 ], [ 2.223333333333334, 43.649444444444441 ], [ 2.210833333333333, 43.643888888888888 ], [ 2.205, 43.641111111111108 ], [ 2.188333333333333, 43.63111111111111 ], [ 2.18, 43.623888888888892 ], [ 2.205555555555556, 43.590833333333336 ], [ 2.095555555555556, 43.3125 ], [ 2.095, 43.312222222222218 ], [ 2.094444444444445, 43.31166666666666 ], [ 2.093611111111111, 43.310555555555553 ], [ 2.092777777777778, 43.30972222222222 ], [ 2.090555555555556, 43.30694444444444 ], [ 2.088611111111111, 43.304166666666667 ], [ 2.086388888888889, 43.301388888888887 ], [ 2.084444444444445, 43.298611111111107 ], [ 2.0825, 43.295833333333334 ], [ 2.080555555555556, 43.293055555555554 ], [ 2.078888888888889, 43.290277777777774 ], [ 2.077222222222222, 43.287222222222219 ], [ 2.075555555555556, 43.284444444444439 ], [ 2.073888888888889, 43.281388888888891 ], [ 2.0725, 43.278611111111111 ], [ 2.071111111111111, 43.275555555555556 ], [ 2.069722222222222, 43.2725 ], [ 2.068333333333333, 43.269444444444446 ], [ 2.067222222222223, 43.266666666666666 ], [ 2.065833333333333, 43.263611111111111 ], [ 2.065, 43.260555555555555 ], [ 2.063888888888889, 43.2575 ], [ 2.062777777777778, 43.254444444444445 ], [ 2.061944444444444, 43.251111111111108 ], [ 2.061111111111111, 43.24805555555556 ], [ 2.060555555555555, 43.245 ], [ 2.06, 43.241944444444442 ], [ 2.059166666666667, 43.238888888888887 ], [ 2.058888888888889, 43.235833333333332 ], [ 2.058333333333333, 43.2325 ], [ 2.058055555555555, 43.229444444444447 ], [ 2.057777777777777, 43.226388888888891 ], [ 2.0575, 43.223055555555554 ], [ 2.0575, 43.22 ], [ 2.057222222222222, 43.216944444444444 ], [ 2.057222222222222, 43.213611111111113 ], [ 2.0575, 43.210555555555558 ], [ 2.0575, 43.2075 ], [ 2.057777777777777, 43.204166666666673 ], [ 2.058055555555555, 43.201111111111111 ], [ 2.058611111111111, 43.198055555555555 ], [ 2.058888888888889, 43.195 ], [ 2.059444444444444, 43.191666666666663 ], [ 2.06, 43.188611111111108 ], [ 2.060833333333333, 43.185555555555553 ], [ 2.061666666666667, 43.1825 ], [ 2.0625, 43.179444444444442 ], [ 2.063333333333333, 43.176111111111112 ], [ 2.102222222222222, 43.1675 ], [ 2.188888888888889, 43.148333333333333 ], [ 2.299444444444444, 43.14 ], [ 2.275, 43.0 ], [ 2.05, 43.0 ], [ 1.844444444444445, 43.0 ], [ 1.787222222222222, 43.0 ], [ 1.806388888888889, 43.133055555555558 ], [ 1.725555555555556, 43.25 ], [ 1.679444444444444, 43.31666666666667 ], [ 1.919166666666666, 43.503888888888888 ], [ 1.725, 43.57416666666667 ], [ 1.725277777777778, 43.899722222222223 ], [ 1.621666666666667, 44.083888888888893 ], [ 1.538888888888889, 44.091666666666669 ], [ 1.350555555555556, 44.125555555555557 ], [ 1.303888888888889, 44.113611111111112 ] ] ] } },
{ "type": "Feature", "properties": { "fir": "LFBB", "identifier": "LFBB:TOULOUSE WB:020-075", "name": "TOULOUSE WB", "level_lower": 20, "level_upper": 75 }, "geometry": { "type": "Polygon", "coordinates": [ [ [ 1.301111111111111, 44.326666666666668 ], [ 1.301944444444445, 44.253888888888888 ], [ 1.303888888888889, 44.113611111111112 ], [ 1.001944444444445, 44.038333333333334 ], [ 0.930555555555555, 43.888055555555553 ], [ 0.935, 43.813611111111108 ], [ 0.949166666666667, 43.578055555555558 ], [ 1.0275, 43.384166666666665 ], [ 1.128333333333333, 43.350555555555559 ], [ 1.325555555555556, 43.285277777777779 ], [ 1.508055555555555, 43.274722222222223 ], [ 1.617777777777778, 43.268333333333331 ], [ 1.657222222222222, 43.299166666666665 ], [ 1.679444444444444, 43.31666666666667 ], [ 1.725555555555556, 43.25 ], [ 1.806388888888889, 43.133055555555558 ], [ 1.787222222222222, 43.0 ], [ 1.575305555555556, 43.000525 ], [ 1.166666666666667, 43.0 ], [ 0.75, 43.0 ], [ 0.75, 43.044722222222219 ], [ 0.75, 43.089722222222221 ], [ 0.75, 43.234166666666667 ], [ 0.75, 43.250833333333333 ], [ 0.75, 43.318888888888893 ], [ 0.75, 43.337777777777781 ], [ 0.75, 43.673888888888889 ], [ 0.872777777777778, 43.766388888888891 ], [ 0.553333333333333, 44.010555555555555 ], [ 0.279444444444444, 44.212222222222223 ], [ 0.429444444444444, 44.356388888888887 ], [ 0.579444444444444, 44.5 ], [ 1.036944444444444, 44.5 ], [ 1.025552777777778, 44.346111111111114 ], [ 1.301111111111111, 44.326666666666668 ] ] ] } },
{ "type": "Feature", "properties": { "fir": "LFBB", "identifier": "LFBB:TOULOUSE WB-E:000-020", "name": "TOULOUSE WB-E", "level_lower": 0, "level_upper": 20 }, "geometry": { "type": "Polygon", "coordinates": [ [ [ 0.553333333333333, 44.010555555555555 ], [ 0.651944444444444, 44.048888888888889 ], [ 0.674897222222222, 44.055969444444443 ], [ 0.699752777777778, 44.066872222222223 ], [ 0.721919444444444, 44.080427777777778 ], [ 0.740852777777778, 44.09630555555556 ], [ 0.756083333333333, 44.114111111111114 ], [ 0.767238888888889, 44.133411111111108 ], [ 0.774044444444445, 44.153730555555555 ], [ 0.776333333333333, 44.174569444444444 ], [ 0.774044444444445, 44.195416666666667 ], [ 0.767238888888889, 44.215758333333333 ], [ 0.759166666666667, 44.23 ], [ 1.025552777777778, 44.346111111111114 ], [ 1.301111111111111, 44.326666666666668 ], [ 1.301944444444445, 44.253888888888888 ], [ 1.303888888888889, 44.113611111111112 ], [ 1.001944444444445, 44.038333333333334 ], [ 0.930555555555555, 43.888055555555553 ], [ 0.935, 43.813611111111108 ], [ 0.949166666666667, 43.578055555555558 ], [ 1.0275, 43.384166666666665 ], [ 1.128333333333333, 43.350555555555559 ], [ 1.325555555555556, 43.285277777777779 ], [ 1.508055555555555, 43.274722222222223 ], [ 1.617777777777778, 43.268333333333331 ], [ 1.657222222222222, 43.299166666666665 ], [ 1.679444444444444, 43.31666666666667 ], [ 1.725555555555556, 43.25 ], [ 1.806388888888889, 43.133055555555558 ], [ 1.787222222222222, 43.0 ], [ 1.575305555555556, 43.000525 ], [ 1.166666666666667, 43.0 ], [ 0.75, 43.0 ], [ 0.75, 43.044722222222219 ], [ 0.75, 43.089722222222221 ], [ 0.75, 43.234166666666667 ], [ 0.75, 43.250833333333333 ], [ 0.75, 43.318888888888893 ], [ 0.75, 43.337777777777781 ], [ 0.75, 43.673888888888889 ], [ 0.872777777777778, 43.766388888888891 ], [ 0.553333333333333, 44.010555555555555 ] ] ] } },
{ "type": "Feature", "properties": { "fir": "LFBB", "identifier": "LFBB:TOULOUSE WB-W:000-020", "name": "TOULOUSE WB-W", "level_lower": 0, "level_upper": 20 }, "geometry": { "type": "Polygon", "coordinates": [ [ [ 0.279444444444444, 44.212222222222223 ], [ 0.429444444444444, 44.356388888888887 ], [ 0.579444444444444, 44.5 ], [ 1.036944444444444, 44.5 ], [ 1.025552777777778, 44.346111111111114 ], [ 0.759166666666667, 44.23 ], [ 0.474722222222222, 44.278888888888886 ], [ 0.459188888888889, 44.268863888888887 ], [ 0.440255555555556, 44.252941666666665 ], [ 0.425025, 44.235091666666669 ], [ 0.413869444444444, 44.215758333333333 ], [ 0.407063888888889, 44.195416666666667 ], [ 0.404775, 44.174569444444444 ], [ 0.407063888888889, 44.153730555555555 ], [ 0.411111111111111, 44.141944444444441 ], [ 0.518055555555556, 44.094166666666666 ], [ 0.651944444444444, 44.048888888888889 ], [ 0.553333333333333, 44.010555555555555 ], [ 0.279444444444444, 44.212222222222223 ] ] ] } },
{ "type": "Feature", "properties": { "fir": "LFBB", "identifier": "LFBB:TZ UAC:145-195", "name": "TZ UAC", "level_lower": 145, "level_upper": 195 }, "geometry": { "type": "Polygon", "coordinates": [ [ [ -1.783333333333333, 43.583333333333336 ], [ -1.783333333333333, 43.383333333333333 ], [ -1.786061111111111, 43.372641666666667 ], [ -1.775775, 43.363466666666667 ], [ -1.784377777777778, 43.353788888888893 ], [ -1.7625, 43.341666666666669 ], [ -1.733347222222222, 43.33260833333334 ], [ -1.725325, 43.303080555555553 ], [ -1.689077777777778, 43.3198 ], [ -1.634752777777778, 43.318733333333334 ], [ -1.618055555555556, 43.290833333333332 ], [ -1.600875, 43.26105 ], [ -1.573797222222222, 43.262405555555553 ], [ -1.525127777777778, 43.295205555555555 ], [ -1.415277777777778, 43.267222222222223 ], [ -1.383333333333333, 43.233333333333334 ], [ -1.47, 43.081666666666671 ], [ -1.358888888888889, 43.026111111111113 ], [ -1.316666666666667, 43.116666666666667 ], [ -1.25, 43.05 ], [ -1.108333333333333, 43.020833333333336 ], [ -1.0, 42.988052777777781 ], [ -0.9, 42.95 ], [ -0.75, 42.966666666666669 ], [ -0.566666666666667, 42.8 ], [ -0.46, 42.81666666666667 ], [ -0.15, 42.8 ], [ -0.066666666666667, 42.7 ], [ 0.2, 42.75 ], [ 0.633333333333333, 42.716666666666669 ], [ 0.633333333333333, 42.883333333333333 ], [ 0.75, 42.850277777777777 ], [ 0.884722222222222, 42.81666666666667 ], [ 1.086388888888889, 42.788611111111109 ], [ 1.183333333333333, 42.716666666666669 ], [ 1.357777777777778, 42.719444444444449 ], [ 1.416666666666667, 42.666666666666664 ], [ 1.448333333333333, 42.610555555555557 ], [ 1.458333333333333, 42.45 ], [ 1.664444444444444, 42.485 ], [ 1.663333333333333, 42.488333333333337 ], [ 1.668333333333333, 42.501111111111108 ], [ 1.487777777777778, 43.478333333333332 ], [ 1.309722222222222, 43.680830555555552 ], [ 1.271388888888889, 44.5 ], [ 0.579722222222222, 44.5 ], [ 0.238888888888889, 45.205830555555558 ], [ -0.716666666666667, 44.81666666666667 ], [ -1.72, 44.81666666666667 ], [ -1.758052777777778, 44.2 ], [ -1.758611111111111, 44.065277777777773 ], [ -1.783333333333333, 43.711111111111116 ], [ -1.783333333333333, 43.587222222222223 ], [ -1.783333333333333, 43.583333333333336 ] ] ] } },
{ "type": "Feature", "properties": { "fir": "LFBB", "identifier": "LFBB:X1 UAC:195-295", "name": "X1 UAC", "level_lower": 195, "level_upper": 295 }, "geometry": { "type": "Polygon", "coordinates": [ [ [ 0.656666666666667, 45.031666666666666 ], [ 1.097777777777778, 45.193333333333328 ], [ 2.280555555555555, 44.761111111111113 ], [ 2.625, 44.516666666666666 ], [ 1.472222222222222, 43.919444444444444 ], [ 0.6475, 43.492222222222225 ], [ 0.024166666666667, 44.396666666666668 ], [ 0.656666666666667, 45.031666666666666 ] ] ] } },
{ "type": "Feature", "properties": { "fir": "LFBB", "identifier": "LFBB:X2 UAC:295-345", "name": "X2 UAC", "level_lower": 295, "level_upper": 345 }, "geometry": { "type": "Polygon", "coordinates": [ [ [ 0.656666666666667, 45.031666666666666 ], [ 1.097777777777778, 45.193333333333328 ], [ 2.280555555555555, 44.761111111111113 ], [ 2.625, 44.516666666666666 ], [ 1.472222222222222, 43.919444444444444 ], [ 0.6475, 43.492222222222225 ], [ 0.024166666666667, 44.396666666666668 ], [ 0.656666666666667, 45.031666666666666 ] ] ] } },
{ "type": "Feature", "properties": { "fir": "LFBB", "identifier": "LFBB:X3 UAC:345-365", "name": "X3 UAC", "level_lower": 345, "level_upper": 365 }, "geometry": { "type": "Polygon", "coordinates": [ [ [ 0.656666666666667, 45.031666666666666 ], [ 1.097777777777778, 45.193333333333328 ], [ 2.280555555555555, 44.761111111111113 ], [ 2.625, 44.516666666666666 ], [ 1.472222222222222, 43.919444444444444 ], [ 0.6475, 43.492222222222225 ], [ 0.024166666666667, 44.396666666666668 ], [ 0.656666666666667, 45.031666666666666 ] ] ] } },
{ "type": "Feature", "properties": { "fir": "LFBB", "identifier": "LFBB:X4 UAC:365-385", "name": "X4 UAC", "level_lower": 365, "level_upper": 385 }, "geometry": { "type": "Polygon", "coordinates": [ [ [ 0.656666666666667, 45.031666666666666 ], [ 1.097777777777778, 45.193333333333328 ], [ 2.280555555555555, 44.761111111111113 ], [ 2.625, 44.516666666666666 ], [ 1.472222222222222, 43.919444444444444 ], [ 0.6475, 43.492222222222225 ], [ 0.024166666666667, 44.396666666666668 ], [ 0.656666666666667, 45.031666666666666 ] ] ] } },
{ "type": "Feature", "properties": { "fir": "LFBB", "identifier": "LFBB:X5 UAC:385-660", "name": "X5 UAC", "level_lower": 385, "level_upper": 660 }, "geometry": { "type": "Polygon", "coordinates": [ [ [ 0.656666666666667, 45.031666666666666 ], [ 1.097777777777778, 45.193333333333328 ], [ 2.280555555555555, 44.761111111111113 ], [ 2.625, 44.516666666666666 ], [ 1.472222222222222, 43.919444444444444 ], [ 0.6475, 43.492222222222225 ], [ 0.024166666666667, 44.396666666666668 ], [ 0.656666666666667, 45.031666666666666 ] ] ] } },
{ "type": "Feature", "properties": { "fir": "LFEE", "identifier": "LFEE:BALE BM1:025-115", "name": "BALE BM1", "level_lower": 25, "level_upper": 115 }, "geometry": { "type": "Polygon", "coordinates": [ [ [ 6.321388888888889, 47.974166666666669 ], [ 6.122777777777777, 47.638055555555553 ], [ 6.333333333333333, 47.533333333333331 ], [ 6.603333333333333, 47.333333333333336 ], [ 6.964722222222222, 47.292222222222222 ], [ 6.950252777777778, 47.292288888888883 ], [ 6.940347222222223, 47.285727777777772 ], [ 6.951608333333334, 47.269313888888888 ], [ 6.946272222222222, 47.254022222222225 ], [ 6.954838888888889, 47.243161111111114 ], [ 6.942613888888889, 47.23789166666667 ], [ 6.940558333333334, 47.231586111111113 ], [ 6.930533333333334, 47.230552777777781 ], [ 6.926733333333334, 47.227891666666672 ], [ 6.926994444444444, 47.225555555555559 ], [ 6.922419444444444, 47.221772222222221 ], [ 6.908355555555556, 47.217233333333333 ], [ 6.907122222222222, 47.214838888888892 ], [ 6.880144444444445, 47.200613888888888 ], [ 6.877788888888889, 47.195405555555553 ], [ 6.872880555555556, 47.19015 ], [ 6.873522222222222, 47.185655555555549 ], [ 6.866861111111112, 47.185577777777773 ], [ 6.86391111111111, 47.180566666666664 ], [ 6.840497222222222, 47.171755555555556 ], [ 6.843811111111111, 47.166147222222222 ], [ 6.858791666666666, 47.165177777777778 ], [ 6.849130555555555, 47.156180555555551 ], [ 6.839922222222222, 47.154197222222223 ], [ 6.839108333333333, 47.150372222222224 ], [ 6.830122222222222, 47.146322222222224 ], [ 6.827352777777778, 47.14639722222222 ], [ 6.824111111111111, 47.141747222222222 ], [ 6.81925, 47.1401 ], [ 6.815283333333333, 47.135583333333329 ], [ 6.807638888888889, 47.135405555555558 ], [ 6.805716666666666, 47.130808333333334 ], [ 6.778697222222222, 47.12355 ], [ 6.776222222222223, 47.121330555555559 ], [ 6.766408333333334, 47.120975 ], [ 6.752319444444445, 47.114863888888891 ], [ 6.746202777777778, 47.109819444444447 ], [ 6.739516666666667, 47.109966666666665 ], [ 6.740111111111111, 47.108925 ], [ 6.741547222222223, 47.103225 ], [ 6.746625, 47.097588888888893 ], [ 6.744916666666667, 47.092097222222222 ], [ 6.738033333333333, 47.089711111111114 ], [ 6.725891666666667, 47.091613888888894 ], [ 6.703630555555556, 47.082119444444444 ], [ 6.700461111111111, 47.070019444444448 ], [ 6.691061111111111, 47.067147222222225 ], [ 6.708611111111111, 47.0575 ], [ 6.713055555555556, 47.053333333333327 ], [ 6.72, 47.051666666666662 ], [ 6.705555555555556, 47.044166666666662 ], [ 6.695555555555556, 47.037222222222219 ], [ 6.686111111111112, 47.037777777777777 ], [ 6.674444444444445, 47.034722222222221 ], [ 6.66888888888889, 47.031666666666666 ], [ 6.659444444444444, 47.0275 ], [ 6.653333333333333, 47.021944444444443 ], [ 6.648055555555555, 47.014166666666668 ], [ 6.640069444444444, 47.002727777777778 ], [ 6.618147222222222, 46.991777777777777 ], [ 6.596261111111111, 46.992369444444442 ], [ 6.504694444444445, 46.965713888888892 ], [ 6.494444444444444, 46.973333333333336 ], [ 6.4325, 46.925555555555555 ], [ 6.464669444444445, 46.890369444444445 ], [ 6.459933333333334, 46.851391666666665 ], [ 6.443186111111111, 46.832752777777785 ], [ 6.439494444444445, 46.824011111111112 ], [ 6.440827777777778, 46.8158 ], [ 6.431041666666667, 46.812355555555555 ], [ 6.434791666666666, 46.80148055555555 ], [ 6.458477777777778, 46.788827777777776 ], [ 6.448941666666667, 46.773391666666669 ], [ 6.440008333333334, 46.76777222222222 ], [ 6.400077777777778, 46.779466666666664 ], [ 5.894027777777778, 46.92552222222222 ], [ 5.820555555555555, 46.8725 ], [ 5.583333333333333, 46.7 ], [ 5.462266666666667, 46.700147222222228 ], [ 5.41923888888889, 46.700169444444448 ], [ 5.433333333333334, 46.68333333333333 ], [ 5.586111111111111, 46.5 ], [ 5.21865, 46.5 ], [ 5.161666666666667, 46.5 ], [ 5.090552777777777, 46.5 ], [ 5.016666666666667, 46.5 ], [ 4.952777777777778, 46.5 ], [ 4.833333333333333, 46.5 ], [ 4.674722222222223, 46.5 ], [ 4.65, 46.583333333333336 ], [ 4.366944444444444, 46.88 ], [ 4.270830555555555, 47.359166666666667 ], [ 4.333333333333333, 47.416666666666664 ], [ 4.580830555555555, 47.642777777777781 ], [ 4.755905555555556, 47.800447222222218 ], [ 4.952777777777778, 47.974166666666669 ], [ 5.166666666666667, 48.166666666666664 ], [ 5.336941666666666, 48.309444444444445 ], [ 5.779444444444445, 48.080830555555558 ], [ 6.321388888888889, 47.974166666666669 ] ] ] } },
{ "type": "Feature", "properties": { "fir": "LFEE", "identifier": "LFEE:BALE BM1-E:000-025", "name": "BALE BM1-E", "level_lower": 0, "level_upper": 25 }, "geometry": { "type": "Polygon", "coordinates": [ [ [ 5.41923888888889, 46.700169444444448 ], [ 5.429444444444445, 46.863055555555555 ], [ 5.60361111111111, 46.906944444444441 ], [ 5.661388888888889, 47.018611111111113 ], [ 5.894027777777778, 46.92552222222222 ], [ 5.820555555555555, 46.8725 ], [ 5.583333333333333, 46.7 ], [ 5.462266666666667, 46.700147222222228 ], [ 5.41923888888889, 46.700169444444448 ] ] ] } },
{ "type": "Feature", "properties": { "fir": "LFEE", "identifier": "LFEE:BALE BM1-W:000-025", "name": "BALE BM1-W", "level_lower": 0, "level_upper": 25 }, "geometry": { "type": "Polygon", "coordinates": [ [ [ 4.65, 46.583333333333336 ], [ 4.366944444444444, 46.88 ], [ 4.270830555555555, 47.359166666666667 ], [ 4.333333333333333, 47.416666666666664 ], [ 4.580830555555555, 47.642777777777781 ], [ 4.755905555555556, 47.800447222222218 ], [ 4.952777777777778, 47.974166666666669 ], [ 5.166666666666667, 48.166666666666664 ], [ 5.336941666666666, 48.309444444444445 ], [ 5.779444444444445, 48.080830555555558 ], [ 6.321388888888889, 47.974166666666669 ], [ 6.122777777777777, 47.638055555555553 ], [ 6.333333333333333, 47.533333333333331 ], [ 6.603333333333333, 47.333333333333336 ], [ 6.964722222222222, 47.292222222222222 ], [ 6.950252777777778, 47.292288888888883 ], [ 6.940347222222223, 47.285727777777772 ], [ 6.951608333333334, 47.269313888888888 ], [ 6.946272222222222, 47.254022222222225 ], [ 6.954838888888889, 47.243161111111114 ], [ 6.942613888888889, 47.23789166666667 ], [ 6.940558333333334, 47.231586111111113 ], [ 6.930533333333334, 47.230552777777781 ], [ 6.926733333333334, 47.227891666666672 ], [ 6.926994444444444, 47.225555555555559 ], [ 6.922419444444444, 47.221772222222221 ], [ 6.908355555555556, 47.217233333333333 ], [ 6.907122222222222, 47.214838888888892 ], [ 6.880144444444445, 47.200613888888888 ], [ 6.877788888888889, 47.195405555555553 ], [ 6.872880555555556, 47.19015 ], [ 6.873522222222222, 47.185655555555549 ], [ 6.866861111111112, 47.185577777777773 ], [ 6.86391111111111, 47.180566666666664 ], [ 6.840497222222222, 47.171755555555556 ], [ 6.843811111111111, 47.166147222222222 ], [ 6.858791666666666, 47.165177777777778 ], [ 6.849130555555555, 47.156180555555551 ], [ 6.839922222222222, 47.154197222222223 ], [ 6.839108333333333, 47.150372222222224 ], [ 6.830122222222222, 47.146322222222224 ], [ 6.827352777777778, 47.14639722222222 ], [ 6.824111111111111, 47.141747222222222 ], [ 6.81925, 47.1401 ], [ 6.815283333333333, 47.135583333333329 ], [ 6.807638888888889, 47.135405555555558 ], [ 6.805716666666666, 47.130808333333334 ], [ 6.778697222222222, 47.12355 ], [ 6.776222222222223, 47.121330555555559 ], [ 6.766408333333334, 47.120975 ], [ 6.752319444444445, 47.114863888888891 ], [ 6.746202777777778, 47.109819444444447 ], [ 6.739516666666667, 47.109966666666665 ], [ 6.740111111111111, 47.108925 ], [ 6.741547222222223, 47.103225 ], [ 6.746625, 47.097588888888893 ], [ 6.744916666666667, 47.092097222222222 ], [ 6.738033333333333, 47.089711111111114 ], [ 6.725891666666667, 47.091613888888894 ], [ 6.703630555555556, 47.082119444444444 ], [ 6.700461111111111, 47.070019444444448 ], [ 6.691061111111111, 47.067147222222225 ], [ 6.708611111111111, 47.0575 ], [ 6.713055555555556, 47.053333333333327 ], [ 6.72, 47.051666666666662 ], [ 6.705555555555556, 47.044166666666662 ], [ 6.695555555555556, 47.037222222222219 ], [ 6.686111111111112, 47.037777777777777 ], [ 6.674444444444445, 47.034722222222221 ], [ 6.66888888888889, 47.031666666666666 ], [ 6.659444444444444, 47.0275 ], [ 6.653333333333333, 47.021944444444443 ], [ 6.648055555555555, 47.014166666666668 ], [ 6.640069444444444, 47.002727777777778 ], [ 6.618147222222222, 46.991777777777777 ], [ 6.596261111111111, 46.992369444444442 ], [ 6.504694444444445, 46.965713888888892 ], [ 6.494444444444444, 46.973333333333336 ], [ 6.4325, 46.925555555555555 ], [ 6.464669444444445, 46.890369444444445 ], [ 6.459933333333334, 46.851391666666665 ], [ 6.443186111111111, 46.832752777777785 ], [ 6.439494444444445, 46.824011111111112 ], [ 6.440827777777778, 46.8158 ], [ 6.431041666666667, 46.812355555555555 ], [ 6.434791666666666, 46.80148055555555 ], [ 6.458477777777778, 46.788827777777776 ], [ 6.448941666666667, 46.773391666666669 ], [ 6.440008333333334, 46.76777222222222 ], [ 6.400077777777778, 46.779466666666664 ], [ 5.894027777777778, 46.92552222222222 ], [ 5.661388888888889, 47.018611111111113 ], [ 5.608333333333333, 47.083333333333336 ], [ 5.578888888888889, 47.099444444444444 ], [ 5.486666666666666, 47.124722222222225 ], [ 5.207222222222223, 46.961111111111116 ], [ 5.263055555555556, 46.908611111111107 ], [ 5.429444444444445, 46.863055555555555 ], [ 5.41923888888889, 46.700169444444448 ], [ 5.433333333333334, 46.68333333333333 ], [ 5.586111111111111, 46.5 ], [ 5.21865, 46.5 ], [ 5.161666666666667, 46.5 ], [ 5.090552777777777, 46.5 ], [ 5.016666666666667, 46.5 ], [ 4.952777777777778, 46.5 ], [ 4.833333333333333, 46.5 ], [ 4.674722222222223, 46.5 ], [ 4.65, 46.583333333333336 ] ] ] } },
{ "type": "Feature", "properties": { "fir": "LFEE", "identifier": "LFEE:BALE BM2:000-065", "name": "BALE BM2", "level_lower": 0, "level_upper": 65 }, "geometry": { "type": "Polygon", "coordinates": [ [ [ 5.586111111111111, 46.5 ], [ 5.433333333333334, 46.68333333333333 ], [ 5.41923888888889, 46.700169444444448 ], [ 5.462266666666667, 46.700147222222228 ], [ 5.583333333333333, 46.7 ], [ 5.820555555555555, 46.8725 ], [ 5.894027777777778, 46.92552222222222 ], [ 6.400077777777778, 46.779466666666664 ], [ 6.440008333333334, 46.76777222222222 ], [ 6.392036111111111, 46.743127777777779 ], [ 6.275008333333333, 46.683325 ], [ 6.210288888888889, 46.639713888888892 ], [ 6.132222222222222, 46.589752777777782 ], [ 6.110866666666666, 46.576225 ], [ 5.890722222222221, 46.495555555555555 ], [ 5.81535, 46.4907 ], [ 5.606111111111111, 46.477222222222224 ], [ 5.586111111111111, 46.5 ] ] ] } },
{ "type": "Feature", "properties": { "fir": "LFEE", "identifier": "LFEE:BALE BU1:115-195", "name": "BALE BU1", "level_lower": 115, "level_upper": 195 }, "geometry": { "type": "Polygon", "coordinates": [ [ [ 4.333333333333333, 47.416666666666664 ], [ 4.580830555555555, 47.642777777777781 ], [ 4.755905555555556, 47.800447222222218 ], [ 4.952777777777778, 47.974166666666669 ], [ 5.166666666666667, 48.166666666666664 ], [ 5.336941666666666, 48.309444444444445 ], [ 5.779444444444445, 48.080830555555558 ], [ 5.796666666666667, 48.0775 ], [ 5.698611111111111, 48.027777777777779 ], [ 5.608333333333333, 47.741666666666667 ], [ 5.608055555555556, 47.57555555555556 ], [ 5.783333333333333, 47.466666666666669 ], [ 5.951111111111111, 46.966666666666669 ], [ 5.894027777777778, 46.92552222222222 ], [ 5.820555555555555, 46.8725 ], [ 5.583333333333333, 46.7 ], [ 5.462266666666667, 46.700147222222228 ], [ 5.41923888888889, 46.700169444444448 ], [ 5.183333333333334, 46.7 ], [ 5.161666666666667, 46.5 ], [ 5.090552777777777, 46.5 ], [ 5.016666666666667, 46.5 ], [ 4.952777777777778, 46.5 ], [ 4.833333333333333, 46.5 ], [ 4.674722222222223, 46.5 ], [ 4.65, 46.583333333333336 ], [ 4.366944444444444, 46.88 ], [ 4.270830555555555, 47.359166666666667 ], [ 4.333333333333333, 47.416666666666664 ] ] ] } },
{ "type": "Feature", "properties": { "fir": "LFEE", "identifier": "LFEE:BALE BU3:115-145", "name": "BALE BU3", "level_lower": 115, "level_upper": 145 }, "geometry": { "type": "Polygon", "coordinates": [ [ [ 5.586111111111111, 46.5 ], [ 5.21865, 46.5 ], [ 5.161666666666667, 46.5 ], [ 5.183333333333334, 46.7 ], [ 5.41923888888889, 46.700169444444448 ], [ 5.433333333333334, 46.68333333333333 ], [ 5.586111111111111, 46.5 ] ] ] } },
{ "type": "Feature", "properties": { "fir": "LFEE", "identifier": "LFEE:KD3 UAC:385-660", "name": "KD3 UAC", "level_lower": 385, "level_upper": 660 }, "geometry": { "type": "Polygon", "coordinates": [ [ [ 3.963611111111111, 48.49388888888889 ], [ 4.458333333333334, 48.270277777777778 ], [ 4.945, 47.969722222222224 ], [ 5.269444444444445, 47.776941666666666 ], [ 5.783333333333333, 47.466666666666669 ], [ 5.951111111111111, 46.966666666666669 ], [ 5.894027777777778, 46.92552222222222 ], [ 5.820555555555555, 46.8725 ], [ 5.583333333333333, 46.7 ], [ 5.462266666666667, 46.700147222222228 ], [ 5.41923888888889, 46.700169444444448 ], [ 5.183333333333334, 46.7 ], [ 4.488888888888889, 47.349166666666669 ], [ 4.0775, 47.2675 ], [ 3.795830555555555, 47.401666666666664 ], [ 3.528611111111111, 47.5275 ], [ 3.362777777777778, 47.795277777777777 ], [ 3.235277777777778, 47.998888888888892 ], [ 2.918611111111111, 48.283333333333331 ], [ 2.792777777777778, 48.395277777777778 ], [ 2.920277777777778, 48.5025 ], [ 3.016663888888889, 48.583333333333336 ], [ 3.116666666666667, 48.666666666666664 ], [ 3.5, 48.7 ], [ 3.963611111111111, 48.49388888888889 ] ] ] } },
{ "type": "Feature", "properties": { "fir": "LECB", "identifier": "LECB:BL1_HI:105-195", "name": "BL1_HI", "level_lower": 105, "level_upper": 195 }, "geometry": { "type": "Polygon", "coordinates": [ [ [ 2.075694444444445, 41.293497222222221 ], [ 2.041658333333333, 41.363463888888887 ], [ 2.014827777777778, 41.416666666666664 ], [ 1.97, 41.480555555555554 ], [ 1.882777777777778, 41.607222222222227 ], [ 1.855833333333333, 41.75888888888889 ], [ 1.8075, 42.025277777777774 ], [ 1.731158333333333, 42.486161111111109 ], [ 1.731666666666667, 42.497777777777777 ], [ 1.745277777777778, 42.5 ], [ 1.946111111111111, 42.453333333333333 ], [ 2.069444444444444, 42.3625 ], [ 2.25, 42.43333333333333 ], [ 2.558333333333333, 42.333055555555561 ], [ 2.705555555555556, 42.424722222222222 ], [ 2.875833333333333, 42.465 ], [ 2.949444444444445, 42.483055555555559 ], [ 3.0425, 42.478055555555557 ], [ 3.099444444444444, 42.434444444444438 ], [ 3.166666666666667, 42.43333333333333 ], [ 3.375555555555556, 42.374722222222225 ], [ 3.394166666666667, 42.025555555555556 ], [ 3.391388888888889, 41.979166666666671 ], [ 3.014444444444444, 41.79944444444444 ], [ 2.894444444444444, 41.75333333333333 ], [ 2.608055555555556, 41.476944444444449 ], [ 2.328591666666667, 41.37535 ], [ 2.166872222222222, 41.324497222222227 ], [ 2.106536111111111, 41.303672222222218 ], [ 2.075694444444445, 41.293497222222221 ] ] ] } },
{ "type": "Feature", "properties": { "fir": "LECB", "identifier": "LECB:BL1_LOW35:000-035", "name": "BL1_LOW35", "level_lower": 0, "level_upper": 35 }, "geometry": { "type": "Polygon", "coordinates": [ [ [ 1.731666666666667, 42.497777777777777 ], [ 1.745277777777778, 42.5 ], [ 1.946111111111111, 42.453333333333333 ], [ 2.069444444444444, 42.3625 ], [ 2.25, 42.43333333333333 ], [ 2.558333333333333, 42.333055555555561 ], [ 2.521388888888889, 42.074444444444445 ], [ 2.508188888888889, 41.970266666666667 ], [ 2.505555555555556, 41.95194444444445 ], [ 2.503022222222222, 41.93125 ], [ 2.508188888888889, 41.892230555555557 ], [ 2.523488888888889, 41.854711111111115 ], [ 2.548330555555555, 41.820133333333338 ], [ 2.581763888888889, 41.789827777777774 ], [ 2.622502777777778, 41.764955555555552 ], [ 2.668980555555555, 41.746472222222224 ], [ 2.719413888888889, 41.735091666666669 ], [ 2.771861111111111, 41.73125 ], [ 2.824308333333333, 41.735091666666669 ], [ 2.874738888888889, 41.746472222222224 ], [ 2.894444444444444, 41.75333333333333 ], [ 2.608055555555556, 41.476944444444449 ], [ 2.585277777777778, 41.5075 ], [ 2.555555555555555, 41.535 ], [ 2.520277777777778, 41.5575 ], [ 2.48, 41.575 ], [ 2.436944444444445, 41.5875 ], [ 2.388055555555555, 41.593888888888891 ], [ 2.344444444444445, 41.594166666666666 ], [ 2.298055555555556, 41.588055555555556 ], [ 2.193844444444444, 41.548386111111107 ], [ 2.193383333333333, 41.548847222222221 ], [ 2.192427777777778, 41.550491666666666 ], [ 2.191419444444444, 41.552122222222216 ], [ 2.190358333333333, 41.553730555555553 ], [ 2.189244444444444, 41.555319444444443 ], [ 2.188075, 41.556886111111105 ], [ 2.186855555555555, 41.558430555555553 ], [ 2.185586111111111, 41.559952777777774 ], [ 2.184955555555555, 41.560833333333328 ], [ 2.184266666666666, 41.56145 ], [ 2.182897222222222, 41.56292222222222 ], [ 2.181477777777778, 41.564366666666665 ], [ 2.180013888888889, 41.565786111111109 ], [ 2.1785, 41.567177777777779 ], [ 2.176941666666667, 41.568538888888895 ], [ 2.175338888888889, 41.569872222222223 ], [ 2.173691666666667, 41.571175 ], [ 2.172997222222222, 41.571744444444448 ], [ 2.172002777777778, 41.57244444444445 ], [ 2.170269444444444, 41.573683333333335 ], [ 2.168497222222222, 41.574891666666673 ], [ 2.166686111111111, 41.576063888888889 ], [ 2.181388888888889, 41.6425 ], [ 1.882777777777778, 41.607222222222227 ], [ 1.855833333333333, 41.75888888888889 ], [ 1.8075, 42.025277777777774 ], [ 1.731158333333333, 42.486161111111109 ], [ 1.731666666666667, 42.497777777777777 ] ] ] } },
{ "type": "Feature", "properties": { "fir": "LECB", "identifier": "LECB:BL1_LOW65:035-065", "name": "BL1_LOW65", "level_lower": 35, "level_upper": 65 }, "geometry": { "type": "Polygon", "coordinates": [ [ [ 1.731666666666667, 42.497777777777777 ], [ 1.745277777777778, 42.5 ], [ 1.946111111111111, 42.453333333333333 ], [ 2.069444444444444, 42.3625 ], [ 2.25, 42.43333333333333 ], [ 2.558333333333333, 42.333055555555561 ], [ 2.521388888888889, 42.074444444444445 ], [ 2.508188888888889, 41.970266666666667 ], [ 2.505555555555556, 41.95194444444445 ], [ 2.503022222222222, 41.93125 ], [ 2.508188888888889, 41.892230555555557 ], [ 2.523488888888889, 41.854711111111115 ], [ 2.548330555555555, 41.820133333333338 ], [ 2.581763888888889, 41.789827777777774 ], [ 2.622502777777778, 41.764955555555552 ], [ 2.668980555555555, 41.746472222222224 ], [ 2.719413888888889, 41.735091666666669 ], [ 2.771861111111111, 41.73125 ], [ 2.824308333333333, 41.735091666666669 ], [ 2.874738888888889, 41.746472222222224 ], [ 2.894444444444444, 41.75333333333333 ], [ 2.608055555555556, 41.476944444444449 ], [ 2.585277777777778, 41.5075 ], [ 2.555555555555555, 41.535 ], [ 2.520277777777778, 41.5575 ], [ 2.48, 41.575 ], [ 2.436944444444445, 41.5875 ], [ 2.388055555555555, 41.593888888888891 ], [ 2.344444444444445, 41.594166666666666 ], [ 2.298055555555556, 41.588055555555556 ], [ 2.193844444444444, 41.548386111111107 ], [ 2.160277777777778, 41.544722222222219 ], [ 2.166686111111111, 41.576063888888889 ], [ 2.181388888888889, 41.6425 ], [ 1.882777777777778, 41.607222222222227 ], [ 1.855833333333333, 41.75888888888889 ], [ 1.8075, 42.025277777777774 ], [ 1.731158333333333, 42.486161111111109 ], [ 1.731666666666667, 42.497777777777777 ] ] ] } },
{ "type": "Feature", "properties": { "fir": "LECB", "identifier": "LECB:BL1_MID:065-105", "name": "BL1_MID", "level_lower": 65, "level_upper": 105 }, "geometry": { "type": "Polygon", "coordinates": [ [ [ 1.731666666666667, 42.497777777777777 ], [ 1.745277777777778, 42.5 ], [ 1.946111111111111, 42.453333333333333 ], [ 2.069444444444444, 42.3625 ], [ 2.25, 42.43333333333333 ], [ 2.558333333333333, 42.333055555555561 ], [ 2.705555555555556, 42.424722222222222 ], [ 2.875833333333333, 42.465 ], [ 2.949444444444445, 42.483055555555559 ], [ 3.0425, 42.478055555555557 ], [ 3.099444444444444, 42.434444444444438 ], [ 3.166666666666667, 42.43333333333333 ], [ 3.375555555555556, 42.374722222222225 ], [ 3.394166666666667, 42.025555555555556 ], [ 3.391388888888889, 41.979166666666671 ], [ 3.014444444444444, 41.79944444444444 ], [ 2.894444444444444, 41.75333333333333 ], [ 2.608055555555556, 41.476944444444449 ], [ 2.567052777777778, 41.46252777777778 ], [ 2.328591666666667, 41.37535 ], [ 2.166872222222222, 41.324497222222227 ], [ 2.106536111111111, 41.303672222222218 ], [ 2.075694444444445, 41.293497222222221 ], [ 2.109883333333333, 41.344455555555555 ], [ 2.128225, 41.416702777777772 ], [ 2.137772222222222, 41.453208333333336 ], [ 2.160277777777778, 41.544722222222219 ], [ 2.166686111111111, 41.576063888888889 ], [ 2.181388888888889, 41.6425 ], [ 1.882777777777778, 41.607222222222227 ], [ 1.855833333333333, 41.75888888888889 ], [ 1.8075, 42.025277777777774 ], [ 1.731158333333333, 42.486161111111109 ], [ 1.731666666666667, 42.497777777777777 ] ] ] } },
{ "type": "Feature", "properties": { "fir": "LECB", "identifier": "LECB:BND:325-345", "name": "BND", "level_lower": 325, "level_upper": 345 }, "geometry": { "type": "Polygon", "coordinates": [ [ [ 1.731666666666667, 42.497777777777777 ], [ 1.731158333333333, 42.486161111111109 ], [ 1.8075, 42.025277777777774 ], [ 1.818333333333333, 41.970277777777781 ], [ 1.132222222222222, 41.870555555555555 ], [ 0.713611111111111, 42.031388888888891 ], [ 0.777222222222222, 42.255833333333335 ], [ 0.633333333333333, 42.716666666666669 ], [ 0.633333333333333, 42.883333333333333 ], [ 0.75, 42.850277777777777 ], [ 0.884722222222222, 42.81666666666667 ], [ 1.086388888888889, 42.788611111111109 ], [ 1.183333333333333, 42.716666666666669 ], [ 1.357777777777778, 42.719444444444449 ], [ 1.416666666666667, 42.666666666666664 ], [ 1.448333333333333, 42.610555555555557 ], [ 1.458333333333333, 42.45 ], [ 1.701666666666667, 42.4925 ], [ 1.731666666666667, 42.497777777777777 ] ] ] } },
{ "type": "Feature", "properties": { "fir": "LECB", "identifier": "LECB:CCL:305-660", "name": "CCL", "level_lower": 305, "level_upper": 660 }, "geometry": { "type": "Polygon", "coordinates": [ [ [ 1.731666666666667, 42.497777777777777 ], [ 1.731158333333333, 42.486161111111109 ], [ 1.8075, 42.025277777777774 ], [ 1.818333333333333, 41.970277777777781 ], [ 1.855833333333333, 41.75888888888889 ], [ 1.882777777777778, 41.607222222222227 ], [ 2.298055555555556, 41.588055555555556 ], [ 2.652222222222222, 41.8225 ], [ 2.069444444444444, 42.3625 ], [ 1.946111111111111, 42.453333333333333 ], [ 1.745277777777778, 42.5 ], [ 1.731666666666667, 42.497777777777777 ] ] ] } },
{ "type": "Feature", "properties": { "fir": "LECB", "identifier": "LECB:CCU:305-660", "name": "CCU", "level_lower": 305, "level_upper": 660 }, "geometry": { "type": "Polygon", "coordinates": [ [ [ 4.041111111111111, 42.194722222222218 ], [ 3.74, 41.803888888888885 ], [ 2.962777777777778, 41.491944444444442 ], [ 2.652222222222222, 41.8225 ], [ 2.069444444444444, 42.3625 ], [ 2.25, 42.43333333333333 ], [ 2.558333333333333, 42.333055555555561 ], [ 2.705555555555556, 42.424722222222222 ], [ 2.875833333333333, 42.465 ], [ 2.949444444444445, 42.483055555555559 ], [ 3.0425, 42.478055555555557 ], [ 3.099444444444444, 42.434444444444438 ], [ 3.166666666666667, 42.43333333333333 ], [ 3.375555555555556, 42.374722222222225 ], [ 3.508333333333333, 42.3575 ], [ 4.041111111111111, 42.194722222222218 ] ] ] } },
{ "type": "Feature", "properties": { "fir": "LECB", "identifier": "LECB:DDN_TMA_L:195-245", "name": "DDN_TMA_L", "level_lower": 195, "level_upper": 245 }, "geometry": { "type": "Polygon", "coordinates": [ [ [ 1.701666666666667, 42.4925 ], [ 1.731666666666667, 42.497777777777777 ], [ 1.731158333333333, 42.486161111111109 ], [ 1.8075, 42.025277777777774 ], [ 1.818333333333333, 41.970277777777781 ], [ 1.855833333333333, 41.75888888888889 ], [ 1.882777777777778, 41.607222222222227 ], [ 1.936944444444444, 41.283333333333331 ], [ 0.575833333333333, 41.25138888888889 ], [ 0.559444444444445, 41.316388888888888 ], [ 0.478333333333333, 41.605 ], [ 0.4125, 41.677777777777777 ], [ 0.322777777777778, 41.816388888888888 ], [ 0.278333333333333, 41.893888888888888 ], [ 0.411944444444444, 41.985555555555557 ], [ 0.535833333333333, 42.071666666666673 ], [ 0.633333333333333, 42.716666666666669 ], [ 0.633333333333333, 42.883333333333333 ], [ 0.75, 42.850277777777777 ], [ 0.884722222222222, 42.81666666666667 ], [ 1.086388888888889, 42.788611111111109 ], [ 1.183333333333333, 42.716666666666669 ], [ 1.357777777777778, 42.719444444444449 ], [ 1.416666666666667, 42.666666666666664 ], [ 1.448333333333333, 42.610555555555557 ], [ 1.458333333333333, 42.45 ], [ 1.701666666666667, 42.4925 ] ] ] } },
{ "type": "Feature", "properties": { "fir": "LECB", "identifier": "LECB:DDN_TMA_M:245-305", "name": "DDN_TMA_M", "level_lower": 245, "level_upper": 305 }, "geometry": { "type": "Polygon", "coordinates": [ [ [ 1.701666666666667, 42.4925 ], [ 1.731666666666667, 42.497777777777777 ], [ 1.731158333333333, 42.486161111111109 ], [ 1.8075, 42.025277777777774 ], [ 1.818333333333333, 41.970277777777781 ], [ 1.855833333333333, 41.75888888888889 ], [ 1.882777777777778, 41.607222222222227 ], [ 1.936944444444444, 41.283333333333331 ], [ 0.575833333333333, 41.25138888888889 ], [ 0.559444444444445, 41.316388888888888 ], [ 0.478333333333333, 41.605 ], [ 0.4125, 41.677777777777777 ], [ 0.322777777777778, 41.816388888888888 ], [ 0.278333333333333, 41.893888888888888 ], [ 0.411944444444444, 41.985555555555557 ], [ 0.535833333333333, 42.071666666666673 ], [ 0.633333333333333, 42.716666666666669 ], [ 0.633333333333333, 42.883333333333333 ], [ 0.75, 42.850277777777777 ], [ 0.884722222222222, 42.81666666666667 ], [ 1.086388888888889, 42.788611111111109 ], [ 1.183333333333333, 42.716666666666669 ], [ 1.357777777777778, 42.719444444444449 ], [ 1.416666666666667, 42.666666666666664 ], [ 1.448333333333333, 42.610555555555557 ], [ 1.458333333333333, 42.45 ], [ 1.701666666666667, 42.4925 ] ] ] } },
{ "type": "Feature", "properties": { "fir": "LECB", "identifier": "LECB:DDN325:305-325", "name": "DDN325", "level_lower": 305, "level_upper": 325 }, "geometry": { "type": "Polygon", "coordinates": [ [ [ 1.731666666666667, 42.497777777777777 ], [ 1.731158333333333, 42.486161111111109 ], [ 1.8075, 42.025277777777774 ], [ 1.818333333333333, 41.970277777777781 ], [ 1.132222222222222, 41.870555555555555 ], [ 0.713611111111111, 42.031388888888891 ], [ 0.777222222222222, 42.255833333333335 ], [ 0.633333333333333, 42.716666666666669 ], [ 0.633333333333333, 42.883333333333333 ], [ 0.75, 42.850277777777777 ], [ 0.884722222222222, 42.81666666666667 ], [ 1.086388888888889, 42.788611111111109 ], [ 1.183333333333333, 42.716666666666669 ], [ 1.357777777777778, 42.719444444444449 ], [ 1.416666666666667, 42.666666666666664 ], [ 1.448333333333333, 42.610555555555557 ], [ 1.458333333333333, 42.45 ], [ 1.701666666666667, 42.4925 ], [ 1.731666666666667, 42.497777777777777 ] ] ] } },
{ "type": "Feature", "properties": { "fir": "LECB", "identifier": "LECB:GO2:345-365", "name": "GO2", "level_lower": 345, "level_upper": 365 }, "geometry": { "type": "Polygon", "coordinates": [ [ [ 2.258333333333333, 40.014722222222225 ], [ 1.921066666666666, 39.72365 ], [ 1.406666666666667, 39.704444444444448 ], [ 0.641666666666667, 39.675 ], [ 0.841944444444444, 40.209444444444451 ], [ 1.075555555555556, 40.373333333333335 ], [ 0.536944444444444, 40.703611111111115 ], [ 0.255277777777778, 40.704722222222223 ], [ 0.713611111111111, 42.031388888888891 ], [ 0.777222222222222, 42.255833333333335 ], [ 0.633333333333333, 42.716666666666669 ], [ 0.633333333333333, 42.883333333333333 ], [ 0.75, 42.850277777777777 ], [ 0.884722222222222, 42.81666666666667 ], [ 1.086388888888889, 42.788611111111109 ], [ 1.183333333333333, 42.716666666666669 ], [ 1.357777777777778, 42.719444444444449 ], [ 1.416666666666667, 42.666666666666664 ], [ 1.448333333333333, 42.610555555555557 ], [ 1.458333333333333, 42.45 ], [ 1.701666666666667, 42.4925 ], [ 1.731666666666667, 42.497777777777777 ], [ 1.731158333333333, 42.486161111111109 ], [ 1.8075, 42.025277777777774 ], [ 1.818333333333333, 41.970277777777781 ], [ 1.855833333333333, 41.75888888888889 ], [ 1.882777777777778, 41.607222222222227 ], [ 1.936944444444444, 41.283333333333331 ], [ 1.966944444444445, 41.103888888888889 ], [ 1.985555555555556, 40.998888888888892 ], [ 2.041388888888889, 40.651944444444446 ], [ 2.107986111111111, 40.301144444444439 ], [ 2.258333333333333, 40.014722222222225 ] ] ] } },
{ "type": "Feature", "properties": { "fir": "LECB", "identifier": "LECB:GO3:365-660", "name": "GO3", "level_lower": 365, "level_upper": 660 }, "geometry": { "type": "Polygon", "coordinates": [ [ [ 2.258333333333333, 40.014722222222225 ], [ 1.921066666666666, 39.72365 ], [ 1.406666666666667, 39.704444444444448 ], [ 0.641666666666667, 39.675 ], [ 0.841944444444444, 40.209444444444451 ], [ 1.075555555555556, 40.373333333333335 ], [ 0.536944444444444, 40.703611111111115 ], [ 0.255277777777778, 40.704722222222223 ], [ 0.713611111111111, 42.031388888888891 ], [ 0.777222222222222, 42.255833333333335 ], [ 0.633333333333333, 42.716666666666669 ], [ 0.633333333333333, 42.883333333333333 ], [ 0.75, 42.850277777777777 ], [ 0.884722222222222, 42.81666666666667 ], [ 1.086388888888889, 42.788611111111109 ], [ 1.183333333333333, 42.716666666666669 ], [ 1.357777777777778, 42.719444444444449 ], [ 1.416666666666667, 42.666666666666664 ], [ 1.448333333333333, 42.610555555555557 ], [ 1.458333333333333, 42.45 ], [ 1.701666666666667, 42.4925 ], [ 1.731666666666667, 42.497777777777777 ], [ 1.731158333333333, 42.486161111111109 ], [ 1.8075, 42.025277777777774 ], [ 1.818333333333333, 41.970277777777781 ], [ 1.855833333333333, 41.75888888888889 ], [ 1.882777777777778, 41.607222222222227 ], [ 1.936944444444444, 41.283333333333331 ], [ 1.966944444444445, 41.103888888888889 ], [ 1.985555555555556, 40.998888888888892 ], [ 2.041388888888889, 40.651944444444446 ], [ 2.107986111111111, 40.301144444444439 ], [ 2.258333333333333, 40.014722222222225 ] ] ] } },
{ "type": "Feature", "properties": { "fir": "LECB", "identifier": "LECB:GR1:195-255", "name": "GR1", "level_lower": 195, "level_upper": 255 }, "geometry": { "type": "Polygon", "coordinates": [ [ [ 1.731158333333333, 42.486161111111109 ], [ 1.8075, 42.025277777777774 ], [ 1.818333333333333, 41.970277777777781 ], [ 1.855833333333333, 41.75888888888889 ], [ 2.523488888888889, 41.854711111111115 ], [ 2.508188888888889, 41.892230555555557 ], [ 2.503022222222222, 41.93125 ], [ 2.505555555555556, 41.95194444444445 ], [ 2.508188888888889, 41.970266666666667 ], [ 2.521388888888889, 42.074444444444445 ], [ 2.921216666666667, 42.097541666666672 ], [ 2.875833333333333, 42.465 ], [ 2.705555555555556, 42.424722222222222 ], [ 2.558333333333333, 42.333055555555561 ], [ 2.25, 42.43333333333333 ], [ 2.069444444444444, 42.3625 ], [ 1.946111111111111, 42.453333333333333 ], [ 1.745277777777778, 42.5 ], [ 1.731666666666667, 42.497777777777777 ], [ 1.731158333333333, 42.486161111111109 ] ] ] } },
{ "type": "Feature", "properties": { "fir": "LECB", "identifier": "LECB:GR3:000-065", "name": "GR3", "level_lower": 0, "level_upper": 65 }, "geometry": { "type": "Polygon", "coordinates": [ [ [ 3.381388888888889, 41.833611111111111 ], [ 3.623611111111111, 42.035833333333329 ], [ 4.041111111111111, 42.194722222222218 ], [ 3.508333333333333, 42.3575 ], [ 3.375555555555556, 42.374722222222225 ], [ 3.394166666666667, 42.025555555555556 ], [ 3.391388888888889, 41.979166666666671 ], [ 3.381388888888889, 41.833611111111111 ] ] ] } },
{ "type": "Feature", "properties": { "fir": "LECB", "identifier": "LECB:GR3_L:065-245", "name": "GR3_L", "level_lower": 65, "level_upper": 245 }, "geometry": { "type": "Polygon", "coordinates": [ [ [ 3.381388888888889, 41.833611111111111 ], [ 3.623611111111111, 42.035833333333329 ], [ 4.041111111111111, 42.194722222222218 ], [ 3.508333333333333, 42.3575 ], [ 3.375555555555556, 42.374722222222225 ], [ 3.394166666666667, 42.025555555555556 ], [ 3.391388888888889, 41.979166666666671 ], [ 3.381388888888889, 41.833611111111111 ] ] ] } },
{ "type": "Feature", "properties": { "fir": "LECB", "identifier": "LECB:GR3_M:245-305", "name": "GR3_M", "level_lower": 245, "level_upper": 305 }, "geometry": { "type": "Polygon", "coordinates": [ [ [ 3.381388888888889, 41.833611111111111 ], [ 3.391388888888889, 41.979166666666671 ], [ 3.394166666666667, 42.025555555555556 ], [ 3.166666666666667, 42.43333333333333 ], [ 3.375555555555556, 42.374722222222225 ], [ 3.508333333333333, 42.3575 ], [ 4.041111111111111, 42.194722222222218 ], [ 3.623611111111111, 42.035833333333329 ], [ 3.381388888888889, 41.833611111111111 ] ] ] } },
{ "type": "Feature", "properties": { "fir": "LECB", "identifier": "LECB:GR3_N_L:195-245", "name": "GR3_N_L", "level_lower": 195, "level_upper": 245 }, "geometry": { "type": "Polygon", "coordinates": [ [ [ 2.875833333333333, 42.465 ], [ 2.949444444444445, 42.483055555555559 ], [ 3.0425, 42.478055555555557 ], [ 3.099444444444444, 42.434444444444438 ], [ 3.166666666666667, 42.43333333333333 ], [ 3.375555555555556, 42.374722222222225 ], [ 3.394166666666667, 42.025555555555556 ], [ 3.391388888888889, 41.979166666666671 ], [ 3.381388888888889, 41.833611111111111 ], [ 3.014444444444444, 41.79944444444444 ], [ 2.767222222222222, 41.916111111111107 ], [ 2.508188888888889, 41.970266666666667 ], [ 2.521388888888889, 42.074444444444445 ], [ 2.921216666666667, 42.097541666666672 ], [ 2.875833333333333, 42.465 ] ] ] } },
{ "type": "Feature", "properties": { "fir": "LECB", "identifier": "LECB:GR3_N_M:245-255", "name": "GR3_N_M", "level_lower": 245, "level_upper": 255 }, "geometry": { "type": "Polygon", "coordinates": [ [ [ 3.166666666666667, 42.43333333333333 ], [ 3.099444444444444, 42.434444444444438 ], [ 3.0425, 42.478055555555557 ], [ 2.949444444444445, 42.483055555555559 ], [ 2.875833333333333, 42.465 ], [ 2.921216666666667, 42.097541666666672 ], [ 2.521388888888889, 42.074444444444445 ], [ 2.508188888888889, 41.970266666666667 ], [ 2.767222222222222, 41.916111111111107 ], [ 3.014444444444444, 41.79944444444444 ], [ 3.381388888888889, 41.833611111111111 ], [ 3.391388888888889, 41.979166666666671 ], [ 3.394166666666667, 42.025555555555556 ], [ 3.166666666666667, 42.43333333333333 ] ] ] } },
{ "type": "Feature", "properties": { "fir": "LECB", "identifier": "LECB:LEGE_TWR_DEL2:000-065", "name": "LEGE_TWR_DEL2", "level_lower": 0, "level_upper": 65 }, "geometry": { "type": "Polygon", "coordinates": [ [ [ 3.375555555555556, 42.374722222222225 ], [ 3.394166666666667, 42.025555555555556 ], [ 3.391388888888889, 41.979166666666671 ], [ 3.014444444444444, 41.79944444444444 ], [ 2.894444444444444, 41.75333333333333 ], [ 2.921216666666667, 41.764955555555552 ], [ 2.961955555555556, 41.789827777777774 ], [ 2.995388888888889, 41.820133333333338 ], [ 3.020233333333333, 41.854711111111115 ], [ 3.035530555555555, 41.892230555555557 ], [ 3.040697222222222, 41.93125 ], [ 3.035530555555555, 41.970266666666667 ], [ 3.020233333333333, 42.007786111111109 ], [ 2.995388888888889, 42.042363888888886 ], [ 2.961955555555556, 42.07266944444445 ], [ 2.921216666666667, 42.097541666666672 ], [ 2.874738888888889, 42.116025 ], [ 2.824308333333333, 42.127405555555555 ], [ 2.771861111111111, 42.13125 ], [ 2.719413888888889, 42.127405555555555 ], [ 2.668980555555555, 42.116025 ], [ 2.622502777777778, 42.097541666666672 ], [ 2.581763888888889, 42.07266944444445 ], [ 2.548330555555555, 42.042363888888886 ], [ 2.523488888888889, 42.007786111111109 ], [ 2.508188888888889, 41.970266666666667 ], [ 2.521388888888889, 42.074444444444445 ], [ 2.558333333333333, 42.333055555555561 ], [ 2.705555555555556, 42.424722222222222 ], [ 2.875833333333333, 42.465 ], [ 2.949444444444445, 42.483055555555559 ], [ 3.0425, 42.478055555555557 ], [ 3.099444444444444, 42.434444444444438 ], [ 3.166666666666667, 42.43333333333333 ], [ 3.375555555555556, 42.374722222222225 ] ] ] } },
{ "type": "Feature", "properties": { "fir": "LECB", "identifier": "LECB:LEMH_A:035-060", "name": "LEMH_A", "level_lower": 35, "level_upper": 60 }, "geometry": { "type": "Polygon", "coordinates": [ [ [ 4.218333333333334, 40.316111111111105 ], [ 4.342577777777778, 40.316469444444444 ], [ 4.443888888888889, 40.31666666666667 ], [ 4.666666666666667, 39.98972222222222 ], [ 4.666666666666667, 39.716666666666669 ], [ 4.338055555555555, 39.511111111111113 ], [ 4.338333333333333, 39.44361111111111 ], [ 4.083416666666666, 39.332222222222228 ], [ 4.0019, 39.461002777777779 ], [ 3.800833333333333, 39.776388888888889 ], [ 3.790277777777778, 39.986666666666665 ], [ 3.789494444444444, 40.003991666666664 ], [ 3.788333333333333, 40.027222222222221 ], [ 3.911111111111111, 40.11 ], [ 4.218333333333334, 40.316111111111105 ] ] ] } },
{ "type": "Feature", "properties": { "fir": "LECB", "identifier": "LECB:LEMH_A_E:000-035", "name": "LEMH_A_E", "level_lower": 0, "level_upper": 35 }, "geometry": { "type": "Polygon", "coordinates": [ [ [ 4.443888888888889, 40.31666666666667 ], [ 4.666666666666667, 39.98972222222222 ], [ 4.666666666666667, 39.716666666666669 ], [ 4.338055555555555, 39.511111111111113 ], [ 4.338333333333333, 39.44361111111111 ], [ 4.083416666666666, 39.332222222222228 ], [ 4.218611111111112, 39.779166666666669 ], [ 4.216666666666667, 39.85 ], [ 4.219444444444445, 39.849722222222226 ], [ 4.227222222222222, 39.864166666666669 ], [ 4.224444444444445, 39.874722222222225 ], [ 4.221666666666667, 39.875 ], [ 4.218611111111112, 39.945833333333333 ], [ 4.342577777777778, 40.316469444444444 ], [ 4.443888888888889, 40.31666666666667 ] ] ] } },
{ "type": "Feature", "properties": { "fir": "LECB", "identifier": "LECB:MMS:000-245", "name": "MMS", "level_lower": 0, "level_upper": 245 }, "geometry": { "type": "Polygon", "coordinates": [ [ [ 4.666666666666667, 39.716666666666669 ], [ 4.666666666666667, 39.0 ], [ 3.75, 38.333333333333336 ], [ 3.513888888888889, 39.08 ], [ 3.957094444444444, 39.276672222222224 ], [ 4.083416666666666, 39.332222222222228 ], [ 4.338333333333333, 39.44361111111111 ], [ 4.338055555555555, 39.511111111111113 ], [ 4.666666666666667, 39.716666666666669 ] ] ] } },
{ "type": "Feature", "properties": { "fir": "LECB", "identifier": "LECB:MMS:245-660", "name": "MMS", "level_lower": 245, "level_upper": 660 }, "geometry": { "type": "Polygon", "coordinates": [ [ [ 4.666666666666667, 39.716666666666669 ], [ 4.666666666666667, 39.98972222222222 ], [ 4.666666666666667, 40.031108333333336 ], [ 4.666666666666667, 40.5 ], [ 3.986388888888889, 40.500833333333333 ], [ 3.774444444444444, 40.503055555555555 ], [ 3.708611111111111, 40.185 ], [ 3.635538888888889, 39.75535 ], [ 3.617777777777778, 39.596388888888889 ], [ 3.554722222222222, 39.286111111111111 ], [ 3.513888888888889, 39.08 ], [ 3.957094444444444, 39.276672222222224 ], [ 4.083416666666666, 39.332222222222228 ], [ 4.338333333333333, 39.44361111111111 ], [ 4.338055555555555, 39.511111111111113 ], [ 4.666666666666667, 39.716666666666669 ] ] ] } },
{ "type": "Feature", "properties": { "fir": "LECB", "identifier": "LECB:MMS2:245-660", "name": "MMS2", "level_lower": 245, "level_upper": 660 }, "geometry": { "type": "Polygon", "coordinates": [ [ [ 3.75, 38.333333333333336 ], [ 3.513888888888889, 39.08 ], [ 3.957094444444444, 39.276672222222224 ], [ 4.083416666666666, 39.332222222222228 ], [ 4.338333333333333, 39.44361111111111 ], [ 4.338055555555555, 39.511111111111113 ], [ 4.666666666666667, 39.716666666666669 ], [ 4.666666666666667, 39.0 ], [ 3.75, 38.333333333333336 ] ] ] } },
{ "type": "Feature", "properties": { "fir": "LECB", "identifier": "LECB:MNL_LO:000-245", "name": "MNL_LO", "level_lower": 0, "level_upper": 245 }, "geometry": { "type": "Polygon", "coordinates": [ [ [ 4.071111111111111, 41.777222222222221 ], [ 4.433611111111111, 42.0675 ], [ 4.666666666666667, 42.0 ], [ 4.666666666666667, 41.141666666666666 ], [ 4.666666666666667, 40.5 ], [ 3.986388888888889, 40.500833333333333 ], [ 4.067222222222222, 40.572222222222223 ], [ 4.069722222222222, 40.883055555555558 ], [ 4.071111111111111, 41.777222222222221 ] ] ] } },
{ "type": "Feature", "properties": { "fir": "LECB", "identifier": "LECB:MNL_ME:245-325", "name": "MNL_ME", "level_lower": 245, "level_upper": 325 }, "geometry": { "type": "Polygon", "coordinates": [ [ [ 4.071111111111111, 41.777222222222221 ], [ 4.433611111111111, 42.0675 ], [ 4.666666666666667, 42.0 ], [ 4.666666666666667, 41.141666666666666 ], [ 4.666666666666667, 40.5 ], [ 3.986388888888889, 40.500833333333333 ], [ 4.067222222222222, 40.572222222222223 ], [ 4.069722222222222, 40.883055555555558 ], [ 4.071111111111111, 41.777222222222221 ] ] ] } },
{ "type": "Feature", "properties": { "fir": "LECB", "identifier": "LECB:MNU:325-660", "name": "MNU", "level_lower": 325, "level_upper": 660 }, "geometry": { "type": "Polygon", "coordinates": [ [ [ 4.666666666666667, 40.5 ], [ 4.666666666666667, 41.141666666666666 ], [ 4.666666666666667, 42.0 ], [ 4.433611111111111, 42.0675 ], [ 4.071111111111111, 41.777222222222221 ], [ 3.874722222222222, 40.9175 ], [ 3.815555555555556, 40.651111111111106 ], [ 3.774444444444444, 40.503055555555555 ], [ 3.986388888888889, 40.500833333333333 ], [ 4.666666666666667, 40.5 ] ] ] } },
{ "type": "Feature", "properties": { "fir": "LECB", "identifier": "LECB:MXX:060-135", "name": "MXX", "level_lower": 60, "level_upper": 135 }, "geometry": { "type": "Polygon", "coordinates": [ [ [ 3.185, 39.32555555555556 ], [ 3.316388888888889, 39.358611111111109 ], [ 3.498611111111111, 39.456388888888888 ], [ 3.617777777777778, 39.596388888888889 ], [ 3.646666666666667, 39.630277777777778 ], [ 3.635555555555555, 39.755277777777778 ], [ 3.623333333333334, 39.893611111111113 ], [ 3.621991666666667, 39.908847222222221 ], [ 3.601111111111111, 40.145 ], [ 3.569166666666666, 40.5 ], [ 3.774444444444444, 40.503055555555555 ], [ 3.986388888888889, 40.500833333333333 ], [ 4.666666666666667, 40.5 ], [ 4.666666666666667, 40.031108333333336 ], [ 4.666666666666667, 39.98972222222222 ], [ 4.666666666666667, 39.716666666666669 ], [ 4.338055555555555, 39.511111111111113 ], [ 4.338333333333333, 39.44361111111111 ], [ 4.083416666666666, 39.332222222222228 ], [ 3.957094444444444, 39.276672222222224 ], [ 3.513888888888889, 39.08 ], [ 3.403016666666666, 39.052291666666662 ], [ 3.185, 39.32555555555556 ] ] ] } },
{ "type": "Feature", "properties": { "fir": "LECB", "identifier": "LECB:MXX:135-245", "name": "MXX", "level_lower": 135, "level_upper": 245 }, "geometry": { "type": "Polygon", "coordinates": [ [ [ 3.569166666666666, 40.5 ], [ 3.601111111111111, 40.145 ], [ 3.621991666666667, 39.908847222222221 ], [ 3.623333333333334, 39.893611111111113 ], [ 3.635555555555555, 39.755277777777778 ], [ 3.646666666666667, 39.630277777777778 ], [ 3.617777777777778, 39.596388888888889 ], [ 3.079166666666667, 39.456388888888888 ], [ 3.185, 39.32555555555556 ], [ 3.403016666666666, 39.052291666666662 ], [ 3.513888888888889, 39.08 ], [ 3.957094444444444, 39.276672222222224 ], [ 4.083416666666666, 39.332222222222228 ], [ 4.338333333333333, 39.44361111111111 ], [ 4.338055555555555, 39.511111111111113 ], [ 4.666666666666667, 39.716666666666669 ], [ 4.666666666666667, 39.98972222222222 ], [ 4.666666666666667, 40.031108333333336 ], [ 4.666666666666667, 40.5 ], [ 3.986388888888889, 40.500833333333333 ], [ 3.774444444444444, 40.503055555555555 ], [ 3.569166666666666, 40.5 ] ] ] } },
{ "type": "Feature", "properties": { "fir": "LECB", "identifier": "LECB:MXX_E:000-060", "name": "MXX_E", "level_lower": 0, "level_upper": 60 }, "geometry": { "type": "Polygon", "coordinates": [ [ [ 4.666666666666667, 40.5 ], [ 4.443888888888889, 40.31666666666667 ], [ 4.666666666666667, 39.98972222222222 ], [ 4.666666666666667, 40.031108333333336 ], [ 4.666666666666667, 40.5 ] ] ] } },
{ "type": "Feature", "properties": { "fir": "LECB", "identifier": "LECB:MXX_W:000-060", "name": "MXX_W", "level_lower": 0, "level_upper": 60 }, "geometry": { "type": "Polygon", "coordinates": [ [ [ 3.185, 39.32555555555556 ], [ 3.316388888888889, 39.358611111111109 ], [ 3.498611111111111, 39.456388888888888 ], [ 3.617777777777778, 39.596388888888889 ], [ 3.646666666666667, 39.630277777777778 ], [ 3.635555555555555, 39.755277777777778 ], [ 3.623333333333334, 39.893611111111113 ], [ 3.621991666666667, 39.908847222222221 ], [ 3.601111111111111, 40.145 ], [ 3.569166666666666, 40.5 ], [ 3.774444444444444, 40.503055555555555 ], [ 3.986388888888889, 40.500833333333333 ], [ 4.666666666666667, 40.5 ], [ 4.443888888888889, 40.31666666666667 ], [ 4.342577777777778, 40.316469444444444 ], [ 4.218333333333334, 40.316111111111105 ], [ 3.911111111111111, 40.11 ], [ 3.788333333333333, 40.027222222222221 ], [ 3.789494444444444, 40.003991666666664 ], [ 3.790277777777778, 39.986666666666665 ], [ 3.800833333333333, 39.776388888888889 ], [ 4.0019, 39.461002777777779 ], [ 4.083416666666666, 39.332222222222228 ], [ 3.957094444444444, 39.276672222222224 ], [ 3.513888888888889, 39.08 ], [ 3.403016666666666, 39.052291666666662 ], [ 3.185, 39.32555555555556 ] ] ] } },
{ "type": "Feature", "properties": { "fir": "LECB", "identifier": "LECB:NW4_HI:065-195", "name": "NW4_HI", "level_lower": 65, "level_upper": 195 }, "geometry": { "type": "Polygon", "coordinates": [ [ [ 1.731666666666667, 42.497777777777777 ], [ 1.701666666666667, 42.4925 ], [ 1.664444444444444, 42.485 ], [ 1.458333333333333, 42.45 ], [ 1.448333333333333, 42.610555555555557 ], [ 1.416666666666667, 42.666666666666664 ], [ 1.357777777777778, 42.719444444444449 ], [ 1.183333333333333, 42.716666666666669 ], [ 1.086388888888889, 42.788611111111109 ], [ 0.884722222222222, 42.81666666666667 ], [ 0.75, 42.850277777777777 ], [ 0.633333333333333, 42.883333333333333 ], [ 0.633333333333333, 42.716666666666669 ], [ 0.535833333333333, 42.071666666666673 ], [ 0.411944444444444, 41.985555555555557 ], [ 0.278333333333333, 41.893888888888888 ], [ 0.322777777777778, 41.816388888888888 ], [ 0.4125, 41.677777777777777 ], [ 0.478333333333333, 41.605 ], [ 0.559444444444445, 41.316388888888888 ], [ 0.575833333333333, 41.25138888888889 ], [ 0.64645, 41.25149722222222 ], [ 1.14, 41.237222222222222 ], [ 1.420888888888889, 41.105947222222227 ], [ 1.516388888888889, 41.139722222222218 ], [ 1.576841666666667, 41.160444444444444 ], [ 1.646744444444444, 41.141022222222219 ], [ 1.825383333333333, 41.202966666666669 ], [ 1.990711111111111, 41.2681 ], [ 2.062147222222222, 41.288986111111107 ], [ 2.075694444444445, 41.293497222222221 ], [ 2.041658333333333, 41.363463888888887 ], [ 2.014827777777778, 41.416666666666664 ], [ 1.97, 41.480555555555554 ], [ 1.882777777777778, 41.607222222222227 ], [ 1.855833333333333, 41.75888888888889 ], [ 1.8075, 42.025277777777774 ], [ 1.731158333333333, 42.486161111111109 ], [ 1.731666666666667, 42.497777777777777 ] ] ] } },
{ "type": "Feature", "properties": { "fir": "LECB", "identifier": "LECB:NW4_LOW1_S:000-030", "name": "NW4_LOW1_S", "level_lower": 0, "level_upper": 30 }, "geometry": { "type": "Polygon", "coordinates": [ [ [ 0.403858333333333, 41.708544444444449 ], [ 0.4125, 41.677777777777777 ], [ 0.478333333333333, 41.605 ], [ 0.559444444444445, 41.316388888888888 ], [ 0.575833333333333, 41.25138888888889 ], [ 0.64645, 41.25149722222222 ], [ 1.14, 41.237222222222222 ], [ 1.146255555555556, 41.237386111111114 ], [ 1.2575, 41.240277777777777 ], [ 1.345, 41.288333333333334 ], [ 1.35485, 41.280811111111113 ], [ 1.369944444444444, 41.267577777777774 ], [ 1.383444444444444, 41.253402777777779 ], [ 1.395252777777778, 41.238391666666665 ], [ 1.405277777777778, 41.222661111111115 ], [ 1.413444444444444, 41.20633055555556 ], [ 1.421405555555556, 41.182652777777776 ], [ 1.423975, 41.172366666666662 ], [ 1.426258333333333, 41.154994444444441 ], [ 1.426666666666667, 41.149444444444441 ], [ 1.425725, 41.127077777777778 ], [ 1.420888888888889, 41.105947222222227 ], [ 1.516388888888889, 41.139722222222218 ], [ 1.508611111111111, 41.173888888888889 ], [ 1.508333333333333, 41.208611111111111 ], [ 1.516944444444444, 41.243333333333332 ], [ 1.535277777777778, 41.277222222222221 ], [ 1.555277777777778, 41.306666666666665 ], [ 1.584722222222222, 41.333055555555561 ], [ 1.660555555555556, 41.373055555555553 ], [ 1.97, 41.480555555555554 ], [ 1.882777777777778, 41.607222222222227 ], [ 1.855833333333333, 41.75888888888889 ], [ 1.8075, 42.025277777777774 ], [ 1.731158333333333, 42.486161111111109 ], [ 1.731666666666667, 42.497777777777777 ], [ 1.701666666666667, 42.4925 ], [ 1.664444444444444, 42.485 ], [ 1.458333333333333, 42.45 ], [ 1.38, 42.414444444444442 ], [ 1.4975, 42.4025 ], [ 1.508469444444444, 42.392408333333336 ], [ 1.518888888888889, 42.378 ], [ 1.525305555555555, 42.362366666666667 ], [ 1.527472222222222, 42.346111111111114 ], [ 1.525305555555555, 42.329852777777781 ], [ 1.518888888888889, 42.31421944444444 ], [ 1.508469444444444, 42.299811111111111 ], [ 1.494447222222222, 42.287183333333331 ], [ 1.477361111111111, 42.276819444444442 ], [ 1.457869444444444, 42.269119444444442 ], [ 1.436716666666667, 42.264377777777774 ], [ 1.414722222222222, 42.262777777777778 ], [ 0.666694444444444, 41.747563888888891 ], [ 0.669269444444444, 41.728055555555557 ], [ 0.666694444444444, 41.708544444444449 ], [ 0.659069444444444, 41.689786111111111 ], [ 0.646686111111111, 41.672497222222219 ], [ 0.630022222222222, 41.657344444444441 ], [ 0.609719444444444, 41.644908333333333 ], [ 0.586552777777778, 41.635666666666665 ], [ 0.561416666666667, 41.629975 ], [ 0.535277777777778, 41.628055555555555 ], [ 0.509136111111111, 41.629975 ], [ 0.484, 41.635666666666665 ], [ 0.460833333333333, 41.644908333333333 ], [ 0.440530555555556, 41.657344444444441 ], [ 0.423866666666667, 41.672497222222219 ], [ 0.411483333333333, 41.689786111111111 ], [ 0.403858333333333, 41.708544444444449 ] ] ] } },
{ "type": "Feature", "properties": { "fir": "LECB", "identifier": "LECB:NW4_LOW2_S:030-055", "name": "NW4_LOW2_S", "level_lower": 30, "level_upper": 55 }, "geometry": { "type": "Polygon", "coordinates": [ [ [ 1.731666666666667, 42.497777777777777 ], [ 1.701666666666667, 42.4925 ], [ 1.664444444444444, 42.485 ], [ 1.458333333333333, 42.45 ], [ 1.38, 42.414444444444442 ], [ 1.4975, 42.4025 ], [ 1.508469444444444, 42.392408333333336 ], [ 1.518888888888889, 42.378 ], [ 1.525305555555555, 42.362366666666667 ], [ 1.527472222222222, 42.346111111111114 ], [ 1.525305555555555, 42.329852777777781 ], [ 1.518888888888889, 42.31421944444444 ], [ 1.508469444444444, 42.299811111111111 ], [ 1.494447222222222, 42.287183333333331 ], [ 1.477361111111111, 42.276819444444442 ], [ 1.457869444444444, 42.269119444444442 ], [ 1.436716666666667, 42.264377777777774 ], [ 1.414722222222222, 42.262777777777778 ], [ 0.666694444444444, 41.747563888888891 ], [ 0.4125, 41.677777777777777 ], [ 0.478333333333333, 41.605 ], [ 0.559444444444445, 41.316388888888888 ], [ 0.575833333333333, 41.25138888888889 ], [ 0.64645, 41.25149722222222 ], [ 1.14, 41.237222222222222 ], [ 1.146255555555556, 41.237386111111114 ], [ 1.2575, 41.240277777777777 ], [ 1.345, 41.288333333333334 ], [ 1.35485, 41.280811111111113 ], [ 1.369944444444444, 41.267577777777774 ], [ 1.383444444444444, 41.253402777777779 ], [ 1.395252777777778, 41.238391666666665 ], [ 1.405277777777778, 41.222661111111115 ], [ 1.413444444444444, 41.20633055555556 ], [ 1.421405555555556, 41.182652777777776 ], [ 1.423975, 41.172366666666662 ], [ 1.426258333333333, 41.154994444444441 ], [ 1.426666666666667, 41.149444444444441 ], [ 1.425725, 41.127077777777778 ], [ 1.420888888888889, 41.105947222222227 ], [ 1.516388888888889, 41.139722222222218 ], [ 1.508611111111111, 41.173888888888889 ], [ 1.508333333333333, 41.208611111111111 ], [ 1.516944444444444, 41.243333333333332 ], [ 1.535277777777778, 41.277222222222221 ], [ 1.555277777777778, 41.306666666666665 ], [ 1.584722222222222, 41.333055555555561 ], [ 1.660555555555556, 41.373055555555553 ], [ 1.97, 41.480555555555554 ], [ 1.882777777777778, 41.607222222222227 ], [ 1.855833333333333, 41.75888888888889 ], [ 1.8075, 42.025277777777774 ], [ 1.731158333333333, 42.486161111111109 ], [ 1.731666666666667, 42.497777777777777 ] ] ] } },
{ "type": "Feature", "properties": { "fir": "LECB", "identifier": "LECB:NW4_MID:055-065", "name": "NW4_MID", "level_lower": 55, "level_upper": 65 }, "geometry": { "type": "Polygon", "coordinates": [ [ [ 0.75, 42.850277777777777 ], [ 0.633333333333333, 42.883333333333333 ], [ 0.633333333333333, 42.716666666666669 ], [ 0.535833333333333, 42.071666666666673 ], [ 0.411944444444444, 41.985555555555557 ], [ 0.278333333333333, 41.893888888888888 ], [ 0.322777777777778, 41.816388888888888 ], [ 0.4125, 41.677777777777777 ], [ 0.478333333333333, 41.605 ], [ 0.559444444444445, 41.316388888888888 ], [ 0.575833333333333, 41.25138888888889 ], [ 0.64645, 41.25149722222222 ], [ 1.14, 41.237222222222222 ], [ 1.420888888888889, 41.105947222222227 ], [ 1.516388888888889, 41.139722222222218 ], [ 1.508611111111111, 41.173888888888889 ], [ 1.508333333333333, 41.208611111111111 ], [ 1.516944444444444, 41.243333333333332 ], [ 1.535277777777778, 41.277222222222221 ], [ 1.555277777777778, 41.306666666666665 ], [ 1.584722222222222, 41.333055555555561 ], [ 1.660555555555556, 41.373055555555553 ], [ 1.97, 41.480555555555554 ], [ 1.882777777777778, 41.607222222222227 ], [ 1.855833333333333, 41.75888888888889 ], [ 1.8075, 42.025277777777774 ], [ 1.731158333333333, 42.486161111111109 ], [ 1.731666666666667, 42.497777777777777 ], [ 1.701666666666667, 42.4925 ], [ 1.664444444444444, 42.485 ], [ 1.458333333333333, 42.45 ], [ 1.448333333333333, 42.610555555555557 ], [ 1.416666666666667, 42.666666666666664 ], [ 1.357777777777778, 42.719444444444449 ], [ 1.183333333333333, 42.716666666666669 ], [ 1.086388888888889, 42.788611111111109 ], [ 0.884722222222222, 42.81666666666667 ], [ 0.75, 42.850277777777777 ] ] ] } },
{ "type": "Feature", "properties": { "fir": "LECB", "identifier": "LECB:VNI:305-660", "name": "VNI", "level_lower": 305, "level_upper": 660 }, "geometry": { "type": "Polygon", "coordinates": [ [ [ 2.935277777777778, 41.083333333333336 ], [ 2.962777777777778, 41.491944444444442 ], [ 3.74, 41.803888888888885 ], [ 4.041111111111111, 42.194722222222218 ], [ 4.345830555555556, 42.095277777777781 ], [ 4.433611111111111, 42.0675 ], [ 4.071111111111111, 41.777222222222221 ], [ 3.874722222222222, 40.9175 ], [ 3.265, 41.024166666666666 ], [ 2.935277777777778, 41.083333333333336 ] ] ] } },
{ "type": "Feature", "properties": { "fir": "LECB", "identifier": "LECB:XAR:255-305", "name": "XAR", "level_lower": 255, "level_upper": 305 }, "geometry": { "type": "Polygon", "coordinates": [ [ [ 1.731666666666667, 42.497777777777777 ], [ 1.745277777777778, 42.5 ], [ 1.946111111111111, 42.453333333333333 ], [ 2.069444444444444, 42.3625 ], [ 2.25, 42.43333333333333 ], [ 2.558333333333333, 42.333055555555561 ], [ 2.705555555555556, 42.424722222222222 ], [ 2.875833333333333, 42.465 ], [ 2.949444444444445, 42.483055555555559 ], [ 3.0425, 42.478055555555557 ], [ 3.099444444444444, 42.434444444444438 ], [ 3.166666666666667, 42.43333333333333 ], [ 3.394166666666667, 42.025555555555556 ], [ 3.391388888888889, 41.979166666666671 ], [ 3.381388888888889, 41.833611111111111 ], [ 3.014444444444444, 41.79944444444444 ], [ 2.767222222222222, 41.916111111111107 ], [ 2.508188888888889, 41.970266666666667 ], [ 2.505555555555556, 41.95194444444445 ], [ 2.503022222222222, 41.93125 ], [ 2.508188888888889, 41.892230555555557 ], [ 2.523488888888889, 41.854711111111115 ], [ 1.855833333333333, 41.75888888888889 ], [ 1.8075, 42.025277777777774 ], [ 1.731158333333333, 42.486161111111109 ], [ 1.731666666666667, 42.497777777777777 ] ] ] } },
{ "type": "Feature", "properties": { "fir": "LECB", "identifier": "LECB:XAR_L:000-245", "name": "XAR_L", "level_lower": 0, "level_upper": 245 }, "geometry": { "type": "Polygon", "coordinates": [ [ [ 4.069722222222222, 40.883055555555558 ], [ 4.071111111111111, 41.777222222222221 ], [ 4.433611111111111, 42.0675 ], [ 4.345830555555556, 42.095277777777781 ], [ 4.041111111111111, 42.194722222222218 ], [ 3.623611111111111, 42.035833333333329 ], [ 3.381388888888889, 41.833611111111111 ], [ 3.357222222222222, 41.448055555555555 ], [ 3.340555555555556, 41.1125 ], [ 3.265, 41.024166666666666 ], [ 3.874722222222222, 40.9175 ], [ 4.069722222222222, 40.883055555555558 ] ] ] } },
{ "type": "Feature", "properties": { "fir": "LECB", "identifier": "LECB:XAR_M:245-305", "name": "XAR_M", "level_lower": 245, "level_upper": 305 }, "geometry": { "type": "Polygon", "coordinates": [ [ [ 4.069722222222222, 40.883055555555558 ], [ 4.071111111111111, 41.777222222222221 ], [ 4.433611111111111, 42.0675 ], [ 4.345830555555556, 42.095277777777781 ], [ 4.041111111111111, 42.194722222222218 ], [ 3.623611111111111, 42.035833333333329 ], [ 3.381388888888889, 41.833611111111111 ], [ 3.357222222222222, 41.448055555555555 ], [ 3.340555555555556, 41.1125 ], [ 3.265, 41.024166666666666 ], [ 3.874722222222222, 40.9175 ], [ 4.069722222222222, 40.883055555555558 ] ] ] } },
{ "type": "Feature", "properties": { "fir": "DAAA", "identifier": "DAAA:DAAA-AI:145-245", "name": "DAAA-AI", "level_lower": 145, "level_upper": 245 }, "geometry": { "type": "Polygon", "coordinates": [ [ [ 2.123230555555556, 37.724591666666669 ], [ 3.75, 38.333333333333336 ], [ 4.666666666666667, 39.0 ], [ 5.0, 39.0 ], [ 5.0, 35.666666666666664 ], [ 1.5, 35.666666666666664 ], [ 1.5, 37.483333333333334 ], [ 2.123230555555556, 37.724591666666669 ] ] ] } },
{ "type": "Feature", "properties": { "fir": "DAAA", "identifier": "DAAA:DAAA-AI-L2:000-145", "name": "DAAA-AI-L2", "level_lower": 0, "level_upper": 145 }, "geometry": { "type": "Polygon", "coordinates": [ [ [ 1.5, 37.483333333333334 ], [ 2.123230555555556, 37.724591666666669 ], [ 3.75, 38.333333333333336 ], [ 4.666666666666667, 39.0 ], [ 5.0, 39.0 ], [ 5.0, 35.666666666666664 ], [ 3.851111111111111, 36.083333333333336 ], [ 4.5, 36.75 ], [ 4.5, 36.983333333333334 ], [ 4.479808333333334, 37.013663888888885 ], [ 4.4, 37.169 ], [ 4.291030555555555, 37.312644444444445 ], [ 4.155572222222222, 37.440983333333328 ], [ 4.078888888888889, 37.5 ], [ 3.215480555555556, 37.523766666666667 ], [ 3.052994444444444, 37.513402777777777 ], [ 2.894516666666667, 37.482572222222224 ], [ 2.743941666666667, 37.43205833333333 ], [ 2.604986111111111, 37.363141666666671 ], [ 2.481066666666667, 37.277572222222219 ], [ 2.375236111111111, 37.177505555555555 ], [ 2.290097222222222, 37.065458333333332 ], [ 2.227741666666667, 36.94423611111111 ], [ 2.189705555555555, 36.816858333333336 ], [ 2.176922222222222, 36.686486111111108 ], [ 2.181944444444444, 36.666666666666664 ], [ 2.433333333333334, 36.083333333333336 ], [ 1.5, 35.666666666666664 ], [ 1.5, 37.483333333333334 ] ] ] } },
{ "type": "Feature", "properties": { "fir": "DAAA", "identifier": "DAAA:DAAA-AS:245-999", "name": "DAAA-AS", "level_lower": 245, "level_upper": 999 }, "geometry": { "type": "Polygon", "coordinates": [ [ [ 1.5, 37.483333333333334 ], [ 2.123230555555556, 37.724591666666669 ], [ 3.75, 38.333333333333336 ], [ 4.666666666666667, 39.0 ], [ 5.0, 39.0 ], [ 5.0, 35.666666666666664 ], [ 1.5, 35.666666666666664 ], [ 1.5, 37.483333333333334 ] ] ] } },
{ "type": "Feature", "properties": { "fir": "DAAA", "identifier": "DAAA:DAAA-NE:245-999", "name": "DAAA-NE", "level_lower": 245, "level_upper": 999 }, "geometry": { "type": "Polygon", "coordinates": [ [ [ 8.350294444444444, 35.463463888888889 ], [ 8.333333333333334, 35.43472222222222 ], [ 8.311841666666668, 35.371694444444444 ], [ 8.313902777777779, 35.31176111111111 ], [ 8.33518888888889, 35.279816666666669 ], [ 8.409347222222223, 35.246177777777781 ], [ 8.478011111111112, 35.240011111111109 ], [ 8.359908333333333, 35.103055555555557 ], [ 8.31596388888889, 35.01143888888889 ], [ 8.312530555555556, 34.948427777777773 ], [ 8.246611111111111, 34.923094444444445 ], [ 8.284944444444445, 34.8 ], [ 5.0, 34.8 ], [ 5.0, 35.666666666666664 ], [ 5.0, 39.0 ], [ 8.0, 39.0 ], [ 8.567058333333334, 37.202486111111114 ], [ 8.65, 36.93333333333333 ], [ 8.625297222222223, 36.855725 ], [ 8.680572222222221, 36.840063888888892 ], [ 8.66958611111111, 36.817530555555557 ], [ 8.611563888888888, 36.79141388888889 ], [ 8.600061111111112, 36.798838888888888 ], [ 8.572080555555555, 36.775191666666665 ], [ 8.545475, 36.774091666666664 ], [ 8.484191666666666, 36.779316666666666 ], [ 8.429944444444445, 36.759238888888888 ], [ 8.429944444444445, 36.750163888888892 ], [ 8.457755555555554, 36.750988888888891 ], [ 8.469427777777778, 36.741908333333335 ], [ 8.464619444444443, 36.725675 ], [ 8.475, 36.719166666666666 ], [ 8.482816666666666, 36.681083333333333 ], [ 8.45878611111111, 36.660980555555554 ], [ 8.4478, 36.620211111111111 ], [ 8.41758611111111, 36.621588888888887 ], [ 8.324202777777778, 36.573077777777783 ], [ 8.313902777777779, 36.551016666666662 ], [ 8.1546, 36.498044444444446 ], [ 8.171766666666667, 36.461605555555558 ], [ 8.261716666666667, 36.439513888888882 ], [ 8.40591388888889, 36.422938888888886 ], [ 8.378447222222222, 36.300738888888887 ], [ 8.338622222222222, 36.267527777777779 ], [ 8.356475, 36.249255555555557 ], [ 8.344802777777778, 36.22101111111111 ], [ 8.307036111111112, 36.176680555555556 ], [ 8.338622222222222, 36.137875 ], [ 8.340680555555556, 36.099047222222225 ], [ 8.297422222222222, 36.036327777777778 ], [ 8.300169444444446, 36.013561111111109 ], [ 8.289869444444445, 35.95355277777778 ], [ 8.261716666666667, 35.937430555555551 ], [ 8.269955555555557, 35.813913888888884 ], [ 8.263091666666666, 35.730347222222221 ], [ 8.355788888888888, 35.669566666666661 ], [ 8.359219444444443, 35.525519444444441 ], [ 8.384627777777776, 35.487511111111111 ], [ 8.381880555555556, 35.467380555555557 ], [ 8.350294444444444, 35.463463888888889 ] ] ] } },
{ "type": "Feature", "properties": { "fir": "DAAA", "identifier": "DAAA:DAAA-NE-L:000-245", "name": "DAAA-NE-L", "level_lower": 0, "level_upper": 245 }, "geometry": { "type": "Polygon", "coordinates": [ [ [ 8.350294444444444, 35.463463888888889 ], [ 8.333333333333334, 35.43472222222222 ], [ 8.311841666666668, 35.371694444444444 ], [ 8.313902777777779, 35.31176111111111 ], [ 8.33518888888889, 35.279816666666669 ], [ 8.409347222222223, 35.246177777777781 ], [ 8.478011111111112, 35.240011111111109 ], [ 8.359908333333333, 35.103055555555557 ], [ 8.31596388888889, 35.01143888888889 ], [ 8.312530555555556, 34.948427777777773 ], [ 8.246611111111111, 34.923094444444445 ], [ 8.284944444444445, 34.8 ], [ 5.0, 34.8 ], [ 5.0, 35.666666666666664 ], [ 5.0, 39.0 ], [ 8.0, 39.0 ], [ 8.567058333333334, 37.202486111111114 ], [ 8.65, 36.93333333333333 ], [ 8.625297222222223, 36.855725 ], [ 8.680572222222221, 36.840063888888892 ], [ 8.66958611111111, 36.817530555555557 ], [ 8.611563888888888, 36.79141388888889 ], [ 8.600061111111112, 36.798838888888888 ], [ 8.572080555555555, 36.775191666666665 ], [ 8.545475, 36.774091666666664 ], [ 8.484191666666666, 36.779316666666666 ], [ 8.429944444444445, 36.759238888888888 ], [ 8.429944444444445, 36.750163888888892 ], [ 8.457755555555554, 36.750988888888891 ], [ 8.469427777777778, 36.741908333333335 ], [ 8.464619444444443, 36.725675 ], [ 8.475, 36.719166666666666 ], [ 8.482816666666666, 36.681083333333333 ], [ 8.45878611111111, 36.660980555555554 ], [ 8.4478, 36.620211111111111 ], [ 8.41758611111111, 36.621588888888887 ], [ 8.324202777777778, 36.573077777777783 ], [ 8.313902777777779, 36.551016666666662 ], [ 8.1546, 36.498044444444446 ], [ 8.171766666666667, 36.461605555555558 ], [ 8.261716666666667, 36.439513888888882 ], [ 8.40591388888889, 36.422938888888886 ], [ 8.378447222222222, 36.300738888888887 ], [ 8.338622222222222, 36.267527777777779 ], [ 8.356475, 36.249255555555557 ], [ 8.344802777777778, 36.22101111111111 ], [ 8.307036111111112, 36.176680555555556 ], [ 8.338622222222222, 36.137875 ], [ 8.340680555555556, 36.099047222222225 ], [ 8.297422222222222, 36.036327777777778 ], [ 8.300169444444446, 36.013561111111109 ], [ 8.289869444444445, 35.95355277777778 ], [ 8.261716666666667, 35.937430555555551 ], [ 8.269955555555557, 35.813913888888884 ], [ 8.263091666666666, 35.730347222222221 ], [ 8.355788888888888, 35.669566666666661 ], [ 8.359219444444443, 35.525519444444441 ], [ 8.384627777777776, 35.487511111111111 ], [ 8.381880555555556, 35.467380555555557 ], [ 8.350294444444444, 35.463463888888889 ] ] ] } },
{ "type": "Feature", "properties": { "fir": "DTTC", "identifier": "DTTC:DTTC-N-U:325-999", "name": "DTTC-N-U", "level_lower": 325, "level_upper": 999 }, "geometry": { "type": "Polygon", "coordinates": [ [ [ 8.0, 39.0 ], [ 8.836666666666668, 38.6575 ], [ 8.88361111111111, 38.5275 ], [ 9.016666666666667, 38.583333333333336 ], [ 9.661388888888888, 38.308611111111105 ], [ 10.903611111111111, 37.768055555555556 ], [ 11.5, 37.5 ], [ 11.5, 36.62 ], [ 11.5, 36.5 ], [ 11.5, 35.779722222222219 ], [ 11.288608333333332, 35.756713888888889 ], [ 11.039330555555555, 35.729547222222223 ], [ 10.489641666666666, 35.669641666666664 ], [ 9.637838888888888, 35.576813888888893 ], [ 8.333333333333334, 35.43472222222222 ], [ 8.350294444444444, 35.463463888888889 ], [ 8.381880555555556, 35.467380555555557 ], [ 8.384627777777776, 35.487511111111111 ], [ 8.359219444444443, 35.525519444444441 ], [ 8.355788888888888, 35.669566666666661 ], [ 8.263091666666666, 35.730347222222221 ], [ 8.269955555555557, 35.813913888888884 ], [ 8.261716666666667, 35.937430555555551 ], [ 8.289869444444445, 35.95355277777778 ], [ 8.300169444444446, 36.013561111111109 ], [ 8.297422222222222, 36.036327777777778 ], [ 8.340680555555556, 36.099047222222225 ], [ 8.338622222222222, 36.137875 ], [ 8.307036111111112, 36.176680555555556 ], [ 8.344802777777778, 36.22101111111111 ], [ 8.356475, 36.249255555555557 ], [ 8.338622222222222, 36.267527777777779 ], [ 8.378447222222222, 36.300738888888887 ], [ 8.40591388888889, 36.422938888888886 ], [ 8.261716666666667, 36.439513888888882 ], [ 8.171766666666667, 36.461605555555558 ], [ 8.1546, 36.498044444444446 ], [ 8.313902777777779, 36.551016666666662 ], [ 8.324202777777778, 36.573077777777783 ], [ 8.41758611111111, 36.621588888888887 ], [ 8.4478, 36.620211111111111 ], [ 8.45878611111111, 36.660980555555554 ], [ 8.482816666666666, 36.681083333333333 ], [ 8.475, 36.719166666666666 ], [ 8.464619444444443, 36.725675 ], [ 8.469427777777778, 36.741908333333335 ], [ 8.457755555555554, 36.750988888888891 ], [ 8.429944444444445, 36.750163888888892 ], [ 8.429944444444445, 36.759238888888888 ], [ 8.484191666666666, 36.779316666666666 ], [ 8.545475, 36.774091666666664 ], [ 8.572080555555555, 36.775191666666665 ], [ 8.600061111111112, 36.798838888888888 ], [ 8.611563888888888, 36.79141388888889 ], [ 8.66958611111111, 36.817530555555557 ], [ 8.680572222222221, 36.840063888888892 ], [ 8.625297222222223, 36.855725 ], [ 8.65, 36.93333333333333 ], [ 8.567058333333334, 37.202486111111114 ], [ 8.0, 39.0 ] ] ] } },
{ "type": "Feature", "properties": { "fir": "DTTC", "identifier": "DTTC:DTTC-NW:065-195", "name": "DTTC-NW", "level_lower": 65, "level_upper": 195 }, "geometry": { "type": "Polygon", "coordinates": [ [ [ 8.0, 39.0 ], [ 8.836666666666668, 38.6575 ], [ 8.88361111111111, 38.5275 ], [ 9.016666666666667, 38.583333333333336 ], [ 9.661388888888888, 38.308611111111105 ], [ 9.419166666666666, 36.830277777777781 ], [ 9.385277777777777, 36.829444444444448 ], [ 9.3925, 36.845069444444448 ], [ 9.412355555555555, 36.911055555555556 ], [ 9.419030555555555, 36.978766666666665 ], [ 9.412355555555555, 37.04653888888889 ], [ 9.3925, 37.112697222222224 ], [ 9.39, 37.11888888888889 ], [ 9.255, 37.11888888888889 ], [ 9.248483333333333, 37.130647222222223 ], [ 9.214297222222221, 37.175316666666667 ], [ 9.171802777777778, 37.215175 ], [ 9.122047222222223, 37.249236111111109 ], [ 9.066255555555557, 37.27665 ], [ 9.005802777777777, 37.296733333333329 ], [ 8.942175, 37.308988888888884 ], [ 8.876944444444446, 37.313108333333332 ], [ 8.811711111111112, 37.308988888888884 ], [ 8.748083333333332, 37.296733333333329 ], [ 8.687630555555556, 37.27665 ], [ 8.631841666666666, 37.249236111111109 ], [ 8.582086111111112, 37.215175 ], [ 8.567058333333334, 37.202486111111114 ], [ 8.0, 39.0 ] ] ] } },
{ "type": "Feature", "properties": { "fir": "DTTC", "identifier": "DTTC:DTTC-NW-I:000-065", "name": "DTTC-NW-I", "level_lower": 0, "level_upper": 65 }, "geometry": { "type": "Polygon", "coordinates": [ [ [ 8.0, 39.0 ], [ 8.836666666666668, 38.6575 ], [ 8.88361111111111, 38.5275 ], [ 9.016666666666667, 38.583333333333336 ], [ 9.661388888888888, 38.308611111111105 ], [ 9.419166666666666, 36.830277777777781 ], [ 9.385277777777777, 36.829444444444448 ], [ 9.3925, 36.845069444444448 ], [ 9.412355555555555, 36.911055555555556 ], [ 9.419030555555555, 36.978766666666665 ], [ 9.412355555555555, 37.04653888888889 ], [ 9.3925, 37.112697222222224 ], [ 9.39, 37.11888888888889 ], [ 9.255, 37.11888888888889 ], [ 9.248483333333333, 37.130647222222223 ], [ 9.214297222222221, 37.175316666666667 ], [ 9.171802777777778, 37.215175 ], [ 9.122047222222223, 37.249236111111109 ], [ 9.066255555555557, 37.27665 ], [ 9.005802777777777, 37.296733333333329 ], [ 8.942175, 37.308988888888884 ], [ 8.876944444444446, 37.313108333333332 ], [ 8.811711111111112, 37.308988888888884 ], [ 8.748083333333332, 37.296733333333329 ], [ 8.687630555555556, 37.27665 ], [ 8.631841666666666, 37.249236111111109 ], [ 8.582086111111112, 37.215175 ], [ 8.567058333333334, 37.202486111111114 ], [ 8.0, 39.0 ] ] ] } },
{ "type": "Feature", "properties": { "fir": "DTTC", "identifier": "DTTC:DTTC-NW-U:195-325", "name": "DTTC-NW-U", "level_lower": 195, "level_upper": 325 }, "geometry": { "type": "Polygon", "coordinates": [ [ [ 8.0, 39.0 ], [ 8.836666666666668, 38.6575 ], [ 8.88361111111111, 38.5275 ], [ 9.016666666666667, 38.583333333333336 ], [ 9.661388888888888, 38.308611111111105 ], [ 9.419166666666666, 36.830277777777781 ], [ 9.385277777777777, 36.829444444444448 ], [ 9.3925, 36.845069444444448 ], [ 9.412355555555555, 36.911055555555556 ], [ 9.419030555555555, 36.978766666666665 ], [ 9.412355555555555, 37.04653888888889 ], [ 9.3925, 37.112697222222224 ], [ 9.39, 37.11888888888889 ], [ 9.255, 37.11888888888889 ], [ 9.248483333333333, 37.130647222222223 ], [ 9.214297222222221, 37.175316666666667 ], [ 9.171802777777778, 37.215175 ], [ 9.122047222222223, 37.249236111111109 ], [ 9.066255555555557, 37.27665 ], [ 9.005802777777777, 37.296733333333329 ], [ 8.942175, 37.308988888888884 ], [ 8.876944444444446, 37.313108333333332 ], [ 8.811711111111112, 37.308988888888884 ], [ 8.748083333333332, 37.296733333333329 ], [ 8.687630555555556, 37.27665 ], [ 8.631841666666666, 37.249236111111109 ], [ 8.582086111111112, 37.215175 ], [ 8.567058333333334, 37.202486111111114 ], [ 8.0, 39.0 ] ] ] } },
{ "type": "Feature", "properties": { "fir": "LFFF", "identifier": "LFFF:HP UAC:355-660", "name": "HP UAC", "level_lower": 355, "level_upper": 660 }, "geometry": { "type": "Polygon", "coordinates": [ [ [ 5.133333333333334, 46.233333333333334 ], [ 4.599997222222222, 46.274997222222218 ], [ 4.5, 46.283333333333331 ], [ 4.05, 46.283333333333331 ], [ 3.683333333333334, 46.283333333333331 ], [ 3.5, 46.56666666666667 ], [ 3.065, 47.313888888888883 ], [ 2.831666666666667, 47.734166666666667 ], [ 2.610277777777778, 48.133333333333333 ], [ 2.792777777777778, 48.395277777777778 ], [ 2.918611111111111, 48.283333333333331 ], [ 3.235277777777778, 47.998888888888892 ], [ 3.362777777777778, 47.795277777777777 ], [ 3.528611111111111, 47.5275 ], [ 3.795830555555555, 47.401666666666664 ], [ 4.0775, 47.2675 ], [ 4.488888888888889, 47.349166666666669 ], [ 5.183333333333334, 46.7 ], [ 5.161666666666667, 46.5 ], [ 5.150525, 46.393797222222219 ], [ 5.133333333333334, 46.233333333333334 ] ] ] } },
{ "type": "Feature", "properties": { "fir": "LFFF", "identifier": "LFFF:PU UAC:315-345", "name": "PU UAC", "level_lower": 315, "level_upper": 345 }, "geometry": { "type": "Polygon", "coordinates": [ [ [ 2.792777777777778, 48.395277777777778 ], [ 2.918611111111111, 48.283333333333331 ], [ 3.235277777777778, 47.998888888888892 ], [ 3.362777777777778, 47.795277777777777 ], [ 3.528611111111111, 47.5275 ], [ 3.795830555555555, 47.401666666666664 ], [ 4.05, 46.283333333333331 ], [ 3.683333333333334, 46.283333333333331 ], [ 3.5, 46.56666666666667 ], [ 3.065, 47.313888888888883 ], [ 2.831666666666667, 47.734166666666667 ], [ 2.610277777777778, 48.133333333333333 ], [ 2.792777777777778, 48.395277777777778 ] ] ] } },
{ "type": "Feature", "properties": { "fir": "LFFF", "identifier": "LFFF:PW UAC:345-355", "name": "PW UAC", "level_lower": 345, "level_upper": 355 }, "geometry": { "type": "Polygon", "coordinates": [ [ [ 2.792777777777778, 48.395277777777778 ], [ 2.918611111111111, 48.283333333333331 ], [ 3.235277777777778, 47.998888888888892 ], [ 3.362777777777778, 47.795277777777777 ], [ 3.528611111111111, 47.5275 ], [ 3.795830555555555, 47.401666666666664 ], [ 4.05, 46.283333333333331 ], [ 3.683333333333334, 46.283333333333331 ], [ 3.5, 46.56666666666667 ], [ 3.065, 47.313888888888883 ], [ 2.831666666666667, 47.734166666666667 ], [ 2.610277777777778, 48.133333333333333 ], [ 2.792777777777778, 48.395277777777778 ] ] ] } },
{ "type": "Feature", "properties": { "fir": "LFFF", "identifier": "LFFF:S UAC:000-115", "name": "S UAC", "level_lower": 0, "level_upper": 115 }, "geometry": { "type": "Polygon", "coordinates": [ [ [ 1.655555555555555, 47.658611111111107 ], [ 2.039722222222222, 47.540277777777774 ], [ 3.295277777777778, 47.540277777777774 ], [ 3.333333333333333, 47.540277777777774 ], [ 4.333333333333333, 47.416666666666664 ], [ 4.270830555555555, 47.359166666666667 ], [ 3.501944444444444, 47.109722222222224 ], [ 3.383333333333333, 46.983333333333334 ], [ 3.313055555555555, 46.728055555555557 ], [ 2.868052777777778, 46.5775 ], [ 2.833333333333333, 46.75 ], [ 2.182305555555555, 47.07233333333334 ], [ 2.168888888888889, 47.082219444444448 ], [ 2.0, 47.166666666666664 ], [ 1.504444444444444, 47.166666666666664 ], [ 1.466666666666667, 47.166663888888884 ], [ 1.633611111111111, 47.550277777777772 ], [ 1.655555555555555, 47.658611111111107 ] ] ] } },
{ "type": "Feature", "properties": { "fir": "LFFF", "identifier": "LFFF:S UAC:115-195", "name": "S UAC", "level_lower": 115, "level_upper": 195 }, "geometry": { "type": "Polygon", "coordinates": [ [ [ 2.868052777777778, 46.5775 ], [ 2.833333333333333, 46.75 ], [ 2.182305555555555, 47.07233333333334 ], [ 2.168888888888889, 47.082219444444448 ], [ 2.0, 47.166666666666664 ], [ 1.504444444444444, 47.166666666666664 ], [ 1.466666666666667, 47.166663888888884 ], [ 1.633611111111111, 47.550277777777772 ], [ 1.655555555555555, 47.658611111111107 ], [ 1.676666666666667, 47.762777777777778 ], [ 1.690555555555556, 47.831666666666671 ], [ 2.055830555555555, 47.719444444444449 ], [ 2.704166666666667, 47.719444444444449 ], [ 2.831666666666667, 47.734166666666667 ], [ 3.362777777777778, 47.795277777777777 ], [ 3.528611111111111, 47.5275 ], [ 4.333333333333333, 47.416666666666664 ], [ 4.270830555555555, 47.359166666666667 ], [ 4.366944444444444, 46.88 ], [ 4.65, 46.583333333333336 ], [ 4.674722222222223, 46.5 ], [ 4.4, 46.5 ], [ 3.616666666666667, 46.5 ], [ 3.266666666666667, 46.5 ], [ 2.916666666666667, 46.333333333333336 ], [ 2.868052777777778, 46.5775 ] ] ] } },
{ "type": "Feature", "properties": { "fir": "LFFF", "identifier": "LFFF:TU UAC:315-345", "name": "TU UAC", "level_lower": 315, "level_upper": 345 }, "geometry": { "type": "Polygon", "coordinates": [ [ [ 3.795830555555555, 47.401666666666664 ], [ 4.0775, 47.2675 ], [ 4.488888888888889, 47.349166666666669 ], [ 5.183333333333334, 46.7 ], [ 5.161666666666667, 46.5 ], [ 5.150525, 46.393797222222219 ], [ 5.133333333333334, 46.233333333333334 ], [ 4.599997222222222, 46.274997222222218 ], [ 4.5, 46.283333333333331 ], [ 4.05, 46.283333333333331 ], [ 3.795830555555555, 47.401666666666664 ] ] ] } },
{ "type": "Feature", "properties": { "fir": "LFFF", "identifier": "LFFF:TW UAC:345-355", "name": "TW UAC", "level_lower": 345, "level_upper": 355 }, "geometry": { "type": "Polygon", "coordinates": [ [ [ 3.795830555555555, 47.401666666666664 ], [ 4.0775, 47.2675 ], [ 4.488888888888889, 47.349166666666669 ], [ 5.183333333333334, 46.7 ], [ 5.161666666666667, 46.5 ], [ 5.150525, 46.393797222222219 ], [ 5.133333333333334, 46.233333333333334 ], [ 4.599997222222222, 46.274997222222218 ], [ 4.5, 46.283333333333331 ], [ 4.05, 46.283333333333331 ], [ 3.795830555555555, 47.401666666666664 ] ] ] } },
{ "type": "Feature", "properties": { "fir": "LFFF", "identifier": "LFFF:UJ1 UAC:195-355", "name": "UJ1 UAC", "level_lower": 195, "level_upper": 355 }, "geometry": { "type": "Polygon", "coordinates": [ [ [ 5.183333333333334, 46.7 ], [ 5.41923888888889, 46.700169444444448 ], [ 5.462266666666667, 46.700147222222228 ], [ 5.583333333333333, 46.7 ], [ 5.820555555555555, 46.8725 ], [ 5.894027777777778, 46.92552222222222 ], [ 5.951111111111111, 46.966666666666669 ], [ 5.783333333333333, 47.466666666666669 ], [ 5.269444444444445, 47.776941666666666 ], [ 5.017777777777778, 47.639722222222218 ], [ 4.7725, 47.50472222222222 ], [ 4.488888888888889, 47.349166666666669 ], [ 5.183333333333334, 46.7 ] ] ] } },
{ "type": "Feature", "properties": { "fir": "LFFF", "identifier": "LFFF:UJ2 UAC:355-385", "name": "UJ2 UAC", "level_lower": 355, "level_upper": 385 }, "geometry": { "type": "Polygon", "coordinates": [ [ [ 5.183333333333334, 46.7 ], [ 5.41923888888889, 46.700169444444448 ], [ 5.462266666666667, 46.700147222222228 ], [ 5.583333333333333, 46.7 ], [ 5.820555555555555, 46.8725 ], [ 5.356941666666667, 47.471111111111114 ], [ 5.017777777777778, 47.639722222222218 ], [ 4.7725, 47.50472222222222 ], [ 4.488888888888889, 47.349166666666669 ], [ 5.183333333333334, 46.7 ] ] ] } },
{ "type": "Feature", "properties": { "fir": "LFFF", "identifier": "LFFF:UP1 UAC:195-265", "name": "UP1 UAC", "level_lower": 195, "level_upper": 265 }, "geometry": { "type": "Polygon", "coordinates": [ [ [ 3.065, 47.313888888888883 ], [ 3.548055555555556, 47.49666666666667 ], [ 3.528611111111111, 47.5275 ], [ 3.795830555555555, 47.401666666666664 ], [ 4.05, 46.283333333333331 ], [ 3.683333333333334, 46.283333333333331 ], [ 3.5, 46.56666666666667 ], [ 3.065, 47.313888888888883 ] ] ] } },
{ "type": "Feature", "properties": { "fir": "LFFF", "identifier": "LFFF:UP2 UAC:265-315", "name": "UP2 UAC", "level_lower": 265, "level_upper": 315 }, "geometry": { "type": "Polygon", "coordinates": [ [ [ 2.610277777777778, 48.133333333333333 ], [ 2.792777777777778, 48.395277777777778 ], [ 2.918611111111111, 48.283333333333331 ], [ 3.235277777777778, 47.998888888888892 ], [ 3.362777777777778, 47.795277777777777 ], [ 3.528611111111111, 47.5275 ], [ 3.795830555555555, 47.401666666666664 ], [ 4.05, 46.283333333333331 ], [ 3.683333333333334, 46.283333333333331 ], [ 3.5, 46.56666666666667 ], [ 3.065, 47.313888888888883 ], [ 2.831666666666667, 47.734166666666667 ], [ 2.610277777777778, 48.133333333333333 ] ] ] } },
{ "type": "Feature", "properties": { "fir": "LFFF", "identifier": "LFFF:UT UAC:195-315", "name": "UT UAC", "level_lower": 195, "level_upper": 315 }, "geometry": { "type": "Polygon", "coordinates": [ [ [ 5.133333333333334, 46.233333333333334 ], [ 4.599997222222222, 46.274997222222218 ], [ 4.5, 46.283333333333331 ], [ 4.05, 46.283333333333331 ], [ 3.795830555555555, 47.401666666666664 ], [ 4.0775, 47.2675 ], [ 4.488888888888889, 47.349166666666669 ], [ 5.183333333333334, 46.7 ], [ 5.161666666666667, 46.5 ], [ 5.150525, 46.393797222222219 ], [ 5.133333333333334, 46.233333333333334 ] ] ] } },
{ "type": "Feature", "properties": { "fir": "LIMM", "identifier": "LIMM:LIMM-WN1:195-205", "name": "LIMM-WN1", "level_lower": 195, "level_upper": 205 }, "geometry": { "type": "Polygon", "coordinates": [ [ [ 7.450833333333334, 45.925555555555555 ], [ 7.345833333333333, 45.796388888888885 ], [ 7.208055555555556, 45.652777777777779 ], [ 7.148472222222223, 45.590277777777779 ], [ 7.088888888888889, 45.527777777777779 ], [ 7.055277777777778, 45.4925 ], [ 7.021111111111111, 45.456388888888888 ], [ 7.153333333333333, 45.354166666666671 ], [ 7.156388888888889, 45.185833333333328 ], [ 7.157777777777778, 45.106111111111112 ], [ 7.16, 44.980277777777779 ], [ 7.128055555555555, 44.813888888888883 ], [ 7.285555555555556, 44.142222222222223 ], [ 7.625277777777778, 44.145555555555553 ], [ 7.751944444444445, 44.023055555555551 ], [ 7.753333333333333, 43.938611111111108 ], [ 8.685277777777777, 44.36888888888889 ], [ 8.640277777777778, 44.922222222222217 ], [ 8.7025, 45.06111111111111 ], [ 8.599166666666667, 45.315277777777773 ], [ 8.519722222222223, 45.3425 ], [ 8.358333333333333, 45.196388888888883 ], [ 7.970833333333333, 45.307777777777773 ], [ 7.958055555555556, 45.535555555555554 ], [ 7.962180555555555, 45.596297222222226 ], [ 7.689444444444445, 45.74861111111111 ], [ 7.450833333333334, 45.925555555555555 ] ] ] } },
{ "type": "Feature", "properties": { "fir": "LIMM", "identifier": "LIMM:LIMM-WN1-HIGH:175-195", "name": "LIMM-WN1-HIGH", "level_lower": 175, "level_upper": 195 }, "geometry": { "type": "Polygon", "coordinates": [ [ [ 7.450833333333334, 45.925555555555555 ], [ 7.386930555555556, 45.897175 ], [ 7.292861111111111, 45.920108333333332 ], [ 7.276380555555556, 45.89908611111111 ], [ 7.256469444444445, 45.888094444444441 ], [ 7.218702777777778, 45.888572222222223 ], [ 7.200163888888889, 45.875188888888893 ], [ 7.200163888888889, 45.862280555555557 ], [ 7.189863888888889, 45.857497222222221 ], [ 7.156216666666667, 45.87853611111111 ], [ 7.116391666666666, 45.858933333333333 ], [ 7.099055555555555, 45.860605555555559 ], [ 7.046111111111111, 45.921944444444442 ], [ 7.007561111111111, 45.903388888888891 ], [ 6.998288888888889, 45.872561111111111 ], [ 6.907994444444445, 45.842191666666672 ], [ 6.879844444444445, 45.849127777777781 ], [ 6.868169444444445, 45.825211111111116 ], [ 6.841736111111111, 45.840041666666671 ], [ 6.819333333333333, 45.836572222222223 ], [ 6.806372222222222, 45.815638888888884 ], [ 6.813580555555555, 45.805827777777772 ], [ 6.813066666666667, 45.795294444444444 ], [ 6.80105, 45.779852777777776 ], [ 6.805513888888889, 45.768719444444443 ], [ 6.806716666666667, 45.747519444444443 ], [ 6.816155555555556, 45.740091666666665 ], [ 6.808602777777778, 45.726313888888889 ], [ 6.821944444444444, 45.715555555555561 ], [ 6.826972222222222, 45.702822222222224 ], [ 6.838644444444444, 45.701141666666672 ], [ 6.847569444444444, 45.68987222222222 ], [ 6.854438888888889, 45.687475 ], [ 6.856152777777777, 45.684594444444443 ], [ 6.867141666666667, 45.683877777777774 ], [ 6.868855555555556, 45.680038888888888 ], [ 6.878986111111112, 45.678538888888887 ], [ 6.882247222222222, 45.6792 ], [ 6.883277777777778, 45.680938888888889 ], [ 6.893491666666666, 45.675719444444439 ], [ 6.897694444444444, 45.677938888888889 ], [ 6.898983333333333, 45.6804 ], [ 6.902930555555556, 45.68075833333333 ], [ 6.906794444444444, 45.675841666666663 ], [ 6.905591666666667, 45.671283333333328 ], [ 6.907052777777778, 45.670563888888886 ], [ 6.902416666666667, 45.663786111111108 ], [ 6.916491666666667, 45.660186111111109 ], [ 6.915033333333334, 45.651847222222223 ], [ 6.932458333333334, 45.645905555555558 ], [ 6.961125, 45.654605555555555 ], [ 6.970222222222223, 45.653886111111113 ], [ 6.974772222222223, 45.64662777777778 ], [ 6.989791666666667, 45.64404722222222 ], [ 6.992538888888889, 45.639605555555555 ], [ 7.00095, 45.639847222222222 ], [ 7.001208333333333, 45.634686111111108 ], [ 6.996230555555556, 45.629044444444446 ], [ 6.987647222222222, 45.624002777777775 ], [ 6.983183333333334, 45.616916666666668 ], [ 6.986102777777778, 45.61331666666667 ], [ 6.978033333333333, 45.590377777777782 ], [ 6.982325, 45.581966666666673 ], [ 6.9952, 45.575477777777785 ], [ 6.996230555555556, 45.568269444444446 ], [ 6.989363888888889, 45.5631 ], [ 6.993483333333334, 45.54783611111111 ], [ 6.991594444444445, 45.530161111111113 ], [ 7.004813888888889, 45.518136111111112 ], [ 7.000005555555555, 45.504180555555557 ], [ 7.022322222222222, 45.496480555555557 ], [ 7.050475, 45.496480555555557 ], [ 7.055277777777778, 45.4925 ], [ 7.056483333333333, 45.487816666666667 ], [ 7.047386111111111, 45.482280555555555 ], [ 7.048072222222222, 45.472411111111114 ], [ 7.060088888888889, 45.470725 ], [ 7.065411111111111, 45.47421388888889 ], [ 7.103688888888889, 45.467475 ], [ 7.098369444444444, 45.460611111111113 ], [ 7.101113888888889, 45.453266666666671 ], [ 7.114675, 45.441463888888883 ], [ 7.113475, 45.433875 ], [ 7.151927777777778, 45.423275 ], [ 7.155875, 45.41725 ], [ 7.184541666666667, 45.406886111111106 ], [ 7.185572222222222, 45.402788888888885 ], [ 7.177675, 45.395194444444442 ], [ 7.17956388888889, 45.390491666666669 ], [ 7.174069444444445, 45.385430555555558 ], [ 7.164113888888889, 45.38301666666667 ], [ 7.157936111111112, 45.36915 ], [ 7.1636, 45.360588888888891 ], [ 7.153333333333333, 45.354166666666671 ], [ 7.152441666666667, 45.353469444444443 ], [ 7.136819444444445, 45.350455555555556 ], [ 7.131669444444444, 45.340925 ], [ 7.13458888888889, 45.331511111111112 ], [ 7.110833333333333, 45.320555555555558 ], [ 7.137677777777778, 45.25555277777778 ], [ 7.073133333333333, 45.21155 ], [ 7.047727777777777, 45.225094444444444 ], [ 6.965330555555556, 45.209133333333334 ], [ 6.946791666666667, 45.169936111111106 ], [ 6.891861111111111, 45.167030555555556 ], [ 6.894605555555555, 45.137975 ], [ 6.8486, 45.12635 ], [ 6.767577777777777, 45.159283333333335 ], [ 6.739425, 45.137491666666669 ], [ 6.681744444444445, 45.139427777777776 ], [ 6.630936111111112, 45.10745277777778 ], [ 6.673505555555556, 45.020155555555554 ], [ 6.7432, 45.017363888888887 ], [ 6.751269444444445, 44.996125 ], [ 6.737880555555556, 44.993211111111115 ], [ 6.73805, 44.988961111111109 ], [ 6.748866666666666, 44.985441666666667 ], [ 6.750583333333333, 44.97730555555556 ], [ 6.7626, 44.971355555555554 ], [ 6.765344444444445, 44.96018055555556 ], [ 6.757791666666667, 44.94669722222222 ], [ 6.743372222222222, 44.936002777777773 ], [ 6.754530555555555, 44.93795 ], [ 6.758822222222222, 44.936733333333329 ], [ 6.760711111111111, 44.930413888888886 ], [ 6.754188888888889, 44.93175 ], [ 6.750066666666667, 44.905738888888891 ], [ 6.771525, 44.902941666666663 ], [ 6.785430555555555, 44.889322222222219 ], [ 6.800536111111111, 44.890661111111108 ], [ 6.806544444444445, 44.876308333333334 ], [ 6.862333333333333, 44.850025 ], [ 6.915205555555556, 44.847105555555558 ], [ 6.932372222222223, 44.862680555555556 ], [ 7.005841666666667, 44.840288888888892 ], [ 7.008588888888889, 44.825194444444449 ], [ 7.024383333333334, 44.823244444444448 ], [ 7.0125, 44.8 ], [ 7.128055555555555, 44.813888888888883 ], [ 7.285555555555556, 44.142222222222223 ], [ 7.625277777777778, 44.145555555555553 ], [ 7.751944444444445, 44.023055555555551 ], [ 7.753333333333333, 43.938611111111108 ], [ 8.685277777777777, 44.36888888888889 ], [ 8.665722222222223, 44.597219444444448 ], [ 8.400555555555556, 44.855277777777779 ], [ 8.358333333333333, 45.196388888888883 ], [ 7.970833333333333, 45.307777777777773 ], [ 7.958055555555556, 45.535555555555554 ], [ 7.962180555555555, 45.596297222222226 ], [ 7.689444444444445, 45.74861111111111 ], [ 7.450833333333334, 45.925555555555555 ] ] ] } },
{ "type": "Feature", "properties": { "fir": "LIMM", "identifier": "LIMM:LIMM-WN1-LOW:000-095", "name": "LIMM-WN1-LOW", "level_lower": 0, "level_upper": 95 }, "geometry": { "type": "Polygon", "coordinates": [ [ [ 7.510230555555555, 43.82886666666667 ], [ 7.508813888888889, 43.834941666666666 ], [ 7.507030555555556, 43.840041666666671 ], [ 7.507030555555556, 43.841891666666669 ], [ 7.498627777777778, 43.84610277777778 ], [ 7.495016666666666, 43.857463888888887 ], [ 7.496113888888889, 43.864325 ], [ 7.499166666666667, 43.86503611111111 ], [ 7.499638888888889, 43.867716666666666 ], [ 7.497638888888889, 43.871169444444448 ], [ 7.502538888888889, 43.874916666666664 ], [ 7.507244444444445, 43.877505555555558 ], [ 7.510016666666667, 43.880311111111112 ], [ 7.510380555555556, 43.882144444444442 ], [ 7.512205555555555, 43.883469444444444 ], [ 7.512894444444444, 43.885230555555552 ], [ 7.517319444444444, 43.882425 ], [ 7.521105555555556, 43.88646388888889 ], [ 7.527616666666667, 43.886786111111114 ], [ 7.532213888888889, 43.890516666666663 ], [ 7.5352, 43.891211111111112 ], [ 7.539755555555556, 43.893355555555559 ], [ 7.550755555555555, 43.894291666666668 ], [ 7.561091666666666, 43.898716666666665 ], [ 7.562663888888888, 43.903355555555557 ], [ 7.562061111111111, 43.908691666666662 ], [ 7.559094444444444, 43.915461111111107 ], [ 7.558319444444444, 43.917988888888885 ], [ 7.56825, 43.923325 ], [ 7.568186111111111, 43.927225 ], [ 7.571105555555556, 43.928980555555555 ], [ 7.570480555555555, 43.932466666666663 ], [ 7.573619444444444, 43.936855555555553 ], [ 7.566830555555556, 43.943088888888887 ], [ 7.569752777777778, 43.945352777777778 ], [ 7.56965, 43.947286111111104 ], [ 7.575391666666667, 43.946005555555551 ], [ 7.575061111111111, 43.948191666666666 ], [ 7.579338888888889, 43.949469444444439 ], [ 7.581741666666667, 43.948666666666661 ], [ 7.584944444444444, 43.953077777777779 ], [ 7.589691666666666, 43.955188888888891 ], [ 7.597538888888889, 43.956405555555556 ], [ 7.6016, 43.957655555555561 ], [ 7.611266666666666, 43.954694444444449 ], [ 7.619986111111111, 43.960155555555559 ], [ 7.629080555555556, 43.963236111111115 ], [ 7.637763888888888, 43.969294444444444 ], [ 7.644316666666666, 43.973905555555561 ], [ 7.652911111111112, 43.974241666666671 ], [ 7.653555555555556, 43.975830555555561 ], [ 7.655594444444445, 43.97772777777778 ], [ 7.656563888888889, 43.985530555555556 ], [ 7.663386111111111, 43.98661388888889 ], [ 7.663355555555555, 43.99175 ], [ 7.670136111111112, 43.998527777777781 ], [ 7.666986111111111, 44.006836111111113 ], [ 7.66415, 44.012366666666665 ], [ 7.662261111111111, 44.019027777777779 ], [ 7.662538888888889, 44.02140277777778 ], [ 7.661786111111112, 44.023205555555556 ], [ 7.663180555555556, 44.029111111111114 ], [ 7.666641666666667, 44.031161111111111 ], [ 7.675344444444445, 44.029775 ], [ 7.677688888888889, 44.032963888888887 ], [ 7.68985, 44.039516666666664 ], [ 7.700591666666667, 44.040811111111111 ], [ 7.703575, 44.046852777777779 ], [ 7.703255555555556, 44.050444444444445 ], [ 7.708069444444445, 44.05790555555555 ], [ 7.712594444444445, 44.06113055555555 ], [ 7.714986111111111, 44.06859166666667 ], [ 7.714205555555556, 44.076433333333334 ], [ 7.718886111111111, 44.08175555555556 ], [ 7.713036111111111, 44.086236111111113 ], [ 7.7029, 44.093236111111111 ], [ 7.693933333333334, 44.103316666666672 ], [ 7.687694444444444, 44.111713888888893 ], [ 7.679119444444445, 44.11815277777778 ], [ 7.667422222222222, 44.12766666666667 ], [ 7.670930555555556, 44.138022222222219 ], [ 7.678727777777778, 44.142497222222225 ], [ 7.680677777777778, 44.147533333333335 ], [ 7.671319444444444, 44.153127777777776 ], [ 7.6721, 44.158441666666668 ], [ 7.679897222222222, 44.162077777777775 ], [ 7.683797222222222, 44.168511111111108 ], [ 7.683016666666667, 44.175780555555555 ], [ 7.673269444444445, 44.179136111111106 ], [ 7.664691666666667, 44.1769 ], [ 7.6452, 44.177180555555552 ], [ 7.640130555555555, 44.1769 ], [ 7.631552777777778, 44.172425 ], [ 7.629605555555556, 44.163197222222223 ], [ 7.624925, 44.156205555555552 ], [ 7.617127777777778, 44.15228888888889 ], [ 7.602313888888888, 44.15228888888889 ], [ 7.586327777777777, 44.152569444444445 ], [ 7.575802777777778, 44.152569444444445 ], [ 7.564886111111111, 44.153688888888887 ], [ 7.558647222222222, 44.152569444444445 ], [ 7.555041666666667, 44.14823333333333 ], [ 7.549291666666667, 44.146344444444445 ], [ 7.542372222222222, 44.146136111111112 ], [ 7.538277777777778, 44.146833333333333 ], [ 7.534575, 44.147325 ], [ 7.531455555555556, 44.146625 ], [ 7.530869444444444, 44.146344444444445 ], [ 7.527555555555556, 44.1411 ], [ 7.523755555555556, 44.138791666666663 ], [ 7.516833333333333, 44.1383 ], [ 7.512252777777777, 44.140680555555555 ], [ 7.509622222222222, 44.142358333333334 ], [ 7.506113888888889, 44.143058333333336 ], [ 7.500363888888889, 44.142219444444443 ], [ 7.495780555555555, 44.140258333333335 ], [ 7.491297222222222, 44.137391666666666 ], [ 7.484963888888889, 44.134594444444446 ], [ 7.474925, 44.132005555555558 ], [ 7.464591666666667, 44.129208333333331 ], [ 7.457963888888889, 44.127108333333332 ], [ 7.450947222222222, 44.127527777777779 ], [ 7.439836111111111, 44.128366666666665 ], [ 7.430672222222222, 44.129208333333331 ], [ 7.42775, 44.123469444444446 ], [ 7.428919444444444, 44.117591666666669 ], [ 7.426580555555556, 44.113675 ], [ 7.416833333333334, 44.11535277777778 ], [ 7.411375, 44.119411111111113 ], [ 7.402408333333334, 44.120672222222225 ], [ 7.395975, 44.12375 ], [ 7.387202777777778, 44.124730555555558 ], [ 7.380963888888888, 44.121930555555558 ], [ 7.372583333333333, 44.118711111111111 ], [ 7.362055555555555, 44.117313888888887 ], [ 7.355038888888888, 44.119830555555559 ], [ 7.352894444444444, 44.125569444444444 ], [ 7.347436111111111, 44.131866666666667 ], [ 7.346655555555555, 44.135502777777781 ], [ 7.34685, 44.137041666666669 ], [ 7.346266666666667, 44.140819444444446 ], [ 7.345583333333333, 44.144105555555555 ], [ 7.343438888888889, 44.14543611111111 ], [ 7.337591666666667, 44.145086111111112 ], [ 7.332522222222222, 44.144177777777777 ], [ 7.323458333333333, 44.143686111111109 ], [ 7.314980555555556, 44.144455555555552 ], [ 7.307280555555556, 44.146275 ], [ 7.297922222222222, 44.146344444444445 ], [ 7.2911, 44.145786111111107 ], [ 7.287980555555555, 44.144455555555552 ], [ 7.285555555555556, 44.142222222222223 ], [ 7.28145, 44.1411 ], [ 7.276383333333333, 44.143336111111111 ], [ 7.273361111111111, 44.144805555555557 ], [ 7.26605, 44.146902777777775 ], [ 7.261080555555556, 44.147952777777775 ], [ 7.256694444444444, 44.15389722222222 ], [ 7.250844444444445, 44.157325 ], [ 7.246458333333333, 44.161869444444442 ], [ 7.244997222222223, 44.16578333333333 ], [ 7.244413888888889, 44.169 ], [ 7.243341666666667, 44.171027777777773 ], [ 7.238369444444444, 44.173825 ], [ 7.232813888888889, 44.174941666666662 ], [ 7.230669444444445, 44.171586111111111 ], [ 7.227258333333333, 44.169069444444439 ], [ 7.221313888888889, 44.16921111111111 ], [ 7.21605, 44.170608333333334 ], [ 7.2141, 44.174663888888887 ], [ 7.211177777777778, 44.177458333333334 ], [ 7.206108333333334, 44.179555555555552 ], [ 7.203183333333333, 44.184938888888887 ], [ 7.200261111111112, 44.186825 ], [ 7.195386111111111, 44.187105555555554 ], [ 7.191877777777778, 44.188991666666666 ], [ 7.192266666666667, 44.194163888888887 ], [ 7.188952777777778, 44.197377777777774 ], [ 7.189344444444445, 44.200452777777784 ], [ 7.181936111111112, 44.200313888888893 ], [ 7.176866666666667, 44.197936111111105 ], [ 7.1718, 44.200172222222228 ], [ 7.169266666666667, 44.201569444444445 ], [ 7.168486111111111, 44.204366666666672 ], [ 7.163222222222222, 44.207580555555559 ], [ 7.155619444444445, 44.205202777777778 ], [ 7.150355555555556, 44.203247222222224 ], [ 7.146652777777779, 44.200872222222223 ], [ 7.137880555555556, 44.203386111111115 ], [ 7.12755, 44.20995555555556 ], [ 7.119361111111111, 44.214986111111116 ], [ 7.115269444444444, 44.216941666666671 ], [ 7.104547222222222, 44.219594444444446 ], [ 7.094216666666666, 44.220713888888888 ], [ 7.090316666666666, 44.223647222222226 ], [ 7.081933333333333, 44.229933333333335 ], [ 7.077255555555555, 44.231888888888889 ], [ 7.065169444444444, 44.231188888888887 ], [ 7.063805555555556, 44.228536111111111 ], [ 7.057566666666666, 44.227697222222226 ], [ 7.0525, 44.227697222222226 ], [ 7.043661111111111, 44.225777777777779 ], [ 7.043327777777778, 44.225508333333337 ], [ 7.043133333333333, 44.225475 ], [ 7.042436111111111, 44.2253 ], [ 7.041136111111111, 44.224858333333337 ], [ 7.039836111111111, 44.224286111111113 ], [ 7.038877777777778, 44.223913888888887 ], [ 7.037969444444444, 44.223938888888888 ], [ 7.037138888888888, 44.224333333333334 ], [ 7.0361, 44.224427777777777 ], [ 7.035027777777778, 44.224672222222225 ], [ 7.033875, 44.225102777777778 ], [ 7.032769444444444, 44.225858333333335 ], [ 7.031469444444444, 44.226836111111112 ], [ 7.031, 44.228058333333337 ], [ 7.031194444444444, 44.229222222222226 ], [ 7.030805555555555, 44.230630555555557 ], [ 7.03035, 44.231341666666665 ], [ 7.029358333333334, 44.231247222222223 ], [ 7.0271, 44.230386111111116 ], [ 7.025, 44.232219444444446 ], [ 7.0234, 44.234116666666665 ], [ 7.01805, 44.232213888888893 ], [ 7.014225, 44.233991666666668 ], [ 7.008205555555556, 44.236141666666668 ], [ 7.004402777777778, 44.241236111111114 ], [ 7.001930555555556, 44.24335277777778 ], [ 7.00075, 44.246019444444443 ], [ 6.997313888888889, 44.251375 ], [ 6.998, 44.257541666666668 ], [ 6.996366666666667, 44.264277777777778 ], [ 6.995805555555556, 44.267788888888887 ], [ 6.997141666666667, 44.27236111111111 ], [ 6.995527777777778, 44.275719444444441 ], [ 6.995216666666667, 44.280169444444446 ], [ 6.980575, 44.286780555555552 ], [ 6.972705555555556, 44.283952777777777 ], [ 6.969463888888889, 44.285952777777773 ], [ 6.971330555555555, 44.292963888888885 ], [ 6.967980555555556, 44.295113888888885 ], [ 6.963855555555556, 44.29400555555555 ], [ 6.960375, 44.294052777777779 ], [ 6.956336111111112, 44.296616666666665 ], [ 6.957730555555556, 44.300236111111111 ], [ 6.957988888888889, 44.30375 ], [ 6.959513888888889, 44.306891666666665 ], [ 6.960566666666667, 44.310805555555554 ], [ 6.954891666666667, 44.314641666666667 ], [ 6.953130555555556, 44.318519444444448 ], [ 6.947225, 44.320255555555562 ], [ 6.943269444444445, 44.323416666666667 ], [ 6.939252777777778, 44.324536111111115 ], [ 6.937038888888889, 44.328169444444448 ], [ 6.927713888888889, 44.332205555555561 ], [ 6.924102777777778, 44.339955555555555 ], [ 6.922166666666667, 44.341855555555561 ], [ 6.921480555555556, 44.345661111111113 ], [ 6.922363888888889, 44.350291666666671 ], [ 6.919716666666667, 44.352116666666667 ], [ 6.913055555555556, 44.353255555555556 ], [ 6.906394444444445, 44.357869444444447 ], [ 6.901238888888889, 44.357827777777779 ], [ 6.887741666666666, 44.36098888888889 ], [ 6.887702777777777, 44.366494444444449 ], [ 6.893780555555555, 44.369180555555559 ], [ 6.896380555555555, 44.373627777777777 ], [ 6.895825, 44.377111111111113 ], [ 6.895305555555555, 44.387788888888892 ], [ 6.896444444444444, 44.394002777777779 ], [ 6.895416666666666, 44.396805555555552 ], [ 6.894513888888889, 44.400519444444441 ], [ 6.897630555555555, 44.405216666666668 ], [ 6.895091666666667, 44.40891388888889 ], [ 6.892686111111111, 44.420036111111109 ], [ 6.895502777777777, 44.420769444444439 ], [ 6.898425, 44.421691666666668 ], [ 6.902955555555556, 44.421002777777773 ], [ 6.917141666666667, 44.4272 ], [ 6.923802777777778, 44.422936111111106 ], [ 6.932375, 44.424638888888886 ], [ 6.933469444444444, 44.429852777777775 ], [ 6.945786111111111, 44.427338888888883 ], [ 6.948080555555555, 44.429716666666664 ], [ 6.939402777777778, 44.434225 ], [ 6.937102777777778, 44.438875 ], [ 6.922855555555556, 44.445502777777776 ], [ 6.914044444444444, 44.44965 ], [ 6.911530555555556, 44.452666666666673 ], [ 6.909294444444445, 44.458580555555557 ], [ 6.906352777777778, 44.466744444444444 ], [ 6.902955555555556, 44.469352777777779 ], [ 6.892941666666666, 44.471941666666666 ], [ 6.884819444444444, 44.475766666666665 ], [ 6.876591666666667, 44.481419444444448 ], [ 6.877105555555556, 44.487880555555556 ], [ 6.868230555555556, 44.49283611111111 ], [ 6.865116666666666, 44.496875 ], [ 6.862927777777777, 44.499525 ], [ 6.858886111111111, 44.506338888888891 ], [ 6.859188888888888, 44.509277777777775 ], [ 6.856825, 44.514669444444444 ], [ 6.857766666666667, 44.520966666666666 ], [ 6.853513888888888, 44.528019444444446 ], [ 6.857491666666666, 44.533519444444444 ], [ 6.8689, 44.536705555555557 ], [ 6.87335, 44.546091666666662 ], [ 6.876636111111112, 44.546277777777775 ], [ 6.876055555555556, 44.550225 ], [ 6.878636111111112, 44.554366666666667 ], [ 6.882027777777778, 44.552416666666666 ], [ 6.889186111111111, 44.552294444444442 ], [ 6.891566666666666, 44.554244444444443 ], [ 6.8972, 44.555405555555552 ], [ 6.901025, 44.554002777777775 ], [ 6.904566666666667, 44.556227777777778 ], [ 6.915555555555556, 44.559091666666667 ], [ 6.91546388888889, 44.562475 ], [ 6.9125, 44.568527777777781 ], [ 6.918452777777778, 44.569577777777781 ], [ 6.929711111111112, 44.572091666666672 ], [ 6.933063888888889, 44.573980555555558 ], [ 6.931816666666667, 44.58260555555556 ], [ 6.933619444444445, 44.585041666666669 ], [ 6.933386111111111, 44.595925 ], [ 6.937425, 44.598438888888893 ], [ 6.937530555555556, 44.602875 ], [ 6.945161111111111, 44.605813888888889 ], [ 6.950444444444445, 44.610891666666667 ], [ 6.948963888888889, 44.618705555555557 ], [ 6.957688888888889, 44.621175 ], [ 6.963102777777778, 44.619269444444448 ], [ 6.967569444444445, 44.619255555555554 ], [ 6.968280555555555, 44.624694444444444 ], [ 6.963813888888889, 44.625866666666667 ], [ 6.954036111111111, 44.63675 ], [ 6.953044444444445, 44.644841666666665 ], [ 6.947994444444444, 44.652613888888887 ], [ 6.950144444444445, 44.657291666666666 ], [ 6.958716666666667, 44.662441666666666 ], [ 6.958394444444445, 44.666311111111106 ], [ 6.957902777777778, 44.671855555555553 ], [ 6.962502777777778, 44.677588888888884 ], [ 6.970325, 44.677038888888887 ], [ 6.978466666666667, 44.683577777777778 ], [ 6.987213888888889, 44.689030555555554 ], [ 6.998130555555556, 44.69045 ], [ 7.00245, 44.687175 ], [ 7.006275, 44.688180555555554 ], [ 7.016952777777778, 44.689063888888889 ], [ 7.020494444444444, 44.69029444444444 ], [ 7.027480555555555, 44.691241666666663 ], [ 7.033691666666667, 44.690341666666662 ], [ 7.046669444444444, 44.68376111111111 ], [ 7.05215, 44.682677777777776 ], [ 7.058166666666667, 44.680605555555552 ], [ 7.069855555555555, 44.679766666666666 ], [ 7.076494444444444, 44.680788888888884 ], [ 7.075355555555555, 44.689030555555554 ], [ 7.070952777777777, 44.699686111111106 ], [ 7.068994444444444, 44.70185 ], [ 7.066030555555556, 44.707469444444449 ], [ 7.065988888888889, 44.713386111111113 ], [ 7.057027777777778, 44.714602777777777 ], [ 7.043294444444444, 44.718275 ], [ 7.030744444444444, 44.729244444444447 ], [ 7.030444444444444, 44.732552777777776 ], [ 7.023763888888888, 44.739777777777782 ], [ 7.026016666666667, 44.743541666666665 ], [ 7.022430555555555, 44.749816666666668 ], [ 7.021938888888889, 44.753991666666664 ], [ 7.024216666666667, 44.755427777777776 ], [ 7.024925, 44.761169444444441 ], [ 7.022025, 44.765466666666669 ], [ 7.024255555555555, 44.768838888888887 ], [ 7.021530555555556, 44.771241666666668 ], [ 7.019894444444445, 44.774202777777774 ], [ 7.012266666666667, 44.78295 ], [ 7.008227777777778, 44.784502777777774 ], [ 6.999438888888889, 44.789605555555553 ], [ 7.008441666666666, 44.797955555555554 ], [ 7.009452777777778, 44.79985 ], [ 7.0125, 44.8 ], [ 7.024383333333334, 44.823244444444448 ], [ 7.008588888888889, 44.825194444444449 ], [ 7.005841666666667, 44.840288888888892 ], [ 6.932372222222223, 44.862680555555556 ], [ 6.915205555555556, 44.847105555555558 ], [ 6.862333333333333, 44.850025 ], [ 6.806544444444445, 44.876308333333334 ], [ 6.800536111111111, 44.890661111111108 ], [ 6.785430555555555, 44.889322222222219 ], [ 6.771525, 44.902941666666663 ], [ 6.750066666666667, 44.905738888888891 ], [ 6.754188888888889, 44.93175 ], [ 6.760711111111111, 44.930413888888886 ], [ 6.758822222222222, 44.936733333333329 ], [ 6.754530555555555, 44.93795 ], [ 6.743372222222222, 44.936002777777773 ], [ 6.757791666666667, 44.94669722222222 ], [ 6.765344444444445, 44.96018055555556 ], [ 6.7626, 44.971355555555554 ], [ 6.750583333333333, 44.97730555555556 ], [ 6.748866666666666, 44.985441666666667 ], [ 6.73805, 44.988961111111109 ], [ 6.737880555555556, 44.993211111111115 ], [ 6.751269444444445, 44.996125 ], [ 6.7432, 45.017363888888887 ], [ 6.673505555555556, 45.020155555555554 ], [ 6.630936111111112, 45.10745277777778 ], [ 6.681744444444445, 45.139427777777776 ], [ 6.739425, 45.137491666666669 ], [ 6.767577777777777, 45.159283333333335 ], [ 6.8486, 45.12635 ], [ 6.894605555555555, 45.137975 ], [ 6.891861111111111, 45.167030555555556 ], [ 6.946791666666667, 45.169936111111106 ], [ 6.965330555555556, 45.209133333333334 ], [ 7.047727777777777, 45.225094444444444 ], [ 7.073133333333333, 45.21155 ], [ 7.137677777777778, 45.25555277777778 ], [ 7.110833333333333, 45.320555555555558 ], [ 7.13458888888889, 45.331511111111112 ], [ 7.131669444444444, 45.340925 ], [ 7.136819444444445, 45.350455555555556 ], [ 7.152441666666667, 45.353469444444443 ], [ 7.153333333333333, 45.354166666666671 ], [ 7.1636, 45.360588888888891 ], [ 7.157936111111112, 45.36915 ], [ 7.164113888888889, 45.38301666666667 ], [ 7.174069444444445, 45.385430555555558 ], [ 7.17956388888889, 45.390491666666669 ], [ 7.177675, 45.395194444444442 ], [ 7.185572222222222, 45.402788888888885 ], [ 7.184541666666667, 45.406886111111106 ], [ 7.155875, 45.41725 ], [ 7.151927777777778, 45.423275 ], [ 7.113475, 45.433875 ], [ 7.114675, 45.441463888888883 ], [ 7.101113888888889, 45.453266666666671 ], [ 7.098369444444444, 45.460611111111113 ], [ 7.103688888888889, 45.467475 ], [ 7.065411111111111, 45.47421388888889 ], [ 7.060088888888889, 45.470725 ], [ 7.048072222222222, 45.472411111111114 ], [ 7.047386111111111, 45.482280555555555 ], [ 7.056483333333333, 45.487816666666667 ], [ 7.055277777777778, 45.4925 ], [ 7.050475, 45.496480555555557 ], [ 7.022322222222222, 45.496480555555557 ], [ 7.000005555555555, 45.504180555555557 ], [ 7.004813888888889, 45.518136111111112 ], [ 6.991594444444445, 45.530161111111113 ], [ 6.993483333333334, 45.54783611111111 ], [ 6.989363888888889, 45.5631 ], [ 6.996230555555556, 45.568269444444446 ], [ 6.9952, 45.575477777777785 ], [ 6.982325, 45.581966666666673 ], [ 6.978033333333333, 45.590377777777782 ], [ 6.986102777777778, 45.61331666666667 ], [ 6.983183333333334, 45.616916666666668 ], [ 6.987647222222222, 45.624002777777775 ], [ 6.996230555555556, 45.629044444444446 ], [ 7.001208333333333, 45.634686111111108 ], [ 7.00095, 45.639847222222222 ], [ 6.992538888888889, 45.639605555555555 ], [ 6.989791666666667, 45.64404722222222 ], [ 6.974772222222223, 45.64662777777778 ], [ 6.970222222222223, 45.653886111111113 ], [ 6.961125, 45.654605555555555 ], [ 6.932458333333334, 45.645905555555558 ], [ 6.915033333333334, 45.651847222222223 ], [ 6.916491666666667, 45.660186111111109 ], [ 6.902416666666667, 45.663786111111108 ], [ 6.907052777777778, 45.670563888888886 ], [ 6.905591666666667, 45.671283333333328 ], [ 6.906794444444444, 45.675841666666663 ], [ 6.902930555555556, 45.68075833333333 ], [ 6.898983333333333, 45.6804 ], [ 6.897694444444444, 45.677938888888889 ], [ 6.893491666666666, 45.675719444444439 ], [ 6.883277777777778, 45.680938888888889 ], [ 6.882247222222222, 45.6792 ], [ 6.878986111111112, 45.678538888888887 ], [ 6.868855555555556, 45.680038888888888 ], [ 6.867141666666667, 45.683877777777774 ], [ 6.856152777777777, 45.684594444444443 ], [ 6.854438888888889, 45.687475 ], [ 6.847569444444444, 45.68987222222222 ], [ 6.838644444444444, 45.701141666666672 ], [ 6.826972222222222, 45.702822222222224 ], [ 6.821944444444444, 45.715555555555561 ], [ 6.808602777777778, 45.726313888888889 ], [ 6.816155555555556, 45.740091666666665 ], [ 6.806716666666667, 45.747519444444443 ], [ 6.805513888888889, 45.768719444444443 ], [ 6.80105, 45.779852777777776 ], [ 6.813066666666667, 45.795294444444444 ], [ 6.813580555555555, 45.805827777777772 ], [ 6.806372222222222, 45.815638888888884 ], [ 6.819333333333333, 45.836572222222223 ], [ 6.841736111111111, 45.840041666666671 ], [ 6.868169444444445, 45.825211111111116 ], [ 6.879844444444445, 45.849127777777781 ], [ 6.907994444444445, 45.842191666666672 ], [ 6.998288888888889, 45.872561111111111 ], [ 7.007561111111111, 45.903388888888891 ], [ 7.046111111111111, 45.921944444444442 ], [ 7.099055555555555, 45.860605555555559 ], [ 7.116391666666666, 45.858933333333333 ], [ 7.156216666666667, 45.87853611111111 ], [ 7.189863888888889, 45.857497222222221 ], [ 7.200163888888889, 45.862280555555557 ], [ 7.200163888888889, 45.875188888888893 ], [ 7.218702777777778, 45.888572222222223 ], [ 7.256469444444445, 45.888094444444441 ], [ 7.276380555555556, 45.89908611111111 ], [ 7.292861111111111, 45.920108333333332 ], [ 7.386930555555556, 45.897175 ], [ 7.450833333333334, 45.925555555555555 ], [ 7.689444444444445, 45.74861111111111 ], [ 7.962180555555555, 45.596297222222226 ], [ 7.958055555555556, 45.535555555555554 ], [ 7.970833333333333, 45.307777777777773 ], [ 7.755833333333333, 45.453611111111115 ], [ 7.569166666666667, 45.434166666666663 ], [ 7.453333333333333, 45.385833333333331 ], [ 7.357222222222222, 45.235277777777782 ], [ 7.356666666666666, 45.226388888888891 ], [ 7.332044444444445, 44.841125 ], [ 7.331802777777778, 44.833391666666671 ], [ 7.332069444444445, 44.825661111111117 ], [ 7.332838888888888, 44.81794444444445 ], [ 7.334113888888888, 44.810263888888883 ], [ 7.335888888888888, 44.802633333333333 ], [ 7.338161111111111, 44.795066666666663 ], [ 7.340925, 44.787586111111111 ], [ 7.344175, 44.780202777777774 ], [ 7.347905555555555, 44.772936111111107 ], [ 7.433055555555556, 44.616666666666667 ], [ 7.426944444444445, 44.616666666666667 ], [ 7.401388888888889, 44.565277777777773 ], [ 7.410277777777778, 44.509166666666665 ], [ 7.525555555555555, 44.445555555555551 ], [ 7.554166666666666, 44.392222222222223 ], [ 7.619722222222222, 44.27 ], [ 8.134166666666665, 44.27 ], [ 8.232222222222223, 44.156944444444441 ], [ 8.085277777777778, 44.096388888888889 ], [ 8.034722222222221, 44.073888888888895 ], [ 7.753333333333333, 43.938611111111108 ], [ 7.510230555555555, 43.82886666666667 ] ] ] } },
{ "type": "Feature", "properties": { "fir": "LIMM", "identifier": "LIMM:LIMM-WN1-MID:095-145", "name": "LIMM-WN1-MID", "level_lower": 95, "level_upper": 145 }, "geometry": { "type": "Polygon", "coordinates": [ [ [ 7.714986111111111, 44.06859166666667 ], [ 7.714205555555556, 44.076433333333334 ], [ 7.718886111111111, 44.08175555555556 ], [ 7.713036111111111, 44.086236111111113 ], [ 7.7029, 44.093236111111111 ], [ 7.693933333333334, 44.103316666666672 ], [ 7.687694444444444, 44.111713888888893 ], [ 7.679119444444445, 44.11815277777778 ], [ 7.667422222222222, 44.12766666666667 ], [ 7.670930555555556, 44.138022222222219 ], [ 7.678727777777778, 44.142497222222225 ], [ 7.680677777777778, 44.147533333333335 ], [ 7.671319444444444, 44.153127777777776 ], [ 7.6721, 44.158441666666668 ], [ 7.679897222222222, 44.162077777777775 ], [ 7.683797222222222, 44.168511111111108 ], [ 7.683016666666667, 44.175780555555555 ], [ 7.673269444444445, 44.179136111111106 ], [ 7.664691666666667, 44.1769 ], [ 7.6452, 44.177180555555552 ], [ 7.640130555555555, 44.1769 ], [ 7.631552777777778, 44.172425 ], [ 7.629605555555556, 44.163197222222223 ], [ 7.624925, 44.156205555555552 ], [ 7.617127777777778, 44.15228888888889 ], [ 7.602313888888888, 44.15228888888889 ], [ 7.586327777777777, 44.152569444444445 ], [ 7.575802777777778, 44.152569444444445 ], [ 7.564886111111111, 44.153688888888887 ], [ 7.558647222222222, 44.152569444444445 ], [ 7.555041666666667, 44.14823333333333 ], [ 7.549291666666667, 44.146344444444445 ], [ 7.542372222222222, 44.146136111111112 ], [ 7.538277777777778, 44.146833333333333 ], [ 7.534575, 44.147325 ], [ 7.531455555555556, 44.146625 ], [ 7.530869444444444, 44.146344444444445 ], [ 7.527555555555556, 44.1411 ], [ 7.523755555555556, 44.138791666666663 ], [ 7.516833333333333, 44.1383 ], [ 7.512252777777777, 44.140680555555555 ], [ 7.509622222222222, 44.142358333333334 ], [ 7.506113888888889, 44.143058333333336 ], [ 7.500363888888889, 44.142219444444443 ], [ 7.495780555555555, 44.140258333333335 ], [ 7.491297222222222, 44.137391666666666 ], [ 7.484963888888889, 44.134594444444446 ], [ 7.474925, 44.132005555555558 ], [ 7.464591666666667, 44.129208333333331 ], [ 7.457963888888889, 44.127108333333332 ], [ 7.450947222222222, 44.127527777777779 ], [ 7.439836111111111, 44.128366666666665 ], [ 7.430672222222222, 44.129208333333331 ], [ 7.42775, 44.123469444444446 ], [ 7.428919444444444, 44.117591666666669 ], [ 7.426580555555556, 44.113675 ], [ 7.416833333333334, 44.11535277777778 ], [ 7.411375, 44.119411111111113 ], [ 7.402408333333334, 44.120672222222225 ], [ 7.395975, 44.12375 ], [ 7.387202777777778, 44.124730555555558 ], [ 7.380963888888888, 44.121930555555558 ], [ 7.372583333333333, 44.118711111111111 ], [ 7.362055555555555, 44.117313888888887 ], [ 7.355038888888888, 44.119830555555559 ], [ 7.352894444444444, 44.125569444444444 ], [ 7.347436111111111, 44.131866666666667 ], [ 7.346655555555555, 44.135502777777781 ], [ 7.34685, 44.137041666666669 ], [ 7.346266666666667, 44.140819444444446 ], [ 7.345583333333333, 44.144105555555555 ], [ 7.343438888888889, 44.14543611111111 ], [ 7.337591666666667, 44.145086111111112 ], [ 7.332522222222222, 44.144177777777777 ], [ 7.323458333333333, 44.143686111111109 ], [ 7.314980555555556, 44.144455555555552 ], [ 7.307280555555556, 44.146275 ], [ 7.297922222222222, 44.146344444444445 ], [ 7.2911, 44.145786111111107 ], [ 7.287980555555555, 44.144455555555552 ], [ 7.285555555555556, 44.142222222222223 ], [ 7.28145, 44.1411 ], [ 7.276383333333333, 44.143336111111111 ], [ 7.273361111111111, 44.144805555555557 ], [ 7.26605, 44.146902777777775 ], [ 7.261080555555556, 44.147952777777775 ], [ 7.256694444444444, 44.15389722222222 ], [ 7.250844444444445, 44.157325 ], [ 7.246458333333333, 44.161869444444442 ], [ 7.244997222222223, 44.16578333333333 ], [ 7.244413888888889, 44.169 ], [ 7.243341666666667, 44.171027777777773 ], [ 7.238369444444444, 44.173825 ], [ 7.232813888888889, 44.174941666666662 ], [ 7.230669444444445, 44.171586111111111 ], [ 7.227258333333333, 44.169069444444439 ], [ 7.221313888888889, 44.16921111111111 ], [ 7.21605, 44.170608333333334 ], [ 7.2141, 44.174663888888887 ], [ 7.211177777777778, 44.177458333333334 ], [ 7.206108333333334, 44.179555555555552 ], [ 7.203183333333333, 44.184938888888887 ], [ 7.200261111111112, 44.186825 ], [ 7.195386111111111, 44.187105555555554 ], [ 7.191877777777778, 44.188991666666666 ], [ 7.192266666666667, 44.194163888888887 ], [ 7.188952777777778, 44.197377777777774 ], [ 7.189344444444445, 44.200452777777784 ], [ 7.181936111111112, 44.200313888888893 ], [ 7.176866666666667, 44.197936111111105 ], [ 7.1718, 44.200172222222228 ], [ 7.169266666666667, 44.201569444444445 ], [ 7.168486111111111, 44.204366666666672 ], [ 7.163222222222222, 44.207580555555559 ], [ 7.155619444444445, 44.205202777777778 ], [ 7.150355555555556, 44.203247222222224 ], [ 7.146652777777779, 44.200872222222223 ], [ 7.137880555555556, 44.203386111111115 ], [ 7.12755, 44.20995555555556 ], [ 7.119361111111111, 44.214986111111116 ], [ 7.115269444444444, 44.216941666666671 ], [ 7.104547222222222, 44.219594444444446 ], [ 7.094216666666666, 44.220713888888888 ], [ 7.090316666666666, 44.223647222222226 ], [ 7.081933333333333, 44.229933333333335 ], [ 7.077255555555555, 44.231888888888889 ], [ 7.065169444444444, 44.231188888888887 ], [ 7.063805555555556, 44.228536111111111 ], [ 7.057566666666666, 44.227697222222226 ], [ 7.0525, 44.227697222222226 ], [ 7.043661111111111, 44.225777777777779 ], [ 7.043327777777778, 44.225508333333337 ], [ 7.043133333333333, 44.225475 ], [ 7.042436111111111, 44.2253 ], [ 7.041136111111111, 44.224858333333337 ], [ 7.039836111111111, 44.224286111111113 ], [ 7.038877777777778, 44.223913888888887 ], [ 7.037969444444444, 44.223938888888888 ], [ 7.037138888888888, 44.224333333333334 ], [ 7.0361, 44.224427777777777 ], [ 7.035027777777778, 44.224672222222225 ], [ 7.033875, 44.225102777777778 ], [ 7.032769444444444, 44.225858333333335 ], [ 7.031469444444444, 44.226836111111112 ], [ 7.031, 44.228058333333337 ], [ 7.031194444444444, 44.229222222222226 ], [ 7.030805555555555, 44.230630555555557 ], [ 7.03035, 44.231341666666665 ], [ 7.029358333333334, 44.231247222222223 ], [ 7.0271, 44.230386111111116 ], [ 7.025, 44.232219444444446 ], [ 7.0234, 44.234116666666665 ], [ 7.01805, 44.232213888888893 ], [ 7.014225, 44.233991666666668 ], [ 7.008205555555556, 44.236141666666668 ], [ 7.004402777777778, 44.241236111111114 ], [ 7.001930555555556, 44.24335277777778 ], [ 7.00075, 44.246019444444443 ], [ 6.997313888888889, 44.251375 ], [ 6.998, 44.257541666666668 ], [ 6.996366666666667, 44.264277777777778 ], [ 6.995805555555556, 44.267788888888887 ], [ 6.997141666666667, 44.27236111111111 ], [ 6.995527777777778, 44.275719444444441 ], [ 6.995216666666667, 44.280169444444446 ], [ 6.980575, 44.286780555555552 ], [ 6.972705555555556, 44.283952777777777 ], [ 6.969463888888889, 44.285952777777773 ], [ 6.971330555555555, 44.292963888888885 ], [ 6.967980555555556, 44.295113888888885 ], [ 6.963855555555556, 44.29400555555555 ], [ 6.960375, 44.294052777777779 ], [ 6.956336111111112, 44.296616666666665 ], [ 6.957730555555556, 44.300236111111111 ], [ 6.957988888888889, 44.30375 ], [ 6.959513888888889, 44.306891666666665 ], [ 6.960566666666667, 44.310805555555554 ], [ 6.954891666666667, 44.314641666666667 ], [ 6.953130555555556, 44.318519444444448 ], [ 6.947225, 44.320255555555562 ], [ 6.943269444444445, 44.323416666666667 ], [ 6.939252777777778, 44.324536111111115 ], [ 6.937038888888889, 44.328169444444448 ], [ 6.927713888888889, 44.332205555555561 ], [ 6.924102777777778, 44.339955555555555 ], [ 6.922166666666667, 44.341855555555561 ], [ 6.921480555555556, 44.345661111111113 ], [ 6.922363888888889, 44.350291666666671 ], [ 6.919716666666667, 44.352116666666667 ], [ 6.913055555555556, 44.353255555555556 ], [ 6.906394444444445, 44.357869444444447 ], [ 6.901238888888889, 44.357827777777779 ], [ 6.887741666666666, 44.36098888888889 ], [ 6.887702777777777, 44.366494444444449 ], [ 6.893780555555555, 44.369180555555559 ], [ 6.896380555555555, 44.373627777777777 ], [ 6.895825, 44.377111111111113 ], [ 6.895305555555555, 44.387788888888892 ], [ 6.896444444444444, 44.394002777777779 ], [ 6.895416666666666, 44.396805555555552 ], [ 6.894513888888889, 44.400519444444441 ], [ 6.897630555555555, 44.405216666666668 ], [ 6.895091666666667, 44.40891388888889 ], [ 6.892686111111111, 44.420036111111109 ], [ 6.895502777777777, 44.420769444444439 ], [ 6.898425, 44.421691666666668 ], [ 6.902955555555556, 44.421002777777773 ], [ 6.917141666666667, 44.4272 ], [ 6.923802777777778, 44.422936111111106 ], [ 6.932375, 44.424638888888886 ], [ 6.933469444444444, 44.429852777777775 ], [ 6.945786111111111, 44.427338888888883 ], [ 6.948080555555555, 44.429716666666664 ], [ 6.939402777777778, 44.434225 ], [ 6.937102777777778, 44.438875 ], [ 6.922855555555556, 44.445502777777776 ], [ 6.914044444444444, 44.44965 ], [ 6.911530555555556, 44.452666666666673 ], [ 6.909294444444445, 44.458580555555557 ], [ 6.906352777777778, 44.466744444444444 ], [ 6.902955555555556, 44.469352777777779 ], [ 6.892941666666666, 44.471941666666666 ], [ 6.884819444444444, 44.475766666666665 ], [ 6.876591666666667, 44.481419444444448 ], [ 6.877105555555556, 44.487880555555556 ], [ 6.868230555555556, 44.49283611111111 ], [ 6.865116666666666, 44.496875 ], [ 6.862927777777777, 44.499525 ], [ 6.858886111111111, 44.506338888888891 ], [ 6.859188888888888, 44.509277777777775 ], [ 6.856825, 44.514669444444444 ], [ 6.857766666666667, 44.520966666666666 ], [ 6.853513888888888, 44.528019444444446 ], [ 6.857491666666666, 44.533519444444444 ], [ 6.8689, 44.536705555555557 ], [ 6.87335, 44.546091666666662 ], [ 6.876636111111112, 44.546277777777775 ], [ 6.876055555555556, 44.550225 ], [ 6.878636111111112, 44.554366666666667 ], [ 6.882027777777778, 44.552416666666666 ], [ 6.889186111111111, 44.552294444444442 ], [ 6.891566666666666, 44.554244444444443 ], [ 6.8972, 44.555405555555552 ], [ 6.901025, 44.554002777777775 ], [ 6.904566666666667, 44.556227777777778 ], [ 6.915555555555556, 44.559091666666667 ], [ 6.91546388888889, 44.562475 ], [ 6.9125, 44.568527777777781 ], [ 6.918452777777778, 44.569577777777781 ], [ 6.929711111111112, 44.572091666666672 ], [ 6.933063888888889, 44.573980555555558 ], [ 6.931816666666667, 44.58260555555556 ], [ 6.933619444444445, 44.585041666666669 ], [ 6.933386111111111, 44.595925 ], [ 6.937425, 44.598438888888893 ], [ 6.937530555555556, 44.602875 ], [ 6.945161111111111, 44.605813888888889 ], [ 6.950444444444445, 44.610891666666667 ], [ 6.948963888888889, 44.618705555555557 ], [ 6.957688888888889, 44.621175 ], [ 6.963102777777778, 44.619269444444448 ], [ 6.967569444444445, 44.619255555555554 ], [ 6.968280555555555, 44.624694444444444 ], [ 6.963813888888889, 44.625866666666667 ], [ 6.954036111111111, 44.63675 ], [ 6.953044444444445, 44.644841666666665 ], [ 6.947994444444444, 44.652613888888887 ], [ 6.950144444444445, 44.657291666666666 ], [ 6.958716666666667, 44.662441666666666 ], [ 6.958394444444445, 44.666311111111106 ], [ 6.957902777777778, 44.671855555555553 ], [ 6.962502777777778, 44.677588888888884 ], [ 6.970325, 44.677038888888887 ], [ 6.978466666666667, 44.683577777777778 ], [ 6.987213888888889, 44.689030555555554 ], [ 6.998130555555556, 44.69045 ], [ 7.00245, 44.687175 ], [ 7.006275, 44.688180555555554 ], [ 7.016952777777778, 44.689063888888889 ], [ 7.020494444444444, 44.69029444444444 ], [ 7.027480555555555, 44.691241666666663 ], [ 7.033691666666667, 44.690341666666662 ], [ 7.046669444444444, 44.68376111111111 ], [ 7.05215, 44.682677777777776 ], [ 7.058166666666667, 44.680605555555552 ], [ 7.069855555555555, 44.679766666666666 ], [ 7.076494444444444, 44.680788888888884 ], [ 7.075355555555555, 44.689030555555554 ], [ 7.070952777777777, 44.699686111111106 ], [ 7.068994444444444, 44.70185 ], [ 7.066030555555556, 44.707469444444449 ], [ 7.065988888888889, 44.713386111111113 ], [ 7.057027777777778, 44.714602777777777 ], [ 7.043294444444444, 44.718275 ], [ 7.030744444444444, 44.729244444444447 ], [ 7.030444444444444, 44.732552777777776 ], [ 7.023763888888888, 44.739777777777782 ], [ 7.026016666666667, 44.743541666666665 ], [ 7.022430555555555, 44.749816666666668 ], [ 7.021938888888889, 44.753991666666664 ], [ 7.024216666666667, 44.755427777777776 ], [ 7.024925, 44.761169444444441 ], [ 7.022025, 44.765466666666669 ], [ 7.024255555555555, 44.768838888888887 ], [ 7.021530555555556, 44.771241666666668 ], [ 7.019894444444445, 44.774202777777774 ], [ 7.012266666666667, 44.78295 ], [ 7.008227777777778, 44.784502777777774 ], [ 6.999438888888889, 44.789605555555553 ], [ 7.008441666666666, 44.797955555555554 ], [ 7.009452777777778, 44.79985 ], [ 7.0125, 44.8 ], [ 7.024383333333334, 44.823244444444448 ], [ 7.008588888888889, 44.825194444444449 ], [ 7.005841666666667, 44.840288888888892 ], [ 6.932372222222223, 44.862680555555556 ], [ 6.915205555555556, 44.847105555555558 ], [ 6.862333333333333, 44.850025 ], [ 6.806544444444445, 44.876308333333334 ], [ 6.800536111111111, 44.890661111111108 ], [ 6.785430555555555, 44.889322222222219 ], [ 6.771525, 44.902941666666663 ], [ 6.750066666666667, 44.905738888888891 ], [ 6.754188888888889, 44.93175 ], [ 6.760711111111111, 44.930413888888886 ], [ 6.758822222222222, 44.936733333333329 ], [ 6.754530555555555, 44.93795 ], [ 6.743372222222222, 44.936002777777773 ], [ 6.757791666666667, 44.94669722222222 ], [ 6.765344444444445, 44.96018055555556 ], [ 6.7626, 44.971355555555554 ], [ 6.750583333333333, 44.97730555555556 ], [ 6.748866666666666, 44.985441666666667 ], [ 6.73805, 44.988961111111109 ], [ 6.737880555555556, 44.993211111111115 ], [ 6.751269444444445, 44.996125 ], [ 6.7432, 45.017363888888887 ], [ 6.673505555555556, 45.020155555555554 ], [ 6.630936111111112, 45.10745277777778 ], [ 6.681744444444445, 45.139427777777776 ], [ 6.739425, 45.137491666666669 ], [ 6.767577777777777, 45.159283333333335 ], [ 6.8486, 45.12635 ], [ 6.894605555555555, 45.137975 ], [ 6.891861111111111, 45.167030555555556 ], [ 6.946791666666667, 45.169936111111106 ], [ 6.965330555555556, 45.209133333333334 ], [ 7.047727777777777, 45.225094444444444 ], [ 7.073133333333333, 45.21155 ], [ 7.137677777777778, 45.25555277777778 ], [ 7.110833333333333, 45.320555555555558 ], [ 7.13458888888889, 45.331511111111112 ], [ 7.131669444444444, 45.340925 ], [ 7.136819444444445, 45.350455555555556 ], [ 7.152441666666667, 45.353469444444443 ], [ 7.153333333333333, 45.354166666666671 ], [ 7.1636, 45.360588888888891 ], [ 7.157936111111112, 45.36915 ], [ 7.164113888888889, 45.38301666666667 ], [ 7.174069444444445, 45.385430555555558 ], [ 7.17956388888889, 45.390491666666669 ], [ 7.177675, 45.395194444444442 ], [ 7.185572222222222, 45.402788888888885 ], [ 7.184541666666667, 45.406886111111106 ], [ 7.155875, 45.41725 ], [ 7.151927777777778, 45.423275 ], [ 7.113475, 45.433875 ], [ 7.114675, 45.441463888888883 ], [ 7.101113888888889, 45.453266666666671 ], [ 7.098369444444444, 45.460611111111113 ], [ 7.103688888888889, 45.467475 ], [ 7.065411111111111, 45.47421388888889 ], [ 7.060088888888889, 45.470725 ], [ 7.048072222222222, 45.472411111111114 ], [ 7.047386111111111, 45.482280555555555 ], [ 7.056483333333333, 45.487816666666667 ], [ 7.055277777777778, 45.4925 ], [ 7.050475, 45.496480555555557 ], [ 7.022322222222222, 45.496480555555557 ], [ 7.000005555555555, 45.504180555555557 ], [ 7.004813888888889, 45.518136111111112 ], [ 6.991594444444445, 45.530161111111113 ], [ 6.993483333333334, 45.54783611111111 ], [ 6.989363888888889, 45.5631 ], [ 6.996230555555556, 45.568269444444446 ], [ 6.9952, 45.575477777777785 ], [ 6.982325, 45.581966666666673 ], [ 6.978033333333333, 45.590377777777782 ], [ 6.986102777777778, 45.61331666666667 ], [ 6.983183333333334, 45.616916666666668 ], [ 6.987647222222222, 45.624002777777775 ], [ 6.996230555555556, 45.629044444444446 ], [ 7.001208333333333, 45.634686111111108 ], [ 7.00095, 45.639847222222222 ], [ 6.992538888888889, 45.639605555555555 ], [ 6.989791666666667, 45.64404722222222 ], [ 6.974772222222223, 45.64662777777778 ], [ 6.970222222222223, 45.653886111111113 ], [ 6.961125, 45.654605555555555 ], [ 6.932458333333334, 45.645905555555558 ], [ 6.915033333333334, 45.651847222222223 ], [ 6.916491666666667, 45.660186111111109 ], [ 6.902416666666667, 45.663786111111108 ], [ 6.907052777777778, 45.670563888888886 ], [ 6.905591666666667, 45.671283333333328 ], [ 6.906794444444444, 45.675841666666663 ], [ 6.902930555555556, 45.68075833333333 ], [ 6.898983333333333, 45.6804 ], [ 6.897694444444444, 45.677938888888889 ], [ 6.893491666666666, 45.675719444444439 ], [ 6.883277777777778, 45.680938888888889 ], [ 6.882247222222222, 45.6792 ], [ 6.878986111111112, 45.678538888888887 ], [ 6.868855555555556, 45.680038888888888 ], [ 6.867141666666667, 45.683877777777774 ], [ 6.856152777777777, 45.684594444444443 ], [ 6.854438888888889, 45.687475 ], [ 6.847569444444444, 45.68987222222222 ], [ 6.838644444444444, 45.701141666666672 ], [ 6.826972222222222, 45.702822222222224 ], [ 6.821944444444444, 45.715555555555561 ], [ 6.808602777777778, 45.726313888888889 ], [ 6.816155555555556, 45.740091666666665 ], [ 6.806716666666667, 45.747519444444443 ], [ 6.805513888888889, 45.768719444444443 ], [ 6.80105, 45.779852777777776 ], [ 6.813066666666667, 45.795294444444444 ], [ 6.813580555555555, 45.805827777777772 ], [ 6.806372222222222, 45.815638888888884 ], [ 6.819333333333333, 45.836572222222223 ], [ 6.841736111111111, 45.840041666666671 ], [ 6.868169444444445, 45.825211111111116 ], [ 6.879844444444445, 45.849127777777781 ], [ 6.907994444444445, 45.842191666666672 ], [ 6.998288888888889, 45.872561111111111 ], [ 7.007561111111111, 45.903388888888891 ], [ 7.046111111111111, 45.921944444444442 ], [ 7.099055555555555, 45.860605555555559 ], [ 7.116391666666666, 45.858933333333333 ], [ 7.156216666666667, 45.87853611111111 ], [ 7.189863888888889, 45.857497222222221 ], [ 7.200163888888889, 45.862280555555557 ], [ 7.200163888888889, 45.875188888888893 ], [ 7.218702777777778, 45.888572222222223 ], [ 7.256469444444445, 45.888094444444441 ], [ 7.276380555555556, 45.89908611111111 ], [ 7.292861111111111, 45.920108333333332 ], [ 7.386930555555556, 45.897175 ], [ 7.450833333333334, 45.925555555555555 ], [ 7.689444444444445, 45.74861111111111 ], [ 7.962180555555555, 45.596297222222226 ], [ 7.958055555555556, 45.535555555555554 ], [ 7.970833333333333, 45.307777777777773 ], [ 7.755833333333333, 45.453611111111115 ], [ 7.569166666666667, 45.434166666666663 ], [ 7.453333333333333, 45.385833333333331 ], [ 7.357222222222222, 45.235277777777782 ], [ 7.356666666666666, 45.226388888888891 ], [ 7.332044444444445, 44.841125 ], [ 7.331802777777778, 44.833391666666671 ], [ 7.332069444444445, 44.825661111111117 ], [ 7.332838888888888, 44.81794444444445 ], [ 7.334113888888888, 44.810263888888883 ], [ 7.335888888888888, 44.802633333333333 ], [ 7.338161111111111, 44.795066666666663 ], [ 7.340925, 44.787586111111111 ], [ 7.344175, 44.780202777777774 ], [ 7.347905555555555, 44.772936111111107 ], [ 7.433055555555556, 44.616666666666667 ], [ 7.426944444444445, 44.616666666666667 ], [ 7.401388888888889, 44.565277777777773 ], [ 7.410277777777778, 44.509166666666665 ], [ 7.525555555555555, 44.445555555555551 ], [ 7.554166666666666, 44.392222222222223 ], [ 7.619722222222222, 44.27 ], [ 8.134166666666665, 44.27 ], [ 8.232222222222223, 44.156944444444441 ], [ 8.085277777777778, 44.096388888888889 ], [ 8.034722222222221, 44.073888888888895 ], [ 7.829063888888888, 43.974997222222221 ], [ 7.751941666666666, 44.023055555555551 ], [ 7.712594444444445, 44.06113055555555 ], [ 7.714986111111111, 44.06859166666667 ] ] ] } },
{ "type": "Feature", "properties": { "fir": "LIMM", "identifier": "LIMM:LIMM-WN1-MID2:145-175", "name": "LIMM-WN1-MID2", "level_lower": 145, "level_upper": 175 }, "geometry": { "type": "Polygon", "coordinates": [ [ [ 7.714986111111111, 44.06859166666667 ], [ 7.714205555555556, 44.076433333333334 ], [ 7.718886111111111, 44.08175555555556 ], [ 7.713036111111111, 44.086236111111113 ], [ 7.7029, 44.093236111111111 ], [ 7.693933333333334, 44.103316666666672 ], [ 7.687694444444444, 44.111713888888893 ], [ 7.679119444444445, 44.11815277777778 ], [ 7.667422222222222, 44.12766666666667 ], [ 7.670930555555556, 44.138022222222219 ], [ 7.678727777777778, 44.142497222222225 ], [ 7.680677777777778, 44.147533333333335 ], [ 7.671319444444444, 44.153127777777776 ], [ 7.6721, 44.158441666666668 ], [ 7.679897222222222, 44.162077777777775 ], [ 7.683797222222222, 44.168511111111108 ], [ 7.683016666666667, 44.175780555555555 ], [ 7.673269444444445, 44.179136111111106 ], [ 7.664691666666667, 44.1769 ], [ 7.6452, 44.177180555555552 ], [ 7.640130555555555, 44.1769 ], [ 7.631552777777778, 44.172425 ], [ 7.629605555555556, 44.163197222222223 ], [ 7.624925, 44.156205555555552 ], [ 7.617127777777778, 44.15228888888889 ], [ 7.602313888888888, 44.15228888888889 ], [ 7.586327777777777, 44.152569444444445 ], [ 7.575802777777778, 44.152569444444445 ], [ 7.564886111111111, 44.153688888888887 ], [ 7.558647222222222, 44.152569444444445 ], [ 7.555041666666667, 44.14823333333333 ], [ 7.549291666666667, 44.146344444444445 ], [ 7.542372222222222, 44.146136111111112 ], [ 7.538277777777778, 44.146833333333333 ], [ 7.534575, 44.147325 ], [ 7.531455555555556, 44.146625 ], [ 7.530869444444444, 44.146344444444445 ], [ 7.527555555555556, 44.1411 ], [ 7.523755555555556, 44.138791666666663 ], [ 7.516833333333333, 44.1383 ], [ 7.512252777777777, 44.140680555555555 ], [ 7.509622222222222, 44.142358333333334 ], [ 7.506113888888889, 44.143058333333336 ], [ 7.500363888888889, 44.142219444444443 ], [ 7.495780555555555, 44.140258333333335 ], [ 7.491297222222222, 44.137391666666666 ], [ 7.484963888888889, 44.134594444444446 ], [ 7.474925, 44.132005555555558 ], [ 7.464591666666667, 44.129208333333331 ], [ 7.457963888888889, 44.127108333333332 ], [ 7.450947222222222, 44.127527777777779 ], [ 7.439836111111111, 44.128366666666665 ], [ 7.430672222222222, 44.129208333333331 ], [ 7.42775, 44.123469444444446 ], [ 7.428919444444444, 44.117591666666669 ], [ 7.426580555555556, 44.113675 ], [ 7.416833333333334, 44.11535277777778 ], [ 7.411375, 44.119411111111113 ], [ 7.402408333333334, 44.120672222222225 ], [ 7.395975, 44.12375 ], [ 7.387202777777778, 44.124730555555558 ], [ 7.380963888888888, 44.121930555555558 ], [ 7.372583333333333, 44.118711111111111 ], [ 7.362055555555555, 44.117313888888887 ], [ 7.355038888888888, 44.119830555555559 ], [ 7.352894444444444, 44.125569444444444 ], [ 7.347436111111111, 44.131866666666667 ], [ 7.346655555555555, 44.135502777777781 ], [ 7.34685, 44.137041666666669 ], [ 7.346266666666667, 44.140819444444446 ], [ 7.345583333333333, 44.144105555555555 ], [ 7.343438888888889, 44.14543611111111 ], [ 7.337591666666667, 44.145086111111112 ], [ 7.332522222222222, 44.144177777777777 ], [ 7.323458333333333, 44.143686111111109 ], [ 7.314980555555556, 44.144455555555552 ], [ 7.307280555555556, 44.146275 ], [ 7.297922222222222, 44.146344444444445 ], [ 7.2911, 44.145786111111107 ], [ 7.287980555555555, 44.144455555555552 ], [ 7.285555555555556, 44.142222222222223 ], [ 7.28145, 44.1411 ], [ 7.276383333333333, 44.143336111111111 ], [ 7.273361111111111, 44.144805555555557 ], [ 7.26605, 44.146902777777775 ], [ 7.261080555555556, 44.147952777777775 ], [ 7.256694444444444, 44.15389722222222 ], [ 7.250844444444445, 44.157325 ], [ 7.246458333333333, 44.161869444444442 ], [ 7.244997222222223, 44.16578333333333 ], [ 7.244413888888889, 44.169 ], [ 7.243341666666667, 44.171027777777773 ], [ 7.238369444444444, 44.173825 ], [ 7.232813888888889, 44.174941666666662 ], [ 7.230669444444445, 44.171586111111111 ], [ 7.227258333333333, 44.169069444444439 ], [ 7.221313888888889, 44.16921111111111 ], [ 7.21605, 44.170608333333334 ], [ 7.2141, 44.174663888888887 ], [ 7.211177777777778, 44.177458333333334 ], [ 7.206108333333334, 44.179555555555552 ], [ 7.203183333333333, 44.184938888888887 ], [ 7.200261111111112, 44.186825 ], [ 7.195386111111111, 44.187105555555554 ], [ 7.191877777777778, 44.188991666666666 ], [ 7.192266666666667, 44.194163888888887 ], [ 7.188952777777778, 44.197377777777774 ], [ 7.189344444444445, 44.200452777777784 ], [ 7.181936111111112, 44.200313888888893 ], [ 7.176866666666667, 44.197936111111105 ], [ 7.1718, 44.200172222222228 ], [ 7.169266666666667, 44.201569444444445 ], [ 7.168486111111111, 44.204366666666672 ], [ 7.163222222222222, 44.207580555555559 ], [ 7.155619444444445, 44.205202777777778 ], [ 7.150355555555556, 44.203247222222224 ], [ 7.146652777777779, 44.200872222222223 ], [ 7.137880555555556, 44.203386111111115 ], [ 7.12755, 44.20995555555556 ], [ 7.119361111111111, 44.214986111111116 ], [ 7.115269444444444, 44.216941666666671 ], [ 7.104547222222222, 44.219594444444446 ], [ 7.094216666666666, 44.220713888888888 ], [ 7.090316666666666, 44.223647222222226 ], [ 7.081933333333333, 44.229933333333335 ], [ 7.077255555555555, 44.231888888888889 ], [ 7.065169444444444, 44.231188888888887 ], [ 7.063805555555556, 44.228536111111111 ], [ 7.057566666666666, 44.227697222222226 ], [ 7.0525, 44.227697222222226 ], [ 7.043661111111111, 44.225777777777779 ], [ 7.043327777777778, 44.225508333333337 ], [ 7.043133333333333, 44.225475 ], [ 7.042436111111111, 44.2253 ], [ 7.041136111111111, 44.224858333333337 ], [ 7.039836111111111, 44.224286111111113 ], [ 7.038877777777778, 44.223913888888887 ], [ 7.037969444444444, 44.223938888888888 ], [ 7.037138888888888, 44.224333333333334 ], [ 7.0361, 44.224427777777777 ], [ 7.035027777777778, 44.224672222222225 ], [ 7.033875, 44.225102777777778 ], [ 7.032769444444444, 44.225858333333335 ], [ 7.031469444444444, 44.226836111111112 ], [ 7.031, 44.228058333333337 ], [ 7.031194444444444, 44.229222222222226 ], [ 7.030805555555555, 44.230630555555557 ], [ 7.03035, 44.231341666666665 ], [ 7.029358333333334, 44.231247222222223 ], [ 7.0271, 44.230386111111116 ], [ 7.025, 44.232219444444446 ], [ 7.0234, 44.234116666666665 ], [ 7.01805, 44.232213888888893 ], [ 7.014225, 44.233991666666668 ], [ 7.008205555555556, 44.236141666666668 ], [ 7.004402777777778, 44.241236111111114 ], [ 7.001930555555556, 44.24335277777778 ], [ 7.00075, 44.246019444444443 ], [ 6.997313888888889, 44.251375 ], [ 6.998, 44.257541666666668 ], [ 6.996366666666667, 44.264277777777778 ], [ 6.995805555555556, 44.267788888888887 ], [ 6.997141666666667, 44.27236111111111 ], [ 6.995527777777778, 44.275719444444441 ], [ 6.995216666666667, 44.280169444444446 ], [ 6.980575, 44.286780555555552 ], [ 6.972705555555556, 44.283952777777777 ], [ 6.969463888888889, 44.285952777777773 ], [ 6.971330555555555, 44.292963888888885 ], [ 6.967980555555556, 44.295113888888885 ], [ 6.963855555555556, 44.29400555555555 ], [ 6.960375, 44.294052777777779 ], [ 6.956336111111112, 44.296616666666665 ], [ 6.957730555555556, 44.300236111111111 ], [ 6.957988888888889, 44.30375 ], [ 6.959513888888889, 44.306891666666665 ], [ 6.960566666666667, 44.310805555555554 ], [ 6.954891666666667, 44.314641666666667 ], [ 6.953130555555556, 44.318519444444448 ], [ 6.947225, 44.320255555555562 ], [ 6.943269444444445, 44.323416666666667 ], [ 6.939252777777778, 44.324536111111115 ], [ 6.937038888888889, 44.328169444444448 ], [ 6.927713888888889, 44.332205555555561 ], [ 6.924102777777778, 44.339955555555555 ], [ 6.922166666666667, 44.341855555555561 ], [ 6.921480555555556, 44.345661111111113 ], [ 6.922363888888889, 44.350291666666671 ], [ 6.919716666666667, 44.352116666666667 ], [ 6.913055555555556, 44.353255555555556 ], [ 6.906394444444445, 44.357869444444447 ], [ 6.901238888888889, 44.357827777777779 ], [ 6.887741666666666, 44.36098888888889 ], [ 6.887702777777777, 44.366494444444449 ], [ 6.893780555555555, 44.369180555555559 ], [ 6.896380555555555, 44.373627777777777 ], [ 6.895825, 44.377111111111113 ], [ 6.895305555555555, 44.387788888888892 ], [ 6.896444444444444, 44.394002777777779 ], [ 6.895416666666666, 44.396805555555552 ], [ 6.894513888888889, 44.400519444444441 ], [ 6.897630555555555, 44.405216666666668 ], [ 6.895091666666667, 44.40891388888889 ], [ 6.892686111111111, 44.420036111111109 ], [ 6.895502777777777, 44.420769444444439 ], [ 6.898425, 44.421691666666668 ], [ 6.902955555555556, 44.421002777777773 ], [ 6.917141666666667, 44.4272 ], [ 6.923802777777778, 44.422936111111106 ], [ 6.932375, 44.424638888888886 ], [ 6.933469444444444, 44.429852777777775 ], [ 6.945786111111111, 44.427338888888883 ], [ 6.948080555555555, 44.429716666666664 ], [ 6.939402777777778, 44.434225 ], [ 6.937102777777778, 44.438875 ], [ 6.922855555555556, 44.445502777777776 ], [ 6.914044444444444, 44.44965 ], [ 6.911530555555556, 44.452666666666673 ], [ 6.909294444444445, 44.458580555555557 ], [ 6.906352777777778, 44.466744444444444 ], [ 6.902955555555556, 44.469352777777779 ], [ 6.892941666666666, 44.471941666666666 ], [ 6.884819444444444, 44.475766666666665 ], [ 6.876591666666667, 44.481419444444448 ], [ 6.877105555555556, 44.487880555555556 ], [ 6.868230555555556, 44.49283611111111 ], [ 6.865116666666666, 44.496875 ], [ 6.862927777777777, 44.499525 ], [ 6.858886111111111, 44.506338888888891 ], [ 6.859188888888888, 44.509277777777775 ], [ 6.856825, 44.514669444444444 ], [ 6.857766666666667, 44.520966666666666 ], [ 6.853513888888888, 44.528019444444446 ], [ 6.857491666666666, 44.533519444444444 ], [ 6.8689, 44.536705555555557 ], [ 6.87335, 44.546091666666662 ], [ 6.876636111111112, 44.546277777777775 ], [ 6.876055555555556, 44.550225 ], [ 6.878636111111112, 44.554366666666667 ], [ 6.882027777777778, 44.552416666666666 ], [ 6.889186111111111, 44.552294444444442 ], [ 6.891566666666666, 44.554244444444443 ], [ 6.8972, 44.555405555555552 ], [ 6.901025, 44.554002777777775 ], [ 6.904566666666667, 44.556227777777778 ], [ 6.915555555555556, 44.559091666666667 ], [ 6.91546388888889, 44.562475 ], [ 6.9125, 44.568527777777781 ], [ 6.918452777777778, 44.569577777777781 ], [ 6.929711111111112, 44.572091666666672 ], [ 6.933063888888889, 44.573980555555558 ], [ 6.931816666666667, 44.58260555555556 ], [ 6.933619444444445, 44.585041666666669 ], [ 6.933386111111111, 44.595925 ], [ 6.937425, 44.598438888888893 ], [ 6.937530555555556, 44.602875 ], [ 6.945161111111111, 44.605813888888889 ], [ 6.950444444444445, 44.610891666666667 ], [ 6.948963888888889, 44.618705555555557 ], [ 6.957688888888889, 44.621175 ], [ 6.963102777777778, 44.619269444444448 ], [ 6.967569444444445, 44.619255555555554 ], [ 6.968280555555555, 44.624694444444444 ], [ 6.963813888888889, 44.625866666666667 ], [ 6.954036111111111, 44.63675 ], [ 6.953044444444445, 44.644841666666665 ], [ 6.947994444444444, 44.652613888888887 ], [ 6.950144444444445, 44.657291666666666 ], [ 6.958716666666667, 44.662441666666666 ], [ 6.958394444444445, 44.666311111111106 ], [ 6.957902777777778, 44.671855555555553 ], [ 6.962502777777778, 44.677588888888884 ], [ 6.970325, 44.677038888888887 ], [ 6.978466666666667, 44.683577777777778 ], [ 6.987213888888889, 44.689030555555554 ], [ 6.998130555555556, 44.69045 ], [ 7.00245, 44.687175 ], [ 7.006275, 44.688180555555554 ], [ 7.016952777777778, 44.689063888888889 ], [ 7.020494444444444, 44.69029444444444 ], [ 7.027480555555555, 44.691241666666663 ], [ 7.033691666666667, 44.690341666666662 ], [ 7.046669444444444, 44.68376111111111 ], [ 7.05215, 44.682677777777776 ], [ 7.058166666666667, 44.680605555555552 ], [ 7.069855555555555, 44.679766666666666 ], [ 7.076494444444444, 44.680788888888884 ], [ 7.075355555555555, 44.689030555555554 ], [ 7.070952777777777, 44.699686111111106 ], [ 7.068994444444444, 44.70185 ], [ 7.066030555555556, 44.707469444444449 ], [ 7.065988888888889, 44.713386111111113 ], [ 7.057027777777778, 44.714602777777777 ], [ 7.043294444444444, 44.718275 ], [ 7.030744444444444, 44.729244444444447 ], [ 7.030444444444444, 44.732552777777776 ], [ 7.023763888888888, 44.739777777777782 ], [ 7.026016666666667, 44.743541666666665 ], [ 7.022430555555555, 44.749816666666668 ], [ 7.021938888888889, 44.753991666666664 ], [ 7.024216666666667, 44.755427777777776 ], [ 7.024925, 44.761169444444441 ], [ 7.022025, 44.765466666666669 ], [ 7.024255555555555, 44.768838888888887 ], [ 7.021530555555556, 44.771241666666668 ], [ 7.019894444444445, 44.774202777777774 ], [ 7.012266666666667, 44.78295 ], [ 7.008227777777778, 44.784502777777774 ], [ 6.999438888888889, 44.789605555555553 ], [ 7.008441666666666, 44.797955555555554 ], [ 7.009452777777778, 44.79985 ], [ 7.0125, 44.8 ], [ 7.024383333333334, 44.823244444444448 ], [ 7.008588888888889, 44.825194444444449 ], [ 7.005841666666667, 44.840288888888892 ], [ 6.932372222222223, 44.862680555555556 ], [ 6.915205555555556, 44.847105555555558 ], [ 6.862333333333333, 44.850025 ], [ 6.806544444444445, 44.876308333333334 ], [ 6.800536111111111, 44.890661111111108 ], [ 6.785430555555555, 44.889322222222219 ], [ 6.771525, 44.902941666666663 ], [ 6.750066666666667, 44.905738888888891 ], [ 6.754188888888889, 44.93175 ], [ 6.760711111111111, 44.930413888888886 ], [ 6.758822222222222, 44.936733333333329 ], [ 6.754530555555555, 44.93795 ], [ 6.743372222222222, 44.936002777777773 ], [ 6.757791666666667, 44.94669722222222 ], [ 6.765344444444445, 44.96018055555556 ], [ 6.7626, 44.971355555555554 ], [ 6.750583333333333, 44.97730555555556 ], [ 6.748866666666666, 44.985441666666667 ], [ 6.73805, 44.988961111111109 ], [ 6.737880555555556, 44.993211111111115 ], [ 6.751269444444445, 44.996125 ], [ 6.7432, 45.017363888888887 ], [ 6.673505555555556, 45.020155555555554 ], [ 6.630936111111112, 45.10745277777778 ], [ 6.681744444444445, 45.139427777777776 ], [ 6.739425, 45.137491666666669 ], [ 6.767577777777777, 45.159283333333335 ], [ 6.8486, 45.12635 ], [ 6.894605555555555, 45.137975 ], [ 6.891861111111111, 45.167030555555556 ], [ 6.946791666666667, 45.169936111111106 ], [ 6.965330555555556, 45.209133333333334 ], [ 7.047727777777777, 45.225094444444444 ], [ 7.073133333333333, 45.21155 ], [ 7.137677777777778, 45.25555277777778 ], [ 7.110833333333333, 45.320555555555558 ], [ 7.13458888888889, 45.331511111111112 ], [ 7.131669444444444, 45.340925 ], [ 7.136819444444445, 45.350455555555556 ], [ 7.152441666666667, 45.353469444444443 ], [ 7.153333333333333, 45.354166666666671 ], [ 7.1636, 45.360588888888891 ], [ 7.157936111111112, 45.36915 ], [ 7.164113888888889, 45.38301666666667 ], [ 7.174069444444445, 45.385430555555558 ], [ 7.17956388888889, 45.390491666666669 ], [ 7.177675, 45.395194444444442 ], [ 7.185572222222222, 45.402788888888885 ], [ 7.184541666666667, 45.406886111111106 ], [ 7.155875, 45.41725 ], [ 7.151927777777778, 45.423275 ], [ 7.113475, 45.433875 ], [ 7.114675, 45.441463888888883 ], [ 7.101113888888889, 45.453266666666671 ], [ 7.098369444444444, 45.460611111111113 ], [ 7.103688888888889, 45.467475 ], [ 7.065411111111111, 45.47421388888889 ], [ 7.060088888888889, 45.470725 ], [ 7.048072222222222, 45.472411111111114 ], [ 7.047386111111111, 45.482280555555555 ], [ 7.056483333333333, 45.487816666666667 ], [ 7.055277777777778, 45.4925 ], [ 7.050475, 45.496480555555557 ], [ 7.022322222222222, 45.496480555555557 ], [ 7.000005555555555, 45.504180555555557 ], [ 7.004813888888889, 45.518136111111112 ], [ 6.991594444444445, 45.530161111111113 ], [ 6.993483333333334, 45.54783611111111 ], [ 6.989363888888889, 45.5631 ], [ 6.996230555555556, 45.568269444444446 ], [ 6.9952, 45.575477777777785 ], [ 6.982325, 45.581966666666673 ], [ 6.978033333333333, 45.590377777777782 ], [ 6.986102777777778, 45.61331666666667 ], [ 6.983183333333334, 45.616916666666668 ], [ 6.987647222222222, 45.624002777777775 ], [ 6.996230555555556, 45.629044444444446 ], [ 7.001208333333333, 45.634686111111108 ], [ 7.00095, 45.639847222222222 ], [ 6.992538888888889, 45.639605555555555 ], [ 6.989791666666667, 45.64404722222222 ], [ 6.974772222222223, 45.64662777777778 ], [ 6.970222222222223, 45.653886111111113 ], [ 6.961125, 45.654605555555555 ], [ 6.932458333333334, 45.645905555555558 ], [ 6.915033333333334, 45.651847222222223 ], [ 6.916491666666667, 45.660186111111109 ], [ 6.902416666666667, 45.663786111111108 ], [ 6.907052777777778, 45.670563888888886 ], [ 6.905591666666667, 45.671283333333328 ], [ 6.906794444444444, 45.675841666666663 ], [ 6.902930555555556, 45.68075833333333 ], [ 6.898983333333333, 45.6804 ], [ 6.897694444444444, 45.677938888888889 ], [ 6.893491666666666, 45.675719444444439 ], [ 6.883277777777778, 45.680938888888889 ], [ 6.882247222222222, 45.6792 ], [ 6.878986111111112, 45.678538888888887 ], [ 6.868855555555556, 45.680038888888888 ], [ 6.867141666666667, 45.683877777777774 ], [ 6.856152777777777, 45.684594444444443 ], [ 6.854438888888889, 45.687475 ], [ 6.847569444444444, 45.68987222222222 ], [ 6.838644444444444, 45.701141666666672 ], [ 6.826972222222222, 45.702822222222224 ], [ 6.821944444444444, 45.715555555555561 ], [ 6.808602777777778, 45.726313888888889 ], [ 6.816155555555556, 45.740091666666665 ], [ 6.806716666666667, 45.747519444444443 ], [ 6.805513888888889, 45.768719444444443 ], [ 6.80105, 45.779852777777776 ], [ 6.813066666666667, 45.795294444444444 ], [ 6.813580555555555, 45.805827777777772 ], [ 6.806372222222222, 45.815638888888884 ], [ 6.819333333333333, 45.836572222222223 ], [ 6.841736111111111, 45.840041666666671 ], [ 6.868169444444445, 45.825211111111116 ], [ 6.879844444444445, 45.849127777777781 ], [ 6.907994444444445, 45.842191666666672 ], [ 6.998288888888889, 45.872561111111111 ], [ 7.007561111111111, 45.903388888888891 ], [ 7.046111111111111, 45.921944444444442 ], [ 7.099055555555555, 45.860605555555559 ], [ 7.116391666666666, 45.858933333333333 ], [ 7.156216666666667, 45.87853611111111 ], [ 7.189863888888889, 45.857497222222221 ], [ 7.200163888888889, 45.862280555555557 ], [ 7.200163888888889, 45.875188888888893 ], [ 7.218702777777778, 45.888572222222223 ], [ 7.256469444444445, 45.888094444444441 ], [ 7.276380555555556, 45.89908611111111 ], [ 7.292861111111111, 45.920108333333332 ], [ 7.386930555555556, 45.897175 ], [ 7.450833333333334, 45.925555555555555 ], [ 7.689444444444445, 45.74861111111111 ], [ 7.962180555555555, 45.596297222222226 ], [ 7.958055555555556, 45.535555555555554 ], [ 7.970833333333333, 45.307777777777773 ], [ 8.358333333333333, 45.196388888888883 ], [ 8.400555555555556, 44.855277777777779 ], [ 8.665722222222223, 44.597219444444448 ], [ 8.685277777777777, 44.36888888888889 ], [ 7.829063888888888, 43.974997222222221 ], [ 7.751941666666666, 44.023055555555551 ], [ 7.712594444444445, 44.06113055555555 ], [ 7.714986111111111, 44.06859166666667 ] ] ] } },
{ "type": "Feature", "properties": { "fir": "LIMM", "identifier": "LIMM:LIMM-WN2:205-245", "name": "LIMM-WN2", "level_lower": 205, "level_upper": 245 }, "geometry": { "type": "Polygon", "coordinates": [ [ [ 7.450833333333334, 45.925555555555555 ], [ 7.345833333333333, 45.796388888888885 ], [ 7.208055555555556, 45.652777777777779 ], [ 7.148472222222223, 45.590277777777779 ], [ 7.088888888888889, 45.527777777777779 ], [ 7.055277777777778, 45.4925 ], [ 7.021111111111111, 45.456388888888888 ], [ 7.153333333333333, 45.354166666666671 ], [ 7.156388888888889, 45.185833333333328 ], [ 7.157777777777778, 45.106111111111112 ], [ 7.16, 44.980277777777779 ], [ 7.128055555555555, 44.813888888888883 ], [ 7.285555555555556, 44.142222222222223 ], [ 7.625277777777778, 44.145555555555553 ], [ 7.751944444444445, 44.023055555555551 ], [ 7.753333333333333, 43.938611111111108 ], [ 8.685277777777777, 44.36888888888889 ], [ 8.640277777777778, 44.922222222222217 ], [ 8.7025, 45.06111111111111 ], [ 8.599166666666667, 45.315277777777773 ], [ 8.519722222222223, 45.3425 ], [ 8.245, 45.437222222222218 ], [ 7.962180555555555, 45.596297222222226 ], [ 7.689444444444445, 45.74861111111111 ], [ 7.450833333333334, 45.925555555555555 ] ] ] } },
{ "type": "Feature", "properties": { "fir": "LIMM", "identifier": "LIMM:LIMM-WN3:245-305", "name": "LIMM-WN3", "level_lower": 245, "level_upper": 305 }, "geometry": { "type": "Polygon", "coordinates": [ [ [ 7.450833333333334, 45.925555555555555 ], [ 7.345833333333333, 45.796388888888885 ], [ 7.208055555555556, 45.652777777777779 ], [ 7.148472222222223, 45.590277777777779 ], [ 7.088888888888889, 45.527777777777779 ], [ 7.055277777777778, 45.4925 ], [ 7.021111111111111, 45.456388888888888 ], [ 7.153333333333333, 45.354166666666671 ], [ 7.156388888888889, 45.185833333333328 ], [ 7.157777777777778, 45.106111111111112 ], [ 7.16, 44.980277777777779 ], [ 7.128055555555555, 44.813888888888883 ], [ 7.285555555555556, 44.142222222222223 ], [ 7.625277777777778, 44.145555555555553 ], [ 7.751944444444445, 44.023055555555551 ], [ 7.753333333333333, 43.938611111111108 ], [ 8.685277777777777, 44.36888888888889 ], [ 8.640277777777778, 44.922222222222217 ], [ 8.7025, 45.06111111111111 ], [ 8.599166666666667, 45.315277777777773 ], [ 8.519722222222223, 45.3425 ], [ 8.245, 45.437222222222218 ], [ 7.689444444444445, 45.74861111111111 ], [ 7.450833333333334, 45.925555555555555 ] ] ] } },
{ "type": "Feature", "properties": { "fir": "LIMM", "identifier": "LIMM:LIMM-WN4:305-660", "name": "LIMM-WN4", "level_lower": 305, "level_upper": 660 }, "geometry": { "type": "Polygon", "coordinates": [ [ [ 7.450833333333334, 45.925555555555555 ], [ 7.345833333333333, 45.796388888888885 ], [ 7.208055555555556, 45.652777777777779 ], [ 7.148472222222223, 45.590277777777779 ], [ 7.088888888888889, 45.527777777777779 ], [ 7.055277777777778, 45.4925 ], [ 7.021111111111111, 45.456388888888888 ], [ 7.153333333333333, 45.354166666666671 ], [ 7.156388888888889, 45.185833333333328 ], [ 7.157777777777778, 45.106111111111112 ], [ 7.16, 44.980277777777779 ], [ 7.128055555555555, 44.813888888888883 ], [ 7.285555555555556, 44.142222222222223 ], [ 7.625277777777778, 44.145555555555553 ], [ 7.751944444444445, 44.023055555555551 ], [ 7.753333333333333, 43.938611111111108 ], [ 8.685277777777777, 44.36888888888889 ], [ 8.640277777777778, 44.922222222222217 ], [ 8.7025, 45.06111111111111 ], [ 8.599166666666667, 45.315277777777773 ], [ 8.519722222222223, 45.3425 ], [ 8.245, 45.437222222222218 ], [ 7.689444444444445, 45.74861111111111 ], [ 7.450833333333334, 45.925555555555555 ] ] ] } },
{ "type": "Feature", "properties": { "fir": "LIMM", "identifier": "LIMM:LIMM-WS1:095-145", "name": "LIMM-WS1", "level_lower": 95, "level_upper": 145 }, "geometry": { "type": "Polygon", "coordinates": [ [ [ 8.034722222222221, 44.073888888888895 ], [ 8.03, 44.003055555555555 ], [ 8.116944444444444, 43.871388888888887 ], [ 8.340555555555556, 43.955 ], [ 9.465, 43.915555555555557 ], [ 9.465277777777777, 44.013888888888886 ], [ 9.631388888888889, 44.211111111111116 ], [ 9.92793611111111, 44.393008333333334 ], [ 10.153055555555556, 44.301944444444445 ], [ 10.427127777777777, 43.966172222222227 ], [ 10.370277777777778, 43.92583333333333 ], [ 10.078888888888889, 43.620555555555555 ], [ 9.75, 43.166666666666664 ], [ 8.915025, 43.405294444444444 ], [ 8.5475, 43.506388888888885 ], [ 8.406686111111112, 43.547513888888886 ], [ 8.321719444444444, 43.570277777777783 ], [ 7.8375, 43.70194444444445 ], [ 8.049441666666667, 43.836941666666668 ], [ 7.961666666666667, 43.892219444444443 ], [ 7.873611111111112, 43.947219444444443 ], [ 7.829063888888888, 43.974997222222221 ], [ 8.034722222222221, 44.073888888888895 ] ] ] } },
{ "type": "Feature", "properties": { "fir": "LIMM", "identifier": "LIMM:LIMM-WS1-LOW:000-095", "name": "LIMM-WS1-LOW", "level_lower": 0, "level_upper": 95 }, "geometry": { "type": "Polygon", "coordinates": [ [ [ 10.153055555555556, 44.301944444444445 ], [ 10.427127777777777, 43.966172222222227 ], [ 10.370277777777778, 43.92583333333333 ], [ 10.078888888888889, 43.620555555555555 ], [ 9.75, 43.166666666666664 ], [ 8.915025, 43.405294444444444 ], [ 8.5475, 43.506388888888885 ], [ 8.406686111111112, 43.547513888888886 ], [ 8.321719444444444, 43.570277777777783 ], [ 7.8375, 43.70194444444445 ], [ 7.592219444444444, 43.7675 ], [ 7.529827777777777, 43.784005555555552 ], [ 7.529166666666667, 43.789936111111111 ], [ 7.520288888888889, 43.801011111111109 ], [ 7.517775, 43.80585 ], [ 7.514227777777778, 43.817966666666671 ], [ 7.510230555555555, 43.82886666666667 ], [ 7.753333333333333, 43.938611111111108 ], [ 8.034722222222221, 44.073888888888895 ], [ 8.03, 44.003055555555555 ], [ 8.116944444444444, 43.871388888888887 ], [ 8.340555555555556, 43.955 ], [ 9.465, 43.915555555555557 ], [ 9.465277777777777, 44.013888888888886 ], [ 9.631388888888889, 44.211111111111116 ], [ 9.92793611111111, 44.393008333333334 ], [ 10.153055555555556, 44.301944444444445 ] ] ] } },
{ "type": "Feature", "properties": { "fir": "LIMM", "identifier": "LIMM:LIMM-WS2:175-195", "name": "LIMM-WS2", "level_lower": 175, "level_upper": 195 }, "geometry": { "type": "Polygon", "coordinates": [ [ [ 7.753333333333333, 43.938611111111108 ], [ 8.685277777777777, 44.36888888888889 ], [ 8.665722222222223, 44.597219444444448 ], [ 9.250719444444444, 44.62638888888889 ], [ 9.243327777777777, 44.483647222222224 ], [ 9.616566666666666, 44.519675 ], [ 9.64, 44.51027777777778 ], [ 9.92793611111111, 44.393008333333334 ], [ 10.153055555555556, 44.301944444444445 ], [ 10.427127777777777, 43.966172222222227 ], [ 10.370277777777778, 43.92583333333333 ], [ 10.078888888888889, 43.620555555555555 ], [ 9.75, 43.166666666666664 ], [ 8.915025, 43.405294444444444 ], [ 8.406686111111112, 43.547513888888886 ], [ 8.321719444444444, 43.570277777777783 ], [ 7.8375, 43.70194444444445 ], [ 7.755277777777778, 43.81944444444445 ], [ 7.753333333333333, 43.938611111111108 ] ] ] } },
{ "type": "Feature", "properties": { "fir": "LIMM", "identifier": "LIMM:LIMM-WS2-LOW:145-175", "name": "LIMM-WS2-LOW", "level_lower": 145, "level_upper": 175 }, "geometry": { "type": "Polygon", "coordinates": [ [ [ 8.665722222222223, 44.597219444444448 ], [ 9.250719444444444, 44.62638888888889 ], [ 9.243327777777777, 44.483647222222224 ], [ 9.616566666666666, 44.519675 ], [ 9.64, 44.51027777777778 ], [ 9.92793611111111, 44.393008333333334 ], [ 10.153055555555556, 44.301944444444445 ], [ 10.427127777777777, 43.966172222222227 ], [ 10.370277777777778, 43.92583333333333 ], [ 10.078888888888889, 43.620555555555555 ], [ 9.75, 43.166666666666664 ], [ 8.915025, 43.405294444444444 ], [ 8.406686111111112, 43.547513888888886 ], [ 8.321719444444444, 43.570277777777783 ], [ 7.8375, 43.70194444444445 ], [ 8.049441666666667, 43.836941666666668 ], [ 7.961666666666667, 43.892219444444443 ], [ 7.873611111111112, 43.947219444444443 ], [ 7.829063888888888, 43.974997222222221 ], [ 8.685277777777777, 44.36888888888889 ], [ 8.665722222222223, 44.597219444444448 ] ] ] } },
{ "type": "Feature", "properties": { "fir": "LIMM", "identifier": "LIMM:LIMM-WS3:195-245", "name": "LIMM-WS3", "level_lower": 195, "level_upper": 245 }, "geometry": { "type": "Polygon", "coordinates": [ [ [ 7.753333333333333, 43.938611111111108 ], [ 7.755277777777778, 43.81944444444445 ], [ 7.8375, 43.70194444444445 ], [ 8.321719444444444, 43.570277777777783 ], [ 8.406686111111112, 43.547513888888886 ], [ 8.915025, 43.405294444444444 ], [ 9.75, 43.166666666666664 ], [ 10.078888888888889, 43.620555555555555 ], [ 10.370277777777778, 43.92583333333333 ], [ 10.427127777777777, 43.966172222222227 ], [ 10.153055555555556, 44.301944444444445 ], [ 9.64, 44.51027777777778 ], [ 9.592222222222222, 44.529444444444444 ], [ 9.362777777777778, 45.215555555555561 ], [ 9.122777777777777, 45.133611111111108 ], [ 8.959444444444443, 45.105 ], [ 8.7025, 45.06111111111111 ], [ 8.640277777777778, 44.922222222222217 ], [ 8.685277777777777, 44.36888888888889 ], [ 7.753333333333333, 43.938611111111108 ] ] ] } },
{ "type": "Feature", "properties": { "fir": "LIMM", "identifier": "LIMM:LIMM-WS4:245-305", "name": "LIMM-WS4", "level_lower": 245, "level_upper": 305 }, "geometry": { "type": "Polygon", "coordinates": [ [ [ 7.753333333333333, 43.938611111111108 ], [ 7.755277777777778, 43.81944444444445 ], [ 7.8375, 43.70194444444445 ], [ 8.321719444444444, 43.570277777777783 ], [ 8.406686111111112, 43.547513888888886 ], [ 8.800555555555556, 43.4375 ], [ 8.915025, 43.405294444444444 ], [ 9.75, 43.166666666666664 ], [ 10.078888888888889, 43.620555555555555 ], [ 10.370277777777778, 43.92583333333333 ], [ 10.427127777777777, 43.966172222222227 ], [ 10.153055555555556, 44.301944444444445 ], [ 9.64, 44.51027777777778 ], [ 9.592222222222222, 44.529444444444444 ], [ 9.362777777777778, 45.215555555555561 ], [ 9.122777777777777, 45.133611111111108 ], [ 8.959444444444443, 45.105 ], [ 8.7025, 45.06111111111111 ], [ 8.640277777777778, 44.922222222222217 ], [ 8.685277777777777, 44.36888888888889 ], [ 7.753333333333333, 43.938611111111108 ] ] ] } },
{ "type": "Feature", "properties": { "fir": "LIMM", "identifier": "LIMM:LIMM-WS5:305-660", "name": "LIMM-WS5", "level_lower": 305, "level_upper": 660 }, "geometry": { "type": "Polygon", "coordinates": [ [ [ 7.753333333333333, 43.938611111111108 ], [ 7.755277777777778, 43.81944444444445 ], [ 7.8375, 43.70194444444445 ], [ 8.321719444444444, 43.570277777777783 ], [ 8.406686111111112, 43.547513888888886 ], [ 8.800555555555556, 43.4375 ], [ 8.915025, 43.405294444444444 ], [ 9.75, 43.166666666666664 ], [ 10.078888888888889, 43.620555555555555 ], [ 10.370277777777778, 43.92583333333333 ], [ 10.427127777777777, 43.966172222222227 ], [ 10.153055555555556, 44.301944444444445 ], [ 9.64, 44.51027777777778 ], [ 9.592222222222222, 44.529444444444444 ], [ 9.362777777777778, 45.215555555555561 ], [ 9.122777777777777, 45.133611111111108 ], [ 8.959444444444443, 45.105 ], [ 8.7025, 45.06111111111111 ], [ 8.640277777777778, 44.922222222222217 ], [ 8.685277777777777, 44.36888888888889 ], [ 7.753333333333333, 43.938611111111108 ] ] ] } },
{ "type": "Feature", "properties": { "fir": "LIRR", "identifier": "LIRR:LIRR-EE3:000-195", "name": "LIRR-EE3", "level_lower": 0, "level_upper": 195 }, "geometry": { "type": "Polygon", "coordinates": [ [ [ 10.903611111111111, 37.768055555555556 ], [ 11.265277777777778, 40.369166666666665 ], [ 11.061111111111112, 40.775277777777774 ], [ 9.734722222222221, 40.415833333333332 ], [ 8.004072222222222, 39.998875 ], [ 8.000280555555555, 39.212838888888889 ], [ 8.0, 39.0 ], [ 8.836666666666668, 38.6575 ], [ 8.88361111111111, 38.5275 ], [ 9.016666666666667, 38.583333333333336 ], [ 9.661388888888888, 38.308611111111105 ], [ 10.903611111111111, 37.768055555555556 ] ] ] } },
{ "type": "Feature", "properties": { "fir": "LIRR", "identifier": "LIRR:LIRR-EE4:195-245", "name": "LIRR-EE4", "level_lower": 195, "level_upper": 245 }, "geometry": { "type": "Polygon", "coordinates": [ [ [ 10.903611111111111, 37.768055555555556 ], [ 11.265277777777778, 40.369166666666665 ], [ 11.061111111111112, 40.775277777777774 ], [ 9.734722222222221, 40.415833333333332 ], [ 8.004072222222222, 39.998875 ], [ 8.000280555555555, 39.212838888888889 ], [ 8.0, 39.0 ], [ 8.836666666666668, 38.6575 ], [ 8.88361111111111, 38.5275 ], [ 9.016666666666667, 38.583333333333336 ], [ 9.661388888888888, 38.308611111111105 ], [ 10.903611111111111, 37.768055555555556 ] ] ] } },
{ "type": "Feature", "properties": { "fir": "LIRR", "identifier": "LIRR:LIRR-EE5:245-305", "name": "LIRR-EE5", "level_lower": 245, "level_upper": 305 }, "geometry": { "type": "Polygon", "coordinates": [ [ [ 10.903611111111111, 37.768055555555556 ], [ 11.265277777777778, 40.369166666666665 ], [ 11.061111111111112, 40.775277777777774 ], [ 9.734722222222221, 40.415833333333332 ], [ 8.004072222222222, 39.998875 ], [ 8.000280555555555, 39.212838888888889 ], [ 8.0, 39.0 ], [ 8.836666666666668, 38.6575 ], [ 8.88361111111111, 38.5275 ], [ 9.016666666666667, 38.583333333333336 ], [ 9.661388888888888, 38.308611111111105 ], [ 10.903611111111111, 37.768055555555556 ] ] ] } },
{ "type": "Feature", "properties": { "fir": "LIRR", "identifier": "LIRR:LIRR-EE7:305-660", "name": "LIRR-EE7", "level_lower": 305, "level_upper": 660 }, "geometry": { "type": "Polygon", "coordinates": [ [ [ 10.903611111111111, 37.768055555555556 ], [ 11.265277777777778, 40.369166666666665 ], [ 11.061111111111112, 40.775277777777774 ], [ 9.734722222222221, 40.415833333333332 ], [ 8.004072222222222, 39.998875 ], [ 8.000280555555555, 39.212838888888889 ], [ 8.0, 39.0 ], [ 8.836666666666668, 38.6575 ], [ 8.88361111111111, 38.5275 ], [ 9.016666666666667, 38.583333333333336 ], [ 9.661388888888888, 38.308611111111105 ], [ 10.903611111111111, 37.768055555555556 ] ] ] } },
{ "type": "Feature", "properties": { "fir": "LIRR", "identifier": "LIRR:LIRR-EW0:000-185", "name": "LIRR-EW0", "level_lower": 0, "level_upper": 185 }, "geometry": { "type": "Polygon", "coordinates": [ [ [ 8.0, 41.0 ], [ 8.332072222222221, 41.330894444444446 ], [ 8.833316666666667, 41.332136111111112 ], [ 9.082813888888889, 41.332755555555558 ], [ 9.316666666666668, 41.333333333333336 ], [ 9.498288888888888, 41.332005555555561 ], [ 9.750041666666666, 41.332005555555561 ], [ 10.147008333333332, 41.332005555555561 ], [ 10.192677777777778, 41.30898055555555 ], [ 10.225711111111112, 41.283088888888891 ], [ 10.256447222222222, 41.255622222222222 ], [ 10.284752777777777, 41.226697222222221 ], [ 10.310505555555556, 41.196441666666665 ], [ 10.333594444444445, 41.164986111111112 ], [ 10.353922222222222, 41.132469444444446 ], [ 10.3714, 41.099030555555558 ], [ 10.385955555555554, 41.064813888888885 ], [ 10.397522222222221, 41.029969444444447 ], [ 10.1, 40.649722222222223 ], [ 10.033333333333333, 40.632372222222223 ], [ 9.83613888888889, 40.461519444444448 ], [ 9.814594444444445, 40.452002777777778 ], [ 9.792558333333334, 40.443144444444442 ], [ 9.770069444444445, 40.434958333333327 ], [ 9.74716111111111, 40.427455555555554 ], [ 9.723872222222223, 40.420652777777775 ], [ 9.70023611111111, 40.414555555555552 ], [ 9.676294444444444, 40.409177777777778 ], [ 9.652086111111112, 40.404525 ], [ 9.62765, 40.400602777777777 ], [ 9.538280555555556, 40.389769444444447 ], [ 9.496033333333333, 40.388572222222223 ], [ 8.6406, 40.334886111111111 ], [ 8.418538888888888, 40.217605555555558 ], [ 8.266666666666667, 40.35 ], [ 8.0, 40.35 ], [ 8.0, 40.744997222222224 ], [ 8.0, 41.0 ] ] ] } },
{ "type": "Feature", "properties": { "fir": "LIRR", "identifier": "LIRR:LIRR-EW1:000-185", "name": "LIRR-EW1", "level_lower": 0, "level_upper": 185 }, "geometry": { "type": "Polygon", "coordinates": [ [ [ 9.75, 41.790722222222222 ], [ 10.543108333333333, 41.790722222222222 ], [ 11.061111111111112, 40.775277777777774 ], [ 9.734722222222221, 40.415833333333332 ], [ 8.004072222222222, 39.998875 ], [ 8.0, 40.35 ], [ 8.266666666666667, 40.35 ], [ 8.418538888888888, 40.217605555555558 ], [ 8.6406, 40.334886111111111 ], [ 9.496033333333333, 40.388572222222223 ], [ 9.538280555555556, 40.389769444444447 ], [ 9.62765, 40.400602777777777 ], [ 9.652086111111112, 40.404525 ], [ 9.676294444444444, 40.409177777777778 ], [ 9.70023611111111, 40.414555555555552 ], [ 9.723872222222223, 40.420652777777775 ], [ 9.74716111111111, 40.427455555555554 ], [ 9.770069444444445, 40.434958333333327 ], [ 9.792558333333334, 40.443144444444442 ], [ 9.814594444444445, 40.452002777777778 ], [ 9.83613888888889, 40.461519444444448 ], [ 10.033333333333333, 40.632372222222223 ], [ 10.1, 40.649722222222223 ], [ 10.397522222222221, 41.029969444444447 ], [ 10.385955555555554, 41.064813888888885 ], [ 10.3714, 41.099030555555558 ], [ 10.353922222222222, 41.132469444444446 ], [ 10.333594444444445, 41.164986111111112 ], [ 10.310505555555556, 41.196441666666665 ], [ 10.284752777777777, 41.226697222222221 ], [ 10.256447222222222, 41.255622222222222 ], [ 10.225711111111112, 41.283088888888891 ], [ 10.192677777777778, 41.30898055555555 ], [ 10.147008333333332, 41.332005555555561 ], [ 9.750041666666666, 41.332005555555561 ], [ 9.75, 41.673422222222221 ], [ 9.75, 41.790722222222222 ] ] ] } },
{ "type": "Feature", "properties": { "fir": "LIRR", "identifier": "LIRR:LIRR-EW2:185-245", "name": "LIRR-EW2", "level_lower": 185, "level_upper": 245 }, "geometry": { "type": "Polygon", "coordinates": [ [ [ 8.004072222222222, 39.998875 ], [ 8.0, 40.35 ], [ 8.0, 40.744997222222224 ], [ 8.0, 41.0 ], [ 8.332072222222221, 41.330894444444446 ], [ 8.833316666666667, 41.332136111111112 ], [ 9.082813888888889, 41.332755555555558 ], [ 9.316666666666668, 41.333333333333336 ], [ 9.498288888888888, 41.332005555555561 ], [ 9.750041666666666, 41.332005555555561 ], [ 9.75, 41.673422222222221 ], [ 9.75, 41.790722222222222 ], [ 10.543108333333333, 41.790722222222222 ], [ 11.061111111111112, 40.775277777777774 ], [ 9.734722222222221, 40.415833333333332 ], [ 8.004072222222222, 39.998875 ] ] ] } },
{ "type": "Feature", "properties": { "fir": "LIRR", "identifier": "LIRR:LIRR-EW3:245-305", "name": "LIRR-EW3", "level_lower": 245, "level_upper": 305 }, "geometry": { "type": "Polygon", "coordinates": [ [ [ 8.0, 40.35 ], [ 8.0, 40.744997222222224 ], [ 8.0, 41.0 ], [ 8.332072222222221, 41.330894444444446 ], [ 8.833316666666667, 41.332136111111112 ], [ 9.082813888888889, 41.332755555555558 ], [ 9.316666666666668, 41.333333333333336 ], [ 9.498288888888888, 41.332005555555561 ], [ 9.750041666666666, 41.332005555555561 ], [ 9.75, 41.673422222222221 ], [ 9.75, 41.790722222222222 ], [ 10.543108333333333, 41.790722222222222 ], [ 11.061111111111112, 40.775277777777774 ], [ 9.734722222222221, 40.415833333333332 ], [ 8.004072222222222, 39.998875 ], [ 8.0, 40.35 ] ] ] } },
{ "type": "Feature", "properties": { "fir": "LIRR", "identifier": "LIRR:LIRR-EW7:305-660", "name": "LIRR-EW7", "level_lower": 305, "level_upper": 660 }, "geometry": { "type": "Polygon", "coordinates": [ [ [ 8.0, 40.35 ], [ 8.0, 40.744997222222224 ], [ 8.0, 41.0 ], [ 8.332072222222221, 41.330894444444446 ], [ 8.833316666666667, 41.332136111111112 ], [ 9.082813888888889, 41.332755555555558 ], [ 9.316666666666668, 41.333333333333336 ], [ 9.498288888888888, 41.332005555555561 ], [ 9.750041666666666, 41.332005555555561 ], [ 9.75, 41.673422222222221 ], [ 9.75, 41.790722222222222 ], [ 10.543108333333333, 41.790722222222222 ], [ 11.061111111111112, 40.775277777777774 ], [ 9.734722222222221, 40.415833333333332 ], [ 8.004072222222222, 39.998875 ], [ 8.0, 40.35 ] ] ] } },
{ "type": "Feature", "properties": { "fir": "LIRR", "identifier": "LIRR:LIRR-NW1:000-195", "name": "LIRR-NW1", "level_lower": 0, "level_upper": 195 }, "geometry": { "type": "Polygon", "coordinates": [ [ [ 11.376938888888889, 42.535836111111109 ], [ 10.573333333333332, 44.098333333333336 ], [ 10.427127777777777, 43.966172222222227 ], [ 10.370277777777778, 43.92583333333333 ], [ 10.078888888888889, 43.620555555555555 ], [ 9.75, 43.166666666666664 ], [ 9.75, 42.954163888888893 ], [ 9.75, 42.334233333333337 ], [ 9.75, 41.929244444444443 ], [ 9.75, 41.790722222222222 ], [ 10.543108333333333, 41.790722222222222 ], [ 10.850130555555555, 41.860758333333337 ], [ 11.401186111111112, 42.236466666666665 ], [ 11.049452777777777, 42.459897222222224 ], [ 11.376938888888889, 42.535836111111109 ] ] ] } },
{ "type": "Feature", "properties": { "fir": "LIRR", "identifier": "LIRR:LIRR-NW2:195-285", "name": "LIRR-NW2", "level_lower": 195, "level_upper": 285 }, "geometry": { "type": "Polygon", "coordinates": [ [ [ 11.376938888888889, 42.535836111111109 ], [ 10.573333333333332, 44.098333333333336 ], [ 10.427127777777777, 43.966172222222227 ], [ 10.370277777777778, 43.92583333333333 ], [ 10.078888888888889, 43.620555555555555 ], [ 9.75, 43.166666666666664 ], [ 9.75, 42.954163888888893 ], [ 9.75, 42.334233333333337 ], [ 9.75, 41.929244444444443 ], [ 9.75, 41.790722222222222 ], [ 10.543108333333333, 41.790722222222222 ], [ 10.850130555555555, 41.860758333333337 ], [ 11.401186111111112, 42.236466666666665 ], [ 11.049452777777777, 42.459897222222224 ], [ 11.376938888888889, 42.535836111111109 ] ] ] } },
{ "type": "Feature", "properties": { "fir": "LIRR", "identifier": "LIRR:LIRR-NW3:285-305", "name": "LIRR-NW3", "level_lower": 285, "level_upper": 305 }, "geometry": { "type": "Polygon", "coordinates": [ [ [ 11.532222222222224, 42.24722222222222 ], [ 11.386944444444444, 42.516388888888891 ], [ 10.573333333333332, 44.098333333333336 ], [ 10.427127777777777, 43.966172222222227 ], [ 10.370277777777778, 43.92583333333333 ], [ 10.078888888888889, 43.620555555555555 ], [ 9.75, 43.166666666666664 ], [ 9.75, 42.954163888888893 ], [ 9.75, 42.334233333333337 ], [ 9.75, 41.929244444444443 ], [ 9.75, 41.790722222222222 ], [ 10.543108333333333, 41.790722222222222 ], [ 10.850130555555555, 41.860758333333337 ], [ 11.401186111111112, 42.236466666666665 ], [ 11.532222222222224, 42.24722222222222 ] ] ] } },
{ "type": "Feature", "properties": { "fir": "LIRR", "identifier": "LIRR:LIRR-NW7:305-660", "name": "LIRR-NW7", "level_lower": 305, "level_upper": 660 }, "geometry": { "type": "Polygon", "coordinates": [ [ [ 11.532222222222224, 42.24722222222222 ], [ 11.386944444444444, 42.516388888888891 ], [ 10.573333333333332, 44.098333333333336 ], [ 10.427127777777777, 43.966172222222227 ], [ 10.370277777777778, 43.92583333333333 ], [ 10.078888888888889, 43.620555555555555 ], [ 9.75, 43.166666666666664 ], [ 9.75, 42.954163888888893 ], [ 9.75, 42.334233333333337 ], [ 9.75, 41.929244444444443 ], [ 9.75, 41.790722222222222 ], [ 10.543108333333333, 41.790722222222222 ], [ 10.850130555555555, 41.860758333333337 ], [ 11.401186111111112, 42.236466666666665 ], [ 11.532222222222224, 42.24722222222222 ] ] ] } },
{ "type": "Feature", "properties": { "fir": "LSAS", "identifier": "LSAS:LSASGH:315-999", "name": "LSASGH", "level_lower": 315, "level_upper": 999 }, "geometry": { "type": "Polygon", "coordinates": [ [ [ 6.954838888888889, 47.243161111111114 ], [ 7.174541666666667, 47.055636111111106 ], [ 7.271813888888889, 46.973416666666665 ], [ 7.320152777777778, 46.931272222222219 ], [ 7.429013888888889, 46.836236111111113 ], [ 7.504091666666667, 46.771052777777776 ], [ 7.53505, 46.744019444444447 ], [ 7.585327777777778, 46.700336111111113 ], [ 7.802616666666666, 46.509805555555559 ], [ 7.991525, 46.514125 ], [ 8.223333333333333, 46.330833333333338 ], [ 8.211763888888887, 46.309469444444439 ], [ 8.195455555555556, 46.302591666666665 ], [ 8.179319444444443, 46.297847222222224 ], [ 8.15975, 46.29571111111111 ], [ 8.140180555555554, 46.303063888888886 ], [ 8.080277777777777, 46.260555555555555 ], [ 8.109969444444443, 46.249672222222223 ], [ 8.115805555555555, 46.236377777777776 ], [ 8.138808333333333, 46.225688888888889 ], [ 8.153227777777778, 46.191475 ], [ 8.166616666666666, 46.181730555555554 ], [ 8.165244444444445, 46.1765 ], [ 8.151511111111111, 46.165802777777778 ], [ 8.153569444444445, 46.14725277777778 ], [ 8.147391666666666, 46.139402777777775 ], [ 8.117177777777778, 46.131075 ], [ 8.109969444444443, 46.1118 ], [ 8.034438888888889, 46.10085 ], [ 8.022077777777779, 46.074180555555557 ], [ 8.035125, 46.043688888888887 ], [ 8.022077777777779, 46.038683333333331 ], [ 8.013494444444444, 46.030580555555552 ], [ 8.012808333333334, 46.011508333333332 ], [ 8.00113611111111, 46.012222222222221 ], [ 7.9925, 46.003888888888888 ], [ 7.989463888888889, 45.996483333333337 ], [ 7.966666666666667, 46.0 ], [ 7.907222222222223, 45.994444444444447 ], [ 7.894105555555555, 45.978533333333338 ], [ 7.878225, 45.9737 ], [ 7.877222222222223, 45.954444444444448 ], [ 7.876852777777779, 45.948522222222216 ], [ 7.8705, 45.947805555555554 ], [ 7.868441666666667, 45.93610833333333 ], [ 7.877025, 45.927152777777778 ], [ 7.87238888888889, 45.920466666666663 ], [ 7.862605555555556, 45.917122222222218 ], [ 7.820375, 45.927033333333334 ], [ 7.803211111111111, 45.921063888888888 ], [ 7.766988888888889, 45.937302777777774 ], [ 7.748105555555556, 45.940166666666663 ], [ 7.734375, 45.924886111111107 ], [ 7.719611111111111, 45.923452777777776 ], [ 7.707252777777778, 45.935152777777773 ], [ 7.710341666666666, 45.948044444444442 ], [ 7.699011111111111, 45.954727777777784 ], [ 7.681158333333333, 45.957116666666671 ], [ 7.667769444444445, 45.974775 ], [ 7.658155555555556, 45.976683333333334 ], [ 7.638586111111111, 45.969525 ], [ 7.619016666666667, 45.97215 ], [ 7.609061111111111, 45.968811111111116 ], [ 7.581938888888889, 45.971911111111112 ], [ 7.576444444444444, 45.986941666666667 ], [ 7.546575, 45.98575 ], [ 7.545, 45.97 ], [ 7.545888888888888, 45.961172222222224 ], [ 7.538680555555556, 45.954966666666671 ], [ 7.5222, 45.957591666666673 ], [ 7.517736111111111, 45.962127777777781 ], [ 7.507438888888889, 45.958188888888891 ], [ 7.499025, 45.962247222222224 ], [ 7.496111111111111, 45.959722222222226 ], [ 7.471475, 45.94745 ], [ 7.474994444444444, 45.93610833333333 ], [ 7.450833333333334, 45.925555555555555 ], [ 7.345833333333333, 45.796388888888885 ], [ 7.208055555555556, 45.652777777777779 ], [ 7.148472222222223, 45.590277777777779 ], [ 7.088888888888889, 45.527777777777779 ], [ 7.055277777777778, 45.4925 ], [ 7.021111111111111, 45.456388888888888 ], [ 7.153333333333333, 45.354166666666671 ], [ 7.156388888888889, 45.185833333333328 ], [ 7.157777777777778, 45.106111111111112 ], [ 7.16, 44.980277777777779 ], [ 7.128055555555555, 44.813888888888883 ], [ 7.0125, 44.8 ], [ 6.766666666666667, 44.8 ], [ 6.662497222222223, 44.990277777777777 ], [ 6.399172222222223, 45.465811111111115 ], [ 6.339722222222222, 45.572222222222223 ], [ 6.333333333333333, 45.583333333333336 ], [ 6.259761111111112, 45.652891666666662 ], [ 6.230555555555556, 45.680277777777775 ], [ 6.132441666666666, 45.772211111111112 ], [ 6.096555555555555, 45.80640833333333 ], [ 6.05, 45.85 ], [ 5.826938888888889, 46.020352777777774 ], [ 5.7, 46.116666666666667 ], [ 5.133333333333334, 46.233333333333334 ], [ 5.150525, 46.393797222222219 ], [ 5.161666666666667, 46.5 ], [ 5.183333333333334, 46.7 ], [ 5.41923888888889, 46.700169444444448 ], [ 5.462266666666667, 46.700147222222228 ], [ 5.583333333333333, 46.7 ], [ 5.820555555555555, 46.8725 ], [ 5.894027777777778, 46.92552222222222 ], [ 5.951111111111111, 46.966666666666669 ], [ 6.239166666666667, 47.063333333333333 ], [ 6.700461111111111, 47.070019444444448 ], [ 6.703630555555556, 47.082119444444444 ], [ 6.725891666666667, 47.091613888888894 ], [ 6.738033333333333, 47.089711111111114 ], [ 6.744916666666667, 47.092097222222222 ], [ 6.746625, 47.097588888888893 ], [ 6.741547222222223, 47.103225 ], [ 6.740111111111111, 47.108925 ], [ 6.739516666666667, 47.109966666666665 ], [ 6.746202777777778, 47.109819444444447 ], [ 6.752319444444445, 47.114863888888891 ], [ 6.766408333333334, 47.120975 ], [ 6.776222222222223, 47.121330555555559 ], [ 6.778697222222222, 47.12355 ], [ 6.805716666666666, 47.130808333333334 ], [ 6.807638888888889, 47.135405555555558 ], [ 6.815283333333333, 47.135583333333329 ], [ 6.81925, 47.1401 ], [ 6.824111111111111, 47.141747222222222 ], [ 6.827352777777778, 47.14639722222222 ], [ 6.830122222222222, 47.146322222222224 ], [ 6.839108333333333, 47.150372222222224 ], [ 6.839922222222222, 47.154197222222223 ], [ 6.849130555555555, 47.156180555555551 ], [ 6.858791666666666, 47.165177777777778 ], [ 6.843811111111111, 47.166147222222222 ], [ 6.840497222222222, 47.171755555555556 ], [ 6.86391111111111, 47.180566666666664 ], [ 6.866861111111112, 47.185577777777773 ], [ 6.873522222222222, 47.185655555555549 ], [ 6.872880555555556, 47.19015 ], [ 6.877788888888889, 47.195405555555553 ], [ 6.880144444444445, 47.200613888888888 ], [ 6.907122222222222, 47.214838888888892 ], [ 6.908355555555556, 47.217233333333333 ], [ 6.922419444444444, 47.221772222222221 ], [ 6.926994444444444, 47.225555555555559 ], [ 6.926733333333334, 47.227891666666672 ], [ 6.930533333333334, 47.230552777777781 ], [ 6.940558333333334, 47.231586111111113 ], [ 6.942613888888889, 47.23789166666667 ], [ 6.954838888888889, 47.243161111111114 ] ] ] } },
{ "type": "Feature", "properties": { "fir": "LSAS", "identifier": "LSAS:LSASGM:245-315", "name": "LSASGM", "level_lower": 245, "level_upper": 315 }, "geometry": { "type": "Polygon", "coordinates": [ [ [ 6.954838888888889, 47.243161111111114 ], [ 7.174541666666667, 47.055636111111106 ], [ 7.271813888888889, 46.973416666666665 ], [ 7.320152777777778, 46.931272222222219 ], [ 7.429013888888889, 46.836236111111113 ], [ 7.504091666666667, 46.771052777777776 ], [ 7.53505, 46.744019444444447 ], [ 7.585327777777778, 46.700336111111113 ], [ 7.802616666666666, 46.509805555555559 ], [ 7.991525, 46.514125 ], [ 8.223333333333333, 46.330833333333338 ], [ 8.211763888888887, 46.309469444444439 ], [ 8.195455555555556, 46.302591666666665 ], [ 8.179319444444443, 46.297847222222224 ], [ 8.15975, 46.29571111111111 ], [ 8.140180555555554, 46.303063888888886 ], [ 8.080277777777777, 46.260555555555555 ], [ 8.109969444444443, 46.249672222222223 ], [ 8.115805555555555, 46.236377777777776 ], [ 8.138808333333333, 46.225688888888889 ], [ 8.153227777777778, 46.191475 ], [ 8.166616666666666, 46.181730555555554 ], [ 8.165244444444445, 46.1765 ], [ 8.151511111111111, 46.165802777777778 ], [ 8.153569444444445, 46.14725277777778 ], [ 8.147391666666666, 46.139402777777775 ], [ 8.117177777777778, 46.131075 ], [ 8.109969444444443, 46.1118 ], [ 8.034438888888889, 46.10085 ], [ 8.022077777777779, 46.074180555555557 ], [ 8.035125, 46.043688888888887 ], [ 8.022077777777779, 46.038683333333331 ], [ 8.013494444444444, 46.030580555555552 ], [ 8.012808333333334, 46.011508333333332 ], [ 8.00113611111111, 46.012222222222221 ], [ 7.9925, 46.003888888888888 ], [ 7.989463888888889, 45.996483333333337 ], [ 7.966666666666667, 46.0 ], [ 7.907222222222223, 45.994444444444447 ], [ 7.894105555555555, 45.978533333333338 ], [ 7.878225, 45.9737 ], [ 7.877222222222223, 45.954444444444448 ], [ 7.876852777777779, 45.948522222222216 ], [ 7.8705, 45.947805555555554 ], [ 7.868441666666667, 45.93610833333333 ], [ 7.877025, 45.927152777777778 ], [ 7.87238888888889, 45.920466666666663 ], [ 7.862605555555556, 45.917122222222218 ], [ 7.820375, 45.927033333333334 ], [ 7.803211111111111, 45.921063888888888 ], [ 7.766988888888889, 45.937302777777774 ], [ 7.748105555555556, 45.940166666666663 ], [ 7.734375, 45.924886111111107 ], [ 7.719611111111111, 45.923452777777776 ], [ 7.707252777777778, 45.935152777777773 ], [ 7.710341666666666, 45.948044444444442 ], [ 7.699011111111111, 45.954727777777784 ], [ 7.681158333333333, 45.957116666666671 ], [ 7.667769444444445, 45.974775 ], [ 7.658155555555556, 45.976683333333334 ], [ 7.638586111111111, 45.969525 ], [ 7.619016666666667, 45.97215 ], [ 7.609061111111111, 45.968811111111116 ], [ 7.581938888888889, 45.971911111111112 ], [ 7.576444444444444, 45.986941666666667 ], [ 7.546575, 45.98575 ], [ 7.545, 45.97 ], [ 7.545888888888888, 45.961172222222224 ], [ 7.538680555555556, 45.954966666666671 ], [ 7.5222, 45.957591666666673 ], [ 7.517736111111111, 45.962127777777781 ], [ 7.507438888888889, 45.958188888888891 ], [ 7.499025, 45.962247222222224 ], [ 7.496111111111111, 45.959722222222226 ], [ 7.471475, 45.94745 ], [ 7.474994444444444, 45.93610833333333 ], [ 7.450833333333334, 45.925555555555555 ], [ 7.345833333333333, 45.796388888888885 ], [ 7.208055555555556, 45.652777777777779 ], [ 7.148472222222223, 45.590277777777779 ], [ 7.088888888888889, 45.527777777777779 ], [ 7.055277777777778, 45.4925 ], [ 7.021111111111111, 45.456388888888888 ], [ 7.153333333333333, 45.354166666666671 ], [ 7.156388888888889, 45.185833333333328 ], [ 7.157777777777778, 45.106111111111112 ], [ 7.16, 44.980277777777779 ], [ 7.128055555555555, 44.813888888888883 ], [ 7.0125, 44.8 ], [ 6.766666666666667, 44.8 ], [ 6.662497222222223, 44.990277777777777 ], [ 6.399172222222223, 45.465811111111115 ], [ 6.339722222222222, 45.572222222222223 ], [ 6.333333333333333, 45.583333333333336 ], [ 6.259761111111112, 45.652891666666662 ], [ 6.230555555555556, 45.680277777777775 ], [ 6.132441666666666, 45.772211111111112 ], [ 6.096555555555555, 45.80640833333333 ], [ 6.05, 45.85 ], [ 5.826938888888889, 46.020352777777774 ], [ 5.7, 46.116666666666667 ], [ 5.133333333333334, 46.233333333333334 ], [ 5.150525, 46.393797222222219 ], [ 5.161666666666667, 46.5 ], [ 5.183333333333334, 46.7 ], [ 5.41923888888889, 46.700169444444448 ], [ 5.462266666666667, 46.700147222222228 ], [ 5.583333333333333, 46.7 ], [ 5.820555555555555, 46.8725 ], [ 5.894027777777778, 46.92552222222222 ], [ 5.951111111111111, 46.966666666666669 ], [ 6.239166666666667, 47.063333333333333 ], [ 6.700461111111111, 47.070019444444448 ], [ 6.703630555555556, 47.082119444444444 ], [ 6.725891666666667, 47.091613888888894 ], [ 6.738033333333333, 47.089711111111114 ], [ 6.744916666666667, 47.092097222222222 ], [ 6.746625, 47.097588888888893 ], [ 6.741547222222223, 47.103225 ], [ 6.740111111111111, 47.108925 ], [ 6.739516666666667, 47.109966666666665 ], [ 6.746202777777778, 47.109819444444447 ], [ 6.752319444444445, 47.114863888888891 ], [ 6.766408333333334, 47.120975 ], [ 6.776222222222223, 47.121330555555559 ], [ 6.778697222222222, 47.12355 ], [ 6.805716666666666, 47.130808333333334 ], [ 6.807638888888889, 47.135405555555558 ], [ 6.815283333333333, 47.135583333333329 ], [ 6.81925, 47.1401 ], [ 6.824111111111111, 47.141747222222222 ], [ 6.827352777777778, 47.14639722222222 ], [ 6.830122222222222, 47.146322222222224 ], [ 6.839108333333333, 47.150372222222224 ], [ 6.839922222222222, 47.154197222222223 ], [ 6.849130555555555, 47.156180555555551 ], [ 6.858791666666666, 47.165177777777778 ], [ 6.843811111111111, 47.166147222222222 ], [ 6.840497222222222, 47.171755555555556 ], [ 6.86391111111111, 47.180566666666664 ], [ 6.866861111111112, 47.185577777777773 ], [ 6.873522222222222, 47.185655555555549 ], [ 6.872880555555556, 47.19015 ], [ 6.877788888888889, 47.195405555555553 ], [ 6.880144444444445, 47.200613888888888 ], [ 6.907122222222222, 47.214838888888892 ], [ 6.908355555555556, 47.217233333333333 ], [ 6.922419444444444, 47.221772222222221 ], [ 6.926994444444444, 47.225555555555559 ], [ 6.926733333333334, 47.227891666666672 ], [ 6.930533333333334, 47.230552777777781 ], [ 6.940558333333334, 47.231586111111113 ], [ 6.942613888888889, 47.23789166666667 ], [ 6.954838888888889, 47.243161111111114 ] ] ] } },
{ "type": "Feature", "properties": { "fir": "LSAS", "identifier": "LSAS:LSASGN:065-155", "name": "LSASGN", "level_lower": 65, "level_upper": 155 }, "geometry": { "type": "Polygon", "coordinates": [ [ [ 6.400077777777778, 46.779466666666664 ], [ 5.894027777777778, 46.92552222222222 ], [ 5.820555555555555, 46.8725 ], [ 5.583333333333333, 46.7 ], [ 5.462266666666667, 46.700147222222228 ], [ 5.41923888888889, 46.700169444444448 ], [ 5.433333333333334, 46.68333333333333 ], [ 5.586111111111111, 46.5 ], [ 5.606111111111111, 46.477222222222224 ], [ 5.81535, 46.4907 ], [ 5.890722222222221, 46.495555555555555 ], [ 6.110866666666666, 46.576225 ], [ 6.132222222222222, 46.589752777777782 ], [ 6.210288888888889, 46.639713888888892 ], [ 6.275008333333333, 46.683325 ], [ 6.392036111111111, 46.743127777777779 ], [ 6.440008333333334, 46.76777222222222 ], [ 6.400077777777778, 46.779466666666664 ] ] ] } },
{ "type": "Feature", "properties": { "fir": "LSAS", "identifier": "LSAS:LSASGN:195-245", "name": "LSASGN", "level_lower": 195, "level_upper": 245 }, "geometry": { "type": "Polygon", "coordinates": [ [ [ 6.494444444444444, 46.973333333333336 ], [ 6.4325, 46.925555555555555 ], [ 6.400077777777778, 46.779466666666664 ], [ 6.392036111111111, 46.743127777777779 ], [ 6.364922222222222, 46.387461111111108 ], [ 6.147222222222223, 46.239166666666669 ], [ 6.022222222222222, 46.154444444444444 ], [ 5.919744444444444, 46.220222222222226 ], [ 5.7, 46.116666666666667 ], [ 5.133333333333334, 46.233333333333334 ], [ 5.150525, 46.393797222222219 ], [ 5.161666666666667, 46.5 ], [ 5.183333333333334, 46.7 ], [ 5.41923888888889, 46.700169444444448 ], [ 5.462266666666667, 46.700147222222228 ], [ 5.583333333333333, 46.7 ], [ 5.820555555555555, 46.8725 ], [ 5.894027777777778, 46.92552222222222 ], [ 5.951111111111111, 46.966666666666669 ], [ 6.239166666666667, 47.063333333333333 ], [ 6.700461111111111, 47.070019444444448 ], [ 6.494444444444444, 46.973333333333336 ] ] ] } },
{ "type": "Feature", "properties": { "fir": "LSAS", "identifier": "LSAS:LSASGN:155-195", "name": "LSASGN", "level_lower": 155, "level_upper": 195 }, "geometry": { "type": "Polygon", "coordinates": [ [ [ 6.494444444444444, 46.973333333333336 ], [ 6.4325, 46.925555555555555 ], [ 6.400077777777778, 46.779466666666664 ], [ 6.392036111111111, 46.743127777777779 ], [ 6.364922222222222, 46.387461111111108 ], [ 6.147222222222223, 46.239166666666669 ], [ 6.132222222222222, 46.253888888888888 ], [ 6.049722222222222, 46.336666666666666 ], [ 5.932777777777778, 46.226388888888891 ], [ 5.7, 46.116666666666667 ], [ 5.570555555555555, 46.060277777777777 ], [ 5.576388888888888, 46.237222222222222 ], [ 5.407777777777778, 46.363333333333337 ], [ 5.21865, 46.5 ], [ 5.161666666666667, 46.5 ], [ 5.183333333333334, 46.7 ], [ 5.41923888888889, 46.700169444444448 ], [ 5.462266666666667, 46.700147222222228 ], [ 5.583333333333333, 46.7 ], [ 5.820555555555555, 46.8725 ], [ 5.894027777777778, 46.92552222222222 ], [ 5.951111111111111, 46.966666666666669 ], [ 6.239166666666667, 47.063333333333333 ], [ 6.700461111111111, 47.070019444444448 ], [ 6.494444444444444, 46.973333333333336 ] ] ] } },
{ "type": "Feature", "properties": { "fir": "LSAS", "identifier": "LSAS:LSASGN:145-155", "name": "LSASGN", "level_lower": 145, "level_upper": 155 }, "geometry": { "type": "Polygon", "coordinates": [ [ [ 5.183333333333334, 46.7 ], [ 5.41923888888889, 46.700169444444448 ], [ 5.433333333333334, 46.68333333333333 ], [ 5.586111111111111, 46.5 ], [ 5.606111111111111, 46.477222222222224 ], [ 5.407777777777778, 46.363333333333337 ], [ 5.21865, 46.5 ], [ 5.161666666666667, 46.5 ], [ 5.183333333333334, 46.7 ] ] ] } },
{ "type": "Feature", "properties": { "fir": "LSAS", "identifier": "LSAS:LSASGN-22:195-245", "name": "LSASGN-22", "level_lower": 195, "level_upper": 245 }, "geometry": { "type": "Polygon", "coordinates": [ [ [ 5.919744444444444, 46.220222222222226 ], [ 6.022222222222222, 46.154444444444444 ], [ 5.826938888888889, 46.020352777777774 ], [ 5.7, 46.116666666666667 ], [ 5.919744444444444, 46.220222222222226 ] ] ] } },
{ "type": "Feature", "properties": { "fir": "LSAS", "identifier": "LSAS:LSASGS:000-155", "name": "LSASGS", "level_lower": 0, "level_upper": 155 }, "geometry": { "type": "Polygon", "coordinates": [ [ [ 6.808152777777778, 46.288297222222219 ], [ 6.929825, 46.260947222222221 ], [ 7.061944444444444, 46.118611111111115 ], [ 7.185833333333334, 45.984166666666667 ], [ 7.334722222222222, 45.9725 ], [ 7.496111111111111, 45.959722222222226 ], [ 7.471475, 45.94745 ], [ 7.474994444444444, 45.93610833333333 ], [ 7.450833333333334, 45.925555555555555 ], [ 7.386930555555556, 45.897175 ], [ 7.292861111111111, 45.920108333333332 ], [ 7.276380555555556, 45.89908611111111 ], [ 7.256469444444445, 45.888094444444441 ], [ 7.218702777777778, 45.888572222222223 ], [ 7.200163888888889, 45.875188888888893 ], [ 7.200163888888889, 45.862280555555557 ], [ 7.189863888888889, 45.857497222222221 ], [ 7.156216666666667, 45.87853611111111 ], [ 7.116391666666666, 45.858933333333333 ], [ 7.099055555555555, 45.860605555555559 ], [ 7.046111111111111, 45.921944444444442 ], [ 7.007561111111111, 45.903388888888891 ], [ 6.998288888888889, 45.872561111111111 ], [ 6.907994444444445, 45.842191666666672 ], [ 6.879844444444445, 45.849127777777781 ], [ 6.868169444444445, 45.825211111111116 ], [ 6.841736111111111, 45.840041666666671 ], [ 6.819333333333333, 45.836572222222223 ], [ 6.806372222222222, 45.815638888888884 ], [ 6.813580555555555, 45.805827777777772 ], [ 6.813066666666667, 45.795294444444444 ], [ 6.80105, 45.779852777777776 ], [ 6.805513888888889, 45.768719444444443 ], [ 6.806716666666667, 45.747519444444443 ], [ 6.816155555555556, 45.740091666666665 ], [ 6.808602777777778, 45.726313888888889 ], [ 6.821944444444444, 45.715555555555561 ], [ 6.826972222222222, 45.702822222222224 ], [ 6.838644444444444, 45.701141666666672 ], [ 6.847569444444444, 45.68987222222222 ], [ 6.854438888888889, 45.687475 ], [ 6.856152777777777, 45.684594444444443 ], [ 6.867141666666667, 45.683877777777774 ], [ 6.868855555555556, 45.680038888888888 ], [ 6.878986111111112, 45.678538888888887 ], [ 6.882247222222222, 45.6792 ], [ 6.883277777777778, 45.680938888888889 ], [ 6.893491666666666, 45.675719444444439 ], [ 6.897694444444444, 45.677938888888889 ], [ 6.898983333333333, 45.6804 ], [ 6.902930555555556, 45.68075833333333 ], [ 6.906794444444444, 45.675841666666663 ], [ 6.905591666666667, 45.671283333333328 ], [ 6.907052777777778, 45.670563888888886 ], [ 6.902416666666667, 45.663786111111108 ], [ 6.916491666666667, 45.660186111111109 ], [ 6.915033333333334, 45.651847222222223 ], [ 6.932458333333334, 45.645905555555558 ], [ 6.961125, 45.654605555555555 ], [ 6.970222222222223, 45.653886111111113 ], [ 6.974772222222223, 45.64662777777778 ], [ 6.989791666666667, 45.64404722222222 ], [ 6.992538888888889, 45.639605555555555 ], [ 7.00095, 45.639847222222222 ], [ 7.001208333333333, 45.634686111111108 ], [ 6.996230555555556, 45.629044444444446 ], [ 6.987647222222222, 45.624002777777775 ], [ 6.983183333333334, 45.616916666666668 ], [ 6.986102777777778, 45.61331666666667 ], [ 6.978033333333333, 45.590377777777782 ], [ 6.982325, 45.581966666666673 ], [ 6.9952, 45.575477777777785 ], [ 6.996230555555556, 45.568269444444446 ], [ 6.989363888888889, 45.5631 ], [ 6.993483333333334, 45.54783611111111 ], [ 6.991594444444445, 45.530161111111113 ], [ 7.004813888888889, 45.518136111111112 ], [ 7.000005555555555, 45.504180555555557 ], [ 7.022322222222222, 45.496480555555557 ], [ 7.050475, 45.496480555555557 ], [ 7.055277777777778, 45.4925 ], [ 7.056483333333333, 45.487816666666667 ], [ 7.047386111111111, 45.482280555555555 ], [ 7.048072222222222, 45.472411111111114 ], [ 7.060088888888889, 45.470725 ], [ 7.065411111111111, 45.47421388888889 ], [ 7.103688888888889, 45.467475 ], [ 7.098369444444444, 45.460611111111113 ], [ 7.101113888888889, 45.453266666666671 ], [ 7.114675, 45.441463888888883 ], [ 7.113475, 45.433875 ], [ 7.151927777777778, 45.423275 ], [ 7.155875, 45.41725 ], [ 7.184541666666667, 45.406886111111106 ], [ 7.185572222222222, 45.402788888888885 ], [ 7.177675, 45.395194444444442 ], [ 7.17956388888889, 45.390491666666669 ], [ 7.174069444444445, 45.385430555555558 ], [ 7.164113888888889, 45.38301666666667 ], [ 7.157936111111112, 45.36915 ], [ 7.1636, 45.360588888888891 ], [ 7.153333333333333, 45.354166666666671 ], [ 7.152441666666667, 45.353469444444443 ], [ 7.136819444444445, 45.350455555555556 ], [ 7.131669444444444, 45.340925 ], [ 7.13458888888889, 45.331511111111112 ], [ 7.110833333333333, 45.320555555555558 ], [ 6.835555555555556, 45.503611111111113 ], [ 6.513888888888889, 45.716666666666669 ], [ 6.390833333333334, 45.797222222222217 ], [ 6.274222222222222, 45.873333333333335 ], [ 6.395255555555556, 45.993286111111111 ], [ 6.479444444444445, 46.076666666666668 ], [ 6.81, 46.236111111111114 ], [ 6.809444444444444, 46.253916666666669 ], [ 6.808152777777778, 46.288297222222219 ] ] ] } },
{ "type": "Feature", "properties": { "fir": "LSAS", "identifier": "LSAS:LSASGS:155-195", "name": "LSASGS", "level_lower": 155, "level_upper": 195 }, "geometry": { "type": "Polygon", "coordinates": [ [ [ 6.364922222222222, 46.387461111111108 ], [ 6.808152777777778, 46.288297222222219 ], [ 6.861388888888889, 46.276388888888889 ], [ 6.929825, 46.260947222222221 ], [ 7.061944444444444, 46.118611111111115 ], [ 7.185833333333334, 45.984166666666667 ], [ 7.334722222222222, 45.9725 ], [ 7.496111111111111, 45.959722222222226 ], [ 7.471475, 45.94745 ], [ 7.474994444444444, 45.93610833333333 ], [ 7.450833333333334, 45.925555555555555 ], [ 7.386930555555556, 45.897175 ], [ 7.292861111111111, 45.920108333333332 ], [ 7.276380555555556, 45.89908611111111 ], [ 7.256469444444445, 45.888094444444441 ], [ 7.218702777777778, 45.888572222222223 ], [ 7.200163888888889, 45.875188888888893 ], [ 7.200163888888889, 45.862280555555557 ], [ 7.189863888888889, 45.857497222222221 ], [ 7.156216666666667, 45.87853611111111 ], [ 7.116391666666666, 45.858933333333333 ], [ 7.099055555555555, 45.860605555555559 ], [ 7.046111111111111, 45.921944444444442 ], [ 7.007561111111111, 45.903388888888891 ], [ 6.998288888888889, 45.872561111111111 ], [ 6.907994444444445, 45.842191666666672 ], [ 6.879844444444445, 45.849127777777781 ], [ 6.868169444444445, 45.825211111111116 ], [ 6.841736111111111, 45.840041666666671 ], [ 6.819333333333333, 45.836572222222223 ], [ 6.806372222222222, 45.815638888888884 ], [ 6.813580555555555, 45.805827777777772 ], [ 6.813066666666667, 45.795294444444444 ], [ 6.80105, 45.779852777777776 ], [ 6.805513888888889, 45.768719444444443 ], [ 6.806716666666667, 45.747519444444443 ], [ 6.816155555555556, 45.740091666666665 ], [ 6.808602777777778, 45.726313888888889 ], [ 6.821944444444444, 45.715555555555561 ], [ 6.826972222222222, 45.702822222222224 ], [ 6.838644444444444, 45.701141666666672 ], [ 6.847569444444444, 45.68987222222222 ], [ 6.854438888888889, 45.687475 ], [ 6.856152777777777, 45.684594444444443 ], [ 6.867141666666667, 45.683877777777774 ], [ 6.868855555555556, 45.680038888888888 ], [ 6.878986111111112, 45.678538888888887 ], [ 6.882247222222222, 45.6792 ], [ 6.883277777777778, 45.680938888888889 ], [ 6.893491666666666, 45.675719444444439 ], [ 6.897694444444444, 45.677938888888889 ], [ 6.898983333333333, 45.6804 ], [ 6.902930555555556, 45.68075833333333 ], [ 6.906794444444444, 45.675841666666663 ], [ 6.905591666666667, 45.671283333333328 ], [ 6.907052777777778, 45.670563888888886 ], [ 6.902416666666667, 45.663786111111108 ], [ 6.916491666666667, 45.660186111111109 ], [ 6.915033333333334, 45.651847222222223 ], [ 6.932458333333334, 45.645905555555558 ], [ 6.961125, 45.654605555555555 ], [ 6.970222222222223, 45.653886111111113 ], [ 6.974772222222223, 45.64662777777778 ], [ 6.989791666666667, 45.64404722222222 ], [ 6.992538888888889, 45.639605555555555 ], [ 7.00095, 45.639847222222222 ], [ 7.001208333333333, 45.634686111111108 ], [ 6.996230555555556, 45.629044444444446 ], [ 6.987647222222222, 45.624002777777775 ], [ 6.983183333333334, 45.616916666666668 ], [ 6.986102777777778, 45.61331666666667 ], [ 6.978033333333333, 45.590377777777782 ], [ 6.982325, 45.581966666666673 ], [ 6.9952, 45.575477777777785 ], [ 6.996230555555556, 45.568269444444446 ], [ 6.989363888888889, 45.5631 ], [ 6.993483333333334, 45.54783611111111 ], [ 6.991594444444445, 45.530161111111113 ], [ 7.004813888888889, 45.518136111111112 ], [ 7.000005555555555, 45.504180555555557 ], [ 7.022322222222222, 45.496480555555557 ], [ 7.050475, 45.496480555555557 ], [ 7.055277777777778, 45.4925 ], [ 7.056483333333333, 45.487816666666667 ], [ 7.047386111111111, 45.482280555555555 ], [ 7.048072222222222, 45.472411111111114 ], [ 7.060088888888889, 45.470725 ], [ 7.065411111111111, 45.47421388888889 ], [ 7.103688888888889, 45.467475 ], [ 7.098369444444444, 45.460611111111113 ], [ 7.101113888888889, 45.453266666666671 ], [ 7.114675, 45.441463888888883 ], [ 7.113475, 45.433875 ], [ 7.151927777777778, 45.423275 ], [ 7.155875, 45.41725 ], [ 7.184541666666667, 45.406886111111106 ], [ 7.185572222222222, 45.402788888888885 ], [ 7.177675, 45.395194444444442 ], [ 7.17956388888889, 45.390491666666669 ], [ 7.174069444444445, 45.385430555555558 ], [ 7.164113888888889, 45.38301666666667 ], [ 7.157936111111112, 45.36915 ], [ 7.1636, 45.360588888888891 ], [ 7.153333333333333, 45.354166666666671 ], [ 7.152441666666667, 45.353469444444443 ], [ 7.136819444444445, 45.350455555555556 ], [ 7.131669444444444, 45.340925 ], [ 7.13458888888889, 45.331511111111112 ], [ 7.110833333333333, 45.320555555555558 ], [ 6.835555555555556, 45.503611111111113 ], [ 6.513888888888889, 45.716666666666669 ], [ 6.390833333333334, 45.797222222222217 ], [ 6.274222222222222, 45.873333333333335 ], [ 6.204166666666667, 45.918888888888887 ], [ 6.183611111111111, 45.932222222222222 ], [ 6.238333333333333, 45.987777777777779 ], [ 6.316388888888889, 46.0691 ], [ 6.173108333333333, 46.213175 ], [ 6.147222222222223, 46.239166666666669 ], [ 6.364922222222222, 46.387461111111108 ] ] ] } },
{ "type": "Feature", "properties": { "fir": "LSAS", "identifier": "LSAS:LSASGS:195-245", "name": "LSASGS", "level_lower": 195, "level_upper": 245 }, "geometry": { "type": "Polygon", "coordinates": [ [ [ 6.364922222222222, 46.387461111111108 ], [ 6.808152777777778, 46.288297222222219 ], [ 6.861388888888889, 46.276388888888889 ], [ 6.929825, 46.260947222222221 ], [ 7.379722222222222, 46.159444444444446 ], [ 7.665277777777778, 46.3925 ], [ 7.802616666666666, 46.509805555555559 ], [ 7.991525, 46.514125 ], [ 8.223333333333333, 46.330833333333338 ], [ 8.211763888888887, 46.309469444444439 ], [ 8.195455555555556, 46.302591666666665 ], [ 8.179319444444443, 46.297847222222224 ], [ 8.15975, 46.29571111111111 ], [ 8.140180555555554, 46.303063888888886 ], [ 8.080277777777777, 46.260555555555555 ], [ 8.109969444444443, 46.249672222222223 ], [ 8.115805555555555, 46.236377777777776 ], [ 8.138808333333333, 46.225688888888889 ], [ 8.153227777777778, 46.191475 ], [ 8.166616666666666, 46.181730555555554 ], [ 8.165244444444445, 46.1765 ], [ 8.151511111111111, 46.165802777777778 ], [ 8.153569444444445, 46.14725277777778 ], [ 8.147391666666666, 46.139402777777775 ], [ 8.117177777777778, 46.131075 ], [ 8.109969444444443, 46.1118 ], [ 8.034438888888889, 46.10085 ], [ 8.022077777777779, 46.074180555555557 ], [ 8.035125, 46.043688888888887 ], [ 8.022077777777779, 46.038683333333331 ], [ 8.013494444444444, 46.030580555555552 ], [ 8.012808333333334, 46.011508333333332 ], [ 8.00113611111111, 46.012222222222221 ], [ 7.9925, 46.003888888888888 ], [ 7.989463888888889, 45.996483333333337 ], [ 7.966666666666667, 46.0 ], [ 7.907222222222223, 45.994444444444447 ], [ 7.894105555555555, 45.978533333333338 ], [ 7.878225, 45.9737 ], [ 7.877222222222223, 45.954444444444448 ], [ 7.876852777777779, 45.948522222222216 ], [ 7.8705, 45.947805555555554 ], [ 7.868441666666667, 45.93610833333333 ], [ 7.877025, 45.927152777777778 ], [ 7.87238888888889, 45.920466666666663 ], [ 7.862605555555556, 45.917122222222218 ], [ 7.820375, 45.927033333333334 ], [ 7.803211111111111, 45.921063888888888 ], [ 7.766988888888889, 45.937302777777774 ], [ 7.748105555555556, 45.940166666666663 ], [ 7.734375, 45.924886111111107 ], [ 7.719611111111111, 45.923452777777776 ], [ 7.707252777777778, 45.935152777777773 ], [ 7.710341666666666, 45.948044444444442 ], [ 7.699011111111111, 45.954727777777784 ], [ 7.681158333333333, 45.957116666666671 ], [ 7.667769444444445, 45.974775 ], [ 7.658155555555556, 45.976683333333334 ], [ 7.638586111111111, 45.969525 ], [ 7.619016666666667, 45.97215 ], [ 7.609061111111111, 45.968811111111116 ], [ 7.581938888888889, 45.971911111111112 ], [ 7.576444444444444, 45.986941666666667 ], [ 7.546575, 45.98575 ], [ 7.545, 45.97 ], [ 7.545888888888888, 45.961172222222224 ], [ 7.538680555555556, 45.954966666666671 ], [ 7.5222, 45.957591666666673 ], [ 7.517736111111111, 45.962127777777781 ], [ 7.507438888888889, 45.958188888888891 ], [ 7.499025, 45.962247222222224 ], [ 7.496111111111111, 45.959722222222226 ], [ 7.471475, 45.94745 ], [ 7.474994444444444, 45.93610833333333 ], [ 7.450833333333334, 45.925555555555555 ], [ 7.345833333333333, 45.796388888888885 ], [ 7.208055555555556, 45.652777777777779 ], [ 7.148472222222223, 45.590277777777779 ], [ 7.088888888888889, 45.527777777777779 ], [ 7.055277777777778, 45.4925 ], [ 7.021111111111111, 45.456388888888888 ], [ 7.153333333333333, 45.354166666666671 ], [ 7.156388888888889, 45.185833333333328 ], [ 7.157777777777778, 45.106111111111112 ], [ 7.16, 44.980277777777779 ], [ 7.128055555555555, 44.813888888888883 ], [ 7.0125, 44.8 ], [ 6.766666666666667, 44.8 ], [ 6.662497222222223, 44.990277777777777 ], [ 6.399172222222223, 45.465811111111115 ], [ 6.339722222222222, 45.572222222222223 ], [ 6.333333333333333, 45.583333333333336 ], [ 6.259761111111112, 45.652891666666662 ], [ 6.230555555555556, 45.680277777777775 ], [ 6.132441666666666, 45.772211111111112 ], [ 6.158611111111111, 45.836111111111116 ], [ 6.260647222222222, 45.950411111111116 ], [ 6.164544444444445, 46.062511111111107 ], [ 6.022222222222222, 46.154444444444444 ], [ 6.147222222222223, 46.239166666666669 ], [ 6.364922222222222, 46.387461111111108 ] ] ] } },
{ "type": "Feature", "properties": { "fir": "LSAS", "identifier": "LSAS:LSASGS-22:195-245", "name": "LSASGS-22", "level_lower": 195, "level_upper": 245 }, "geometry": { "type": "Polygon", "coordinates": [ [ [ 6.022222222222222, 46.154444444444444 ], [ 6.164544444444445, 46.062511111111107 ], [ 6.260647222222222, 45.950411111111116 ], [ 6.158611111111111, 45.836111111111116 ], [ 6.132441666666666, 45.772211111111112 ], [ 6.096555555555555, 45.80640833333333 ], [ 6.05, 45.85 ], [ 5.826938888888889, 46.020352777777774 ], [ 6.022222222222222, 46.154444444444444 ] ] ] } },
{ "type": "Feature", "properties": { "fir": "LSAS", "identifier": "LSAS:LSASGS-BAUGES:125-195", "name": "LSASGS-BAUGES", "level_lower": 125, "level_upper": 195 }, "geometry": { "type": "Polygon", "coordinates": [ [ [ 6.183611111111111, 45.932222222222222 ], [ 6.204166666666667, 45.918888888888887 ], [ 6.274222222222222, 45.873333333333335 ], [ 6.390833333333334, 45.797222222222217 ], [ 6.363333333333333, 45.672222222222217 ], [ 6.255277777777778, 45.708333333333336 ], [ 6.230555555555556, 45.680277777777775 ], [ 6.132441666666666, 45.772211111111112 ], [ 6.096555555555555, 45.80640833333333 ], [ 6.101388888888889, 45.843888888888891 ], [ 6.129166666666666, 45.87361111111111 ], [ 6.183611111111111, 45.932222222222222 ] ] ] } },
{ "type": "Feature", "properties": { "fir": "LSAS", "identifier": "LSAS:LSASGS-BELLEDONNE:145-195", "name": "LSASGS-BELLEDONNE", "level_lower": 145, "level_upper": 195 }, "geometry": { "type": "Polygon", "coordinates": [ [ [ 6.363333333333333, 45.672222222222217 ], [ 6.255277777777778, 45.708333333333336 ], [ 6.230555555555556, 45.680277777777775 ], [ 6.259761111111112, 45.652891666666662 ], [ 6.333333333333333, 45.583333333333336 ], [ 6.339722222222222, 45.572222222222223 ], [ 6.363333333333333, 45.672222222222217 ] ] ] } },
{ "type": "Feature", "properties": { "fir": "LSAS", "identifier": "LSAS:LSASGS-VANOISE:175-195", "name": "LSASGS-VANOISE", "level_lower": 175, "level_upper": 195 }, "geometry": { "type": "Polygon", "coordinates": [ [ [ 6.363333333333333, 45.672222222222217 ], [ 6.339722222222222, 45.572222222222223 ], [ 6.399172222222223, 45.465811111111115 ], [ 6.746861111111111, 45.457166666666673 ], [ 6.835555555555556, 45.503611111111113 ], [ 6.513888888888889, 45.716666666666669 ], [ 6.390833333333334, 45.797222222222217 ], [ 6.363333333333333, 45.672222222222217 ] ] ] } },
{ "type": "Feature", "properties": { "fir": "LSAS", "identifier": "LSAS:LSGG-APP:155-195", "name": "LSGG-APP", "level_lower": 155, "level_upper": 195 }, "geometry": { "type": "Polygon", "coordinates": [ [ [ 6.049722222222222, 46.336666666666666 ], [ 6.132222222222222, 46.253888888888888 ], [ 6.147222222222223, 46.239166666666669 ], [ 6.173108333333333, 46.213175 ], [ 6.316388888888889, 46.0691 ], [ 6.238333333333333, 45.987777777777779 ], [ 6.183611111111111, 45.932222222222222 ], [ 6.129166666666666, 45.87361111111111 ], [ 6.101388888888889, 45.843888888888891 ], [ 6.096555555555555, 45.80640833333333 ], [ 5.976944444444444, 45.775277777777774 ], [ 5.701111111111111, 45.744722222222222 ], [ 5.554813888888889, 45.796663888888887 ], [ 5.581388888888888, 45.828888888888891 ], [ 5.662708333333334, 45.927961111111109 ], [ 5.659472222222223, 45.92926111111111 ], [ 5.63365, 45.944536111111105 ], [ 5.611597222222222, 45.962425 ], [ 5.600277777777777, 45.975277777777777 ], [ 5.593855555555555, 45.982488888888888 ], [ 5.580861111111111, 46.004238888888892 ], [ 5.572936111111111, 46.027138888888885 ], [ 5.570269444444444, 46.050627777777777 ], [ 5.570555555555555, 46.060277777777777 ], [ 5.7, 46.116666666666667 ], [ 5.932777777777778, 46.226388888888891 ], [ 6.049722222222222, 46.336666666666666 ] ] ] } },
{ "type": "Feature", "properties": { "fir": "LSAS", "identifier": "LSAS:LSGG-APP:115-155", "name": "LSGG-APP", "level_lower": 115, "level_upper": 155 }, "geometry": { "type": "Polygon", "coordinates": [ [ [ 6.129166666666666, 45.87361111111111 ], [ 5.581388888888888, 45.828888888888891 ], [ 5.554813888888889, 45.796663888888887 ], [ 5.489444444444445, 45.716666666666669 ], [ 5.498055555555555, 45.685555555555553 ], [ 5.983333333333333, 45.632222222222225 ], [ 6.087777777777777, 45.620555555555555 ], [ 6.096555555555555, 45.80640833333333 ], [ 6.101388888888889, 45.843888888888891 ], [ 6.129166666666666, 45.87361111111111 ] ] ] } },
{ "type": "Feature", "properties": { "fir": "LSAS", "identifier": "LSAS:LSGG-APP:095-155", "name": "LSGG-APP", "level_lower": 95, "level_upper": 155 }, "geometry": { "type": "Polygon", "coordinates": [ [ [ 6.129166666666666, 45.87361111111111 ], [ 5.581388888888888, 45.828888888888891 ], [ 5.662708333333334, 45.927961111111109 ], [ 5.688425, 45.916977777777774 ], [ 5.719794444444444, 45.907980555555554 ], [ 5.752813888888888, 45.902494444444443 ], [ 5.758055555555556, 45.901944444444446 ], [ 5.786666666666666, 45.90065 ], [ 5.820516666666666, 45.902494444444443 ], [ 5.853536111111111, 45.907980555555554 ], [ 5.884905555555555, 45.916977777777774 ], [ 5.910833333333334, 45.928055555555552 ], [ 5.918055555555556, 45.9325 ], [ 6.159166666666667, 46.048888888888889 ], [ 6.238333333333333, 45.987777777777779 ], [ 6.242222222222222, 45.985 ], [ 6.256666666666667, 45.973611111111111 ], [ 6.204166666666667, 45.918888888888887 ], [ 6.183611111111111, 45.932222222222222 ], [ 6.129166666666666, 45.87361111111111 ] ] ] } },
{ "type": "Feature", "properties": { "fir": "LSAS", "identifier": "LSAS:LSGG-APP-04:000-155", "name": "LSGG-APP-04", "level_lower": 0, "level_upper": 155 }, "geometry": { "type": "Polygon", "coordinates": [ [ [ 5.890722222222221, 46.495555555555555 ], [ 6.049722222222222, 46.336666666666666 ], [ 6.132222222222222, 46.253888888888888 ], [ 6.479444444444445, 46.076666666666668 ], [ 6.395255555555556, 45.993286111111111 ], [ 6.274222222222222, 45.873333333333335 ], [ 6.204166666666667, 45.918888888888887 ], [ 6.256666666666667, 45.973611111111111 ], [ 6.242222222222222, 45.985 ], [ 6.238333333333333, 45.987777777777779 ], [ 6.159166666666667, 46.048888888888889 ], [ 5.918055555555556, 45.9325 ], [ 5.910833333333334, 45.928055555555552 ], [ 5.884905555555555, 45.916977777777774 ], [ 5.853536111111111, 45.907980555555554 ], [ 5.820516666666666, 45.902494444444443 ], [ 5.786666666666666, 45.90065 ], [ 5.758055555555556, 45.901944444444446 ], [ 5.752813888888888, 45.902494444444443 ], [ 5.719794444444444, 45.907980555555554 ], [ 5.688425, 45.916977777777774 ], [ 5.662708333333334, 45.927961111111109 ], [ 5.659472222222223, 45.92926111111111 ], [ 5.63365, 45.944536111111105 ], [ 5.611597222222222, 45.962425 ], [ 5.600277777777777, 45.975277777777777 ], [ 5.593855555555555, 45.982488888888888 ], [ 5.580861111111111, 46.004238888888892 ], [ 5.572936111111111, 46.027138888888885 ], [ 5.570269444444444, 46.050627777777777 ], [ 5.570555555555555, 46.060277777777777 ], [ 5.572936111111111, 46.074127777777782 ], [ 5.580861111111111, 46.097055555555556 ], [ 5.593855555555555, 46.11885 ], [ 5.611597222222222, 46.138972222222222 ], [ 5.63365, 46.156925 ], [ 5.659472222222223, 46.172261111111112 ], [ 5.661666666666667, 46.173333333333332 ], [ 5.801111111111111, 46.242222222222225 ], [ 5.743333333333333, 46.312222222222218 ], [ 5.606111111111111, 46.477222222222224 ], [ 5.81535, 46.4907 ], [ 5.890722222222221, 46.495555555555555 ] ] ] } },
{ "type": "Feature", "properties": { "fir": "LSAS", "identifier": "LSAS:LSGG-APP-04:075-155", "name": "LSGG-APP-04", "level_lower": 75, "level_upper": 155 }, "geometry": { "type": "Polygon", "coordinates": [ [ [ 5.606111111111111, 46.477222222222224 ], [ 5.407777777777778, 46.363333333333337 ], [ 5.576388888888888, 46.237222222222222 ], [ 5.570555555555555, 46.060277777777777 ], [ 5.572936111111111, 46.074127777777782 ], [ 5.580861111111111, 46.097055555555556 ], [ 5.593855555555555, 46.11885 ], [ 5.611597222222222, 46.138972222222222 ], [ 5.63365, 46.156925 ], [ 5.659472222222223, 46.172261111111112 ], [ 5.661666666666667, 46.173333333333332 ], [ 5.801111111111111, 46.242222222222225 ], [ 5.743333333333333, 46.312222222222218 ], [ 5.606111111111111, 46.477222222222224 ] ] ] } },
{ "type": "Feature", "properties": { "fir": "LSAS", "identifier": "LSAS:LSGG-APP-04-1:095-155", "name": "LSGG-APP-04-1", "level_lower": 95, "level_upper": 155 }, "geometry": { "type": "Polygon", "coordinates": [ [ [ 6.132222222222222, 46.589752777777782 ], [ 6.132222222222222, 46.253888888888888 ], [ 6.049722222222222, 46.336666666666666 ], [ 5.890722222222221, 46.495555555555555 ], [ 6.110866666666666, 46.576225 ], [ 6.132222222222222, 46.589752777777782 ] ] ] } },
{ "type": "Feature", "properties": { "fir": "LSAS", "identifier": "LSAS:LSGG-APP-22:000-155", "name": "LSGG-APP-22", "level_lower": 0, "level_upper": 155 }, "geometry": { "type": "Polygon", "coordinates": [ [ [ 6.440008333333334, 46.76777222222222 ], [ 6.557222222222222, 46.733333333333334 ], [ 6.616944444444445, 46.715833333333336 ], [ 6.736666666666666, 46.680833333333332 ], [ 6.750555555555556, 46.676666666666662 ], [ 6.753611111111111, 46.657222222222224 ], [ 6.900555555555556, 46.545833333333334 ], [ 6.801388888888889, 46.469166666666666 ], [ 6.805, 46.367222222222225 ], [ 6.805277777777778, 46.358611111111109 ], [ 6.806861111111111, 46.32416666666667 ], [ 6.806944444444444, 46.320555555555558 ], [ 6.808152777777778, 46.288297222222219 ], [ 6.809444444444444, 46.253916666666669 ], [ 6.81, 46.236111111111114 ], [ 6.479444444444445, 46.076666666666668 ], [ 6.132222222222222, 46.253888888888888 ], [ 6.049722222222222, 46.336666666666666 ], [ 5.890722222222221, 46.495555555555555 ], [ 6.110866666666666, 46.576225 ], [ 6.132222222222222, 46.589752777777782 ], [ 6.210288888888889, 46.639713888888892 ], [ 6.275008333333333, 46.683325 ], [ 6.392036111111111, 46.743127777777779 ], [ 6.440008333333334, 46.76777222222222 ] ] ] } },
{ "type": "Feature", "properties": { "fir": "LSAS", "identifier": "LSAS:LSGG-APP-22:125-155", "name": "LSGG-APP-22", "level_lower": 125, "level_upper": 155 }, "geometry": { "type": "Polygon", "coordinates": [ [ [ 5.81535, 46.4907 ], [ 5.951163888888889, 46.33730555555556 ], [ 6.132222222222222, 46.253888888888888 ], [ 6.147222222222223, 46.239166666666669 ], [ 6.173108333333333, 46.213175 ], [ 6.316388888888889, 46.0691 ], [ 6.395255555555556, 45.993286111111111 ], [ 6.274222222222222, 45.873333333333335 ], [ 6.204166666666667, 45.918888888888887 ], [ 6.256666666666667, 45.973611111111111 ], [ 6.242222222222222, 45.985 ], [ 6.238333333333333, 45.987777777777779 ], [ 6.159166666666667, 46.048888888888889 ], [ 5.918055555555556, 45.9325 ], [ 5.910833333333334, 45.928055555555552 ], [ 5.884905555555555, 45.916977777777774 ], [ 5.853536111111111, 45.907980555555554 ], [ 5.820516666666666, 45.902494444444443 ], [ 5.786666666666666, 45.90065 ], [ 5.758055555555556, 45.901944444444446 ], [ 5.752813888888888, 45.902494444444443 ], [ 5.719794444444444, 45.907980555555554 ], [ 5.688425, 45.916977777777774 ], [ 5.662708333333334, 45.927961111111109 ], [ 5.659472222222223, 45.92926111111111 ], [ 5.63365, 45.944536111111105 ], [ 5.611597222222222, 45.962425 ], [ 5.600277777777777, 45.975277777777777 ], [ 5.593855555555555, 45.982488888888888 ], [ 5.580861111111111, 46.004238888888892 ], [ 5.572936111111111, 46.027138888888885 ], [ 5.570269444444444, 46.050627777777777 ], [ 5.570555555555555, 46.060277777777777 ], [ 5.572936111111111, 46.074127777777782 ], [ 5.580861111111111, 46.097055555555556 ], [ 5.593855555555555, 46.11885 ], [ 5.611597222222222, 46.138972222222222 ], [ 5.63365, 46.156925 ], [ 5.659472222222223, 46.172261111111112 ], [ 5.661666666666667, 46.173333333333332 ], [ 5.801111111111111, 46.242222222222225 ], [ 5.743333333333333, 46.312222222222218 ], [ 5.606111111111111, 46.477222222222224 ], [ 5.81535, 46.4907 ] ] ] } },
{ "type": "Feature", "properties": { "fir": "LSAS", "identifier": "LSAS:LSGG-DEP-04-1:000-095", "name": "LSGG-DEP-04-1", "level_lower": 0, "level_upper": 95 }, "geometry": { "type": "Polygon", "coordinates": [ [ [ 5.890722222222221, 46.495555555555555 ], [ 6.110866666666666, 46.576225 ], [ 6.132222222222222, 46.589752777777782 ], [ 6.132222222222222, 46.253888888888888 ], [ 6.049722222222222, 46.336666666666666 ], [ 5.890722222222221, 46.495555555555555 ] ] ] } },
{ "type": "Feature", "properties": { "fir": "LSAS", "identifier": "LSAS:LSGG-DEP-22:000-125", "name": "LSGG-DEP-22", "level_lower": 0, "level_upper": 125 }, "geometry": { "type": "Polygon", "coordinates": [ [ [ 5.81535, 46.4907 ], [ 5.951163888888889, 46.33730555555556 ], [ 6.132222222222222, 46.253888888888888 ], [ 6.147222222222223, 46.239166666666669 ], [ 6.173108333333333, 46.213175 ], [ 6.316388888888889, 46.0691 ], [ 6.395255555555556, 45.993286111111111 ], [ 6.274222222222222, 45.873333333333335 ], [ 6.204166666666667, 45.918888888888887 ], [ 6.256666666666667, 45.973611111111111 ], [ 6.242222222222222, 45.985 ], [ 6.238333333333333, 45.987777777777779 ], [ 6.159166666666667, 46.048888888888889 ], [ 5.918055555555556, 45.9325 ], [ 5.910833333333334, 45.928055555555552 ], [ 5.884905555555555, 45.916977777777774 ], [ 5.853536111111111, 45.907980555555554 ], [ 5.820516666666666, 45.902494444444443 ], [ 5.786666666666666, 45.90065 ], [ 5.758055555555556, 45.901944444444446 ], [ 5.752813888888888, 45.902494444444443 ], [ 5.719794444444444, 45.907980555555554 ], [ 5.688425, 45.916977777777774 ], [ 5.662708333333334, 45.927961111111109 ], [ 5.659472222222223, 45.92926111111111 ], [ 5.63365, 45.944536111111105 ], [ 5.611597222222222, 45.962425 ], [ 5.600277777777777, 45.975277777777777 ], [ 5.593855555555555, 45.982488888888888 ], [ 5.580861111111111, 46.004238888888892 ], [ 5.572936111111111, 46.027138888888885 ], [ 5.570269444444444, 46.050627777777777 ], [ 5.570555555555555, 46.060277777777777 ], [ 5.572936111111111, 46.074127777777782 ], [ 5.580861111111111, 46.097055555555556 ], [ 5.593855555555555, 46.11885 ], [ 5.611597222222222, 46.138972222222222 ], [ 5.63365, 46.156925 ], [ 5.659472222222223, 46.172261111111112 ], [ 5.661666666666667, 46.173333333333332 ], [ 5.801111111111111, 46.242222222222225 ], [ 5.743333333333333, 46.312222222222218 ], [ 5.606111111111111, 46.477222222222224 ], [ 5.81535, 46.4907 ] ] ] } },
{ "type": "Feature", "properties": { "fir": "LSAS", "identifier": "LSAS:LSGG-DEP-22:075-155", "name": "LSGG-DEP-22", "level_lower": 75, "level_upper": 155 }, "geometry": { "type": "Polygon", "coordinates": [ [ [ 5.606111111111111, 46.477222222222224 ], [ 5.407777777777778, 46.363333333333337 ], [ 5.576388888888888, 46.237222222222222 ], [ 5.570555555555555, 46.060277777777777 ], [ 5.572936111111111, 46.074127777777782 ], [ 5.580861111111111, 46.097055555555556 ], [ 5.593855555555555, 46.11885 ], [ 5.611597222222222, 46.138972222222222 ], [ 5.63365, 46.156925 ], [ 5.659472222222223, 46.172261111111112 ], [ 5.661666666666667, 46.173333333333332 ], [ 5.801111111111111, 46.242222222222225 ], [ 5.743333333333333, 46.312222222222218 ], [ 5.606111111111111, 46.477222222222224 ] ] ] } },
{ "type": "Feature", "properties": { "fir": "LSAS", "identifier": "LSAS:LSGG-FIN-04:020-085", "name": "LSGG-FIN-04", "level_lower": 20, "level_upper": 85 }, "geometry": { "type": "Polygon", "coordinates": [ [ [ 6.076783333333333, 46.216166666666666 ], [ 6.159166666666667, 46.048888888888889 ], [ 5.918055555555556, 45.9325 ], [ 5.910833333333334, 45.928055555555552 ], [ 5.884905555555555, 45.916977777777774 ], [ 5.853536111111111, 45.907980555555554 ], [ 5.820516666666666, 45.902494444444443 ], [ 5.786666666666666, 45.90065 ], [ 5.758055555555556, 45.901944444444446 ], [ 5.752813888888888, 45.902494444444443 ], [ 5.719794444444444, 45.907980555555554 ], [ 5.688425, 45.916977777777774 ], [ 5.662708333333334, 45.927961111111109 ], [ 5.659472222222223, 45.92926111111111 ], [ 5.63365, 45.944536111111105 ], [ 5.611597222222222, 45.962425 ], [ 5.600277777777777, 45.975277777777777 ], [ 5.593855555555555, 45.982488888888888 ], [ 5.580861111111111, 46.004238888888892 ], [ 5.572936111111111, 46.027138888888885 ], [ 5.570269444444444, 46.050627777777777 ], [ 5.570555555555555, 46.060277777777777 ], [ 5.572936111111111, 46.074127777777782 ], [ 5.580861111111111, 46.097055555555556 ], [ 5.593855555555555, 46.11885 ], [ 5.611597222222222, 46.138972222222222 ], [ 5.63365, 46.156925 ], [ 5.659472222222223, 46.172261111111112 ], [ 5.661666666666667, 46.173333333333332 ], [ 5.801111111111111, 46.242222222222225 ], [ 6.076783333333333, 46.216166666666666 ] ] ] } }
]
}
