{
"type": "FeatureCollection",
"name": "LFMM_Airspace",
"crs": { "type": "name", "properties": { "name": "urn:ogc:def:crs:OGC:1.3:CRS84" } },
"features": [
{ "type": "Feature", "properties": { "fir": "LFMM", "identifier": "LFMM:A1 1 UAC:195-245", "name": "A1 1 UAC", "level_lower": 195, "level_upper": 245 }, "geometry": { "type": "Polygon", "coordinates": [ [ [ 5.495555555555556, 44.987777777777779 ], [ 5.772777777777778, 44.972777777777779 ], [ 6.14, 44.538333333333334 ], [ 6.285, 44.365277777777777 ], [ 6.029722222222222, 43.943333333333328 ], [ 5.6275, 44.158055555555556 ], [ 5.366666666666666, 44.363888888888887 ], [ 5.362566666666666, 44.522166666666664 ], [ 5.366111111111111, 44.538333333333334 ], [ 5.352222222222222, 44.666666666666664 ], [ 5.336388888888888, 44.87 ], [ 5.495555555555556, 44.987777777777779 ] ] ] } },
{ "type": "Feature", "properties": { "fir": "LFMM", "identifier": "LFMM:A1 2 UAC:245-305", "name": "A1 2 UAC", "level_lower": 245, "level_upper": 305 }, "geometry": { "type": "Polygon", "coordinates": [ [ [ 5.495555555555556, 44.987777777777779 ], [ 5.772777777777778, 44.972777777777779 ], [ 6.14, 44.538333333333334 ], [ 6.285, 44.365277777777777 ], [ 6.029722222222222, 43.943333333333328 ], [ 5.975, 43.841666666666669 ], [ 5.95, 43.658333333333331 ], [ 5.929166666666667, 43.630833333333335 ], [ 5.899444444444444, 43.614722222222227 ], [ 5.861388888888889, 43.602222222222224 ], [ 5.826388888888888, 43.596388888888889 ], [ 5.791388888888889, 43.595833333333339 ], [ 5.751111111111111, 43.599444444444444 ], [ 5.711388888888889, 43.613333333333337 ], [ 5.676388888888889, 43.633055555555558 ], [ 5.428055555555556, 43.791111111111107 ], [ 5.277777777777778, 43.95 ], [ 5.175, 43.95 ], [ 5.041666666666667, 44.65 ], [ 5.336388888888888, 44.87 ], [ 5.495555555555556, 44.987777777777779 ] ] ] } },
{ "type": "Feature", "properties": { "fir": "LFMM", "identifier": "LFMM:A2 UAC:305-355", "name": "A2 UAC", "level_lower": 305, "level_upper": 355 }, "geometry": { "type": "Polygon", "coordinates": [ [ [ 6.285, 44.365277777777777 ], [ 6.029722222222222, 43.943333333333328 ], [ 5.975, 43.841666666666669 ], [ 5.95, 43.658333333333331 ], [ 5.929166666666667, 43.630833333333335 ], [ 5.899444444444444, 43.614722222222227 ], [ 5.861388888888889, 43.602222222222224 ], [ 5.826388888888888, 43.596388888888889 ], [ 5.791388888888889, 43.595833333333339 ], [ 5.751111111111111, 43.599444444444444 ], [ 5.711388888888889, 43.613333333333337 ], [ 5.676388888888889, 43.633055555555558 ], [ 5.428055555555556, 43.791111111111107 ], [ 5.277777777777778, 43.95 ], [ 5.175, 43.95 ], [ 5.041666666666667, 44.65 ], [ 5.336388888888888, 44.87 ], [ 5.495555555555556, 44.987777777777779 ], [ 5.772777777777778, 44.972777777777779 ], [ 6.14, 44.538333333333334 ], [ 6.285, 44.365277777777777 ] ] ] } },
{ "type": "Feature", "properties": { "fir": "LFMM", "identifier": "LFMM:A3 UAC:355-375", "name": "A3 UAC", "level_lower": 355, "level_upper": 375 }, "geometry": { "type": "Polygon", "coordinates": [ [ [ 5.495555555555556, 44.987777777777779 ], [ 5.772777777777778, 44.972777777777779 ], [ 6.14, 44.538333333333334 ], [ 6.285, 44.365277777777777 ], [ 6.029722222222222, 43.943333333333328 ], [ 5.975, 43.841666666666669 ], [ 5.95, 43.658333333333331 ], [ 5.929166666666667, 43.630833333333335 ], [ 5.899444444444444, 43.614722222222227 ], [ 5.861388888888889, 43.602222222222224 ], [ 5.826388888888888, 43.596388888888889 ], [ 5.791388888888889, 43.595833333333339 ], [ 5.751111111111111, 43.599444444444444 ], [ 5.711388888888889, 43.613333333333337 ], [ 5.676388888888889, 43.633055555555558 ], [ 5.428055555555556, 43.791111111111107 ], [ 5.277777777777778, 43.95 ], [ 5.175, 43.95 ], [ 5.041666666666667, 44.65 ], [ 5.336388888888888, 44.87 ], [ 5.495555555555556, 44.987777777777779 ] ] ] } },
{ "type": "Feature", "properties": { "fir": "LFMM", "identifier": "LFMM:A4 UAC:375-660", "name": "A4 UAC", "level_lower": 375, "level_upper": 660 }, "geometry": { "type": "Polygon", "coordinates": [ [ [ 5.495555555555556, 44.987777777777779 ], [ 5.772777777777778, 44.972777777777779 ], [ 6.14, 44.538333333333334 ], [ 6.285, 44.365277777777777 ], [ 6.029722222222222, 43.943333333333328 ], [ 5.975, 43.841666666666669 ], [ 5.95, 43.658333333333331 ], [ 5.929166666666667, 43.630833333333335 ], [ 5.899444444444444, 43.614722222222227 ], [ 5.861388888888889, 43.602222222222224 ], [ 5.826388888888888, 43.596388888888889 ], [ 5.791388888888889, 43.595833333333339 ], [ 5.751111111111111, 43.599444444444444 ], [ 5.711388888888889, 43.613333333333337 ], [ 5.676388888888889, 43.633055555555558 ], [ 5.428055555555556, 43.791111111111107 ], [ 5.277777777777778, 43.95 ], [ 5.175, 43.95 ], [ 5.041666666666667, 44.65 ], [ 5.336388888888888, 44.87 ], [ 5.495555555555556, 44.987777777777779 ] ] ] } },
{ "type": "Feature", "properties": { "fir": "LFMM", "identifier": "LFMM:AIX CTR:000-025", "name": "AIX CTR", "level_lower": 0, "level_upper": 25 }, "geometry": { "type": "Polygon", "coordinates": [ [ [ 5.408888888888889, 43.452777777777783 ], [ 5.363611111111111, 43.453888888888891 ], [ 5.294166666666666, 43.517777777777773 ], [ 5.317777777777778, 43.565277777777773 ], [ 5.325, 43.563888888888883 ], [ 5.336388888888888, 43.562219444444445 ], [ 5.371941666666666, 43.57221944444445 ], [ 5.395, 43.567777777777778 ], [ 5.464441666666667, 43.481666666666669 ], [ 5.408888888888889, 43.452777777777783 ] ] ] } },
{ "type": "Feature", "properties": { "fir": "LFMM", "identifier": "LFMM:AJ 1 UAC:145-195", "name": "AJ 1 UAC", "level_lower": 145, "level_upper": 195 }, "geometry": { "type": "Polygon", "coordinates": [ [ [ 6.483333333333333, 42.491666666666667 ], [ 6.253636111111111, 42.668855555555552 ], [ 6.172777777777778, 42.731111111111112 ], [ 6.666666666666667, 42.833330555555555 ], [ 7.253330555555555, 42.867777777777775 ], [ 7.699166666666667, 42.643611111111113 ], [ 8.011944444444444, 42.580277777777781 ], [ 8.204722222222221, 42.303333333333327 ], [ 8.847777777777779, 42.406666666666666 ], [ 9.75, 42.334233333333337 ], [ 9.75, 41.929244444444443 ], [ 9.75, 41.790722222222222 ], [ 9.75, 41.673422222222221 ], [ 9.750041666666666, 41.332005555555561 ], [ 9.498288888888888, 41.332005555555561 ], [ 9.316666666666668, 41.333333333333336 ], [ 9.082813888888889, 41.332755555555558 ], [ 8.833316666666667, 41.332136111111112 ], [ 8.332072222222221, 41.330894444444446 ], [ 8.333333333333334, 41.514722222222225 ], [ 8.195, 41.567777777777778 ], [ 7.756666666666667, 41.733888888888892 ], [ 6.358888888888888, 42.285277777777779 ], [ 6.483333333333333, 42.491666666666667 ] ] ] } },
{ "type": "Feature", "properties": { "fir": "LFMM", "identifier": "LFMM:AJ 1 UAC:000-145", "name": "AJ 1 UAC", "level_lower": 0, "level_upper": 145 }, "geometry": { "type": "Polygon", "coordinates": [ [ [ 6.666666666666667, 42.666666666666664 ], [ 6.666666666666667, 42.833330555555555 ], [ 7.253330555555555, 42.867777777777775 ], [ 7.699166666666667, 42.643611111111113 ], [ 7.860555555555555, 42.314719444444442 ], [ 7.931766666666667, 41.667416666666661 ], [ 7.756666666666667, 41.733888888888892 ], [ 6.358888888888888, 42.285277777777779 ], [ 6.483333333333333, 42.491666666666667 ], [ 6.253636111111111, 42.668855555555552 ], [ 6.666666666666667, 42.666666666666664 ] ] ] } },
{ "type": "Feature", "properties": { "fir": "LFMM", "identifier": "LFMM:AJ 2 UAC:195-245", "name": "AJ 2 UAC", "level_lower": 195, "level_upper": 245 }, "geometry": { "type": "Polygon", "coordinates": [ [ [ 6.483333333333333, 42.491666666666667 ], [ 6.253636111111111, 42.668855555555552 ], [ 6.172777777777778, 42.731111111111112 ], [ 6.666666666666667, 42.833330555555555 ], [ 7.253330555555555, 42.867777777777775 ], [ 7.699166666666667, 42.643611111111113 ], [ 8.011944444444444, 42.580277777777781 ], [ 8.204722222222221, 42.303333333333327 ], [ 8.847777777777779, 42.406666666666666 ], [ 9.75, 42.334233333333337 ], [ 9.75, 41.929244444444443 ], [ 9.75, 41.790722222222222 ], [ 9.75, 41.673422222222221 ], [ 9.750041666666666, 41.332005555555561 ], [ 9.498288888888888, 41.332005555555561 ], [ 9.316666666666668, 41.333333333333336 ], [ 9.082813888888889, 41.332755555555558 ], [ 8.833316666666667, 41.332136111111112 ], [ 8.332072222222221, 41.330894444444446 ], [ 8.333333333333334, 41.514722222222225 ], [ 8.195, 41.567777777777778 ], [ 7.756666666666667, 41.733888888888892 ], [ 6.358888888888888, 42.285277777777779 ], [ 6.483333333333333, 42.491666666666667 ] ] ] } },
{ "type": "Feature", "properties": { "fir": "LFMM", "identifier": "LFMM:AJACCIO CTR:000-001", "name": "AJACCIO CTR", "level_lower": 0, "level_upper": 1 }, "geometry": { "type": "Polygon", "coordinates": [ [ [ 8.793725, 41.91258333333333 ], [ 8.794558333333333, 41.912886111111106 ], [ 8.800458333333333, 41.922575 ], [ 8.800522222222224, 41.923036111111109 ], [ 8.801066666666667, 41.92303888888889 ], [ 8.8013, 41.924330555555557 ], [ 8.805019444444445, 41.929927777777777 ], [ 8.807152777777778, 41.933263888888888 ], [ 8.8098, 41.932519444444445 ], [ 8.80436388888889, 41.922433333333331 ], [ 8.803, 41.922919444444439 ], [ 8.799969444444445, 41.917880555555556 ], [ 8.795355555555556, 41.910155555555555 ], [ 8.793725, 41.91258333333333 ] ] ] } },
{ "type": "Feature", "properties": { "fir": "LFMM", "identifier": "LFMM:AJACCIO CTR:000-025", "name": "AJACCIO CTR", "level_lower": 0, "level_upper": 25 }, "geometry": { "type": "Polygon", "coordinates": [ [ [ 8.516666666666667, 42.0 ], [ 8.916666666666666, 42.0 ], [ 8.833330555555555, 41.7 ], [ 8.783330555555557, 41.7 ], [ 8.783330555555557, 41.666666666666664 ], [ 8.516666666666667, 41.666666666666664 ], [ 8.516666666666667, 42.0 ] ] ] } },
{ "type": "Feature", "properties": { "fir": "LFMM", "identifier": "LFMM:AJACCIO GND-E:000-001", "name": "AJACCIO GND-E", "level_lower": 0, "level_upper": 1 }, "geometry": { "type": "Polygon", "coordinates": [ [ [ 8.803, 41.922919444444439 ], [ 8.80436388888889, 41.922433333333331 ], [ 8.806213888888889, 41.921897222222221 ], [ 8.803244444444445, 41.917327777777778 ], [ 8.800169444444446, 41.918216666666666 ], [ 8.803, 41.922919444444439 ] ] ] } },
{ "type": "Feature", "properties": { "fir": "LFMM", "identifier": "LFMM:AJACCIO GND-W:000-001", "name": "AJACCIO GND-W", "level_lower": 0, "level_upper": 1 }, "geometry": { "type": "Polygon", "coordinates": [ [ [ 8.791425, 41.915341666666663 ], [ 8.794391666666666, 41.92045 ], [ 8.794244444444445, 41.920519444444444 ], [ 8.793088888888889, 41.920722222222217 ], [ 8.792066666666667, 41.920983333333332 ], [ 8.788480555555555, 41.922366666666662 ], [ 8.789019444444444, 41.923388888888887 ], [ 8.787233333333333, 41.924258333333334 ], [ 8.78778611111111, 41.925980555555554 ], [ 8.7993, 41.925416666666663 ], [ 8.803488888888889, 41.930491666666661 ], [ 8.805019444444445, 41.929927777777777 ], [ 8.8013, 41.924330555555557 ], [ 8.801066666666667, 41.92303888888889 ], [ 8.800522222222224, 41.923036111111109 ], [ 8.800458333333333, 41.922575 ], [ 8.794558333333333, 41.912886111111106 ], [ 8.793725, 41.91258333333333 ], [ 8.791425, 41.915341666666663 ] ] ] } },
{ "type": "Feature", "properties": { "fir": "LFMM", "identifier": "LFMM:AJACCIO KJ:025-035", "name": "AJACCIO KJ", "level_lower": 25, "level_upper": 35 }, "geometry": { "type": "Polygon", "coordinates": [ [ [ 8.516666666666667, 42.0 ], [ 8.916666666666666, 42.0 ], [ 8.833330555555555, 41.7 ], [ 8.783330555555557, 41.7 ], [ 8.783330555555557, 41.666666666666664 ], [ 8.516666666666667, 41.666666666666664 ], [ 8.516666666666667, 42.0 ] ] ] } },
{ "type": "Feature", "properties": { "fir": "LFMM", "identifier": "LFMM:AJACCIO KJ:035-145", "name": "AJACCIO KJ", "level_lower": 35, "level_upper": 145 }, "geometry": { "type": "Polygon", "coordinates": [ [ [ 9.75, 41.929244444444443 ], [ 9.75, 41.790722222222222 ], [ 9.75, 41.673422222222221 ], [ 9.750041666666666, 41.332005555555561 ], [ 9.498288888888888, 41.332005555555561 ], [ 9.316666666666668, 41.333333333333336 ], [ 9.082813888888889, 41.332755555555558 ], [ 8.833316666666667, 41.332136111111112 ], [ 8.332072222222221, 41.330894444444446 ], [ 8.0, 41.0 ], [ 7.931766666666667, 41.667416666666661 ], [ 7.860555555555555, 42.314719444444442 ], [ 7.699166666666667, 42.643611111111113 ], [ 7.922647222222222, 42.735644444444446 ], [ 7.958888888888889, 42.750555555555557 ], [ 8.123611111111112, 42.8175 ], [ 8.499166666666666, 42.416666666666664 ], [ 8.5, 42.358330555555554 ], [ 8.691666666666666, 42.266666666666666 ], [ 8.991666666666665, 42.2325 ], [ 9.2075, 41.999166666666667 ], [ 9.405277777777778, 41.929166666666667 ], [ 9.75, 41.929244444444443 ] ] ] } },
{ "type": "Feature", "properties": { "fir": "LFMM", "identifier": "LFMM:AJACCIO KJ-E:000-035", "name": "AJACCIO KJ-E", "level_lower": 0, "level_upper": 35 }, "geometry": { "type": "Polygon", "coordinates": [ [ [ 9.082813888888889, 41.332755555555558 ], [ 9.233330555555556, 41.466666666666669 ], [ 9.333330555555555, 41.6 ], [ 9.299166666666666, 41.722777777777779 ], [ 9.208330555555555, 41.666666666666664 ], [ 8.833330555555555, 41.43333055555555 ], [ 8.833316666666667, 41.332136111111112 ], [ 8.332072222222221, 41.330894444444446 ], [ 8.0, 41.0 ], [ 8.516666666666667, 41.666666666666664 ], [ 8.783330555555557, 41.666666666666664 ], [ 8.783330555555557, 41.7 ], [ 8.833330555555555, 41.7 ], [ 8.916666666666666, 42.0 ], [ 8.516666666666667, 42.0 ], [ 8.5, 42.358330555555554 ], [ 8.691666666666666, 42.266666666666666 ], [ 8.991666666666665, 42.2325 ], [ 9.2075, 41.999166666666667 ], [ 9.405277777777778, 41.929166666666667 ], [ 9.75, 41.929244444444443 ], [ 9.75, 41.790722222222222 ], [ 9.75, 41.673422222222221 ], [ 9.750041666666666, 41.332005555555561 ], [ 9.498288888888888, 41.332005555555561 ], [ 9.316666666666668, 41.333333333333336 ], [ 9.082813888888889, 41.332755555555558 ] ] ] } },
{ "type": "Feature", "properties": { "fir": "LFMM", "identifier": "LFMM:AJACCIO KJ-W:000-035", "name": "AJACCIO KJ-W", "level_lower": 0, "level_upper": 35 }, "geometry": { "type": "Polygon", "coordinates": [ [ [ 7.860555555555555, 42.314719444444442 ], [ 7.699166666666667, 42.643611111111113 ], [ 7.922647222222222, 42.735644444444446 ], [ 7.958888888888889, 42.750555555555557 ], [ 8.123611111111112, 42.8175 ], [ 8.499166666666666, 42.416666666666664 ], [ 8.5, 42.358330555555554 ], [ 8.516666666666667, 42.0 ], [ 8.516666666666667, 41.666666666666664 ], [ 8.0, 41.0 ], [ 7.931766666666667, 41.667416666666661 ], [ 7.860555555555555, 42.314719444444442 ] ] ] } },
{ "type": "Feature", "properties": { "fir": "LFMM", "identifier": "LFMM:ANNECY CTR:000-040", "name": "ANNECY CTR", "level_lower": 0, "level_upper": 40 }, "geometry": { "type": "Polygon", "coordinates": [ [ [ 6.041666666666667, 45.81 ], [ 6.038941666666666, 45.810658333333329 ], [ 6.036366666666667, 45.811266666666661 ], [ 6.033808333333333, 45.811902777777775 ], [ 6.031263888888889, 45.812566666666662 ], [ 6.028733333333333, 45.81325555555555 ], [ 6.026216666666667, 45.813975 ], [ 6.023716666666666, 45.814719444444442 ], [ 6.021236111111111, 45.815491666666667 ], [ 6.018769444444445, 45.816288888888884 ], [ 6.016325, 45.817111111111117 ], [ 6.013894444444444, 45.817961111111117 ], [ 6.011486111111111, 45.818838888888891 ], [ 6.009094444444444, 45.819738888888892 ], [ 6.006725, 45.820666666666668 ], [ 6.004375, 45.821616666666671 ], [ 6.002044444444445, 45.822594444444448 ], [ 5.999738888888889, 45.823597222222226 ], [ 5.997452777777778, 45.824625 ], [ 5.995191666666667, 45.825675 ], [ 5.992952777777778, 45.82675 ], [ 5.990738888888889, 45.827847222222225 ], [ 5.98855, 45.828969444444446 ], [ 5.986383333333333, 45.830113888888896 ], [ 5.984241666666667, 45.831283333333339 ], [ 5.982127777777777, 45.832475 ], [ 5.980041666666667, 45.833688888888894 ], [ 5.977980555555556, 45.834922222222225 ], [ 5.975947222222223, 45.836180555555558 ], [ 5.973941666666667, 45.837461111111111 ], [ 5.971966666666667, 45.838761111111111 ], [ 5.970016666666667, 45.840080555555559 ], [ 5.9681, 45.841425 ], [ 5.966208333333333, 45.842786111111117 ], [ 5.96435, 45.844169444444447 ], [ 5.962522222222223, 45.845569444444443 ], [ 5.960725, 45.846991666666668 ], [ 5.958958333333333, 45.848433333333332 ], [ 5.957225, 45.849891666666672 ], [ 5.955522222222222, 45.851369444444444 ], [ 5.953852777777778, 45.852863888888891 ], [ 5.952216666666667, 45.854377777777778 ], [ 5.950616666666667, 45.855908333333332 ], [ 5.949047222222222, 45.857455555555561 ], [ 5.947513888888889, 45.859019444444449 ], [ 5.946013888888889, 45.8606 ], [ 5.94455, 45.862197222222221 ], [ 5.943119444444445, 45.863808333333331 ], [ 5.941725, 45.865436111111116 ], [ 5.940366666666667, 45.86707777777778 ], [ 5.939044444444445, 45.868733333333331 ], [ 5.937761111111111, 45.870402777777777 ], [ 5.936513888888889, 45.872086111111109 ], [ 5.935302777777778, 45.873780555555555 ], [ 5.934127777777778, 45.875491666666669 ], [ 5.932994444444445, 45.877211111111109 ], [ 5.931894444444445, 45.878944444444443 ], [ 5.930836111111112, 45.880688888888891 ], [ 5.929816666666667, 45.882444444444445 ], [ 5.928836111111111, 45.884213888888887 ], [ 5.927891666666667, 45.885988888888889 ], [ 5.926988888888889, 45.887777777777778 ], [ 5.926125, 45.88957222222222 ], [ 5.9253, 45.891377777777777 ], [ 5.924516666666667, 45.893191666666667 ], [ 5.923772222222222, 45.89501388888889 ], [ 5.923066666666667, 45.896844444444447 ], [ 5.922402777777778, 45.898680555555558 ], [ 5.921780555555556, 45.900525 ], [ 5.9212, 45.902375 ], [ 5.920655555555556, 45.904230555555557 ], [ 5.920155555555556, 45.906091666666669 ], [ 5.919697222222222, 45.907961111111106 ], [ 5.919277777777778, 45.909830555555551 ], [ 5.918902777777778, 45.91170833333333 ], [ 5.918566666666667, 45.913588888888889 ], [ 5.918275, 45.91546944444444 ], [ 5.918022222222223, 45.917355555555552 ], [ 5.917811111111112, 45.919244444444445 ], [ 5.917641666666667, 45.92113611111111 ], [ 5.917516666666667, 45.923027777777776 ], [ 5.917430555555556, 45.924922222222222 ], [ 5.917386111111111, 45.926816666666667 ], [ 5.917386111111111, 45.928711111111106 ], [ 5.917425, 45.930602777777779 ], [ 5.917416666666667, 45.931261111111105 ], [ 5.918055555555556, 45.9325 ], [ 6.159166666666667, 46.048888888888889 ], [ 6.238333333333333, 45.987777777777779 ], [ 6.242222222222222, 45.985 ], [ 6.041666666666667, 45.81 ] ] ] } },
{ "type": "Feature", "properties": { "fir": "LFMM", "identifier": "LFMM:AVIGNON CTR 1:000-025", "name": "AVIGNON CTR 1", "level_lower": 0, "level_upper": 25 }, "geometry": { "type": "Polygon", "coordinates": [ [ [ 4.765277777777778, 44.012219444444447 ], [ 4.799166666666666, 43.970830555555558 ], [ 4.894441666666666, 43.970830555555558 ], [ 4.993055555555555, 43.913888888888884 ], [ 4.975, 43.81666666666667 ], [ 4.900355555555556, 43.810475 ], [ 4.841666666666667, 43.80555555555555 ], [ 4.780555555555556, 43.81666666666667 ], [ 4.765277777777778, 44.012219444444447 ] ] ] } },
{ "type": "Feature", "properties": { "fir": "LFMM", "identifier": "LFMM:AVIGNON CTR 2:000-025", "name": "AVIGNON CTR 2", "level_lower": 0, "level_upper": 25 }, "geometry": { "type": "Polygon", "coordinates": [ [ [ 4.789561111111111, 44.1 ], [ 4.963330555555555, 44.1 ], [ 5.0425, 44.075830555555562 ], [ 5.038888888888889, 43.938888888888883 ], [ 4.993055555555555, 43.913888888888884 ], [ 4.894441666666666, 43.970830555555558 ], [ 4.799166666666666, 43.970830555555558 ], [ 4.765277777777778, 44.012219444444447 ], [ 4.679719444444444, 44.07083055555556 ], [ 4.758330555555555, 44.1 ], [ 4.789561111111111, 44.1 ] ] ] } },
{ "type": "Feature", "properties": { "fir": "LFMM", "identifier": "LFMM:B1 UAC:245-305", "name": "B1 UAC", "level_lower": 245, "level_upper": 305 }, "geometry": { "type": "Polygon", "coordinates": [ [ [ 6.766666666666667, 44.8 ], [ 7.0125, 44.8 ], [ 7.128055555555555, 44.813888888888883 ], [ 7.285555555555556, 44.142222222222223 ], [ 7.625277777777778, 44.145555555555553 ], [ 7.751944444444445, 44.023055555555551 ], [ 7.666666666666667, 44.0 ], [ 6.741666666666667, 43.475 ], [ 6.261111111111111, 43.43138888888889 ], [ 6.191666666666667, 43.418333333333329 ], [ 5.913055555555556, 43.374722222222225 ], [ 5.876388888888889, 43.366944444444442 ], [ 5.861388888888889, 43.602222222222224 ], [ 5.899444444444444, 43.614722222222227 ], [ 5.929166666666667, 43.630833333333335 ], [ 5.95, 43.658333333333331 ], [ 5.975, 43.841666666666669 ], [ 6.029722222222222, 43.943333333333328 ], [ 6.285, 44.365277777777777 ], [ 6.662497222222223, 44.990277777777777 ], [ 6.766666666666667, 44.8 ] ] ] } },
{ "type": "Feature", "properties": { "fir": "LFMM", "identifier": "LFMM:B2 UAC:305-355", "name": "B2 UAC", "level_lower": 305, "level_upper": 355 }, "geometry": { "type": "Polygon", "coordinates": [ [ [ 6.662497222222223, 44.990277777777777 ], [ 6.766666666666667, 44.8 ], [ 7.0125, 44.8 ], [ 7.128055555555555, 44.813888888888883 ], [ 7.285555555555556, 44.142222222222223 ], [ 7.625277777777778, 44.145555555555553 ], [ 7.751944444444445, 44.023055555555551 ], [ 7.666666666666667, 44.0 ], [ 6.741666666666667, 43.475 ], [ 6.261111111111111, 43.43138888888889 ], [ 6.191666666666667, 43.418333333333329 ], [ 5.913055555555556, 43.374722222222225 ], [ 5.876388888888889, 43.366944444444442 ], [ 5.861388888888889, 43.602222222222224 ], [ 5.899444444444444, 43.614722222222227 ], [ 5.929166666666667, 43.630833333333335 ], [ 5.95, 43.658333333333331 ], [ 5.975, 43.841666666666669 ], [ 6.029722222222222, 43.943333333333328 ], [ 6.285, 44.365277777777777 ], [ 6.662497222222223, 44.990277777777777 ] ] ] } },
{ "type": "Feature", "properties": { "fir": "LFMM", "identifier": "LFMM:B3 UAC:355-375", "name": "B3 UAC", "level_lower": 355, "level_upper": 375 }, "geometry": { "type": "Polygon", "coordinates": [ [ [ 6.766666666666667, 44.8 ], [ 7.0125, 44.8 ], [ 7.128055555555555, 44.813888888888883 ], [ 7.285555555555556, 44.142222222222223 ], [ 7.625277777777778, 44.145555555555553 ], [ 7.751944444444445, 44.023055555555551 ], [ 7.666666666666667, 44.0 ], [ 6.741666666666667, 43.475 ], [ 6.261111111111111, 43.43138888888889 ], [ 6.191666666666667, 43.418333333333329 ], [ 5.913055555555556, 43.374722222222225 ], [ 5.876388888888889, 43.366944444444442 ], [ 5.861388888888889, 43.602222222222224 ], [ 5.899444444444444, 43.614722222222227 ], [ 5.929166666666667, 43.630833333333335 ], [ 5.95, 43.658333333333331 ], [ 5.975, 43.841666666666669 ], [ 6.029722222222222, 43.943333333333328 ], [ 6.285, 44.365277777777777 ], [ 6.662497222222223, 44.990277777777777 ], [ 6.766666666666667, 44.8 ] ] ] } },
{ "type": "Feature", "properties": { "fir": "LFMM", "identifier": "LFMM:B4 UAC:375-660", "name": "B4 UAC", "level_lower": 375, "level_upper": 660 }, "geometry": { "type": "Polygon", "coordinates": [ [ [ 6.766666666666667, 44.8 ], [ 7.0125, 44.8 ], [ 7.128055555555555, 44.813888888888883 ], [ 7.285555555555556, 44.142222222222223 ], [ 7.625277777777778, 44.145555555555553 ], [ 7.751944444444445, 44.023055555555551 ], [ 7.666666666666667, 44.0 ], [ 6.741666666666667, 43.475 ], [ 6.261111111111111, 43.43138888888889 ], [ 6.191666666666667, 43.418333333333329 ], [ 5.913055555555556, 43.374722222222225 ], [ 5.876388888888889, 43.366944444444442 ], [ 5.861388888888889, 43.602222222222224 ], [ 5.899444444444444, 43.614722222222227 ], [ 5.929166666666667, 43.630833333333335 ], [ 5.95, 43.658333333333331 ], [ 5.975, 43.841666666666669 ], [ 6.029722222222222, 43.943333333333328 ], [ 6.285, 44.365277777777777 ], [ 6.662497222222223, 44.990277777777777 ], [ 6.766666666666667, 44.8 ] ] ] } },
{ "type": "Feature", "properties": { "fir": "LFMM", "identifier": "LFMM:BASTIA CTR:000-001", "name": "BASTIA CTR", "level_lower": 0, "level_upper": 1 }, "geometry": { "type": "Polygon", "coordinates": [ [ [ 9.487561111111111, 42.54055833333333 ], [ 9.479258333333334, 42.560052777777777 ], [ 9.477291666666666, 42.564672222222221 ], [ 9.481213888888888, 42.565577777777776 ], [ 9.491477777777776, 42.541477777777779 ], [ 9.487561111111111, 42.54055833333333 ] ] ] } },
{ "type": "Feature", "properties": { "fir": "LFMM", "identifier": "LFMM:BASTIA CTR:000-015", "name": "BASTIA CTR", "level_lower": 0, "level_upper": 15 }, "geometry": { "type": "Polygon", "coordinates": [ [ [ 9.4, 42.686388888888885 ], [ 9.414555555555555, 42.690763888888888 ], [ 9.429783333333333, 42.694383333333327 ], [ 9.445355555555556, 42.697111111111106 ], [ 9.461169444444444, 42.698930555555549 ], [ 9.477130555555556, 42.69983055555555 ], [ 9.493138888888888, 42.69980833333333 ], [ 9.509094444444445, 42.698858333333327 ], [ 9.5249, 42.696991666666662 ], [ 9.540455555555555, 42.694216666666662 ], [ 9.555663888888889, 42.690555555555555 ], [ 9.57043611111111, 42.686022222222221 ], [ 9.584675, 42.680652777777773 ], [ 9.598294444444445, 42.674475 ], [ 9.61121111111111, 42.667533333333331 ], [ 9.623344444444445, 42.659863888888886 ], [ 9.634619444444445, 42.651519444444446 ], [ 9.644966666666667, 42.64255 ], [ 9.654325, 42.633008333333336 ], [ 9.662633333333334, 42.622955555555556 ], [ 9.669841666666667, 42.612455555555556 ], [ 9.675911111111111, 42.601569444444443 ], [ 9.680794444444444, 42.590369444444448 ], [ 9.684472222222222, 42.578919444444445 ], [ 9.686916666666667, 42.56729444444445 ], [ 9.688116666666668, 42.555563888888884 ], [ 9.688063888888889, 42.5438 ], [ 9.686761111111112, 42.532075 ], [ 9.684213888888889, 42.520461111111111 ], [ 9.680438888888888, 42.509027777777774 ], [ 9.675463888888888, 42.49785 ], [ 9.669313888888889, 42.486994444444449 ], [ 9.662036111111112, 42.476527777777783 ], [ 9.653666666666666, 42.466511111111117 ], [ 9.64426111111111, 42.457011111111115 ], [ 9.633877777777776, 42.448080555555549 ], [ 9.622583333333333, 42.439780555555551 ], [ 9.610441666666667, 42.432155555555553 ], [ 9.597530555555556, 42.425255555555552 ], [ 9.583930555555556, 42.419125 ], [ 9.569725, 42.413797222222222 ], [ 9.554997222222223, 42.409305555555555 ], [ 9.539838888888889, 42.405677777777775 ], [ 9.524344444444445, 42.40293888888889 ], [ 9.508608333333333, 42.4011 ], [ 9.492725, 42.400177777777778 ], [ 9.476794444444444, 42.400175 ], [ 9.460911111111111, 42.401094444444446 ], [ 9.445175, 42.402927777777776 ], [ 9.429677777777778, 42.405663888888888 ], [ 9.414519444444444, 42.409286111111108 ], [ 9.4, 42.413711111111112 ], [ 9.4, 42.686388888888885 ] ] ] } },
{ "type": "Feature", "properties": { "fir": "LFMM", "identifier": "LFMM:BASTIA GND:000-001", "name": "BASTIA GND", "level_lower": 0, "level_upper": 1 }, "geometry": { "type": "Polygon", "coordinates": [ [ [ 9.479258333333334, 42.560052777777777 ], [ 9.487561111111111, 42.54055833333333 ], [ 9.48203611111111, 42.53928333333333 ], [ 9.478205555555556, 42.54828055555555 ], [ 9.476761111111111, 42.54794722222222 ], [ 9.475666666666667, 42.55051944444444 ], [ 9.479769444444445, 42.551466666666663 ], [ 9.476391666666666, 42.5594 ], [ 9.479258333333334, 42.560052777777777 ] ] ] } },
{ "type": "Feature", "properties": { "fir": "LFMM", "identifier": "LFMM:BASTIA KB:015-085", "name": "BASTIA KB", "level_lower": 15, "level_upper": 85 }, "geometry": { "type": "Polygon", "coordinates": [ [ [ 8.915025, 43.405294444444444 ], [ 9.75, 43.166666666666664 ], [ 9.75, 42.954163888888893 ], [ 9.75, 42.334233333333337 ], [ 9.75, 41.929244444444443 ], [ 9.405277777777778, 41.929166666666667 ], [ 9.2075, 41.999166666666667 ], [ 8.991666666666665, 42.2325 ], [ 8.691666666666666, 42.266666666666666 ], [ 8.5, 42.358330555555554 ], [ 9.0, 42.358330555555554 ], [ 9.0, 42.638888888888886 ], [ 9.0, 43.0 ], [ 8.875, 43.016666666666666 ], [ 8.491666666666665, 43.06666666666667 ], [ 8.499166666666666, 42.416666666666664 ], [ 8.123611111111112, 42.8175 ], [ 8.5475, 43.506388888888885 ], [ 8.915025, 43.405294444444444 ] ] ] } },
{ "type": "Feature", "properties": { "fir": "LFMM", "identifier": "LFMM:BASTIA KB:085-145", "name": "BASTIA KB", "level_lower": 85, "level_upper": 145 }, "geometry": { "type": "Polygon", "coordinates": [ [ [ 8.5475, 43.506388888888885 ], [ 8.915025, 43.405294444444444 ], [ 9.75, 43.166666666666664 ], [ 9.75, 42.954163888888893 ], [ 9.75, 42.334233333333337 ], [ 9.75, 41.929244444444443 ], [ 9.405277777777778, 41.929166666666667 ], [ 9.2075, 41.999166666666667 ], [ 8.991666666666665, 42.2325 ], [ 8.691666666666666, 42.266666666666666 ], [ 8.5, 42.358330555555554 ], [ 8.499166666666666, 42.416666666666664 ], [ 8.123611111111112, 42.8175 ], [ 8.5475, 43.506388888888885 ] ] ] } },
{ "type": "Feature", "properties": { "fir": "LFMM", "identifier": "LFMM:BASTIA KB-E:000-015", "name": "BASTIA KB-E", "level_lower": 0, "level_upper": 15 }, "geometry": { "type": "Polygon", "coordinates": [ [ [ 9.75, 42.334233333333337 ], [ 9.633877777777776, 42.448080555555549 ], [ 9.64426111111111, 42.457011111111115 ], [ 9.653666666666666, 42.466511111111117 ], [ 9.662036111111112, 42.476527777777783 ], [ 9.669313888888889, 42.486994444444449 ], [ 9.675463888888888, 42.49785 ], [ 9.680438888888888, 42.509027777777774 ], [ 9.684213888888889, 42.520461111111111 ], [ 9.686761111111112, 42.532075 ], [ 9.688063888888889, 42.5438 ], [ 9.688116666666668, 42.555563888888884 ], [ 9.686916666666667, 42.56729444444445 ], [ 9.684472222222222, 42.578919444444445 ], [ 9.680794444444444, 42.590369444444448 ], [ 9.675911111111111, 42.601569444444443 ], [ 9.669841666666667, 42.612455555555556 ], [ 9.662633333333334, 42.622955555555556 ], [ 9.654325, 42.633008333333336 ], [ 9.644966666666667, 42.64255 ], [ 9.634619444444445, 42.651519444444446 ], [ 9.623344444444445, 42.659863888888886 ], [ 9.61121111111111, 42.667533333333331 ], [ 9.75, 42.954163888888893 ], [ 9.75, 42.334233333333337 ] ] ] } },
{ "type": "Feature", "properties": { "fir": "LFMM", "identifier": "LFMM:BASTIA KB-W:000-015", "name": "BASTIA KB-W", "level_lower": 0, "level_upper": 15 }, "geometry": { "type": "Polygon", "coordinates": [ [ [ 8.915025, 43.405294444444444 ], [ 9.75, 43.166666666666664 ], [ 9.75, 42.954163888888893 ], [ 9.61121111111111, 42.667533333333331 ], [ 9.598294444444445, 42.674475 ], [ 9.584675, 42.680652777777773 ], [ 9.57043611111111, 42.686022222222221 ], [ 9.555663888888889, 42.690555555555555 ], [ 9.540455555555555, 42.694216666666662 ], [ 9.5249, 42.696991666666662 ], [ 9.509094444444445, 42.698858333333327 ], [ 9.493138888888888, 42.69980833333333 ], [ 9.477130555555556, 42.69983055555555 ], [ 9.461169444444444, 42.698930555555549 ], [ 9.445355555555556, 42.697111111111106 ], [ 9.429783333333333, 42.694383333333327 ], [ 9.414555555555555, 42.690763888888888 ], [ 9.4, 42.686388888888885 ], [ 9.4, 42.413711111111112 ], [ 9.414519444444444, 42.409286111111108 ], [ 9.429677777777778, 42.405663888888888 ], [ 9.445175, 42.402927777777776 ], [ 9.460911111111111, 42.401094444444446 ], [ 9.476794444444444, 42.400175 ], [ 9.492725, 42.400177777777778 ], [ 9.508608333333333, 42.4011 ], [ 9.524344444444445, 42.40293888888889 ], [ 9.539838888888889, 42.405677777777775 ], [ 9.554997222222223, 42.409305555555555 ], [ 9.569725, 42.413797222222222 ], [ 9.583930555555556, 42.419125 ], [ 9.597530555555556, 42.425255555555552 ], [ 9.610441666666667, 42.432155555555553 ], [ 9.622583333333333, 42.439780555555551 ], [ 9.633877777777776, 42.448080555555549 ], [ 9.75, 42.334233333333337 ], [ 9.75, 41.929244444444443 ], [ 9.405277777777778, 41.929166666666667 ], [ 9.2075, 41.999166666666667 ], [ 8.991666666666665, 42.2325 ], [ 8.691666666666666, 42.266666666666666 ], [ 8.5, 42.358330555555554 ], [ 9.0, 42.358330555555554 ], [ 9.0, 42.638888888888886 ], [ 9.0, 43.0 ], [ 8.875, 43.016666666666666 ], [ 8.491666666666665, 43.06666666666667 ], [ 8.499166666666666, 42.416666666666664 ], [ 8.123611111111112, 42.8175 ], [ 8.5475, 43.506388888888885 ], [ 8.915025, 43.405294444444444 ] ] ] } },
{ "type": "Feature", "properties": { "fir": "LFMM", "identifier": "LFMM:BASTIA KC:022-085", "name": "BASTIA KC", "level_lower": 22, "level_upper": 85 }, "geometry": { "type": "Polygon", "coordinates": [ [ [ 8.491666666666665, 43.06666666666667 ], [ 8.875, 43.016666666666666 ], [ 9.0, 43.0 ], [ 9.0, 42.638888888888886 ], [ 9.0, 42.358330555555554 ], [ 8.5, 42.358330555555554 ], [ 8.499166666666666, 42.416666666666664 ], [ 8.491666666666665, 43.06666666666667 ] ] ] } },
{ "type": "Feature", "properties": { "fir": "LFMM", "identifier": "LFMM:BASTIA KC-N:000-022", "name": "BASTIA KC-N", "level_lower": 0, "level_upper": 22 }, "geometry": { "type": "Polygon", "coordinates": [ [ [ 9.0, 42.638888888888886 ], [ 8.926388888888889, 42.633330555555553 ], [ 8.922313888888889, 42.636025 ], [ 8.91775, 42.638708333333334 ], [ 8.913083333333333, 42.641297222222221 ], [ 8.908316666666668, 42.643783333333332 ], [ 8.903455555555556, 42.646169444444446 ], [ 8.8985, 42.648452777777777 ], [ 8.89346111111111, 42.650627777777778 ], [ 8.88833611111111, 42.652697222222223 ], [ 8.883133333333333, 42.65465833333333 ], [ 8.877855555555556, 42.656505555555555 ], [ 8.872508333333334, 42.658244444444442 ], [ 8.867094444444446, 42.659866666666666 ], [ 8.861619444444445, 42.661375 ], [ 8.856088888888889, 42.662766666666663 ], [ 8.850505555555555, 42.664038888888889 ], [ 8.844875, 42.665194444444445 ], [ 8.8392, 42.666230555555558 ], [ 8.833488888888889, 42.667147222222219 ], [ 8.827741666666666, 42.667941666666664 ], [ 8.821966666666667, 42.668613888888885 ], [ 8.816166666666668, 42.669163888888889 ], [ 8.81035, 42.669591666666662 ], [ 8.804516666666668, 42.669894444444445 ], [ 8.798675, 42.670075 ], [ 8.792827777777777, 42.670130555555552 ], [ 8.786983333333334, 42.670066666666663 ], [ 8.781141666666667, 42.669875 ], [ 8.775311111111112, 42.669561111111108 ], [ 8.769491666666667, 42.669125 ], [ 8.763694444444445, 42.668566666666663 ], [ 8.757922222222222, 42.667883333333329 ], [ 8.752180555555556, 42.66708055555555 ], [ 8.746469444444443, 42.666155555555555 ], [ 8.7408, 42.665111111111109 ], [ 8.735169444444443, 42.663944444444446 ], [ 8.729591666666666, 42.662663888888886 ], [ 8.724063888888889, 42.661261111111109 ], [ 8.718591666666667, 42.659744444444442 ], [ 8.71318611111111, 42.658113888888884 ], [ 8.707841666666665, 42.656366666666663 ], [ 8.702569444444444, 42.654511111111113 ], [ 8.697375, 42.652541666666664 ], [ 8.692255555555557, 42.650463888888886 ], [ 8.687222222222223, 42.648280555555559 ], [ 8.682275, 42.645988888888887 ], [ 8.677422222222221, 42.643594444444446 ], [ 8.672663888888888, 42.6411 ], [ 8.668002777777778, 42.638505555555554 ], [ 8.663447222222223, 42.63581111111111 ], [ 8.659, 42.633025 ], [ 8.655, 42.630277777777778 ], [ 8.491666666666665, 43.06666666666667 ], [ 8.875, 43.016666666666666 ], [ 9.0, 43.0 ], [ 9.0, 42.638888888888886 ] ] ] } },
{ "type": "Feature", "properties": { "fir": "LFMM", "identifier": "LFMM:BASTIA KC-S:000-022", "name": "BASTIA KC-S", "level_lower": 0, "level_upper": 22 }, "geometry": { "type": "Polygon", "coordinates": [ [ [ 9.0, 42.638888888888886 ], [ 9.0, 42.358330555555554 ], [ 8.5, 42.358330555555554 ], [ 8.499166666666666, 42.416666666666664 ], [ 8.491666666666665, 43.06666666666667 ], [ 8.655, 42.630277777777778 ], [ 8.655, 42.508330555555553 ], [ 8.753758333333334, 42.467794444444444 ], [ 8.753888888888889, 42.467777777777776 ], [ 8.75606111111111, 42.466894444444449 ], [ 8.7584, 42.466047222222223 ], [ 8.760775, 42.465255555555558 ], [ 8.763186111111111, 42.464522222222222 ], [ 8.765625, 42.463844444444447 ], [ 8.768091666666667, 42.463225 ], [ 8.770583333333335, 42.462663888888891 ], [ 8.7731, 42.462163888888895 ], [ 8.775636111111112, 42.461719444444448 ], [ 8.77818888888889, 42.461338888888889 ], [ 8.780761111111111, 42.461019444444446 ], [ 8.783341666666667, 42.460758333333338 ], [ 8.785933333333332, 42.460561111111112 ], [ 8.788533333333334, 42.460422222222228 ], [ 8.791136111111111, 42.460344444444445 ], [ 8.793741666666666, 42.460330555555558 ], [ 8.796347222222222, 42.460377777777779 ], [ 8.79895, 42.460486111111116 ], [ 8.801544444444446, 42.460655555555562 ], [ 8.804133333333334, 42.460888888888888 ], [ 8.806708333333335, 42.461180555555558 ], [ 8.809269444444444, 42.461533333333335 ], [ 8.811816666666667, 42.461947222222229 ], [ 8.814341666666667, 42.46241944444445 ], [ 8.816844444444444, 42.46295277777778 ], [ 8.819325, 42.463544444444445 ], [ 8.821777777777777, 42.464194444444445 ], [ 8.8242, 42.46490277777778 ], [ 8.826591666666667, 42.465666666666671 ], [ 8.82895, 42.46648888888889 ], [ 8.831269444444445, 42.46736388888889 ], [ 8.83355, 42.468294444444446 ], [ 8.835788888888889, 42.469277777777776 ], [ 8.837986111111112, 42.470313888888889 ], [ 8.840133333333334, 42.471402777777783 ], [ 8.842236111111111, 42.472538888888892 ], [ 8.844286111111112, 42.473727777777782 ], [ 8.846283333333334, 42.474961111111114 ], [ 8.848227777777778, 42.476241666666667 ], [ 8.85, 42.4775 ], [ 8.85, 42.5975 ], [ 8.926388888888889, 42.633330555555553 ], [ 9.0, 42.638888888888886 ] ] ] } },
{ "type": "Feature", "properties": { "fir": "LFMM", "identifier": "LFMM:BEZIERS CTR 1:000-015", "name": "BEZIERS CTR 1", "level_lower": 0, "level_upper": 15 }, "geometry": { "type": "Polygon", "coordinates": [ [ [ 3.353330555555555, 43.44 ], [ 3.549222222222222, 43.439727777777776 ], [ 3.555830555555555, 43.378888888888888 ], [ 3.561941666666666, 43.321941666666667 ], [ 3.511111111111111, 43.271388888888886 ], [ 3.467219444444444, 43.275555555555556 ], [ 3.428055555555555, 43.290555555555557 ], [ 3.203611111111111, 43.281666666666666 ], [ 3.203427777777778, 43.281763888888889 ], [ 3.202088888888889, 43.284411111111112 ], [ 3.200838888888889, 43.287083333333328 ], [ 3.199675, 43.289775 ], [ 3.198602777777777, 43.29248611111111 ], [ 3.197619444444444, 43.295216666666661 ], [ 3.196727777777777, 43.297963888888887 ], [ 3.195927777777777, 43.300725 ], [ 3.195219444444444, 43.3035 ], [ 3.194602777777777, 43.306286111111106 ], [ 3.194077777777777, 43.309080555555553 ], [ 3.19365, 43.311886111111107 ], [ 3.193311111111111, 43.314697222222222 ], [ 3.193066666666666, 43.31751388888889 ], [ 3.192916666666667, 43.320336111111118 ], [ 3.192861111111111, 43.323155555555559 ], [ 3.1929, 43.32597777777778 ], [ 3.193030555555555, 43.3288 ], [ 3.193252777777777, 43.331616666666669 ], [ 3.193572222222222, 43.334427777777783 ], [ 3.193986111111111, 43.33723611111111 ], [ 3.194488888888888, 43.340033333333338 ], [ 3.195088888888889, 43.342822222222225 ], [ 3.195777777777777, 43.3456 ], [ 3.196561111111111, 43.34836388888889 ], [ 3.197436111111111, 43.351111111111109 ], [ 3.1984, 43.353844444444448 ], [ 3.199455555555555, 43.356561111111112 ], [ 3.200602777777778, 43.359255555555556 ], [ 3.201838888888889, 43.361933333333333 ], [ 3.203163888888889, 43.364586111111116 ], [ 3.204575, 43.367213888888891 ], [ 3.206075, 43.369816666666665 ], [ 3.207661111111111, 43.372391666666665 ], [ 3.209330555555556, 43.374938888888892 ], [ 3.211086111111111, 43.377458333333337 ], [ 3.212925, 43.379941666666667 ], [ 3.214847222222222, 43.382394444444444 ], [ 3.21685, 43.384813888888885 ], [ 3.218930555555556, 43.387194444444447 ], [ 3.221091666666667, 43.389541666666666 ], [ 3.223330555555556, 43.391847222222225 ], [ 3.225644444444445, 43.394113888888889 ], [ 3.228036111111111, 43.396336111111111 ], [ 3.230497222222222, 43.398519444444446 ], [ 3.233033333333334, 43.400658333333332 ], [ 3.235638888888889, 43.40275 ], [ 3.238313888888889, 43.404797222222221 ], [ 3.241055555555556, 43.406794444444444 ], [ 3.243863888888889, 43.408744444444444 ], [ 3.246736111111111, 43.410644444444443 ], [ 3.249672222222222, 43.412494444444441 ], [ 3.252666666666667, 43.414291666666664 ], [ 3.255722222222222, 43.416036111111111 ], [ 3.258833333333333, 43.417725 ], [ 3.262002777777778, 43.419358333333328 ], [ 3.265222222222222, 43.420936111111111 ], [ 3.268494444444444, 43.422455555555551 ], [ 3.271819444444444, 43.423919444444444 ], [ 3.275188888888889, 43.425325 ], [ 3.278605555555556, 43.426666666666662 ], [ 3.282066666666667, 43.427952777777776 ], [ 3.285569444444445, 43.429175 ], [ 3.289111111111111, 43.43033611111111 ], [ 3.292691666666666, 43.431433333333331 ], [ 3.296305555555556, 43.432466666666663 ], [ 3.299955555555556, 43.433438888888887 ], [ 3.303636111111111, 43.434344444444442 ], [ 3.307344444444444, 43.435186111111108 ], [ 3.311080555555555, 43.435963888888885 ], [ 3.314844444444444, 43.436672222222221 ], [ 3.318627777777778, 43.437316666666661 ], [ 3.322430555555555, 43.437891666666665 ], [ 3.326255555555556, 43.438402777777775 ], [ 3.330094444444444, 43.438844444444442 ], [ 3.333944444444445, 43.43921944444444 ], [ 3.337808333333333, 43.439527777777776 ], [ 3.341680555555556, 43.439766666666664 ], [ 3.345561111111111, 43.439936111111109 ], [ 3.349444444444444, 43.440038888888886 ], [ 3.353330555555555, 43.440075 ], [ 3.353330555555555, 43.44 ] ] ] } },
{ "type": "Feature", "properties": { "fir": "LFMM", "identifier": "LFMM:BEZIERS CTR 2:000-015", "name": "BEZIERS CTR 2", "level_lower": 0, "level_upper": 15 }, "geometry": { "type": "Polygon", "coordinates": [ [ [ 3.203611111111111, 43.281666666666666 ], [ 3.428055555555555, 43.290555555555557 ], [ 3.467219444444444, 43.275555555555556 ], [ 3.511111111111111, 43.271388888888886 ], [ 3.414441666666666, 43.208330555555555 ], [ 3.353330555555555, 43.206666666666671 ], [ 3.353330555555555, 43.206591666666668 ], [ 3.350913888888889, 43.206605555555555 ], [ 3.348497222222222, 43.20664444444445 ], [ 3.346080555555556, 43.206711111111112 ], [ 3.343666666666667, 43.206802777777781 ], [ 3.341255555555556, 43.206925 ], [ 3.338844444444445, 43.20706944444445 ], [ 3.336438888888889, 43.207241666666668 ], [ 3.334036111111111, 43.207441666666668 ], [ 3.331638888888889, 43.207666666666668 ], [ 3.329244444444444, 43.207916666666669 ], [ 3.326858333333333, 43.208194444444445 ], [ 3.324477777777778, 43.208497222222228 ], [ 3.322102777777777, 43.208827777777778 ], [ 3.319733333333333, 43.209183333333335 ], [ 3.317375, 43.209566666666667 ], [ 3.315022222222222, 43.209975 ], [ 3.312677777777778, 43.210408333333334 ], [ 3.310344444444444, 43.210866666666668 ], [ 3.308019444444444, 43.211352777777783 ], [ 3.305705555555555, 43.211861111111112 ], [ 3.3034, 43.212397222222222 ], [ 3.301111111111111, 43.212958333333333 ], [ 3.298827777777777, 43.213544444444445 ], [ 3.296561111111111, 43.214155555555557 ], [ 3.294305555555555, 43.21479166666667 ], [ 3.292063888888889, 43.215452777777777 ], [ 3.289836111111111, 43.216136111111112 ], [ 3.287622222222222, 43.216847222222221 ], [ 3.285425, 43.217580555555557 ], [ 3.283241666666667, 43.218338888888894 ], [ 3.281075, 43.219119444444445 ], [ 3.278922222222222, 43.219925 ], [ 3.276788888888889, 43.220752777777783 ], [ 3.274672222222222, 43.221605555555556 ], [ 3.272572222222222, 43.222480555555556 ], [ 3.270491666666667, 43.223380555555558 ], [ 3.268430555555555, 43.2243 ], [ 3.266388888888889, 43.225244444444449 ], [ 3.264366666666667, 43.226211111111112 ], [ 3.262363888888889, 43.2272 ], [ 3.260380555555555, 43.228208333333335 ], [ 3.258419444444444, 43.229238888888894 ], [ 3.256480555555556, 43.230291666666666 ], [ 3.254563888888889, 43.231366666666666 ], [ 3.252669444444444, 43.232461111111114 ], [ 3.250797222222222, 43.233577777777782 ], [ 3.248947222222222, 43.234713888888891 ], [ 3.247122222222222, 43.235869444444447 ], [ 3.245319444444445, 43.237047222222223 ], [ 3.243544444444444, 43.238241666666667 ], [ 3.241791666666667, 43.239458333333332 ], [ 3.240066666666667, 43.24069166666667 ], [ 3.238366666666667, 43.241944444444442 ], [ 3.236691666666667, 43.243216666666669 ], [ 3.235041666666667, 43.244508333333336 ], [ 3.233422222222222, 43.24581666666667 ], [ 3.231827777777778, 43.247141666666664 ], [ 3.230261111111111, 43.248483333333333 ], [ 3.228722222222222, 43.249844444444449 ], [ 3.227213888888889, 43.251219444444445 ], [ 3.225730555555556, 43.252613888888888 ], [ 3.224277777777778, 43.254022222222225 ], [ 3.222855555555556, 43.255447222222223 ], [ 3.221461111111111, 43.256888888888888 ], [ 3.220097222222222, 43.258344444444447 ], [ 3.218763888888889, 43.259813888888885 ], [ 3.217461111111111, 43.2613 ], [ 3.216188888888889, 43.2628 ], [ 3.21495, 43.264311111111112 ], [ 3.213738888888889, 43.265838888888887 ], [ 3.212561111111111, 43.267377777777774 ], [ 3.211416666666667, 43.268930555555556 ], [ 3.210302777777778, 43.270494444444445 ], [ 3.209219444444444, 43.272072222222221 ], [ 3.208172222222222, 43.27366111111111 ], [ 3.207158333333334, 43.275261111111114 ], [ 3.206175, 43.276869444444444 ], [ 3.205227777777778, 43.278491666666667 ], [ 3.204313888888889, 43.280122222222218 ], [ 3.203430555555556, 43.281763888888889 ], [ 3.203611111111111, 43.281666666666666 ] ] ] } },
{ "type": "Feature", "properties": { "fir": "LFMM", "identifier": "LFMM:BRON CTR:000-007", "name": "BRON CTR", "level_lower": 0, "level_upper": 7 }, "geometry": { "type": "Polygon", "coordinates": [ [ [ 4.942180555555556, 45.735044444444448 ], [ 4.948869444444445, 45.719036111111116 ], [ 4.94665, 45.718677777777778 ], [ 4.939727777777778, 45.734566666666666 ], [ 4.942180555555556, 45.735044444444448 ] ] ] } },
{ "type": "Feature", "properties": { "fir": "LFMM", "identifier": "LFMM:BRON CTR:000-025", "name": "BRON CTR", "level_lower": 0, "level_upper": 25 }, "geometry": { "type": "Polygon", "coordinates": [ [ [ 4.945277777777778, 45.864441666666671 ], [ 5.0, 45.8 ], [ 5.001941666666666, 45.742219444444444 ], [ 5.058611111111111, 45.570277777777783 ], [ 5.059113888888889, 45.570086111111117 ], [ 5.057725, 45.5696 ], [ 5.056333333333333, 45.569119444444446 ], [ 5.054936111111111, 45.568644444444445 ], [ 5.053536111111111, 45.568177777777784 ], [ 5.052130555555555, 45.567713888888889 ], [ 5.050722222222222, 45.567258333333335 ], [ 5.049311111111111, 45.566811111111114 ], [ 5.047891666666667, 45.566366666666667 ], [ 5.046472222222222, 45.565927777777773 ], [ 5.045047222222222, 45.56549722222222 ], [ 5.043619444444444, 45.565075 ], [ 5.042188888888889, 45.564655555555554 ], [ 5.040752777777778, 45.564241666666661 ], [ 5.039311111111111, 45.563836111111108 ], [ 5.037869444444445, 45.563438888888889 ], [ 5.036422222222222, 45.563044444444444 ], [ 5.034972222222222, 45.562658333333331 ], [ 5.033519444444444, 45.562277777777773 ], [ 5.032061111111111, 45.561902777777775 ], [ 5.030602777777777, 45.56153611111111 ], [ 5.029138888888889, 45.561175 ], [ 5.027669444444444, 45.560819444444441 ], [ 5.026202777777778, 45.560472222222216 ], [ 5.024727777777778, 45.560130555555553 ], [ 5.023252777777778, 45.559794444444442 ], [ 5.021775, 45.559463888888885 ], [ 5.020291666666667, 45.559141666666662 ], [ 5.018808333333333, 45.558827777777772 ], [ 5.017319444444444, 45.558516666666662 ], [ 5.015830555555556, 45.558213888888886 ], [ 5.014336111111112, 45.557916666666664 ], [ 5.012841666666667, 45.557627777777775 ], [ 5.011344444444444, 45.557344444444439 ], [ 5.009841666666667, 45.557066666666664 ], [ 5.008341666666666, 45.556797222222222 ], [ 5.006836111111111, 45.556536111111107 ], [ 5.005327777777778, 45.556277777777773 ], [ 5.003816666666666, 45.556027777777778 ], [ 5.002305555555555, 45.555783333333331 ], [ 5.000791666666666, 45.555547222222216 ], [ 4.999275, 45.555316666666663 ], [ 4.997755555555556, 45.555091666666662 ], [ 4.996236111111111, 45.554875 ], [ 4.994713888888889, 45.554663888888889 ], [ 4.993188888888889, 45.55446111111111 ], [ 4.991663888888889, 45.554263888888883 ], [ 4.990136111111111, 45.554075 ], [ 4.988608333333334, 45.553888888888885 ], [ 4.987077777777777, 45.553713888888886 ], [ 4.985544444444445, 45.553541666666661 ], [ 4.984011111111111, 45.553377777777776 ], [ 4.982475, 45.553222222222217 ], [ 4.980938888888889, 45.55307222222222 ], [ 4.9794, 45.552927777777775 ], [ 4.977861111111111, 45.552791666666664 ], [ 4.976319444444445, 45.552661111111107 ], [ 4.974780555555555, 45.552538888888883 ], [ 4.973236111111111, 45.552422222222219 ], [ 4.971694444444444, 45.552313888888889 ], [ 4.971666666666667, 45.551941666666664 ], [ 4.842777777777777, 45.844469444444449 ], [ 4.842708333333333, 45.844158333333333 ], [ 4.843669444444444, 45.844563888888892 ], [ 4.844633333333333, 45.844966666666672 ], [ 4.845602777777778, 45.845366666666671 ], [ 4.846572222222222, 45.845763888888889 ], [ 4.847547222222222, 45.846155555555555 ], [ 4.848525, 45.846541666666667 ], [ 4.849505555555555, 45.846927777777779 ], [ 4.850488888888888, 45.847305555555558 ], [ 4.851475, 45.847683333333336 ], [ 4.852463888888889, 45.848055555555561 ], [ 4.853455555555556, 45.848425 ], [ 4.854452777777778, 45.84878888888889 ], [ 4.85545, 45.84915 ], [ 4.856452777777777, 45.849508333333333 ], [ 4.857455555555555, 45.84986111111111 ], [ 4.858463888888888, 45.850211111111115 ], [ 4.859472222222222, 45.850555555555559 ], [ 4.86048611111111, 45.850897222222223 ], [ 4.8615, 45.851233333333333 ], [ 4.862519444444444, 45.85156666666667 ], [ 4.863538888888889, 45.85189722222222 ], [ 4.864563888888888, 45.852222222222224 ], [ 4.865588888888889, 45.852544444444447 ], [ 4.866616666666666, 45.85286111111111 ], [ 4.867647222222223, 45.853175 ], [ 4.868680555555556, 45.853483333333337 ], [ 4.869716666666667, 45.853788888888893 ], [ 4.870755555555556, 45.854091666666669 ], [ 4.871797222222223, 45.854388888888892 ], [ 4.872838888888889, 45.854680555555554 ], [ 4.873886111111111, 45.854969444444443 ], [ 4.874933333333334, 45.855255555555559 ], [ 4.875983333333334, 45.855536111111114 ], [ 4.877036111111112, 45.855813888888889 ], [ 4.878091666666667, 45.856086111111111 ], [ 4.879147222222223, 45.85635555555556 ], [ 4.880205555555556, 45.856619444444448 ], [ 4.881266666666667, 45.856880555555556 ], [ 4.882330555555556, 45.85713611111111 ], [ 4.883397222222222, 45.857388888888892 ], [ 4.884463888888888, 45.857636111111113 ], [ 4.885533333333333, 45.85788055555556 ], [ 4.886602777777777, 45.858119444444448 ], [ 4.887677777777777, 45.858355555555555 ], [ 4.888752777777778, 45.858586111111116 ], [ 4.889827777777778, 45.858813888888889 ], [ 4.890908333333333, 45.859036111111109 ], [ 4.891988888888888, 45.859252777777776 ], [ 4.893069444444444, 45.859469444444443 ], [ 4.894155555555555, 45.859677777777776 ], [ 4.895238888888889, 45.859886111111109 ], [ 4.896327777777778, 45.860086111111116 ], [ 4.897416666666667, 45.860283333333335 ], [ 4.898505555555555, 45.860477777777781 ], [ 4.8996, 45.860666666666667 ], [ 4.900691666666667, 45.86085 ], [ 4.901786111111112, 45.861030555555558 ], [ 4.902883333333333, 45.861205555555557 ], [ 4.903980555555556, 45.861377777777783 ], [ 4.905080555555556, 45.861544444444448 ], [ 4.906180555555556, 45.861711111111113 ], [ 4.907280555555556, 45.861869444444444 ], [ 4.908386111111112, 45.862022222222222 ], [ 4.909488888888889, 45.862175 ], [ 4.910594444444444, 45.862319444444445 ], [ 4.911702777777778, 45.862461111111109 ], [ 4.912808333333333, 45.8626 ], [ 4.913916666666667, 45.862730555555558 ], [ 4.915027777777778, 45.862861111111116 ], [ 4.916138888888889, 45.862986111111113 ], [ 4.91725, 45.863105555555556 ], [ 4.918363888888889, 45.863219444444447 ], [ 4.919477777777778, 45.863330555555557 ], [ 4.920591666666667, 45.863438888888894 ], [ 4.921708333333334, 45.86354166666667 ], [ 4.922825, 45.863638888888893 ], [ 4.923941666666667, 45.863733333333336 ], [ 4.925058333333333, 45.863825 ], [ 4.926177777777778, 45.863908333333335 ], [ 4.927297222222222, 45.86398888888889 ], [ 4.928416666666667, 45.864066666666666 ], [ 4.929536111111111, 45.864138888888888 ], [ 4.930658333333334, 45.864205555555557 ], [ 4.931777777777778, 45.864269444444446 ], [ 4.9329, 45.864327777777781 ], [ 4.934025, 45.864383333333336 ], [ 4.935147222222223, 45.864433333333338 ], [ 4.936269444444445, 45.864480555555559 ], [ 4.937394444444445, 45.864519444444447 ], [ 4.938516666666667, 45.864558333333335 ], [ 4.939641666666667, 45.864591666666669 ], [ 4.940766666666667, 45.864619444444443 ], [ 4.941891666666667, 45.864644444444444 ], [ 4.943016666666667, 45.864663888888892 ], [ 4.944141666666667, 45.864677777777779 ], [ 4.945266666666667, 45.864688888888892 ], [ 4.945277777777778, 45.864441666666671 ] ] ] } },
{ "type": "Feature", "properties": { "fir": "LFMM", "identifier": "LFMM:BRON GND:000-007", "name": "BRON GND", "level_lower": 0, "level_upper": 7 }, "geometry": { "type": "Polygon", "coordinates": [ [ [ 4.939727777777778, 45.734566666666666 ], [ 4.94665, 45.718677777777778 ], [ 4.944141666666667, 45.718238888888891 ], [ 4.941213888888889, 45.722394444444447 ], [ 4.940491666666667, 45.722988888888892 ], [ 4.9398, 45.724313888888894 ], [ 4.937580555555556, 45.730072222222226 ], [ 4.934813888888889, 45.729488888888888 ], [ 4.933158333333334, 45.733483333333332 ], [ 4.939727777777778, 45.734566666666666 ] ] ] } },
{ "type": "Feature", "properties": { "fir": "LFMM", "identifier": "LFMM:BT1 UAC:145-195", "name": "BT1 UAC", "level_lower": 145, "level_upper": 195 }, "geometry": { "type": "Polygon", "coordinates": [ [ [ 7.278888888888889, 43.252219444444442 ], [ 7.559838888888889, 43.30565 ], [ 7.568483333333333, 43.307922222222217 ], [ 8.0375, 43.431111111111107 ], [ 8.321719444444444, 43.570277777777783 ], [ 8.406686111111112, 43.547513888888886 ], [ 8.915025, 43.405294444444444 ], [ 9.75, 43.166666666666664 ], [ 9.75, 42.954163888888893 ], [ 9.75, 42.334233333333337 ], [ 8.847777777777779, 42.406666666666666 ], [ 8.204722222222221, 42.303333333333327 ], [ 8.011944444444444, 42.580277777777781 ], [ 7.699166666666667, 42.643611111111113 ], [ 7.253330555555555, 42.867777777777775 ], [ 7.278888888888889, 43.252219444444442 ] ] ] } },
{ "type": "Feature", "properties": { "fir": "LFMM", "identifier": "LFMM:BT2 UAC:195-245", "name": "BT2 UAC", "level_lower": 195, "level_upper": 245 }, "geometry": { "type": "Polygon", "coordinates": [ [ [ 8.321719444444444, 43.570277777777783 ], [ 8.406686111111112, 43.547513888888886 ], [ 8.915025, 43.405294444444444 ], [ 9.75, 43.166666666666664 ], [ 9.75, 42.954163888888893 ], [ 9.75, 42.334233333333337 ], [ 8.847777777777779, 42.406666666666666 ], [ 8.204722222222221, 42.303333333333327 ], [ 8.011944444444444, 42.580277777777781 ], [ 7.699166666666667, 42.643611111111113 ], [ 7.253330555555555, 42.867777777777775 ], [ 7.278888888888889, 43.252219444444442 ], [ 7.559838888888889, 43.30565 ], [ 7.568483333333333, 43.307922222222217 ], [ 8.0375, 43.431111111111107 ], [ 8.321719444444444, 43.570277777777783 ] ] ] } },
{ "type": "Feature", "properties": { "fir": "LFMM", "identifier": "LFMM:CALVI CTR:000-003", "name": "CALVI CTR", "level_lower": 0, "level_upper": 3 }, "geometry": { "type": "Polygon", "coordinates": [ [ [ 8.790997222222222, 42.520758333333333 ], [ 8.792038888888889, 42.521761111111111 ], [ 8.792038888888889, 42.5302 ], [ 8.792038888888889, 42.542691666666663 ], [ 8.795316666666666, 42.542691666666663 ], [ 8.795316666666666, 42.5187 ], [ 8.792269444444445, 42.5187 ], [ 8.790997222222222, 42.520758333333333 ] ] ] } },
{ "type": "Feature", "properties": { "fir": "LFMM", "identifier": "LFMM:CALVI CTR:000-022", "name": "CALVI CTR", "level_lower": 0, "level_upper": 22 }, "geometry": { "type": "Polygon", "coordinates": [ [ [ 8.85, 42.4775 ], [ 8.848227777777778, 42.476241666666667 ], [ 8.846283333333334, 42.474961111111114 ], [ 8.844286111111112, 42.473727777777782 ], [ 8.842236111111111, 42.472538888888892 ], [ 8.840133333333334, 42.471402777777783 ], [ 8.837986111111112, 42.470313888888889 ], [ 8.835788888888889, 42.469277777777776 ], [ 8.83355, 42.468294444444446 ], [ 8.831269444444445, 42.46736388888889 ], [ 8.82895, 42.46648888888889 ], [ 8.826591666666667, 42.465666666666671 ], [ 8.8242, 42.46490277777778 ], [ 8.821777777777777, 42.464194444444445 ], [ 8.819325, 42.463544444444445 ], [ 8.816844444444444, 42.46295277777778 ], [ 8.814341666666667, 42.46241944444445 ], [ 8.811816666666667, 42.461947222222229 ], [ 8.809269444444444, 42.461533333333335 ], [ 8.806708333333335, 42.461180555555558 ], [ 8.804133333333334, 42.460888888888888 ], [ 8.801544444444446, 42.460655555555562 ], [ 8.79895, 42.460486111111116 ], [ 8.796347222222222, 42.460377777777779 ], [ 8.793741666666666, 42.460330555555558 ], [ 8.791136111111111, 42.460344444444445 ], [ 8.788533333333334, 42.460422222222228 ], [ 8.785933333333332, 42.460561111111112 ], [ 8.783341666666667, 42.460758333333338 ], [ 8.780761111111111, 42.461019444444446 ], [ 8.77818888888889, 42.461338888888889 ], [ 8.775636111111112, 42.461719444444448 ], [ 8.7731, 42.462163888888895 ], [ 8.770583333333335, 42.462663888888891 ], [ 8.768091666666667, 42.463225 ], [ 8.765625, 42.463844444444447 ], [ 8.763186111111111, 42.464522222222222 ], [ 8.760775, 42.465255555555558 ], [ 8.7584, 42.466047222222223 ], [ 8.75606111111111, 42.466894444444449 ], [ 8.753888888888889, 42.467777777777776 ], [ 8.753758333333334, 42.467794444444444 ], [ 8.655, 42.508330555555553 ], [ 8.655, 42.630277777777778 ], [ 8.659, 42.633025 ], [ 8.663447222222223, 42.63581111111111 ], [ 8.668002777777778, 42.638505555555554 ], [ 8.672663888888888, 42.6411 ], [ 8.677422222222221, 42.643594444444446 ], [ 8.682275, 42.645988888888887 ], [ 8.687222222222223, 42.648280555555559 ], [ 8.692255555555557, 42.650463888888886 ], [ 8.697375, 42.652541666666664 ], [ 8.702569444444444, 42.654511111111113 ], [ 8.707841666666665, 42.656366666666663 ], [ 8.71318611111111, 42.658113888888884 ], [ 8.718591666666667, 42.659744444444442 ], [ 8.724063888888889, 42.661261111111109 ], [ 8.729591666666666, 42.662663888888886 ], [ 8.735169444444443, 42.663944444444446 ], [ 8.7408, 42.665111111111109 ], [ 8.746469444444443, 42.666155555555555 ], [ 8.752180555555556, 42.66708055555555 ], [ 8.757922222222222, 42.667883333333329 ], [ 8.763694444444445, 42.668566666666663 ], [ 8.769491666666667, 42.669125 ], [ 8.775311111111112, 42.669561111111108 ], [ 8.781141666666667, 42.669875 ], [ 8.786983333333334, 42.670066666666663 ], [ 8.792827777777777, 42.670130555555552 ], [ 8.798675, 42.670075 ], [ 8.804516666666668, 42.669894444444445 ], [ 8.81035, 42.669591666666662 ], [ 8.816166666666668, 42.669163888888889 ], [ 8.821966666666667, 42.668613888888885 ], [ 8.827741666666666, 42.667941666666664 ], [ 8.833488888888889, 42.667147222222219 ], [ 8.8392, 42.666230555555558 ], [ 8.844875, 42.665194444444445 ], [ 8.850505555555555, 42.664038888888889 ], [ 8.856088888888889, 42.662766666666663 ], [ 8.861619444444445, 42.661375 ], [ 8.867094444444446, 42.659866666666666 ], [ 8.872508333333334, 42.658244444444442 ], [ 8.877855555555556, 42.656505555555555 ], [ 8.883133333333333, 42.65465833333333 ], [ 8.88833611111111, 42.652697222222223 ], [ 8.89346111111111, 42.650627777777778 ], [ 8.8985, 42.648452777777777 ], [ 8.903455555555556, 42.646169444444446 ], [ 8.908316666666668, 42.643783333333332 ], [ 8.913083333333333, 42.641297222222221 ], [ 8.91775, 42.638708333333334 ], [ 8.922313888888889, 42.636025 ], [ 8.926388888888889, 42.633330555555553 ], [ 8.85, 42.5975 ], [ 8.85, 42.4775 ] ] ] } },
{ "type": "Feature", "properties": { "fir": "LFMM", "identifier": "LFMM:CALVI GND:000-003", "name": "CALVI GND", "level_lower": 0, "level_upper": 3 }, "geometry": { "type": "Polygon", "coordinates": [ [ [ 8.787788888888889, 42.5302 ], [ 8.792038888888889, 42.5302 ], [ 8.792038888888889, 42.521761111111111 ], [ 8.790997222222222, 42.520758333333333 ], [ 8.787797222222222, 42.526977777777773 ], [ 8.787788888888889, 42.5302 ] ] ] } },
{ "type": "Feature", "properties": { "fir": "LFMM", "identifier": "LFMM:CANNES CTR:000-001", "name": "CANNES CTR", "level_lower": 0, "level_upper": 1 }, "geometry": { "type": "Polygon", "coordinates": [ [ [ 6.950486111111111, 43.555216666666666 ], [ 6.951536111111111, 43.549611111111112 ], [ 6.952102777777778, 43.549666666666667 ], [ 6.952988888888889, 43.54443055555555 ], [ 6.952463888888889, 43.544386111111109 ], [ 6.952602777777778, 43.543555555555557 ], [ 6.953091666666666, 43.5436 ], [ 6.953055555555555, 43.543822222222218 ], [ 6.953472222222222, 43.543858333333333 ], [ 6.960061111111111, 43.548572222222219 ], [ 6.960308333333334, 43.54875 ], [ 6.960755555555556, 43.548436111111108 ], [ 6.953811111111111, 43.543191666666665 ], [ 6.953836111111111, 43.542977777777779 ], [ 6.952661111111111, 43.542858333333328 ], [ 6.9532, 43.540063888888888 ], [ 6.951805555555556, 43.539936111111111 ], [ 6.949002777777778, 43.555055555555555 ], [ 6.950486111111111, 43.555216666666666 ] ] ] } },
{ "type": "Feature", "properties": { "fir": "LFMM", "identifier": "LFMM:CANNES CTR 1:000-025", "name": "CANNES CTR 1", "level_lower": 0, "level_upper": 25 }, "geometry": { "type": "Polygon", "coordinates": [ [ [ 7.0, 43.642219444444443 ], [ 7.041744444444444, 43.560916666666664 ], [ 7.053330555555555, 43.538330555555554 ], [ 7.1, 43.520830555555555 ], [ 6.888330555555555, 43.420555555555552 ], [ 6.858330555555555, 43.451666666666668 ], [ 6.830555555555556, 43.511941666666665 ], [ 6.842594444444444, 43.526980555555554 ], [ 6.8419, 43.529163888888888 ], [ 6.841286111111111, 43.53136111111111 ], [ 6.840755555555555, 43.533569444444446 ], [ 6.840308333333333, 43.535788888888888 ], [ 6.839941666666666, 43.538013888888884 ], [ 6.839661111111111, 43.54024722222222 ], [ 6.839461111111111, 43.54248611111111 ], [ 6.839344444444444, 43.544725 ], [ 6.839311111111111, 43.546966666666663 ], [ 6.839361111111111, 43.549208333333333 ], [ 6.839494444444444, 43.55145 ], [ 6.839713888888888, 43.553686111111105 ], [ 6.840013888888889, 43.555916666666661 ], [ 6.8404, 43.558141666666664 ], [ 6.840866666666666, 43.560355555555553 ], [ 6.841413888888889, 43.562563888888889 ], [ 6.842044444444444, 43.56475833333333 ], [ 6.842758333333333, 43.566938888888892 ], [ 6.843552777777777, 43.569105555555559 ], [ 6.844427777777778, 43.57125833333334 ], [ 6.845380555555555, 43.573388888888893 ], [ 6.846413888888889, 43.575502777777778 ], [ 6.847527777777778, 43.577594444444451 ], [ 6.848716666666666, 43.579666666666668 ], [ 6.849980555555555, 43.581711111111112 ], [ 6.851325, 43.583730555555555 ], [ 6.852741666666667, 43.585725 ], [ 6.854230555555556, 43.587688888888891 ], [ 6.855794444444444, 43.589625 ], [ 6.857430555555555, 43.591527777777777 ], [ 6.859136111111111, 43.5934 ], [ 6.860911111111111, 43.595236111111113 ], [ 6.862752777777778, 43.597036111111116 ], [ 6.864663888888889, 43.598802777777777 ], [ 6.866638888888889, 43.600527777777778 ], [ 6.868677777777778, 43.602216666666671 ], [ 6.870777777777779, 43.603863888888888 ], [ 6.872938888888889, 43.605466666666665 ], [ 6.875158333333334, 43.607030555555554 ], [ 6.877438888888889, 43.60855 ], [ 6.879769444444445, 43.610022222222227 ], [ 6.882161111111111, 43.61145 ], [ 6.8846, 43.612827777777781 ], [ 6.887091666666667, 43.614161111111116 ], [ 6.889630555555555, 43.615441666666669 ], [ 6.892222222222221, 43.616675 ], [ 6.89485, 43.617855555555558 ], [ 6.897525, 43.618986111111113 ], [ 6.900241666666667, 43.620061111111113 ], [ 6.903, 43.621083333333331 ], [ 6.905791666666667, 43.622052777777782 ], [ 6.908619444444445, 43.62296666666667 ], [ 6.911480555555556, 43.623825 ], [ 6.914375, 43.624625 ], [ 6.917294444444445, 43.625369444444445 ], [ 6.920241666666667, 43.626055555555553 ], [ 6.923330555555556, 43.626666666666665 ], [ 7.0, 43.642219444444443 ] ] ] } },
{ "type": "Feature", "properties": { "fir": "LFMM", "identifier": "LFMM:CANNES CTR 2:008-025", "name": "CANNES CTR 2", "level_lower": 8, "level_upper": 25 }, "geometry": { "type": "Polygon", "coordinates": [ [ [ 7.1, 43.520830555555555 ], [ 7.1, 43.480830555555556 ], [ 6.919166666666667, 43.388330555555555 ], [ 6.888330555555555, 43.420555555555552 ], [ 7.1, 43.520830555555555 ] ] ] } },
{ "type": "Feature", "properties": { "fir": "LFMM", "identifier": "LFMM:CANNES GND-NE:000-001", "name": "CANNES GND-NE", "level_lower": 0, "level_upper": 1 }, "geometry": { "type": "Polygon", "coordinates": [ [ [ 6.953219444444445, 43.555469444444441 ], [ 6.954161111111111, 43.549991666666664 ], [ 6.953352777777778, 43.549944444444442 ], [ 6.953505555555556, 43.548636111111108 ], [ 6.954333333333333, 43.54868888888889 ], [ 6.954536111111111, 43.546966666666663 ], [ 6.956175, 43.548091666666664 ], [ 6.956241666666667, 43.549833333333332 ], [ 6.960347222222222, 43.549752777777776 ], [ 6.960308333333334, 43.54875 ], [ 6.960061111111111, 43.548572222222219 ], [ 6.953472222222222, 43.543858333333333 ], [ 6.953055555555555, 43.543822222222218 ], [ 6.953091666666666, 43.5436 ], [ 6.952602777777778, 43.543555555555557 ], [ 6.952463888888889, 43.544386111111109 ], [ 6.952988888888889, 43.54443055555555 ], [ 6.952102777777778, 43.549666666666667 ], [ 6.951536111111111, 43.549611111111112 ], [ 6.950486111111111, 43.555216666666666 ], [ 6.953219444444445, 43.555469444444441 ] ] ] } },
{ "type": "Feature", "properties": { "fir": "LFMM", "identifier": "LFMM:CANNES GND-SE:000-001", "name": "CANNES GND-SE", "level_lower": 0, "level_upper": 1 }, "geometry": { "type": "Polygon", "coordinates": [ [ [ 6.953811111111111, 43.543191666666665 ], [ 6.960755555555556, 43.548436111111108 ], [ 6.962102777777778, 43.5475 ], [ 6.959863888888889, 43.545811111111107 ], [ 6.960066666666667, 43.545669444444442 ], [ 6.958061111111111, 43.544152777777775 ], [ 6.9572, 43.544752777777774 ], [ 6.955080555555556, 43.54315 ], [ 6.954816666666667, 43.542811111111106 ], [ 6.955302777777778, 43.540277777777774 ], [ 6.9532, 43.540063888888888 ], [ 6.952661111111111, 43.542858333333328 ], [ 6.953836111111111, 43.542977777777779 ], [ 6.953811111111111, 43.543191666666665 ] ] ] } },
{ "type": "Feature", "properties": { "fir": "LFMM", "identifier": "LFMM:CHAMBERY CTR 1:000-035", "name": "CHAMBERY CTR 1", "level_lower": 0, "level_upper": 35 }, "geometry": { "type": "Polygon", "coordinates": [ [ [ 5.934166666666667, 45.607777777777777 ], [ 5.945555555555556, 45.607777777777777 ], [ 5.949166666666667, 45.559441666666665 ], [ 5.93, 45.538330555555554 ], [ 5.833330555555555, 45.5375 ], [ 5.833330555555555, 45.601388888888891 ], [ 5.833330555555555, 45.751111111111108 ], [ 5.833330555555555, 45.777219444444441 ], [ 5.870555555555556, 45.777219444444441 ], [ 5.886111111111111, 45.75138888888889 ], [ 5.923611111111112, 45.751666666666665 ], [ 5.934166666666667, 45.607777777777777 ] ] ] } },
{ "type": "Feature", "properties": { "fir": "LFMM", "identifier": "LFMM:CHAMBERY CTR 2:000-018", "name": "CHAMBERY CTR 2", "level_lower": 0, "level_upper": 18 }, "geometry": { "type": "Polygon", "coordinates": [ [ [ 5.833330555555555, 45.5375 ], [ 5.833330555555555, 45.529166666666669 ], [ 5.805555555555555, 45.50277777777778 ], [ 5.788888888888889, 45.50277777777778 ], [ 5.816666666666666, 45.533330555555551 ], [ 5.816666666666666, 45.601388888888891 ], [ 5.833330555555555, 45.601388888888891 ], [ 5.833330555555555, 45.5375 ] ] ] } },
{ "type": "Feature", "properties": { "fir": "LFMM", "identifier": "LFMM:CLERMONT CF1:027-145", "name": "CLERMONT CF1", "level_lower": 27, "level_upper": 145 }, "geometry": { "type": "Polygon", "coordinates": [ [ [ 3.566666666666666, 46.333330555555555 ], [ 3.633330555555556, 46.30833055555555 ], [ 3.633330555555556, 46.2 ], [ 3.683330555555556, 46.104441666666666 ], [ 3.853888888888889, 46.05 ], [ 3.898055555555556, 45.969441666666668 ], [ 3.915, 45.938608333333327 ], [ 4.093552777777777, 45.609963888888892 ], [ 4.108888888888888, 45.581666666666671 ], [ 3.021111111111111, 45.223330555555556 ], [ 2.604719444444445, 45.166666666666664 ], [ 2.5, 45.166666666666664 ], [ 2.5, 45.253611111111113 ], [ 2.5, 45.43610833333333 ], [ 2.5, 46.229444444444447 ], [ 2.588888888888889, 46.259722222222223 ], [ 2.927777777777778, 46.255555555555553 ], [ 2.916666666666667, 46.333333333333336 ], [ 3.566666666666666, 46.333330555555555 ] ] ] } },
{ "type": "Feature", "properties": { "fir": "LFMM", "identifier": "LFMM:CLERMONT CF1-N:000-027", "name": "CLERMONT CF1-N", "level_lower": 0, "level_upper": 27 }, "geometry": { "type": "Polygon", "coordinates": [ [ [ 2.5, 46.229444444444447 ], [ 2.588888888888889, 46.259722222222223 ], [ 2.927777777777778, 46.255555555555553 ], [ 2.916666666666667, 46.333333333333336 ], [ 3.566666666666666, 46.333330555555555 ], [ 3.633330555555556, 46.30833055555555 ], [ 3.633330555555556, 46.2 ], [ 3.683330555555556, 46.104441666666666 ], [ 3.853888888888889, 46.05 ], [ 3.380919444444444, 45.861463888888892 ], [ 3.197661111111111, 45.891530555555555 ], [ 3.195238888888889, 45.891908333333333 ], [ 3.192805555555555, 45.892258333333331 ], [ 3.190366666666666, 45.892583333333334 ], [ 3.187919444444444, 45.892880555555557 ], [ 3.185466666666667, 45.89315 ], [ 3.183008333333333, 45.893391666666666 ], [ 3.180544444444444, 45.893608333333333 ], [ 3.178075, 45.893794444444445 ], [ 3.175602777777778, 45.893955555555557 ], [ 3.173125, 45.894088888888888 ], [ 3.170647222222222, 45.894191666666664 ], [ 3.168166666666667, 45.894269444444447 ], [ 3.165683333333333, 45.894319444444442 ], [ 3.1632, 45.894341666666669 ], [ 3.160716666666667, 45.894336111111109 ], [ 3.158233333333333, 45.894302777777774 ], [ 3.15575, 45.894241666666666 ], [ 3.153269444444444, 45.894155555555557 ], [ 3.150791666666667, 45.894038888888886 ], [ 3.148316666666667, 45.893894444444442 ], [ 3.145844444444444, 45.893725 ], [ 3.143377777777778, 45.893527777777777 ], [ 3.140916666666667, 45.8933 ], [ 3.138461111111111, 45.893047222222222 ], [ 3.136011111111111, 45.892766666666667 ], [ 3.133566666666667, 45.89246111111111 ], [ 3.131127777777778, 45.892125 ], [ 3.1287, 45.891763888888889 ], [ 3.126280555555556, 45.891375 ], [ 3.123869444444444, 45.89095833333333 ], [ 3.121469444444445, 45.890516666666663 ], [ 3.119077777777778, 45.890047222222222 ], [ 3.1167, 45.88955277777778 ], [ 3.114333333333334, 45.889030555555557 ], [ 3.111977777777778, 45.888480555555553 ], [ 3.109636111111111, 45.887908333333336 ], [ 3.107305555555556, 45.887305555555557 ], [ 3.104991666666667, 45.886680555555557 ], [ 3.102691666666667, 45.886027777777777 ], [ 3.100408333333333, 45.885352777777776 ], [ 3.098138888888889, 45.88465 ], [ 3.095886111111111, 45.883922222222225 ], [ 3.09365, 45.883169444444448 ], [ 3.091433333333334, 45.88239166666667 ], [ 3.089233333333333, 45.881588888888892 ], [ 3.087052777777778, 45.880763888888886 ], [ 3.084891666666667, 45.879911111111113 ], [ 3.08275, 45.879038888888893 ], [ 3.080627777777778, 45.878138888888891 ], [ 3.078527777777778, 45.877216666666669 ], [ 3.07645, 45.876272222222219 ], [ 3.074391666666667, 45.875305555555556 ], [ 3.072358333333334, 45.874313888888892 ], [ 3.070344444444445, 45.8733 ], [ 3.068358333333334, 45.872266666666668 ], [ 3.066394444444444, 45.871208333333335 ], [ 3.064455555555555, 45.870127777777775 ], [ 3.062541666666666, 45.869027777777781 ], [ 3.060652777777777, 45.867905555555559 ], [ 3.058788888888889, 45.86676388888889 ], [ 3.056952777777778, 45.8656 ], [ 3.055144444444444, 45.864416666666671 ], [ 3.053361111111111, 45.863213888888893 ], [ 3.051608333333333, 45.861991666666668 ], [ 3.049880555555555, 45.86075 ], [ 3.048186111111111, 45.85948888888889 ], [ 3.046516666666667, 45.858205555555557 ], [ 3.044880555555555, 45.856908333333337 ], [ 3.043269444444444, 45.855591666666669 ], [ 3.041694444444444, 45.854258333333334 ], [ 3.040147222222222, 45.852905555555559 ], [ 3.038630555555555, 45.851538888888889 ], [ 3.037147222222222, 45.85015277777778 ], [ 3.035694444444444, 45.84875 ], [ 3.034280555555556, 45.846891666666671 ], [ 3.034069444444444, 45.84491388888889 ], [ 3.033875, 45.842936111111115 ], [ 3.033694444444444, 45.84095555555556 ], [ 3.033533333333333, 45.838975 ], [ 3.033388888888889, 45.83699444444445 ], [ 3.033261111111111, 45.835011111111115 ], [ 3.03315, 45.83303055555556 ], [ 3.033055555555555, 45.831047222222224 ], [ 3.032980555555556, 45.829063888888889 ], [ 3.032919444444445, 45.827080555555561 ], [ 3.032875, 45.825097222222226 ], [ 3.03285, 45.823113888888891 ], [ 3.032838888888889, 45.821127777777782 ], [ 3.032847222222222, 45.819144444444447 ], [ 3.032872222222222, 45.817161111111112 ], [ 3.032913888888889, 45.815177777777777 ], [ 3.032969444444444, 45.813194444444441 ], [ 3.033044444444444, 45.811211111111106 ], [ 3.033138888888889, 45.809227777777778 ], [ 3.033244444444444, 45.807244444444443 ], [ 3.033372222222222, 45.805263888888888 ], [ 3.033513888888889, 45.803283333333333 ], [ 3.033675, 45.801302777777778 ], [ 3.03385, 45.799322222222223 ], [ 3.034041666666667, 45.797341666666668 ], [ 3.034252777777778, 45.795363888888886 ], [ 3.034477777777778, 45.793386111111111 ], [ 3.034722222222222, 45.79141111111111 ], [ 3.034983333333333, 45.789433333333335 ], [ 3.035261111111111, 45.787461111111107 ], [ 3.035552777777778, 45.785486111111112 ], [ 3.035863888888889, 45.783513888888884 ], [ 3.036191666666666, 45.781544444444442 ], [ 3.036536111111111, 45.779575 ], [ 3.036894444444444, 45.777605555555553 ], [ 3.037272222222222, 45.775641666666665 ], [ 3.037666666666667, 45.773675 ], [ 3.038077777777778, 45.77171388888889 ], [ 3.038505555555556, 45.76975 ], [ 3.03895, 45.767791666666668 ], [ 3.039411111111111, 45.765833333333333 ], [ 3.039888888888889, 45.763877777777779 ], [ 3.040380555555556, 45.761925 ], [ 3.040891666666667, 45.759972222222224 ], [ 3.041419444444444, 45.758025 ], [ 3.041963888888889, 45.756077777777776 ], [ 3.042525, 45.754130555555555 ], [ 3.0431, 45.752188888888888 ], [ 3.043694444444444, 45.75025 ], [ 3.044302777777778, 45.748311111111114 ], [ 3.044927777777778, 45.746375 ], [ 3.045572222222222, 45.744441666666667 ], [ 3.046230555555555, 45.742513888888887 ], [ 3.046905555555556, 45.740586111111114 ], [ 3.047597222222222, 45.738661111111114 ], [ 3.048305555555555, 45.736741666666667 ], [ 3.049027777777777, 45.73482222222222 ], [ 3.049769444444444, 45.732905555555554 ], [ 3.050525, 45.730994444444448 ], [ 3.0513, 45.729086111111116 ], [ 3.052088888888889, 45.727180555555556 ], [ 3.052891666666667, 45.725277777777777 ], [ 3.053713888888889, 45.723377777777777 ], [ 3.05455, 45.721480555555559 ], [ 3.055402777777778, 45.719588888888893 ], [ 3.056272222222222, 45.7177 ], [ 3.057158333333333, 45.715816666666669 ], [ 3.058061111111111, 45.713933333333337 ], [ 3.058977777777778, 45.712055555555558 ], [ 3.059911111111111, 45.710183333333333 ], [ 3.060858333333333, 45.708313888888888 ], [ 3.061822222222222, 45.706447222222224 ], [ 3.062802777777778, 45.704586111111112 ], [ 3.0638, 45.702727777777781 ], [ 2.5, 45.43610833333333 ], [ 2.5, 46.229444444444447 ] ] ] } },
{ "type": "Feature", "properties": { "fir": "LFMM", "identifier": "LFMM:CLERMONT CF1-S:000-027", "name": "CLERMONT CF1-S", "level_lower": 0, "level_upper": 27 }, "geometry": { "type": "Polygon", "coordinates": [ [ [ 3.853888888888889, 46.05 ], [ 3.898055555555556, 45.969441666666668 ], [ 3.915, 45.938608333333327 ], [ 4.093552777777777, 45.609963888888892 ], [ 4.108888888888888, 45.581666666666671 ], [ 3.021111111111111, 45.223330555555556 ], [ 2.604719444444445, 45.166666666666664 ], [ 2.5, 45.166666666666664 ], [ 2.5, 45.253611111111113 ], [ 2.5, 45.43610833333333 ], [ 3.0638, 45.702727777777781 ], [ 3.065969444444444, 45.700988888888894 ], [ 3.067905555555556, 45.699936111111107 ], [ 3.069866666666667, 45.698902777777775 ], [ 3.071847222222222, 45.697894444444444 ], [ 3.073852777777778, 45.696905555555553 ], [ 3.075880555555556, 45.695941666666663 ], [ 3.077927777777778, 45.695 ], [ 3.079997222222222, 45.694080555555551 ], [ 3.082086111111111, 45.69318333333333 ], [ 3.084197222222222, 45.69230833333333 ], [ 3.086327777777778, 45.69145833333333 ], [ 3.088475, 45.690630555555551 ], [ 3.090641666666667, 45.689827777777772 ], [ 3.092825, 45.689047222222221 ], [ 3.095027777777778, 45.688291666666665 ], [ 3.097244444444445, 45.687563888888889 ], [ 3.099480555555556, 45.686855555555553 ], [ 3.101730555555556, 45.686175 ], [ 3.103994444444445, 45.685516666666665 ], [ 3.106275, 45.684886111111105 ], [ 3.108569444444444, 45.684280555555553 ], [ 3.110877777777778, 45.6837 ], [ 3.113197222222222, 45.683144444444444 ], [ 3.115530555555555, 45.682613888888888 ], [ 3.117875, 45.682111111111112 ], [ 3.120227777777778, 45.68163055555555 ], [ 3.122594444444445, 45.681180555555557 ], [ 3.124969444444444, 45.680752777777776 ], [ 3.127352777777778, 45.680352777777777 ], [ 3.129747222222222, 45.679980555555552 ], [ 3.13215, 45.679633333333328 ], [ 3.134558333333333, 45.679313888888885 ], [ 3.136975, 45.679019444444442 ], [ 3.139394444444445, 45.67875 ], [ 3.141825, 45.678511111111106 ], [ 3.144258333333333, 45.67829722222222 ], [ 3.146694444444444, 45.678111111111107 ], [ 3.149136111111111, 45.67795 ], [ 3.151580555555555, 45.677816666666665 ], [ 3.154027777777778, 45.677711111111108 ], [ 3.156477777777777, 45.677630555555552 ], [ 3.158930555555556, 45.677577777777778 ], [ 3.161380555555556, 45.67755555555555 ], [ 3.163833333333333, 45.67755555555555 ], [ 3.166286111111111, 45.677583333333331 ], [ 3.168736111111111, 45.677638888888886 ], [ 3.171186111111111, 45.677722222222222 ], [ 3.173633333333333, 45.677833333333332 ], [ 3.176077777777778, 45.677969444444443 ], [ 3.178519444444444, 45.678133333333328 ], [ 3.180955555555555, 45.678325 ], [ 3.183388888888889, 45.678541666666668 ], [ 3.185816666666666, 45.678786111111108 ], [ 3.188236111111111, 45.67905555555555 ], [ 3.190652777777778, 45.679352777777773 ], [ 3.193061111111111, 45.679677777777776 ], [ 3.195461111111111, 45.680027777777774 ], [ 3.197852777777777, 45.680405555555552 ], [ 3.200236111111111, 45.680808333333331 ], [ 3.202611111111111, 45.681238888888885 ], [ 3.204975, 45.681694444444439 ], [ 3.207327777777778, 45.682175 ], [ 3.209669444444445, 45.68268333333333 ], [ 3.212002777777778, 45.683216666666667 ], [ 3.214319444444445, 45.683775 ], [ 3.216625, 45.684361111111109 ], [ 3.218916666666667, 45.684969444444441 ], [ 3.221194444444444, 45.685605555555554 ], [ 3.223458333333333, 45.686263888888888 ], [ 3.225705555555556, 45.68695 ], [ 3.227938888888889, 45.687661111111105 ], [ 3.230155555555556, 45.688394444444441 ], [ 3.232355555555556, 45.689152777777771 ], [ 3.234536111111111, 45.689933333333329 ], [ 3.2367, 45.690741666666661 ], [ 3.401388888888889, 45.753330555555557 ], [ 3.4059, 45.75525833333333 ], [ 3.410197222222222, 45.757261111111113 ], [ 3.414311111111111, 45.759444444444448 ], [ 3.418222222222222, 45.761802777777781 ], [ 3.421916666666667, 45.764325 ], [ 3.425383333333333, 45.767 ], [ 3.428605555555555, 45.769819444444444 ], [ 3.431572222222222, 45.772775 ], [ 3.434272222222222, 45.77585 ], [ 3.436694444444444, 45.779036111111111 ], [ 3.438830555555556, 45.782319444444447 ], [ 3.440669444444445, 45.785691666666665 ], [ 3.442208333333334, 45.789133333333332 ], [ 3.443438888888889, 45.792636111111108 ], [ 3.444355555555556, 45.796186111111112 ], [ 3.444958333333334, 45.799766666666663 ], [ 3.445238888888889, 45.803369444444442 ], [ 3.445202777777778, 45.806975 ], [ 3.444844444444445, 45.81057222222222 ], [ 3.444169444444445, 45.81415 ], [ 3.443177777777778, 45.817688888888895 ], [ 3.441875, 45.821177777777784 ], [ 3.440263888888889, 45.824605555555557 ], [ 3.438352777777778, 45.827955555555562 ], [ 3.436144444444445, 45.83121944444445 ], [ 3.433655555555556, 45.834380555555555 ], [ 3.430888888888889, 45.837427777777783 ], [ 3.427855555555555, 45.84035 ], [ 3.424566666666666, 45.843136111111114 ], [ 3.421041666666667, 45.845777777777784 ], [ 3.417286111111111, 45.848258333333334 ], [ 3.413316666666667, 45.850575 ], [ 3.409147222222222, 45.852713888888893 ], [ 3.4048, 45.854672222222227 ], [ 3.400283333333333, 45.856436111111115 ], [ 3.395619444444444, 45.858005555555557 ], [ 3.390825, 45.859366666666666 ], [ 3.385919444444444, 45.860522222222222 ], [ 3.380919444444444, 45.861463888888892 ], [ 3.853888888888889, 46.05 ] ] ] } },
{ "type": "Feature", "properties": { "fir": "LFMM", "identifier": "LFMM:CLERMONT CF2:115-145", "name": "CLERMONT CF2", "level_lower": 115, "level_upper": 145 }, "geometry": { "type": "Polygon", "coordinates": [ [ [ 3.633330555555556, 46.30833055555555 ], [ 3.566666666666666, 46.333330555555555 ], [ 2.916666666666667, 46.333333333333336 ], [ 3.266666666666667, 46.5 ], [ 3.616666666666667, 46.5 ], [ 3.633330555555556, 46.30833055555555 ] ] ] } },
{ "type": "Feature", "properties": { "fir": "LFMM", "identifier": "LFMM:CLERMONT CK:032-045", "name": "CLERMONT CK", "level_lower": 32, "level_upper": 45 }, "geometry": { "type": "Polygon", "coordinates": [ [ [ 4.108888888888888, 45.581666666666671 ], [ 4.093552777777777, 45.609963888888892 ], [ 4.097077777777778, 45.614461111111112 ], [ 4.100127777777778, 45.618080555555558 ], [ 4.103308333333333, 45.621644444444442 ], [ 4.106622222222222, 45.62515 ], [ 4.110063888888889, 45.628591666666665 ], [ 4.113636111111111, 45.631969444444444 ], [ 4.117330555555555, 45.635280555555553 ], [ 4.12115, 45.638525 ], [ 4.125086111111111, 45.6417 ], [ 4.129141666666666, 45.6448 ], [ 4.13331111111111, 45.647825 ], [ 4.137591666666667, 45.650772222222223 ], [ 4.141980555555556, 45.653641666666665 ], [ 4.146477777777778, 45.656430555555552 ], [ 4.151075, 45.65913611111111 ], [ 4.155772222222223, 45.661755555555551 ], [ 4.160566666666667, 45.66428888888889 ], [ 4.165452777777778, 45.666736111111106 ], [ 4.170430555555556, 45.669091666666667 ], [ 4.175494444444444, 45.67135555555555 ], [ 4.180638888888889, 45.673527777777778 ], [ 4.185866666666667, 45.675605555555556 ], [ 4.191166666666667, 45.677586111111111 ], [ 4.196541666666667, 45.679469444444443 ], [ 4.201986111111111, 45.681255555555552 ], [ 4.207491666666667, 45.682941666666665 ], [ 4.213061111111111, 45.684525 ], [ 4.218688888888889, 45.686008333333334 ], [ 4.224366666666667, 45.687388888888883 ], [ 4.230097222222223, 45.688663888888883 ], [ 4.235872222222222, 45.689836111111106 ], [ 4.241691666666667, 45.6909 ], [ 4.247544444444444, 45.691858333333329 ], [ 4.253436111111111, 45.692711111111109 ], [ 4.259352777777778, 45.693452777777772 ], [ 4.2653, 45.694088888888885 ], [ 4.271266666666667, 45.694616666666661 ], [ 4.27725, 45.695036111111108 ], [ 4.28325, 45.695344444444444 ], [ 4.289255555555555, 45.695544444444444 ], [ 4.295269444444444, 45.695636111111106 ], [ 4.301283333333333, 45.695616666666666 ], [ 4.307294444444445, 45.695488888888889 ], [ 4.3133, 45.69525 ], [ 4.319294444444444, 45.694902777777777 ], [ 4.325272222222222, 45.694444444444443 ], [ 4.331230555555555, 45.693877777777772 ], [ 4.337166666666667, 45.693205555555551 ], [ 4.343077777777777, 45.69242222222222 ], [ 4.348955555555555, 45.691533333333332 ], [ 4.354797222222222, 45.690538888888888 ], [ 4.3606, 45.689436111111107 ], [ 4.366361111111111, 45.688227777777776 ], [ 4.372072222222222, 45.686916666666662 ], [ 4.377736111111111, 45.6855 ], [ 4.3775, 45.685555555555553 ], [ 4.399166666666667, 45.52 ], [ 4.175, 45.462777777777781 ], [ 4.108888888888888, 45.581666666666671 ] ] ] } },
{ "type": "Feature", "properties": { "fir": "LFMM", "identifier": "LFMM:CLERMONT CK:000-045", "name": "CLERMONT CK", "level_lower": 0, "level_upper": 45 }, "geometry": { "type": "Polygon", "coordinates": [ [ [ 4.290277777777778, 45.923888888888889 ], [ 4.310555555555555, 45.884719444444443 ], [ 4.383055555555555, 45.743330555555559 ], [ 4.616666666666667, 45.283330555555551 ], [ 4.533330555555556, 45.266666666666666 ], [ 4.316666666666666, 45.2 ], [ 4.042219444444444, 45.136941666666665 ], [ 4.108888888888888, 45.581666666666671 ], [ 4.175, 45.462777777777781 ], [ 4.197777777777778, 45.420830555555554 ], [ 4.199527777777778, 45.419894444444445 ], [ 4.201658333333333, 45.419011111111111 ], [ 4.203805555555555, 45.41815 ], [ 4.205966666666667, 45.417305555555551 ], [ 4.208144444444445, 45.416483333333332 ], [ 4.210336111111111, 45.415680555555554 ], [ 4.212541666666667, 45.414897222222223 ], [ 4.214763888888889, 45.414136111111112 ], [ 4.217, 45.413391666666662 ], [ 4.219247222222222, 45.41266944444444 ], [ 4.221508333333333, 45.411969444444445 ], [ 4.223783333333333, 45.41128888888889 ], [ 4.226069444444445, 45.410630555555556 ], [ 4.228369444444445, 45.409991666666663 ], [ 4.230680555555556, 45.409372222222224 ], [ 4.233002777777778, 45.408777777777779 ], [ 4.235336111111111, 45.4082 ], [ 4.237677777777778, 45.407647222222224 ], [ 4.240030555555555, 45.407113888888887 ], [ 4.242391666666666, 45.406602777777778 ], [ 4.244763888888889, 45.406113888888889 ], [ 4.247144444444444, 45.405644444444441 ], [ 4.249536111111111, 45.4052 ], [ 4.251930555555556, 45.404775 ], [ 4.254336111111111, 45.404372222222221 ], [ 4.25675, 45.403991666666663 ], [ 4.259166666666666, 45.403636111111112 ], [ 4.261591666666667, 45.403297222222221 ], [ 4.264025, 45.402983333333331 ], [ 4.266461111111111, 45.402691666666662 ], [ 4.268902777777778, 45.402422222222221 ], [ 4.27135, 45.402175 ], [ 4.273802777777778, 45.40195 ], [ 4.276255555555555, 45.40174722222222 ], [ 4.278716666666667, 45.401566666666668 ], [ 4.281177777777778, 45.401411111111109 ], [ 4.283641666666666, 45.401275 ], [ 4.286108333333333, 45.401163888888888 ], [ 4.288577777777777, 45.401072222222218 ], [ 4.291047222222222, 45.401005555555557 ], [ 4.293519444444445, 45.400961111111108 ], [ 4.295991666666667, 45.400936111111108 ], [ 4.298463888888889, 45.400936111111108 ], [ 4.300936111111111, 45.400961111111108 ], [ 4.303405555555555, 45.401005555555557 ], [ 4.305875, 45.401072222222218 ], [ 4.308344444444444, 45.401163888888888 ], [ 4.310811111111111, 45.401275 ], [ 4.313275, 45.401411111111109 ], [ 4.315738888888888, 45.401569444444441 ], [ 4.318197222222222, 45.40175 ], [ 4.320652777777777, 45.40195277777778 ], [ 4.323102777777778, 45.402177777777773 ], [ 4.32555, 45.402425 ], [ 4.327991666666667, 45.402694444444442 ], [ 4.330427777777778, 45.402986111111112 ], [ 4.332861111111111, 45.4033 ], [ 4.335286111111111, 45.403636111111112 ], [ 4.337702777777777, 45.403994444444443 ], [ 4.340116666666666, 45.404375 ], [ 4.342519444444444, 45.404777777777774 ], [ 4.344916666666666, 45.405202777777774 ], [ 4.347308333333333, 45.405647222222221 ], [ 4.349688888888888, 45.406116666666662 ], [ 4.35206111111111, 45.406605555555551 ], [ 4.354422222222222, 45.407116666666667 ], [ 4.356775, 45.40765 ], [ 4.359119444444444, 45.408202777777774 ], [ 4.36145, 45.408777777777779 ], [ 4.363772222222222, 45.409375 ], [ 4.366083333333333, 45.409994444444443 ], [ 4.368380555555555, 45.41063333333333 ], [ 4.370669444444444, 45.411291666666664 ], [ 4.372941666666666, 45.411972222222218 ], [ 4.375205555555556, 45.412675 ], [ 4.377452777777777, 45.413397222222223 ], [ 4.379688888888889, 45.414138888888886 ], [ 4.381911111111111, 45.414902777777776 ], [ 4.384116666666667, 45.415686111111107 ], [ 4.386308333333334, 45.416488888888885 ], [ 4.388486111111112, 45.417311111111111 ], [ 4.390647222222222, 45.418152777777777 ], [ 4.392794444444445, 45.419016666666664 ], [ 4.394922222222223, 45.419897222222218 ], [ 4.397036111111111, 45.4208 ], [ 4.399133333333333, 45.421719444444442 ], [ 4.401213888888889, 45.422658333333331 ], [ 4.403275, 45.423616666666668 ], [ 4.405316666666667, 45.424594444444445 ], [ 4.407344444444445, 45.425588888888889 ], [ 4.40935, 45.426605555555554 ], [ 4.411111111111111, 45.4275 ], [ 4.399166666666667, 45.52 ], [ 4.3775, 45.685555555555553 ], [ 4.377736111111111, 45.6855 ], [ 4.372072222222222, 45.686916666666662 ], [ 4.366361111111111, 45.688227777777776 ], [ 4.3606, 45.689436111111107 ], [ 4.354797222222222, 45.690538888888888 ], [ 4.348955555555555, 45.691533333333332 ], [ 4.343077777777777, 45.69242222222222 ], [ 4.337166666666667, 45.693205555555551 ], [ 4.331230555555555, 45.693877777777772 ], [ 4.325272222222222, 45.694444444444443 ], [ 4.319294444444444, 45.694902777777777 ], [ 4.3133, 45.69525 ], [ 4.307294444444445, 45.695488888888889 ], [ 4.301283333333333, 45.695616666666666 ], [ 4.295269444444444, 45.695636111111106 ], [ 4.289255555555555, 45.695544444444444 ], [ 4.28325, 45.695344444444444 ], [ 4.27725, 45.695036111111108 ], [ 4.271266666666667, 45.694616666666661 ], [ 4.2653, 45.694088888888885 ], [ 4.259352777777778, 45.693452777777772 ], [ 4.253436111111111, 45.692711111111109 ], [ 4.247544444444444, 45.691858333333329 ], [ 4.241691666666667, 45.6909 ], [ 4.235872222222222, 45.689836111111106 ], [ 4.230097222222223, 45.688663888888883 ], [ 4.224366666666667, 45.687388888888883 ], [ 4.218688888888889, 45.686008333333334 ], [ 4.213061111111111, 45.684525 ], [ 4.207491666666667, 45.682941666666665 ], [ 4.201986111111111, 45.681255555555552 ], [ 4.196541666666667, 45.679469444444443 ], [ 4.191166666666667, 45.677586111111111 ], [ 4.185866666666667, 45.675605555555556 ], [ 4.180638888888889, 45.673527777777778 ], [ 4.175494444444444, 45.67135555555555 ], [ 4.170430555555556, 45.669091666666667 ], [ 4.165452777777778, 45.666736111111106 ], [ 4.160566666666667, 45.66428888888889 ], [ 4.155772222222223, 45.661755555555551 ], [ 4.151075, 45.65913611111111 ], [ 4.146477777777778, 45.656430555555552 ], [ 4.141980555555556, 45.653641666666665 ], [ 4.137591666666667, 45.650772222222223 ], [ 4.13331111111111, 45.647825 ], [ 4.129141666666666, 45.6448 ], [ 4.125086111111111, 45.6417 ], [ 4.12115, 45.638525 ], [ 4.117330555555555, 45.635280555555553 ], [ 4.113636111111111, 45.631969444444444 ], [ 4.110063888888889, 45.628591666666665 ], [ 4.106622222222222, 45.62515 ], [ 4.103308333333333, 45.621644444444442 ], [ 4.100127777777778, 45.618080555555558 ], [ 4.097077777777778, 45.614461111111112 ], [ 4.093552777777777, 45.609963888888892 ], [ 3.915, 45.938608333333327 ], [ 3.898055555555556, 45.969441666666668 ], [ 4.290277777777778, 45.923888888888889 ] ] ] } },
{ "type": "Feature", "properties": { "fir": "LFMM", "identifier": "LFMM:CLERMONT CK:045-085", "name": "CLERMONT CK", "level_lower": 45, "level_upper": 85 }, "geometry": { "type": "Polygon", "coordinates": [ [ [ 4.290277777777778, 45.923888888888889 ], [ 4.310555555555555, 45.884719444444443 ], [ 4.383055555555555, 45.743330555555559 ], [ 4.616666666666667, 45.283330555555551 ], [ 4.533330555555556, 45.266666666666666 ], [ 4.316666666666666, 45.2 ], [ 4.042219444444444, 45.136941666666665 ], [ 4.108888888888888, 45.581666666666671 ], [ 4.093552777777777, 45.609963888888892 ], [ 3.915, 45.938608333333327 ], [ 3.898055555555556, 45.969441666666668 ], [ 4.290277777777778, 45.923888888888889 ] ] ] } },
{ "type": "Feature", "properties": { "fir": "LFMM", "identifier": "LFMM:CLERMONT CL1:000-145", "name": "CLERMONT CL1", "level_lower": 0, "level_upper": 145 }, "geometry": { "type": "Polygon", "coordinates": [ [ [ 3.283330555555556, 44.875830555555559 ], [ 3.048611111111111, 44.875830555555559 ], [ 3.0325, 44.884441666666667 ], [ 2.5, 45.166666666666664 ], [ 2.604719444444445, 45.166666666666664 ], [ 3.021111111111111, 45.223330555555556 ], [ 4.108888888888888, 45.581666666666671 ], [ 4.042219444444444, 45.136941666666665 ], [ 4.171666666666667, 44.904441666666663 ], [ 4.454719444444445, 44.668611111111112 ], [ 4.222041666666667, 44.668294444444442 ], [ 3.701666666666667, 44.666666666666664 ], [ 3.283330555555556, 44.875830555555559 ] ] ] } },
{ "type": "Feature", "properties": { "fir": "LFMM", "identifier": "LFMM:CLERMONT CL2:000-085", "name": "CLERMONT CL2", "level_lower": 0, "level_upper": 85 }, "geometry": { "type": "Polygon", "coordinates": [ [ [ 4.171666666666667, 44.904441666666663 ], [ 4.042219444444444, 45.136941666666665 ], [ 4.316666666666666, 45.2 ], [ 4.533330555555556, 45.266666666666666 ], [ 4.638888888888888, 45.06666666666667 ], [ 4.851388888888889, 44.666666666666664 ], [ 4.745, 44.668611111111112 ], [ 4.454719444444445, 44.668611111111112 ], [ 4.171666666666667, 44.904441666666663 ] ] ] } },
{ "type": "Feature", "properties": { "fir": "LFMM", "identifier": "LFMM:CLERMONT CN1:040-145", "name": "CLERMONT CN1", "level_lower": 40, "level_upper": 145 }, "geometry": { "type": "Polygon", "coordinates": [ [ [ 2.605555555555556, 44.05833333333333 ], [ 1.716666666666667, 44.5 ], [ 1.298611111111111, 44.500277777777775 ], [ 1.036944444444444, 44.5 ], [ 1.057777777777778, 44.747777777777777 ], [ 1.358333333333333, 44.770833333333336 ], [ 1.4775, 44.780277777777776 ], [ 1.773333333333333, 44.768333333333331 ], [ 2.0, 44.759444444444448 ], [ 2.0, 45.315555555555555 ], [ 2.5, 45.43610833333333 ], [ 2.5, 45.253611111111113 ], [ 2.5, 45.166666666666664 ], [ 3.0325, 44.884441666666667 ], [ 3.040277777777778, 44.650555555555556 ], [ 3.041111111111111, 44.624722222222225 ], [ 2.904166666666667, 44.249444444444443 ], [ 2.821666666666666, 44.025833333333331 ], [ 2.605555555555556, 44.05833333333333 ] ] ] } },
{ "type": "Feature", "properties": { "fir": "LFMM", "identifier": "LFMM:CLERMONT CN1-N:000-040", "name": "CLERMONT CN1-N", "level_lower": 0, "level_upper": 40 }, "geometry": { "type": "Polygon", "coordinates": [ [ [ 2.0, 45.315555555555555 ], [ 2.5, 45.43610833333333 ], [ 2.5, 45.253611111111113 ], [ 2.5, 45.166666666666664 ], [ 3.0325, 44.884441666666667 ], [ 3.040277777777778, 44.650555555555556 ], [ 3.041111111111111, 44.624722222222225 ], [ 2.904166666666667, 44.249444444444443 ], [ 2.661791666666667, 44.371977777777779 ], [ 2.388888888888889, 44.53 ], [ 2.0, 44.759444444444448 ], [ 2.0, 45.315555555555555 ] ] ] } },
{ "type": "Feature", "properties": { "fir": "LFMM", "identifier": "LFMM:CLERMONT CN1-S:000-040", "name": "CLERMONT CN1-S", "level_lower": 0, "level_upper": 40 }, "geometry": { "type": "Polygon", "coordinates": [ [ [ 2.605555555555556, 44.05833333333333 ], [ 1.716666666666667, 44.5 ], [ 1.298611111111111, 44.500277777777775 ], [ 1.036944444444444, 44.5 ], [ 1.057777777777778, 44.747777777777777 ], [ 1.358333333333333, 44.770833333333336 ], [ 1.4775, 44.780277777777776 ], [ 1.773333333333333, 44.768333333333331 ], [ 2.0, 44.759444444444448 ], [ 2.388888888888889, 44.53 ], [ 2.384213888888889, 44.528141666666663 ], [ 2.3799, 44.526261111111111 ], [ 2.375655555555555, 44.524305555555557 ], [ 2.371477777777778, 44.522275 ], [ 2.367375, 44.520172222222222 ], [ 2.363344444444444, 44.51799722222222 ], [ 2.359391666666667, 44.51575 ], [ 2.355519444444444, 44.513433333333332 ], [ 2.351730555555556, 44.51105 ], [ 2.348027777777778, 44.5086 ], [ 2.344408333333333, 44.506083333333336 ], [ 2.340880555555556, 44.503502777777776 ], [ 2.337441666666667, 44.500863888888887 ], [ 2.334097222222222, 44.498161111111109 ], [ 2.33085, 44.4954 ], [ 2.327697222222222, 44.492586111111109 ], [ 2.324644444444444, 44.489713888888893 ], [ 2.321694444444444, 44.486786111111115 ], [ 2.31885, 44.483811111111109 ], [ 2.316105555555555, 44.480783333333335 ], [ 2.313469444444444, 44.477711111111113 ], [ 2.310941666666666, 44.474588888888889 ], [ 2.308525, 44.471425 ], [ 2.306216666666666, 44.468219444444443 ], [ 2.304025, 44.464975 ], [ 2.301944444444444, 44.461688888888894 ], [ 2.299980555555555, 44.45836944444445 ], [ 2.298130555555555, 44.455016666666673 ], [ 2.2964, 44.45163055555556 ], [ 2.294788888888889, 44.44821666666666 ], [ 2.293294444444444, 44.444775 ], [ 2.291925, 44.441305555555552 ], [ 2.290675, 44.437813888888883 ], [ 2.289544444444444, 44.434302777777773 ], [ 2.288538888888889, 44.430769444444444 ], [ 2.287655555555555, 44.42722222222222 ], [ 2.2869, 44.423658333333329 ], [ 2.286263888888889, 44.420083333333331 ], [ 2.285755555555555, 44.416497222222219 ], [ 2.285369444444444, 44.412905555555554 ], [ 2.285111111111111, 44.409305555555555 ], [ 2.284977777777778, 44.405702777777776 ], [ 2.284969444444444, 44.4021 ], [ 2.285086111111111, 44.398497222222218 ], [ 2.285327777777778, 44.39489722222222 ], [ 2.285697222222222, 44.391302777777774 ], [ 2.286188888888889, 44.38771666666667 ], [ 2.286805555555556, 44.384138888888891 ], [ 2.287547222222222, 44.380575 ], [ 2.470277777777778, 44.275830555555558 ], [ 2.473102777777778, 44.27567777777778 ], [ 2.475988888888889, 44.275522222222222 ], [ 2.478880555555556, 44.275402777777778 ], [ 2.481772222222222, 44.275316666666669 ], [ 2.484666666666667, 44.275263888888887 ], [ 2.487561111111111, 44.275241666666666 ], [ 2.490452777777778, 44.275255555555553 ], [ 2.493347222222222, 44.275302777777775 ], [ 2.496241666666667, 44.27538333333333 ], [ 2.499130555555555, 44.275497222222221 ], [ 2.502016666666667, 44.275644444444445 ], [ 2.504902777777778, 44.275825 ], [ 2.507780555555556, 44.276038888888891 ], [ 2.510655555555556, 44.276286111111112 ], [ 2.513522222222222, 44.276563888888887 ], [ 2.516383333333333, 44.276877777777777 ], [ 2.519238888888889, 44.277225 ], [ 2.522083333333333, 44.27760277777778 ], [ 2.524919444444444, 44.278013888888886 ], [ 2.527747222222222, 44.278461111111113 ], [ 2.530563888888889, 44.278936111111108 ], [ 2.533369444444444, 44.279444444444444 ], [ 2.536163888888889, 44.279988888888887 ], [ 2.538947222222222, 44.280561111111112 ], [ 2.541713888888889, 44.281166666666664 ], [ 2.544469444444444, 44.281805555555557 ], [ 2.547208333333333, 44.282475 ], [ 2.549933333333333, 44.28317777777778 ], [ 2.552641666666667, 44.283908333333329 ], [ 2.555330555555555, 44.28467222222222 ], [ 2.558005555555555, 44.285466666666665 ], [ 2.560661111111111, 44.286291666666664 ], [ 2.563297222222222, 44.28715 ], [ 2.565913888888889, 44.288036111111111 ], [ 2.568511111111111, 44.288952777777773 ], [ 2.571088888888889, 44.289897222222223 ], [ 2.573641666666667, 44.290875 ], [ 2.576175, 44.291880555555551 ], [ 2.578683333333333, 44.29291388888889 ], [ 2.581166666666666, 44.293977777777776 ], [ 2.583627777777778, 44.295069444444444 ], [ 2.586063888888889, 44.296188888888885 ], [ 2.588475, 44.297336111111107 ], [ 2.590861111111111, 44.298513888888884 ], [ 2.593219444444445, 44.299716666666662 ], [ 2.595555555555556, 44.30094444444444 ], [ 2.597852777777778, 44.302202777777772 ], [ 2.600125, 44.303486111111106 ], [ 2.602369444444445, 44.30479444444444 ], [ 2.604586111111111, 44.306130555555555 ], [ 2.606769444444445, 44.307491666666664 ], [ 2.608922222222222, 44.308877777777774 ], [ 2.611044444444445, 44.310288888888884 ], [ 2.613136111111111, 44.311722222222222 ], [ 2.615191666666667, 44.313180555555554 ], [ 2.617216666666667, 44.314663888888887 ], [ 2.619208333333333, 44.31616666666666 ], [ 2.621166666666667, 44.317694444444449 ], [ 2.623088888888889, 44.319247222222224 ], [ 2.624975, 44.320819444444446 ], [ 2.626825, 44.322413888888889 ], [ 2.628641666666667, 44.324027777777779 ], [ 2.630419444444445, 44.32566388888889 ], [ 2.632161111111111, 44.327319444444448 ], [ 2.633863888888889, 44.328997222222227 ], [ 2.635530555555555, 44.330691666666667 ], [ 2.637158333333333, 44.33240555555556 ], [ 2.638744444444444, 44.334141666666667 ], [ 2.640294444444444, 44.335891666666669 ], [ 2.641805555555556, 44.33766111111111 ], [ 2.643275, 44.339447222222226 ], [ 2.644702777777778, 44.34125 ], [ 2.646091666666667, 44.343069444444446 ], [ 2.647438888888889, 44.344902777777783 ], [ 2.648744444444445, 44.346755555555561 ], [ 2.650008333333333, 44.348619444444445 ], [ 2.651227777777778, 44.3505 ], [ 2.652408333333333, 44.352391666666669 ], [ 2.653544444444444, 44.3543 ], [ 2.654636111111111, 44.356219444444449 ], [ 2.655686111111111, 44.35815 ], [ 2.656691666666667, 44.360094444444449 ], [ 2.657652777777778, 44.36205 ], [ 2.658569444444444, 44.364016666666672 ], [ 2.659441666666666, 44.365991666666666 ], [ 2.660269444444444, 44.367977777777782 ], [ 2.661052777777777, 44.369975 ], [ 2.661791666666667, 44.371977777777779 ], [ 2.904166666666667, 44.249444444444443 ], [ 2.821666666666666, 44.025833333333331 ], [ 2.605555555555556, 44.05833333333333 ] ] ] } },
{ "type": "Feature", "properties": { "fir": "LFMM", "identifier": "LFMM:CLERMONT CN2:000-115", "name": "CLERMONT CN2", "level_lower": 0, "level_upper": 115 }, "geometry": { "type": "Polygon", "coordinates": [ [ [ 1.036944444444444, 44.5 ], [ 1.298611111111111, 44.500277777777775 ], [ 1.716666666666667, 44.5 ], [ 2.605555555555556, 44.05833333333333 ], [ 1.858333333333333, 44.166663888888884 ], [ 1.804444444444445, 44.293333333333329 ], [ 1.748886111111111, 44.295275 ], [ 1.301111111111111, 44.326666666666668 ], [ 1.025552777777778, 44.346111111111114 ], [ 1.036944444444444, 44.5 ] ] ] } },
{ "type": "Feature", "properties": { "fir": "LFMM", "identifier": "LFMM:CLERMONT CTR:000-027", "name": "CLERMONT CTR", "level_lower": 0, "level_upper": 27 }, "geometry": { "type": "Polygon", "coordinates": [ [ [ 3.197661111111111, 45.891530555555555 ], [ 3.380919444444444, 45.861463888888892 ], [ 3.385919444444444, 45.860522222222222 ], [ 3.390825, 45.859366666666666 ], [ 3.395619444444444, 45.858005555555557 ], [ 3.400283333333333, 45.856436111111115 ], [ 3.4048, 45.854672222222227 ], [ 3.409147222222222, 45.852713888888893 ], [ 3.413316666666667, 45.850575 ], [ 3.417286111111111, 45.848258333333334 ], [ 3.421041666666667, 45.845777777777784 ], [ 3.424566666666666, 45.843136111111114 ], [ 3.427855555555555, 45.84035 ], [ 3.430888888888889, 45.837427777777783 ], [ 3.433655555555556, 45.834380555555555 ], [ 3.436144444444445, 45.83121944444445 ], [ 3.438352777777778, 45.827955555555562 ], [ 3.440263888888889, 45.824605555555557 ], [ 3.441875, 45.821177777777784 ], [ 3.443177777777778, 45.817688888888895 ], [ 3.444169444444445, 45.81415 ], [ 3.444844444444445, 45.81057222222222 ], [ 3.445202777777778, 45.806975 ], [ 3.445238888888889, 45.803369444444442 ], [ 3.444958333333334, 45.799766666666663 ], [ 3.444355555555556, 45.796186111111112 ], [ 3.443438888888889, 45.792636111111108 ], [ 3.442208333333334, 45.789133333333332 ], [ 3.440669444444445, 45.785691666666665 ], [ 3.438830555555556, 45.782319444444447 ], [ 3.436694444444444, 45.779036111111111 ], [ 3.434272222222222, 45.77585 ], [ 3.431572222222222, 45.772775 ], [ 3.428605555555555, 45.769819444444444 ], [ 3.425383333333333, 45.767 ], [ 3.421916666666667, 45.764325 ], [ 3.418222222222222, 45.761802777777781 ], [ 3.414311111111111, 45.759444444444448 ], [ 3.410197222222222, 45.757261111111113 ], [ 3.4059, 45.75525833333333 ], [ 3.401388888888889, 45.753330555555557 ], [ 3.2367, 45.690741666666661 ], [ 3.234536111111111, 45.689933333333329 ], [ 3.232355555555556, 45.689152777777771 ], [ 3.230155555555556, 45.688394444444441 ], [ 3.227938888888889, 45.687661111111105 ], [ 3.225705555555556, 45.68695 ], [ 3.223458333333333, 45.686263888888888 ], [ 3.221194444444444, 45.685605555555554 ], [ 3.218916666666667, 45.684969444444441 ], [ 3.216625, 45.684361111111109 ], [ 3.214319444444445, 45.683775 ], [ 3.212002777777778, 45.683216666666667 ], [ 3.209669444444445, 45.68268333333333 ], [ 3.207327777777778, 45.682175 ], [ 3.204975, 45.681694444444439 ], [ 3.202611111111111, 45.681238888888885 ], [ 3.200236111111111, 45.680808333333331 ], [ 3.197852777777777, 45.680405555555552 ], [ 3.195461111111111, 45.680027777777774 ], [ 3.193061111111111, 45.679677777777776 ], [ 3.190652777777778, 45.679352777777773 ], [ 3.188236111111111, 45.67905555555555 ], [ 3.185816666666666, 45.678786111111108 ], [ 3.183388888888889, 45.678541666666668 ], [ 3.180955555555555, 45.678325 ], [ 3.178519444444444, 45.678133333333328 ], [ 3.176077777777778, 45.677969444444443 ], [ 3.173633333333333, 45.677833333333332 ], [ 3.171186111111111, 45.677722222222222 ], [ 3.168736111111111, 45.677638888888886 ], [ 3.166286111111111, 45.677583333333331 ], [ 3.163833333333333, 45.67755555555555 ], [ 3.161380555555556, 45.67755555555555 ], [ 3.158930555555556, 45.677577777777778 ], [ 3.156477777777777, 45.677630555555552 ], [ 3.154027777777778, 45.677711111111108 ], [ 3.151580555555555, 45.677816666666665 ], [ 3.149136111111111, 45.67795 ], [ 3.146694444444444, 45.678111111111107 ], [ 3.144258333333333, 45.67829722222222 ], [ 3.141825, 45.678511111111106 ], [ 3.139394444444445, 45.67875 ], [ 3.136975, 45.679019444444442 ], [ 3.134558333333333, 45.679313888888885 ], [ 3.13215, 45.679633333333328 ], [ 3.129747222222222, 45.679980555555552 ], [ 3.127352777777778, 45.680352777777777 ], [ 3.124969444444444, 45.680752777777776 ], [ 3.122594444444445, 45.681180555555557 ], [ 3.120227777777778, 45.68163055555555 ], [ 3.117875, 45.682111111111112 ], [ 3.115530555555555, 45.682613888888888 ], [ 3.113197222222222, 45.683144444444444 ], [ 3.110877777777778, 45.6837 ], [ 3.108569444444444, 45.684280555555553 ], [ 3.106275, 45.684886111111105 ], [ 3.103994444444445, 45.685516666666665 ], [ 3.101730555555556, 45.686175 ], [ 3.099480555555556, 45.686855555555553 ], [ 3.097244444444445, 45.687563888888889 ], [ 3.095027777777778, 45.688291666666665 ], [ 3.092825, 45.689047222222221 ], [ 3.090641666666667, 45.689827777777772 ], [ 3.088475, 45.690630555555551 ], [ 3.086327777777778, 45.69145833333333 ], [ 3.084197222222222, 45.69230833333333 ], [ 3.082086111111111, 45.69318333333333 ], [ 3.079997222222222, 45.694080555555551 ], [ 3.077927777777778, 45.695 ], [ 3.075880555555556, 45.695941666666663 ], [ 3.073852777777778, 45.696905555555553 ], [ 3.071847222222222, 45.697894444444444 ], [ 3.069866666666667, 45.698902777777775 ], [ 3.067905555555556, 45.699936111111107 ], [ 3.065969444444444, 45.700988888888894 ], [ 3.0638, 45.702727777777781 ], [ 3.062802777777778, 45.704586111111112 ], [ 3.061822222222222, 45.706447222222224 ], [ 3.060858333333333, 45.708313888888888 ], [ 3.059911111111111, 45.710183333333333 ], [ 3.058977777777778, 45.712055555555558 ], [ 3.058061111111111, 45.713933333333337 ], [ 3.057158333333333, 45.715816666666669 ], [ 3.056272222222222, 45.7177 ], [ 3.055402777777778, 45.719588888888893 ], [ 3.05455, 45.721480555555559 ], [ 3.053713888888889, 45.723377777777777 ], [ 3.052891666666667, 45.725277777777777 ], [ 3.052088888888889, 45.727180555555556 ], [ 3.0513, 45.729086111111116 ], [ 3.050525, 45.730994444444448 ], [ 3.049769444444444, 45.732905555555554 ], [ 3.049027777777777, 45.73482222222222 ], [ 3.048305555555555, 45.736741666666667 ], [ 3.047597222222222, 45.738661111111114 ], [ 3.046905555555556, 45.740586111111114 ], [ 3.046230555555555, 45.742513888888887 ], [ 3.045572222222222, 45.744441666666667 ], [ 3.044927777777778, 45.746375 ], [ 3.044302777777778, 45.748311111111114 ], [ 3.043694444444444, 45.75025 ], [ 3.0431, 45.752188888888888 ], [ 3.042525, 45.754130555555555 ], [ 3.041963888888889, 45.756077777777776 ], [ 3.041419444444444, 45.758025 ], [ 3.040891666666667, 45.759972222222224 ], [ 3.040380555555556, 45.761925 ], [ 3.039888888888889, 45.763877777777779 ], [ 3.039411111111111, 45.765833333333333 ], [ 3.03895, 45.767791666666668 ], [ 3.038505555555556, 45.76975 ], [ 3.038077777777778, 45.77171388888889 ], [ 3.037666666666667, 45.773675 ], [ 3.037272222222222, 45.775641666666665 ], [ 3.036894444444444, 45.777605555555553 ], [ 3.036536111111111, 45.779575 ], [ 3.036191666666666, 45.781544444444442 ], [ 3.035863888888889, 45.783513888888884 ], [ 3.035552777777778, 45.785486111111112 ], [ 3.035261111111111, 45.787461111111107 ], [ 3.034983333333333, 45.789433333333335 ], [ 3.034722222222222, 45.79141111111111 ], [ 3.034477777777778, 45.793386111111111 ], [ 3.034252777777778, 45.795363888888886 ], [ 3.034041666666667, 45.797341666666668 ], [ 3.03385, 45.799322222222223 ], [ 3.033675, 45.801302777777778 ], [ 3.033513888888889, 45.803283333333333 ], [ 3.033372222222222, 45.805263888888888 ], [ 3.033244444444444, 45.807244444444443 ], [ 3.033138888888889, 45.809227777777778 ], [ 3.033044444444444, 45.811211111111106 ], [ 3.032969444444444, 45.813194444444441 ], [ 3.032913888888889, 45.815177777777777 ], [ 3.032872222222222, 45.817161111111112 ], [ 3.032847222222222, 45.819144444444447 ], [ 3.032838888888889, 45.821127777777782 ], [ 3.03285, 45.823113888888891 ], [ 3.032875, 45.825097222222226 ], [ 3.032919444444445, 45.827080555555561 ], [ 3.032980555555556, 45.829063888888889 ], [ 3.033055555555555, 45.831047222222224 ], [ 3.03315, 45.83303055555556 ], [ 3.033261111111111, 45.835011111111115 ], [ 3.033388888888889, 45.83699444444445 ], [ 3.033533333333333, 45.838975 ], [ 3.033694444444444, 45.84095555555556 ], [ 3.033875, 45.842936111111115 ], [ 3.034069444444444, 45.84491388888889 ], [ 3.034280555555556, 45.846891666666671 ], [ 3.035694444444444, 45.84875 ], [ 3.037147222222222, 45.85015277777778 ], [ 3.038630555555555, 45.851538888888889 ], [ 3.040147222222222, 45.852905555555559 ], [ 3.041694444444444, 45.854258333333334 ], [ 3.043269444444444, 45.855591666666669 ], [ 3.044880555555555, 45.856908333333337 ], [ 3.046516666666667, 45.858205555555557 ], [ 3.048186111111111, 45.85948888888889 ], [ 3.049880555555555, 45.86075 ], [ 3.051608333333333, 45.861991666666668 ], [ 3.053361111111111, 45.863213888888893 ], [ 3.055144444444444, 45.864416666666671 ], [ 3.056952777777778, 45.8656 ], [ 3.058788888888889, 45.86676388888889 ], [ 3.060652777777777, 45.867905555555559 ], [ 3.062541666666666, 45.869027777777781 ], [ 3.064455555555555, 45.870127777777775 ], [ 3.066394444444444, 45.871208333333335 ], [ 3.068358333333334, 45.872266666666668 ], [ 3.070344444444445, 45.8733 ], [ 3.072358333333334, 45.874313888888892 ], [ 3.074391666666667, 45.875305555555556 ], [ 3.07645, 45.876272222222219 ], [ 3.078527777777778, 45.877216666666669 ], [ 3.080627777777778, 45.878138888888891 ], [ 3.08275, 45.879038888888893 ], [ 3.084891666666667, 45.879911111111113 ], [ 3.087052777777778, 45.880763888888886 ], [ 3.089233333333333, 45.881588888888892 ], [ 3.091433333333334, 45.88239166666667 ], [ 3.09365, 45.883169444444448 ], [ 3.095886111111111, 45.883922222222225 ], [ 3.098138888888889, 45.88465 ], [ 3.100408333333333, 45.885352777777776 ], [ 3.102691666666667, 45.886027777777777 ], [ 3.104991666666667, 45.886680555555557 ], [ 3.107305555555556, 45.887305555555557 ], [ 3.109636111111111, 45.887908333333336 ], [ 3.111977777777778, 45.888480555555553 ], [ 3.114333333333334, 45.889030555555557 ], [ 3.1167, 45.88955277777778 ], [ 3.119077777777778, 45.890047222222222 ], [ 3.121469444444445, 45.890516666666663 ], [ 3.123869444444444, 45.89095833333333 ], [ 3.126280555555556, 45.891375 ], [ 3.1287, 45.891763888888889 ], [ 3.131127777777778, 45.892125 ], [ 3.133566666666667, 45.89246111111111 ], [ 3.136011111111111, 45.892766666666667 ], [ 3.138461111111111, 45.893047222222222 ], [ 3.140916666666667, 45.8933 ], [ 3.143377777777778, 45.893527777777777 ], [ 3.145844444444444, 45.893725 ], [ 3.148316666666667, 45.893894444444442 ], [ 3.150791666666667, 45.894038888888886 ], [ 3.153269444444444, 45.894155555555557 ], [ 3.15575, 45.894241666666666 ], [ 3.158233333333333, 45.894302777777774 ], [ 3.160716666666667, 45.894336111111109 ], [ 3.1632, 45.894341666666669 ], [ 3.165683333333333, 45.894319444444442 ], [ 3.168166666666667, 45.894269444444447 ], [ 3.170647222222222, 45.894191666666664 ], [ 3.173125, 45.894088888888888 ], [ 3.175602777777778, 45.893955555555557 ], [ 3.178075, 45.893794444444445 ], [ 3.180544444444444, 45.893608333333333 ], [ 3.183008333333333, 45.893391666666666 ], [ 3.185466666666667, 45.89315 ], [ 3.187919444444444, 45.892880555555557 ], [ 3.190366666666666, 45.892583333333334 ], [ 3.192805555555555, 45.892258333333331 ], [ 3.195238888888889, 45.891908333333333 ], [ 3.197661111111111, 45.891530555555555 ] ] ] } },
{ "type": "Feature", "properties": { "fir": "LFMM", "identifier": "LFMM:CLERMONT CTR:000-012", "name": "CLERMONT CTR", "level_lower": 0, "level_upper": 12 }, "geometry": { "type": "Polygon", "coordinates": [ [ [ 3.148719444444445, 45.786344444444445 ], [ 3.15075, 45.786327777777778 ], [ 3.151691666666667, 45.786208333333335 ], [ 3.152163888888889, 45.787475 ], [ 3.15335, 45.787336111111109 ], [ 3.153191666666666, 45.78648888888889 ], [ 3.154122222222222, 45.786447222222222 ], [ 3.154494444444444, 45.78769444444444 ], [ 3.160469444444444, 45.788091666666666 ], [ 3.161455555555555, 45.788380555555555 ], [ 3.171052777777778, 45.789369444444439 ], [ 3.1788, 45.790225 ], [ 3.188561111111111, 45.789833333333334 ], [ 3.189519444444444, 45.790369444444444 ], [ 3.190413888888889, 45.787066666666668 ], [ 3.189227777777778, 45.787316666666662 ], [ 3.155222222222222, 45.784036111111106 ], [ 3.154080555555555, 45.783516666666664 ], [ 3.152536111111111, 45.783527777777778 ], [ 3.151805555555555, 45.78039722222222 ], [ 3.151519444444444, 45.779061111111112 ], [ 3.147975, 45.779316666666666 ], [ 3.148719444444445, 45.786344444444445 ] ] ] } },
{ "type": "Feature", "properties": { "fir": "LFMM", "identifier": "LFMM:CLERMONT CY1:020-115", "name": "CLERMONT CY1", "level_lower": 20, "level_upper": 115 }, "geometry": { "type": "Polygon", "coordinates": [ [ [ 3.313055555555555, 46.728055555555557 ], [ 3.383333333333333, 46.983333333333334 ], [ 3.501944444444444, 47.109722222222224 ], [ 4.270830555555555, 47.359166666666667 ], [ 4.366944444444444, 46.88 ], [ 4.65, 46.583333333333336 ], [ 4.674722222222223, 46.5 ], [ 4.4, 46.5 ], [ 4.05, 46.175 ], [ 3.853888888888889, 46.05 ], [ 3.683330555555556, 46.104441666666666 ], [ 3.633330555555556, 46.2 ], [ 3.633330555555556, 46.30833055555555 ], [ 3.566666666666666, 46.333330555555555 ], [ 2.916666666666667, 46.333333333333336 ], [ 2.868052777777778, 46.5775 ], [ 3.313055555555555, 46.728055555555557 ] ] ] } },
{ "type": "Feature", "properties": { "fir": "LFMM", "identifier": "LFMM:CLERMONT CY1-E:000-020", "name": "CLERMONT CY1-E", "level_lower": 0, "level_upper": 20 }, "geometry": { "type": "Polygon", "coordinates": [ [ [ 4.65, 46.583333333333336 ], [ 4.674722222222223, 46.5 ], [ 4.4, 46.5 ], [ 4.05, 46.175 ], [ 4.053491666666666, 46.257908333333333 ], [ 4.074763888888889, 46.260877777777779 ], [ 4.095505555555556, 46.265294444444443 ], [ 4.115508333333333, 46.271116666666664 ], [ 4.134575, 46.278286111111107 ], [ 4.152516666666667, 46.28673055555555 ], [ 4.169158333333334, 46.296369444444444 ], [ 4.184327777777778, 46.307108333333332 ], [ 4.197877777777778, 46.318836111111118 ], [ 4.209669444444445, 46.331436111111117 ], [ 4.219586111111111, 46.344786111111112 ], [ 4.227530555555556, 46.358752777777781 ], [ 4.233416666666667, 46.373194444444444 ], [ 4.237188888888889, 46.387969444444444 ], [ 4.238802777777778, 46.40293333333333 ], [ 4.238247222222222, 46.41793055555555 ], [ 4.235519444444445, 46.432816666666668 ], [ 4.23065, 46.447441666666663 ], [ 4.229216666666667, 46.450786111111114 ], [ 4.227669444444444, 46.454108333333338 ], [ 4.226011111111111, 46.45740555555556 ], [ 4.224238888888889, 46.460675 ], [ 4.222361111111111, 46.463913888888889 ], [ 4.220369444444445, 46.467122222222223 ], [ 4.218275, 46.470297222222221 ], [ 4.216069444444445, 46.473438888888893 ], [ 4.213761111111111, 46.47654444444445 ], [ 4.211347222222223, 46.479613888888892 ], [ 4.208830555555556, 46.482641666666666 ], [ 4.206211111111111, 46.485627777777779 ], [ 4.203491666666666, 46.488572222222224 ], [ 4.200675, 46.491472222222221 ], [ 4.197761111111111, 46.494325 ], [ 4.19475, 46.497130555555557 ], [ 4.191641666666666, 46.49988888888889 ], [ 4.188444444444444, 46.502594444444448 ], [ 4.185155555555556, 46.50525 ], [ 4.181777777777778, 46.507852777777778 ], [ 4.178313888888889, 46.5104 ], [ 4.174763888888889, 46.512888888888888 ], [ 4.171127777777778, 46.515322222222224 ], [ 4.167413888888889, 46.517694444444444 ], [ 4.163619444444445, 46.52001111111111 ], [ 4.159747222222222, 46.522261111111114 ], [ 4.1558, 46.524452777777775 ], [ 4.151777777777778, 46.526577777777774 ], [ 4.147686111111112, 46.528638888888885 ], [ 4.143525, 46.530633333333334 ], [ 4.1393, 46.532561111111107 ], [ 4.135008333333333, 46.534419444444445 ], [ 4.130655555555555, 46.536211111111108 ], [ 4.126241666666666, 46.537930555555555 ], [ 4.121772222222222, 46.539580555555553 ], [ 4.117247222222222, 46.541155555555555 ], [ 4.112669444444444, 46.542661111111109 ], [ 4.108041666666666, 46.544088888888886 ], [ 4.103369444444444, 46.545444444444442 ], [ 4.09865, 46.546725 ], [ 4.093888888888888, 46.547930555555553 ], [ 4.089088888888889, 46.549058333333335 ], [ 4.08425, 46.550108333333327 ], [ 4.079377777777777, 46.551080555555551 ], [ 4.074475, 46.551975 ], [ 4.069541666666667, 46.552791666666664 ], [ 4.064580555555556, 46.553527777777774 ], [ 4.0596, 46.554183333333327 ], [ 4.054594444444445, 46.554761111111105 ], [ 4.049575, 46.555255555555554 ], [ 4.044536111111111, 46.555672222222221 ], [ 4.366944444444444, 46.88 ], [ 4.65, 46.583333333333336 ] ] ] } },
{ "type": "Feature", "properties": { "fir": "LFMM", "identifier": "LFMM:CLERMONT CY1-W:000-020", "name": "CLERMONT CY1-W", "level_lower": 0, "level_upper": 20 }, "geometry": { "type": "Polygon", "coordinates": [ [ [ 4.053491666666666, 46.257908333333333 ], [ 4.05, 46.175 ], [ 3.853888888888889, 46.05 ], [ 3.683330555555556, 46.104441666666666 ], [ 3.633330555555556, 46.2 ], [ 3.633330555555556, 46.30833055555555 ], [ 3.566666666666666, 46.333330555555555 ], [ 2.916666666666667, 46.333333333333336 ], [ 2.868052777777778, 46.5775 ], [ 3.313055555555555, 46.728055555555557 ], [ 3.383333333333333, 46.983333333333334 ], [ 3.501944444444444, 47.109722222222224 ], [ 4.270830555555555, 47.359166666666667 ], [ 4.366944444444444, 46.88 ], [ 4.044536111111111, 46.555672222222221 ], [ 4.022752777777778, 46.556536111111107 ], [ 4.000955555555556, 46.555897222222221 ], [ 3.979358333333333, 46.553763888888888 ], [ 3.958180555555556, 46.550152777777775 ], [ 3.937638888888889, 46.545102777777778 ], [ 3.917936111111111, 46.538663888888884 ], [ 3.899272222222222, 46.530902777777776 ], [ 3.881830555555556, 46.521894444444442 ], [ 3.865788888888889, 46.511736111111112 ], [ 3.851308333333333, 46.500519444444443 ], [ 3.838530555555556, 46.488366666666664 ], [ 3.827586111111111, 46.475391666666667 ], [ 3.818580555555555, 46.461730555555562 ], [ 3.8116, 46.447519444444438 ], [ 3.806719444444444, 46.432897222222223 ], [ 3.803980555555555, 46.418013888888886 ], [ 3.803413888888889, 46.403013888888886 ], [ 3.805016666666666, 46.38805277777778 ], [ 3.808777777777778, 46.373275 ], [ 3.814652777777777, 46.358827777777776 ], [ 3.822586111111111, 46.344861111111115 ], [ 3.832491666666666, 46.331505555555559 ], [ 3.844275, 46.3189 ], [ 3.857813888888889, 46.30716944444444 ], [ 3.872975, 46.296427777777772 ], [ 3.889608333333333, 46.286780555555552 ], [ 3.907544444444444, 46.278327777777776 ], [ 3.926605555555555, 46.27115 ], [ 3.946602777777778, 46.265319444444444 ], [ 3.967341666666667, 46.260897222222219 ], [ 3.988611111111111, 46.257919444444447 ], [ 4.010202777777778, 46.256425 ], [ 4.0319, 46.256419444444447 ], [ 4.053491666666666, 46.257908333333333 ] ] ] } },
{ "type": "Feature", "properties": { "fir": "LFMM", "identifier": "LFMM:CLERMONT CY2-QFU17:000-085", "name": "CLERMONT CY2-QFU17", "level_lower": 0, "level_upper": 85 }, "geometry": { "type": "Polygon", "coordinates": [ [ [ 3.898055555555556, 45.969441666666668 ], [ 3.853888888888889, 46.05 ], [ 4.05, 46.175 ], [ 4.4, 46.5 ], [ 4.674722222222223, 46.5 ], [ 4.731111111111111, 46.307219444444442 ], [ 4.693058333333334, 46.250541666666663 ], [ 4.670830555555556, 46.218055555555559 ], [ 4.661388888888889, 46.203611111111115 ], [ 4.203611111111111, 46.086111111111116 ], [ 4.290277777777778, 45.923888888888889 ], [ 3.898055555555556, 45.969441666666668 ] ] ] } },
{ "type": "Feature", "properties": { "fir": "LFMM", "identifier": "LFMM:CLERMONT CY2-QFU35:000-085", "name": "CLERMONT CY2-QFU35", "level_lower": 0, "level_upper": 85 }, "geometry": { "type": "Polygon", "coordinates": [ [ [ 3.898055555555556, 45.969441666666668 ], [ 3.853888888888889, 46.05 ], [ 4.05, 46.175 ], [ 4.4, 46.5 ], [ 4.674722222222223, 46.5 ], [ 4.731111111111111, 46.307219444444442 ], [ 4.670830555555556, 46.218055555555559 ], [ 4.661388888888889, 46.203611111111115 ], [ 4.203611111111111, 46.086111111111116 ], [ 4.290277777777778, 45.923888888888889 ], [ 3.898055555555556, 45.969441666666668 ] ] ] } },
{ "type": "Feature", "properties": { "fir": "LFMM", "identifier": "LFMM:CLERMONT GND-N:000-012", "name": "CLERMONT GND-N", "level_lower": 0, "level_upper": 12 }, "geometry": { "type": "Polygon", "coordinates": [ [ [ 3.148719444444445, 45.786344444444445 ], [ 3.146802777777778, 45.792413888888888 ], [ 3.155036111111111, 45.792005555555555 ], [ 3.162955555555556, 45.791555555555554 ], [ 3.1682, 45.791536111111107 ], [ 3.189163888888888, 45.790533333333329 ], [ 3.189519444444444, 45.790369444444444 ], [ 3.188561111111111, 45.789833333333334 ], [ 3.1788, 45.790225 ], [ 3.171052777777778, 45.789369444444439 ], [ 3.161455555555555, 45.788380555555555 ], [ 3.160469444444444, 45.788091666666666 ], [ 3.154494444444444, 45.78769444444444 ], [ 3.154122222222222, 45.786447222222222 ], [ 3.153191666666666, 45.78648888888889 ], [ 3.15335, 45.787336111111109 ], [ 3.152163888888889, 45.787475 ], [ 3.151691666666667, 45.786208333333335 ], [ 3.15075, 45.786327777777778 ], [ 3.148719444444445, 45.786344444444445 ] ] ] } },
{ "type": "Feature", "properties": { "fir": "LFMM", "identifier": "LFMM:CLERMONT GND-S:000-012", "name": "CLERMONT GND-S", "level_lower": 0, "level_upper": 12 }, "geometry": { "type": "Polygon", "coordinates": [ [ [ 3.151805555555555, 45.78039722222222 ], [ 3.152536111111111, 45.783527777777778 ], [ 3.154080555555555, 45.783516666666664 ], [ 3.155222222222222, 45.784036111111106 ], [ 3.189227777777778, 45.787316666666662 ], [ 3.190413888888889, 45.787066666666668 ], [ 3.189727777777778, 45.78648888888889 ], [ 3.188813888888889, 45.78628888888889 ], [ 3.173861111111111, 45.784675 ], [ 3.170088888888889, 45.777019444444441 ], [ 3.156938888888889, 45.777794444444446 ], [ 3.155766666666667, 45.778663888888886 ], [ 3.151519444444444, 45.779061111111112 ], [ 3.151805555555555, 45.78039722222222 ] ] ] } },
{ "type": "Feature", "properties": { "fir": "LFMM", "identifier": "LFMM:D1 1 UAC:145-195", "name": "D1 1 UAC", "level_lower": 145, "level_upper": 195 }, "geometry": { "type": "Polygon", "coordinates": [ [ [ 6.358888888888888, 42.285277777777779 ], [ 7.756666666666667, 41.733888888888892 ], [ 8.195, 41.567777777777778 ], [ 8.333333333333334, 41.514722222222225 ], [ 8.332072222222221, 41.330894444444446 ], [ 8.0, 41.0 ], [ 8.0, 40.744997222222224 ], [ 6.495, 40.706111111111113 ], [ 6.326944444444444, 40.50888888888889 ], [ 5.502777777777778, 40.398888888888891 ], [ 4.666666666666667, 40.031108333333336 ], [ 4.666666666666667, 40.5 ], [ 4.666666666666667, 41.141666666666666 ], [ 5.193055555555556, 41.619722222222222 ], [ 6.183333333333334, 41.991666666666667 ], [ 6.358888888888888, 42.285277777777779 ] ] ] } },
{ "type": "Feature", "properties": { "fir": "LFMM", "identifier": "LFMM:D1 1 UAC:000-145", "name": "D1 1 UAC", "level_lower": 0, "level_upper": 145 }, "geometry": { "type": "Polygon", "coordinates": [ [ [ 6.358888888888888, 42.285277777777779 ], [ 7.756666666666667, 41.733888888888892 ], [ 7.931766666666667, 41.667416666666661 ], [ 8.0, 41.0 ], [ 8.0, 40.744997222222224 ], [ 6.495, 40.706111111111113 ], [ 6.326944444444444, 40.50888888888889 ], [ 5.502777777777778, 40.398888888888891 ], [ 4.666666666666667, 40.031108333333336 ], [ 4.666666666666667, 40.5 ], [ 4.666666666666667, 41.141666666666666 ], [ 5.193055555555556, 41.619722222222222 ], [ 6.183333333333334, 41.991666666666667 ], [ 6.358888888888888, 42.285277777777779 ] ] ] } },
{ "type": "Feature", "properties": { "fir": "LFMM", "identifier": "LFMM:D1 2 UAC:195-335", "name": "D1 2 UAC", "level_lower": 195, "level_upper": 335 }, "geometry": { "type": "Polygon", "coordinates": [ [ [ 6.358888888888888, 42.285277777777779 ], [ 7.756666666666667, 41.733888888888892 ], [ 8.195, 41.567777777777778 ], [ 8.333333333333334, 41.514722222222225 ], [ 8.332072222222221, 41.330894444444446 ], [ 8.0, 41.0 ], [ 8.0, 40.744997222222224 ], [ 6.495, 40.706111111111113 ], [ 6.326944444444444, 40.50888888888889 ], [ 5.502777777777778, 40.398888888888891 ], [ 4.666666666666667, 40.031108333333336 ], [ 4.666666666666667, 40.5 ], [ 4.666666666666667, 41.141666666666666 ], [ 5.193055555555556, 41.619722222222222 ], [ 6.183333333333334, 41.991666666666667 ], [ 6.358888888888888, 42.285277777777779 ] ] ] } },
{ "type": "Feature", "properties": { "fir": "LFMM", "identifier": "LFMM:D2 UAC:335-355", "name": "D2 UAC", "level_lower": 335, "level_upper": 355 }, "geometry": { "type": "Polygon", "coordinates": [ [ [ 6.358888888888888, 42.285277777777779 ], [ 7.756666666666667, 41.733888888888892 ], [ 8.195, 41.567777777777778 ], [ 8.333333333333334, 41.514722222222225 ], [ 8.332072222222221, 41.330894444444446 ], [ 8.0, 41.0 ], [ 8.0, 40.744997222222224 ], [ 6.495, 40.706111111111113 ], [ 6.326944444444444, 40.50888888888889 ], [ 5.502777777777778, 40.398888888888891 ], [ 4.666666666666667, 40.031108333333336 ], [ 4.666666666666667, 40.5 ], [ 4.666666666666667, 41.141666666666666 ], [ 5.193055555555556, 41.619722222222222 ], [ 6.183333333333334, 41.991666666666667 ], [ 6.358888888888888, 42.285277777777779 ] ] ] } },
{ "type": "Feature", "properties": { "fir": "LFMM", "identifier": "LFMM:D3 UAC:355-375", "name": "D3 UAC", "level_lower": 355, "level_upper": 375 }, "geometry": { "type": "Polygon", "coordinates": [ [ [ 6.358888888888888, 42.285277777777779 ], [ 7.756666666666667, 41.733888888888892 ], [ 8.195, 41.567777777777778 ], [ 8.333333333333334, 41.514722222222225 ], [ 8.332072222222221, 41.330894444444446 ], [ 8.0, 41.0 ], [ 8.0, 40.744997222222224 ], [ 6.495, 40.706111111111113 ], [ 6.326944444444444, 40.50888888888889 ], [ 5.502777777777778, 40.398888888888891 ], [ 4.666666666666667, 40.031108333333336 ], [ 4.666666666666667, 40.5 ], [ 4.666666666666667, 41.141666666666666 ], [ 5.193055555555556, 41.619722222222222 ], [ 6.183333333333334, 41.991666666666667 ], [ 6.358888888888888, 42.285277777777779 ] ] ] } },
{ "type": "Feature", "properties": { "fir": "LFMM", "identifier": "LFMM:D4 UAC:375-660", "name": "D4 UAC", "level_lower": 375, "level_upper": 660 }, "geometry": { "type": "Polygon", "coordinates": [ [ [ 6.358888888888888, 42.285277777777779 ], [ 7.756666666666667, 41.733888888888892 ], [ 8.195, 41.567777777777778 ], [ 8.333333333333334, 41.514722222222225 ], [ 8.332072222222221, 41.330894444444446 ], [ 8.0, 41.0 ], [ 8.0, 40.744997222222224 ], [ 6.495, 40.706111111111113 ], [ 6.326944444444444, 40.50888888888889 ], [ 5.502777777777778, 40.398888888888891 ], [ 4.666666666666667, 40.031108333333336 ], [ 4.666666666666667, 40.5 ], [ 4.666666666666667, 41.141666666666666 ], [ 5.193055555555556, 41.619722222222222 ], [ 6.183333333333334, 41.991666666666667 ], [ 6.358888888888888, 42.285277777777779 ] ] ] } },
{ "type": "Feature", "properties": { "fir": "LFMM", "identifier": "LFMM:E1 UAC:245-305", "name": "E1 UAC", "level_lower": 245, "level_upper": 305 }, "geometry": { "type": "Polygon", "coordinates": [ [ [ 6.191666666666667, 43.418333333333329 ], [ 6.261111111111111, 43.43138888888889 ], [ 6.741666666666667, 43.475 ], [ 7.666666666666667, 44.0 ], [ 7.751944444444445, 44.023055555555551 ], [ 7.753333333333333, 43.938611111111108 ], [ 7.755277777777778, 43.81944444444445 ], [ 7.8375, 43.70194444444445 ], [ 8.321719444444444, 43.570277777777783 ], [ 8.406686111111112, 43.547513888888886 ], [ 8.800555555555556, 43.4375 ], [ 8.115, 42.221944444444446 ], [ 8.11888888888889, 41.956388888888888 ], [ 8.195, 41.567777777777778 ], [ 7.756666666666667, 41.733888888888892 ], [ 6.358888888888888, 42.285277777777779 ], [ 6.483333333333333, 42.491666666666667 ], [ 6.724444444444445, 42.9175 ], [ 6.639166666666666, 43.00416666666667 ], [ 6.278611111111111, 42.93944444444444 ], [ 6.186111111111112, 43.033611111111107 ], [ 6.191666666666667, 43.418333333333329 ] ] ] } },
{ "type": "Feature", "properties": { "fir": "LFMM", "identifier": "LFMM:E2 UAC:305-355", "name": "E2 UAC", "level_lower": 305, "level_upper": 355 }, "geometry": { "type": "Polygon", "coordinates": [ [ [ 6.191666666666667, 43.418333333333329 ], [ 6.261111111111111, 43.43138888888889 ], [ 6.741666666666667, 43.475 ], [ 7.666666666666667, 44.0 ], [ 7.751944444444445, 44.023055555555551 ], [ 7.753333333333333, 43.938611111111108 ], [ 7.755277777777778, 43.81944444444445 ], [ 7.8375, 43.70194444444445 ], [ 8.321719444444444, 43.570277777777783 ], [ 8.406686111111112, 43.547513888888886 ], [ 8.800555555555556, 43.4375 ], [ 8.115, 42.221944444444446 ], [ 8.11888888888889, 41.956388888888888 ], [ 8.195, 41.567777777777778 ], [ 7.756666666666667, 41.733888888888892 ], [ 6.358888888888888, 42.285277777777779 ], [ 6.483333333333333, 42.491666666666667 ], [ 6.724444444444445, 42.9175 ], [ 6.639166666666666, 43.00416666666667 ], [ 6.278611111111111, 42.93944444444444 ], [ 6.186111111111112, 43.033611111111107 ], [ 6.191666666666667, 43.418333333333329 ] ] ] } },
{ "type": "Feature", "properties": { "fir": "LFMM", "identifier": "LFMM:E3 UAC:355-660", "name": "E3 UAC", "level_lower": 355, "level_upper": 660 }, "geometry": { "type": "Polygon", "coordinates": [ [ [ 6.191666666666667, 43.418333333333329 ], [ 6.261111111111111, 43.43138888888889 ], [ 6.741666666666667, 43.475 ], [ 7.666666666666667, 44.0 ], [ 7.751944444444445, 44.023055555555551 ], [ 7.753333333333333, 43.938611111111108 ], [ 7.755277777777778, 43.81944444444445 ], [ 7.8375, 43.70194444444445 ], [ 8.321719444444444, 43.570277777777783 ], [ 8.406686111111112, 43.547513888888886 ], [ 8.800555555555556, 43.4375 ], [ 8.115, 42.221944444444446 ], [ 8.11888888888889, 41.956388888888888 ], [ 8.195, 41.567777777777778 ], [ 7.756666666666667, 41.733888888888892 ], [ 6.358888888888888, 42.285277777777779 ], [ 6.483333333333333, 42.491666666666667 ], [ 6.724444444444445, 42.9175 ], [ 6.639166666666666, 43.00416666666667 ], [ 6.278611111111111, 42.93944444444444 ], [ 6.186111111111112, 43.033611111111107 ], [ 6.191666666666667, 43.418333333333329 ] ] ] } },
{ "type": "Feature", "properties": { "fir": "LFMM", "identifier": "LFMM:F1 UAC:245-335", "name": "F1 UAC", "level_lower": 245, "level_upper": 335 }, "geometry": { "type": "Polygon", "coordinates": [ [ [ 4.345830555555556, 42.095277777777781 ], [ 5.876388888888889, 43.366944444444442 ], [ 5.913055555555556, 43.374722222222225 ], [ 6.191666666666667, 43.418333333333329 ], [ 6.186111111111112, 43.033611111111107 ], [ 6.278611111111111, 42.93944444444444 ], [ 6.639166666666666, 43.00416666666667 ], [ 6.724444444444445, 42.9175 ], [ 6.483333333333333, 42.491666666666667 ], [ 6.358888888888888, 42.285277777777779 ], [ 6.183333333333334, 41.991666666666667 ], [ 5.193055555555556, 41.619722222222222 ], [ 4.666666666666667, 41.141666666666666 ], [ 4.666666666666667, 42.0 ], [ 4.433611111111111, 42.0675 ], [ 4.345830555555556, 42.095277777777781 ] ] ] } },
{ "type": "Feature", "properties": { "fir": "LFMM", "identifier": "LFMM:F2 UAC:335-355", "name": "F2 UAC", "level_lower": 335, "level_upper": 355 }, "geometry": { "type": "Polygon", "coordinates": [ [ [ 4.345830555555556, 42.095277777777781 ], [ 5.876388888888889, 43.366944444444442 ], [ 5.913055555555556, 43.374722222222225 ], [ 6.191666666666667, 43.418333333333329 ], [ 6.186111111111112, 43.033611111111107 ], [ 6.278611111111111, 42.93944444444444 ], [ 6.639166666666666, 43.00416666666667 ], [ 6.724444444444445, 42.9175 ], [ 6.483333333333333, 42.491666666666667 ], [ 6.358888888888888, 42.285277777777779 ], [ 6.183333333333334, 41.991666666666667 ], [ 5.193055555555556, 41.619722222222222 ], [ 4.666666666666667, 41.141666666666666 ], [ 4.666666666666667, 42.0 ], [ 4.433611111111111, 42.0675 ], [ 4.345830555555556, 42.095277777777781 ] ] ] } },
{ "type": "Feature", "properties": { "fir": "LFMM", "identifier": "LFMM:F3 UAC:355-375", "name": "F3 UAC", "level_lower": 355, "level_upper": 375 }, "geometry": { "type": "Polygon", "coordinates": [ [ [ 4.345830555555556, 42.095277777777781 ], [ 5.876388888888889, 43.366944444444442 ], [ 5.913055555555556, 43.374722222222225 ], [ 6.191666666666667, 43.418333333333329 ], [ 6.186111111111112, 43.033611111111107 ], [ 6.278611111111111, 42.93944444444444 ], [ 6.639166666666666, 43.00416666666667 ], [ 6.724444444444445, 42.9175 ], [ 6.483333333333333, 42.491666666666667 ], [ 6.358888888888888, 42.285277777777779 ], [ 6.183333333333334, 41.991666666666667 ], [ 5.193055555555556, 41.619722222222222 ], [ 4.666666666666667, 41.141666666666666 ], [ 4.666666666666667, 42.0 ], [ 4.433611111111111, 42.0675 ], [ 4.345830555555556, 42.095277777777781 ] ] ] } },
{ "type": "Feature", "properties": { "fir": "LFMM", "identifier": "LFMM:F4 UAC:375-660", "name": "F4 UAC", "level_lower": 375, "level_upper": 660 }, "geometry": { "type": "Polygon", "coordinates": [ [ [ 4.345830555555556, 42.095277777777781 ], [ 5.876388888888889, 43.366944444444442 ], [ 5.913055555555556, 43.374722222222225 ], [ 6.191666666666667, 43.418333333333329 ], [ 6.186111111111112, 43.033611111111107 ], [ 6.278611111111111, 42.93944444444444 ], [ 6.639166666666666, 43.00416666666667 ], [ 6.724444444444445, 42.9175 ], [ 6.483333333333333, 42.491666666666667 ], [ 6.358888888888888, 42.285277777777779 ], [ 6.183333333333334, 41.991666666666667 ], [ 5.193055555555556, 41.619722222222222 ], [ 4.666666666666667, 41.141666666666666 ], [ 4.666666666666667, 42.0 ], [ 4.433611111111111, 42.0675 ], [ 4.345830555555556, 42.095277777777781 ] ] ] } },
{ "type": "Feature", "properties": { "fir": "LFMM", "identifier": "LFMM:FIGARI CTR:000-035", "name": "FIGARI CTR", "level_lower": 0, "level_upper": 35 }, "geometry": { "type": "Polygon", "coordinates": [ [ [ 9.208330555555555, 41.666666666666664 ], [ 9.299166666666666, 41.722777777777779 ], [ 9.333330555555555, 41.6 ], [ 9.233330555555556, 41.466666666666669 ], [ 9.082813888888889, 41.332755555555558 ], [ 8.833316666666667, 41.332136111111112 ], [ 8.833330555555555, 41.43333055555555 ], [ 9.208330555555555, 41.666666666666664 ] ] ] } },
{ "type": "Feature", "properties": { "fir": "LFMM", "identifier": "LFMM:FIGARI CTR:000-001", "name": "FIGARI CTR", "level_lower": 0, "level_upper": 1 }, "geometry": { "type": "Polygon", "coordinates": [ [ [ 9.086197222222223, 41.493258333333337 ], [ 9.083936111111111, 41.495008333333331 ], [ 9.10873611111111, 41.513755555555555 ], [ 9.111766666666666, 41.511408333333335 ], [ 9.100536111111111, 41.503544444444444 ], [ 9.095152777777779, 41.499811111111114 ], [ 9.086197222222223, 41.493258333333337 ] ] ] } },
{ "type": "Feature", "properties": { "fir": "LFMM", "identifier": "LFMM:FIGARI GND:000-001", "name": "FIGARI GND", "level_lower": 0, "level_upper": 1 }, "geometry": { "type": "Polygon", "coordinates": [ [ [ 9.095152777777779, 41.499811111111114 ], [ 9.100536111111111, 41.503544444444444 ], [ 9.10328611111111, 41.501427777777778 ], [ 9.098197222222224, 41.497483333333335 ], [ 9.095152777777779, 41.499811111111114 ] ] ] } },
{ "type": "Feature", "properties": { "fir": "LFMM", "identifier": "LFMM:G1 UAC:245-305", "name": "G1 UAC", "level_lower": 245, "level_upper": 305 }, "geometry": { "type": "Polygon", "coordinates": [ [ [ 4.491663888888889, 45.358333333333334 ], [ 4.229444444444445, 45.68944444444444 ], [ 3.668886111111111, 45.777777777777779 ], [ 3.369722222222222, 46.524163888888886 ], [ 3.5, 46.56666666666667 ], [ 3.683333333333334, 46.283333333333331 ], [ 4.05, 46.283333333333331 ], [ 4.5, 46.283333333333331 ], [ 4.599997222222222, 46.274997222222218 ], [ 5.133333333333334, 46.233333333333334 ], [ 5.7, 46.116666666666667 ], [ 5.826938888888889, 46.020352777777774 ], [ 4.9825, 45.498333333333335 ], [ 4.726111111111111, 45.268611111111113 ], [ 4.491663888888889, 45.358333333333334 ] ] ] } },
{ "type": "Feature", "properties": { "fir": "LFMM", "identifier": "LFMM:G2 UAC:305-355", "name": "G2 UAC", "level_lower": 305, "level_upper": 355 }, "geometry": { "type": "Polygon", "coordinates": [ [ [ 4.491663888888889, 45.358333333333334 ], [ 4.229444444444445, 45.68944444444444 ], [ 3.668886111111111, 45.777777777777779 ], [ 3.369722222222222, 46.524163888888886 ], [ 3.5, 46.56666666666667 ], [ 3.683333333333334, 46.283333333333331 ], [ 4.05, 46.283333333333331 ], [ 4.5, 46.283333333333331 ], [ 4.599997222222222, 46.274997222222218 ], [ 5.133333333333334, 46.233333333333334 ], [ 5.7, 46.116666666666667 ], [ 5.826938888888889, 46.020352777777774 ], [ 4.9825, 45.498333333333335 ], [ 4.726111111111111, 45.268611111111113 ], [ 4.491663888888889, 45.358333333333334 ] ] ] } },
{ "type": "Feature", "properties": { "fir": "LFMM", "identifier": "LFMM:G3 UAC:355-375", "name": "G3 UAC", "level_lower": 355, "level_upper": 375 }, "geometry": { "type": "Polygon", "coordinates": [ [ [ 4.491663888888889, 45.358333333333334 ], [ 4.229444444444445, 45.68944444444444 ], [ 3.668886111111111, 45.777777777777779 ], [ 3.369722222222222, 46.524163888888886 ], [ 3.5, 46.56666666666667 ], [ 3.683333333333334, 46.283333333333331 ], [ 4.05, 46.283333333333331 ], [ 4.5, 46.283333333333331 ], [ 4.599997222222222, 46.274997222222218 ], [ 5.133333333333334, 46.233333333333334 ], [ 5.7, 46.116666666666667 ], [ 5.826938888888889, 46.020352777777774 ], [ 4.9825, 45.498333333333335 ], [ 4.726111111111111, 45.268611111111113 ], [ 4.491663888888889, 45.358333333333334 ] ] ] } },
{ "type": "Feature", "properties": { "fir": "LFMM", "identifier": "LFMM:G4 UAC:375-660", "name": "G4 UAC", "level_lower": 375, "level_upper": 660 }, "geometry": { "type": "Polygon", "coordinates": [ [ [ 4.491663888888889, 45.358333333333334 ], [ 4.229444444444445, 45.68944444444444 ], [ 3.668886111111111, 45.777777777777779 ], [ 3.369722222222222, 46.524163888888886 ], [ 3.5, 46.56666666666667 ], [ 3.683333333333334, 46.283333333333331 ], [ 4.05, 46.283333333333331 ], [ 4.5, 46.283333333333331 ], [ 4.599997222222222, 46.274997222222218 ], [ 5.133333333333334, 46.233333333333334 ], [ 5.7, 46.116666666666667 ], [ 5.826938888888889, 46.020352777777774 ], [ 4.9825, 45.498333333333335 ], [ 4.726111111111111, 45.268611111111113 ], [ 4.491663888888889, 45.358333333333334 ] ] ] } },
{ "type": "Feature", "properties": { "fir": "LFMM", "identifier": "LFMM:GARONS CTR:000-025", "name": "GARONS CTR", "level_lower": 0, "level_upper": 25 }, "geometry": { "type": "Polygon", "coordinates": [ [ [ 4.523330555555556, 43.9325 ], [ 4.525, 43.875 ], [ 4.551941666666666, 43.858055555555559 ], [ 4.643888888888888, 43.8 ], [ 4.500277777777778, 43.561388888888885 ], [ 4.497627777777778, 43.560883333333329 ], [ 4.494975, 43.560352777777773 ], [ 4.492316666666667, 43.559838888888883 ], [ 4.489652777777778, 43.559341666666661 ], [ 4.486983333333334, 43.558863888888887 ], [ 4.484308333333334, 43.558402777777772 ], [ 4.481625, 43.557961111111105 ], [ 4.478938888888889, 43.557536111111105 ], [ 4.476244444444444, 43.557130555555553 ], [ 4.473547222222222, 43.55674444444444 ], [ 4.470844444444444, 43.556375 ], [ 4.468136111111111, 43.556025 ], [ 4.465425, 43.555691666666661 ], [ 4.462708333333333, 43.555377777777778 ], [ 4.46, 43.555080555555556 ], [ 4.457263888888889, 43.554802777777773 ], [ 4.454538888888889, 43.554544444444439 ], [ 4.451808333333333, 43.554302777777778 ], [ 4.449075, 43.554080555555551 ], [ 4.44633888888889, 43.553877777777778 ], [ 4.4436, 43.553691666666666 ], [ 4.440858333333334, 43.553525 ], [ 4.438116666666667, 43.553377777777776 ], [ 4.435372222222222, 43.553247222222218 ], [ 4.432625, 43.553136111111108 ], [ 4.429877777777778, 43.553044444444438 ], [ 4.427130555555556, 43.552969444444443 ], [ 4.424380555555556, 43.552913888888888 ], [ 4.421630555555556, 43.552877777777773 ], [ 4.418880555555556, 43.552861111111106 ], [ 4.416130555555556, 43.552861111111106 ], [ 4.413380555555556, 43.552877777777773 ], [ 4.410630555555556, 43.552916666666661 ], [ 4.407880555555556, 43.552972222222216 ], [ 4.405133333333334, 43.553047222222219 ], [ 4.402386111111111, 43.553141666666662 ], [ 4.399638888888889, 43.553252777777772 ], [ 4.396894444444444, 43.553383333333329 ], [ 4.394152777777778, 43.553530555555554 ], [ 4.391411111111111, 43.5537 ], [ 4.388672222222223, 43.553886111111112 ], [ 4.385936111111111, 43.554088888888884 ], [ 4.383202777777777, 43.554311111111112 ], [ 4.380475, 43.554552777777772 ], [ 4.377747222222222, 43.554813888888887 ], [ 4.375025, 43.555091666666662 ], [ 4.372302777777778, 43.555388888888885 ], [ 4.369588888888888, 43.555702777777775 ], [ 4.366875, 43.556036111111105 ], [ 4.364169444444444, 43.556388888888883 ], [ 4.361466666666666, 43.556758333333327 ], [ 4.358766666666666, 43.55714444444444 ], [ 4.356075, 43.557552777777772 ], [ 4.353388888888889, 43.557977777777772 ], [ 4.350705555555555, 43.558419444444439 ], [ 4.348030555555555, 43.558880555555554 ], [ 4.345361111111111, 43.559358333333329 ], [ 4.342694444444444, 43.559855555555551 ], [ 4.340038888888889, 43.56036944444444 ], [ 4.337388888888889, 43.560902777777777 ], [ 4.334744444444445, 43.561452777777774 ], [ 4.332108333333333, 43.562022222222218 ], [ 4.329477777777778, 43.56260833333333 ], [ 4.326855555555555, 43.563213888888889 ], [ 4.324244444444444, 43.563833333333328 ], [ 4.321638888888889, 43.564475 ], [ 4.319041666666666, 43.565130555555555 ], [ 4.316452777777777, 43.565805555555549 ], [ 4.313872222222222, 43.566497222222218 ], [ 4.311302777777778, 43.56720555555556 ], [ 4.308738888888889, 43.567933333333336 ], [ 4.306188888888888, 43.568677777777779 ], [ 4.303897222222222, 43.569275 ], [ 4.303777777777777, 43.569369444444447 ], [ 4.286183333333333, 43.601658333333333 ], [ 4.196941666666667, 43.765830555555553 ], [ 4.228611111111111, 43.888055555555553 ], [ 4.231566666666667, 43.890677777777775 ], [ 4.235094444444445, 43.893363888888885 ], [ 4.238694444444445, 43.895994444444447 ], [ 4.242369444444445, 43.898572222222221 ], [ 4.246113888888889, 43.901097222222219 ], [ 4.249930555555555, 43.903566666666663 ], [ 4.253816666666666, 43.905980555555551 ], [ 4.257766666666667, 43.908336111111112 ], [ 4.261786111111111, 43.91063611111111 ], [ 4.265866666666667, 43.912875 ], [ 4.270011111111111, 43.915052777777774 ], [ 4.274213888888889, 43.91717222222222 ], [ 4.278477777777778, 43.919227777777778 ], [ 4.282794444444445, 43.921225 ], [ 4.287169444444444, 43.923155555555553 ], [ 4.2916, 43.925022222222218 ], [ 4.296077777777778, 43.926825 ], [ 4.300608333333333, 43.928561111111108 ], [ 4.30518611111111, 43.930230555555553 ], [ 4.309811111111111, 43.93183333333333 ], [ 4.314477777777777, 43.933369444444438 ], [ 4.319188888888888, 43.93483611111111 ], [ 4.323938888888889, 43.936236111111107 ], [ 4.328727777777778, 43.937563888888889 ], [ 4.333555555555555, 43.938822222222221 ], [ 4.338413888888889, 43.940011111111104 ], [ 4.343308333333333, 43.941127777777773 ], [ 4.348230555555555, 43.942175 ], [ 4.353180555555555, 43.943147222222215 ], [ 4.35816111111111, 43.94405 ], [ 4.36316111111111, 43.944877777777776 ], [ 4.368186111111111, 43.945633333333333 ], [ 4.373230555555555, 43.946316666666661 ], [ 4.378294444444444, 43.946925 ], [ 4.383375, 43.94745833333333 ], [ 4.388466666666667, 43.947919444444445 ], [ 4.393572222222223, 43.94830555555555 ], [ 4.398686111111112, 43.948619444444439 ], [ 4.403811111111112, 43.948855555555554 ], [ 4.40893888888889, 43.949019444444438 ], [ 4.414069444444444, 43.949105555555555 ], [ 4.419202777777778, 43.949119444444442 ], [ 4.424336111111112, 43.949058333333333 ], [ 4.429466666666667, 43.948922222222222 ], [ 4.434591666666667, 43.948711111111109 ], [ 4.437433333333334, 43.948552777777778 ], [ 4.439708333333334, 43.948427777777773 ], [ 4.444816666666667, 43.948066666666662 ], [ 4.449916666666667, 43.947633333333329 ], [ 4.455, 43.947125 ], [ 4.460069444444445, 43.946541666666661 ], [ 4.465119444444444, 43.945886111111108 ], [ 4.470152777777778, 43.945155555555552 ], [ 4.475163888888889, 43.944352777777773 ], [ 4.48015, 43.943477777777773 ], [ 4.485111111111111, 43.94253055555555 ], [ 4.490044444444444, 43.941511111111105 ], [ 4.49495, 43.940416666666664 ], [ 4.499819444444444, 43.939255555555555 ], [ 4.504658333333333, 43.938022222222216 ], [ 4.509461111111111, 43.936716666666662 ], [ 4.514225, 43.935344444444439 ], [ 4.51895, 43.933902777777774 ], [ 4.523330555555556, 43.9325 ] ] ] } },
{ "type": "Feature", "properties": { "fir": "LFMM", "identifier": "LFMM:GARONS CTR:000-004", "name": "GARONS CTR", "level_lower": 0, "level_upper": 4 }, "geometry": { "type": "Polygon", "coordinates": [ [ [ 4.416930555555556, 43.769597222222224 ], [ 4.417555555555555, 43.756063888888889 ], [ 4.418202777777778, 43.7459 ], [ 4.415163888888889, 43.745775 ], [ 4.415102777777778, 43.7466 ], [ 4.415913888888889, 43.747244444444448 ], [ 4.414622222222222, 43.76734722222222 ], [ 4.41428888888889, 43.767541666666666 ], [ 4.413444444444445, 43.768030555555555 ], [ 4.413297222222223, 43.769466666666666 ], [ 4.416930555555556, 43.769597222222224 ] ] ] } },
{ "type": "Feature", "properties": { "fir": "LFMM", "identifier": "LFMM:GARONS GND-E:000-004", "name": "GARONS GND-E", "level_lower": 0, "level_upper": 4 }, "geometry": { "type": "Polygon", "coordinates": [ [ [ 4.424975, 43.769736111111108 ], [ 4.425594444444445, 43.756255555555555 ], [ 4.417555555555555, 43.756063888888889 ], [ 4.416930555555556, 43.769597222222224 ], [ 4.424975, 43.769736111111108 ] ] ] } },
{ "type": "Feature", "properties": { "fir": "LFMM", "identifier": "LFMM:GARONS GND-W:000-004", "name": "GARONS GND-W", "level_lower": 0, "level_upper": 4 }, "geometry": { "type": "Polygon", "coordinates": [ [ [ 4.413297222222223, 43.769466666666666 ], [ 4.413444444444445, 43.768030555555555 ], [ 4.41428888888889, 43.767541666666666 ], [ 4.414622222222222, 43.76734722222222 ], [ 4.415913888888889, 43.747244444444448 ], [ 4.415102777777778, 43.7466 ], [ 4.415163888888889, 43.745775 ], [ 4.409091666666667, 43.745530555555554 ], [ 4.407263888888889, 43.769302777777774 ], [ 4.413297222222223, 43.769466666666666 ] ] ] } },
{ "type": "Feature", "properties": { "fir": "LFMM", "identifier": "LFMM:GRENOBLE CTR:000-014", "name": "GRENOBLE CTR", "level_lower": 0, "level_upper": 14 }, "geometry": { "type": "Polygon", "coordinates": [ [ [ 5.309538888888889, 45.364591666666669 ], [ 5.323947222222222, 45.364525 ], [ 5.328513888888889, 45.367505555555553 ], [ 5.335877777777777, 45.367505555555553 ], [ 5.337227777777778, 45.36441111111111 ], [ 5.349063888888889, 45.36441111111111 ], [ 5.348947222222222, 45.361355555555555 ], [ 5.347894444444444, 45.362011111111116 ], [ 5.340061111111111, 45.362011111111116 ], [ 5.332344444444444, 45.362016666666669 ], [ 5.332352777777777, 45.361677777777778 ], [ 5.317358333333333, 45.361819444444443 ], [ 5.310369444444444, 45.361847222222224 ], [ 5.309677777777778, 45.3616 ], [ 5.309538888888889, 45.364591666666669 ] ] ] } },
{ "type": "Feature", "properties": { "fir": "LFMM", "identifier": "LFMM:GRENOBLE CTR:000-035", "name": "GRENOBLE CTR", "level_lower": 0, "level_upper": 35 }, "geometry": { "type": "Polygon", "coordinates": [ [ [ 5.523888888888889, 45.447777777777773 ], [ 5.545830555555556, 45.447777777777773 ], [ 5.583611111111111, 45.423888888888889 ], [ 5.583611111111111, 45.32833055555556 ], [ 5.419719444444445, 45.279166666666669 ], [ 5.184566666666667, 45.279166666666669 ], [ 5.143383333333333, 45.279166666666669 ], [ 5.102777777777778, 45.279166666666669 ], [ 5.102777777777778, 45.425555555555555 ], [ 5.126233333333333, 45.43002222222222 ], [ 5.181941666666667, 45.440555555555555 ], [ 5.523888888888889, 45.447777777777773 ] ] ] } },
{ "type": "Feature", "properties": { "fir": "LFMM", "identifier": "LFMM:GRENOBLE GND:000-014", "name": "GRENOBLE GND", "level_lower": 0, "level_upper": 14 }, "geometry": { "type": "Polygon", "coordinates": [ [ [ 5.309677777777778, 45.3616 ], [ 5.310369444444444, 45.361847222222224 ], [ 5.317358333333333, 45.361819444444443 ], [ 5.332352777777777, 45.361677777777778 ], [ 5.332344444444444, 45.362016666666669 ], [ 5.340061111111111, 45.362011111111116 ], [ 5.347894444444444, 45.362011111111116 ], [ 5.348947222222222, 45.361355555555555 ], [ 5.348955555555555, 45.360802777777778 ], [ 5.343141666666666, 45.360788888888891 ], [ 5.343125, 45.359186111111114 ], [ 5.335408333333333, 45.359344444444446 ], [ 5.335777777777778, 45.355197222222223 ], [ 5.330486111111111, 45.355716666666666 ], [ 5.330005555555555, 45.356 ], [ 5.327752777777778, 45.360586111111111 ], [ 5.327544444444444, 45.360836111111112 ], [ 5.309983333333333, 45.360972222222223 ], [ 5.309677777777778, 45.3616 ] ] ] } },
{ "type": "Feature", "properties": { "fir": "LFMM", "identifier": "LFMM:HYERES CTR:000-001", "name": "HYERES CTR", "level_lower": 0, "level_upper": 1 }, "geometry": { "type": "Polygon", "coordinates": [ [ [ 6.136294444444445, 43.095044444444447 ], [ 6.138805555555556, 43.102605555555556 ], [ 6.150038888888889, 43.101644444444446 ], [ 6.161052777777778, 43.107658333333333 ], [ 6.162513888888889, 43.106252777777776 ], [ 6.147991666666667, 43.097161111111113 ], [ 6.158833333333334, 43.088922222222223 ], [ 6.157566666666667, 43.087997222222228 ], [ 6.146138888888889, 43.096252777777778 ], [ 6.140291666666667, 43.093033333333338 ], [ 6.136294444444445, 43.095044444444447 ] ] ] } },
{ "type": "Feature", "properties": { "fir": "LFMM", "identifier": "LFMM:HYERES CTR:000-035", "name": "HYERES CTR", "level_lower": 0, "level_upper": 35 }, "geometry": { "type": "Polygon", "coordinates": [ [ [ 6.043330555555555, 43.175 ], [ 6.2475, 43.175277777777772 ], [ 6.309319444444444, 43.139963888888886 ], [ 6.368611111111111, 43.106111111111112 ], [ 6.395830555555556, 43.08 ], [ 6.249441666666667, 42.946388888888883 ], [ 5.961388888888889, 42.946111111111108 ], [ 5.906941666666667, 43.000830555555552 ], [ 6.001763888888889, 43.067841666666673 ], [ 6.001222222222222, 43.06935 ], [ 6.000711111111111, 43.070863888888894 ], [ 6.000230555555556, 43.072380555555561 ], [ 5.999777777777778, 43.073902777777782 ], [ 5.999358333333333, 43.075430555555556 ], [ 5.998966666666667, 43.076961111111117 ], [ 5.998602777777778, 43.078497222222225 ], [ 5.998272222222222, 43.080036111111113 ], [ 5.997969444444444, 43.081577777777781 ], [ 5.9977, 43.083125 ], [ 5.997458333333333, 43.084672222222224 ], [ 5.99725, 43.086222222222226 ], [ 5.997066666666667, 43.087775 ], [ 5.996916666666666, 43.089327777777783 ], [ 5.9968, 43.090883333333338 ], [ 5.996711111111111, 43.092438888888893 ], [ 5.99665, 43.093997222222228 ], [ 5.996622222222222, 43.095555555555556 ], [ 5.996625, 43.097113888888892 ], [ 5.996666666666667, 43.098669444444447 ], [ 5.996722222222222, 43.100227777777782 ], [ 5.996816666666667, 43.10178611111111 ], [ 5.996941666666666, 43.103338888888892 ], [ 5.997094444444445, 43.104894444444447 ], [ 5.997280555555555, 43.106444444444449 ], [ 5.997497222222222, 43.107994444444444 ], [ 5.997741666666666, 43.109541666666665 ], [ 5.998019444444444, 43.111088888888894 ], [ 5.998325, 43.112630555555555 ], [ 5.998663888888889, 43.114166666666669 ], [ 5.999030555555556, 43.115702777777777 ], [ 5.999427777777778, 43.117233333333331 ], [ 5.999852777777778, 43.118761111111112 ], [ 6.000311111111111, 43.120280555555553 ], [ 6.000797222222222, 43.1218 ], [ 6.001313888888889, 43.123311111111114 ], [ 6.001858333333334, 43.124816666666668 ], [ 6.002433333333333, 43.126316666666668 ], [ 6.003038888888889, 43.127811111111114 ], [ 6.003672222222222, 43.1293 ], [ 6.004336111111111, 43.13077777777778 ], [ 6.005027777777777, 43.132252777777779 ], [ 6.00575, 43.133719444444445 ], [ 6.0065, 43.135177777777777 ], [ 6.007277777777777, 43.136627777777775 ], [ 6.008083333333333, 43.13807222222222 ], [ 6.008916666666667, 43.139505555555552 ], [ 6.009780555555555, 43.140930555555556 ], [ 6.010669444444445, 43.142344444444447 ], [ 6.011588888888889, 43.143752777777777 ], [ 6.012536111111111, 43.14515 ], [ 6.013508333333333, 43.146536111111111 ], [ 6.014508333333334, 43.147913888888887 ], [ 6.015536111111111, 43.149277777777776 ], [ 6.016588888888889, 43.150633333333332 ], [ 6.017669444444445, 43.151977777777773 ], [ 6.018777777777777, 43.153311111111108 ], [ 6.019911111111111, 43.154630555555556 ], [ 6.021066666666667, 43.15593888888889 ], [ 6.022252777777778, 43.157236111111111 ], [ 6.023175, 43.158216666666668 ], [ 6.024697222222223, 43.159791666666663 ], [ 6.025955555555555, 43.16105 ], [ 6.027238888888889, 43.162294444444441 ], [ 6.028547222222223, 43.163525 ], [ 6.029880555555556, 43.164741666666664 ], [ 6.031236111111111, 43.165947222222222 ], [ 6.032616666666667, 43.167136111111105 ], [ 6.034019444444445, 43.168311111111109 ], [ 6.035444444444444, 43.169469444444445 ], [ 6.036894444444444, 43.170616666666668 ], [ 6.038363888888889, 43.171744444444442 ], [ 6.039858333333333, 43.172861111111111 ], [ 6.041372222222222, 43.173958333333331 ], [ 6.043330555555555, 43.175 ] ] ] } },
{ "type": "Feature", "properties": { "fir": "LFMM", "identifier": "LFMM:HYERES GND-E:000-001", "name": "HYERES GND-E", "level_lower": 0, "level_upper": 1 }, "geometry": { "type": "Polygon", "coordinates": [ [ [ 6.162513888888889, 43.106252777777776 ], [ 6.159952777777778, 43.089708333333334 ], [ 6.158833333333334, 43.088922222222223 ], [ 6.147991666666667, 43.097161111111113 ], [ 6.162513888888889, 43.106252777777776 ] ] ] } },
{ "type": "Feature", "properties": { "fir": "LFMM", "identifier": "LFMM:HYERES GND-W:000-001", "name": "HYERES GND-W", "level_lower": 0, "level_upper": 1 }, "geometry": { "type": "Polygon", "coordinates": [ [ [ 6.140291666666667, 43.093033333333338 ], [ 6.146138888888889, 43.096252777777778 ], [ 6.157566666666667, 43.087997222222228 ], [ 6.149794444444445, 43.0833 ], [ 6.140291666666667, 43.093033333333338 ] ] ] } },
{ "type": "Feature", "properties": { "fir": "LFMM", "identifier": "LFMM:ISTRES CTR:000-001", "name": "ISTRES CTR", "level_lower": 0, "level_upper": 1 }, "geometry": { "type": "Polygon", "coordinates": [ [ [ 4.914147222222223, 43.539416666666668 ], [ 4.937833333333334, 43.506466666666668 ], [ 4.935275, 43.505627777777775 ], [ 4.930402777777778, 43.510211111111111 ], [ 4.900591666666667, 43.550202777777777 ], [ 4.906427777777778, 43.552127777777777 ], [ 4.914147222222223, 43.539416666666668 ] ] ] } },
{ "type": "Feature", "properties": { "fir": "LFMM", "identifier": "LFMM:ISTRES CTR 1.1:000-035", "name": "ISTRES CTR 1.1", "level_lower": 0, "level_upper": 35 }, "geometry": { "type": "Polygon", "coordinates": [ [ [ 4.643888888888888, 43.8 ], [ 4.787777777777777, 43.710277777777783 ], [ 4.930830555555556, 43.618055555555557 ], [ 5.003613888888889, 43.571372222222223 ], [ 5.004444444444444, 43.570669444444448 ], [ 5.005263888888889, 43.569961111111112 ], [ 5.006075, 43.569247222222224 ], [ 5.006872222222222, 43.568525 ], [ 5.007658333333334, 43.567797222222225 ], [ 5.008436111111111, 43.567063888888889 ], [ 5.0092, 43.566322222222219 ], [ 5.009952777777777, 43.565575 ], [ 5.010691666666666, 43.564825 ], [ 5.011422222222222, 43.564066666666662 ], [ 5.012141666666666, 43.5633 ], [ 5.012847222222222, 43.562530555555554 ], [ 5.013541666666667, 43.56175555555555 ], [ 5.014225, 43.560975 ], [ 5.014897222222222, 43.560188888888888 ], [ 5.015555555555555, 43.559394444444443 ], [ 5.016202777777778, 43.5586 ], [ 5.016836111111111, 43.55779722222222 ], [ 5.017458333333333, 43.556988888888888 ], [ 5.018066666666667, 43.556177777777776 ], [ 5.018663888888889, 43.555361111111111 ], [ 5.01925, 43.554538888888885 ], [ 5.019819444444444, 43.553711111111106 ], [ 5.020380555555556, 43.552880555555554 ], [ 5.020927777777778, 43.552044444444441 ], [ 5.021461111111111, 43.551205555555555 ], [ 5.021980555555555, 43.550361111111108 ], [ 5.022205555555556, 43.54998611111111 ], [ 5.022488888888889, 43.549513888888889 ], [ 5.022983333333333, 43.548661111111109 ], [ 5.023466666666667, 43.547805555555556 ], [ 5.023936111111111, 43.546944444444442 ], [ 5.024388888888889, 43.546080555555555 ], [ 5.024830555555556, 43.545213888888888 ], [ 5.025261111111111, 43.544341666666668 ], [ 5.025677777777778, 43.54346944444444 ], [ 5.026077777777778, 43.542591666666667 ], [ 5.026466666666667, 43.541711111111113 ], [ 5.026841666666667, 43.540827777777778 ], [ 5.027205555555556, 43.539941666666664 ], [ 5.027552777777777, 43.53905 ], [ 5.027886111111111, 43.538158333333328 ], [ 5.028208333333334, 43.537263888888887 ], [ 5.028513888888889, 43.536366666666666 ], [ 5.028808333333333, 43.535466666666665 ], [ 5.029088888888888, 43.53456388888889 ], [ 5.029352777777778, 43.533661111111108 ], [ 5.029605555555555, 43.53275277777778 ], [ 5.029844444444445, 43.531844444444445 ], [ 5.030066666666666, 43.53093611111111 ], [ 5.030277777777778, 43.530025 ], [ 5.030475, 43.529111111111114 ], [ 5.030655555555556, 43.528194444444445 ], [ 5.030825, 43.527277777777776 ], [ 5.030980555555556, 43.526361111111108 ], [ 5.031119444444444, 43.525441666666666 ], [ 5.031244444444444, 43.524519444444444 ], [ 5.031111111111111, 43.523611111111109 ], [ 5.030555555555556, 43.4125 ], [ 5.0525, 43.387219444444447 ], [ 5.036388888888888, 43.25277777777778 ], [ 4.688055555555556, 43.25277777777778 ], [ 4.486111111111112, 43.25277777777778 ], [ 4.494441666666667, 43.433888888888887 ], [ 4.496111111111111, 43.47 ], [ 4.500277777777778, 43.561388888888885 ], [ 4.643888888888888, 43.8 ] ] ] } },
{ "type": "Feature", "properties": { "fir": "LFMM", "identifier": "LFMM:ISTRES CTR 1.2:000-030", "name": "ISTRES CTR 1.2", "level_lower": 0, "level_upper": 30 }, "geometry": { "type": "Polygon", "coordinates": [ [ [ 5.0525, 43.387219444444447 ], [ 5.091388888888889, 43.346111111111114 ], [ 5.179719444444444, 43.25277777777778 ], [ 5.036388888888888, 43.25277777777778 ], [ 5.0525, 43.387219444444447 ] ] ] } },
{ "type": "Feature", "properties": { "fir": "LFMM", "identifier": "LFMM:ISTRES CTR 1.3:000-021", "name": "ISTRES CTR 1.3", "level_lower": 0, "level_upper": 21 }, "geometry": { "type": "Polygon", "coordinates": [ [ [ 5.031111111111111, 43.523611111111109 ], [ 5.058330555555555, 43.4 ], [ 5.091388888888889, 43.346111111111114 ], [ 5.0525, 43.387219444444447 ], [ 5.030555555555556, 43.4125 ], [ 5.031111111111111, 43.523611111111109 ] ] ] } },
{ "type": "Feature", "properties": { "fir": "LFMM", "identifier": "LFMM:ISTRES GND:000-001", "name": "ISTRES GND", "level_lower": 0, "level_upper": 1 }, "geometry": { "type": "Polygon", "coordinates": [ [ [ 4.918438888888889, 43.541041666666665 ], [ 4.923938888888889, 43.533875 ], [ 4.930163888888889, 43.536216666666668 ], [ 4.936386111111111, 43.528383333333331 ], [ 4.952497222222222, 43.527719444444443 ], [ 4.950519444444445, 43.504175 ], [ 4.928908333333333, 43.497422222222227 ], [ 4.922686111111111, 43.50749722222222 ], [ 4.930402777777778, 43.510211111111111 ], [ 4.935275, 43.505627777777775 ], [ 4.937833333333334, 43.506466666666668 ], [ 4.914147222222223, 43.539416666666668 ], [ 4.918438888888889, 43.541041666666665 ] ] ] } },
{ "type": "Feature", "properties": { "fir": "LFMM", "identifier": "LFMM:K1 UAC:245-305", "name": "K1 UAC", "level_lower": 245, "level_upper": 305 }, "geometry": { "type": "Polygon", "coordinates": [ [ [ 8.915025, 43.405294444444444 ], [ 9.75, 43.166666666666664 ], [ 9.75, 42.954163888888893 ], [ 9.75, 42.334233333333337 ], [ 9.75, 41.929244444444443 ], [ 9.75, 41.790722222222222 ], [ 9.75, 41.673422222222221 ], [ 9.750041666666666, 41.332005555555561 ], [ 9.498288888888888, 41.332005555555561 ], [ 9.316666666666668, 41.333333333333336 ], [ 9.082813888888889, 41.332755555555558 ], [ 8.833316666666667, 41.332136111111112 ], [ 8.332072222222221, 41.330894444444446 ], [ 8.333333333333334, 41.514722222222225 ], [ 8.195, 41.567777777777778 ], [ 8.11888888888889, 41.956388888888888 ], [ 8.115, 42.221944444444446 ], [ 8.800555555555556, 43.4375 ], [ 8.915025, 43.405294444444444 ] ] ] } },
{ "type": "Feature", "properties": { "fir": "LFMM", "identifier": "LFMM:K2 UAC:305-355", "name": "K2 UAC", "level_lower": 305, "level_upper": 355 }, "geometry": { "type": "Polygon", "coordinates": [ [ [ 8.915025, 43.405294444444444 ], [ 9.75, 43.166666666666664 ], [ 9.75, 42.954163888888893 ], [ 9.75, 42.334233333333337 ], [ 9.75, 41.929244444444443 ], [ 9.75, 41.790722222222222 ], [ 9.75, 41.673422222222221 ], [ 9.750041666666666, 41.332005555555561 ], [ 9.498288888888888, 41.332005555555561 ], [ 9.316666666666668, 41.333333333333336 ], [ 9.082813888888889, 41.332755555555558 ], [ 8.833316666666667, 41.332136111111112 ], [ 8.332072222222221, 41.330894444444446 ], [ 8.333333333333334, 41.514722222222225 ], [ 8.195, 41.567777777777778 ], [ 8.11888888888889, 41.956388888888888 ], [ 8.115, 42.221944444444446 ], [ 8.800555555555556, 43.4375 ], [ 8.915025, 43.405294444444444 ] ] ] } },
{ "type": "Feature", "properties": { "fir": "LFMM", "identifier": "LFMM:K3 UAC:355-660", "name": "K3 UAC", "level_lower": 355, "level_upper": 660 }, "geometry": { "type": "Polygon", "coordinates": [ [ [ 8.915025, 43.405294444444444 ], [ 9.75, 43.166666666666664 ], [ 9.75, 42.954163888888893 ], [ 9.75, 42.334233333333337 ], [ 9.75, 41.929244444444443 ], [ 9.75, 41.790722222222222 ], [ 9.75, 41.673422222222221 ], [ 9.750041666666666, 41.332005555555561 ], [ 9.498288888888888, 41.332005555555561 ], [ 9.316666666666668, 41.333333333333336 ], [ 9.082813888888889, 41.332755555555558 ], [ 8.833316666666667, 41.332136111111112 ], [ 8.332072222222221, 41.330894444444446 ], [ 8.333333333333334, 41.514722222222225 ], [ 8.195, 41.567777777777778 ], [ 8.11888888888889, 41.956388888888888 ], [ 8.115, 42.221944444444446 ], [ 8.800555555555556, 43.4375 ], [ 8.915025, 43.405294444444444 ] ] ] } },
{ "type": "Feature", "properties": { "fir": "LFMM", "identifier": "LFMM:LA MOLE RMZ:000-021", "name": "LA MOLE RMZ", "level_lower": 0, "level_upper": 21 }, "geometry": { "type": "Polygon", "coordinates": [ [ [ 6.388611111111111, 43.223055555555554 ], [ 6.400830555555556, 43.227777777777781 ], [ 6.487777777777778, 43.253602777777779 ], [ 6.516666666666667, 43.262219444444447 ], [ 6.543611111111111, 43.25416666666667 ], [ 6.556111111111111, 43.256388888888885 ], [ 6.58111111111111, 43.281666666666666 ], [ 6.625277777777778, 43.266666666666666 ], [ 6.571941666666667, 43.221111111111114 ], [ 6.487777777777778, 43.188875 ], [ 6.448055555555555, 43.173611111111107 ], [ 6.431111111111111, 43.185 ], [ 6.388611111111111, 43.223055555555554 ] ] ] } },
{ "type": "Feature", "properties": { "fir": "LFMM", "identifier": "LFMM:LE LUC CTR:000-003", "name": "LE LUC CTR", "level_lower": 0, "level_upper": 3 }, "geometry": { "type": "Polygon", "coordinates": [ [ [ 6.383988888888889, 43.387102777777777 ], [ 6.386919444444445, 43.385147222222223 ], [ 6.388741666666667, 43.385077777777781 ], [ 6.388752777777778, 43.384561111111111 ], [ 6.389091666666667, 43.384280555555556 ], [ 6.395216666666667, 43.380702777777778 ], [ 6.394319444444445, 43.379683333333332 ], [ 6.386552777777778, 43.383986111111113 ], [ 6.377277777777778, 43.383783333333334 ], [ 6.376636111111111, 43.387361111111112 ], [ 6.375183333333333, 43.388419444444445 ], [ 6.376672222222222, 43.389472222222224 ], [ 6.380886111111111, 43.389622222222222 ], [ 6.382755555555555, 43.388502777777781 ], [ 6.383988888888889, 43.387102777777777 ] ] ] } },
{ "type": "Feature", "properties": { "fir": "LFMM", "identifier": "LFMM:LE LUC GND-N:000-003", "name": "LE LUC GND-N", "level_lower": 0, "level_upper": 3 }, "geometry": { "type": "Polygon", "coordinates": [ [ [ 6.392058333333334, 43.386436111111109 ], [ 6.389091666666667, 43.384280555555556 ], [ 6.388752777777778, 43.384561111111111 ], [ 6.388741666666667, 43.385077777777781 ], [ 6.386919444444445, 43.385147222222223 ], [ 6.383988888888889, 43.387102777777777 ], [ 6.384591666666667, 43.388713888888887 ], [ 6.392058333333334, 43.386436111111109 ] ] ] } },
{ "type": "Feature", "properties": { "fir": "LFMM", "identifier": "LFMM:LE LUC GND-S:000-003", "name": "LE LUC GND-S", "level_lower": 0, "level_upper": 3 }, "geometry": { "type": "Polygon", "coordinates": [ [ [ 6.377277777777778, 43.383783333333334 ], [ 6.386552777777778, 43.383986111111113 ], [ 6.394319444444445, 43.379683333333332 ], [ 6.391761111111111, 43.377805555555554 ], [ 6.385225, 43.381705555555556 ], [ 6.377252777777778, 43.381688888888888 ], [ 6.377277777777778, 43.383783333333334 ] ] ] } },
{ "type": "Feature", "properties": { "fir": "LFMM", "identifier": "LFMM:LE VERSOUD CTR:000-008", "name": "LE VERSOUD CTR", "level_lower": 0, "level_upper": 8 }, "geometry": { "type": "Polygon", "coordinates": [ [ [ 5.843830555555555, 45.214175 ], [ 5.839658333333333, 45.216655555555562 ], [ 5.843888888888888, 45.219891666666669 ], [ 5.850438888888888, 45.222566666666665 ], [ 5.853080555555556, 45.220972222222223 ], [ 5.844841666666666, 45.214913888888894 ], [ 5.843830555555555, 45.214175 ] ] ] } },
{ "type": "Feature", "properties": { "fir": "LFMM", "identifier": "LFMM:LE VERSOUD GND:000-008", "name": "LE VERSOUD GND", "level_lower": 0, "level_upper": 8 }, "geometry": { "type": "Polygon", "coordinates": [ [ [ 5.844841666666666, 45.214913888888894 ], [ 5.853080555555556, 45.220972222222223 ], [ 5.855419444444444, 45.219619444444447 ], [ 5.846797222222222, 45.213647222222228 ], [ 5.844841666666666, 45.214913888888894 ] ] ] } },
{ "type": "Feature", "properties": { "fir": "LFMM", "identifier": "LFMM:LE VERSOUD RMZ:000-027", "name": "LE VERSOUD RMZ", "level_lower": 0, "level_upper": 27 }, "geometry": { "type": "Polygon", "coordinates": [ [ [ 5.878330555555556, 45.2625 ], [ 5.895830555555555, 45.24666666666667 ], [ 5.861941666666667, 45.215277777777779 ], [ 5.786111111111111, 45.174441666666667 ], [ 5.765555555555555, 45.193055555555553 ], [ 5.8325, 45.238055555555555 ], [ 5.878330555555556, 45.2625 ] ] ] } },
{ "type": "Feature", "properties": { "fir": "LFMM", "identifier": "LFMM:LE1 1 UAC:155-175", "name": "LE1 1 UAC", "level_lower": 155, "level_upper": 175 }, "geometry": { "type": "Polygon", "coordinates": [ [ [ 4.4, 46.5 ], [ 4.674722222222223, 46.5 ], [ 4.833333333333333, 46.5 ], [ 4.952777777777778, 46.5 ], [ 5.016666666666667, 46.5 ], [ 5.090552777777777, 46.5 ], [ 5.161666666666667, 46.5 ], [ 5.21865, 46.5 ], [ 5.407777777777778, 46.363333333333337 ], [ 5.576388888888888, 46.237222222222222 ], [ 5.570555555555555, 46.060277777777777 ], [ 5.570269444444444, 46.050627777777777 ], [ 5.572936111111111, 46.027138888888885 ], [ 5.580861111111111, 46.004238888888892 ], [ 5.593855555555555, 45.982488888888888 ], [ 5.600277777777777, 45.975277777777777 ], [ 5.611597222222222, 45.962425 ], [ 5.63365, 45.944536111111105 ], [ 5.659472222222223, 45.92926111111111 ], [ 5.662708333333334, 45.927961111111109 ], [ 5.581388888888888, 45.828888888888891 ], [ 5.554813888888889, 45.796663888888887 ], [ 5.701111111111111, 45.744722222222222 ], [ 5.976944444444444, 45.775277777777774 ], [ 6.096555555555555, 45.80640833333333 ], [ 6.132441666666666, 45.772211111111112 ], [ 6.230555555555556, 45.680277777777775 ], [ 6.259761111111112, 45.652891666666662 ], [ 6.333333333333333, 45.583333333333336 ], [ 6.339722222222222, 45.572222222222223 ], [ 6.363333333333333, 45.672222222222217 ], [ 6.390833333333334, 45.797222222222217 ], [ 6.513888888888889, 45.716666666666669 ], [ 6.835555555555556, 45.503611111111113 ], [ 7.110833333333333, 45.320555555555558 ], [ 7.137677777777778, 45.25555277777778 ], [ 7.073133333333333, 45.21155 ], [ 7.047727777777777, 45.225094444444444 ], [ 6.965330555555556, 45.209133333333334 ], [ 6.946791666666667, 45.169936111111106 ], [ 6.891861111111111, 45.167030555555556 ], [ 6.894605555555555, 45.137975 ], [ 6.8486, 45.12635 ], [ 6.767577777777777, 45.159283333333335 ], [ 6.739425, 45.137491666666669 ], [ 6.681744444444445, 45.139427777777776 ], [ 6.630936111111112, 45.10745277777778 ], [ 6.673505555555556, 45.020155555555554 ], [ 6.285, 44.365277777777777 ], [ 6.14, 44.538333333333334 ], [ 5.366111111111111, 44.538333333333334 ], [ 5.352222222222222, 44.666666666666664 ], [ 5.336388888888888, 44.87 ], [ 5.3, 45.333333333333336 ], [ 5.25, 45.5 ], [ 4.886111111111111, 45.948055555555555 ], [ 4.4, 46.5 ] ] ] } },
{ "type": "Feature", "properties": { "fir": "LFMM", "identifier": "LFMM:LE1 1 UAC:145-155", "name": "LE1 1 UAC", "level_lower": 145, "level_upper": 155 }, "geometry": { "type": "Polygon", "coordinates": [ [ [ 6.087777777777777, 45.620555555555555 ], [ 6.096555555555555, 45.80640833333333 ], [ 6.132441666666666, 45.772211111111112 ], [ 6.230555555555556, 45.680277777777775 ], [ 6.259761111111112, 45.652891666666662 ], [ 6.333333333333333, 45.583333333333336 ], [ 6.339722222222222, 45.572222222222223 ], [ 6.363333333333333, 45.672222222222217 ], [ 6.390833333333334, 45.797222222222217 ], [ 6.513888888888889, 45.716666666666669 ], [ 6.835555555555556, 45.503611111111113 ], [ 7.110833333333333, 45.320555555555558 ], [ 7.137677777777778, 45.25555277777778 ], [ 7.073133333333333, 45.21155 ], [ 7.047727777777777, 45.225094444444444 ], [ 6.965330555555556, 45.209133333333334 ], [ 6.946791666666667, 45.169936111111106 ], [ 6.891861111111111, 45.167030555555556 ], [ 6.894605555555555, 45.137975 ], [ 6.8486, 45.12635 ], [ 6.767577777777777, 45.159283333333335 ], [ 6.739425, 45.137491666666669 ], [ 6.681744444444445, 45.139427777777776 ], [ 6.630936111111112, 45.10745277777778 ], [ 6.673505555555556, 45.020155555555554 ], [ 6.285, 44.365277777777777 ], [ 6.14, 44.538333333333334 ], [ 5.366111111111111, 44.538333333333334 ], [ 5.352222222222222, 44.666666666666664 ], [ 5.336388888888888, 44.87 ], [ 5.3, 45.333333333333336 ], [ 5.25, 45.5 ], [ 4.886111111111111, 45.948055555555555 ], [ 4.4, 46.5 ], [ 4.674722222222223, 46.5 ], [ 4.833333333333333, 46.5 ], [ 4.952777777777778, 46.5 ], [ 5.016666666666667, 46.5 ], [ 5.090552777777777, 46.5 ], [ 5.161666666666667, 46.5 ], [ 5.21865, 46.5 ], [ 5.407777777777778, 46.363333333333337 ], [ 5.576388888888888, 46.237222222222222 ], [ 5.570555555555555, 46.060277777777777 ], [ 5.570269444444444, 46.050627777777777 ], [ 5.572936111111111, 46.027138888888885 ], [ 5.580861111111111, 46.004238888888892 ], [ 5.593855555555555, 45.982488888888888 ], [ 5.600277777777777, 45.975277777777777 ], [ 5.611597222222222, 45.962425 ], [ 5.63365, 45.944536111111105 ], [ 5.659472222222223, 45.92926111111111 ], [ 5.662708333333334, 45.927961111111109 ], [ 5.581388888888888, 45.828888888888891 ], [ 5.554813888888889, 45.796663888888887 ], [ 5.489444444444445, 45.716666666666669 ], [ 5.498055555555555, 45.685555555555553 ], [ 5.983333333333333, 45.632222222222225 ], [ 6.087777777777777, 45.620555555555555 ] ] ] } },
{ "type": "Feature", "properties": { "fir": "LFMM", "identifier": "LFMM:LE1 1-NW UAC QFU17:115-145", "name": "LE1 1-NW UAC QFU17", "level_lower": 115, "level_upper": 145 }, "geometry": { "type": "Polygon", "coordinates": [ [ [ 4.4, 46.5 ], [ 4.674722222222223, 46.5 ], [ 4.731111111111111, 46.307219444444442 ], [ 4.693058333333334, 46.250541666666663 ], [ 4.670830555555556, 46.218055555555559 ], [ 4.661388888888889, 46.203611111111115 ], [ 4.4, 46.5 ] ] ] } },
{ "type": "Feature", "properties": { "fir": "LFMM", "identifier": "LFMM:LE1 1-NW UAC QFU35:115-145", "name": "LE1 1-NW UAC QFU35", "level_lower": 115, "level_upper": 145 }, "geometry": { "type": "Polygon", "coordinates": [ [ [ 4.4, 46.5 ], [ 4.674722222222223, 46.5 ], [ 4.731111111111111, 46.307219444444442 ], [ 4.670830555555556, 46.218055555555559 ], [ 4.661388888888889, 46.203611111111115 ], [ 4.4, 46.5 ] ] ] } },
{ "type": "Feature", "properties": { "fir": "LFMM", "identifier": "LFMM:LE1 1-SE UAC:000-040", "name": "LE1 1-SE UAC", "level_lower": 0, "level_upper": 40 }, "geometry": { "type": "Polygon", "coordinates": [ [ [ 6.274222222222222, 45.873333333333335 ], [ 6.390833333333334, 45.797222222222217 ], [ 6.513888888888889, 45.716666666666669 ], [ 6.835555555555556, 45.503611111111113 ], [ 7.110833333333333, 45.320555555555558 ], [ 7.137677777777778, 45.25555277777778 ], [ 7.073133333333333, 45.21155 ], [ 7.047727777777777, 45.225094444444444 ], [ 6.965330555555556, 45.209133333333334 ], [ 6.946791666666667, 45.169936111111106 ], [ 6.891861111111111, 45.167030555555556 ], [ 6.894605555555555, 45.137975 ], [ 6.8486, 45.12635 ], [ 6.767577777777777, 45.159283333333335 ], [ 6.739425, 45.137491666666669 ], [ 6.681744444444445, 45.139427777777776 ], [ 6.630936111111112, 45.10745277777778 ], [ 6.673505555555556, 45.020155555555554 ], [ 6.285, 44.365277777777777 ], [ 6.14, 44.538333333333334 ], [ 5.366111111111111, 44.538333333333334 ], [ 5.352222222222222, 44.666666666666664 ], [ 5.336388888888888, 44.87 ], [ 5.328330555555556, 45.0 ], [ 5.521111111111111, 45.0 ], [ 5.890555555555555, 45.020555555555553 ], [ 6.0, 45.255277777777778 ], [ 6.075830555555555, 45.464441666666673 ], [ 6.087777777777777, 45.620555555555555 ], [ 6.096555555555555, 45.80640833333333 ], [ 6.163330555555556, 45.87638888888889 ], [ 6.204166666666667, 45.918888888888887 ], [ 6.274222222222222, 45.873333333333335 ] ] ] } },
{ "type": "Feature", "properties": { "fir": "LFMM", "identifier": "LFMM:LE1 1-SE UAC:040-125", "name": "LE1 1-SE UAC", "level_lower": 40, "level_upper": 125 }, "geometry": { "type": "Polygon", "coordinates": [ [ [ 6.087777777777777, 45.620555555555555 ], [ 6.096555555555555, 45.80640833333333 ], [ 6.101388888888889, 45.843888888888891 ], [ 6.129166666666666, 45.87361111111111 ], [ 6.183611111111111, 45.932222222222222 ], [ 6.204166666666667, 45.918888888888887 ], [ 6.274222222222222, 45.873333333333335 ], [ 6.390833333333334, 45.797222222222217 ], [ 6.513888888888889, 45.716666666666669 ], [ 6.835555555555556, 45.503611111111113 ], [ 7.110833333333333, 45.320555555555558 ], [ 7.137677777777778, 45.25555277777778 ], [ 7.073133333333333, 45.21155 ], [ 7.047727777777777, 45.225094444444444 ], [ 6.965330555555556, 45.209133333333334 ], [ 6.946791666666667, 45.169936111111106 ], [ 6.891861111111111, 45.167030555555556 ], [ 6.894605555555555, 45.137975 ], [ 6.8486, 45.12635 ], [ 6.767577777777777, 45.159283333333335 ], [ 6.739425, 45.137491666666669 ], [ 6.681744444444445, 45.139427777777776 ], [ 6.630936111111112, 45.10745277777778 ], [ 6.673505555555556, 45.020155555555554 ], [ 6.285, 44.365277777777777 ], [ 6.14, 44.538333333333334 ], [ 5.366111111111111, 44.538333333333334 ], [ 5.352222222222222, 44.666666666666664 ], [ 5.336388888888888, 44.87 ], [ 5.328330555555556, 45.0 ], [ 5.521111111111111, 45.0 ], [ 5.890555555555555, 45.020555555555553 ], [ 6.0, 45.255277777777778 ], [ 6.075830555555555, 45.464441666666673 ], [ 6.087777777777777, 45.620555555555555 ] ] ] } },
{ "type": "Feature", "properties": { "fir": "LFMM", "identifier": "LFMM:LE1 1-SE UAC:125-145", "name": "LE1 1-SE UAC", "level_lower": 125, "level_upper": 145 }, "geometry": { "type": "Polygon", "coordinates": [ [ [ 6.096555555555555, 45.80640833333333 ], [ 6.132441666666666, 45.772211111111112 ], [ 6.230555555555556, 45.680277777777775 ], [ 6.255277777777778, 45.708333333333336 ], [ 6.363333333333333, 45.672222222222217 ], [ 6.390833333333334, 45.797222222222217 ], [ 6.513888888888889, 45.716666666666669 ], [ 6.835555555555556, 45.503611111111113 ], [ 7.110833333333333, 45.320555555555558 ], [ 7.137677777777778, 45.25555277777778 ], [ 7.073133333333333, 45.21155 ], [ 7.047727777777777, 45.225094444444444 ], [ 6.965330555555556, 45.209133333333334 ], [ 6.946791666666667, 45.169936111111106 ], [ 6.891861111111111, 45.167030555555556 ], [ 6.894605555555555, 45.137975 ], [ 6.8486, 45.12635 ], [ 6.767577777777777, 45.159283333333335 ], [ 6.739425, 45.137491666666669 ], [ 6.681744444444445, 45.139427777777776 ], [ 6.630936111111112, 45.10745277777778 ], [ 6.673505555555556, 45.020155555555554 ], [ 6.285, 44.365277777777777 ], [ 6.14, 44.538333333333334 ], [ 5.366111111111111, 44.538333333333334 ], [ 5.352222222222222, 44.666666666666664 ], [ 5.336388888888888, 44.87 ], [ 5.328330555555556, 45.0 ], [ 5.521111111111111, 45.0 ], [ 5.890555555555555, 45.020555555555553 ], [ 6.0, 45.255277777777778 ], [ 6.075830555555555, 45.464441666666673 ], [ 6.087777777777777, 45.620555555555555 ], [ 6.096555555555555, 45.80640833333333 ] ] ] } },
{ "type": "Feature", "properties": { "fir": "LFMM", "identifier": "LFMM:LE1 2 UAC:175-195", "name": "LE1 2 UAC", "level_lower": 175, "level_upper": 195 }, "geometry": { "type": "Polygon", "coordinates": [ [ [ 4.4, 46.5 ], [ 4.674722222222223, 46.5 ], [ 4.833333333333333, 46.5 ], [ 4.952777777777778, 46.5 ], [ 5.016666666666667, 46.5 ], [ 5.090552777777777, 46.5 ], [ 5.161666666666667, 46.5 ], [ 5.21865, 46.5 ], [ 5.407777777777778, 46.363333333333337 ], [ 5.576388888888888, 46.237222222222222 ], [ 5.570555555555555, 46.060277777777777 ], [ 5.570269444444444, 46.050627777777777 ], [ 5.572936111111111, 46.027138888888885 ], [ 5.580861111111111, 46.004238888888892 ], [ 5.593855555555555, 45.982488888888888 ], [ 5.600277777777777, 45.975277777777777 ], [ 5.611597222222222, 45.962425 ], [ 5.63365, 45.944536111111105 ], [ 5.659472222222223, 45.92926111111111 ], [ 5.662708333333334, 45.927961111111109 ], [ 5.581388888888888, 45.828888888888891 ], [ 5.554813888888889, 45.796663888888887 ], [ 5.701111111111111, 45.744722222222222 ], [ 5.976944444444444, 45.775277777777774 ], [ 6.096555555555555, 45.80640833333333 ], [ 6.132441666666666, 45.772211111111112 ], [ 6.230555555555556, 45.680277777777775 ], [ 6.259761111111112, 45.652891666666662 ], [ 6.333333333333333, 45.583333333333336 ], [ 6.339722222222222, 45.572222222222223 ], [ 6.399172222222223, 45.465811111111115 ], [ 6.746861111111111, 45.457166666666673 ], [ 6.835555555555556, 45.503611111111113 ], [ 7.110833333333333, 45.320555555555558 ], [ 7.137677777777778, 45.25555277777778 ], [ 7.073133333333333, 45.21155 ], [ 7.047727777777777, 45.225094444444444 ], [ 6.965330555555556, 45.209133333333334 ], [ 6.946791666666667, 45.169936111111106 ], [ 6.891861111111111, 45.167030555555556 ], [ 6.894605555555555, 45.137975 ], [ 6.8486, 45.12635 ], [ 6.767577777777777, 45.159283333333335 ], [ 6.739425, 45.137491666666669 ], [ 6.681744444444445, 45.139427777777776 ], [ 6.630936111111112, 45.10745277777778 ], [ 6.673505555555556, 45.020155555555554 ], [ 6.285, 44.365277777777777 ], [ 6.14, 44.538333333333334 ], [ 5.366111111111111, 44.538333333333334 ], [ 5.352222222222222, 44.666666666666664 ], [ 5.336388888888888, 44.87 ], [ 5.3, 45.333333333333336 ], [ 5.25, 45.5 ], [ 4.886111111111111, 45.948055555555555 ], [ 4.4, 46.5 ] ] ] } },
{ "type": "Feature", "properties": { "fir": "LFMM", "identifier": "LFMM:LE2 UAC-04:195-245", "name": "LE2 UAC-04", "level_lower": 195, "level_upper": 245 }, "geometry": { "type": "Polygon", "coordinates": [ [ [ 4.599997222222222, 46.274997222222218 ], [ 5.133333333333334, 46.233333333333334 ], [ 5.7, 46.116666666666667 ], [ 5.919744444444444, 46.220222222222226 ], [ 6.022222222222222, 46.154444444444444 ], [ 6.164544444444445, 46.062511111111107 ], [ 6.260647222222222, 45.950411111111116 ], [ 6.158611111111111, 45.836111111111116 ], [ 6.132441666666666, 45.772211111111112 ], [ 6.230555555555556, 45.680277777777775 ], [ 6.259761111111112, 45.652891666666662 ], [ 6.333333333333333, 45.583333333333336 ], [ 6.339722222222222, 45.572222222222223 ], [ 6.399172222222223, 45.465811111111115 ], [ 6.662497222222223, 44.990277777777777 ], [ 6.285, 44.365277777777777 ], [ 6.14, 44.538333333333334 ], [ 5.772777777777778, 44.972777777777779 ], [ 5.495555555555556, 44.987777777777779 ], [ 5.310833333333333, 45.196388888888883 ], [ 5.3, 45.333333333333336 ], [ 5.25, 45.5 ], [ 4.886111111111111, 45.948055555555555 ], [ 4.599997222222222, 46.274997222222218 ] ] ] } },
{ "type": "Feature", "properties": { "fir": "LFMM", "identifier": "LFMM:LE2 UAC-22:195-245", "name": "LE2 UAC-22", "level_lower": 195, "level_upper": 245 }, "geometry": { "type": "Polygon", "coordinates": [ [ [ 4.599997222222222, 46.274997222222218 ], [ 5.133333333333334, 46.233333333333334 ], [ 5.7, 46.116666666666667 ], [ 5.826938888888889, 46.020352777777774 ], [ 6.05, 45.85 ], [ 6.096555555555555, 45.80640833333333 ], [ 6.132441666666666, 45.772211111111112 ], [ 6.230555555555556, 45.680277777777775 ], [ 6.259761111111112, 45.652891666666662 ], [ 6.333333333333333, 45.583333333333336 ], [ 6.339722222222222, 45.572222222222223 ], [ 6.399172222222223, 45.465811111111115 ], [ 6.662497222222223, 44.990277777777777 ], [ 6.285, 44.365277777777777 ], [ 6.14, 44.538333333333334 ], [ 5.772777777777778, 44.972777777777779 ], [ 5.495555555555556, 44.987777777777779 ], [ 5.310833333333333, 45.196388888888883 ], [ 5.3, 45.333333333333336 ], [ 5.25, 45.5 ], [ 4.886111111111111, 45.948055555555555 ], [ 4.599997222222222, 46.274997222222218 ] ] ] } },
{ "type": "Feature", "properties": { "fir": "LFMM", "identifier": "LFMM:LO1 UAC:115-145", "name": "LO1 UAC", "level_lower": 115, "level_upper": 145 }, "geometry": { "type": "Polygon", "coordinates": [ [ [ 4.4, 46.5 ], [ 4.661388888888889, 46.203611111111115 ], [ 4.203611111111111, 46.086111111111116 ], [ 4.290277777777778, 45.923888888888889 ], [ 4.310555555555555, 45.884719444444443 ], [ 3.915, 45.938608333333327 ], [ 3.898055555555556, 45.969441666666668 ], [ 3.853888888888889, 46.05 ], [ 3.683330555555556, 46.104441666666666 ], [ 3.633330555555556, 46.2 ], [ 3.633330555555556, 46.30833055555555 ], [ 3.616666666666667, 46.5 ], [ 4.4, 46.5 ] ] ] } },
{ "type": "Feature", "properties": { "fir": "LFMM", "identifier": "LFMM:LO1 UAC:145-195", "name": "LO1 UAC", "level_lower": 145, "level_upper": 195 }, "geometry": { "type": "Polygon", "coordinates": [ [ [ 4.4, 46.5 ], [ 4.886111111111111, 45.948055555555555 ], [ 4.653611111111111, 45.853611111111114 ], [ 4.310555555555555, 45.884722222222223 ], [ 3.798888888888889, 45.954166666666673 ], [ 3.620833333333334, 45.899166666666666 ], [ 3.021111111111111, 45.223333333333336 ], [ 3.004444444444444, 45.7125 ], [ 2.916666666666667, 46.333333333333336 ], [ 3.266666666666667, 46.5 ], [ 3.616666666666667, 46.5 ], [ 4.4, 46.5 ] ] ] } },
{ "type": "Feature", "properties": { "fir": "LFMM", "identifier": "LFMM:LO2 UAC:195-245", "name": "LO2 UAC", "level_lower": 195, "level_upper": 245 }, "geometry": { "type": "Polygon", "coordinates": [ [ [ 4.886111111111111, 45.948055555555555 ], [ 4.653611111111111, 45.853611111111114 ], [ 4.310555555555555, 45.884722222222223 ], [ 3.798888888888889, 45.954166666666673 ], [ 3.620830555555556, 45.899166666666666 ], [ 3.369722222222222, 46.524163888888886 ], [ 3.5, 46.56666666666667 ], [ 3.683333333333334, 46.283333333333331 ], [ 4.05, 46.283333333333331 ], [ 4.5, 46.283333333333331 ], [ 4.599997222222222, 46.274997222222218 ], [ 4.886111111111111, 45.948055555555555 ] ] ] } },
{ "type": "Feature", "properties": { "fir": "LFMM", "identifier": "LFMM:LS1 UAC:145-195", "name": "LS1 UAC", "level_lower": 145, "level_upper": 195 }, "geometry": { "type": "Polygon", "coordinates": [ [ [ 3.021111111111111, 45.223333333333336 ], [ 3.620833333333334, 45.899166666666666 ], [ 3.798888888888889, 45.954166666666673 ], [ 4.310555555555555, 45.884722222222223 ], [ 4.653611111111111, 45.853611111111114 ], [ 4.886111111111111, 45.948055555555555 ], [ 5.25, 45.5 ], [ 5.3, 45.333333333333336 ], [ 5.336388888888888, 44.87 ], [ 5.352222222222222, 44.666666666666664 ], [ 3.701666666666667, 44.666666666666664 ], [ 3.577777777777778, 44.25 ], [ 2.904166666666667, 44.249444444444443 ], [ 3.041111111111111, 44.624722222222225 ], [ 3.040277777777778, 44.650555555555556 ], [ 3.021111111111111, 45.223333333333336 ] ] ] } },
{ "type": "Feature", "properties": { "fir": "LFMM", "identifier": "LFMM:LS1 UAC:000-145", "name": "LS1 UAC", "level_lower": 0, "level_upper": 145 }, "geometry": { "type": "Polygon", "coordinates": [ [ [ 5.19173888888889, 44.850716666666671 ], [ 5.328330555555556, 45.0 ], [ 5.336388888888888, 44.87 ], [ 5.352222222222222, 44.666666666666664 ], [ 5.023330555555556, 44.666666666666664 ], [ 5.19173888888889, 44.850716666666671 ] ] ] } },
{ "type": "Feature", "properties": { "fir": "LFMM", "identifier": "LFMM:LS2 UAC:195-245", "name": "LS2 UAC", "level_lower": 195, "level_upper": 245 }, "geometry": { "type": "Polygon", "coordinates": [ [ [ 3.620830555555556, 45.899166666666666 ], [ 3.798888888888889, 45.954166666666673 ], [ 4.310555555555555, 45.884722222222223 ], [ 4.653611111111111, 45.853611111111114 ], [ 4.886111111111111, 45.948055555555555 ], [ 5.25, 45.5 ], [ 5.3, 45.333333333333336 ], [ 5.310833333333333, 45.196388888888883 ], [ 4.858888888888888, 45.207222222222228 ], [ 4.491663888888889, 45.358333333333334 ], [ 4.229444444444445, 45.68944444444444 ], [ 3.668886111111111, 45.777777777777779 ], [ 3.620830555555556, 45.899166666666666 ] ] ] } },
{ "type": "Feature", "properties": { "fir": "LFMM", "identifier": "LFMM:LYON ITM GRE:000-065", "name": "LYON ITM GRE", "level_lower": 0, "level_upper": 65 }, "geometry": { "type": "Polygon", "coordinates": [ [ [ 4.707961111111111, 45.435952777777771 ], [ 5.130277777777778, 45.461 ], [ 5.175561111111112, 45.484813888888887 ], [ 5.419719444444445, 45.553055555555552 ], [ 5.544441666666667, 45.52 ], [ 5.61888888888889, 45.449166666666663 ], [ 5.61888888888889, 45.396666666666668 ], [ 5.61888888888889, 45.356111111111112 ], [ 5.61888888888889, 45.338611111111113 ], [ 5.61888888888889, 45.311388888888885 ], [ 5.600277777777777, 45.287777777777777 ], [ 5.555830555555556, 45.269166666666663 ], [ 5.435, 45.246388888888887 ], [ 5.133888888888889, 45.18611111111111 ], [ 4.886388888888888, 45.213888888888889 ], [ 4.886388888888888, 45.280830555555553 ], [ 4.766666666666667, 45.280830555555553 ], [ 4.707961111111111, 45.435952777777771 ] ] ] } },
{ "type": "Feature", "properties": { "fir": "LFMM", "identifier": "LFMM:LYON ITM QFU17:000-075", "name": "LYON ITM QFU17", "level_lower": 0, "level_upper": 75 }, "geometry": { "type": "Polygon", "coordinates": [ [ [ 4.681086111111111, 45.748288888888887 ], [ 4.646125, 45.869188888888893 ], [ 4.755672222222223, 46.028005555555552 ], [ 4.766969444444444, 46.125947222222223 ], [ 4.868877777777779, 46.216322222222225 ], [ 5.161152777777778, 46.231275 ], [ 5.2419, 46.174836111111105 ], [ 5.248638888888889, 46.060455555555549 ], [ 5.257891666666667, 45.969383333333333 ], [ 5.436986111111112, 45.904275 ], [ 5.450555555555556, 45.856111111111112 ], [ 5.464597222222222, 45.806480555555552 ], [ 5.281561111111111, 45.786683333333329 ], [ 5.2, 45.837777777777781 ], [ 5.153611111111111, 45.854166666666671 ], [ 4.989286111111111, 45.851233333333333 ], [ 4.961052777777778, 45.845869444444446 ], [ 4.8547, 45.817472222222229 ], [ 4.835944444444444, 45.763713888888887 ], [ 4.681086111111111, 45.748288888888887 ] ] ] } },
{ "type": "Feature", "properties": { "fir": "LFMM", "identifier": "LFMM:LYON ITM QFU35:000-075", "name": "LYON ITM QFU35", "level_lower": 0, "level_upper": 75 }, "geometry": { "type": "Polygon", "coordinates": [ [ [ 5.292883333333333, 45.741094444444443 ], [ 5.436961111111112, 45.716666666666669 ], [ 5.407116666666667, 45.415505555555555 ], [ 5.357719444444444, 45.279166666666669 ], [ 5.102777777777778, 45.279166666666669 ], [ 4.949166666666667, 45.280636111111107 ], [ 4.883330555555556, 45.38388888888889 ], [ 4.711419444444445, 45.665627777777779 ], [ 4.848294444444444, 45.70445 ], [ 4.903836111111112, 45.59558611111111 ], [ 4.952675, 45.59513888888889 ], [ 5.049222222222222, 45.598797222222224 ], [ 5.144686111111112, 45.599422222222223 ], [ 5.233630555555556, 45.634508333333336 ], [ 5.285677777777778, 45.655558333333332 ], [ 5.292883333333333, 45.741094444444443 ] ] ] } },
{ "type": "Feature", "properties": { "fir": "LFMM", "identifier": "LFMM:LYON ITM VAL:035-065", "name": "LYON ITM VAL", "level_lower": 35, "level_upper": 65 }, "geometry": { "type": "Polygon", "coordinates": [ [ [ 4.714719444444444, 44.924166666666665 ], [ 4.886388888888888, 45.213888888888889 ], [ 5.133888888888889, 45.18611111111111 ], [ 5.133888888888889, 45.066941666666672 ], [ 5.006111111111111, 44.801111111111105 ], [ 4.961111111111111, 44.666666666666664 ], [ 4.851388888888889, 44.666666666666664 ], [ 4.745, 44.668611111111112 ], [ 4.714719444444444, 44.924166666666665 ] ] ] } },
{ "type": "Feature", "properties": { "fir": "LFMM", "identifier": "LFMM:LYON LB1:040-060", "name": "LYON LB1", "level_lower": 40, "level_upper": 60 }, "geometry": { "type": "Polygon", "coordinates": [ [ [ 5.600277777777777, 45.975277777777777 ], [ 5.611597222222222, 45.962425 ], [ 5.63365, 45.944536111111105 ], [ 5.659472222222223, 45.92926111111111 ], [ 5.662708333333334, 45.927961111111109 ], [ 5.688425, 45.916977777777774 ], [ 5.719794444444444, 45.907980555555554 ], [ 5.752813888888888, 45.902494444444443 ], [ 5.758055555555556, 45.901944444444446 ], [ 5.786666666666666, 45.90065 ], [ 5.820516666666666, 45.902494444444443 ], [ 5.853536111111111, 45.907980555555554 ], [ 5.884905555555555, 45.916977777777774 ], [ 5.910833333333334, 45.928055555555552 ], [ 5.918055555555556, 45.9325 ], [ 6.159166666666667, 46.048888888888889 ], [ 6.242222222222222, 45.985 ], [ 6.256666666666667, 45.973611111111111 ], [ 6.204166666666667, 45.918888888888887 ], [ 6.183611111111111, 45.932222222222222 ], [ 6.129166666666666, 45.87361111111111 ], [ 6.101388888888889, 45.843888888888891 ], [ 6.096555555555555, 45.80640833333333 ], [ 6.087777777777777, 45.620555555555555 ], [ 6.075830555555555, 45.464441666666673 ], [ 5.788888888888889, 45.438330555555552 ], [ 5.725830555555556, 45.451111111111111 ], [ 5.717777777777778, 45.490277777777777 ], [ 5.528055555555556, 45.581666666666671 ], [ 5.498055555555555, 45.685555555555553 ], [ 5.489444444444445, 45.716666666666669 ], [ 5.450555555555556, 45.856111111111112 ], [ 5.485555555555556, 45.916666666666664 ], [ 5.600277777777777, 45.975277777777777 ] ] ] } },
{ "type": "Feature", "properties": { "fir": "LFMM", "identifier": "LFMM:LYON LB1:018-035", "name": "LYON LB1", "level_lower": 18, "level_upper": 35 }, "geometry": { "type": "Polygon", "coordinates": [ [ [ 5.833330555555555, 45.5375 ], [ 5.833330555555555, 45.529166666666669 ], [ 5.805555555555555, 45.50277777777778 ], [ 5.788888888888889, 45.50277777777778 ], [ 5.816666666666666, 45.533330555555551 ], [ 5.816666666666666, 45.601388888888891 ], [ 5.833330555555555, 45.601388888888891 ], [ 5.833330555555555, 45.5375 ] ] ] } },
{ "type": "Feature", "properties": { "fir": "LFMM", "identifier": "LFMM:LYON LB1:060-095", "name": "LYON LB1", "level_lower": 60, "level_upper": 95 }, "geometry": { "type": "Polygon", "coordinates": [ [ [ 5.600277777777777, 45.975277777777777 ], [ 5.611597222222222, 45.962425 ], [ 5.63365, 45.944536111111105 ], [ 5.659472222222223, 45.92926111111111 ], [ 5.662708333333334, 45.927961111111109 ], [ 5.688425, 45.916977777777774 ], [ 5.719794444444444, 45.907980555555554 ], [ 5.752813888888888, 45.902494444444443 ], [ 5.758055555555556, 45.901944444444446 ], [ 5.786666666666666, 45.90065 ], [ 5.820516666666666, 45.902494444444443 ], [ 5.853536111111111, 45.907980555555554 ], [ 5.884905555555555, 45.916977777777774 ], [ 5.910833333333334, 45.928055555555552 ], [ 5.918055555555556, 45.9325 ], [ 6.159166666666667, 46.048888888888889 ], [ 6.238333333333333, 45.987777777777779 ], [ 6.242222222222222, 45.985 ], [ 6.256666666666667, 45.973611111111111 ], [ 6.204166666666667, 45.918888888888887 ], [ 6.163330555555556, 45.87638888888889 ], [ 6.096555555555555, 45.80640833333333 ], [ 6.087777777777777, 45.620555555555555 ], [ 6.075830555555555, 45.464441666666673 ], [ 5.788888888888889, 45.438330555555552 ], [ 5.725830555555556, 45.451111111111111 ], [ 5.717777777777778, 45.490277777777777 ], [ 5.528055555555556, 45.581666666666671 ], [ 5.498055555555555, 45.685555555555553 ], [ 5.489444444444445, 45.716666666666669 ], [ 5.450555555555556, 45.856111111111112 ], [ 5.485555555555556, 45.916666666666664 ], [ 5.600277777777777, 45.975277777777777 ] ] ] } },
{ "type": "Feature", "properties": { "fir": "LFMM", "identifier": "LFMM:LYON LB1:035-040", "name": "LYON LB1", "level_lower": 35, "level_upper": 40 }, "geometry": { "type": "Polygon", "coordinates": [ [ [ 5.833330555555555, 45.601388888888891 ], [ 5.833330555555555, 45.751111111111108 ], [ 5.833330555555555, 45.777219444444441 ], [ 5.870555555555556, 45.777219444444441 ], [ 5.886111111111111, 45.75138888888889 ], [ 5.923611111111112, 45.751666666666665 ], [ 5.934166666666667, 45.607777777777777 ], [ 5.945555555555556, 45.607777777777777 ], [ 5.949166666666667, 45.559441666666665 ], [ 5.93, 45.538330555555554 ], [ 5.833330555555555, 45.5375 ], [ 5.833330555555555, 45.529166666666669 ], [ 5.805555555555555, 45.50277777777778 ], [ 5.788888888888889, 45.50277777777778 ], [ 5.816666666666666, 45.533330555555551 ], [ 5.816666666666666, 45.601388888888891 ], [ 5.833330555555555, 45.601388888888891 ] ] ] } },
{ "type": "Feature", "properties": { "fir": "LFMM", "identifier": "LFMM:LYON LB1-E:000-040", "name": "LYON LB1-E", "level_lower": 0, "level_upper": 40 }, "geometry": { "type": "Polygon", "coordinates": [ [ [ 5.820516666666666, 45.902494444444443 ], [ 5.853536111111111, 45.907980555555554 ], [ 5.884905555555555, 45.916977777777774 ], [ 5.910833333333334, 45.928055555555552 ], [ 5.918055555555556, 45.9325 ], [ 5.917416666666667, 45.931261111111105 ], [ 5.917425, 45.930602777777779 ], [ 5.917386111111111, 45.928711111111106 ], [ 5.917386111111111, 45.926816666666667 ], [ 5.917430555555556, 45.924922222222222 ], [ 5.917516666666667, 45.923027777777776 ], [ 5.917641666666667, 45.92113611111111 ], [ 5.917811111111112, 45.919244444444445 ], [ 5.918022222222223, 45.917355555555552 ], [ 5.918275, 45.91546944444444 ], [ 5.918566666666667, 45.913588888888889 ], [ 5.918902777777778, 45.91170833333333 ], [ 5.919277777777778, 45.909830555555551 ], [ 5.919697222222222, 45.907961111111106 ], [ 5.920155555555556, 45.906091666666669 ], [ 5.920655555555556, 45.904230555555557 ], [ 5.9212, 45.902375 ], [ 5.921780555555556, 45.900525 ], [ 5.922402777777778, 45.898680555555558 ], [ 5.923066666666667, 45.896844444444447 ], [ 5.923772222222222, 45.89501388888889 ], [ 5.924516666666667, 45.893191666666667 ], [ 5.9253, 45.891377777777777 ], [ 5.926125, 45.88957222222222 ], [ 5.926988888888889, 45.887777777777778 ], [ 5.927891666666667, 45.885988888888889 ], [ 5.928836111111111, 45.884213888888887 ], [ 5.929816666666667, 45.882444444444445 ], [ 5.930836111111112, 45.880688888888891 ], [ 5.931894444444445, 45.878944444444443 ], [ 5.932994444444445, 45.877211111111109 ], [ 5.934127777777778, 45.875491666666669 ], [ 5.935302777777778, 45.873780555555555 ], [ 5.936513888888889, 45.872086111111109 ], [ 5.937761111111111, 45.870402777777777 ], [ 5.939044444444445, 45.868733333333331 ], [ 5.940366666666667, 45.86707777777778 ], [ 5.941725, 45.865436111111116 ], [ 5.943119444444445, 45.863808333333331 ], [ 5.94455, 45.862197222222221 ], [ 5.946013888888889, 45.8606 ], [ 5.947513888888889, 45.859019444444449 ], [ 5.949047222222222, 45.857455555555561 ], [ 5.950616666666667, 45.855908333333332 ], [ 5.952216666666667, 45.854377777777778 ], [ 5.953852777777778, 45.852863888888891 ], [ 5.955522222222222, 45.851369444444444 ], [ 5.957225, 45.849891666666672 ], [ 5.958958333333333, 45.848433333333332 ], [ 5.960725, 45.846991666666668 ], [ 5.962522222222223, 45.845569444444443 ], [ 5.96435, 45.844169444444447 ], [ 5.966208333333333, 45.842786111111117 ], [ 5.9681, 45.841425 ], [ 5.970016666666667, 45.840080555555559 ], [ 5.971966666666667, 45.838761111111111 ], [ 5.973941666666667, 45.837461111111111 ], [ 5.975947222222223, 45.836180555555558 ], [ 5.977980555555556, 45.834922222222225 ], [ 5.980041666666667, 45.833688888888894 ], [ 5.982127777777777, 45.832475 ], [ 5.984241666666667, 45.831283333333339 ], [ 5.986383333333333, 45.830113888888896 ], [ 5.98855, 45.828969444444446 ], [ 5.990738888888889, 45.827847222222225 ], [ 5.992952777777778, 45.82675 ], [ 5.995191666666667, 45.825675 ], [ 5.997452777777778, 45.824625 ], [ 5.999738888888889, 45.823597222222226 ], [ 6.002044444444445, 45.822594444444448 ], [ 6.004375, 45.821616666666671 ], [ 6.006725, 45.820666666666668 ], [ 6.009094444444444, 45.819738888888892 ], [ 6.011486111111111, 45.818838888888891 ], [ 6.013894444444444, 45.817961111111117 ], [ 6.016325, 45.817111111111117 ], [ 6.018769444444445, 45.816288888888884 ], [ 6.021236111111111, 45.815491666666667 ], [ 6.023716666666666, 45.814719444444442 ], [ 6.026216666666667, 45.813975 ], [ 6.028733333333333, 45.81325555555555 ], [ 6.031263888888889, 45.812566666666662 ], [ 6.033808333333333, 45.811902777777775 ], [ 6.036366666666667, 45.811266666666661 ], [ 6.038941666666666, 45.810658333333329 ], [ 6.041666666666667, 45.81 ], [ 6.242222222222222, 45.985 ], [ 6.256666666666667, 45.973611111111111 ], [ 6.204166666666667, 45.918888888888887 ], [ 6.163330555555556, 45.87638888888889 ], [ 6.096555555555555, 45.80640833333333 ], [ 6.087777777777777, 45.620555555555555 ], [ 6.075830555555555, 45.464441666666673 ], [ 5.788888888888889, 45.438330555555552 ], [ 5.725830555555556, 45.451111111111111 ], [ 5.717777777777778, 45.490277777777777 ], [ 5.788888888888889, 45.50277777777778 ], [ 5.805555555555555, 45.50277777777778 ], [ 5.833330555555555, 45.529166666666669 ], [ 5.833330555555555, 45.5375 ], [ 5.93, 45.538330555555554 ], [ 5.949166666666667, 45.559441666666665 ], [ 5.945555555555556, 45.607777777777777 ], [ 5.934166666666667, 45.607777777777777 ], [ 5.923611111111112, 45.751666666666665 ], [ 5.886111111111111, 45.75138888888889 ], [ 5.870555555555556, 45.777219444444441 ], [ 5.833330555555555, 45.777219444444441 ], [ 5.820516666666666, 45.902494444444443 ] ] ] } },
{ "type": "Feature", "properties": { "fir": "LFMM", "identifier": "LFMM:LYON LB1-W:000-040", "name": "LYON LB1-W", "level_lower": 0, "level_upper": 40 }, "geometry": { "type": "Polygon", "coordinates": [ [ [ 5.820516666666666, 45.902494444444443 ], [ 5.833330555555555, 45.777219444444441 ], [ 5.833330555555555, 45.751111111111108 ], [ 5.833330555555555, 45.601388888888891 ], [ 5.816666666666666, 45.601388888888891 ], [ 5.816666666666666, 45.533330555555551 ], [ 5.788888888888889, 45.50277777777778 ], [ 5.717777777777778, 45.490277777777777 ], [ 5.528055555555556, 45.581666666666671 ], [ 5.498055555555555, 45.685555555555553 ], [ 5.489444444444445, 45.716666666666669 ], [ 5.450555555555556, 45.856111111111112 ], [ 5.485555555555556, 45.916666666666664 ], [ 5.600277777777777, 45.975277777777777 ], [ 5.611597222222222, 45.962425 ], [ 5.63365, 45.944536111111105 ], [ 5.659472222222223, 45.92926111111111 ], [ 5.662708333333334, 45.927961111111109 ], [ 5.688425, 45.916977777777774 ], [ 5.719794444444444, 45.907980555555554 ], [ 5.752813888888888, 45.902494444444443 ], [ 5.758055555555556, 45.901944444444446 ], [ 5.786666666666666, 45.90065 ], [ 5.820516666666666, 45.902494444444443 ] ] ] } },
{ "type": "Feature", "properties": { "fir": "LFMM", "identifier": "LFMM:LYON LB2:095-115", "name": "LYON LB2", "level_lower": 95, "level_upper": 115 }, "geometry": { "type": "Polygon", "coordinates": [ [ [ 5.581388888888888, 45.828888888888891 ], [ 6.129166666666666, 45.87361111111111 ], [ 6.101388888888889, 45.843888888888891 ], [ 6.096555555555555, 45.80640833333333 ], [ 6.087777777777777, 45.620555555555555 ], [ 5.983333333333333, 45.632222222222225 ], [ 5.498055555555555, 45.685555555555553 ], [ 5.489444444444445, 45.716666666666669 ], [ 5.554813888888889, 45.796663888888887 ], [ 5.581388888888888, 45.828888888888891 ] ] ] } },
{ "type": "Feature", "properties": { "fir": "LFMM", "identifier": "LFMM:LYON VE1:027-035", "name": "LYON VE1", "level_lower": 27, "level_upper": 35 }, "geometry": { "type": "Polygon", "coordinates": [ [ [ 5.765555555555555, 45.193055555555553 ], [ 5.8325, 45.238055555555555 ], [ 5.878330555555556, 45.2625 ], [ 5.895830555555555, 45.24666666666667 ], [ 5.861941666666667, 45.215277777777779 ], [ 5.786111111111111, 45.174441666666667 ], [ 5.765555555555555, 45.193055555555553 ] ] ] } },
{ "type": "Feature", "properties": { "fir": "LFMM", "identifier": "LFMM:LYON VE1 QFU17:035-145", "name": "LYON VE1 QFU17", "level_lower": 35, "level_upper": 145 }, "geometry": { "type": "Polygon", "coordinates": [ [ [ 4.674722222222223, 46.5 ], [ 4.833333333333333, 46.5 ], [ 4.952777777777778, 46.5 ], [ 5.016666666666667, 46.5 ], [ 5.090552777777777, 46.5 ], [ 5.161666666666667, 46.5 ], [ 5.21865, 46.5 ], [ 5.586111111111111, 46.5 ], [ 5.606111111111111, 46.477222222222224 ], [ 5.407777777777778, 46.363333333333337 ], [ 5.576388888888888, 46.237222222222222 ], [ 5.570555555555555, 46.060277777777777 ], [ 5.570269444444444, 46.050627777777777 ], [ 5.572936111111111, 46.027138888888885 ], [ 5.580861111111111, 46.004238888888892 ], [ 5.593855555555555, 45.982488888888888 ], [ 5.600277777777777, 45.975277777777777 ], [ 5.485555555555556, 45.916666666666664 ], [ 5.450555555555556, 45.856111111111112 ], [ 5.489444444444445, 45.716666666666669 ], [ 5.498055555555555, 45.685555555555553 ], [ 5.528055555555556, 45.581666666666671 ], [ 5.717777777777778, 45.490277777777777 ], [ 5.725830555555556, 45.451111111111111 ], [ 5.788888888888889, 45.438330555555552 ], [ 6.075830555555555, 45.464441666666673 ], [ 6.0, 45.255277777777778 ], [ 5.890555555555555, 45.020555555555553 ], [ 5.521111111111111, 45.0 ], [ 5.328330555555556, 45.0 ], [ 5.19173888888889, 44.850716666666671 ], [ 5.184566666666667, 45.279166666666669 ], [ 5.181941666666667, 45.440555555555555 ], [ 5.112202777777777, 45.554927777777777 ], [ 5.090555555555556, 45.745555555555555 ], [ 5.090580555555555, 45.82865 ], [ 5.027061111111111, 45.895827777777775 ], [ 4.693058333333334, 46.250541666666663 ], [ 4.731111111111111, 46.307219444444442 ], [ 4.674722222222223, 46.5 ] ] ] } },
{ "type": "Feature", "properties": { "fir": "LFMM", "identifier": "LFMM:LYON VE1 QFU17:025-035", "name": "LYON VE1 QFU17", "level_lower": 25, "level_upper": 35 }, "geometry": { "type": "Polygon", "coordinates": [ [ [ 5.030994444444445, 45.896608333333333 ], [ 5.034947222222222, 45.897338888888889 ], [ 5.038919444444445, 45.898019444444444 ], [ 5.042908333333333, 45.89865 ], [ 5.046913888888889, 45.899227777777774 ], [ 5.050933333333333, 45.899755555555558 ], [ 5.054966666666666, 45.900233333333333 ], [ 5.059011111111111, 45.900658333333332 ], [ 5.063066666666667, 45.901033333333331 ], [ 5.067130555555555, 45.901355555555554 ], [ 5.071202777777778, 45.901627777777776 ], [ 5.075280555555556, 45.901847222222223 ], [ 5.079366666666666, 45.902016666666668 ], [ 5.083452777777778, 45.902133333333332 ], [ 5.087544444444444, 45.90219722222222 ], [ 5.091636111111111, 45.902211111111107 ], [ 5.095725, 45.902169444444446 ], [ 5.099813888888889, 45.902077777777777 ], [ 5.1039, 45.901936111111112 ], [ 5.107980555555555, 45.901741666666666 ], [ 5.109813888888889, 45.901641666666663 ], [ 5.112055555555555, 45.901494444444445 ], [ 5.116125, 45.901197222222223 ], [ 5.120186111111111, 45.900847222222218 ], [ 5.12423611111111, 45.900447222222219 ], [ 5.128275, 45.899994444444445 ], [ 5.1323, 45.89949166666667 ], [ 5.136313888888889, 45.898936111111112 ], [ 5.140311111111112, 45.898330555555553 ], [ 5.144291666666667, 45.897675 ], [ 5.148252777777778, 45.896969444444444 ], [ 5.148055555555556, 45.896941666666663 ], [ 5.153611111111111, 45.854166666666671 ], [ 5.2, 45.837777777777781 ], [ 5.241666666666667, 45.58583055555556 ], [ 5.241816666666667, 45.586197222222225 ], [ 5.2394, 45.585091666666671 ], [ 5.236966666666667, 45.584002777777783 ], [ 5.234516666666667, 45.582930555555556 ], [ 5.232052777777778, 45.581877777777784 ], [ 5.229572222222222, 45.580844444444445 ], [ 5.227077777777778, 45.57982777777778 ], [ 5.224563888888889, 45.578830555555562 ], [ 5.222038888888889, 45.57785 ], [ 5.2195, 45.576891666666668 ], [ 5.216944444444445, 45.57595 ], [ 5.214375, 45.575027777777784 ], [ 5.211791666666667, 45.574122222222229 ], [ 5.209197222222222, 45.573238888888895 ], [ 5.206588888888889, 45.572372222222228 ], [ 5.203966666666667, 45.571527777777781 ], [ 5.201330555555556, 45.5707 ], [ 5.198686111111112, 45.56989166666667 ], [ 5.196025, 45.569105555555559 ], [ 5.193355555555556, 45.568338888888896 ], [ 5.190675, 45.567588888888892 ], [ 5.187980555555556, 45.566861111111116 ], [ 5.185277777777778, 45.566152777777774 ], [ 5.182563888888889, 45.565463888888885 ], [ 5.179838888888889, 45.564794444444445 ], [ 5.177105555555556, 45.564147222222218 ], [ 5.174361111111112, 45.563519444444445 ], [ 5.171608333333333, 45.562911111111106 ], [ 5.168844444444445, 45.562325 ], [ 5.166075, 45.56175555555555 ], [ 5.163297222222223, 45.561211111111106 ], [ 5.160511111111111, 45.56068333333333 ], [ 5.157713888888889, 45.560177777777774 ], [ 5.154913888888889, 45.559694444444439 ], [ 5.152102777777778, 45.559227777777778 ], [ 5.149288888888889, 45.558786111111111 ], [ 5.146463888888889, 45.558363888888884 ], [ 5.143636111111111, 45.557961111111105 ], [ 5.140802777777778, 45.557580555555553 ], [ 5.137961111111111, 45.557219444444442 ], [ 5.135116666666667, 45.556880555555551 ], [ 5.132266666666666, 45.556563888888888 ], [ 5.129411111111111, 45.556266666666666 ], [ 5.12655, 45.555991666666664 ], [ 5.123688888888888, 45.555736111111109 ], [ 5.120819444444444, 45.555502777777775 ], [ 5.11795, 45.555288888888889 ], [ 5.115077777777778, 45.5551 ], [ 5.112202777777777, 45.554927777777777 ], [ 5.090555555555556, 45.745555555555555 ], [ 5.090580555555555, 45.82865 ], [ 5.027061111111111, 45.895827777777775 ], [ 5.030994444444445, 45.896608333333333 ] ] ] } },
{ "type": "Feature", "properties": { "fir": "LFMM", "identifier": "LFMM:LYON VE1 QFU35:035-145", "name": "LYON VE1 QFU35", "level_lower": 35, "level_upper": 145 }, "geometry": { "type": "Polygon", "coordinates": [ [ [ 5.407777777777778, 46.363333333333337 ], [ 5.576388888888888, 46.237222222222222 ], [ 5.570555555555555, 46.060277777777777 ], [ 5.570269444444444, 46.050627777777777 ], [ 5.572936111111111, 46.027138888888885 ], [ 5.580861111111111, 46.004238888888892 ], [ 5.593855555555555, 45.982488888888888 ], [ 5.600277777777777, 45.975277777777777 ], [ 5.485555555555556, 45.916666666666664 ], [ 5.450555555555556, 45.856111111111112 ], [ 5.489444444444445, 45.716666666666669 ], [ 5.498055555555555, 45.685555555555553 ], [ 5.528055555555556, 45.581666666666671 ], [ 5.717777777777778, 45.490277777777777 ], [ 5.725830555555556, 45.451111111111111 ], [ 5.788888888888889, 45.438330555555552 ], [ 6.075830555555555, 45.464441666666673 ], [ 6.0, 45.255277777777778 ], [ 5.890555555555555, 45.020555555555553 ], [ 5.521111111111111, 45.0 ], [ 5.328330555555556, 45.0 ], [ 5.19173888888889, 44.850716666666671 ], [ 5.143383333333333, 45.279166666666669 ], [ 5.126233333333333, 45.43002222222222 ], [ 5.112202777777777, 45.554927777777777 ], [ 5.090586111111111, 45.745516666666667 ], [ 5.090580555555555, 45.871705555555558 ], [ 5.109813888888889, 45.901641666666663 ], [ 5.407777777777778, 46.363333333333337 ] ] ] } },
{ "type": "Feature", "properties": { "fir": "LFMM", "identifier": "LFMM:LYON VE1 QFU35:025-035", "name": "LYON VE1 QFU35", "level_lower": 25, "level_upper": 35 }, "geometry": { "type": "Polygon", "coordinates": [ [ [ 5.112055555555555, 45.901494444444445 ], [ 5.116125, 45.901197222222223 ], [ 5.120186111111111, 45.900847222222218 ], [ 5.12423611111111, 45.900447222222219 ], [ 5.128275, 45.899994444444445 ], [ 5.1323, 45.89949166666667 ], [ 5.136313888888889, 45.898936111111112 ], [ 5.140311111111112, 45.898330555555553 ], [ 5.144291666666667, 45.897675 ], [ 5.148252777777778, 45.896969444444444 ], [ 5.148055555555556, 45.896941666666663 ], [ 5.153611111111111, 45.854166666666671 ], [ 5.2, 45.837777777777781 ], [ 5.241666666666667, 45.58583055555556 ], [ 5.241816666666667, 45.586197222222225 ], [ 5.2394, 45.585091666666671 ], [ 5.236966666666667, 45.584002777777783 ], [ 5.234516666666667, 45.582930555555556 ], [ 5.232052777777778, 45.581877777777784 ], [ 5.229572222222222, 45.580844444444445 ], [ 5.227077777777778, 45.57982777777778 ], [ 5.224563888888889, 45.578830555555562 ], [ 5.222038888888889, 45.57785 ], [ 5.2195, 45.576891666666668 ], [ 5.216944444444445, 45.57595 ], [ 5.214375, 45.575027777777784 ], [ 5.211791666666667, 45.574122222222229 ], [ 5.209197222222222, 45.573238888888895 ], [ 5.206588888888889, 45.572372222222228 ], [ 5.203966666666667, 45.571527777777781 ], [ 5.201330555555556, 45.5707 ], [ 5.198686111111112, 45.56989166666667 ], [ 5.196025, 45.569105555555559 ], [ 5.193355555555556, 45.568338888888896 ], [ 5.190675, 45.567588888888892 ], [ 5.187980555555556, 45.566861111111116 ], [ 5.185277777777778, 45.566152777777774 ], [ 5.182563888888889, 45.565463888888885 ], [ 5.179838888888889, 45.564794444444445 ], [ 5.177105555555556, 45.564147222222218 ], [ 5.174361111111112, 45.563519444444445 ], [ 5.171608333333333, 45.562911111111106 ], [ 5.168844444444445, 45.562325 ], [ 5.166075, 45.56175555555555 ], [ 5.163297222222223, 45.561211111111106 ], [ 5.160511111111111, 45.56068333333333 ], [ 5.157713888888889, 45.560177777777774 ], [ 5.154913888888889, 45.559694444444439 ], [ 5.152102777777778, 45.559227777777778 ], [ 5.149288888888889, 45.558786111111111 ], [ 5.146463888888889, 45.558363888888884 ], [ 5.143636111111111, 45.557961111111105 ], [ 5.140802777777778, 45.557580555555553 ], [ 5.137961111111111, 45.557219444444442 ], [ 5.135116666666667, 45.556880555555551 ], [ 5.132266666666666, 45.556563888888888 ], [ 5.129411111111111, 45.556266666666666 ], [ 5.12655, 45.555991666666664 ], [ 5.123688888888888, 45.555736111111109 ], [ 5.120819444444444, 45.555502777777775 ], [ 5.11795, 45.555288888888889 ], [ 5.115077777777778, 45.5551 ], [ 5.112202777777777, 45.554927777777777 ], [ 5.090586111111111, 45.745516666666667 ], [ 5.090580555555555, 45.871705555555558 ], [ 5.109813888888889, 45.901641666666663 ], [ 5.112055555555555, 45.901494444444445 ] ] ] } },
{ "type": "Feature", "properties": { "fir": "LFMM", "identifier": "LFMM:LYON VE1-N QFU17:000-035", "name": "LYON VE1-N QFU17", "level_lower": 0, "level_upper": 35 }, "geometry": { "type": "Polygon", "coordinates": [ [ [ 4.833333333333333, 46.5 ], [ 4.952777777777778, 46.5 ], [ 5.016666666666667, 46.5 ], [ 5.090552777777777, 46.5 ], [ 5.161666666666667, 46.5 ], [ 5.21865, 46.5 ], [ 5.586111111111111, 46.5 ], [ 5.606111111111111, 46.477222222222224 ], [ 5.407777777777778, 46.363333333333337 ], [ 5.576388888888888, 46.237222222222222 ], [ 5.570555555555555, 46.060277777777777 ], [ 5.570269444444444, 46.050627777777777 ], [ 5.572936111111111, 46.027138888888885 ], [ 5.580861111111111, 46.004238888888892 ], [ 5.593855555555555, 45.982488888888888 ], [ 5.600277777777777, 45.975277777777777 ], [ 5.485555555555556, 45.916666666666664 ], [ 5.450555555555556, 45.856111111111112 ], [ 5.489444444444445, 45.716666666666669 ], [ 5.498055555555555, 45.685555555555553 ], [ 5.528055555555556, 45.581666666666671 ], [ 5.717777777777778, 45.490277777777777 ], [ 5.725830555555556, 45.451111111111111 ], [ 5.788888888888889, 45.438330555555552 ], [ 5.583611111111111, 45.32833055555556 ], [ 5.583611111111111, 45.423888888888889 ], [ 5.545830555555556, 45.447777777777773 ], [ 5.523888888888889, 45.447777777777773 ], [ 5.181941666666667, 45.440555555555555 ], [ 5.112202777777777, 45.554927777777777 ], [ 5.115077777777778, 45.5551 ], [ 5.11795, 45.555288888888889 ], [ 5.120819444444444, 45.555502777777775 ], [ 5.123688888888888, 45.555736111111109 ], [ 5.12655, 45.555991666666664 ], [ 5.129411111111111, 45.556266666666666 ], [ 5.132266666666666, 45.556563888888888 ], [ 5.135116666666667, 45.556880555555551 ], [ 5.137961111111111, 45.557219444444442 ], [ 5.140802777777778, 45.557580555555553 ], [ 5.143636111111111, 45.557961111111105 ], [ 5.146463888888889, 45.558363888888884 ], [ 5.149288888888889, 45.558786111111111 ], [ 5.152102777777778, 45.559227777777778 ], [ 5.154913888888889, 45.559694444444439 ], [ 5.157713888888889, 45.560177777777774 ], [ 5.160511111111111, 45.56068333333333 ], [ 5.163297222222223, 45.561211111111106 ], [ 5.166075, 45.56175555555555 ], [ 5.168844444444445, 45.562325 ], [ 5.171608333333333, 45.562911111111106 ], [ 5.174361111111112, 45.563519444444445 ], [ 5.177105555555556, 45.564147222222218 ], [ 5.179838888888889, 45.564794444444445 ], [ 5.182563888888889, 45.565463888888885 ], [ 5.185277777777778, 45.566152777777774 ], [ 5.187980555555556, 45.566861111111116 ], [ 5.190675, 45.567588888888892 ], [ 5.193355555555556, 45.568338888888896 ], [ 5.196025, 45.569105555555559 ], [ 5.198686111111112, 45.56989166666667 ], [ 5.201330555555556, 45.5707 ], [ 5.203966666666667, 45.571527777777781 ], [ 5.206588888888889, 45.572372222222228 ], [ 5.209197222222222, 45.573238888888895 ], [ 5.211791666666667, 45.574122222222229 ], [ 5.214375, 45.575027777777784 ], [ 5.216944444444445, 45.57595 ], [ 5.2195, 45.576891666666668 ], [ 5.222038888888889, 45.57785 ], [ 5.224563888888889, 45.578830555555562 ], [ 5.227077777777778, 45.57982777777778 ], [ 5.229572222222222, 45.580844444444445 ], [ 5.232052777777778, 45.581877777777784 ], [ 5.234516666666667, 45.582930555555556 ], [ 5.236966666666667, 45.584002777777783 ], [ 5.2394, 45.585091666666671 ], [ 5.241816666666667, 45.586197222222225 ], [ 5.241666666666667, 45.58583055555556 ], [ 5.2, 45.837777777777781 ], [ 5.153611111111111, 45.854166666666671 ], [ 5.148055555555556, 45.896941666666663 ], [ 5.148252777777778, 45.896969444444444 ], [ 5.144291666666667, 45.897675 ], [ 5.140311111111112, 45.898330555555553 ], [ 5.136313888888889, 45.898936111111112 ], [ 5.1323, 45.89949166666667 ], [ 5.128275, 45.899994444444445 ], [ 5.12423611111111, 45.900447222222219 ], [ 5.120186111111111, 45.900847222222218 ], [ 5.116125, 45.901197222222223 ], [ 5.112055555555555, 45.901494444444445 ], [ 5.109813888888889, 45.901641666666663 ], [ 5.107980555555555, 45.901741666666666 ], [ 5.1039, 45.901936111111112 ], [ 5.099813888888889, 45.902077777777777 ], [ 5.095725, 45.902169444444446 ], [ 5.091636111111111, 45.902211111111107 ], [ 5.087544444444444, 45.90219722222222 ], [ 5.083452777777778, 45.902133333333332 ], [ 5.079366666666666, 45.902016666666668 ], [ 5.075280555555556, 45.901847222222223 ], [ 5.071202777777778, 45.901627777777776 ], [ 5.067130555555555, 45.901355555555554 ], [ 5.063066666666667, 45.901033333333331 ], [ 5.059011111111111, 45.900658333333332 ], [ 5.054966666666666, 45.900233333333333 ], [ 5.050933333333333, 45.899755555555558 ], [ 5.046913888888889, 45.899227777777774 ], [ 5.042908333333333, 45.89865 ], [ 5.038919444444445, 45.898019444444444 ], [ 5.034947222222222, 45.897338888888889 ], [ 5.030994444444445, 45.896608333333333 ], [ 5.027061111111111, 45.895827777777775 ], [ 4.693058333333334, 46.250541666666663 ], [ 4.731111111111111, 46.307219444444442 ], [ 4.674722222222223, 46.5 ], [ 4.833333333333333, 46.5 ] ] ] } },
{ "type": "Feature", "properties": { "fir": "LFMM", "identifier": "LFMM:LYON VE1-N QFU35:000-035", "name": "LYON VE1-N QFU35", "level_lower": 0, "level_upper": 35 }, "geometry": { "type": "Polygon", "coordinates": [ [ [ 5.115077777777778, 45.5551 ], [ 5.11795, 45.555288888888889 ], [ 5.120819444444444, 45.555502777777775 ], [ 5.123688888888888, 45.555736111111109 ], [ 5.12655, 45.555991666666664 ], [ 5.129411111111111, 45.556266666666666 ], [ 5.132266666666666, 45.556563888888888 ], [ 5.135116666666667, 45.556880555555551 ], [ 5.137961111111111, 45.557219444444442 ], [ 5.140802777777778, 45.557580555555553 ], [ 5.143636111111111, 45.557961111111105 ], [ 5.146463888888889, 45.558363888888884 ], [ 5.149288888888889, 45.558786111111111 ], [ 5.152102777777778, 45.559227777777778 ], [ 5.154913888888889, 45.559694444444439 ], [ 5.157713888888889, 45.560177777777774 ], [ 5.160511111111111, 45.56068333333333 ], [ 5.163297222222223, 45.561211111111106 ], [ 5.166075, 45.56175555555555 ], [ 5.168844444444445, 45.562325 ], [ 5.171608333333333, 45.562911111111106 ], [ 5.174361111111112, 45.563519444444445 ], [ 5.177105555555556, 45.564147222222218 ], [ 5.179838888888889, 45.564794444444445 ], [ 5.182563888888889, 45.565463888888885 ], [ 5.185277777777778, 45.566152777777774 ], [ 5.187980555555556, 45.566861111111116 ], [ 5.190675, 45.567588888888892 ], [ 5.193355555555556, 45.568338888888896 ], [ 5.196025, 45.569105555555559 ], [ 5.198686111111112, 45.56989166666667 ], [ 5.201330555555556, 45.5707 ], [ 5.203966666666667, 45.571527777777781 ], [ 5.206588888888889, 45.572372222222228 ], [ 5.209197222222222, 45.573238888888895 ], [ 5.211791666666667, 45.574122222222229 ], [ 5.214375, 45.575027777777784 ], [ 5.216944444444445, 45.57595 ], [ 5.2195, 45.576891666666668 ], [ 5.222038888888889, 45.57785 ], [ 5.224563888888889, 45.578830555555562 ], [ 5.227077777777778, 45.57982777777778 ], [ 5.229572222222222, 45.580844444444445 ], [ 5.232052777777778, 45.581877777777784 ], [ 5.234516666666667, 45.582930555555556 ], [ 5.236966666666667, 45.584002777777783 ], [ 5.2394, 45.585091666666671 ], [ 5.241816666666667, 45.586197222222225 ], [ 5.241666666666667, 45.58583055555556 ], [ 5.2, 45.837777777777781 ], [ 5.153611111111111, 45.854166666666671 ], [ 5.148055555555556, 45.896941666666663 ], [ 5.148252777777778, 45.896969444444444 ], [ 5.144291666666667, 45.897675 ], [ 5.140311111111112, 45.898330555555553 ], [ 5.136313888888889, 45.898936111111112 ], [ 5.1323, 45.89949166666667 ], [ 5.128275, 45.899994444444445 ], [ 5.12423611111111, 45.900447222222219 ], [ 5.120186111111111, 45.900847222222218 ], [ 5.116125, 45.901197222222223 ], [ 5.112055555555555, 45.901494444444445 ], [ 5.109813888888889, 45.901641666666663 ], [ 5.407777777777778, 46.363333333333337 ], [ 5.576388888888888, 46.237222222222222 ], [ 5.570555555555555, 46.060277777777777 ], [ 5.570269444444444, 46.050627777777777 ], [ 5.572936111111111, 46.027138888888885 ], [ 5.580861111111111, 46.004238888888892 ], [ 5.593855555555555, 45.982488888888888 ], [ 5.600277777777777, 45.975277777777777 ], [ 5.485555555555556, 45.916666666666664 ], [ 5.450555555555556, 45.856111111111112 ], [ 5.489444444444445, 45.716666666666669 ], [ 5.498055555555555, 45.685555555555553 ], [ 5.528055555555556, 45.581666666666671 ], [ 5.717777777777778, 45.490277777777777 ], [ 5.725830555555556, 45.451111111111111 ], [ 5.583611111111111, 45.423888888888889 ], [ 5.545830555555556, 45.447777777777773 ], [ 5.523888888888889, 45.447777777777773 ], [ 5.181941666666667, 45.440555555555555 ], [ 5.126233333333333, 45.43002222222222 ], [ 5.112202777777777, 45.554927777777777 ], [ 5.115077777777778, 45.5551 ] ] ] } },
{ "type": "Feature", "properties": { "fir": "LFMM", "identifier": "LFMM:LYON VE1-SE QFU17:000-035", "name": "LYON VE1-SE QFU17", "level_lower": 0, "level_upper": 35 }, "geometry": { "type": "Polygon", "coordinates": [ [ [ 6.075830555555555, 45.464441666666673 ], [ 6.0, 45.255277777777778 ], [ 5.890555555555555, 45.020555555555553 ], [ 5.786111111111111, 45.174441666666667 ], [ 5.861941666666667, 45.215277777777779 ], [ 5.895830555555555, 45.24666666666667 ], [ 5.878330555555556, 45.2625 ], [ 5.788888888888889, 45.438330555555552 ], [ 6.075830555555555, 45.464441666666673 ] ] ] } },
{ "type": "Feature", "properties": { "fir": "LFMM", "identifier": "LFMM:LYON VE1-SE QFU35:000-035", "name": "LYON VE1-SE QFU35", "level_lower": 0, "level_upper": 35 }, "geometry": { "type": "Polygon", "coordinates": [ [ [ 5.890555555555555, 45.020555555555553 ], [ 5.786111111111111, 45.174441666666667 ], [ 5.861941666666667, 45.215277777777779 ], [ 5.895830555555555, 45.24666666666667 ], [ 6.0, 45.255277777777778 ], [ 5.890555555555555, 45.020555555555553 ] ] ] } },
{ "type": "Feature", "properties": { "fir": "LFMM", "identifier": "LFMM:LYON VE1-SW QFU17:000-035", "name": "LYON VE1-SW QFU17", "level_lower": 0, "level_upper": 35 }, "geometry": { "type": "Polygon", "coordinates": [ [ [ 5.788888888888889, 45.438330555555552 ], [ 5.878330555555556, 45.2625 ], [ 5.8325, 45.238055555555555 ], [ 5.765555555555555, 45.193055555555553 ], [ 5.786111111111111, 45.174441666666667 ], [ 5.890555555555555, 45.020555555555553 ], [ 5.521111111111111, 45.0 ], [ 5.328330555555556, 45.0 ], [ 5.19173888888889, 44.850716666666671 ], [ 5.184566666666667, 45.279166666666669 ], [ 5.419719444444445, 45.279166666666669 ], [ 5.583611111111111, 45.32833055555556 ], [ 5.788888888888889, 45.438330555555552 ] ] ] } },
{ "type": "Feature", "properties": { "fir": "LFMM", "identifier": "LFMM:LYON VE1-SW QFU35:000-035", "name": "LYON VE1-SW QFU35", "level_lower": 0, "level_upper": 35 }, "geometry": { "type": "Polygon", "coordinates": [ [ [ 5.725830555555556, 45.451111111111111 ], [ 5.788888888888889, 45.438330555555552 ], [ 6.075830555555555, 45.464441666666673 ], [ 6.0, 45.255277777777778 ], [ 5.895830555555555, 45.24666666666667 ], [ 5.878330555555556, 45.2625 ], [ 5.8325, 45.238055555555555 ], [ 5.765555555555555, 45.193055555555553 ], [ 5.786111111111111, 45.174441666666667 ], [ 5.890555555555555, 45.020555555555553 ], [ 5.521111111111111, 45.0 ], [ 5.328330555555556, 45.0 ], [ 5.19173888888889, 44.850716666666671 ], [ 5.143383333333333, 45.279166666666669 ], [ 5.184566666666667, 45.279166666666669 ], [ 5.419719444444445, 45.279166666666669 ], [ 5.583611111111111, 45.32833055555556 ], [ 5.583611111111111, 45.423888888888889 ], [ 5.725830555555556, 45.451111111111111 ] ] ] } },
{ "type": "Feature", "properties": { "fir": "LFMM", "identifier": "LFMM:LYON VE2:000-075", "name": "LYON VE2", "level_lower": 0, "level_upper": 75 }, "geometry": { "type": "Polygon", "coordinates": [ [ [ 5.606111111111111, 46.477222222222224 ], [ 5.743333333333333, 46.312222222222218 ], [ 5.801111111111111, 46.242222222222225 ], [ 5.661666666666667, 46.173333333333332 ], [ 5.659472222222223, 46.172261111111112 ], [ 5.63365, 46.156925 ], [ 5.611597222222222, 46.138972222222222 ], [ 5.593855555555555, 46.11885 ], [ 5.580861111111111, 46.097055555555556 ], [ 5.572936111111111, 46.074127777777782 ], [ 5.570555555555555, 46.060277777777777 ], [ 5.576388888888888, 46.237222222222222 ], [ 5.407777777777778, 46.363333333333337 ], [ 5.606111111111111, 46.477222222222224 ] ] ] } },
{ "type": "Feature", "properties": { "fir": "LFMM", "identifier": "LFMM:LYON VE3:095-145", "name": "LYON VE3", "level_lower": 95, "level_upper": 145 }, "geometry": { "type": "Polygon", "coordinates": [ [ [ 5.600277777777777, 45.975277777777777 ], [ 5.611597222222222, 45.962425 ], [ 5.63365, 45.944536111111105 ], [ 5.659472222222223, 45.92926111111111 ], [ 5.662708333333334, 45.927961111111109 ], [ 5.581388888888888, 45.828888888888891 ], [ 5.554813888888889, 45.796663888888887 ], [ 5.489444444444445, 45.716666666666669 ], [ 5.450555555555556, 45.856111111111112 ], [ 5.485555555555556, 45.916666666666664 ], [ 5.600277777777777, 45.975277777777777 ] ] ] } },
{ "type": "Feature", "properties": { "fir": "LFMM", "identifier": "LFMM:LYON VE4:095-145", "name": "LYON VE4", "level_lower": 95, "level_upper": 145 }, "geometry": { "type": "Polygon", "coordinates": [ [ [ 5.498055555555555, 45.685555555555553 ], [ 5.983333333333333, 45.632222222222225 ], [ 6.087777777777777, 45.620555555555555 ], [ 6.075830555555555, 45.464441666666673 ], [ 5.788888888888889, 45.438330555555552 ], [ 5.725830555555556, 45.451111111111111 ], [ 5.717777777777778, 45.490277777777777 ], [ 5.528055555555556, 45.581666666666671 ], [ 5.498055555555555, 45.685555555555553 ] ] ] } },
{ "type": "Feature", "properties": { "fir": "LFMM", "identifier": "LFMM:LYON VW1 QFU17:035-145", "name": "LYON VW1 QFU17", "level_lower": 35, "level_upper": 145 }, "geometry": { "type": "Polygon", "coordinates": [ [ [ 5.027061111111111, 45.895827777777775 ], [ 5.090580555555555, 45.82865 ], [ 5.090555555555556, 45.745555555555555 ], [ 5.112202777777777, 45.554927777777777 ], [ 5.181941666666667, 45.440555555555555 ], [ 5.184566666666667, 45.279166666666669 ], [ 5.19173888888889, 44.850716666666671 ], [ 5.023330555555556, 44.666666666666664 ], [ 4.851388888888889, 44.666666666666664 ], [ 4.638888888888888, 45.06666666666667 ], [ 4.533330555555556, 45.266666666666666 ], [ 4.616666666666667, 45.283330555555551 ], [ 4.383055555555555, 45.743330555555559 ], [ 4.310555555555555, 45.884719444444443 ], [ 4.290277777777778, 45.923888888888889 ], [ 4.203611111111111, 46.086111111111116 ], [ 4.661388888888889, 46.203611111111115 ], [ 4.670830555555556, 46.218055555555559 ], [ 4.693058333333334, 46.250541666666663 ], [ 5.027061111111111, 45.895827777777775 ] ] ] } },
{ "type": "Feature", "properties": { "fir": "LFMM", "identifier": "LFMM:LYON VW1 QFU17:025-035", "name": "LYON VW1 QFU17", "level_lower": 25, "level_upper": 35 }, "geometry": { "type": "Polygon", "coordinates": [ [ [ 5.027061111111111, 45.895827777777775 ], [ 5.090580555555555, 45.82865 ], [ 5.090555555555556, 45.745555555555555 ], [ 5.112202777777777, 45.554927777777777 ], [ 5.109322222222222, 45.554780555555553 ], [ 5.106441666666666, 45.554652777777775 ], [ 5.103561111111111, 45.554544444444439 ], [ 5.100677777777777, 45.55446111111111 ], [ 5.097791666666667, 45.554397222222221 ], [ 5.094905555555555, 45.554352777777773 ], [ 5.092019444444444, 45.554333333333332 ], [ 5.08913611111111, 45.554333333333332 ], [ 5.08625, 45.554355555555553 ], [ 5.083363888888889, 45.554397222222221 ], [ 5.080477777777777, 45.55446111111111 ], [ 5.077594444444444, 45.554544444444439 ], [ 5.074713888888889, 45.554652777777775 ], [ 5.071830555555556, 45.554780555555553 ], [ 5.068952777777778, 45.554930555555551 ], [ 5.066077777777777, 45.5551 ], [ 5.063205555555555, 45.555291666666662 ], [ 5.063330555555555, 45.55555555555555 ], [ 5.059113888888889, 45.570086111111117 ], [ 5.057725, 45.5696 ], [ 5.056333333333333, 45.569119444444446 ], [ 5.054936111111111, 45.568644444444445 ], [ 5.053536111111111, 45.568177777777784 ], [ 5.052130555555555, 45.567713888888889 ], [ 5.050722222222222, 45.567258333333335 ], [ 5.049311111111111, 45.566811111111114 ], [ 5.047891666666667, 45.566366666666667 ], [ 5.046472222222222, 45.565927777777773 ], [ 5.045047222222222, 45.56549722222222 ], [ 5.043619444444444, 45.565075 ], [ 5.042188888888889, 45.564655555555554 ], [ 5.040752777777778, 45.564241666666661 ], [ 5.039311111111111, 45.563836111111108 ], [ 5.037869444444445, 45.563438888888889 ], [ 5.036422222222222, 45.563044444444444 ], [ 5.034972222222222, 45.562658333333331 ], [ 5.033519444444444, 45.562277777777773 ], [ 5.032061111111111, 45.561902777777775 ], [ 5.030602777777777, 45.56153611111111 ], [ 5.029138888888889, 45.561175 ], [ 5.027669444444444, 45.560819444444441 ], [ 5.026202777777778, 45.560472222222216 ], [ 5.024727777777778, 45.560130555555553 ], [ 5.023252777777778, 45.559794444444442 ], [ 5.021775, 45.559463888888885 ], [ 5.020291666666667, 45.559141666666662 ], [ 5.018808333333333, 45.558827777777772 ], [ 5.017319444444444, 45.558516666666662 ], [ 5.015830555555556, 45.558213888888886 ], [ 5.014336111111112, 45.557916666666664 ], [ 5.012841666666667, 45.557627777777775 ], [ 5.011344444444444, 45.557344444444439 ], [ 5.009841666666667, 45.557066666666664 ], [ 5.008341666666666, 45.556797222222222 ], [ 5.006836111111111, 45.556536111111107 ], [ 5.005327777777778, 45.556277777777773 ], [ 5.003816666666666, 45.556027777777778 ], [ 5.002305555555555, 45.555783333333331 ], [ 5.000791666666666, 45.555547222222216 ], [ 4.999275, 45.555316666666663 ], [ 4.997755555555556, 45.555091666666662 ], [ 4.996236111111111, 45.554875 ], [ 4.994713888888889, 45.554663888888889 ], [ 4.993188888888889, 45.55446111111111 ], [ 4.991663888888889, 45.554263888888883 ], [ 4.990136111111111, 45.554075 ], [ 4.988608333333334, 45.553888888888885 ], [ 4.987077777777777, 45.553713888888886 ], [ 4.985544444444445, 45.553541666666661 ], [ 4.984011111111111, 45.553377777777776 ], [ 4.982475, 45.553222222222217 ], [ 4.980938888888889, 45.55307222222222 ], [ 4.9794, 45.552927777777775 ], [ 4.977861111111111, 45.552791666666664 ], [ 4.976319444444445, 45.552661111111107 ], [ 4.974780555555555, 45.552538888888883 ], [ 4.973236111111111, 45.552422222222219 ], [ 4.971694444444444, 45.552313888888889 ], [ 4.971666666666667, 45.551941666666664 ], [ 4.842777777777777, 45.844469444444449 ], [ 4.842708333333333, 45.844158333333333 ], [ 4.843669444444444, 45.844563888888892 ], [ 4.844633333333333, 45.844966666666672 ], [ 4.845602777777778, 45.845366666666671 ], [ 4.846572222222222, 45.845763888888889 ], [ 4.847547222222222, 45.846155555555555 ], [ 4.848525, 45.846541666666667 ], [ 4.849505555555555, 45.846927777777779 ], [ 4.850488888888888, 45.847305555555558 ], [ 4.851475, 45.847683333333336 ], [ 4.852463888888889, 45.848055555555561 ], [ 4.853455555555556, 45.848425 ], [ 4.854452777777778, 45.84878888888889 ], [ 4.85545, 45.84915 ], [ 4.856452777777777, 45.849508333333333 ], [ 4.857455555555555, 45.84986111111111 ], [ 4.858463888888888, 45.850211111111115 ], [ 4.859472222222222, 45.850555555555559 ], [ 4.86048611111111, 45.850897222222223 ], [ 4.8615, 45.851233333333333 ], [ 4.862519444444444, 45.85156666666667 ], [ 4.863538888888889, 45.85189722222222 ], [ 4.864563888888888, 45.852222222222224 ], [ 4.865588888888889, 45.852544444444447 ], [ 4.866616666666666, 45.85286111111111 ], [ 4.867647222222223, 45.853175 ], [ 4.868680555555556, 45.853483333333337 ], [ 4.869716666666667, 45.853788888888893 ], [ 4.870755555555556, 45.854091666666669 ], [ 4.871797222222223, 45.854388888888892 ], [ 4.872838888888889, 45.854680555555554 ], [ 4.873886111111111, 45.854969444444443 ], [ 4.874933333333334, 45.855255555555559 ], [ 4.875983333333334, 45.855536111111114 ], [ 4.877036111111112, 45.855813888888889 ], [ 4.878091666666667, 45.856086111111111 ], [ 4.879147222222223, 45.85635555555556 ], [ 4.880205555555556, 45.856619444444448 ], [ 4.881266666666667, 45.856880555555556 ], [ 4.882330555555556, 45.85713611111111 ], [ 4.883397222222222, 45.857388888888892 ], [ 4.884463888888888, 45.857636111111113 ], [ 4.885533333333333, 45.85788055555556 ], [ 4.886602777777777, 45.858119444444448 ], [ 4.887677777777777, 45.858355555555555 ], [ 4.888752777777778, 45.858586111111116 ], [ 4.889827777777778, 45.858813888888889 ], [ 4.890908333333333, 45.859036111111109 ], [ 4.891988888888888, 45.859252777777776 ], [ 4.893069444444444, 45.859469444444443 ], [ 4.894155555555555, 45.859677777777776 ], [ 4.895238888888889, 45.859886111111109 ], [ 4.896327777777778, 45.860086111111116 ], [ 4.897416666666667, 45.860283333333335 ], [ 4.898505555555555, 45.860477777777781 ], [ 4.8996, 45.860666666666667 ], [ 4.900691666666667, 45.86085 ], [ 4.901786111111112, 45.861030555555558 ], [ 4.902883333333333, 45.861205555555557 ], [ 4.903980555555556, 45.861377777777783 ], [ 4.905080555555556, 45.861544444444448 ], [ 4.906180555555556, 45.861711111111113 ], [ 4.907280555555556, 45.861869444444444 ], [ 4.908386111111112, 45.862022222222222 ], [ 4.909488888888889, 45.862175 ], [ 4.910594444444444, 45.862319444444445 ], [ 4.911702777777778, 45.862461111111109 ], [ 4.912808333333333, 45.8626 ], [ 4.913916666666667, 45.862730555555558 ], [ 4.915027777777778, 45.862861111111116 ], [ 4.916138888888889, 45.862986111111113 ], [ 4.91725, 45.863105555555556 ], [ 4.918363888888889, 45.863219444444447 ], [ 4.919477777777778, 45.863330555555557 ], [ 4.920591666666667, 45.863438888888894 ], [ 4.921708333333334, 45.86354166666667 ], [ 4.922825, 45.863638888888893 ], [ 4.923941666666667, 45.863733333333336 ], [ 4.925058333333333, 45.863825 ], [ 4.926177777777778, 45.863908333333335 ], [ 4.927297222222222, 45.86398888888889 ], [ 4.928416666666667, 45.864066666666666 ], [ 4.929536111111111, 45.864138888888888 ], [ 4.930658333333334, 45.864205555555557 ], [ 4.931777777777778, 45.864269444444446 ], [ 4.9329, 45.864327777777781 ], [ 4.934025, 45.864383333333336 ], [ 4.935147222222223, 45.864433333333338 ], [ 4.936269444444445, 45.864480555555559 ], [ 4.937394444444445, 45.864519444444447 ], [ 4.938516666666667, 45.864558333333335 ], [ 4.939641666666667, 45.864591666666669 ], [ 4.940766666666667, 45.864619444444443 ], [ 4.941891666666667, 45.864644444444444 ], [ 4.943016666666667, 45.864663888888892 ], [ 4.944141666666667, 45.864677777777779 ], [ 4.945266666666667, 45.864688888888892 ], [ 4.94495, 45.864875 ], [ 4.948086111111111, 45.866702777777775 ], [ 4.951269444444445, 45.868488888888891 ], [ 4.9545, 45.870236111111112 ], [ 4.957775, 45.871938888888891 ], [ 4.961091666666666, 45.873602777777776 ], [ 4.964452777777778, 45.87522222222222 ], [ 4.967858333333333, 45.8768 ], [ 4.971302777777778, 45.878336111111111 ], [ 4.974786111111111, 45.879825 ], [ 4.978311111111111, 45.881269444444442 ], [ 4.981869444444444, 45.882672222222226 ], [ 4.985466666666666, 45.884027777777774 ], [ 4.989097222222222, 45.885338888888889 ], [ 4.992761111111111, 45.8866 ], [ 4.996458333333333, 45.887816666666666 ], [ 5.000188888888889, 45.888988888888889 ], [ 5.003947222222222, 45.890111111111111 ], [ 5.007733333333333, 45.891186111111111 ], [ 5.01155, 45.892211111111109 ], [ 5.015391666666667, 45.893188888888886 ], [ 5.019255555555556, 45.894116666666669 ], [ 5.023147222222222, 45.894997222222223 ], [ 5.027061111111111, 45.895827777777775 ] ] ] } },
{ "type": "Feature", "properties": { "fir": "LFMM", "identifier": "LFMM:LYON VW1 QFU35:035-145", "name": "LYON VW1 QFU35", "level_lower": 35, "level_upper": 145 }, "geometry": { "type": "Polygon", "coordinates": [ [ [ 5.023330555555556, 44.666666666666664 ], [ 4.851388888888889, 44.666666666666664 ], [ 4.638888888888888, 45.06666666666667 ], [ 4.533330555555556, 45.266666666666666 ], [ 4.616666666666667, 45.283330555555551 ], [ 4.383055555555555, 45.743330555555559 ], [ 4.310555555555555, 45.884719444444443 ], [ 4.290277777777778, 45.923888888888889 ], [ 4.203611111111111, 46.086111111111116 ], [ 4.661388888888889, 46.203611111111115 ], [ 4.670830555555556, 46.218055555555559 ], [ 4.731111111111111, 46.307219444444442 ], [ 4.674722222222223, 46.5 ], [ 4.833333333333333, 46.5 ], [ 4.952777777777778, 46.5 ], [ 5.016666666666667, 46.5 ], [ 5.090552777777777, 46.5 ], [ 5.161666666666667, 46.5 ], [ 5.21865, 46.5 ], [ 5.586111111111111, 46.5 ], [ 5.606111111111111, 46.477222222222224 ], [ 5.407777777777778, 46.363333333333337 ], [ 5.109813888888889, 45.901641666666663 ], [ 5.090580555555555, 45.871705555555558 ], [ 5.090586111111111, 45.745516666666667 ], [ 5.112202777777777, 45.554927777777777 ], [ 5.126233333333333, 45.43002222222222 ], [ 5.143383333333333, 45.279166666666669 ], [ 5.19173888888889, 44.850716666666671 ], [ 5.023330555555556, 44.666666666666664 ] ] ] } },
{ "type": "Feature", "properties": { "fir": "LFMM", "identifier": "LFMM:LYON VW1 QFU35:025-035", "name": "LYON VW1 QFU35", "level_lower": 25, "level_upper": 35 }, "geometry": { "type": "Polygon", "coordinates": [ [ [ 5.109813888888889, 45.901641666666663 ], [ 5.090580555555555, 45.871705555555558 ], [ 5.090586111111111, 45.745516666666667 ], [ 5.112202777777777, 45.554927777777777 ], [ 5.109322222222222, 45.554780555555553 ], [ 5.106441666666666, 45.554652777777775 ], [ 5.103561111111111, 45.554544444444439 ], [ 5.100677777777777, 45.55446111111111 ], [ 5.097791666666667, 45.554397222222221 ], [ 5.094905555555555, 45.554352777777773 ], [ 5.092019444444444, 45.554333333333332 ], [ 5.08913611111111, 45.554333333333332 ], [ 5.08625, 45.554355555555553 ], [ 5.083363888888889, 45.554397222222221 ], [ 5.080477777777777, 45.55446111111111 ], [ 5.077594444444444, 45.554544444444439 ], [ 5.074713888888889, 45.554652777777775 ], [ 5.071830555555556, 45.554780555555553 ], [ 5.068952777777778, 45.554930555555551 ], [ 5.066077777777777, 45.5551 ], [ 5.063205555555555, 45.555291666666662 ], [ 5.063330555555555, 45.55555555555555 ], [ 5.059113888888889, 45.570086111111117 ], [ 5.057725, 45.5696 ], [ 5.056333333333333, 45.569119444444446 ], [ 5.054936111111111, 45.568644444444445 ], [ 5.053536111111111, 45.568177777777784 ], [ 5.052130555555555, 45.567713888888889 ], [ 5.050722222222222, 45.567258333333335 ], [ 5.049311111111111, 45.566811111111114 ], [ 5.047891666666667, 45.566366666666667 ], [ 5.046472222222222, 45.565927777777773 ], [ 5.045047222222222, 45.56549722222222 ], [ 5.043619444444444, 45.565075 ], [ 5.042188888888889, 45.564655555555554 ], [ 5.040752777777778, 45.564241666666661 ], [ 5.039311111111111, 45.563836111111108 ], [ 5.037869444444445, 45.563438888888889 ], [ 5.036422222222222, 45.563044444444444 ], [ 5.034972222222222, 45.562658333333331 ], [ 5.033519444444444, 45.562277777777773 ], [ 5.032061111111111, 45.561902777777775 ], [ 5.030602777777777, 45.56153611111111 ], [ 5.029138888888889, 45.561175 ], [ 5.027669444444444, 45.560819444444441 ], [ 5.026202777777778, 45.560472222222216 ], [ 5.024727777777778, 45.560130555555553 ], [ 5.023252777777778, 45.559794444444442 ], [ 5.021775, 45.559463888888885 ], [ 5.020291666666667, 45.559141666666662 ], [ 5.018808333333333, 45.558827777777772 ], [ 5.017319444444444, 45.558516666666662 ], [ 5.015830555555556, 45.558213888888886 ], [ 5.014336111111112, 45.557916666666664 ], [ 5.012841666666667, 45.557627777777775 ], [ 5.011344444444444, 45.557344444444439 ], [ 5.009841666666667, 45.557066666666664 ], [ 5.008341666666666, 45.556797222222222 ], [ 5.006836111111111, 45.556536111111107 ], [ 5.005327777777778, 45.556277777777773 ], [ 5.003816666666666, 45.556027777777778 ], [ 5.002305555555555, 45.555783333333331 ], [ 5.000791666666666, 45.555547222222216 ], [ 4.999275, 45.555316666666663 ], [ 4.997755555555556, 45.555091666666662 ], [ 4.996236111111111, 45.554875 ], [ 4.994713888888889, 45.554663888888889 ], [ 4.993188888888889, 45.55446111111111 ], [ 4.991663888888889, 45.554263888888883 ], [ 4.990136111111111, 45.554075 ], [ 4.988608333333334, 45.553888888888885 ], [ 4.987077777777777, 45.553713888888886 ], [ 4.985544444444445, 45.553541666666661 ], [ 4.984011111111111, 45.553377777777776 ], [ 4.982475, 45.553222222222217 ], [ 4.980938888888889, 45.55307222222222 ], [ 4.9794, 45.552927777777775 ], [ 4.977861111111111, 45.552791666666664 ], [ 4.976319444444445, 45.552661111111107 ], [ 4.974780555555555, 45.552538888888883 ], [ 4.973236111111111, 45.552422222222219 ], [ 4.971694444444444, 45.552313888888889 ], [ 4.971666666666667, 45.551941666666664 ], [ 4.842777777777777, 45.844469444444449 ], [ 4.842708333333333, 45.844158333333333 ], [ 4.843669444444444, 45.844563888888892 ], [ 4.844633333333333, 45.844966666666672 ], [ 4.845602777777778, 45.845366666666671 ], [ 4.846572222222222, 45.845763888888889 ], [ 4.847547222222222, 45.846155555555555 ], [ 4.848525, 45.846541666666667 ], [ 4.849505555555555, 45.846927777777779 ], [ 4.850488888888888, 45.847305555555558 ], [ 4.851475, 45.847683333333336 ], [ 4.852463888888889, 45.848055555555561 ], [ 4.853455555555556, 45.848425 ], [ 4.854452777777778, 45.84878888888889 ], [ 4.85545, 45.84915 ], [ 4.856452777777777, 45.849508333333333 ], [ 4.857455555555555, 45.84986111111111 ], [ 4.858463888888888, 45.850211111111115 ], [ 4.859472222222222, 45.850555555555559 ], [ 4.86048611111111, 45.850897222222223 ], [ 4.8615, 45.851233333333333 ], [ 4.862519444444444, 45.85156666666667 ], [ 4.863538888888889, 45.85189722222222 ], [ 4.864563888888888, 45.852222222222224 ], [ 4.865588888888889, 45.852544444444447 ], [ 4.866616666666666, 45.85286111111111 ], [ 4.867647222222223, 45.853175 ], [ 4.868680555555556, 45.853483333333337 ], [ 4.869716666666667, 45.853788888888893 ], [ 4.870755555555556, 45.854091666666669 ], [ 4.871797222222223, 45.854388888888892 ], [ 4.872838888888889, 45.854680555555554 ], [ 4.873886111111111, 45.854969444444443 ], [ 4.874933333333334, 45.855255555555559 ], [ 4.875983333333334, 45.855536111111114 ], [ 4.877036111111112, 45.855813888888889 ], [ 4.878091666666667, 45.856086111111111 ], [ 4.879147222222223, 45.85635555555556 ], [ 4.880205555555556, 45.856619444444448 ], [ 4.881266666666667, 45.856880555555556 ], [ 4.882330555555556, 45.85713611111111 ], [ 4.883397222222222, 45.857388888888892 ], [ 4.884463888888888, 45.857636111111113 ], [ 4.885533333333333, 45.85788055555556 ], [ 4.886602777777777, 45.858119444444448 ], [ 4.887677777777777, 45.858355555555555 ], [ 4.888752777777778, 45.858586111111116 ], [ 4.889827777777778, 45.858813888888889 ], [ 4.890908333333333, 45.859036111111109 ], [ 4.891988888888888, 45.859252777777776 ], [ 4.893069444444444, 45.859469444444443 ], [ 4.894155555555555, 45.859677777777776 ], [ 4.895238888888889, 45.859886111111109 ], [ 4.896327777777778, 45.860086111111116 ], [ 4.897416666666667, 45.860283333333335 ], [ 4.898505555555555, 45.860477777777781 ], [ 4.8996, 45.860666666666667 ], [ 4.900691666666667, 45.86085 ], [ 4.901786111111112, 45.861030555555558 ], [ 4.902883333333333, 45.861205555555557 ], [ 4.903980555555556, 45.861377777777783 ], [ 4.905080555555556, 45.861544444444448 ], [ 4.906180555555556, 45.861711111111113 ], [ 4.907280555555556, 45.861869444444444 ], [ 4.908386111111112, 45.862022222222222 ], [ 4.909488888888889, 45.862175 ], [ 4.910594444444444, 45.862319444444445 ], [ 4.911702777777778, 45.862461111111109 ], [ 4.912808333333333, 45.8626 ], [ 4.913916666666667, 45.862730555555558 ], [ 4.915027777777778, 45.862861111111116 ], [ 4.916138888888889, 45.862986111111113 ], [ 4.91725, 45.863105555555556 ], [ 4.918363888888889, 45.863219444444447 ], [ 4.919477777777778, 45.863330555555557 ], [ 4.920591666666667, 45.863438888888894 ], [ 4.921708333333334, 45.86354166666667 ], [ 4.922825, 45.863638888888893 ], [ 4.923941666666667, 45.863733333333336 ], [ 4.925058333333333, 45.863825 ], [ 4.926177777777778, 45.863908333333335 ], [ 4.927297222222222, 45.86398888888889 ], [ 4.928416666666667, 45.864066666666666 ], [ 4.929536111111111, 45.864138888888888 ], [ 4.930658333333334, 45.864205555555557 ], [ 4.931777777777778, 45.864269444444446 ], [ 4.9329, 45.864327777777781 ], [ 4.934025, 45.864383333333336 ], [ 4.935147222222223, 45.864433333333338 ], [ 4.936269444444445, 45.864480555555559 ], [ 4.937394444444445, 45.864519444444447 ], [ 4.938516666666667, 45.864558333333335 ], [ 4.939641666666667, 45.864591666666669 ], [ 4.940766666666667, 45.864619444444443 ], [ 4.941891666666667, 45.864644444444444 ], [ 4.943016666666667, 45.864663888888892 ], [ 4.944141666666667, 45.864677777777779 ], [ 4.945266666666667, 45.864688888888892 ], [ 4.94495, 45.864875 ], [ 4.948086111111111, 45.866702777777775 ], [ 4.951269444444445, 45.868488888888891 ], [ 4.9545, 45.870236111111112 ], [ 4.957775, 45.871938888888891 ], [ 4.961091666666666, 45.873602777777776 ], [ 4.964452777777778, 45.87522222222222 ], [ 4.967858333333333, 45.8768 ], [ 4.971302777777778, 45.878336111111111 ], [ 4.974786111111111, 45.879825 ], [ 4.978311111111111, 45.881269444444442 ], [ 4.981869444444444, 45.882672222222226 ], [ 4.985466666666666, 45.884027777777774 ], [ 4.989097222222222, 45.885338888888889 ], [ 4.992761111111111, 45.8866 ], [ 4.996458333333333, 45.887816666666666 ], [ 5.000188888888889, 45.888988888888889 ], [ 5.003947222222222, 45.890111111111111 ], [ 5.007733333333333, 45.891186111111111 ], [ 5.01155, 45.892211111111109 ], [ 5.015391666666667, 45.893188888888886 ], [ 5.019255555555556, 45.894116666666669 ], [ 5.023147222222222, 45.894997222222223 ], [ 5.027061111111111, 45.895827777777775 ], [ 5.030994444444445, 45.896608333333333 ], [ 5.034947222222222, 45.897338888888889 ], [ 5.038919444444445, 45.898019444444444 ], [ 5.042908333333333, 45.89865 ], [ 5.046913888888889, 45.899227777777774 ], [ 5.050933333333333, 45.899755555555558 ], [ 5.054966666666666, 45.900233333333333 ], [ 5.059011111111111, 45.900658333333332 ], [ 5.063066666666667, 45.901033333333331 ], [ 5.067130555555555, 45.901355555555554 ], [ 5.071202777777778, 45.901627777777776 ], [ 5.075280555555556, 45.901847222222223 ], [ 5.079366666666666, 45.902016666666668 ], [ 5.083452777777778, 45.902133333333332 ], [ 5.087544444444444, 45.90219722222222 ], [ 5.091636111111111, 45.902211111111107 ], [ 5.095725, 45.902169444444446 ], [ 5.099813888888889, 45.902077777777777 ], [ 5.1039, 45.901936111111112 ], [ 5.107980555555555, 45.901741666666666 ], [ 5.109813888888889, 45.901641666666663 ] ] ] } },
{ "type": "Feature", "properties": { "fir": "LFMM", "identifier": "LFMM:LYON VW1-LU:025-035", "name": "LYON VW1-LU", "level_lower": 25, "level_upper": 35 }, "geometry": { "type": "Polygon", "coordinates": [ [ [ 5.028788888888889, 44.854738888888889 ], [ 5.028897222222223, 44.854755555555556 ], [ 5.0275, 44.850952777777778 ], [ 5.025686111111111, 44.847236111111116 ], [ 5.023466666666667, 44.843633333333337 ], [ 5.020855555555555, 44.840163888888888 ], [ 5.017872222222223, 44.83685 ], [ 5.014530555555556, 44.833713888888894 ], [ 5.010855555555556, 44.830769444444449 ], [ 5.006863888888889, 44.828041666666671 ], [ 5.002586111111111, 44.825541666666673 ], [ 4.998044444444444, 44.823286111111116 ], [ 4.993269444444445, 44.821288888888894 ], [ 4.988288888888889, 44.819566666666667 ], [ 4.983130555555555, 44.818122222222229 ], [ 4.977830555555555, 44.816969444444446 ], [ 4.972422222222223, 44.816116666666666 ], [ 4.966933333333333, 44.815563888888889 ], [ 4.961402777777778, 44.815319444444441 ], [ 4.955861111111111, 44.815380555555549 ], [ 4.950341666666667, 44.815752777777774 ], [ 4.944883333333333, 44.816427777777776 ], [ 4.939513888888889, 44.817402777777779 ], [ 4.934269444444444, 44.818672222222226 ], [ 4.929180555555556, 44.820230555555561 ], [ 4.924277777777778, 44.822066666666672 ], [ 4.919594444444445, 44.824169444444451 ], [ 4.915155555555556, 44.826525 ], [ 4.910991666666667, 44.829119444444444 ], [ 4.907125, 44.831938888888892 ], [ 4.903580555555556, 44.834963888888893 ], [ 4.900383333333334, 44.838175 ], [ 4.89755, 44.841555555555558 ], [ 4.895094444444444, 44.845080555555555 ], [ 4.893038888888888, 44.848730555555555 ], [ 4.891391666666666, 44.852486111111112 ], [ 4.890166666666667, 44.856319444444445 ], [ 4.889366666666666, 44.860211111111113 ], [ 4.888997222222222, 44.864133333333335 ], [ 4.889063888888888, 44.868063888888891 ], [ 4.889566666666666, 44.87198055555556 ], [ 4.889844444444444, 44.871977777777779 ], [ 4.902905555555556, 44.922455555555551 ], [ 4.903911111111111, 44.926244444444443 ], [ 4.905325, 44.929969444444446 ], [ 4.907141666666667, 44.933602777777772 ], [ 4.909347222222222, 44.937127777777775 ], [ 4.911930555555556, 44.940525 ], [ 4.914875, 44.943766666666662 ], [ 4.918163888888889, 44.946841666666664 ], [ 4.921777777777778, 44.949727777777774 ], [ 4.925694444444445, 44.952405555555558 ], [ 4.929891666666667, 44.954863888888895 ], [ 4.934341666666667, 44.95708888888889 ], [ 4.939022222222222, 44.959061111111112 ], [ 4.943905555555556, 44.960775 ], [ 4.948958333333334, 44.96221388888889 ], [ 4.954155555555555, 44.963377777777779 ], [ 4.959461111111112, 44.96425277777778 ], [ 4.96485, 44.964836111111111 ], [ 4.970283333333334, 44.965125 ], [ 4.975730555555556, 44.965113888888894 ], [ 4.981163888888889, 44.964808333333337 ], [ 4.986547222222223, 44.964208333333339 ], [ 4.991847222222222, 44.963316666666671 ], [ 4.997036111111111, 44.962138888888894 ], [ 5.002080555555556, 44.960680555555555 ], [ 5.006952777777777, 44.958952777777782 ], [ 5.011619444444444, 44.956963888888893 ], [ 5.016055555555556, 44.954725 ], [ 5.020238888888889, 44.95225277777778 ], [ 5.024138888888888, 44.949561111111109 ], [ 5.027730555555555, 44.946663888888885 ], [ 5.031, 44.943580555555549 ], [ 5.033925, 44.940327777777775 ], [ 5.036486111111111, 44.936925 ], [ 5.038666666666667, 44.933391666666665 ], [ 5.040461111111111, 44.92975 ], [ 5.041852777777778, 44.926022222222223 ], [ 5.042833333333333, 44.922230555555551 ], [ 5.0434, 44.918394444444445 ], [ 5.04355, 44.914541666666665 ], [ 5.0432, 44.914541666666665 ], [ 5.028788888888889, 44.854738888888889 ] ] ] } },
{ "type": "Feature", "properties": { "fir": "LFMM", "identifier": "LFMM:LYON VW1-N QFU17:000-035", "name": "LYON VW1-N QFU17", "level_lower": 0, "level_upper": 35 }, "geometry": { "type": "Polygon", "coordinates": [ [ [ 5.027061111111111, 45.895827777777775 ], [ 5.023147222222222, 45.894997222222223 ], [ 5.019255555555556, 45.894116666666669 ], [ 5.015391666666667, 45.893188888888886 ], [ 5.01155, 45.892211111111109 ], [ 5.007733333333333, 45.891186111111111 ], [ 5.003947222222222, 45.890111111111111 ], [ 5.000188888888889, 45.888988888888889 ], [ 4.996458333333333, 45.887816666666666 ], [ 4.992761111111111, 45.8866 ], [ 4.989097222222222, 45.885338888888889 ], [ 4.985466666666666, 45.884027777777774 ], [ 4.981869444444444, 45.882672222222226 ], [ 4.978311111111111, 45.881269444444442 ], [ 4.974786111111111, 45.879825 ], [ 4.971302777777778, 45.878336111111111 ], [ 4.967858333333333, 45.8768 ], [ 4.964452777777778, 45.87522222222222 ], [ 4.961091666666666, 45.873602777777776 ], [ 4.957775, 45.871938888888891 ], [ 4.9545, 45.870236111111112 ], [ 4.951269444444445, 45.868488888888891 ], [ 4.948086111111111, 45.866702777777775 ], [ 4.94495, 45.864875 ], [ 4.945266666666667, 45.864688888888892 ], [ 4.944141666666667, 45.864677777777779 ], [ 4.943016666666667, 45.864663888888892 ], [ 4.941891666666667, 45.864644444444444 ], [ 4.940766666666667, 45.864619444444443 ], [ 4.939641666666667, 45.864591666666669 ], [ 4.938516666666667, 45.864558333333335 ], [ 4.937394444444445, 45.864519444444447 ], [ 4.936269444444445, 45.864480555555559 ], [ 4.935147222222223, 45.864433333333338 ], [ 4.934025, 45.864383333333336 ], [ 4.9329, 45.864327777777781 ], [ 4.931777777777778, 45.864269444444446 ], [ 4.930658333333334, 45.864205555555557 ], [ 4.929536111111111, 45.864138888888888 ], [ 4.928416666666667, 45.864066666666666 ], [ 4.927297222222222, 45.86398888888889 ], [ 4.926177777777778, 45.863908333333335 ], [ 4.925058333333333, 45.863825 ], [ 4.923941666666667, 45.863733333333336 ], [ 4.922825, 45.863638888888893 ], [ 4.921708333333334, 45.86354166666667 ], [ 4.920591666666667, 45.863438888888894 ], [ 4.919477777777778, 45.863330555555557 ], [ 4.918363888888889, 45.863219444444447 ], [ 4.91725, 45.863105555555556 ], [ 4.916138888888889, 45.862986111111113 ], [ 4.915027777777778, 45.862861111111116 ], [ 4.913916666666667, 45.862730555555558 ], [ 4.912808333333333, 45.8626 ], [ 4.911702777777778, 45.862461111111109 ], [ 4.910594444444444, 45.862319444444445 ], [ 4.909488888888889, 45.862175 ], [ 4.908386111111112, 45.862022222222222 ], [ 4.907280555555556, 45.861869444444444 ], [ 4.906180555555556, 45.861711111111113 ], [ 4.905080555555556, 45.861544444444448 ], [ 4.903980555555556, 45.861377777777783 ], [ 4.902883333333333, 45.861205555555557 ], [ 4.901786111111112, 45.861030555555558 ], [ 4.900691666666667, 45.86085 ], [ 4.8996, 45.860666666666667 ], [ 4.898505555555555, 45.860477777777781 ], [ 4.897416666666667, 45.860283333333335 ], [ 4.896327777777778, 45.860086111111116 ], [ 4.895238888888889, 45.859886111111109 ], [ 4.894155555555555, 45.859677777777776 ], [ 4.893069444444444, 45.859469444444443 ], [ 4.891988888888888, 45.859252777777776 ], [ 4.890908333333333, 45.859036111111109 ], [ 4.889827777777778, 45.858813888888889 ], [ 4.888752777777778, 45.858586111111116 ], [ 4.887677777777777, 45.858355555555555 ], [ 4.886602777777777, 45.858119444444448 ], [ 4.885533333333333, 45.85788055555556 ], [ 4.884463888888888, 45.857636111111113 ], [ 4.883397222222222, 45.857388888888892 ], [ 4.882330555555556, 45.85713611111111 ], [ 4.881266666666667, 45.856880555555556 ], [ 4.880205555555556, 45.856619444444448 ], [ 4.879147222222223, 45.85635555555556 ], [ 4.878091666666667, 45.856086111111111 ], [ 4.877036111111112, 45.855813888888889 ], [ 4.875983333333334, 45.855536111111114 ], [ 4.874933333333334, 45.855255555555559 ], [ 4.873886111111111, 45.854969444444443 ], [ 4.872838888888889, 45.854680555555554 ], [ 4.871797222222223, 45.854388888888892 ], [ 4.870755555555556, 45.854091666666669 ], [ 4.869716666666667, 45.853788888888893 ], [ 4.868680555555556, 45.853483333333337 ], [ 4.867647222222223, 45.853175 ], [ 4.866616666666666, 45.85286111111111 ], [ 4.865588888888889, 45.852544444444447 ], [ 4.864563888888888, 45.852222222222224 ], [ 4.863538888888889, 45.85189722222222 ], [ 4.862519444444444, 45.85156666666667 ], [ 4.8615, 45.851233333333333 ], [ 4.86048611111111, 45.850897222222223 ], [ 4.859472222222222, 45.850555555555559 ], [ 4.858463888888888, 45.850211111111115 ], [ 4.857455555555555, 45.84986111111111 ], [ 4.856452777777777, 45.849508333333333 ], [ 4.85545, 45.84915 ], [ 4.854452777777778, 45.84878888888889 ], [ 4.853455555555556, 45.848425 ], [ 4.852463888888889, 45.848055555555561 ], [ 4.851475, 45.847683333333336 ], [ 4.850488888888888, 45.847305555555558 ], [ 4.849505555555555, 45.846927777777779 ], [ 4.848525, 45.846541666666667 ], [ 4.847547222222222, 45.846155555555555 ], [ 4.846572222222222, 45.845763888888889 ], [ 4.845602777777778, 45.845366666666671 ], [ 4.844633333333333, 45.844966666666672 ], [ 4.843669444444444, 45.844563888888892 ], [ 4.842708333333333, 45.844158333333333 ], [ 4.842777777777777, 45.844469444444449 ], [ 4.971666666666667, 45.551941666666664 ], [ 4.971694444444444, 45.552313888888889 ], [ 4.973236111111111, 45.552422222222219 ], [ 4.974780555555555, 45.552538888888883 ], [ 4.976319444444445, 45.552661111111107 ], [ 4.977861111111111, 45.552791666666664 ], [ 4.9794, 45.552927777777775 ], [ 4.980938888888889, 45.55307222222222 ], [ 4.982475, 45.553222222222217 ], [ 4.984011111111111, 45.553377777777776 ], [ 4.985544444444445, 45.553541666666661 ], [ 4.987077777777777, 45.553713888888886 ], [ 4.988608333333334, 45.553888888888885 ], [ 4.990136111111111, 45.554075 ], [ 4.991663888888889, 45.554263888888883 ], [ 4.993188888888889, 45.55446111111111 ], [ 4.994713888888889, 45.554663888888889 ], [ 4.996236111111111, 45.554875 ], [ 4.997755555555556, 45.555091666666662 ], [ 4.999275, 45.555316666666663 ], [ 5.000791666666666, 45.555547222222216 ], [ 5.002305555555555, 45.555783333333331 ], [ 5.003816666666666, 45.556027777777778 ], [ 5.005327777777778, 45.556277777777773 ], [ 5.006836111111111, 45.556536111111107 ], [ 5.008341666666666, 45.556797222222222 ], [ 5.009841666666667, 45.557066666666664 ], [ 5.011344444444444, 45.557344444444439 ], [ 5.012841666666667, 45.557627777777775 ], [ 5.014336111111112, 45.557916666666664 ], [ 5.015830555555556, 45.558213888888886 ], [ 5.017319444444444, 45.558516666666662 ], [ 5.018808333333333, 45.558827777777772 ], [ 5.020291666666667, 45.559141666666662 ], [ 5.021775, 45.559463888888885 ], [ 5.023252777777778, 45.559794444444442 ], [ 5.024727777777778, 45.560130555555553 ], [ 5.026202777777778, 45.560472222222216 ], [ 5.027669444444444, 45.560819444444441 ], [ 5.029138888888889, 45.561175 ], [ 5.030602777777777, 45.56153611111111 ], [ 5.032061111111111, 45.561902777777775 ], [ 5.033519444444444, 45.562277777777773 ], [ 5.034972222222222, 45.562658333333331 ], [ 5.036422222222222, 45.563044444444444 ], [ 5.037869444444445, 45.563438888888889 ], [ 5.039311111111111, 45.563836111111108 ], [ 5.040752777777778, 45.564241666666661 ], [ 5.042188888888889, 45.564655555555554 ], [ 5.043619444444444, 45.565075 ], [ 5.045047222222222, 45.56549722222222 ], [ 5.046472222222222, 45.565927777777773 ], [ 5.047891666666667, 45.566366666666667 ], [ 5.049311111111111, 45.566811111111114 ], [ 5.050722222222222, 45.567258333333335 ], [ 5.052130555555555, 45.567713888888889 ], [ 5.053536111111111, 45.568177777777784 ], [ 5.054936111111111, 45.568644444444445 ], [ 5.056333333333333, 45.569119444444446 ], [ 5.057725, 45.5696 ], [ 5.059113888888889, 45.570086111111117 ], [ 5.063330555555555, 45.55555555555555 ], [ 5.063205555555555, 45.555291666666662 ], [ 5.066077777777777, 45.5551 ], [ 5.068952777777778, 45.554930555555551 ], [ 5.071830555555556, 45.554780555555553 ], [ 5.074713888888889, 45.554652777777775 ], [ 5.077594444444444, 45.554544444444439 ], [ 5.080477777777777, 45.55446111111111 ], [ 5.083363888888889, 45.554397222222221 ], [ 5.08625, 45.554355555555553 ], [ 5.08913611111111, 45.554333333333332 ], [ 5.092019444444444, 45.554333333333332 ], [ 5.094905555555555, 45.554352777777773 ], [ 5.097791666666667, 45.554397222222221 ], [ 5.100677777777777, 45.55446111111111 ], [ 5.103561111111111, 45.554544444444439 ], [ 5.106441666666666, 45.554652777777775 ], [ 5.109322222222222, 45.554780555555553 ], [ 5.112202777777777, 45.554927777777777 ], [ 5.181941666666667, 45.440555555555555 ], [ 5.126233333333333, 45.43002222222222 ], [ 5.102777777777778, 45.425555555555555 ], [ 5.102777777777778, 45.279166666666669 ], [ 5.143383333333333, 45.279166666666669 ], [ 5.184566666666667, 45.279166666666669 ], [ 5.19173888888889, 44.850716666666671 ], [ 5.028897222222223, 44.854755555555556 ], [ 5.028788888888889, 44.854738888888889 ], [ 5.0432, 44.914541666666665 ], [ 5.04355, 44.914541666666665 ], [ 5.0434, 44.918394444444445 ], [ 5.042833333333333, 44.922230555555551 ], [ 5.041852777777778, 44.926022222222223 ], [ 5.040461111111111, 44.92975 ], [ 5.038666666666667, 44.933391666666665 ], [ 5.036486111111111, 44.936925 ], [ 5.033925, 44.940327777777775 ], [ 5.031, 44.943580555555549 ], [ 5.027730555555555, 44.946663888888885 ], [ 5.024138888888888, 44.949561111111109 ], [ 5.020238888888889, 44.95225277777778 ], [ 5.016055555555556, 44.954725 ], [ 5.011619444444444, 44.956963888888893 ], [ 5.006952777777777, 44.958952777777782 ], [ 5.002080555555556, 44.960680555555555 ], [ 4.997036111111111, 44.962138888888894 ], [ 4.991847222222222, 44.963316666666671 ], [ 4.986547222222223, 44.964208333333339 ], [ 4.981163888888889, 44.964808333333337 ], [ 4.975730555555556, 44.965113888888894 ], [ 4.970283333333334, 44.965125 ], [ 4.96485, 44.964836111111111 ], [ 4.959461111111112, 44.96425277777778 ], [ 4.954155555555555, 44.963377777777779 ], [ 4.948958333333334, 44.96221388888889 ], [ 4.943905555555556, 44.960775 ], [ 4.939022222222222, 44.959061111111112 ], [ 4.934341666666667, 44.95708888888889 ], [ 4.929891666666667, 44.954863888888895 ], [ 4.925694444444445, 44.952405555555558 ], [ 4.921777777777778, 44.949727777777774 ], [ 4.918163888888889, 44.946841666666664 ], [ 4.914875, 44.943766666666662 ], [ 4.911930555555556, 44.940525 ], [ 4.909347222222222, 44.937127777777775 ], [ 4.907141666666667, 44.933602777777772 ], [ 4.905325, 44.929969444444446 ], [ 4.903911111111111, 44.926244444444443 ], [ 4.902905555555556, 44.922455555555551 ], [ 4.889844444444444, 44.871977777777779 ], [ 4.889566666666666, 44.87198055555556 ], [ 4.638888888888888, 45.06666666666667 ], [ 4.533330555555556, 45.266666666666666 ], [ 4.616666666666667, 45.283330555555551 ], [ 4.383055555555555, 45.743330555555559 ], [ 4.310555555555555, 45.884719444444443 ], [ 4.290277777777778, 45.923888888888889 ], [ 4.203611111111111, 46.086111111111116 ], [ 4.661388888888889, 46.203611111111115 ], [ 4.670830555555556, 46.218055555555559 ], [ 4.693058333333334, 46.250541666666663 ], [ 5.027061111111111, 45.895827777777775 ] ] ] } },
{ "type": "Feature", "properties": { "fir": "LFMM", "identifier": "LFMM:LYON VW1-N QFU35:000-035", "name": "LYON VW1-N QFU35", "level_lower": 0, "level_upper": 35 }, "geometry": { "type": "Polygon", "coordinates": [ [ [ 4.903911111111111, 44.926244444444443 ], [ 4.902905555555556, 44.922455555555551 ], [ 4.889844444444444, 44.871977777777779 ], [ 4.889566666666666, 44.87198055555556 ], [ 4.638888888888888, 45.06666666666667 ], [ 4.533330555555556, 45.266666666666666 ], [ 4.616666666666667, 45.283330555555551 ], [ 4.383055555555555, 45.743330555555559 ], [ 4.310555555555555, 45.884719444444443 ], [ 4.290277777777778, 45.923888888888889 ], [ 4.203611111111111, 46.086111111111116 ], [ 4.661388888888889, 46.203611111111115 ], [ 4.670830555555556, 46.218055555555559 ], [ 4.731111111111111, 46.307219444444442 ], [ 4.674722222222223, 46.5 ], [ 4.833333333333333, 46.5 ], [ 4.952777777777778, 46.5 ], [ 5.016666666666667, 46.5 ], [ 5.090552777777777, 46.5 ], [ 5.161666666666667, 46.5 ], [ 5.21865, 46.5 ], [ 5.586111111111111, 46.5 ], [ 5.606111111111111, 46.477222222222224 ], [ 5.407777777777778, 46.363333333333337 ], [ 5.109813888888889, 45.901641666666663 ], [ 5.107980555555555, 45.901741666666666 ], [ 5.1039, 45.901936111111112 ], [ 5.099813888888889, 45.902077777777777 ], [ 5.095725, 45.902169444444446 ], [ 5.091636111111111, 45.902211111111107 ], [ 5.087544444444444, 45.90219722222222 ], [ 5.083452777777778, 45.902133333333332 ], [ 5.079366666666666, 45.902016666666668 ], [ 5.075280555555556, 45.901847222222223 ], [ 5.071202777777778, 45.901627777777776 ], [ 5.067130555555555, 45.901355555555554 ], [ 5.063066666666667, 45.901033333333331 ], [ 5.059011111111111, 45.900658333333332 ], [ 5.054966666666666, 45.900233333333333 ], [ 5.050933333333333, 45.899755555555558 ], [ 5.046913888888889, 45.899227777777774 ], [ 5.042908333333333, 45.89865 ], [ 5.038919444444445, 45.898019444444444 ], [ 5.034947222222222, 45.897338888888889 ], [ 5.030994444444445, 45.896608333333333 ], [ 5.027061111111111, 45.895827777777775 ], [ 5.023147222222222, 45.894997222222223 ], [ 5.019255555555556, 45.894116666666669 ], [ 5.015391666666667, 45.893188888888886 ], [ 5.01155, 45.892211111111109 ], [ 5.007733333333333, 45.891186111111111 ], [ 5.003947222222222, 45.890111111111111 ], [ 5.000188888888889, 45.888988888888889 ], [ 4.996458333333333, 45.887816666666666 ], [ 4.992761111111111, 45.8866 ], [ 4.989097222222222, 45.885338888888889 ], [ 4.985466666666666, 45.884027777777774 ], [ 4.981869444444444, 45.882672222222226 ], [ 4.978311111111111, 45.881269444444442 ], [ 4.974786111111111, 45.879825 ], [ 4.971302777777778, 45.878336111111111 ], [ 4.967858333333333, 45.8768 ], [ 4.964452777777778, 45.87522222222222 ], [ 4.961091666666666, 45.873602777777776 ], [ 4.957775, 45.871938888888891 ], [ 4.9545, 45.870236111111112 ], [ 4.951269444444445, 45.868488888888891 ], [ 4.948086111111111, 45.866702777777775 ], [ 4.94495, 45.864875 ], [ 4.945266666666667, 45.864688888888892 ], [ 4.944141666666667, 45.864677777777779 ], [ 4.943016666666667, 45.864663888888892 ], [ 4.941891666666667, 45.864644444444444 ], [ 4.940766666666667, 45.864619444444443 ], [ 4.939641666666667, 45.864591666666669 ], [ 4.938516666666667, 45.864558333333335 ], [ 4.937394444444445, 45.864519444444447 ], [ 4.936269444444445, 45.864480555555559 ], [ 4.935147222222223, 45.864433333333338 ], [ 4.934025, 45.864383333333336 ], [ 4.9329, 45.864327777777781 ], [ 4.931777777777778, 45.864269444444446 ], [ 4.930658333333334, 45.864205555555557 ], [ 4.929536111111111, 45.864138888888888 ], [ 4.928416666666667, 45.864066666666666 ], [ 4.927297222222222, 45.86398888888889 ], [ 4.926177777777778, 45.863908333333335 ], [ 4.925058333333333, 45.863825 ], [ 4.923941666666667, 45.863733333333336 ], [ 4.922825, 45.863638888888893 ], [ 4.921708333333334, 45.86354166666667 ], [ 4.920591666666667, 45.863438888888894 ], [ 4.919477777777778, 45.863330555555557 ], [ 4.918363888888889, 45.863219444444447 ], [ 4.91725, 45.863105555555556 ], [ 4.916138888888889, 45.862986111111113 ], [ 4.915027777777778, 45.862861111111116 ], [ 4.913916666666667, 45.862730555555558 ], [ 4.912808333333333, 45.8626 ], [ 4.911702777777778, 45.862461111111109 ], [ 4.910594444444444, 45.862319444444445 ], [ 4.909488888888889, 45.862175 ], [ 4.908386111111112, 45.862022222222222 ], [ 4.907280555555556, 45.861869444444444 ], [ 4.906180555555556, 45.861711111111113 ], [ 4.905080555555556, 45.861544444444448 ], [ 4.903980555555556, 45.861377777777783 ], [ 4.902883333333333, 45.861205555555557 ], [ 4.901786111111112, 45.861030555555558 ], [ 4.900691666666667, 45.86085 ], [ 4.8996, 45.860666666666667 ], [ 4.898505555555555, 45.860477777777781 ], [ 4.897416666666667, 45.860283333333335 ], [ 4.896327777777778, 45.860086111111116 ], [ 4.895238888888889, 45.859886111111109 ], [ 4.894155555555555, 45.859677777777776 ], [ 4.893069444444444, 45.859469444444443 ], [ 4.891988888888888, 45.859252777777776 ], [ 4.890908333333333, 45.859036111111109 ], [ 4.889827777777778, 45.858813888888889 ], [ 4.888752777777778, 45.858586111111116 ], [ 4.887677777777777, 45.858355555555555 ], [ 4.886602777777777, 45.858119444444448 ], [ 4.885533333333333, 45.85788055555556 ], [ 4.884463888888888, 45.857636111111113 ], [ 4.883397222222222, 45.857388888888892 ], [ 4.882330555555556, 45.85713611111111 ], [ 4.881266666666667, 45.856880555555556 ], [ 4.880205555555556, 45.856619444444448 ], [ 4.879147222222223, 45.85635555555556 ], [ 4.878091666666667, 45.856086111111111 ], [ 4.877036111111112, 45.855813888888889 ], [ 4.875983333333334, 45.855536111111114 ], [ 4.874933333333334, 45.855255555555559 ], [ 4.873886111111111, 45.854969444444443 ], [ 4.872838888888889, 45.854680555555554 ], [ 4.871797222222223, 45.854388888888892 ], [ 4.870755555555556, 45.854091666666669 ], [ 4.869716666666667, 45.853788888888893 ], [ 4.868680555555556, 45.853483333333337 ], [ 4.867647222222223, 45.853175 ], [ 4.866616666666666, 45.85286111111111 ], [ 4.865588888888889, 45.852544444444447 ], [ 4.864563888888888, 45.852222222222224 ], [ 4.863538888888889, 45.85189722222222 ], [ 4.862519444444444, 45.85156666666667 ], [ 4.8615, 45.851233333333333 ], [ 4.86048611111111, 45.850897222222223 ], [ 4.859472222222222, 45.850555555555559 ], [ 4.858463888888888, 45.850211111111115 ], [ 4.857455555555555, 45.84986111111111 ], [ 4.856452777777777, 45.849508333333333 ], [ 4.85545, 45.84915 ], [ 4.854452777777778, 45.84878888888889 ], [ 4.853455555555556, 45.848425 ], [ 4.852463888888889, 45.848055555555561 ], [ 4.851475, 45.847683333333336 ], [ 4.850488888888888, 45.847305555555558 ], [ 4.849505555555555, 45.846927777777779 ], [ 4.848525, 45.846541666666667 ], [ 4.847547222222222, 45.846155555555555 ], [ 4.846572222222222, 45.845763888888889 ], [ 4.845602777777778, 45.845366666666671 ], [ 4.844633333333333, 45.844966666666672 ], [ 4.843669444444444, 45.844563888888892 ], [ 4.842708333333333, 45.844158333333333 ], [ 4.842777777777777, 45.844469444444449 ], [ 4.971666666666667, 45.551941666666664 ], [ 4.971694444444444, 45.552313888888889 ], [ 4.973236111111111, 45.552422222222219 ], [ 4.974780555555555, 45.552538888888883 ], [ 4.976319444444445, 45.552661111111107 ], [ 4.977861111111111, 45.552791666666664 ], [ 4.9794, 45.552927777777775 ], [ 4.980938888888889, 45.55307222222222 ], [ 4.982475, 45.553222222222217 ], [ 4.984011111111111, 45.553377777777776 ], [ 4.985544444444445, 45.553541666666661 ], [ 4.987077777777777, 45.553713888888886 ], [ 4.988608333333334, 45.553888888888885 ], [ 4.990136111111111, 45.554075 ], [ 4.991663888888889, 45.554263888888883 ], [ 4.993188888888889, 45.55446111111111 ], [ 4.994713888888889, 45.554663888888889 ], [ 4.996236111111111, 45.554875 ], [ 4.997755555555556, 45.555091666666662 ], [ 4.999275, 45.555316666666663 ], [ 5.000791666666666, 45.555547222222216 ], [ 5.002305555555555, 45.555783333333331 ], [ 5.003816666666666, 45.556027777777778 ], [ 5.005327777777778, 45.556277777777773 ], [ 5.006836111111111, 45.556536111111107 ], [ 5.008341666666666, 45.556797222222222 ], [ 5.009841666666667, 45.557066666666664 ], [ 5.011344444444444, 45.557344444444439 ], [ 5.012841666666667, 45.557627777777775 ], [ 5.014336111111112, 45.557916666666664 ], [ 5.015830555555556, 45.558213888888886 ], [ 5.017319444444444, 45.558516666666662 ], [ 5.018808333333333, 45.558827777777772 ], [ 5.020291666666667, 45.559141666666662 ], [ 5.021775, 45.559463888888885 ], [ 5.023252777777778, 45.559794444444442 ], [ 5.024727777777778, 45.560130555555553 ], [ 5.026202777777778, 45.560472222222216 ], [ 5.027669444444444, 45.560819444444441 ], [ 5.029138888888889, 45.561175 ], [ 5.030602777777777, 45.56153611111111 ], [ 5.032061111111111, 45.561902777777775 ], [ 5.033519444444444, 45.562277777777773 ], [ 5.034972222222222, 45.562658333333331 ], [ 5.036422222222222, 45.563044444444444 ], [ 5.037869444444445, 45.563438888888889 ], [ 5.039311111111111, 45.563836111111108 ], [ 5.040752777777778, 45.564241666666661 ], [ 5.042188888888889, 45.564655555555554 ], [ 5.043619444444444, 45.565075 ], [ 5.045047222222222, 45.56549722222222 ], [ 5.046472222222222, 45.565927777777773 ], [ 5.047891666666667, 45.566366666666667 ], [ 5.049311111111111, 45.566811111111114 ], [ 5.050722222222222, 45.567258333333335 ], [ 5.052130555555555, 45.567713888888889 ], [ 5.053536111111111, 45.568177777777784 ], [ 5.054936111111111, 45.568644444444445 ], [ 5.056333333333333, 45.569119444444446 ], [ 5.057725, 45.5696 ], [ 5.059113888888889, 45.570086111111117 ], [ 5.063330555555555, 45.55555555555555 ], [ 5.063205555555555, 45.555291666666662 ], [ 5.066077777777777, 45.5551 ], [ 5.068952777777778, 45.554930555555551 ], [ 5.071830555555556, 45.554780555555553 ], [ 5.074713888888889, 45.554652777777775 ], [ 5.077594444444444, 45.554544444444439 ], [ 5.080477777777777, 45.55446111111111 ], [ 5.083363888888889, 45.554397222222221 ], [ 5.08625, 45.554355555555553 ], [ 5.08913611111111, 45.554333333333332 ], [ 5.092019444444444, 45.554333333333332 ], [ 5.094905555555555, 45.554352777777773 ], [ 5.097791666666667, 45.554397222222221 ], [ 5.100677777777777, 45.55446111111111 ], [ 5.103561111111111, 45.554544444444439 ], [ 5.106441666666666, 45.554652777777775 ], [ 5.109322222222222, 45.554780555555553 ], [ 5.112202777777777, 45.554927777777777 ], [ 5.126233333333333, 45.43002222222222 ], [ 5.102777777777778, 45.425555555555555 ], [ 5.102777777777778, 45.279166666666669 ], [ 5.143383333333333, 45.279166666666669 ], [ 5.19173888888889, 44.850716666666671 ], [ 5.028897222222223, 44.854755555555556 ], [ 5.028788888888889, 44.854738888888889 ], [ 5.0432, 44.914541666666665 ], [ 5.04355, 44.914541666666665 ], [ 5.0434, 44.918394444444445 ], [ 5.042833333333333, 44.922230555555551 ], [ 5.041852777777778, 44.926022222222223 ], [ 5.040461111111111, 44.92975 ], [ 5.038666666666667, 44.933391666666665 ], [ 5.036486111111111, 44.936925 ], [ 5.033925, 44.940327777777775 ], [ 5.031, 44.943580555555549 ], [ 5.027730555555555, 44.946663888888885 ], [ 5.024138888888888, 44.949561111111109 ], [ 5.020238888888889, 44.95225277777778 ], [ 5.016055555555556, 44.954725 ], [ 5.011619444444444, 44.956963888888893 ], [ 5.006952777777777, 44.958952777777782 ], [ 5.002080555555556, 44.960680555555555 ], [ 4.997036111111111, 44.962138888888894 ], [ 4.991847222222222, 44.963316666666671 ], [ 4.986547222222223, 44.964208333333339 ], [ 4.981163888888889, 44.964808333333337 ], [ 4.975730555555556, 44.965113888888894 ], [ 4.970283333333334, 44.965125 ], [ 4.96485, 44.964836111111111 ], [ 4.959461111111112, 44.96425277777778 ], [ 4.954155555555555, 44.963377777777779 ], [ 4.948958333333334, 44.96221388888889 ], [ 4.943905555555556, 44.960775 ], [ 4.939022222222222, 44.959061111111112 ], [ 4.934341666666667, 44.95708888888889 ], [ 4.929891666666667, 44.954863888888895 ], [ 4.925694444444445, 44.952405555555558 ], [ 4.921777777777778, 44.949727777777774 ], [ 4.918163888888889, 44.946841666666664 ], [ 4.914875, 44.943766666666662 ], [ 4.911930555555556, 44.940525 ], [ 4.909347222222222, 44.937127777777775 ], [ 4.907141666666667, 44.933602777777772 ], [ 4.905325, 44.929969444444446 ], [ 4.903911111111111, 44.926244444444443 ] ] ] } },
{ "type": "Feature", "properties": { "fir": "LFMM", "identifier": "LFMM:LYON VW1-S QFU17:000-035", "name": "LYON VW1-S QFU17", "level_lower": 0, "level_upper": 35 }, "geometry": { "type": "Polygon", "coordinates": [ [ [ 4.638888888888888, 45.06666666666667 ], [ 4.889566666666666, 44.87198055555556 ], [ 4.889063888888888, 44.868063888888891 ], [ 4.888997222222222, 44.864133333333335 ], [ 4.889366666666666, 44.860211111111113 ], [ 4.890166666666667, 44.856319444444445 ], [ 4.891391666666666, 44.852486111111112 ], [ 4.893038888888888, 44.848730555555555 ], [ 4.895094444444444, 44.845080555555555 ], [ 4.89755, 44.841555555555558 ], [ 4.900383333333334, 44.838175 ], [ 4.903580555555556, 44.834963888888893 ], [ 4.907125, 44.831938888888892 ], [ 4.910991666666667, 44.829119444444444 ], [ 4.915155555555556, 44.826525 ], [ 4.919594444444445, 44.824169444444451 ], [ 4.924277777777778, 44.822066666666672 ], [ 4.929180555555556, 44.820230555555561 ], [ 4.934269444444444, 44.818672222222226 ], [ 4.939513888888889, 44.817402777777779 ], [ 4.944883333333333, 44.816427777777776 ], [ 4.950341666666667, 44.815752777777774 ], [ 4.955861111111111, 44.815380555555549 ], [ 4.961402777777778, 44.815319444444441 ], [ 4.966933333333333, 44.815563888888889 ], [ 4.972422222222223, 44.816116666666666 ], [ 4.977830555555555, 44.816969444444446 ], [ 4.983130555555555, 44.818122222222229 ], [ 4.988288888888889, 44.819566666666667 ], [ 4.993269444444445, 44.821288888888894 ], [ 4.998044444444444, 44.823286111111116 ], [ 5.002586111111111, 44.825541666666673 ], [ 5.006863888888889, 44.828041666666671 ], [ 5.010855555555556, 44.830769444444449 ], [ 5.014530555555556, 44.833713888888894 ], [ 5.017872222222223, 44.83685 ], [ 5.020855555555555, 44.840163888888888 ], [ 5.023466666666667, 44.843633333333337 ], [ 5.025686111111111, 44.847236111111116 ], [ 5.0275, 44.850952777777778 ], [ 5.028897222222223, 44.854755555555556 ], [ 5.19173888888889, 44.850716666666671 ], [ 5.023330555555556, 44.666666666666664 ], [ 4.851388888888889, 44.666666666666664 ], [ 4.638888888888888, 45.06666666666667 ] ] ] } },
{ "type": "Feature", "properties": { "fir": "LFMM", "identifier": "LFMM:LYON VW1-S QFU35:000-035", "name": "LYON VW1-S QFU35", "level_lower": 0, "level_upper": 35 }, "geometry": { "type": "Polygon", "coordinates": [ [ [ 4.638888888888888, 45.06666666666667 ], [ 4.889566666666666, 44.87198055555556 ], [ 4.889063888888888, 44.868063888888891 ], [ 4.888997222222222, 44.864133333333335 ], [ 4.889366666666666, 44.860211111111113 ], [ 4.890166666666667, 44.856319444444445 ], [ 4.891391666666666, 44.852486111111112 ], [ 4.893038888888888, 44.848730555555555 ], [ 4.895094444444444, 44.845080555555555 ], [ 4.89755, 44.841555555555558 ], [ 4.900383333333334, 44.838175 ], [ 4.903580555555556, 44.834963888888893 ], [ 4.907125, 44.831938888888892 ], [ 4.910991666666667, 44.829119444444444 ], [ 4.915155555555556, 44.826525 ], [ 4.919594444444445, 44.824169444444451 ], [ 4.924277777777778, 44.822066666666672 ], [ 4.929180555555556, 44.820230555555561 ], [ 4.934269444444444, 44.818672222222226 ], [ 4.939513888888889, 44.817402777777779 ], [ 4.944883333333333, 44.816427777777776 ], [ 4.950341666666667, 44.815752777777774 ], [ 4.955861111111111, 44.815380555555549 ], [ 4.961402777777778, 44.815319444444441 ], [ 4.966933333333333, 44.815563888888889 ], [ 4.972422222222223, 44.816116666666666 ], [ 4.977830555555555, 44.816969444444446 ], [ 4.983130555555555, 44.818122222222229 ], [ 4.988288888888889, 44.819566666666667 ], [ 4.993269444444445, 44.821288888888894 ], [ 4.998044444444444, 44.823286111111116 ], [ 5.002586111111111, 44.825541666666673 ], [ 5.006863888888889, 44.828041666666671 ], [ 5.010855555555556, 44.830769444444449 ], [ 5.014530555555556, 44.833713888888894 ], [ 5.017872222222223, 44.83685 ], [ 5.020855555555555, 44.840163888888888 ], [ 5.023466666666667, 44.843633333333337 ], [ 5.025686111111111, 44.847236111111116 ], [ 5.0275, 44.850952777777778 ], [ 5.028897222222223, 44.854755555555556 ], [ 5.19173888888889, 44.850716666666671 ], [ 5.023330555555556, 44.666666666666664 ], [ 4.851388888888889, 44.666666666666664 ], [ 4.638888888888888, 45.06666666666667 ] ] ] } },
{ "type": "Feature", "properties": { "fir": "LFMM", "identifier": "LFMM:LYON VW2 QFU35:085-115", "name": "LYON VW2 QFU35", "level_lower": 85, "level_upper": 115 }, "geometry": { "type": "Polygon", "coordinates": [ [ [ 4.731111111111111, 46.307219444444442 ], [ 4.670830555555556, 46.218055555555559 ], [ 4.661388888888889, 46.203611111111115 ], [ 4.203611111111111, 46.086111111111116 ], [ 4.290277777777778, 45.923888888888889 ], [ 4.310555555555555, 45.884719444444443 ], [ 3.915, 45.938608333333327 ], [ 3.898055555555556, 45.969441666666668 ], [ 3.853888888888889, 46.05 ], [ 4.05, 46.175 ], [ 4.4, 46.5 ], [ 4.674722222222223, 46.5 ], [ 4.731111111111111, 46.307219444444442 ] ] ] } },
{ "type": "Feature", "properties": { "fir": "LFMM", "identifier": "LFMM:LYON VW2-E QFU17:085-115", "name": "LYON VW2-E QFU17", "level_lower": 85, "level_upper": 115 }, "geometry": { "type": "Polygon", "coordinates": [ [ [ 4.4, 46.5 ], [ 4.674722222222223, 46.5 ], [ 4.731111111111111, 46.307219444444442 ], [ 4.693058333333334, 46.250541666666663 ], [ 4.4, 46.5 ] ] ] } },
{ "type": "Feature", "properties": { "fir": "LFMM", "identifier": "LFMM:LYON VW2-W QFU17:085-115", "name": "LYON VW2-W QFU17", "level_lower": 85, "level_upper": 115 }, "geometry": { "type": "Polygon", "coordinates": [ [ [ 4.310555555555555, 45.884719444444443 ], [ 3.915, 45.938608333333327 ], [ 3.898055555555556, 45.969441666666668 ], [ 3.853888888888889, 46.05 ], [ 4.05, 46.175 ], [ 4.4, 46.5 ], [ 4.693058333333334, 46.250541666666663 ], [ 4.670830555555556, 46.218055555555559 ], [ 4.661388888888889, 46.203611111111115 ], [ 4.203611111111111, 46.086111111111116 ], [ 4.290277777777778, 45.923888888888889 ], [ 4.310555555555555, 45.884719444444443 ] ] ] } },
{ "type": "Feature", "properties": { "fir": "LFMM", "identifier": "LFMM:LYON VW3:085-145", "name": "LYON VW3", "level_lower": 85, "level_upper": 145 }, "geometry": { "type": "Polygon", "coordinates": [ [ [ 4.310555555555555, 45.884719444444443 ], [ 4.383055555555555, 45.743330555555559 ], [ 4.616666666666667, 45.283330555555551 ], [ 4.533330555555556, 45.266666666666666 ], [ 4.638888888888888, 45.06666666666667 ], [ 4.851388888888889, 44.666666666666664 ], [ 4.745, 44.668611111111112 ], [ 4.454719444444445, 44.668611111111112 ], [ 4.171666666666667, 44.904441666666663 ], [ 4.042219444444444, 45.136941666666665 ], [ 4.108888888888888, 45.581666666666671 ], [ 4.093552777777777, 45.609963888888892 ], [ 3.915, 45.938608333333327 ], [ 4.310555555555555, 45.884719444444443 ] ] ] } },
{ "type": "Feature", "properties": { "fir": "LFMM", "identifier": "LFMM:M1 UAC:245-335", "name": "M1 UAC", "level_lower": 245, "level_upper": 335 }, "geometry": { "type": "Polygon", "coordinates": [ [ [ 5.175, 43.95 ], [ 5.277777777777778, 43.95 ], [ 5.428055555555556, 43.791111111111107 ], [ 5.676388888888889, 43.633055555555558 ], [ 5.711388888888889, 43.613333333333337 ], [ 5.751111111111111, 43.599444444444444 ], [ 5.791388888888889, 43.595833333333339 ], [ 5.826388888888888, 43.596388888888889 ], [ 5.861388888888889, 43.602222222222224 ], [ 5.876388888888889, 43.366944444444442 ], [ 4.345830555555556, 42.095277777777781 ], [ 4.041111111111111, 42.194722222222218 ], [ 3.508333333333333, 42.3575 ], [ 3.375555555555556, 42.374722222222225 ], [ 3.166666666666667, 42.43333333333333 ], [ 3.841944444444445, 43.603055555555557 ], [ 4.116663888888889, 43.95 ], [ 5.175, 43.95 ] ] ] } },
{ "type": "Feature", "properties": { "fir": "LFMM", "identifier": "LFMM:M2 UAC:335-355", "name": "M2 UAC", "level_lower": 335, "level_upper": 355 }, "geometry": { "type": "Polygon", "coordinates": [ [ [ 5.175, 43.95 ], [ 5.277777777777778, 43.95 ], [ 5.428055555555556, 43.791111111111107 ], [ 5.676388888888889, 43.633055555555558 ], [ 5.711388888888889, 43.613333333333337 ], [ 5.751111111111111, 43.599444444444444 ], [ 5.791388888888889, 43.595833333333339 ], [ 5.826388888888888, 43.596388888888889 ], [ 5.861388888888889, 43.602222222222224 ], [ 5.876388888888889, 43.366944444444442 ], [ 4.345830555555556, 42.095277777777781 ], [ 4.041111111111111, 42.194722222222218 ], [ 3.508333333333333, 42.3575 ], [ 3.375555555555556, 42.374722222222225 ], [ 3.166666666666667, 42.43333333333333 ], [ 3.841944444444445, 43.603055555555557 ], [ 4.116663888888889, 43.95 ], [ 5.175, 43.95 ] ] ] } },
{ "type": "Feature", "properties": { "fir": "LFMM", "identifier": "LFMM:M3 UAC:355-375", "name": "M3 UAC", "level_lower": 355, "level_upper": 375 }, "geometry": { "type": "Polygon", "coordinates": [ [ [ 5.175, 43.95 ], [ 5.277777777777778, 43.95 ], [ 5.428055555555556, 43.791111111111107 ], [ 5.676388888888889, 43.633055555555558 ], [ 5.711388888888889, 43.613333333333337 ], [ 5.751111111111111, 43.599444444444444 ], [ 5.791388888888889, 43.595833333333339 ], [ 5.826388888888888, 43.596388888888889 ], [ 5.861388888888889, 43.602222222222224 ], [ 5.876388888888889, 43.366944444444442 ], [ 4.345830555555556, 42.095277777777781 ], [ 4.041111111111111, 42.194722222222218 ], [ 3.508333333333333, 42.3575 ], [ 3.375555555555556, 42.374722222222225 ], [ 3.166666666666667, 42.43333333333333 ], [ 3.841944444444445, 43.603055555555557 ], [ 4.116663888888889, 43.95 ], [ 5.175, 43.95 ] ] ] } },
{ "type": "Feature", "properties": { "fir": "LFMM", "identifier": "LFMM:M4 UAC:375-660", "name": "M4 UAC", "level_lower": 375, "level_upper": 660 }, "geometry": { "type": "Polygon", "coordinates": [ [ [ 5.175, 43.95 ], [ 5.277777777777778, 43.95 ], [ 5.428055555555556, 43.791111111111107 ], [ 5.676388888888889, 43.633055555555558 ], [ 5.711388888888889, 43.613333333333337 ], [ 5.751111111111111, 43.599444444444444 ], [ 5.791388888888889, 43.595833333333339 ], [ 5.826388888888888, 43.596388888888889 ], [ 5.861388888888889, 43.602222222222224 ], [ 5.876388888888889, 43.366944444444442 ], [ 4.345830555555556, 42.095277777777781 ], [ 4.041111111111111, 42.194722222222218 ], [ 3.508333333333333, 42.3575 ], [ 3.375555555555556, 42.374722222222225 ], [ 3.166666666666667, 42.43333333333333 ], [ 3.841944444444445, 43.603055555555557 ], [ 4.116663888888889, 43.95 ], [ 5.175, 43.95 ] ] ] } },
{ "type": "Feature", "properties": { "fir": "LFMM", "identifier": "LFMM:ML1 UAC:145-195", "name": "ML1 UAC", "level_lower": 145, "level_upper": 195 }, "geometry": { "type": "Polygon", "coordinates": [ [ [ 4.433611111111111, 42.0675 ], [ 4.345830555555556, 42.095277777777781 ], [ 4.041111111111111, 42.194722222222218 ], [ 3.508333333333333, 42.3575 ], [ 3.375555555555556, 42.374722222222225 ], [ 3.166666666666667, 42.43333333333333 ], [ 3.099444444444444, 42.434444444444438 ], [ 3.0425, 42.478055555555557 ], [ 2.949444444444445, 42.483055555555559 ], [ 2.875833333333333, 42.465 ], [ 2.735555555555556, 42.591111111111111 ], [ 2.275, 43.0 ], [ 2.572222222222222, 43.258333333333333 ], [ 2.706941666666667, 43.2125 ], [ 2.709444444444445, 43.714722222222228 ], [ 2.904166666666667, 44.249444444444443 ], [ 3.577777777777778, 44.25 ], [ 3.883055555555555, 43.864166666666669 ], [ 4.006388888888889, 43.811388888888885 ], [ 4.566666666666666, 43.583333333333336 ], [ 5.083333333333333, 43.583333333333336 ], [ 5.277777777777778, 43.95 ], [ 5.416944444444445, 43.468055555555559 ], [ 5.435833333333334, 43.407222222222224 ], [ 5.707777777777778, 43.085 ], [ 6.172777777777778, 42.731111111111112 ], [ 6.253636111111111, 42.668855555555552 ], [ 6.483333333333333, 42.491666666666667 ], [ 6.358888888888888, 42.285277777777779 ], [ 6.183333333333334, 41.991666666666667 ], [ 5.193055555555556, 41.619722222222222 ], [ 4.666666666666667, 41.141666666666666 ], [ 4.666666666666667, 42.0 ], [ 4.433611111111111, 42.0675 ] ] ] } },
{ "type": "Feature", "properties": { "fir": "LFMM", "identifier": "LFMM:ML1 UAC:000-145", "name": "ML1 UAC", "level_lower": 0, "level_upper": 145 }, "geometry": { "type": "Polygon", "coordinates": [ [ [ 3.564719444444444, 42.409166666666664 ], [ 3.489166666666667, 42.603055555555557 ], [ 3.338330555555556, 42.987219444444449 ], [ 3.355555555555556, 43.0 ], [ 4.05, 43.0 ], [ 4.283330555555556, 43.0 ], [ 4.283330555555556, 42.5 ], [ 5.633330555555556, 42.5 ], [ 5.633330555555556, 42.666666666666664 ], [ 6.253636111111111, 42.668855555555552 ], [ 6.483333333333333, 42.491666666666667 ], [ 6.358888888888888, 42.285277777777779 ], [ 6.183333333333334, 41.991666666666667 ], [ 5.193055555555556, 41.619722222222222 ], [ 4.666666666666667, 41.141666666666666 ], [ 4.666666666666667, 42.0 ], [ 4.433611111111111, 42.0675 ], [ 4.345830555555556, 42.095277777777781 ], [ 4.041111111111111, 42.194722222222218 ], [ 3.508333333333333, 42.3575 ], [ 3.564719444444444, 42.409166666666664 ] ] ] } },
{ "type": "Feature", "properties": { "fir": "LFMM", "identifier": "LFMM:ML2 UAC:195-245", "name": "ML2 UAC", "level_lower": 195, "level_upper": 245 }, "geometry": { "type": "Polygon", "coordinates": [ [ [ 4.666666666666667, 41.141666666666666 ], [ 4.666666666666667, 42.0 ], [ 4.433611111111111, 42.0675 ], [ 4.345830555555556, 42.095277777777781 ], [ 4.041111111111111, 42.194722222222218 ], [ 3.508333333333333, 42.3575 ], [ 3.375555555555556, 42.374722222222225 ], [ 3.166666666666667, 42.43333333333333 ], [ 3.654719444444444, 43.271388888888886 ], [ 4.006388888888889, 43.811388888888885 ], [ 4.566666666666666, 43.583333333333336 ], [ 5.083333333333333, 43.583333333333336 ], [ 5.277777777777778, 43.95 ], [ 5.416944444444445, 43.468055555555559 ], [ 5.435833333333334, 43.407222222222224 ], [ 5.707777777777778, 43.085 ], [ 6.172777777777778, 42.731111111111112 ], [ 6.253636111111111, 42.668855555555552 ], [ 6.483333333333333, 42.491666666666667 ], [ 6.358888888888888, 42.285277777777779 ], [ 6.183333333333334, 41.991666666666667 ], [ 5.193055555555556, 41.619722222222222 ], [ 4.666666666666667, 41.141666666666666 ] ] ] } },
{ "type": "Feature", "properties": { "fir": "LFMM", "identifier": "LFMM:MN1 UAC:175-195", "name": "MN1 UAC", "level_lower": 175, "level_upper": 195 }, "geometry": { "type": "Polygon", "coordinates": [ [ [ 6.705830555555556, 43.307219444444442 ], [ 6.705830555555556, 43.575830555555562 ], [ 6.581752777777777, 43.643275 ], [ 6.029722222222222, 43.943333333333328 ], [ 5.6275, 44.158055555555556 ], [ 5.366666666666666, 44.363888888888887 ], [ 5.362566666666666, 44.522166666666664 ], [ 5.366111111111111, 44.538333333333334 ], [ 6.14, 44.538333333333334 ], [ 6.285, 44.365277777777777 ], [ 6.673505555555556, 45.020155555555554 ], [ 6.7432, 45.017363888888887 ], [ 6.751269444444445, 44.996125 ], [ 6.737880555555556, 44.993211111111115 ], [ 6.73805, 44.988961111111109 ], [ 6.748866666666666, 44.985441666666667 ], [ 6.750583333333333, 44.97730555555556 ], [ 6.7626, 44.971355555555554 ], [ 6.765344444444445, 44.96018055555556 ], [ 6.757791666666667, 44.94669722222222 ], [ 6.743372222222222, 44.936002777777773 ], [ 6.754530555555555, 44.93795 ], [ 6.758822222222222, 44.936733333333329 ], [ 6.760711111111111, 44.930413888888886 ], [ 6.754188888888889, 44.93175 ], [ 6.750066666666667, 44.905738888888891 ], [ 6.771525, 44.902941666666663 ], [ 6.785430555555555, 44.889322222222219 ], [ 6.800536111111111, 44.890661111111108 ], [ 6.806544444444445, 44.876308333333334 ], [ 6.862333333333333, 44.850025 ], [ 6.915205555555556, 44.847105555555558 ], [ 6.932372222222223, 44.862680555555556 ], [ 7.005841666666667, 44.840288888888892 ], [ 7.008588888888889, 44.825194444444449 ], [ 7.024383333333334, 44.823244444444448 ], [ 7.0125, 44.8 ], [ 7.128055555555555, 44.813888888888883 ], [ 7.285555555555556, 44.142222222222223 ], [ 7.625277777777778, 44.145555555555553 ], [ 7.751944444444445, 44.023055555555551 ], [ 7.753333333333333, 43.938611111111108 ], [ 7.755277777777778, 43.81944444444445 ], [ 7.8375, 43.70194444444445 ], [ 8.321719444444444, 43.570277777777783 ], [ 8.0375, 43.431111111111107 ], [ 7.568483333333333, 43.307922222222217 ], [ 7.559838888888889, 43.30565 ], [ 7.278888888888889, 43.252219444444442 ], [ 6.705830555555556, 43.307219444444442 ] ] ] } },
{ "type": "Feature", "properties": { "fir": "LFMM", "identifier": "LFMM:MN1 UAC:000-145", "name": "MN1 UAC", "level_lower": 0, "level_upper": 145 }, "geometry": { "type": "Polygon", "coordinates": [ [ [ 7.025, 44.232219444444446 ], [ 7.010019444444445, 44.22913611111111 ], [ 6.995116666666667, 44.225872222222222 ], [ 6.980291666666667, 44.222425 ], [ 6.96555, 44.2188 ], [ 6.9509, 44.21499444444445 ], [ 6.936338888888889, 44.211011111111112 ], [ 6.921875, 44.20685 ], [ 6.907511111111112, 44.202513888888895 ], [ 6.893252777777778, 44.198002777777774 ], [ 6.879102777777779, 44.193319444444441 ], [ 6.865066666666666, 44.188463888888883 ], [ 6.851147222222222, 44.183438888888887 ], [ 6.83735, 44.178241666666665 ], [ 6.823675, 44.172877777777778 ], [ 6.810130555555555, 44.16735 ], [ 6.796719444444444, 44.161655555555555 ], [ 6.783441666666667, 44.1558 ], [ 6.770308333333333, 44.149780555555552 ], [ 6.757316666666667, 44.14360277777778 ], [ 6.744475, 44.137266666666669 ], [ 6.731783333333333, 44.13077222222222 ], [ 6.71925, 44.12412777777778 ], [ 6.706872222222223, 44.117327777777781 ], [ 6.694658333333334, 44.110377777777778 ], [ 6.682611111111111, 44.103277777777777 ], [ 6.670733333333334, 44.096033333333338 ], [ 6.659027777777778, 44.088641666666668 ], [ 6.6475, 44.081111111111113 ], [ 6.713880555555556, 43.772133333333329 ], [ 6.733611111111111, 43.68 ], [ 6.631941666666667, 43.655555555555551 ], [ 6.581752777777777, 43.643275 ], [ 6.029722222222222, 43.943333333333328 ], [ 5.6275, 44.158055555555556 ], [ 5.366666666666666, 44.363888888888887 ], [ 5.362566666666666, 44.522166666666664 ], [ 5.366111111111111, 44.538333333333334 ], [ 6.14, 44.538333333333334 ], [ 6.285, 44.365277777777777 ], [ 6.673505555555556, 45.020155555555554 ], [ 6.7432, 45.017363888888887 ], [ 6.751269444444445, 44.996125 ], [ 6.737880555555556, 44.993211111111115 ], [ 6.73805, 44.988961111111109 ], [ 6.748866666666666, 44.985441666666667 ], [ 6.750583333333333, 44.97730555555556 ], [ 6.7626, 44.971355555555554 ], [ 6.765344444444445, 44.96018055555556 ], [ 6.757791666666667, 44.94669722222222 ], [ 6.743372222222222, 44.936002777777773 ], [ 6.754530555555555, 44.93795 ], [ 6.758822222222222, 44.936733333333329 ], [ 6.760711111111111, 44.930413888888886 ], [ 6.754188888888889, 44.93175 ], [ 6.750066666666667, 44.905738888888891 ], [ 6.771525, 44.902941666666663 ], [ 6.785430555555555, 44.889322222222219 ], [ 6.800536111111111, 44.890661111111108 ], [ 6.806544444444445, 44.876308333333334 ], [ 6.862333333333333, 44.850025 ], [ 6.915205555555556, 44.847105555555558 ], [ 6.932372222222223, 44.862680555555556 ], [ 7.005841666666667, 44.840288888888892 ], [ 7.008588888888889, 44.825194444444449 ], [ 7.024383333333334, 44.823244444444448 ], [ 7.0125, 44.8 ], [ 7.009452777777778, 44.79985 ], [ 7.008441666666666, 44.797955555555554 ], [ 6.999438888888889, 44.789605555555553 ], [ 7.008227777777778, 44.784502777777774 ], [ 7.012266666666667, 44.78295 ], [ 7.019894444444445, 44.774202777777774 ], [ 7.021530555555556, 44.771241666666668 ], [ 7.024255555555555, 44.768838888888887 ], [ 7.022025, 44.765466666666669 ], [ 7.024925, 44.761169444444441 ], [ 7.024216666666667, 44.755427777777776 ], [ 7.021938888888889, 44.753991666666664 ], [ 7.022430555555555, 44.749816666666668 ], [ 7.026016666666667, 44.743541666666665 ], [ 7.023763888888888, 44.739777777777782 ], [ 7.030444444444444, 44.732552777777776 ], [ 7.030744444444444, 44.729244444444447 ], [ 7.043294444444444, 44.718275 ], [ 7.057027777777778, 44.714602777777777 ], [ 7.065988888888889, 44.713386111111113 ], [ 7.066030555555556, 44.707469444444449 ], [ 7.068994444444444, 44.70185 ], [ 7.070952777777777, 44.699686111111106 ], [ 7.075355555555555, 44.689030555555554 ], [ 7.076494444444444, 44.680788888888884 ], [ 7.069855555555555, 44.679766666666666 ], [ 7.058166666666667, 44.680605555555552 ], [ 7.05215, 44.682677777777776 ], [ 7.046669444444444, 44.68376111111111 ], [ 7.033691666666667, 44.690341666666662 ], [ 7.027480555555555, 44.691241666666663 ], [ 7.020494444444444, 44.69029444444444 ], [ 7.016952777777778, 44.689063888888889 ], [ 7.006275, 44.688180555555554 ], [ 7.00245, 44.687175 ], [ 6.998130555555556, 44.69045 ], [ 6.987213888888889, 44.689030555555554 ], [ 6.978466666666667, 44.683577777777778 ], [ 6.970325, 44.677038888888887 ], [ 6.962502777777778, 44.677588888888884 ], [ 6.957902777777778, 44.671855555555553 ], [ 6.958394444444445, 44.666311111111106 ], [ 6.958716666666667, 44.662441666666666 ], [ 6.950144444444445, 44.657291666666666 ], [ 6.947994444444444, 44.652613888888887 ], [ 6.953044444444445, 44.644841666666665 ], [ 6.954036111111111, 44.63675 ], [ 6.963813888888889, 44.625866666666667 ], [ 6.968280555555555, 44.624694444444444 ], [ 6.967569444444445, 44.619255555555554 ], [ 6.963102777777778, 44.619269444444448 ], [ 6.957688888888889, 44.621175 ], [ 6.948963888888889, 44.618705555555557 ], [ 6.950444444444445, 44.610891666666667 ], [ 6.945161111111111, 44.605813888888889 ], [ 6.937530555555556, 44.602875 ], [ 6.937425, 44.598438888888893 ], [ 6.933386111111111, 44.595925 ], [ 6.933619444444445, 44.585041666666669 ], [ 6.931816666666667, 44.58260555555556 ], [ 6.933063888888889, 44.573980555555558 ], [ 6.929711111111112, 44.572091666666672 ], [ 6.918452777777778, 44.569577777777781 ], [ 6.9125, 44.568527777777781 ], [ 6.91546388888889, 44.562475 ], [ 6.915555555555556, 44.559091666666667 ], [ 6.904566666666667, 44.556227777777778 ], [ 6.901025, 44.554002777777775 ], [ 6.8972, 44.555405555555552 ], [ 6.891566666666666, 44.554244444444443 ], [ 6.889186111111111, 44.552294444444442 ], [ 6.882027777777778, 44.552416666666666 ], [ 6.878636111111112, 44.554366666666667 ], [ 6.876055555555556, 44.550225 ], [ 6.876636111111112, 44.546277777777775 ], [ 6.87335, 44.546091666666662 ], [ 6.8689, 44.536705555555557 ], [ 6.857491666666666, 44.533519444444444 ], [ 6.853513888888888, 44.528019444444446 ], [ 6.857766666666667, 44.520966666666666 ], [ 6.856825, 44.514669444444444 ], [ 6.859188888888888, 44.509277777777775 ], [ 6.858886111111111, 44.506338888888891 ], [ 6.862927777777777, 44.499525 ], [ 6.865116666666666, 44.496875 ], [ 6.868230555555556, 44.49283611111111 ], [ 6.877105555555556, 44.487880555555556 ], [ 6.876591666666667, 44.481419444444448 ], [ 6.884819444444444, 44.475766666666665 ], [ 6.892941666666666, 44.471941666666666 ], [ 6.902955555555556, 44.469352777777779 ], [ 6.906352777777778, 44.466744444444444 ], [ 6.909294444444445, 44.458580555555557 ], [ 6.911530555555556, 44.452666666666673 ], [ 6.914044444444444, 44.44965 ], [ 6.922855555555556, 44.445502777777776 ], [ 6.937102777777778, 44.438875 ], [ 6.939402777777778, 44.434225 ], [ 6.948080555555555, 44.429716666666664 ], [ 6.945786111111111, 44.427338888888883 ], [ 6.933469444444444, 44.429852777777775 ], [ 6.932375, 44.424638888888886 ], [ 6.923802777777778, 44.422936111111106 ], [ 6.917141666666667, 44.4272 ], [ 6.902955555555556, 44.421002777777773 ], [ 6.898425, 44.421691666666668 ], [ 6.895502777777777, 44.420769444444439 ], [ 6.892686111111111, 44.420036111111109 ], [ 6.895091666666667, 44.40891388888889 ], [ 6.897630555555555, 44.405216666666668 ], [ 6.894513888888889, 44.400519444444441 ], [ 6.895416666666666, 44.396805555555552 ], [ 6.896444444444444, 44.394002777777779 ], [ 6.895305555555555, 44.387788888888892 ], [ 6.895825, 44.377111111111113 ], [ 6.896380555555555, 44.373627777777777 ], [ 6.893780555555555, 44.369180555555559 ], [ 6.887702777777777, 44.366494444444449 ], [ 6.887741666666666, 44.36098888888889 ], [ 6.901238888888889, 44.357827777777779 ], [ 6.906394444444445, 44.357869444444447 ], [ 6.913055555555556, 44.353255555555556 ], [ 6.919716666666667, 44.352116666666667 ], [ 6.922363888888889, 44.350291666666671 ], [ 6.921480555555556, 44.345661111111113 ], [ 6.922166666666667, 44.341855555555561 ], [ 6.924102777777778, 44.339955555555555 ], [ 6.927713888888889, 44.332205555555561 ], [ 6.937038888888889, 44.328169444444448 ], [ 6.939252777777778, 44.324536111111115 ], [ 6.943269444444445, 44.323416666666667 ], [ 6.947225, 44.320255555555562 ], [ 6.953130555555556, 44.318519444444448 ], [ 6.954891666666667, 44.314641666666667 ], [ 6.960566666666667, 44.310805555555554 ], [ 6.959513888888889, 44.306891666666665 ], [ 6.957988888888889, 44.30375 ], [ 6.957730555555556, 44.300236111111111 ], [ 6.956336111111112, 44.296616666666665 ], [ 6.960375, 44.294052777777779 ], [ 6.963855555555556, 44.29400555555555 ], [ 6.967980555555556, 44.295113888888885 ], [ 6.971330555555555, 44.292963888888885 ], [ 6.969463888888889, 44.285952777777773 ], [ 6.972705555555556, 44.283952777777777 ], [ 6.980575, 44.286780555555552 ], [ 6.995216666666667, 44.280169444444446 ], [ 6.995527777777778, 44.275719444444441 ], [ 6.997141666666667, 44.27236111111111 ], [ 6.995805555555556, 44.267788888888887 ], [ 6.996366666666667, 44.264277777777778 ], [ 6.998, 44.257541666666668 ], [ 6.997313888888889, 44.251375 ], [ 7.00075, 44.246019444444443 ], [ 7.001930555555556, 44.24335277777778 ], [ 7.004402777777778, 44.241236111111114 ], [ 7.008205555555556, 44.236141666666668 ], [ 7.014225, 44.233991666666668 ], [ 7.01805, 44.232213888888893 ], [ 7.0234, 44.234116666666665 ], [ 7.025, 44.232219444444446 ] ] ] } },
{ "type": "Feature", "properties": { "fir": "LFMM", "identifier": "LFMM:MN1 UAC:145-175", "name": "MN1 UAC", "level_lower": 145, "level_upper": 175 }, "geometry": { "type": "Polygon", "coordinates": [ [ [ 7.0125, 44.8 ], [ 7.009452777777778, 44.79985 ], [ 7.008441666666666, 44.797955555555554 ], [ 6.999438888888889, 44.789605555555553 ], [ 7.008227777777778, 44.784502777777774 ], [ 7.012266666666667, 44.78295 ], [ 7.019894444444445, 44.774202777777774 ], [ 7.021530555555556, 44.771241666666668 ], [ 7.024255555555555, 44.768838888888887 ], [ 7.022025, 44.765466666666669 ], [ 7.024925, 44.761169444444441 ], [ 7.024216666666667, 44.755427777777776 ], [ 7.021938888888889, 44.753991666666664 ], [ 7.022430555555555, 44.749816666666668 ], [ 7.026016666666667, 44.743541666666665 ], [ 7.023763888888888, 44.739777777777782 ], [ 7.030444444444444, 44.732552777777776 ], [ 7.030744444444444, 44.729244444444447 ], [ 7.043294444444444, 44.718275 ], [ 7.057027777777778, 44.714602777777777 ], [ 7.065988888888889, 44.713386111111113 ], [ 7.066030555555556, 44.707469444444449 ], [ 7.068994444444444, 44.70185 ], [ 7.070952777777777, 44.699686111111106 ], [ 7.075355555555555, 44.689030555555554 ], [ 7.076494444444444, 44.680788888888884 ], [ 7.069855555555555, 44.679766666666666 ], [ 7.058166666666667, 44.680605555555552 ], [ 7.05215, 44.682677777777776 ], [ 7.046669444444444, 44.68376111111111 ], [ 7.033691666666667, 44.690341666666662 ], [ 7.027480555555555, 44.691241666666663 ], [ 7.020494444444444, 44.69029444444444 ], [ 7.016952777777778, 44.689063888888889 ], [ 7.006275, 44.688180555555554 ], [ 7.00245, 44.687175 ], [ 6.998130555555556, 44.69045 ], [ 6.987213888888889, 44.689030555555554 ], [ 6.978466666666667, 44.683577777777778 ], [ 6.970325, 44.677038888888887 ], [ 6.962502777777778, 44.677588888888884 ], [ 6.957902777777778, 44.671855555555553 ], [ 6.958394444444445, 44.666311111111106 ], [ 6.958716666666667, 44.662441666666666 ], [ 6.950144444444445, 44.657291666666666 ], [ 6.947994444444444, 44.652613888888887 ], [ 6.953044444444445, 44.644841666666665 ], [ 6.954036111111111, 44.63675 ], [ 6.963813888888889, 44.625866666666667 ], [ 6.968280555555555, 44.624694444444444 ], [ 6.967569444444445, 44.619255555555554 ], [ 6.963102777777778, 44.619269444444448 ], [ 6.957688888888889, 44.621175 ], [ 6.948963888888889, 44.618705555555557 ], [ 6.950444444444445, 44.610891666666667 ], [ 6.945161111111111, 44.605813888888889 ], [ 6.937530555555556, 44.602875 ], [ 6.937425, 44.598438888888893 ], [ 6.933386111111111, 44.595925 ], [ 6.933619444444445, 44.585041666666669 ], [ 6.931816666666667, 44.58260555555556 ], [ 6.933063888888889, 44.573980555555558 ], [ 6.929711111111112, 44.572091666666672 ], [ 6.918452777777778, 44.569577777777781 ], [ 6.9125, 44.568527777777781 ], [ 6.91546388888889, 44.562475 ], [ 6.915555555555556, 44.559091666666667 ], [ 6.904566666666667, 44.556227777777778 ], [ 6.901025, 44.554002777777775 ], [ 6.8972, 44.555405555555552 ], [ 6.891566666666666, 44.554244444444443 ], [ 6.889186111111111, 44.552294444444442 ], [ 6.882027777777778, 44.552416666666666 ], [ 6.878636111111112, 44.554366666666667 ], [ 6.876055555555556, 44.550225 ], [ 6.876636111111112, 44.546277777777775 ], [ 6.87335, 44.546091666666662 ], [ 6.8689, 44.536705555555557 ], [ 6.857491666666666, 44.533519444444444 ], [ 6.853513888888888, 44.528019444444446 ], [ 6.857766666666667, 44.520966666666666 ], [ 6.856825, 44.514669444444444 ], [ 6.859188888888888, 44.509277777777775 ], [ 6.858886111111111, 44.506338888888891 ], [ 6.862927777777777, 44.499525 ], [ 6.865116666666666, 44.496875 ], [ 6.868230555555556, 44.49283611111111 ], [ 6.877105555555556, 44.487880555555556 ], [ 6.876591666666667, 44.481419444444448 ], [ 6.884819444444444, 44.475766666666665 ], [ 6.892941666666666, 44.471941666666666 ], [ 6.902955555555556, 44.469352777777779 ], [ 6.906352777777778, 44.466744444444444 ], [ 6.909294444444445, 44.458580555555557 ], [ 6.911530555555556, 44.452666666666673 ], [ 6.914044444444444, 44.44965 ], [ 6.922855555555556, 44.445502777777776 ], [ 6.937102777777778, 44.438875 ], [ 6.939402777777778, 44.434225 ], [ 6.948080555555555, 44.429716666666664 ], [ 6.945786111111111, 44.427338888888883 ], [ 6.933469444444444, 44.429852777777775 ], [ 6.932375, 44.424638888888886 ], [ 6.923802777777778, 44.422936111111106 ], [ 6.917141666666667, 44.4272 ], [ 6.902955555555556, 44.421002777777773 ], [ 6.898425, 44.421691666666668 ], [ 6.895502777777777, 44.420769444444439 ], [ 6.892686111111111, 44.420036111111109 ], [ 6.895091666666667, 44.40891388888889 ], [ 6.897630555555555, 44.405216666666668 ], [ 6.894513888888889, 44.400519444444441 ], [ 6.895416666666666, 44.396805555555552 ], [ 6.896444444444444, 44.394002777777779 ], [ 6.895305555555555, 44.387788888888892 ], [ 6.895825, 44.377111111111113 ], [ 6.896380555555555, 44.373627777777777 ], [ 6.893780555555555, 44.369180555555559 ], [ 6.887702777777777, 44.366494444444449 ], [ 6.887741666666666, 44.36098888888889 ], [ 6.901238888888889, 44.357827777777779 ], [ 6.906394444444445, 44.357869444444447 ], [ 6.913055555555556, 44.353255555555556 ], [ 6.919716666666667, 44.352116666666667 ], [ 6.922363888888889, 44.350291666666671 ], [ 6.921480555555556, 44.345661111111113 ], [ 6.922166666666667, 44.341855555555561 ], [ 6.924102777777778, 44.339955555555555 ], [ 6.927713888888889, 44.332205555555561 ], [ 6.937038888888889, 44.328169444444448 ], [ 6.939252777777778, 44.324536111111115 ], [ 6.943269444444445, 44.323416666666667 ], [ 6.947225, 44.320255555555562 ], [ 6.953130555555556, 44.318519444444448 ], [ 6.954891666666667, 44.314641666666667 ], [ 6.960566666666667, 44.310805555555554 ], [ 6.959513888888889, 44.306891666666665 ], [ 6.957988888888889, 44.30375 ], [ 6.957730555555556, 44.300236111111111 ], [ 6.956336111111112, 44.296616666666665 ], [ 6.960375, 44.294052777777779 ], [ 6.963855555555556, 44.29400555555555 ], [ 6.967980555555556, 44.295113888888885 ], [ 6.971330555555555, 44.292963888888885 ], [ 6.969463888888889, 44.285952777777773 ], [ 6.972705555555556, 44.283952777777777 ], [ 6.980575, 44.286780555555552 ], [ 6.995216666666667, 44.280169444444446 ], [ 6.995527777777778, 44.275719444444441 ], [ 6.997141666666667, 44.27236111111111 ], [ 6.995805555555556, 44.267788888888887 ], [ 6.996366666666667, 44.264277777777778 ], [ 6.998, 44.257541666666668 ], [ 6.997313888888889, 44.251375 ], [ 7.00075, 44.246019444444443 ], [ 7.001930555555556, 44.24335277777778 ], [ 7.004402777777778, 44.241236111111114 ], [ 7.008205555555556, 44.236141666666668 ], [ 7.014225, 44.233991666666668 ], [ 7.01805, 44.232213888888893 ], [ 7.0234, 44.234116666666665 ], [ 7.025, 44.232219444444446 ], [ 7.010019444444445, 44.22913611111111 ], [ 6.995116666666667, 44.225872222222222 ], [ 6.980291666666667, 44.222425 ], [ 6.96555, 44.2188 ], [ 6.9509, 44.21499444444445 ], [ 6.936338888888889, 44.211011111111112 ], [ 6.921875, 44.20685 ], [ 6.907511111111112, 44.202513888888895 ], [ 6.893252777777778, 44.198002777777774 ], [ 6.879102777777779, 44.193319444444441 ], [ 6.865066666666666, 44.188463888888883 ], [ 6.851147222222222, 44.183438888888887 ], [ 6.83735, 44.178241666666665 ], [ 6.823675, 44.172877777777778 ], [ 6.810130555555555, 44.16735 ], [ 6.796719444444444, 44.161655555555555 ], [ 6.783441666666667, 44.1558 ], [ 6.770308333333333, 44.149780555555552 ], [ 6.757316666666667, 44.14360277777778 ], [ 6.744475, 44.137266666666669 ], [ 6.731783333333333, 44.13077222222222 ], [ 6.71925, 44.12412777777778 ], [ 6.706872222222223, 44.117327777777781 ], [ 6.694658333333334, 44.110377777777778 ], [ 6.682611111111111, 44.103277777777777 ], [ 6.670733333333334, 44.096033333333338 ], [ 6.659027777777778, 44.088641666666668 ], [ 6.6475, 44.081111111111113 ], [ 6.713880555555556, 43.772133333333329 ], [ 6.733611111111111, 43.68 ], [ 6.631941666666667, 43.655555555555551 ], [ 6.705830555555556, 43.575830555555562 ], [ 6.581752777777777, 43.643275 ], [ 6.029722222222222, 43.943333333333328 ], [ 5.6275, 44.158055555555556 ], [ 5.366666666666666, 44.363888888888887 ], [ 5.362566666666666, 44.522166666666664 ], [ 5.366111111111111, 44.538333333333334 ], [ 6.14, 44.538333333333334 ], [ 6.285, 44.365277777777777 ], [ 6.673505555555556, 45.020155555555554 ], [ 6.7432, 45.017363888888887 ], [ 6.751269444444445, 44.996125 ], [ 6.737880555555556, 44.993211111111115 ], [ 6.73805, 44.988961111111109 ], [ 6.748866666666666, 44.985441666666667 ], [ 6.750583333333333, 44.97730555555556 ], [ 6.7626, 44.971355555555554 ], [ 6.765344444444445, 44.96018055555556 ], [ 6.757791666666667, 44.94669722222222 ], [ 6.743372222222222, 44.936002777777773 ], [ 6.754530555555555, 44.93795 ], [ 6.758822222222222, 44.936733333333329 ], [ 6.760711111111111, 44.930413888888886 ], [ 6.754188888888889, 44.93175 ], [ 6.750066666666667, 44.905738888888891 ], [ 6.771525, 44.902941666666663 ], [ 6.785430555555555, 44.889322222222219 ], [ 6.800536111111111, 44.890661111111108 ], [ 6.806544444444445, 44.876308333333334 ], [ 6.862333333333333, 44.850025 ], [ 6.915205555555556, 44.847105555555558 ], [ 6.932372222222223, 44.862680555555556 ], [ 7.005841666666667, 44.840288888888892 ], [ 7.008588888888889, 44.825194444444449 ], [ 7.024383333333334, 44.823244444444448 ], [ 7.0125, 44.8 ] ] ] } },
{ "type": "Feature", "properties": { "fir": "LFMM", "identifier": "LFMM:MN1 UAC:195-245", "name": "MN1 UAC", "level_lower": 195, "level_upper": 245 }, "geometry": { "type": "Polygon", "coordinates": [ [ [ 6.662497222222223, 44.990277777777777 ], [ 6.766666666666667, 44.8 ], [ 7.0125, 44.8 ], [ 7.128055555555555, 44.813888888888883 ], [ 7.285555555555556, 44.142222222222223 ], [ 7.625277777777778, 44.145555555555553 ], [ 7.751944444444445, 44.023055555555551 ], [ 7.753333333333333, 43.938611111111108 ], [ 7.755277777777778, 43.81944444444445 ], [ 7.8375, 43.70194444444445 ], [ 8.321719444444444, 43.570277777777783 ], [ 8.0375, 43.431111111111107 ], [ 7.568483333333333, 43.307922222222217 ], [ 7.559838888888889, 43.30565 ], [ 7.278888888888889, 43.252219444444442 ], [ 6.705830555555556, 43.307219444444442 ], [ 6.705830555555556, 43.575830555555562 ], [ 6.581752777777777, 43.643275 ], [ 6.029722222222222, 43.943333333333328 ], [ 6.285, 44.365277777777777 ], [ 6.662497222222223, 44.990277777777777 ] ] ] } },
{ "type": "Feature", "properties": { "fir": "LFMM", "identifier": "LFMM:MO UAC:145-195", "name": "MO UAC", "level_lower": 145, "level_upper": 195 }, "geometry": { "type": "Polygon", "coordinates": [ [ [ 5.277777777777778, 43.95 ], [ 5.083333333333333, 43.583333333333336 ], [ 4.566666666666666, 43.583333333333336 ], [ 4.006388888888889, 43.811388888888885 ], [ 3.883055555555555, 43.864166666666669 ], [ 3.577777777777778, 44.25 ], [ 3.701666666666667, 44.666666666666664 ], [ 5.352222222222222, 44.666666666666664 ], [ 5.366111111111111, 44.538333333333334 ], [ 5.362566666666666, 44.522166666666664 ], [ 5.366666666666666, 44.363888888888887 ], [ 5.271941666666667, 44.094441666666668 ], [ 5.277777777777778, 43.95 ] ] ] } },
{ "type": "Feature", "properties": { "fir": "LFMM", "identifier": "LFMM:MO-E UAC:000-145", "name": "MO-E UAC", "level_lower": 0, "level_upper": 145 }, "geometry": { "type": "Polygon", "coordinates": [ [ [ 5.352222222222222, 44.666666666666664 ], [ 5.366111111111111, 44.538333333333334 ], [ 5.362566666666666, 44.522166666666664 ], [ 5.023330555555556, 44.594166666666666 ], [ 5.023330555555556, 44.666666666666664 ], [ 5.352222222222222, 44.666666666666664 ] ] ] } },
{ "type": "Feature", "properties": { "fir": "LFMM", "identifier": "LFMM:MO-W UAC:000-145", "name": "MO-W UAC", "level_lower": 0, "level_upper": 145 }, "geometry": { "type": "Polygon", "coordinates": [ [ [ 3.577777777777778, 44.25 ], [ 3.701666666666667, 44.666666666666664 ], [ 4.222041666666667, 44.668294444444442 ], [ 4.336388888888888, 44.033330555555551 ], [ 4.246388888888889, 44.033330555555551 ], [ 3.883055555555555, 43.864166666666669 ], [ 3.577777777777778, 44.25 ] ] ] } },
{ "type": "Feature", "properties": { "fir": "LFMM", "identifier": "LFMM:MONTPELLIER CTR:000-015", "name": "MONTPELLIER CTR", "level_lower": 0, "level_upper": 15 }, "geometry": { "type": "Polygon", "coordinates": [ [ [ 3.957469444444444, 43.713161111111113 ], [ 4.061402777777777, 43.607772222222223 ], [ 4.080555555555556, 43.588330555555558 ], [ 4.154441666666667, 43.58444166666667 ], [ 4.154880555555556, 43.58443888888889 ], [ 4.154930555555556, 43.582969444444444 ], [ 4.154961111111112, 43.581502777777779 ], [ 4.154963888888889, 43.580036111111113 ], [ 4.154947222222223, 43.578566666666667 ], [ 4.154908333333334, 43.5771 ], [ 4.154847222222222, 43.575630555555556 ], [ 4.15476388888889, 43.57416388888889 ], [ 4.154655555555556, 43.5727 ], [ 4.154527777777778, 43.571233333333339 ], [ 4.154377777777778, 43.569769444444447 ], [ 4.154202777777778, 43.568308333333334 ], [ 4.154008333333334, 43.566847222222222 ], [ 4.153791666666667, 43.565388888888883 ], [ 4.15355, 43.563930555555551 ], [ 4.153288888888889, 43.562475 ], [ 4.153005555555556, 43.56101944444444 ], [ 4.1527, 43.559569444444442 ], [ 4.152369444444445, 43.558119444444444 ], [ 4.152019444444445, 43.556675 ], [ 4.15165, 43.555233333333334 ], [ 4.151255555555556, 43.553791666666662 ], [ 4.150838888888889, 43.55235555555555 ], [ 4.1504, 43.550922222222219 ], [ 4.149941666666667, 43.549491666666668 ], [ 4.149461111111112, 43.548066666666664 ], [ 4.148958333333334, 43.546644444444439 ], [ 4.148433333333334, 43.545227777777775 ], [ 4.14788888888889, 43.543813888888884 ], [ 4.147319444444445, 43.542405555555554 ], [ 4.146730555555556, 43.541 ], [ 4.146122222222223, 43.5396 ], [ 4.145491666666667, 43.538205555555557 ], [ 4.14483888888889, 43.536816666666667 ], [ 4.144166666666667, 43.535430555555557 ], [ 4.143469444444444, 43.534052777777774 ], [ 4.142755555555556, 43.532677777777778 ], [ 4.142019444444445, 43.531311111111108 ], [ 4.141263888888889, 43.52995 ], [ 4.140486111111112, 43.528594444444444 ], [ 4.139688888888889, 43.527244444444442 ], [ 4.138869444444444, 43.52590277777778 ], [ 4.138030555555556, 43.524566666666665 ], [ 4.137172222222222, 43.52323611111111 ], [ 4.136294444444445, 43.521913888888889 ], [ 4.135394444444445, 43.5206 ], [ 4.134477777777779, 43.519291666666668 ], [ 4.133538888888889, 43.517991666666667 ], [ 4.132580555555555, 43.51669722222222 ], [ 4.131602777777777, 43.515413888888887 ], [ 4.130605555555555, 43.514136111111114 ], [ 4.129588888888889, 43.512866666666667 ], [ 4.128552777777777, 43.511605555555555 ], [ 4.127497222222222, 43.510352777777776 ], [ 4.126425, 43.50910833333333 ], [ 4.125330555555555, 43.507872222222225 ], [ 4.124219444444444, 43.506644444444447 ], [ 4.123091666666666, 43.505427777777776 ], [ 4.121941666666666, 43.504216666666665 ], [ 4.120775, 43.503019444444448 ], [ 4.119591666666667, 43.501827777777777 ], [ 4.118388888888888, 43.50064722222222 ], [ 4.117169444444444, 43.499477777777777 ], [ 4.115930555555555, 43.498313888888887 ], [ 4.114675, 43.497163888888892 ], [ 4.113402777777777, 43.496022222222223 ], [ 4.112113888888889, 43.494891666666668 ], [ 4.110805555555555, 43.493769444444446 ], [ 4.109480555555555, 43.492661111111111 ], [ 4.108141666666667, 43.49156111111111 ], [ 4.106783333333333, 43.490472222222223 ], [ 4.105411111111111, 43.489394444444443 ], [ 4.104019444444444, 43.488327777777776 ], [ 4.102613888888889, 43.487272222222224 ], [ 4.101191666666666, 43.486227777777778 ], [ 4.099755555555555, 43.485194444444446 ], [ 4.098302777777778, 43.484175 ], [ 4.096833333333333, 43.483163888888889 ], [ 4.09535, 43.482166666666672 ], [ 4.09385, 43.481180555555561 ], [ 4.092336111111111, 43.480205555555557 ], [ 4.090808333333333, 43.479244444444447 ], [ 4.089266666666666, 43.478294444444444 ], [ 4.087708333333333, 43.477358333333335 ], [ 4.086138888888889, 43.476433333333333 ], [ 4.084552777777778, 43.475522222222224 ], [ 4.082952777777778, 43.474622222222223 ], [ 4.081341666666667, 43.473736111111116 ], [ 4.079716666666666, 43.472863888888888 ], [ 4.078077777777778, 43.472002777777782 ], [ 4.076425, 43.471152777777782 ], [ 4.074761111111111, 43.470319444444449 ], [ 4.073086111111111, 43.4695 ], [ 4.072777777777778, 43.469441666666668 ], [ 3.997063888888889, 43.475547222222225 ], [ 3.9, 43.483330555555554 ], [ 3.871666666666667, 43.468330555555561 ], [ 3.867205555555556, 43.470369444444444 ], [ 3.863138888888889, 43.47245 ], [ 3.85915, 43.474608333333336 ], [ 3.855241666666667, 43.476844444444446 ], [ 3.851419444444445, 43.479155555555558 ], [ 3.847686111111111, 43.481541666666672 ], [ 3.844041666666667, 43.484002777777782 ], [ 3.840491666666667, 43.486530555555554 ], [ 3.837036111111111, 43.489130555555555 ], [ 3.833677777777778, 43.491794444444444 ], [ 3.830419444444444, 43.494525 ], [ 3.827263888888889, 43.49731666666667 ], [ 3.824213888888889, 43.500172222222226 ], [ 3.821272222222222, 43.503083333333336 ], [ 3.818438888888889, 43.506052777777775 ], [ 3.815719444444444, 43.509077777777776 ], [ 3.813113888888889, 43.512152777777779 ], [ 3.810619444444444, 43.515280555555556 ], [ 3.808247222222222, 43.518452777777775 ], [ 3.805991666666666, 43.521672222222222 ], [ 3.803858333333333, 43.52493611111111 ], [ 3.801847222222222, 43.528238888888886 ], [ 3.799961111111111, 43.531580555555557 ], [ 3.798197222222222, 43.534958333333329 ], [ 3.796563888888889, 43.538369444444442 ], [ 3.795055555555555, 43.541811111111109 ], [ 3.793677777777777, 43.545280555555557 ], [ 3.792427777777778, 43.548775 ], [ 3.791311111111111, 43.552294444444442 ], [ 3.790325, 43.555833333333332 ], [ 3.789472222222222, 43.559391666666663 ], [ 3.788752777777778, 43.562963888888888 ], [ 3.788166666666667, 43.56655 ], [ 3.787713888888889, 43.570144444444445 ], [ 3.787397222222222, 43.57375 ], [ 3.787216666666667, 43.577358333333336 ], [ 3.787169444444444, 43.580966666666669 ], [ 3.787255555555555, 43.584577777777781 ], [ 3.787480555555555, 43.588186111111114 ], [ 3.787836111111111, 43.591786111111112 ], [ 3.788330555555556, 43.595380555555558 ], [ 3.788955555555555, 43.598963888888889 ], [ 3.789716666666667, 43.60253055555556 ], [ 3.790611111111111, 43.606083333333338 ], [ 3.791638888888889, 43.609616666666668 ], [ 3.792797222222222, 43.613127777777777 ], [ 3.794086111111111, 43.616616666666665 ], [ 3.795505555555555, 43.62007777777778 ], [ 3.797055555555556, 43.623511111111114 ], [ 3.798733333333333, 43.626911111111113 ], [ 3.800536111111111, 43.630277777777778 ], [ 3.802466666666667, 43.633605555555555 ], [ 3.804519444444444, 43.636897222222224 ], [ 3.806697222222222, 43.640147222222218 ], [ 3.808994444444444, 43.643352777777778 ], [ 3.811413888888889, 43.64651111111111 ], [ 3.813947222222222, 43.649619444444447 ], [ 3.816597222222222, 43.652680555555555 ], [ 3.819361111111111, 43.655686111111109 ], [ 3.822238888888889, 43.658636111111107 ], [ 3.825225, 43.661530555555551 ], [ 3.828316666666666, 43.664363888888886 ], [ 3.831516666666666, 43.667136111111105 ], [ 3.834819444444445, 43.669844444444443 ], [ 3.838219444444444, 43.672486111111105 ], [ 3.841722222222222, 43.675061111111106 ], [ 3.845316666666667, 43.677566666666664 ], [ 3.849005555555556, 43.68 ], [ 3.852786111111111, 43.682358333333333 ], [ 3.85665, 43.684644444444444 ], [ 3.860602777777778, 43.686852777777773 ], [ 3.864633333333333, 43.688980555555553 ], [ 3.868744444444444, 43.69103055555555 ], [ 3.872930555555556, 43.693 ], [ 3.877188888888889, 43.69488611111111 ], [ 3.881516666666667, 43.696688888888886 ], [ 3.885913888888889, 43.698402777777773 ], [ 3.890369444444445, 43.700030555555557 ], [ 3.894886111111111, 43.701572222222225 ], [ 3.899461111111111, 43.703025 ], [ 3.904086111111111, 43.704386111111113 ], [ 3.908761111111111, 43.705655555555559 ], [ 3.913483333333333, 43.706833333333336 ], [ 3.918247222222222, 43.707916666666669 ], [ 3.923052777777778, 43.708908333333333 ], [ 3.927891666666667, 43.709802777777782 ], [ 3.932761111111111, 43.71060555555556 ], [ 3.937661111111111, 43.711311111111115 ], [ 3.942586111111111, 43.711916666666667 ], [ 3.947530555555556, 43.712430555555557 ], [ 3.952491666666667, 43.71284444444445 ], [ 3.957469444444444, 43.713161111111113 ] ] ] } },
{ "type": "Feature", "properties": { "fir": "LFMM", "identifier": "LFMM:MONTPELLIER CTR-N:000-001", "name": "MONTPELLIER CTR-N", "level_lower": 0, "level_upper": 1 }, "geometry": { "type": "Polygon", "coordinates": [ [ [ 3.96105, 43.592147222222223 ], [ 3.966444444444444, 43.589433333333339 ], [ 3.961477777777778, 43.584255555555558 ], [ 3.983425, 43.573208333333334 ], [ 3.982091666666667, 43.57181666666667 ], [ 3.954927777777778, 43.585488888888889 ], [ 3.96105, 43.592147222222223 ] ] ] } },
{ "type": "Feature", "properties": { "fir": "LFMM", "identifier": "LFMM:MONTPELLIER CTR-S:000-001", "name": "MONTPELLIER CTR-S", "level_lower": 0, "level_upper": 1 }, "geometry": { "type": "Polygon", "coordinates": [ [ [ 3.949111111111111, 43.577744444444448 ], [ 3.963472222222222, 43.570458333333335 ], [ 3.962880555555556, 43.569847222222222 ], [ 3.948527777777778, 43.577127777777783 ], [ 3.949111111111111, 43.577744444444448 ] ] ] } },
{ "type": "Feature", "properties": { "fir": "LFMM", "identifier": "LFMM:MONTPELLIER FA1:015-020", "name": "MONTPELLIER FA1", "level_lower": 15, "level_upper": 20 }, "geometry": { "type": "Polygon", "coordinates": [ [ [ 3.549222222222222, 43.439727777777776 ], [ 3.555830555555555, 43.378888888888888 ], [ 3.561941666666666, 43.321941666666667 ], [ 3.511111111111111, 43.271388888888886 ], [ 3.414441666666666, 43.208330555555555 ], [ 3.353330555555555, 43.206666666666671 ], [ 3.353330555555555, 43.206591666666668 ], [ 3.350913888888889, 43.206605555555555 ], [ 3.348497222222222, 43.20664444444445 ], [ 3.346080555555556, 43.206711111111112 ], [ 3.343666666666667, 43.206802777777781 ], [ 3.341255555555556, 43.206925 ], [ 3.338844444444445, 43.20706944444445 ], [ 3.336438888888889, 43.207241666666668 ], [ 3.334036111111111, 43.207441666666668 ], [ 3.331638888888889, 43.207666666666668 ], [ 3.329244444444444, 43.207916666666669 ], [ 3.326858333333333, 43.208194444444445 ], [ 3.324477777777778, 43.208497222222228 ], [ 3.322102777777777, 43.208827777777778 ], [ 3.319733333333333, 43.209183333333335 ], [ 3.317375, 43.209566666666667 ], [ 3.315022222222222, 43.209975 ], [ 3.312677777777778, 43.210408333333334 ], [ 3.310344444444444, 43.210866666666668 ], [ 3.308019444444444, 43.211352777777783 ], [ 3.305705555555555, 43.211861111111112 ], [ 3.3034, 43.212397222222222 ], [ 3.301111111111111, 43.212958333333333 ], [ 3.298827777777777, 43.213544444444445 ], [ 3.296561111111111, 43.214155555555557 ], [ 3.294305555555555, 43.21479166666667 ], [ 3.292063888888889, 43.215452777777777 ], [ 3.289836111111111, 43.216136111111112 ], [ 3.287622222222222, 43.216847222222221 ], [ 3.285425, 43.217580555555557 ], [ 3.283241666666667, 43.218338888888894 ], [ 3.281075, 43.219119444444445 ], [ 3.278922222222222, 43.219925 ], [ 3.276788888888889, 43.220752777777783 ], [ 3.274672222222222, 43.221605555555556 ], [ 3.272572222222222, 43.222480555555556 ], [ 3.270491666666667, 43.223380555555558 ], [ 3.268430555555555, 43.2243 ], [ 3.266388888888889, 43.225244444444449 ], [ 3.264366666666667, 43.226211111111112 ], [ 3.262363888888889, 43.2272 ], [ 3.260380555555555, 43.228208333333335 ], [ 3.258419444444444, 43.229238888888894 ], [ 3.256480555555556, 43.230291666666666 ], [ 3.254563888888889, 43.231366666666666 ], [ 3.252669444444444, 43.232461111111114 ], [ 3.250797222222222, 43.233577777777782 ], [ 3.248947222222222, 43.234713888888891 ], [ 3.247122222222222, 43.235869444444447 ], [ 3.245319444444445, 43.237047222222223 ], [ 3.243544444444444, 43.238241666666667 ], [ 3.241791666666667, 43.239458333333332 ], [ 3.240066666666667, 43.24069166666667 ], [ 3.238366666666667, 43.241944444444442 ], [ 3.236691666666667, 43.243216666666669 ], [ 3.235041666666667, 43.244508333333336 ], [ 3.233422222222222, 43.24581666666667 ], [ 3.231827777777778, 43.247141666666664 ], [ 3.230261111111111, 43.248483333333333 ], [ 3.228722222222222, 43.249844444444449 ], [ 3.227213888888889, 43.251219444444445 ], [ 3.225730555555556, 43.252613888888888 ], [ 3.224277777777778, 43.254022222222225 ], [ 3.222855555555556, 43.255447222222223 ], [ 3.221461111111111, 43.256888888888888 ], [ 3.220097222222222, 43.258344444444447 ], [ 3.218763888888889, 43.259813888888885 ], [ 3.217461111111111, 43.2613 ], [ 3.216188888888889, 43.2628 ], [ 3.21495, 43.264311111111112 ], [ 3.213738888888889, 43.265838888888887 ], [ 3.212561111111111, 43.267377777777774 ], [ 3.211416666666667, 43.268930555555556 ], [ 3.210302777777778, 43.270494444444445 ], [ 3.209219444444444, 43.272072222222221 ], [ 3.208172222222222, 43.27366111111111 ], [ 3.207158333333334, 43.275261111111114 ], [ 3.206175, 43.276869444444444 ], [ 3.205227777777778, 43.278491666666667 ], [ 3.204313888888889, 43.280122222222218 ], [ 3.203430555555556, 43.281763888888889 ], [ 3.202088888888889, 43.284411111111112 ], [ 3.200838888888889, 43.287083333333328 ], [ 3.199675, 43.289775 ], [ 3.198602777777777, 43.29248611111111 ], [ 3.197619444444444, 43.295216666666661 ], [ 3.196727777777777, 43.297963888888887 ], [ 3.195927777777777, 43.300725 ], [ 3.195219444444444, 43.3035 ], [ 3.194602777777777, 43.306286111111106 ], [ 3.194077777777777, 43.309080555555553 ], [ 3.19365, 43.311886111111107 ], [ 3.193311111111111, 43.314697222222222 ], [ 3.193066666666666, 43.31751388888889 ], [ 3.192916666666667, 43.320336111111118 ], [ 3.192861111111111, 43.323155555555559 ], [ 3.1929, 43.32597777777778 ], [ 3.193030555555555, 43.3288 ], [ 3.193252777777777, 43.331616666666669 ], [ 3.193572222222222, 43.334427777777783 ], [ 3.193986111111111, 43.33723611111111 ], [ 3.194488888888888, 43.340033333333338 ], [ 3.195088888888889, 43.342822222222225 ], [ 3.195777777777777, 43.3456 ], [ 3.196561111111111, 43.34836388888889 ], [ 3.197436111111111, 43.351111111111109 ], [ 3.1984, 43.353844444444448 ], [ 3.199455555555555, 43.356561111111112 ], [ 3.200602777777778, 43.359255555555556 ], [ 3.201838888888889, 43.361933333333333 ], [ 3.203163888888889, 43.364586111111116 ], [ 3.204575, 43.367213888888891 ], [ 3.206075, 43.369816666666665 ], [ 3.207661111111111, 43.372391666666665 ], [ 3.209330555555556, 43.374938888888892 ], [ 3.211086111111111, 43.377458333333337 ], [ 3.212925, 43.379941666666667 ], [ 3.214847222222222, 43.382394444444444 ], [ 3.21685, 43.384813888888885 ], [ 3.218930555555556, 43.387194444444447 ], [ 3.221091666666667, 43.389541666666666 ], [ 3.223330555555556, 43.391847222222225 ], [ 3.225644444444445, 43.394113888888889 ], [ 3.228036111111111, 43.396336111111111 ], [ 3.230497222222222, 43.398519444444446 ], [ 3.233033333333334, 43.400658333333332 ], [ 3.235638888888889, 43.40275 ], [ 3.238313888888889, 43.404797222222221 ], [ 3.241055555555556, 43.406794444444444 ], [ 3.243863888888889, 43.408744444444444 ], [ 3.246736111111111, 43.410644444444443 ], [ 3.249672222222222, 43.412494444444441 ], [ 3.252666666666667, 43.414291666666664 ], [ 3.255722222222222, 43.416036111111111 ], [ 3.258833333333333, 43.417725 ], [ 3.262002777777778, 43.419358333333328 ], [ 3.265222222222222, 43.420936111111111 ], [ 3.268494444444444, 43.422455555555551 ], [ 3.271819444444444, 43.423919444444444 ], [ 3.275188888888889, 43.425325 ], [ 3.278605555555556, 43.426666666666662 ], [ 3.282066666666667, 43.427952777777776 ], [ 3.285569444444445, 43.429175 ], [ 3.289111111111111, 43.43033611111111 ], [ 3.292691666666666, 43.431433333333331 ], [ 3.296305555555556, 43.432466666666663 ], [ 3.299955555555556, 43.433438888888887 ], [ 3.303636111111111, 43.434344444444442 ], [ 3.307344444444444, 43.435186111111108 ], [ 3.311080555555555, 43.435963888888885 ], [ 3.314844444444444, 43.436672222222221 ], [ 3.318627777777778, 43.437316666666661 ], [ 3.322430555555555, 43.437891666666665 ], [ 3.326255555555556, 43.438402777777775 ], [ 3.330094444444444, 43.438844444444442 ], [ 3.333944444444445, 43.43921944444444 ], [ 3.337808333333333, 43.439527777777776 ], [ 3.341680555555556, 43.439766666666664 ], [ 3.345561111111111, 43.439936111111109 ], [ 3.349444444444444, 43.440038888888886 ], [ 3.353330555555555, 43.440075 ], [ 3.353330555555555, 43.44 ], [ 3.549222222222222, 43.439727777777776 ] ] ] } },
{ "type": "Feature", "properties": { "fir": "LFMM", "identifier": "LFMM:MONTPELLIER FA1:020-145", "name": "MONTPELLIER FA1", "level_lower": 20, "level_upper": 145 }, "geometry": { "type": "Polygon", "coordinates": [ [ [ 3.535830555555556, 43.562777777777775 ], [ 3.549222222222222, 43.439727777777776 ], [ 3.555830555555555, 43.378888888888888 ], [ 3.81, 43.363888888888887 ], [ 4.05, 43.0 ], [ 3.355555555555556, 43.0 ], [ 3.338330555555556, 42.987219444444449 ], [ 3.489166666666667, 42.603055555555557 ], [ 3.250555555555556, 42.72 ], [ 2.929166666666667, 42.875830555555559 ], [ 2.752125, 42.853875 ], [ 2.680555555555555, 42.845 ], [ 2.6, 42.712222222222223 ], [ 2.493888888888889, 42.80555555555555 ], [ 2.275, 43.0 ], [ 2.311388888888889, 43.031666666666666 ], [ 2.311666666666667, 43.031944444444441 ], [ 2.425555555555555, 43.130555555555553 ], [ 2.625, 43.131108333333337 ], [ 2.66, 43.213886111111115 ], [ 2.66, 43.228611111111114 ], [ 2.706944444444445, 43.2125 ], [ 2.709444444444445, 43.714722222222228 ], [ 3.535830555555556, 43.562777777777775 ] ] ] } },
{ "type": "Feature", "properties": { "fir": "LFMM", "identifier": "LFMM:MONTPELLIER FA1:115-145", "name": "MONTPELLIER FA1", "level_lower": 115, "level_upper": 145 }, "geometry": { "type": "Polygon", "coordinates": [ [ [ 2.66, 43.213886111111115 ], [ 2.625, 43.131108333333337 ], [ 2.425555555555555, 43.130555555555553 ], [ 2.514166666666667, 43.208055555555561 ], [ 2.572222222222222, 43.258333333333333 ], [ 2.66, 43.228611111111114 ], [ 2.66, 43.213886111111115 ] ] ] } },
{ "type": "Feature", "properties": { "fir": "LFMM", "identifier": "LFMM:MONTPELLIER FA1:000-020", "name": "MONTPELLIER FA1", "level_lower": 0, "level_upper": 20 }, "geometry": { "type": "Polygon", "coordinates": [ [ [ 2.493888888888889, 42.80555555555555 ], [ 2.275, 43.0 ], [ 2.311388888888889, 43.031666666666666 ], [ 2.311666666666667, 43.031944444444441 ], [ 2.425555555555555, 43.130555555555553 ], [ 2.625, 43.131108333333337 ], [ 2.66, 43.213886111111115 ], [ 2.66, 43.228611111111114 ], [ 2.706944444444445, 43.2125 ], [ 2.709444444444445, 43.714722222222228 ], [ 3.535830555555556, 43.562777777777775 ], [ 3.549222222222222, 43.439727777777776 ], [ 3.353330555555555, 43.44 ], [ 3.353330555555555, 43.440075 ], [ 3.349444444444444, 43.440038888888886 ], [ 3.345561111111111, 43.439936111111109 ], [ 3.341680555555556, 43.439766666666664 ], [ 3.337808333333333, 43.439527777777776 ], [ 3.333944444444445, 43.43921944444444 ], [ 3.330094444444444, 43.438844444444442 ], [ 3.326255555555556, 43.438402777777775 ], [ 3.322430555555555, 43.437891666666665 ], [ 3.318627777777778, 43.437316666666661 ], [ 3.314844444444444, 43.436672222222221 ], [ 3.311080555555555, 43.435963888888885 ], [ 3.307344444444444, 43.435186111111108 ], [ 3.303636111111111, 43.434344444444442 ], [ 3.299955555555556, 43.433438888888887 ], [ 3.296305555555556, 43.432466666666663 ], [ 3.292691666666666, 43.431433333333331 ], [ 3.289111111111111, 43.43033611111111 ], [ 3.285569444444445, 43.429175 ], [ 3.282066666666667, 43.427952777777776 ], [ 3.278605555555556, 43.426666666666662 ], [ 3.275188888888889, 43.425325 ], [ 3.271819444444444, 43.423919444444444 ], [ 3.268494444444444, 43.422455555555551 ], [ 3.265222222222222, 43.420936111111111 ], [ 3.262002777777778, 43.419358333333328 ], [ 3.258833333333333, 43.417725 ], [ 3.255722222222222, 43.416036111111111 ], [ 3.252666666666667, 43.414291666666664 ], [ 3.249672222222222, 43.412494444444441 ], [ 3.246736111111111, 43.410644444444443 ], [ 3.243863888888889, 43.408744444444444 ], [ 3.241055555555556, 43.406794444444444 ], [ 3.238313888888889, 43.404797222222221 ], [ 3.235638888888889, 43.40275 ], [ 3.233033333333334, 43.400658333333332 ], [ 3.230497222222222, 43.398519444444446 ], [ 3.228036111111111, 43.396336111111111 ], [ 3.225644444444445, 43.394113888888889 ], [ 3.223330555555556, 43.391847222222225 ], [ 3.221091666666667, 43.389541666666666 ], [ 3.218930555555556, 43.387194444444447 ], [ 3.21685, 43.384813888888885 ], [ 3.214847222222222, 43.382394444444444 ], [ 3.212925, 43.379941666666667 ], [ 3.211086111111111, 43.377458333333337 ], [ 3.209330555555556, 43.374938888888892 ], [ 3.207661111111111, 43.372391666666665 ], [ 3.206075, 43.369816666666665 ], [ 3.204575, 43.367213888888891 ], [ 3.203163888888889, 43.364586111111116 ], [ 3.201838888888889, 43.361933333333333 ], [ 3.200602777777778, 43.359255555555556 ], [ 3.199455555555555, 43.356561111111112 ], [ 3.1984, 43.353844444444448 ], [ 3.197436111111111, 43.351111111111109 ], [ 3.196561111111111, 43.34836388888889 ], [ 3.195777777777777, 43.3456 ], [ 3.195088888888889, 43.342822222222225 ], [ 3.194488888888888, 43.340033333333338 ], [ 3.193986111111111, 43.33723611111111 ], [ 3.193572222222222, 43.334427777777783 ], [ 3.193252777777777, 43.331616666666669 ], [ 3.193030555555555, 43.3288 ], [ 3.1929, 43.32597777777778 ], [ 3.192861111111111, 43.323155555555559 ], [ 3.192916666666667, 43.320336111111118 ], [ 3.193066666666666, 43.31751388888889 ], [ 3.193311111111111, 43.314697222222222 ], [ 3.19365, 43.311886111111107 ], [ 3.194077777777777, 43.309080555555553 ], [ 3.194602777777777, 43.306286111111106 ], [ 3.195219444444444, 43.3035 ], [ 3.195927777777777, 43.300725 ], [ 3.196727777777777, 43.297963888888887 ], [ 3.197619444444444, 43.295216666666661 ], [ 3.198602777777777, 43.29248611111111 ], [ 3.199675, 43.289775 ], [ 3.200838888888889, 43.287083333333328 ], [ 3.202088888888889, 43.284411111111112 ], [ 3.203430555555556, 43.281763888888889 ], [ 3.204313888888889, 43.280122222222218 ], [ 3.205227777777778, 43.278491666666667 ], [ 3.206175, 43.276869444444444 ], [ 3.207158333333334, 43.275261111111114 ], [ 3.208172222222222, 43.27366111111111 ], [ 3.209219444444444, 43.272072222222221 ], [ 3.210302777777778, 43.270494444444445 ], [ 3.211416666666667, 43.268930555555556 ], [ 3.212561111111111, 43.267377777777774 ], [ 3.213738888888889, 43.265838888888887 ], [ 3.21495, 43.264311111111112 ], [ 3.216188888888889, 43.2628 ], [ 3.217461111111111, 43.2613 ], [ 3.218763888888889, 43.259813888888885 ], [ 3.220097222222222, 43.258344444444447 ], [ 3.221461111111111, 43.256888888888888 ], [ 3.222855555555556, 43.255447222222223 ], [ 3.224277777777778, 43.254022222222225 ], [ 3.225730555555556, 43.252613888888888 ], [ 3.227213888888889, 43.251219444444445 ], [ 3.228722222222222, 43.249844444444449 ], [ 3.230261111111111, 43.248483333333333 ], [ 3.231827777777778, 43.247141666666664 ], [ 3.233422222222222, 43.24581666666667 ], [ 3.235041666666667, 43.244508333333336 ], [ 3.236691666666667, 43.243216666666669 ], [ 3.238366666666667, 43.241944444444442 ], [ 3.240066666666667, 43.24069166666667 ], [ 3.241791666666667, 43.239458333333332 ], [ 3.243544444444444, 43.238241666666667 ], [ 3.245319444444445, 43.237047222222223 ], [ 3.247122222222222, 43.235869444444447 ], [ 3.248947222222222, 43.234713888888891 ], [ 3.250797222222222, 43.233577777777782 ], [ 3.252669444444444, 43.232461111111114 ], [ 3.254563888888889, 43.231366666666666 ], [ 3.256480555555556, 43.230291666666666 ], [ 3.258419444444444, 43.229238888888894 ], [ 3.260380555555555, 43.228208333333335 ], [ 3.262363888888889, 43.2272 ], [ 3.264366666666667, 43.226211111111112 ], [ 3.266388888888889, 43.225244444444449 ], [ 3.268430555555555, 43.2243 ], [ 3.270491666666667, 43.223380555555558 ], [ 3.272572222222222, 43.222480555555556 ], [ 3.274672222222222, 43.221605555555556 ], [ 3.276788888888889, 43.220752777777783 ], [ 3.278922222222222, 43.219925 ], [ 3.281075, 43.219119444444445 ], [ 3.283241666666667, 43.218338888888894 ], [ 3.285425, 43.217580555555557 ], [ 3.287622222222222, 43.216847222222221 ], [ 3.289836111111111, 43.216136111111112 ], [ 3.292063888888889, 43.215452777777777 ], [ 3.294305555555555, 43.21479166666667 ], [ 3.296561111111111, 43.214155555555557 ], [ 3.298827777777777, 43.213544444444445 ], [ 3.301111111111111, 43.212958333333333 ], [ 3.3034, 43.212397222222222 ], [ 3.305705555555555, 43.211861111111112 ], [ 3.308019444444444, 43.211352777777783 ], [ 3.310344444444444, 43.210866666666668 ], [ 3.312677777777778, 43.210408333333334 ], [ 3.315022222222222, 43.209975 ], [ 3.317375, 43.209566666666667 ], [ 3.319733333333333, 43.209183333333335 ], [ 3.322102777777777, 43.208827777777778 ], [ 3.324477777777778, 43.208497222222228 ], [ 3.326858333333333, 43.208194444444445 ], [ 3.329244444444444, 43.207916666666669 ], [ 3.331638888888889, 43.207666666666668 ], [ 3.334036111111111, 43.207441666666668 ], [ 3.336438888888889, 43.207241666666668 ], [ 3.338844444444445, 43.20706944444445 ], [ 3.341255555555556, 43.206925 ], [ 3.343666666666667, 43.206802777777781 ], [ 3.346080555555556, 43.206711111111112 ], [ 3.348497222222222, 43.20664444444445 ], [ 3.350913888888889, 43.206605555555555 ], [ 3.353330555555555, 43.206591666666668 ], [ 3.353330555555555, 43.206666666666671 ], [ 3.414441666666666, 43.208330555555555 ], [ 3.511111111111111, 43.271388888888886 ], [ 3.561941666666666, 43.321941666666667 ], [ 3.555830555555555, 43.378888888888888 ], [ 3.81, 43.363888888888887 ], [ 4.05, 43.0 ], [ 3.355555555555556, 43.0 ], [ 3.338330555555556, 42.987219444444449 ], [ 3.489166666666667, 42.603055555555557 ], [ 3.250555555555556, 42.72 ], [ 2.929166666666667, 42.875830555555559 ], [ 2.926761111111111, 42.876577777777776 ], [ 2.924088888888889, 42.87724166666667 ], [ 2.921402777777778, 42.877872222222223 ], [ 2.918702777777777, 42.878475 ], [ 2.915991666666667, 42.879044444444446 ], [ 2.913266666666666, 42.879586111111109 ], [ 2.910533333333333, 42.880094444444445 ], [ 2.907788888888889, 42.88057222222222 ], [ 2.905036111111111, 42.881019444444448 ], [ 2.902269444444444, 42.881433333333334 ], [ 2.8995, 42.881816666666666 ], [ 2.896719444444444, 42.882169444444443 ], [ 2.893930555555555, 42.882488888888886 ], [ 2.891138888888889, 42.882777777777775 ], [ 2.888338888888889, 42.88303611111111 ], [ 2.885533333333334, 42.883261111111111 ], [ 2.882725, 42.883452777777777 ], [ 2.879911111111111, 42.883613888888888 ], [ 2.877097222222222, 42.883744444444446 ], [ 2.874277777777778, 42.883841666666669 ], [ 2.871458333333333, 42.883905555555557 ], [ 2.868638888888889, 42.883938888888892 ], [ 2.865816666666667, 42.883938888888892 ], [ 2.862994444444444, 42.883908333333331 ], [ 2.860175, 42.883844444444442 ], [ 2.857355555555555, 42.88375 ], [ 2.854541666666667, 42.883622222222222 ], [ 2.851727777777778, 42.88346388888889 ], [ 2.848919444444445, 42.883272222222224 ], [ 2.846113888888889, 42.88305 ], [ 2.843313888888889, 42.882794444444443 ], [ 2.840519444444444, 42.882505555555554 ], [ 2.837733333333333, 42.882188888888891 ], [ 2.834952777777778, 42.881838888888886 ], [ 2.832180555555555, 42.881455555555554 ], [ 2.829416666666666, 42.881041666666668 ], [ 2.826661111111111, 42.880597222222221 ], [ 2.823913888888889, 42.880122222222219 ], [ 2.821180555555555, 42.87961388888889 ], [ 2.818455555555555, 42.879075 ], [ 2.815744444444444, 42.878505555555556 ], [ 2.813044444444444, 42.877905555555557 ], [ 2.810358333333333, 42.877275 ], [ 2.807686111111111, 42.87661388888889 ], [ 2.805027777777778, 42.875925 ], [ 2.802383333333333, 42.87520277777778 ], [ 2.799755555555556, 42.87445 ], [ 2.797144444444444, 42.873669444444445 ], [ 2.79455, 42.872858333333333 ], [ 2.791972222222222, 42.872016666666667 ], [ 2.789413888888889, 42.87115 ], [ 2.786872222222222, 42.87025 ], [ 2.784352777777777, 42.869322222222223 ], [ 2.78185, 42.868366666666667 ], [ 2.779369444444444, 42.867383333333336 ], [ 2.776911111111111, 42.866369444444445 ], [ 2.774472222222222, 42.865330555555559 ], [ 2.772058333333333, 42.864263888888892 ], [ 2.769666666666667, 42.863166666666665 ], [ 2.767297222222222, 42.862044444444443 ], [ 2.764952777777778, 42.860897222222221 ], [ 2.762633333333333, 42.859719444444444 ], [ 2.760338888888889, 42.858519444444447 ], [ 2.758069444444444, 42.857291666666669 ], [ 2.755825, 42.856038888888889 ], [ 2.753611111111111, 42.85476111111111 ], [ 2.752125, 42.853875 ], [ 2.680555555555555, 42.845 ], [ 2.6, 42.712222222222223 ], [ 2.493888888888889, 42.80555555555555 ] ] ] } },
{ "type": "Feature", "properties": { "fir": "LFMM", "identifier": "LFMM:MONTPELLIER FA2:115-145", "name": "MONTPELLIER FA2", "level_lower": 115, "level_upper": 145 }, "geometry": { "type": "Polygon", "coordinates": [ [ [ 2.572222222222222, 43.258333333333333 ], [ 2.66, 43.228611111111114 ], [ 2.66, 43.213888888888889 ], [ 2.625, 43.13111111111111 ], [ 2.425555555555555, 43.130555555555553 ], [ 2.466666666666667, 43.166666666666664 ], [ 2.514166666666667, 43.208055555555561 ], [ 2.572222222222222, 43.258333333333333 ] ] ] } },
{ "type": "Feature", "properties": { "fir": "LFMM", "identifier": "LFMM:MONTPELLIER FA3:020-115", "name": "MONTPELLIER FA3", "level_lower": 20, "level_upper": 115 }, "geometry": { "type": "Polygon", "coordinates": [ [ [ 2.275, 43.0 ], [ 2.493888888888889, 42.80555555555555 ], [ 2.6, 42.712222222222223 ], [ 2.680555555555555, 42.845 ], [ 2.752125, 42.853875 ], [ 2.929166666666667, 42.875830555555559 ], [ 3.250555555555556, 42.72 ], [ 3.489166666666667, 42.603055555555557 ], [ 3.564719444444444, 42.409166666666664 ], [ 3.508333333333333, 42.3575 ], [ 3.375555555555556, 42.374722222222225 ], [ 3.166666666666667, 42.43333333333333 ], [ 3.099444444444444, 42.434444444444438 ], [ 3.0425, 42.478055555555557 ], [ 2.949444444444445, 42.483055555555559 ], [ 2.875833333333333, 42.465 ], [ 2.705555555555556, 42.424722222222222 ], [ 2.558333333333333, 42.333055555555561 ], [ 2.25, 42.43333333333333 ], [ 2.069444444444444, 42.3625 ], [ 2.1, 42.383330555555553 ], [ 2.054166666666667, 42.806663888888885 ], [ 2.275, 43.0 ] ] ] } },
{ "type": "Feature", "properties": { "fir": "LFMM", "identifier": "LFMM:MONTPELLIER FA3:000-020", "name": "MONTPELLIER FA3", "level_lower": 0, "level_upper": 20 }, "geometry": { "type": "Polygon", "coordinates": [ [ [ 2.275, 43.0 ], [ 2.493888888888889, 42.80555555555555 ], [ 2.6, 42.712222222222223 ], [ 2.680555555555555, 42.845 ], [ 2.752125, 42.853875 ], [ 2.749261111111111, 42.852127777777781 ], [ 2.747127777777778, 42.850775 ], [ 2.745025, 42.849397222222223 ], [ 2.742952777777778, 42.847997222222226 ], [ 2.740908333333334, 42.846572222222221 ], [ 2.738894444444445, 42.845125 ], [ 2.736911111111111, 42.843655555555557 ], [ 2.734961111111111, 42.842163888888891 ], [ 2.733041666666667, 42.84065 ], [ 2.731155555555556, 42.839113888888889 ], [ 2.7293, 42.837555555555561 ], [ 2.727480555555556, 42.835977777777778 ], [ 2.725691666666667, 42.834377777777782 ], [ 2.723938888888889, 42.832761111111111 ], [ 2.722219444444445, 42.831122222222227 ], [ 2.720536111111111, 42.829463888888895 ], [ 2.718886111111111, 42.827786111111116 ], [ 2.717275, 42.82609166666667 ], [ 2.715697222222222, 42.824377777777784 ], [ 2.714155555555556, 42.822647222222223 ], [ 2.712652777777778, 42.8209 ], [ 2.711186111111111, 42.819133333333333 ], [ 2.709758333333334, 42.817352777777778 ], [ 2.708366666666667, 42.815555555555555 ], [ 2.707219444444445, 42.813888888888883 ], [ 2.859147222222223, 42.633911111111111 ], [ 2.861208333333333, 42.633844444444442 ], [ 2.863277777777778, 42.633797222222221 ], [ 2.86535, 42.633769444444447 ], [ 2.867422222222222, 42.633763888888886 ], [ 2.869494444444444, 42.633775 ], [ 2.871563888888889, 42.633808333333334 ], [ 2.873636111111111, 42.633861111111109 ], [ 2.875705555555556, 42.633933333333331 ], [ 2.877772222222222, 42.634025 ], [ 2.879838888888889, 42.634136111111111 ], [ 2.881902777777778, 42.634269444444442 ], [ 2.883963888888889, 42.634419444444447 ], [ 2.886022222222222, 42.634591666666665 ], [ 2.888077777777778, 42.634780555555558 ], [ 2.890130555555555, 42.634991666666664 ], [ 2.892177777777778, 42.635222222222225 ], [ 2.894222222222222, 42.635472222222219 ], [ 2.896261111111111, 42.635741666666668 ], [ 2.898294444444444, 42.636030555555557 ], [ 2.900325, 42.636338888888886 ], [ 2.902347222222222, 42.636666666666663 ], [ 2.904363888888889, 42.637013888888887 ], [ 2.906375, 42.637380555555552 ], [ 2.908380555555556, 42.637766666666664 ], [ 2.910377777777778, 42.638172222222224 ], [ 2.912366666666667, 42.638594444444443 ], [ 2.91435, 42.639038888888891 ], [ 2.916325, 42.6395 ], [ 2.918288888888889, 42.639983333333333 ], [ 2.920247222222222, 42.640480555555555 ], [ 2.922194444444444, 42.641 ], [ 2.924136111111111, 42.641538888888888 ], [ 2.926063888888889, 42.642094444444446 ], [ 2.927983333333333, 42.642666666666663 ], [ 2.929891666666666, 42.643261111111109 ], [ 2.931791666666666, 42.643872222222221 ], [ 2.933677777777778, 42.6445 ], [ 2.935555555555556, 42.645147222222221 ], [ 2.937419444444445, 42.645813888888888 ], [ 2.939269444444445, 42.646494444444443 ], [ 2.941111111111111, 42.647194444444445 ], [ 2.942938888888889, 42.647913888888887 ], [ 2.944752777777778, 42.64865 ], [ 2.946555555555556, 42.64940277777778 ], [ 2.948344444444445, 42.650172222222224 ], [ 2.950116666666667, 42.650961111111108 ], [ 2.951877777777778, 42.651763888888887 ], [ 2.953625, 42.652586111111113 ], [ 2.955355555555556, 42.653422222222218 ], [ 2.957072222222223, 42.654277777777779 ], [ 2.958772222222223, 42.655147222222219 ], [ 2.960458333333333, 42.656036111111106 ], [ 2.962127777777778, 42.656936111111108 ], [ 2.963780555555556, 42.657855555555557 ], [ 2.965419444444445, 42.658791666666666 ], [ 2.967038888888889, 42.659741666666662 ], [ 2.968641666666667, 42.660705555555552 ], [ 2.970227777777778, 42.661688888888889 ], [ 2.971797222222222, 42.662683333333334 ], [ 2.97335, 42.663694444444445 ], [ 2.974880555555556, 42.664719444444444 ], [ 2.976394444444444, 42.665761111111109 ], [ 2.977891666666667, 42.666816666666662 ], [ 2.979369444444445, 42.667886111111109 ], [ 2.980827777777778, 42.668969444444443 ], [ 2.982266666666667, 42.670066666666663 ], [ 2.983686111111111, 42.671177777777778 ], [ 2.985086111111111, 42.6723 ], [ 2.986463888888889, 42.673438888888889 ], [ 2.987825, 42.674588888888884 ], [ 2.989163888888889, 42.675752777777774 ], [ 2.990480555555556, 42.67693055555555 ], [ 2.991777777777778, 42.678119444444441 ], [ 2.993052777777778, 42.679319444444445 ], [ 2.994308333333334, 42.680533333333329 ], [ 2.995538888888889, 42.681761111111108 ], [ 2.99675, 42.68299722222222 ], [ 2.997938888888889, 42.684244444444438 ], [ 2.999105555555555, 42.685505555555551 ], [ 3.0, 42.68666666666666 ], [ 2.929166666666667, 42.875830555555559 ], [ 3.250555555555556, 42.72 ], [ 3.489166666666667, 42.603055555555557 ], [ 3.564719444444444, 42.409166666666664 ], [ 3.508333333333333, 42.3575 ], [ 3.375555555555556, 42.374722222222225 ], [ 3.166666666666667, 42.43333333333333 ], [ 3.099444444444444, 42.434444444444438 ], [ 3.0425, 42.478055555555557 ], [ 2.949444444444445, 42.483055555555559 ], [ 2.875833333333333, 42.465 ], [ 2.705555555555556, 42.424722222222222 ], [ 2.558333333333333, 42.333055555555561 ], [ 2.25, 42.43333333333333 ], [ 2.069444444444444, 42.3625 ], [ 2.1, 42.383330555555553 ], [ 2.054166666666667, 42.806663888888885 ], [ 2.275, 43.0 ] ] ] } },
{ "type": "Feature", "properties": { "fir": "LFMM", "identifier": "LFMM:MONTPELLIER FB:000-145", "name": "MONTPELLIER FB", "level_lower": 0, "level_upper": 145 }, "geometry": { "type": "Polygon", "coordinates": [ [ [ 2.904166666666667, 44.249444444444443 ], [ 3.041111111111111, 44.624722222222225 ], [ 3.040277777777778, 44.650555555555556 ], [ 3.0325, 44.884441666666667 ], [ 3.048611111111111, 44.875830555555559 ], [ 3.283330555555556, 44.875830555555559 ], [ 3.701666666666667, 44.666666666666664 ], [ 3.577777777777778, 44.25 ], [ 2.904166666666667, 44.249444444444443 ] ] ] } },
{ "type": "Feature", "properties": { "fir": "LFMM", "identifier": "LFMM:MONTPELLIER FE1:015-025", "name": "MONTPELLIER FE1", "level_lower": 15, "level_upper": 25 }, "geometry": { "type": "Polygon", "coordinates": [ [ [ 3.957469444444444, 43.713161111111113 ], [ 4.061402777777777, 43.607772222222223 ], [ 4.080555555555556, 43.588330555555558 ], [ 4.154441666666667, 43.58444166666667 ], [ 4.154880555555556, 43.58443888888889 ], [ 4.154930555555556, 43.582969444444444 ], [ 4.154961111111112, 43.581502777777779 ], [ 4.154963888888889, 43.580036111111113 ], [ 4.154947222222223, 43.578566666666667 ], [ 4.154908333333334, 43.5771 ], [ 4.154847222222222, 43.575630555555556 ], [ 4.15476388888889, 43.57416388888889 ], [ 4.154655555555556, 43.5727 ], [ 4.154527777777778, 43.571233333333339 ], [ 4.154377777777778, 43.569769444444447 ], [ 4.154202777777778, 43.568308333333334 ], [ 4.154008333333334, 43.566847222222222 ], [ 4.153791666666667, 43.565388888888883 ], [ 4.15355, 43.563930555555551 ], [ 4.153288888888889, 43.562475 ], [ 4.153005555555556, 43.56101944444444 ], [ 4.1527, 43.559569444444442 ], [ 4.152369444444445, 43.558119444444444 ], [ 4.152019444444445, 43.556675 ], [ 4.15165, 43.555233333333334 ], [ 4.151255555555556, 43.553791666666662 ], [ 4.150838888888889, 43.55235555555555 ], [ 4.1504, 43.550922222222219 ], [ 4.149941666666667, 43.549491666666668 ], [ 4.149461111111112, 43.548066666666664 ], [ 4.148958333333334, 43.546644444444439 ], [ 4.148433333333334, 43.545227777777775 ], [ 4.14788888888889, 43.543813888888884 ], [ 4.147319444444445, 43.542405555555554 ], [ 4.146730555555556, 43.541 ], [ 4.146122222222223, 43.5396 ], [ 4.145491666666667, 43.538205555555557 ], [ 4.14483888888889, 43.536816666666667 ], [ 4.144166666666667, 43.535430555555557 ], [ 4.143469444444444, 43.534052777777774 ], [ 4.142755555555556, 43.532677777777778 ], [ 4.142019444444445, 43.531311111111108 ], [ 4.141263888888889, 43.52995 ], [ 4.140486111111112, 43.528594444444444 ], [ 4.139688888888889, 43.527244444444442 ], [ 4.138869444444444, 43.52590277777778 ], [ 4.138030555555556, 43.524566666666665 ], [ 4.137172222222222, 43.52323611111111 ], [ 4.136294444444445, 43.521913888888889 ], [ 4.135394444444445, 43.5206 ], [ 4.134477777777779, 43.519291666666668 ], [ 4.133538888888889, 43.517991666666667 ], [ 4.132580555555555, 43.51669722222222 ], [ 4.131602777777777, 43.515413888888887 ], [ 4.130605555555555, 43.514136111111114 ], [ 4.129588888888889, 43.512866666666667 ], [ 4.128552777777777, 43.511605555555555 ], [ 4.127497222222222, 43.510352777777776 ], [ 4.126425, 43.50910833333333 ], [ 4.125330555555555, 43.507872222222225 ], [ 4.124219444444444, 43.506644444444447 ], [ 4.123091666666666, 43.505427777777776 ], [ 4.121941666666666, 43.504216666666665 ], [ 4.120775, 43.503019444444448 ], [ 4.119591666666667, 43.501827777777777 ], [ 4.118388888888888, 43.50064722222222 ], [ 4.117169444444444, 43.499477777777777 ], [ 4.115930555555555, 43.498313888888887 ], [ 4.114675, 43.497163888888892 ], [ 4.113402777777777, 43.496022222222223 ], [ 4.112113888888889, 43.494891666666668 ], [ 4.110805555555555, 43.493769444444446 ], [ 4.109480555555555, 43.492661111111111 ], [ 4.108141666666667, 43.49156111111111 ], [ 4.106783333333333, 43.490472222222223 ], [ 4.105411111111111, 43.489394444444443 ], [ 4.104019444444444, 43.488327777777776 ], [ 4.102613888888889, 43.487272222222224 ], [ 4.101191666666666, 43.486227777777778 ], [ 4.099755555555555, 43.485194444444446 ], [ 4.098302777777778, 43.484175 ], [ 4.096833333333333, 43.483163888888889 ], [ 4.09535, 43.482166666666672 ], [ 4.09385, 43.481180555555561 ], [ 4.092336111111111, 43.480205555555557 ], [ 4.090808333333333, 43.479244444444447 ], [ 4.089266666666666, 43.478294444444444 ], [ 4.087708333333333, 43.477358333333335 ], [ 4.086138888888889, 43.476433333333333 ], [ 4.084552777777778, 43.475522222222224 ], [ 4.082952777777778, 43.474622222222223 ], [ 4.081341666666667, 43.473736111111116 ], [ 4.079716666666666, 43.472863888888888 ], [ 4.078077777777778, 43.472002777777782 ], [ 4.076425, 43.471152777777782 ], [ 4.074761111111111, 43.470319444444449 ], [ 4.073086111111111, 43.4695 ], [ 4.072777777777778, 43.469441666666668 ], [ 3.997063888888889, 43.475547222222225 ], [ 3.9, 43.483330555555554 ], [ 3.871666666666667, 43.468330555555561 ], [ 3.867205555555556, 43.470369444444444 ], [ 3.863138888888889, 43.47245 ], [ 3.85915, 43.474608333333336 ], [ 3.855241666666667, 43.476844444444446 ], [ 3.851419444444445, 43.479155555555558 ], [ 3.847686111111111, 43.481541666666672 ], [ 3.844041666666667, 43.484002777777782 ], [ 3.840491666666667, 43.486530555555554 ], [ 3.837036111111111, 43.489130555555555 ], [ 3.833677777777778, 43.491794444444444 ], [ 3.830419444444444, 43.494525 ], [ 3.827263888888889, 43.49731666666667 ], [ 3.824213888888889, 43.500172222222226 ], [ 3.821272222222222, 43.503083333333336 ], [ 3.818438888888889, 43.506052777777775 ], [ 3.815719444444444, 43.509077777777776 ], [ 3.813113888888889, 43.512152777777779 ], [ 3.810619444444444, 43.515280555555556 ], [ 3.808247222222222, 43.518452777777775 ], [ 3.805991666666666, 43.521672222222222 ], [ 3.803858333333333, 43.52493611111111 ], [ 3.801847222222222, 43.528238888888886 ], [ 3.799961111111111, 43.531580555555557 ], [ 3.798197222222222, 43.534958333333329 ], [ 3.796563888888889, 43.538369444444442 ], [ 3.795055555555555, 43.541811111111109 ], [ 3.793677777777777, 43.545280555555557 ], [ 3.792427777777778, 43.548775 ], [ 3.791311111111111, 43.552294444444442 ], [ 3.790325, 43.555833333333332 ], [ 3.789472222222222, 43.559391666666663 ], [ 3.788752777777778, 43.562963888888888 ], [ 3.788166666666667, 43.56655 ], [ 3.787713888888889, 43.570144444444445 ], [ 3.787397222222222, 43.57375 ], [ 3.787216666666667, 43.577358333333336 ], [ 3.787169444444444, 43.580966666666669 ], [ 3.787255555555555, 43.584577777777781 ], [ 3.787480555555555, 43.588186111111114 ], [ 3.787836111111111, 43.591786111111112 ], [ 3.788330555555556, 43.595380555555558 ], [ 3.788955555555555, 43.598963888888889 ], [ 3.789716666666667, 43.60253055555556 ], [ 3.790611111111111, 43.606083333333338 ], [ 3.791638888888889, 43.609616666666668 ], [ 3.792797222222222, 43.613127777777777 ], [ 3.794086111111111, 43.616616666666665 ], [ 3.795505555555555, 43.62007777777778 ], [ 3.797055555555556, 43.623511111111114 ], [ 3.798733333333333, 43.626911111111113 ], [ 3.800536111111111, 43.630277777777778 ], [ 3.802466666666667, 43.633605555555555 ], [ 3.804519444444444, 43.636897222222224 ], [ 3.806697222222222, 43.640147222222218 ], [ 3.808994444444444, 43.643352777777778 ], [ 3.811413888888889, 43.64651111111111 ], [ 3.813947222222222, 43.649619444444447 ], [ 3.816597222222222, 43.652680555555555 ], [ 3.819361111111111, 43.655686111111109 ], [ 3.822238888888889, 43.658636111111107 ], [ 3.825225, 43.661530555555551 ], [ 3.828316666666666, 43.664363888888886 ], [ 3.831516666666666, 43.667136111111105 ], [ 3.834819444444445, 43.669844444444443 ], [ 3.838219444444444, 43.672486111111105 ], [ 3.841722222222222, 43.675061111111106 ], [ 3.845316666666667, 43.677566666666664 ], [ 3.849005555555556, 43.68 ], [ 3.852786111111111, 43.682358333333333 ], [ 3.85665, 43.684644444444444 ], [ 3.860602777777778, 43.686852777777773 ], [ 3.864633333333333, 43.688980555555553 ], [ 3.868744444444444, 43.69103055555555 ], [ 3.872930555555556, 43.693 ], [ 3.877188888888889, 43.69488611111111 ], [ 3.881516666666667, 43.696688888888886 ], [ 3.885913888888889, 43.698402777777773 ], [ 3.890369444444445, 43.700030555555557 ], [ 3.894886111111111, 43.701572222222225 ], [ 3.899461111111111, 43.703025 ], [ 3.904086111111111, 43.704386111111113 ], [ 3.908761111111111, 43.705655555555559 ], [ 3.913483333333333, 43.706833333333336 ], [ 3.918247222222222, 43.707916666666669 ], [ 3.923052777777778, 43.708908333333333 ], [ 3.927891666666667, 43.709802777777782 ], [ 3.932761111111111, 43.71060555555556 ], [ 3.937661111111111, 43.711311111111115 ], [ 3.942586111111111, 43.711916666666667 ], [ 3.947530555555556, 43.712430555555557 ], [ 3.952491666666667, 43.71284444444445 ], [ 3.957469444444444, 43.713161111111113 ] ] ] } },
{ "type": "Feature", "properties": { "fir": "LFMM", "identifier": "LFMM:MONTPELLIER FE1:025-145", "name": "MONTPELLIER FE1", "level_lower": 25, "level_upper": 145 }, "geometry": { "type": "Polygon", "coordinates": [ [ [ 4.336388888888888, 44.033330555555551 ], [ 4.437433333333334, 43.948552777777778 ], [ 4.525, 43.875 ], [ 4.551941666666666, 43.858055555555559 ], [ 4.643888888888888, 43.8 ], [ 4.500277777777778, 43.561388888888885 ], [ 4.286183333333333, 43.601658333333333 ], [ 4.160555555555556, 43.625277777777775 ], [ 4.077219444444444, 43.640830555555553 ], [ 4.061402777777777, 43.607772222222223 ], [ 4.035555555555556, 43.55555555555555 ], [ 3.981941666666667, 43.481388888888894 ], [ 3.997063888888889, 43.475547222222225 ], [ 4.208330555555555, 43.393888888888888 ], [ 4.487777777777778, 43.285 ], [ 4.486111111111112, 43.25277777777778 ], [ 4.283330555555556, 43.0 ], [ 4.05, 43.0 ], [ 3.81, 43.363888888888887 ], [ 3.555830555555555, 43.378888888888888 ], [ 3.549222222222222, 43.439727777777776 ], [ 3.535830555555556, 43.562777777777775 ], [ 2.709444444444445, 43.714722222222228 ], [ 2.821666666666666, 44.025833333333331 ], [ 2.904166666666667, 44.249444444444443 ], [ 3.577777777777778, 44.25 ], [ 3.883055555555555, 43.864166666666669 ], [ 4.246388888888889, 44.033330555555551 ], [ 4.336388888888888, 44.033330555555551 ] ] ] } },
{ "type": "Feature", "properties": { "fir": "LFMM", "identifier": "LFMM:MONTPELLIER FE1:000-025", "name": "MONTPELLIER FE1", "level_lower": 0, "level_upper": 25 }, "geometry": { "type": "Polygon", "coordinates": [ [ [ 4.437433333333334, 43.948552777777778 ], [ 4.434591666666667, 43.948711111111109 ], [ 4.429466666666667, 43.948922222222222 ], [ 4.424336111111112, 43.949058333333333 ], [ 4.419202777777778, 43.949119444444442 ], [ 4.414069444444444, 43.949105555555555 ], [ 4.40893888888889, 43.949019444444438 ], [ 4.403811111111112, 43.948855555555554 ], [ 4.398686111111112, 43.948619444444439 ], [ 4.393572222222223, 43.94830555555555 ], [ 4.388466666666667, 43.947919444444445 ], [ 4.383375, 43.94745833333333 ], [ 4.378294444444444, 43.946925 ], [ 4.373230555555555, 43.946316666666661 ], [ 4.368186111111111, 43.945633333333333 ], [ 4.36316111111111, 43.944877777777776 ], [ 4.35816111111111, 43.94405 ], [ 4.353180555555555, 43.943147222222215 ], [ 4.348230555555555, 43.942175 ], [ 4.343308333333333, 43.941127777777773 ], [ 4.338413888888889, 43.940011111111104 ], [ 4.333555555555555, 43.938822222222221 ], [ 4.328727777777778, 43.937563888888889 ], [ 4.323938888888889, 43.936236111111107 ], [ 4.319188888888888, 43.93483611111111 ], [ 4.314477777777777, 43.933369444444438 ], [ 4.309811111111111, 43.93183333333333 ], [ 4.30518611111111, 43.930230555555553 ], [ 4.300608333333333, 43.928561111111108 ], [ 4.296077777777778, 43.926825 ], [ 4.2916, 43.925022222222218 ], [ 4.287169444444444, 43.923155555555553 ], [ 4.282794444444445, 43.921225 ], [ 4.278477777777778, 43.919227777777778 ], [ 4.274213888888889, 43.91717222222222 ], [ 4.270011111111111, 43.915052777777774 ], [ 4.265866666666667, 43.912875 ], [ 4.261786111111111, 43.91063611111111 ], [ 4.257766666666667, 43.908336111111112 ], [ 4.253816666666666, 43.905980555555551 ], [ 4.249930555555555, 43.903566666666663 ], [ 4.246113888888889, 43.901097222222219 ], [ 4.242369444444445, 43.898572222222221 ], [ 4.238694444444445, 43.895994444444447 ], [ 4.235094444444445, 43.893363888888885 ], [ 4.231566666666667, 43.890677777777775 ], [ 4.228611111111111, 43.888055555555553 ], [ 4.196941666666667, 43.765830555555553 ], [ 4.286183333333333, 43.601658333333333 ], [ 4.160555555555556, 43.625277777777775 ], [ 4.077219444444444, 43.640830555555553 ], [ 4.061402777777777, 43.607772222222223 ], [ 3.957469444444444, 43.713161111111113 ], [ 3.952491666666667, 43.71284444444445 ], [ 3.947530555555556, 43.712430555555557 ], [ 3.942586111111111, 43.711916666666667 ], [ 3.937661111111111, 43.711311111111115 ], [ 3.932761111111111, 43.71060555555556 ], [ 3.927891666666667, 43.709802777777782 ], [ 3.923052777777778, 43.708908333333333 ], [ 3.918247222222222, 43.707916666666669 ], [ 3.913483333333333, 43.706833333333336 ], [ 3.908761111111111, 43.705655555555559 ], [ 3.904086111111111, 43.704386111111113 ], [ 3.899461111111111, 43.703025 ], [ 3.894886111111111, 43.701572222222225 ], [ 3.890369444444445, 43.700030555555557 ], [ 3.885913888888889, 43.698402777777773 ], [ 3.881516666666667, 43.696688888888886 ], [ 3.877188888888889, 43.69488611111111 ], [ 3.872930555555556, 43.693 ], [ 3.868744444444444, 43.69103055555555 ], [ 3.864633333333333, 43.688980555555553 ], [ 3.860602777777778, 43.686852777777773 ], [ 3.85665, 43.684644444444444 ], [ 3.852786111111111, 43.682358333333333 ], [ 3.849005555555556, 43.68 ], [ 3.845316666666667, 43.677566666666664 ], [ 3.841722222222222, 43.675061111111106 ], [ 3.838219444444444, 43.672486111111105 ], [ 3.834819444444445, 43.669844444444443 ], [ 3.831516666666666, 43.667136111111105 ], [ 3.828316666666666, 43.664363888888886 ], [ 3.825225, 43.661530555555551 ], [ 3.822238888888889, 43.658636111111107 ], [ 3.819361111111111, 43.655686111111109 ], [ 3.816597222222222, 43.652680555555555 ], [ 3.813947222222222, 43.649619444444447 ], [ 3.811413888888889, 43.64651111111111 ], [ 3.808994444444444, 43.643352777777778 ], [ 3.806697222222222, 43.640147222222218 ], [ 3.804519444444444, 43.636897222222224 ], [ 3.802466666666667, 43.633605555555555 ], [ 3.800536111111111, 43.630277777777778 ], [ 3.798733333333333, 43.626911111111113 ], [ 3.797055555555556, 43.623511111111114 ], [ 3.795505555555555, 43.62007777777778 ], [ 3.794086111111111, 43.616616666666665 ], [ 3.792797222222222, 43.613127777777777 ], [ 3.791638888888889, 43.609616666666668 ], [ 3.790611111111111, 43.606083333333338 ], [ 3.789716666666667, 43.60253055555556 ], [ 3.788955555555555, 43.598963888888889 ], [ 3.788330555555556, 43.595380555555558 ], [ 3.787836111111111, 43.591786111111112 ], [ 3.787480555555555, 43.588186111111114 ], [ 3.787255555555555, 43.584577777777781 ], [ 3.787169444444444, 43.580966666666669 ], [ 3.787216666666667, 43.577358333333336 ], [ 3.787397222222222, 43.57375 ], [ 3.787713888888889, 43.570144444444445 ], [ 3.788166666666667, 43.56655 ], [ 3.788752777777778, 43.562963888888888 ], [ 3.789472222222222, 43.559391666666663 ], [ 3.790325, 43.555833333333332 ], [ 3.791311111111111, 43.552294444444442 ], [ 3.792427777777778, 43.548775 ], [ 3.793677777777777, 43.545280555555557 ], [ 3.795055555555555, 43.541811111111109 ], [ 3.796563888888889, 43.538369444444442 ], [ 3.798197222222222, 43.534958333333329 ], [ 3.799961111111111, 43.531580555555557 ], [ 3.801847222222222, 43.528238888888886 ], [ 3.803858333333333, 43.52493611111111 ], [ 3.805991666666666, 43.521672222222222 ], [ 3.808247222222222, 43.518452777777775 ], [ 3.810619444444444, 43.515280555555556 ], [ 3.813113888888889, 43.512152777777779 ], [ 3.815719444444444, 43.509077777777776 ], [ 3.818438888888889, 43.506052777777775 ], [ 3.821272222222222, 43.503083333333336 ], [ 3.824213888888889, 43.500172222222226 ], [ 3.827263888888889, 43.49731666666667 ], [ 3.830419444444444, 43.494525 ], [ 3.833677777777778, 43.491794444444444 ], [ 3.837036111111111, 43.489130555555555 ], [ 3.840491666666667, 43.486530555555554 ], [ 3.844041666666667, 43.484002777777782 ], [ 3.847686111111111, 43.481541666666672 ], [ 3.851419444444445, 43.479155555555558 ], [ 3.855241666666667, 43.476844444444446 ], [ 3.85915, 43.474608333333336 ], [ 3.863138888888889, 43.47245 ], [ 3.867205555555556, 43.470369444444444 ], [ 3.871666666666667, 43.468330555555561 ], [ 3.9, 43.483330555555554 ], [ 3.997063888888889, 43.475547222222225 ], [ 4.208330555555555, 43.393888888888888 ], [ 4.487777777777778, 43.285 ], [ 4.486111111111112, 43.25277777777778 ], [ 4.283330555555556, 43.0 ], [ 4.05, 43.0 ], [ 3.81, 43.363888888888887 ], [ 3.555830555555555, 43.378888888888888 ], [ 3.549222222222222, 43.439727777777776 ], [ 3.535830555555556, 43.562777777777775 ], [ 2.709444444444445, 43.714722222222228 ], [ 2.821666666666666, 44.025833333333331 ], [ 2.904166666666667, 44.249444444444443 ], [ 3.577777777777778, 44.25 ], [ 3.883055555555555, 43.864166666666669 ], [ 4.246388888888889, 44.033330555555551 ], [ 4.336388888888888, 44.033330555555551 ], [ 4.437433333333334, 43.948552777777778 ] ] ] } },
{ "type": "Feature", "properties": { "fir": "LFMM", "identifier": "LFMM:MONTPELLIER FE2:025-075", "name": "MONTPELLIER FE2", "level_lower": 25, "level_upper": 75 }, "geometry": { "type": "Polygon", "coordinates": [ [ [ 4.520555555555555, 44.031388888888891 ], [ 4.55, 43.945830555555553 ], [ 4.551941666666666, 43.858055555555559 ], [ 4.525, 43.875 ], [ 4.437433333333334, 43.948552777777778 ], [ 4.336388888888888, 44.033330555555551 ], [ 4.520555555555555, 44.031388888888891 ] ] ] } },
{ "type": "Feature", "properties": { "fir": "LFMM", "identifier": "LFMM:MONTPELLIER FE2:000-025", "name": "MONTPELLIER FE2", "level_lower": 0, "level_upper": 25 }, "geometry": { "type": "Polygon", "coordinates": [ [ [ 4.520555555555555, 44.031388888888891 ], [ 4.55, 43.945830555555553 ], [ 4.551941666666666, 43.858055555555559 ], [ 4.525, 43.875 ], [ 4.523330555555556, 43.9325 ], [ 4.51895, 43.933902777777774 ], [ 4.514225, 43.935344444444439 ], [ 4.509461111111111, 43.936716666666662 ], [ 4.504658333333333, 43.938022222222216 ], [ 4.499819444444444, 43.939255555555555 ], [ 4.49495, 43.940416666666664 ], [ 4.490044444444444, 43.941511111111105 ], [ 4.485111111111111, 43.94253055555555 ], [ 4.48015, 43.943477777777773 ], [ 4.475163888888889, 43.944352777777773 ], [ 4.470152777777778, 43.945155555555552 ], [ 4.465119444444444, 43.945886111111108 ], [ 4.460069444444445, 43.946541666666661 ], [ 4.455, 43.947125 ], [ 4.449916666666667, 43.947633333333329 ], [ 4.444816666666667, 43.948066666666662 ], [ 4.439708333333334, 43.948427777777773 ], [ 4.437433333333334, 43.948552777777778 ], [ 4.336388888888888, 44.033330555555551 ], [ 4.520555555555555, 44.031388888888891 ] ] ] } },
{ "type": "Feature", "properties": { "fir": "LFMM", "identifier": "LFMM:MONTPELLIER FE3:115-145", "name": "MONTPELLIER FE3", "level_lower": 115, "level_upper": 145 }, "geometry": { "type": "Polygon", "coordinates": [ [ [ 2.6, 42.712222222222223 ], [ 2.680555555555555, 42.845 ], [ 2.752125, 42.853875 ], [ 2.929166666666667, 42.875830555555559 ], [ 3.250555555555556, 42.72 ], [ 3.489166666666667, 42.603055555555557 ], [ 3.564719444444444, 42.409166666666664 ], [ 3.508333333333333, 42.3575 ], [ 3.375555555555556, 42.374722222222225 ], [ 3.166666666666667, 42.43333333333333 ], [ 3.099444444444444, 42.434444444444438 ], [ 3.0425, 42.478055555555557 ], [ 2.949444444444445, 42.483055555555559 ], [ 2.875833333333333, 42.465 ], [ 2.705555555555556, 42.424722222222222 ], [ 2.735555555555556, 42.591111111111111 ], [ 2.6, 42.712222222222223 ] ] ] } },
{ "type": "Feature", "properties": { "fir": "LFMM", "identifier": "LFMM:MONTPELLIER FE3:025-115", "name": "MONTPELLIER FE3", "level_lower": 25, "level_upper": 115 }, "geometry": { "type": "Polygon", "coordinates": [ [ [ 4.160555555555556, 43.625277777777775 ], [ 4.308330555555555, 43.5 ], [ 4.208330555555555, 43.393888888888888 ], [ 3.997063888888889, 43.475547222222225 ], [ 3.981941666666667, 43.481388888888894 ], [ 4.035555555555556, 43.55555555555555 ], [ 4.061402777777777, 43.607772222222223 ], [ 4.077219444444444, 43.640830555555553 ], [ 4.160555555555556, 43.625277777777775 ] ] ] } },
{ "type": "Feature", "properties": { "fir": "LFMM", "identifier": "LFMM:MONTPELLIER FE3:000-025", "name": "MONTPELLIER FE3", "level_lower": 0, "level_upper": 25 }, "geometry": { "type": "Polygon", "coordinates": [ [ [ 4.160555555555556, 43.625277777777775 ], [ 4.308330555555555, 43.5 ], [ 4.208330555555555, 43.393888888888888 ], [ 3.997063888888889, 43.475547222222225 ], [ 4.072777777777778, 43.469441666666668 ], [ 4.073086111111111, 43.4695 ], [ 4.074761111111111, 43.470319444444449 ], [ 4.076425, 43.471152777777782 ], [ 4.078077777777778, 43.472002777777782 ], [ 4.079716666666666, 43.472863888888888 ], [ 4.081341666666667, 43.473736111111116 ], [ 4.082952777777778, 43.474622222222223 ], [ 4.084552777777778, 43.475522222222224 ], [ 4.086138888888889, 43.476433333333333 ], [ 4.087708333333333, 43.477358333333335 ], [ 4.089266666666666, 43.478294444444444 ], [ 4.090808333333333, 43.479244444444447 ], [ 4.092336111111111, 43.480205555555557 ], [ 4.09385, 43.481180555555561 ], [ 4.09535, 43.482166666666672 ], [ 4.096833333333333, 43.483163888888889 ], [ 4.098302777777778, 43.484175 ], [ 4.099755555555555, 43.485194444444446 ], [ 4.101191666666666, 43.486227777777778 ], [ 4.102613888888889, 43.487272222222224 ], [ 4.104019444444444, 43.488327777777776 ], [ 4.105411111111111, 43.489394444444443 ], [ 4.106783333333333, 43.490472222222223 ], [ 4.108141666666667, 43.49156111111111 ], [ 4.109480555555555, 43.492661111111111 ], [ 4.110805555555555, 43.493769444444446 ], [ 4.112113888888889, 43.494891666666668 ], [ 4.113402777777777, 43.496022222222223 ], [ 4.114675, 43.497163888888892 ], [ 4.115930555555555, 43.498313888888887 ], [ 4.117169444444444, 43.499477777777777 ], [ 4.118388888888888, 43.50064722222222 ], [ 4.119591666666667, 43.501827777777777 ], [ 4.120775, 43.503019444444448 ], [ 4.121941666666666, 43.504216666666665 ], [ 4.123091666666666, 43.505427777777776 ], [ 4.124219444444444, 43.506644444444447 ], [ 4.125330555555555, 43.507872222222225 ], [ 4.126425, 43.50910833333333 ], [ 4.127497222222222, 43.510352777777776 ], [ 4.128552777777777, 43.511605555555555 ], [ 4.129588888888889, 43.512866666666667 ], [ 4.130605555555555, 43.514136111111114 ], [ 4.131602777777777, 43.515413888888887 ], [ 4.132580555555555, 43.51669722222222 ], [ 4.133538888888889, 43.517991666666667 ], [ 4.134477777777779, 43.519291666666668 ], [ 4.135394444444445, 43.5206 ], [ 4.136294444444445, 43.521913888888889 ], [ 4.137172222222222, 43.52323611111111 ], [ 4.138030555555556, 43.524566666666665 ], [ 4.138869444444444, 43.52590277777778 ], [ 4.139688888888889, 43.527244444444442 ], [ 4.140486111111112, 43.528594444444444 ], [ 4.141263888888889, 43.52995 ], [ 4.142019444444445, 43.531311111111108 ], [ 4.142755555555556, 43.532677777777778 ], [ 4.143469444444444, 43.534052777777774 ], [ 4.144166666666667, 43.535430555555557 ], [ 4.14483888888889, 43.536816666666667 ], [ 4.145491666666667, 43.538205555555557 ], [ 4.146122222222223, 43.5396 ], [ 4.146730555555556, 43.541 ], [ 4.147319444444445, 43.542405555555554 ], [ 4.14788888888889, 43.543813888888884 ], [ 4.148433333333334, 43.545227777777775 ], [ 4.148958333333334, 43.546644444444439 ], [ 4.149461111111112, 43.548066666666664 ], [ 4.149941666666667, 43.549491666666668 ], [ 4.1504, 43.550922222222219 ], [ 4.150838888888889, 43.55235555555555 ], [ 4.151255555555556, 43.553791666666662 ], [ 4.15165, 43.555233333333334 ], [ 4.152019444444445, 43.556675 ], [ 4.152369444444445, 43.558119444444444 ], [ 4.1527, 43.559569444444442 ], [ 4.153005555555556, 43.56101944444444 ], [ 4.153288888888889, 43.562475 ], [ 4.15355, 43.563930555555551 ], [ 4.153791666666667, 43.565388888888883 ], [ 4.154008333333334, 43.566847222222222 ], [ 4.154202777777778, 43.568308333333334 ], [ 4.154377777777778, 43.569769444444447 ], [ 4.154527777777778, 43.571233333333339 ], [ 4.154655555555556, 43.5727 ], [ 4.15476388888889, 43.57416388888889 ], [ 4.154847222222222, 43.575630555555556 ], [ 4.154908333333334, 43.5771 ], [ 4.154947222222223, 43.578566666666667 ], [ 4.154963888888889, 43.580036111111113 ], [ 4.154961111111112, 43.581502777777779 ], [ 4.154930555555556, 43.582969444444444 ], [ 4.154880555555556, 43.58443888888889 ], [ 4.154441666666667, 43.58444166666667 ], [ 4.080555555555556, 43.588330555555558 ], [ 4.061402777777777, 43.607772222222223 ], [ 4.077219444444444, 43.640830555555553 ], [ 4.160555555555556, 43.625277777777775 ] ] ] } },
{ "type": "Feature", "properties": { "fir": "LFMM", "identifier": "LFMM:MONTPELLIER FE4:025-095", "name": "MONTPELLIER FE4", "level_lower": 25, "level_upper": 95 }, "geometry": { "type": "Polygon", "coordinates": [ [ [ 4.160555555555556, 43.625277777777775 ], [ 4.286183333333333, 43.601658333333333 ], [ 4.500277777777778, 43.561388888888885 ], [ 4.487777777777778, 43.285 ], [ 4.208330555555555, 43.393888888888888 ], [ 4.308330555555555, 43.5 ], [ 4.160555555555556, 43.625277777777775 ] ] ] } },
{ "type": "Feature", "properties": { "fir": "LFMM", "identifier": "LFMM:MONTPELLIER FE4:000-025", "name": "MONTPELLIER FE4", "level_lower": 0, "level_upper": 25 }, "geometry": { "type": "Polygon", "coordinates": [ [ [ 4.160555555555556, 43.625277777777775 ], [ 4.286183333333333, 43.601658333333333 ], [ 4.303777777777777, 43.569369444444447 ], [ 4.303897222222222, 43.569275 ], [ 4.306188888888888, 43.568677777777779 ], [ 4.308738888888889, 43.567933333333336 ], [ 4.311302777777778, 43.56720555555556 ], [ 4.313872222222222, 43.566497222222218 ], [ 4.316452777777777, 43.565805555555549 ], [ 4.319041666666666, 43.565130555555555 ], [ 4.321638888888889, 43.564475 ], [ 4.324244444444444, 43.563833333333328 ], [ 4.326855555555555, 43.563213888888889 ], [ 4.329477777777778, 43.56260833333333 ], [ 4.332108333333333, 43.562022222222218 ], [ 4.334744444444445, 43.561452777777774 ], [ 4.337388888888889, 43.560902777777777 ], [ 4.340038888888889, 43.56036944444444 ], [ 4.342694444444444, 43.559855555555551 ], [ 4.345361111111111, 43.559358333333329 ], [ 4.348030555555555, 43.558880555555554 ], [ 4.350705555555555, 43.558419444444439 ], [ 4.353388888888889, 43.557977777777772 ], [ 4.356075, 43.557552777777772 ], [ 4.358766666666666, 43.55714444444444 ], [ 4.361466666666666, 43.556758333333327 ], [ 4.364169444444444, 43.556388888888883 ], [ 4.366875, 43.556036111111105 ], [ 4.369588888888888, 43.555702777777775 ], [ 4.372302777777778, 43.555388888888885 ], [ 4.375025, 43.555091666666662 ], [ 4.377747222222222, 43.554813888888887 ], [ 4.380475, 43.554552777777772 ], [ 4.383202777777777, 43.554311111111112 ], [ 4.385936111111111, 43.554088888888884 ], [ 4.388672222222223, 43.553886111111112 ], [ 4.391411111111111, 43.5537 ], [ 4.394152777777778, 43.553530555555554 ], [ 4.396894444444444, 43.553383333333329 ], [ 4.399638888888889, 43.553252777777772 ], [ 4.402386111111111, 43.553141666666662 ], [ 4.405133333333334, 43.553047222222219 ], [ 4.407880555555556, 43.552972222222216 ], [ 4.410630555555556, 43.552916666666661 ], [ 4.413380555555556, 43.552877777777773 ], [ 4.416130555555556, 43.552861111111106 ], [ 4.418880555555556, 43.552861111111106 ], [ 4.421630555555556, 43.552877777777773 ], [ 4.424380555555556, 43.552913888888888 ], [ 4.427130555555556, 43.552969444444443 ], [ 4.429877777777778, 43.553044444444438 ], [ 4.432625, 43.553136111111108 ], [ 4.435372222222222, 43.553247222222218 ], [ 4.438116666666667, 43.553377777777776 ], [ 4.440858333333334, 43.553525 ], [ 4.4436, 43.553691666666666 ], [ 4.44633888888889, 43.553877777777778 ], [ 4.449075, 43.554080555555551 ], [ 4.451808333333333, 43.554302777777778 ], [ 4.454538888888889, 43.554544444444439 ], [ 4.457263888888889, 43.554802777777773 ], [ 4.46, 43.555080555555556 ], [ 4.462708333333333, 43.555377777777778 ], [ 4.465425, 43.555691666666661 ], [ 4.468136111111111, 43.556025 ], [ 4.470844444444444, 43.556375 ], [ 4.473547222222222, 43.55674444444444 ], [ 4.476244444444444, 43.557130555555553 ], [ 4.478938888888889, 43.557536111111105 ], [ 4.481625, 43.557961111111105 ], [ 4.484308333333334, 43.558402777777772 ], [ 4.486983333333334, 43.558863888888887 ], [ 4.489652777777778, 43.559341666666661 ], [ 4.492316666666667, 43.559838888888883 ], [ 4.494975, 43.560352777777773 ], [ 4.497627777777778, 43.560883333333329 ], [ 4.500277777777778, 43.561388888888885 ], [ 4.487777777777778, 43.285 ], [ 4.208330555555555, 43.393888888888888 ], [ 4.308330555555555, 43.5 ], [ 4.160555555555556, 43.625277777777775 ] ] ] } },
{ "type": "Feature", "properties": { "fir": "LFMM", "identifier": "LFMM:MONTPELLIER GND:000-001", "name": "MONTPELLIER GND", "level_lower": 0, "level_upper": 1 }, "geometry": { "type": "Polygon", "coordinates": [ [ [ 3.954927777777778, 43.585488888888889 ], [ 3.982091666666667, 43.57181666666667 ], [ 3.981386111111111, 43.571494444444447 ], [ 3.980877777777778, 43.571405555555557 ], [ 3.980191666666667, 43.571416666666671 ], [ 3.979797222222222, 43.571511111111114 ], [ 3.978388888888889, 43.572166666666668 ], [ 3.965313888888889, 43.578886111111117 ], [ 3.963472222222222, 43.570458333333335 ], [ 3.949111111111111, 43.577744444444448 ], [ 3.949294444444445, 43.579658333333334 ], [ 3.952266666666667, 43.579508333333337 ], [ 3.95255, 43.582444444444448 ], [ 3.953963888888889, 43.584255555555558 ], [ 3.954927777777778, 43.585488888888889 ] ] ] } },
{ "type": "Feature", "properties": { "fir": "LFMM", "identifier": "LFMM:NICE CTR:000-002", "name": "NICE CTR", "level_lower": 0, "level_upper": 2 }, "geometry": { "type": "Polygon", "coordinates": [ [ [ 7.202575, 43.651886111111111 ], [ 7.206633333333333, 43.65475 ], [ 7.206355555555556, 43.654955555555553 ], [ 7.206758333333333, 43.655238888888888 ], [ 7.207486111111112, 43.655366666666666 ], [ 7.208594444444445, 43.656161111111111 ], [ 7.208283333333333, 43.656386111111111 ], [ 7.208802777777778, 43.656758333333329 ], [ 7.209627777777778, 43.656838888888885 ], [ 7.216866666666667, 43.661897222222223 ], [ 7.216619444444444, 43.662083333333335 ], [ 7.218911111111111, 43.663683333333331 ], [ 7.219788888888889, 43.664858333333335 ], [ 7.220094444444444, 43.665105555555556 ], [ 7.220716666666667, 43.665088888888889 ], [ 7.221216666666667, 43.665502777777775 ], [ 7.227488888888889, 43.670033333333329 ], [ 7.232997222222222, 43.666472222222218 ], [ 7.226522222222222, 43.661233333333335 ], [ 7.226027777777777, 43.659722222222221 ], [ 7.225347222222222, 43.657641666666663 ], [ 7.221397222222222, 43.654644444444443 ], [ 7.204630555555556, 43.641913888888887 ], [ 7.19633888888889, 43.647630555555558 ], [ 7.202575, 43.651886111111111 ] ] ] } },
{ "type": "Feature", "properties": { "fir": "LFMM", "identifier": "LFMM:NICE CTR:000-035", "name": "NICE CTR", "level_lower": 0, "level_upper": 35 }, "geometry": { "type": "Polygon", "coordinates": [ [ [ 7.433330555555556, 43.751666666666665 ], [ 7.433330555555556, 43.708613888888891 ], [ 7.433330555555556, 43.608888888888892 ], [ 7.412633333333334, 43.600302777777777 ], [ 7.374530555555555, 43.5845 ], [ 7.160277777777778, 43.495555555555555 ], [ 7.121666666666666, 43.486111111111114 ], [ 7.121941666666666, 43.526111111111113 ], [ 7.114763888888889, 43.54806111111111 ], [ 7.115219444444444, 43.549144444444444 ], [ 7.115561111111111, 43.550252777777771 ], [ 7.115788888888889, 43.55137222222222 ], [ 7.115902777777777, 43.552502777777775 ], [ 7.115902777777777, 43.553636111111111 ], [ 7.11578611111111, 43.554766666666666 ], [ 7.115555555555555, 43.555886111111107 ], [ 7.115211111111111, 43.556991666666661 ], [ 7.114752777777777, 43.558075 ], [ 7.114188888888888, 43.559133333333328 ], [ 7.113516666666666, 43.560155555555554 ], [ 7.112744444444444, 43.561141666666664 ], [ 7.111872222222222, 43.562080555555553 ], [ 7.110905555555555, 43.562975 ], [ 7.109852777777777, 43.563811111111107 ], [ 7.108719444444444, 43.564591666666665 ], [ 7.107505555555555, 43.565305555555554 ], [ 7.106225, 43.565955555555554 ], [ 7.104880555555555, 43.566536111111105 ], [ 7.103483333333333, 43.567041666666668 ], [ 7.102036111111111, 43.567472222222229 ], [ 7.10055, 43.567825 ], [ 7.099030555555555, 43.568094444444448 ], [ 7.097488888888889, 43.568286111111114 ], [ 7.095930555555555, 43.56839166666667 ], [ 7.094366666666667, 43.568413888888891 ], [ 7.092805555555556, 43.568352777777783 ], [ 7.091255555555556, 43.568211111111111 ], [ 7.089722222222222, 43.567983333333338 ], [ 7.088216666666666, 43.567675 ], [ 7.086747222222222, 43.567288888888889 ], [ 7.085319444444444, 43.566825 ], [ 7.083944444444444, 43.566283333333331 ], [ 7.082630555555555, 43.565672222222219 ], [ 7.081377777777777, 43.564991666666664 ], [ 7.0802, 43.564247222222221 ], [ 7.079102777777778, 43.563441666666662 ], [ 7.078088888888889, 43.562577777777776 ], [ 7.077163888888888, 43.561663888888887 ], [ 7.053330555555555, 43.538330555555554 ], [ 7.041744444444444, 43.560916666666664 ], [ 7.0, 43.642219444444443 ], [ 7.206641666666667, 43.723327777777783 ], [ 7.269125, 43.747830555555559 ], [ 7.278888888888889, 43.751666666666665 ], [ 7.433330555555556, 43.751666666666665 ] ] ] } },
{ "type": "Feature", "properties": { "fir": "LFMM", "identifier": "LFMM:NICE DEL:000-002", "name": "NICE DEL", "level_lower": 0, "level_upper": 2 }, "geometry": { "type": "Polygon", "coordinates": [ [ [ 7.201319444444445, 43.652925 ], [ 7.20115, 43.653277777777774 ], [ 7.201075, 43.653841666666665 ], [ 7.201344444444445, 43.6549 ], [ 7.201783333333333, 43.656619444444445 ], [ 7.201808333333333, 43.658761111111112 ], [ 7.201333333333333, 43.661236111111108 ], [ 7.200430555555556, 43.664252777777776 ], [ 7.203355555555556, 43.665263888888887 ], [ 7.213855555555556, 43.666463888888885 ], [ 7.216402777777778, 43.666755555555554 ], [ 7.218266666666667, 43.667194444444441 ], [ 7.219877777777778, 43.66795 ], [ 7.228880555555556, 43.67445 ], [ 7.231238888888889, 43.672738888888887 ], [ 7.227488888888889, 43.670033333333329 ], [ 7.221216666666667, 43.665502777777775 ], [ 7.220716666666667, 43.665088888888889 ], [ 7.220094444444444, 43.665105555555556 ], [ 7.219788888888889, 43.664858333333335 ], [ 7.218911111111111, 43.663683333333331 ], [ 7.216619444444444, 43.662083333333335 ], [ 7.216866666666667, 43.661897222222223 ], [ 7.209627777777778, 43.656838888888885 ], [ 7.208802777777778, 43.656758333333329 ], [ 7.208283333333333, 43.656386111111111 ], [ 7.208594444444445, 43.656161111111111 ], [ 7.207486111111112, 43.655366666666666 ], [ 7.206758333333333, 43.655238888888888 ], [ 7.206355555555556, 43.654955555555553 ], [ 7.206633333333333, 43.65475 ], [ 7.202575, 43.651886111111111 ], [ 7.201319444444445, 43.652925 ] ] ] } },
{ "type": "Feature", "properties": { "fir": "LFMM", "identifier": "LFMM:NICE GND:000-002", "name": "NICE GND", "level_lower": 0, "level_upper": 2 }, "geometry": { "type": "Polygon", "coordinates": [ [ [ 7.201319444444445, 43.652925 ], [ 7.20115, 43.653277777777774 ], [ 7.201075, 43.653841666666665 ], [ 7.201344444444445, 43.6549 ], [ 7.201783333333333, 43.656619444444445 ], [ 7.201808333333333, 43.658761111111112 ], [ 7.201333333333333, 43.661236111111108 ], [ 7.200430555555556, 43.664252777777776 ], [ 7.203355555555556, 43.665263888888887 ], [ 7.213855555555556, 43.666463888888885 ], [ 7.216402777777778, 43.666755555555554 ], [ 7.218266666666667, 43.667194444444441 ], [ 7.219877777777778, 43.66795 ], [ 7.228880555555556, 43.67445 ], [ 7.231238888888889, 43.672738888888887 ], [ 7.227488888888889, 43.670033333333329 ], [ 7.221216666666667, 43.665502777777775 ], [ 7.220716666666667, 43.665088888888889 ], [ 7.220094444444444, 43.665105555555556 ], [ 7.219788888888889, 43.664858333333335 ], [ 7.218911111111111, 43.663683333333331 ], [ 7.216619444444444, 43.662083333333335 ], [ 7.216866666666667, 43.661897222222223 ], [ 7.209627777777778, 43.656838888888885 ], [ 7.208802777777778, 43.656758333333329 ], [ 7.208283333333333, 43.656386111111111 ], [ 7.208594444444445, 43.656161111111111 ], [ 7.207486111111112, 43.655366666666666 ], [ 7.206758333333333, 43.655238888888888 ], [ 7.206355555555556, 43.654955555555553 ], [ 7.206633333333333, 43.65475 ], [ 7.202575, 43.651886111111111 ], [ 7.201319444444445, 43.652925 ] ] ] } },
{ "type": "Feature", "properties": { "fir": "LFMM", "identifier": "LFMM:NICE ITM MD:020-030", "name": "NICE ITM MD", "level_lower": 20, "level_upper": 30 }, "geometry": { "type": "Polygon", "coordinates": [ [ [ 6.644111111111111, 43.393961111111111 ], [ 6.644111111111111, 43.419452777777778 ], [ 6.782125, 43.532619444444443 ], [ 6.991094444444444, 43.537705555555554 ], [ 7.053330555555555, 43.538330555555554 ], [ 7.101038888888889, 43.539402777777774 ], [ 7.1, 43.520830555555555 ], [ 7.1, 43.480830555555556 ], [ 7.096358333333333, 43.210675 ], [ 6.644111111111111, 43.250444444444447 ], [ 6.644111111111111, 43.393961111111111 ] ] ] } },
{ "type": "Feature", "properties": { "fir": "LFMM", "identifier": "LFMM:NICE ITM MN:000-060", "name": "NICE ITM MN", "level_lower": 0, "level_upper": 60 }, "geometry": { "type": "Polygon", "coordinates": [ [ [ 6.487777777777778, 43.268047222222222 ], [ 6.644111111111111, 43.393961111111111 ], [ 6.644111111111111, 43.419452777777778 ], [ 6.782125, 43.532619444444443 ], [ 6.991094444444444, 43.537705555555554 ], [ 7.041744444444444, 43.560916666666664 ], [ 7.230475, 43.65121388888889 ], [ 7.433330555555556, 43.708613888888891 ], [ 7.613225, 43.76188888888889 ], [ 7.8375, 43.70194166666667 ], [ 7.915919444444445, 43.680638888888886 ], [ 7.863625, 43.319691666666671 ], [ 7.515861111111112, 43.17543055555555 ], [ 7.096358333333333, 43.210675 ], [ 6.644111111111111, 43.250444444444447 ], [ 6.487777777777778, 43.268047222222222 ] ] ] } },
{ "type": "Feature", "properties": { "fir": "LFMM", "identifier": "LFMM:NICE ND1:025-035", "name": "NICE ND1", "level_lower": 25, "level_upper": 35 }, "geometry": { "type": "Polygon", "coordinates": [ [ [ 6.888330555555555, 43.420555555555552 ], [ 6.858330555555555, 43.451666666666668 ], [ 6.830555555555556, 43.511941666666665 ], [ 6.842594444444444, 43.526980555555554 ], [ 6.8419, 43.529163888888888 ], [ 6.841286111111111, 43.53136111111111 ], [ 6.840755555555555, 43.533569444444446 ], [ 6.840308333333333, 43.535788888888888 ], [ 6.839941666666666, 43.538013888888884 ], [ 6.839661111111111, 43.54024722222222 ], [ 6.839461111111111, 43.54248611111111 ], [ 6.839344444444444, 43.544725 ], [ 6.839311111111111, 43.546966666666663 ], [ 6.839361111111111, 43.549208333333333 ], [ 6.839494444444444, 43.55145 ], [ 6.839713888888888, 43.553686111111105 ], [ 6.840013888888889, 43.555916666666661 ], [ 6.8404, 43.558141666666664 ], [ 6.840866666666666, 43.560355555555553 ], [ 6.841413888888889, 43.562563888888889 ], [ 6.842044444444444, 43.56475833333333 ], [ 6.842758333333333, 43.566938888888892 ], [ 6.843552777777777, 43.569105555555559 ], [ 6.844427777777778, 43.57125833333334 ], [ 6.845380555555555, 43.573388888888893 ], [ 6.846413888888889, 43.575502777777778 ], [ 6.847527777777778, 43.577594444444451 ], [ 6.848716666666666, 43.579666666666668 ], [ 6.849980555555555, 43.581711111111112 ], [ 6.851325, 43.583730555555555 ], [ 6.852741666666667, 43.585725 ], [ 6.854230555555556, 43.587688888888891 ], [ 6.855794444444444, 43.589625 ], [ 6.857430555555555, 43.591527777777777 ], [ 6.859136111111111, 43.5934 ], [ 6.860911111111111, 43.595236111111113 ], [ 6.862752777777778, 43.597036111111116 ], [ 6.864663888888889, 43.598802777777777 ], [ 6.866638888888889, 43.600527777777778 ], [ 6.868677777777778, 43.602216666666671 ], [ 6.870777777777779, 43.603863888888888 ], [ 6.872938888888889, 43.605466666666665 ], [ 6.875158333333334, 43.607030555555554 ], [ 6.877438888888889, 43.60855 ], [ 6.879769444444445, 43.610022222222227 ], [ 6.882161111111111, 43.61145 ], [ 6.8846, 43.612827777777781 ], [ 6.887091666666667, 43.614161111111116 ], [ 6.889630555555555, 43.615441666666669 ], [ 6.892222222222221, 43.616675 ], [ 6.89485, 43.617855555555558 ], [ 6.897525, 43.618986111111113 ], [ 6.900241666666667, 43.620061111111113 ], [ 6.903, 43.621083333333331 ], [ 6.905791666666667, 43.622052777777782 ], [ 6.908619444444445, 43.62296666666667 ], [ 6.911480555555556, 43.623825 ], [ 6.914375, 43.624625 ], [ 6.917294444444445, 43.625369444444445 ], [ 6.920241666666667, 43.626055555555553 ], [ 6.923330555555556, 43.626666666666665 ], [ 7.0, 43.642219444444443 ], [ 7.041744444444444, 43.560916666666664 ], [ 7.053330555555555, 43.538330555555554 ], [ 7.1, 43.520830555555555 ], [ 7.1, 43.480830555555556 ], [ 6.919166666666667, 43.388330555555555 ], [ 6.888330555555555, 43.420555555555552 ] ] ] } },
{ "type": "Feature", "properties": { "fir": "LFMM", "identifier": "LFMM:NICE ND1:035-175", "name": "NICE ND1", "level_lower": 35, "level_upper": 175 }, "geometry": { "type": "Polygon", "coordinates": [ [ [ 7.025, 44.232219444444446 ], [ 7.0271, 44.230386111111116 ], [ 7.029358333333334, 44.231247222222223 ], [ 7.03035, 44.231341666666665 ], [ 7.030805555555555, 44.230630555555557 ], [ 7.031194444444444, 44.229222222222226 ], [ 7.031, 44.228058333333337 ], [ 7.031469444444444, 44.226836111111112 ], [ 7.032769444444444, 44.225858333333335 ], [ 7.033875, 44.225102777777778 ], [ 7.035027777777778, 44.224672222222225 ], [ 7.0361, 44.224427777777777 ], [ 7.037138888888888, 44.224333333333334 ], [ 7.037969444444444, 44.223938888888888 ], [ 7.038877777777778, 44.223913888888887 ], [ 7.039836111111111, 44.224286111111113 ], [ 7.041136111111111, 44.224858333333337 ], [ 7.042436111111111, 44.2253 ], [ 7.043133333333333, 44.225475 ], [ 7.043327777777778, 44.225508333333337 ], [ 7.043661111111111, 44.225777777777779 ], [ 7.070252777777777, 44.2166 ], [ 7.159269444444445, 43.854302777777782 ], [ 7.185147222222223, 43.730225 ], [ 7.206641666666667, 43.723327777777783 ], [ 7.377366666666666, 43.671430555555553 ], [ 7.412633333333334, 43.600302777777777 ], [ 7.480869444444444, 43.462516666666673 ], [ 7.559838888888889, 43.30565 ], [ 7.278888888888889, 43.252219444444442 ], [ 6.705830555555556, 43.307219444444442 ], [ 6.705830555555556, 43.575830555555562 ], [ 6.631941666666667, 43.655555555555551 ], [ 6.733611111111111, 43.68 ], [ 6.713880555555556, 43.772133333333329 ], [ 6.6475, 44.081111111111113 ], [ 6.659027777777778, 44.088641666666668 ], [ 6.670733333333334, 44.096033333333338 ], [ 6.682611111111111, 44.103277777777777 ], [ 6.694658333333334, 44.110377777777778 ], [ 6.706872222222223, 44.117327777777781 ], [ 6.71925, 44.12412777777778 ], [ 6.731783333333333, 44.13077222222222 ], [ 6.744475, 44.137266666666669 ], [ 6.757316666666667, 44.14360277777778 ], [ 6.770308333333333, 44.149780555555552 ], [ 6.783441666666667, 44.1558 ], [ 6.796719444444444, 44.161655555555555 ], [ 6.810130555555555, 44.16735 ], [ 6.823675, 44.172877777777778 ], [ 6.83735, 44.178241666666665 ], [ 6.851147222222222, 44.183438888888887 ], [ 6.865066666666666, 44.188463888888883 ], [ 6.879102777777779, 44.193319444444441 ], [ 6.893252777777778, 44.198002777777774 ], [ 6.907511111111112, 44.202513888888895 ], [ 6.921875, 44.20685 ], [ 6.936338888888889, 44.211011111111112 ], [ 6.9509, 44.21499444444445 ], [ 6.96555, 44.2188 ], [ 6.980291666666667, 44.222425 ], [ 6.995116666666667, 44.225872222222222 ], [ 7.010019444444445, 44.22913611111111 ], [ 7.025, 44.232219444444446 ] ] ] } },
{ "type": "Feature", "properties": { "fir": "LFMM", "identifier": "LFMM:NICE ND1:035-100", "name": "NICE ND1", "level_lower": 35, "level_upper": 100 }, "geometry": { "type": "Polygon", "coordinates": [ [ [ 7.510230555555555, 43.82886666666667 ], [ 7.514227777777778, 43.817966666666671 ], [ 7.517775, 43.80585 ], [ 7.520288888888889, 43.801011111111109 ], [ 7.529166666666667, 43.789936111111111 ], [ 7.529827777777777, 43.784005555555552 ], [ 7.592219444444444, 43.7675 ], [ 7.8375, 43.70194444444445 ], [ 7.480869444444444, 43.462516666666673 ], [ 7.412633333333334, 43.600302777777777 ], [ 7.377366666666666, 43.671430555555553 ], [ 7.206641666666667, 43.723327777777783 ], [ 7.185147222222223, 43.730225 ], [ 7.159269444444445, 43.854302777777782 ], [ 7.510230555555555, 43.82886666666667 ] ] ] } },
{ "type": "Feature", "properties": { "fir": "LFMM", "identifier": "LFMM:NICE ND1:000-008", "name": "NICE ND1", "level_lower": 0, "level_upper": 8 }, "geometry": { "type": "Polygon", "coordinates": [ [ [ 7.1, 43.520830555555555 ], [ 7.1, 43.480830555555556 ], [ 6.919166666666667, 43.388330555555555 ], [ 6.888330555555555, 43.420555555555552 ], [ 7.1, 43.520830555555555 ] ] ] } },
{ "type": "Feature", "properties": { "fir": "LFMM", "identifier": "LFMM:NICE ND1-CTR:000-035", "name": "NICE ND1-CTR", "level_lower": 0, "level_upper": 35 }, "geometry": { "type": "Polygon", "coordinates": [ [ [ 7.1, 43.520830555555555 ], [ 7.053330555555555, 43.538330555555554 ], [ 7.077163888888888, 43.561663888888887 ], [ 7.078088888888889, 43.562577777777776 ], [ 7.079102777777778, 43.563441666666662 ], [ 7.0802, 43.564247222222221 ], [ 7.081377777777777, 43.564991666666664 ], [ 7.082630555555555, 43.565672222222219 ], [ 7.083944444444444, 43.566283333333331 ], [ 7.085319444444444, 43.566825 ], [ 7.086747222222222, 43.567288888888889 ], [ 7.088216666666666, 43.567675 ], [ 7.089722222222222, 43.567983333333338 ], [ 7.091255555555556, 43.568211111111111 ], [ 7.092805555555556, 43.568352777777783 ], [ 7.094366666666667, 43.568413888888891 ], [ 7.095930555555555, 43.56839166666667 ], [ 7.097488888888889, 43.568286111111114 ], [ 7.099030555555555, 43.568094444444448 ], [ 7.10055, 43.567825 ], [ 7.102036111111111, 43.567472222222229 ], [ 7.103483333333333, 43.567041666666668 ], [ 7.104880555555555, 43.566536111111105 ], [ 7.106225, 43.565955555555554 ], [ 7.107505555555555, 43.565305555555554 ], [ 7.108719444444444, 43.564591666666665 ], [ 7.109852777777777, 43.563811111111107 ], [ 7.110905555555555, 43.562975 ], [ 7.111872222222222, 43.562080555555553 ], [ 7.112744444444444, 43.561141666666664 ], [ 7.113516666666666, 43.560155555555554 ], [ 7.114188888888888, 43.559133333333328 ], [ 7.114752777777777, 43.558075 ], [ 7.115211111111111, 43.556991666666661 ], [ 7.115555555555555, 43.555886111111107 ], [ 7.11578611111111, 43.554766666666666 ], [ 7.115902777777777, 43.553636111111111 ], [ 7.115902777777777, 43.552502777777775 ], [ 7.115788888888889, 43.55137222222222 ], [ 7.115561111111111, 43.550252777777771 ], [ 7.115219444444444, 43.549144444444444 ], [ 7.114763888888889, 43.54806111111111 ], [ 7.121941666666666, 43.526111111111113 ], [ 7.121666666666666, 43.486111111111114 ], [ 7.1, 43.480830555555556 ], [ 7.1, 43.520830555555555 ] ] ] } },
{ "type": "Feature", "properties": { "fir": "LFMM", "identifier": "LFMM:NICE ND1-E:000-035", "name": "NICE ND1-E", "level_lower": 0, "level_upper": 35 }, "geometry": { "type": "Polygon", "coordinates": [ [ [ 7.510230555555555, 43.82886666666667 ], [ 7.514227777777778, 43.817966666666671 ], [ 7.517775, 43.80585 ], [ 7.520288888888889, 43.801011111111109 ], [ 7.529166666666667, 43.789936111111111 ], [ 7.529827777777777, 43.784005555555552 ], [ 7.592219444444444, 43.7675 ], [ 7.613225, 43.76188888888889 ], [ 7.8375, 43.70194444444445 ], [ 7.480869444444444, 43.462516666666673 ], [ 7.412633333333334, 43.600302777777777 ], [ 7.433330555555556, 43.608888888888892 ], [ 7.433330555555556, 43.708613888888891 ], [ 7.433330555555556, 43.751666666666665 ], [ 7.278888888888889, 43.751666666666665 ], [ 7.269125, 43.747830555555559 ], [ 7.206641666666667, 43.723327777777783 ], [ 7.185147222222223, 43.730225 ], [ 7.159269444444445, 43.854302777777782 ], [ 7.510230555555555, 43.82886666666667 ] ] ] } },
{ "type": "Feature", "properties": { "fir": "LFMM", "identifier": "LFMM:NICE ND1-IF04:095-175", "name": "NICE ND1-IF04", "level_lower": 95, "level_upper": 175 }, "geometry": { "type": "Polygon", "coordinates": [ [ [ 7.873611111111112, 43.947219444444443 ], [ 7.961666666666667, 43.892219444444443 ], [ 8.049441666666667, 43.836941666666668 ], [ 7.8375, 43.70194444444445 ], [ 7.592219444444444, 43.7675 ], [ 7.873611111111112, 43.947219444444443 ] ] ] } },
{ "type": "Feature", "properties": { "fir": "LFMM", "identifier": "LFMM:NICE ND1-W:000-035", "name": "NICE ND1-W", "level_lower": 0, "level_upper": 35 }, "geometry": { "type": "Polygon", "coordinates": [ [ [ 7.412633333333334, 43.600302777777777 ], [ 7.480869444444444, 43.462516666666673 ], [ 7.559838888888889, 43.30565 ], [ 7.278888888888889, 43.252219444444442 ], [ 6.705830555555556, 43.307219444444442 ], [ 6.705830555555556, 43.575830555555562 ], [ 6.631941666666667, 43.655555555555551 ], [ 6.733611111111111, 43.68 ], [ 6.713880555555556, 43.772133333333329 ], [ 6.6475, 44.081111111111113 ], [ 6.659027777777778, 44.088641666666668 ], [ 6.670733333333334, 44.096033333333338 ], [ 6.682611111111111, 44.103277777777777 ], [ 6.694658333333334, 44.110377777777778 ], [ 6.706872222222223, 44.117327777777781 ], [ 6.71925, 44.12412777777778 ], [ 6.731783333333333, 44.13077222222222 ], [ 6.744475, 44.137266666666669 ], [ 6.757316666666667, 44.14360277777778 ], [ 6.770308333333333, 44.149780555555552 ], [ 6.783441666666667, 44.1558 ], [ 6.796719444444444, 44.161655555555555 ], [ 6.810130555555555, 44.16735 ], [ 6.823675, 44.172877777777778 ], [ 6.83735, 44.178241666666665 ], [ 6.851147222222222, 44.183438888888887 ], [ 6.865066666666666, 44.188463888888883 ], [ 6.879102777777779, 44.193319444444441 ], [ 6.893252777777778, 44.198002777777774 ], [ 6.907511111111112, 44.202513888888895 ], [ 6.921875, 44.20685 ], [ 6.936338888888889, 44.211011111111112 ], [ 6.9509, 44.21499444444445 ], [ 6.96555, 44.2188 ], [ 6.980291666666667, 44.222425 ], [ 6.995116666666667, 44.225872222222222 ], [ 7.010019444444445, 44.22913611111111 ], [ 7.025, 44.232219444444446 ], [ 7.0271, 44.230386111111116 ], [ 7.029358333333334, 44.231247222222223 ], [ 7.03035, 44.231341666666665 ], [ 7.030805555555555, 44.230630555555557 ], [ 7.031194444444444, 44.229222222222226 ], [ 7.031, 44.228058333333337 ], [ 7.031469444444444, 44.226836111111112 ], [ 7.032769444444444, 44.225858333333335 ], [ 7.033875, 44.225102777777778 ], [ 7.035027777777778, 44.224672222222225 ], [ 7.0361, 44.224427777777777 ], [ 7.037138888888888, 44.224333333333334 ], [ 7.037969444444444, 44.223938888888888 ], [ 7.038877777777778, 44.223913888888887 ], [ 7.039836111111111, 44.224286111111113 ], [ 7.041136111111111, 44.224858333333337 ], [ 7.042436111111111, 44.2253 ], [ 7.043133333333333, 44.225475 ], [ 7.043327777777778, 44.225508333333337 ], [ 7.043661111111111, 44.225777777777779 ], [ 7.070252777777777, 44.2166 ], [ 7.159269444444445, 43.854302777777782 ], [ 7.185147222222223, 43.730225 ], [ 7.206641666666667, 43.723327777777783 ], [ 7.0, 43.642219444444443 ], [ 6.923330555555556, 43.626666666666665 ], [ 6.920241666666667, 43.626055555555553 ], [ 6.917294444444445, 43.625369444444445 ], [ 6.914375, 43.624625 ], [ 6.911480555555556, 43.623825 ], [ 6.908619444444445, 43.62296666666667 ], [ 6.905791666666667, 43.622052777777782 ], [ 6.903, 43.621083333333331 ], [ 6.900241666666667, 43.620061111111113 ], [ 6.897525, 43.618986111111113 ], [ 6.89485, 43.617855555555558 ], [ 6.892222222222221, 43.616675 ], [ 6.889630555555555, 43.615441666666669 ], [ 6.887091666666667, 43.614161111111116 ], [ 6.8846, 43.612827777777781 ], [ 6.882161111111111, 43.61145 ], [ 6.879769444444445, 43.610022222222227 ], [ 6.877438888888889, 43.60855 ], [ 6.875158333333334, 43.607030555555554 ], [ 6.872938888888889, 43.605466666666665 ], [ 6.870777777777779, 43.603863888888888 ], [ 6.868677777777778, 43.602216666666671 ], [ 6.866638888888889, 43.600527777777778 ], [ 6.864663888888889, 43.598802777777777 ], [ 6.862752777777778, 43.597036111111116 ], [ 6.860911111111111, 43.595236111111113 ], [ 6.859136111111111, 43.5934 ], [ 6.857430555555555, 43.591527777777777 ], [ 6.855794444444444, 43.589625 ], [ 6.854230555555556, 43.587688888888891 ], [ 6.852741666666667, 43.585725 ], [ 6.851325, 43.583730555555555 ], [ 6.849980555555555, 43.581711111111112 ], [ 6.848716666666666, 43.579666666666668 ], [ 6.847527777777778, 43.577594444444451 ], [ 6.846413888888889, 43.575502777777778 ], [ 6.845380555555555, 43.573388888888893 ], [ 6.844427777777778, 43.57125833333334 ], [ 6.843552777777777, 43.569105555555559 ], [ 6.842758333333333, 43.566938888888892 ], [ 6.842044444444444, 43.56475833333333 ], [ 6.841413888888889, 43.562563888888889 ], [ 6.840866666666666, 43.560355555555553 ], [ 6.8404, 43.558141666666664 ], [ 6.840013888888889, 43.555916666666661 ], [ 6.839713888888888, 43.553686111111105 ], [ 6.839494444444444, 43.55145 ], [ 6.839361111111111, 43.549208333333333 ], [ 6.839311111111111, 43.546966666666663 ], [ 6.839344444444444, 43.544725 ], [ 6.839461111111111, 43.54248611111111 ], [ 6.839661111111111, 43.54024722222222 ], [ 6.839941666666666, 43.538013888888884 ], [ 6.840308333333333, 43.535788888888888 ], [ 6.840755555555555, 43.533569444444446 ], [ 6.841286111111111, 43.53136111111111 ], [ 6.8419, 43.529163888888888 ], [ 6.842594444444444, 43.526980555555554 ], [ 6.830555555555556, 43.511941666666665 ], [ 6.858330555555555, 43.451666666666668 ], [ 6.888330555555555, 43.420555555555552 ], [ 6.919166666666667, 43.388330555555555 ], [ 7.1, 43.480830555555556 ], [ 7.121666666666666, 43.486111111111114 ], [ 7.160277777777778, 43.495555555555555 ], [ 7.374530555555555, 43.5845 ], [ 7.412633333333334, 43.600302777777777 ] ] ] } },
{ "type": "Feature", "properties": { "fir": "LFMM", "identifier": "LFMM:NICE ND2:000-035", "name": "NICE ND2", "level_lower": 0, "level_upper": 35 }, "geometry": { "type": "Polygon", "coordinates": [ [ [ 7.278888888888889, 43.252219444444442 ], [ 7.559838888888889, 43.30565 ], [ 7.581666666666666, 43.262219444444447 ], [ 7.606111111111111, 43.223611111111111 ], [ 7.628733333333334, 43.178791666666662 ], [ 7.922608333333334, 43.153177777777778 ], [ 7.922647222222222, 42.735644444444446 ], [ 7.699166666666667, 42.643611111111113 ], [ 7.253330555555555, 42.867777777777775 ], [ 6.666666666666667, 42.833330555555555 ], [ 6.666666666666667, 43.06666666666667 ], [ 6.55, 43.136666666666663 ], [ 6.487777777777778, 43.1375 ], [ 6.487777777777778, 43.1482 ], [ 6.487777777777778, 43.188875 ], [ 6.571941666666667, 43.221111111111114 ], [ 6.625277777777778, 43.266666666666666 ], [ 6.58111111111111, 43.281666666666666 ], [ 6.556111111111111, 43.256388888888885 ], [ 6.543611111111111, 43.25416666666667 ], [ 6.516666666666667, 43.262219444444447 ], [ 6.487777777777778, 43.253602777777779 ], [ 6.487777777777778, 43.328888888888891 ], [ 6.705830555555556, 43.307219444444442 ], [ 7.278888888888889, 43.252219444444442 ] ] ] } },
{ "type": "Feature", "properties": { "fir": "LFMM", "identifier": "LFMM:NICE ND2:035-145", "name": "NICE ND2", "level_lower": 35, "level_upper": 145 }, "geometry": { "type": "Polygon", "coordinates": [ [ [ 7.278888888888889, 43.252219444444442 ], [ 7.559838888888889, 43.30565 ], [ 7.581666666666666, 43.262219444444447 ], [ 7.606111111111111, 43.223611111111111 ], [ 7.628733333333334, 43.178791666666662 ], [ 7.922608333333334, 43.153177777777778 ], [ 7.922647222222222, 42.735644444444446 ], [ 7.699166666666667, 42.643611111111113 ], [ 7.253330555555555, 42.867777777777775 ], [ 6.666666666666667, 42.833330555555555 ], [ 6.666666666666667, 43.06666666666667 ], [ 6.55, 43.136666666666663 ], [ 6.487777777777778, 43.1375 ], [ 6.487777777777778, 43.1482 ], [ 6.487777777777778, 43.188875 ], [ 6.487777777777778, 43.253602777777779 ], [ 6.487777777777778, 43.328888888888891 ], [ 6.705830555555556, 43.307219444444442 ], [ 7.278888888888889, 43.252219444444442 ] ] ] } },
{ "type": "Feature", "properties": { "fir": "LFMM", "identifier": "LFMM:NICE ND2:021-035", "name": "NICE ND2", "level_lower": 21, "level_upper": 35 }, "geometry": { "type": "Polygon", "coordinates": [ [ [ 6.516666666666667, 43.262219444444447 ], [ 6.543611111111111, 43.25416666666667 ], [ 6.556111111111111, 43.256388888888885 ], [ 6.58111111111111, 43.281666666666666 ], [ 6.625277777777778, 43.266666666666666 ], [ 6.571941666666667, 43.221111111111114 ], [ 6.487777777777778, 43.188875 ], [ 6.487777777777778, 43.253602777777779 ], [ 6.516666666666667, 43.262219444444447 ] ] ] } },
{ "type": "Feature", "properties": { "fir": "LFMM", "identifier": "LFMM:NICE NE1:000-175", "name": "NICE NE1", "level_lower": 0, "level_upper": 175 }, "geometry": { "type": "Polygon", "coordinates": [ [ [ 7.28145, 44.1411 ], [ 7.285555555555556, 44.142222222222223 ], [ 7.287980555555555, 44.144455555555552 ], [ 7.2911, 44.145786111111107 ], [ 7.297922222222222, 44.146344444444445 ], [ 7.307280555555556, 44.146275 ], [ 7.314980555555556, 44.144455555555552 ], [ 7.323458333333333, 44.143686111111109 ], [ 7.332522222222222, 44.144177777777777 ], [ 7.337591666666667, 44.145086111111112 ], [ 7.343438888888889, 44.14543611111111 ], [ 7.345583333333333, 44.144105555555555 ], [ 7.346266666666667, 44.140819444444446 ], [ 7.34685, 44.137041666666669 ], [ 7.346655555555555, 44.135502777777781 ], [ 7.347436111111111, 44.131866666666667 ], [ 7.352894444444444, 44.125569444444444 ], [ 7.355038888888888, 44.119830555555559 ], [ 7.362055555555555, 44.117313888888887 ], [ 7.372583333333333, 44.118711111111111 ], [ 7.380963888888888, 44.121930555555558 ], [ 7.387202777777778, 44.124730555555558 ], [ 7.395975, 44.12375 ], [ 7.402408333333334, 44.120672222222225 ], [ 7.411375, 44.119411111111113 ], [ 7.416833333333334, 44.11535277777778 ], [ 7.426580555555556, 44.113675 ], [ 7.428919444444444, 44.117591666666669 ], [ 7.42775, 44.123469444444446 ], [ 7.430672222222222, 44.129208333333331 ], [ 7.439836111111111, 44.128366666666665 ], [ 7.450947222222222, 44.127527777777779 ], [ 7.457963888888889, 44.127108333333332 ], [ 7.464591666666667, 44.129208333333331 ], [ 7.474925, 44.132005555555558 ], [ 7.484963888888889, 44.134594444444446 ], [ 7.491297222222222, 44.137391666666666 ], [ 7.495780555555555, 44.140258333333335 ], [ 7.500363888888889, 44.142219444444443 ], [ 7.506113888888889, 44.143058333333336 ], [ 7.509622222222222, 44.142358333333334 ], [ 7.512252777777777, 44.140680555555555 ], [ 7.516833333333333, 44.1383 ], [ 7.523755555555556, 44.138791666666663 ], [ 7.527555555555556, 44.1411 ], [ 7.530869444444444, 44.146344444444445 ], [ 7.531455555555556, 44.146625 ], [ 7.534575, 44.147325 ], [ 7.538277777777778, 44.146833333333333 ], [ 7.542372222222222, 44.146136111111112 ], [ 7.549291666666667, 44.146344444444445 ], [ 7.555041666666667, 44.14823333333333 ], [ 7.558647222222222, 44.152569444444445 ], [ 7.564886111111111, 44.153688888888887 ], [ 7.575802777777778, 44.152569444444445 ], [ 7.586327777777777, 44.152569444444445 ], [ 7.602313888888888, 44.15228888888889 ], [ 7.617127777777778, 44.15228888888889 ], [ 7.624925, 44.156205555555552 ], [ 7.629605555555556, 44.163197222222223 ], [ 7.631552777777778, 44.172425 ], [ 7.640130555555555, 44.1769 ], [ 7.6452, 44.177180555555552 ], [ 7.664691666666667, 44.1769 ], [ 7.673269444444445, 44.179136111111106 ], [ 7.683016666666667, 44.175780555555555 ], [ 7.683797222222222, 44.168511111111108 ], [ 7.679897222222222, 44.162077777777775 ], [ 7.6721, 44.158441666666668 ], [ 7.671319444444444, 44.153127777777776 ], [ 7.680677777777778, 44.147533333333335 ], [ 7.678727777777778, 44.142497222222225 ], [ 7.670930555555556, 44.138022222222219 ], [ 7.667422222222222, 44.12766666666667 ], [ 7.679119444444445, 44.11815277777778 ], [ 7.687694444444444, 44.111713888888893 ], [ 7.693933333333334, 44.103316666666672 ], [ 7.7029, 44.093236111111111 ], [ 7.713036111111111, 44.086236111111113 ], [ 7.718886111111111, 44.08175555555556 ], [ 7.714205555555556, 44.076433333333334 ], [ 7.714986111111111, 44.06859166666667 ], [ 7.712594444444445, 44.06113055555555 ], [ 7.708069444444445, 44.05790555555555 ], [ 7.703255555555556, 44.050444444444445 ], [ 7.703575, 44.046852777777779 ], [ 7.700591666666667, 44.040811111111111 ], [ 7.68985, 44.039516666666664 ], [ 7.677688888888889, 44.032963888888887 ], [ 7.675344444444445, 44.029775 ], [ 7.666641666666667, 44.031161111111111 ], [ 7.663180555555556, 44.029111111111114 ], [ 7.661786111111112, 44.023205555555556 ], [ 7.662538888888889, 44.02140277777778 ], [ 7.662261111111111, 44.019027777777779 ], [ 7.66415, 44.012366666666665 ], [ 7.666986111111111, 44.006836111111113 ], [ 7.670136111111112, 43.998527777777781 ], [ 7.663355555555555, 43.99175 ], [ 7.663386111111111, 43.98661388888889 ], [ 7.656563888888889, 43.985530555555556 ], [ 7.655594444444445, 43.97772777777778 ], [ 7.653555555555556, 43.975830555555561 ], [ 7.652911111111112, 43.974241666666671 ], [ 7.644316666666666, 43.973905555555561 ], [ 7.637763888888888, 43.969294444444444 ], [ 7.629080555555556, 43.963236111111115 ], [ 7.619986111111111, 43.960155555555559 ], [ 7.611266666666666, 43.954694444444449 ], [ 7.6016, 43.957655555555561 ], [ 7.597538888888889, 43.956405555555556 ], [ 7.589691666666666, 43.955188888888891 ], [ 7.584944444444444, 43.953077777777779 ], [ 7.581741666666667, 43.948666666666661 ], [ 7.579338888888889, 43.949469444444439 ], [ 7.575061111111111, 43.948191666666666 ], [ 7.575391666666667, 43.946005555555551 ], [ 7.56965, 43.947286111111104 ], [ 7.569752777777778, 43.945352777777778 ], [ 7.566830555555556, 43.943088888888887 ], [ 7.573619444444444, 43.936855555555553 ], [ 7.570480555555555, 43.932466666666663 ], [ 7.571105555555556, 43.928980555555555 ], [ 7.568186111111111, 43.927225 ], [ 7.56825, 43.923325 ], [ 7.558319444444444, 43.917988888888885 ], [ 7.559094444444444, 43.915461111111107 ], [ 7.562061111111111, 43.908691666666662 ], [ 7.562663888888888, 43.903355555555557 ], [ 7.561091666666666, 43.898716666666665 ], [ 7.550755555555555, 43.894291666666668 ], [ 7.539755555555556, 43.893355555555559 ], [ 7.5352, 43.891211111111112 ], [ 7.532213888888889, 43.890516666666663 ], [ 7.527616666666667, 43.886786111111114 ], [ 7.521105555555556, 43.88646388888889 ], [ 7.517319444444444, 43.882425 ], [ 7.512894444444444, 43.885230555555552 ], [ 7.512205555555555, 43.883469444444444 ], [ 7.510380555555556, 43.882144444444442 ], [ 7.510016666666667, 43.880311111111112 ], [ 7.507244444444445, 43.877505555555558 ], [ 7.502538888888889, 43.874916666666664 ], [ 7.497638888888889, 43.871169444444448 ], [ 7.499638888888889, 43.867716666666666 ], [ 7.499166666666667, 43.86503611111111 ], [ 7.496113888888889, 43.864325 ], [ 7.495016666666666, 43.857463888888887 ], [ 7.498627777777778, 43.84610277777778 ], [ 7.507030555555556, 43.841891666666669 ], [ 7.507030555555556, 43.840041666666671 ], [ 7.508813888888889, 43.834941666666666 ], [ 7.510230555555555, 43.82886666666667 ], [ 7.159269444444445, 43.854302777777782 ], [ 7.070252777777777, 44.2166 ], [ 7.043661111111111, 44.225777777777779 ], [ 7.0525, 44.227697222222226 ], [ 7.057566666666666, 44.227697222222226 ], [ 7.063805555555556, 44.228536111111111 ], [ 7.065169444444444, 44.231188888888887 ], [ 7.077255555555555, 44.231888888888889 ], [ 7.081933333333333, 44.229933333333335 ], [ 7.090316666666666, 44.223647222222226 ], [ 7.094216666666666, 44.220713888888888 ], [ 7.104547222222222, 44.219594444444446 ], [ 7.115269444444444, 44.216941666666671 ], [ 7.119361111111111, 44.214986111111116 ], [ 7.12755, 44.20995555555556 ], [ 7.137880555555556, 44.203386111111115 ], [ 7.146652777777779, 44.200872222222223 ], [ 7.150355555555556, 44.203247222222224 ], [ 7.155619444444445, 44.205202777777778 ], [ 7.163222222222222, 44.207580555555559 ], [ 7.168486111111111, 44.204366666666672 ], [ 7.169266666666667, 44.201569444444445 ], [ 7.1718, 44.200172222222228 ], [ 7.176866666666667, 44.197936111111105 ], [ 7.181936111111112, 44.200313888888893 ], [ 7.189344444444445, 44.200452777777784 ], [ 7.188952777777778, 44.197377777777774 ], [ 7.192266666666667, 44.194163888888887 ], [ 7.191877777777778, 44.188991666666666 ], [ 7.195386111111111, 44.187105555555554 ], [ 7.200261111111112, 44.186825 ], [ 7.203183333333333, 44.184938888888887 ], [ 7.206108333333334, 44.179555555555552 ], [ 7.211177777777778, 44.177458333333334 ], [ 7.2141, 44.174663888888887 ], [ 7.21605, 44.170608333333334 ], [ 7.221313888888889, 44.16921111111111 ], [ 7.227258333333333, 44.169069444444439 ], [ 7.230669444444445, 44.171586111111111 ], [ 7.232813888888889, 44.174941666666662 ], [ 7.238369444444444, 44.173825 ], [ 7.243341666666667, 44.171027777777773 ], [ 7.244413888888889, 44.169 ], [ 7.244997222222223, 44.16578333333333 ], [ 7.246458333333333, 44.161869444444442 ], [ 7.250844444444445, 44.157325 ], [ 7.256694444444444, 44.15389722222222 ], [ 7.261080555555556, 44.147952777777775 ], [ 7.26605, 44.146902777777775 ], [ 7.273361111111111, 44.144805555555557 ], [ 7.276383333333333, 44.143336111111111 ], [ 7.28145, 44.1411 ] ] ] } },
{ "type": "Feature", "properties": { "fir": "LFMM", "identifier": "LFMM:NICE NE1:100-175", "name": "NICE NE1", "level_lower": 100, "level_upper": 175 }, "geometry": { "type": "Polygon", "coordinates": [ [ [ 7.510230555555555, 43.82886666666667 ], [ 7.514227777777778, 43.817966666666671 ], [ 7.517775, 43.80585 ], [ 7.520288888888889, 43.801011111111109 ], [ 7.529166666666667, 43.789936111111111 ], [ 7.529827777777777, 43.784005555555552 ], [ 7.592219444444444, 43.7675 ], [ 7.8375, 43.70194444444445 ], [ 7.480869444444444, 43.462516666666673 ], [ 7.412633333333334, 43.600302777777777 ], [ 7.377366666666666, 43.671430555555553 ], [ 7.206641666666667, 43.723327777777783 ], [ 7.185147222222223, 43.730225 ], [ 7.159269444444445, 43.854302777777782 ], [ 7.510230555555555, 43.82886666666667 ] ] ] } },
{ "type": "Feature", "properties": { "fir": "LFMM", "identifier": "LFMM:NICE NE1-IF03:095-175", "name": "NICE NE1-IF03", "level_lower": 95, "level_upper": 175 }, "geometry": { "type": "Polygon", "coordinates": [ [ [ 7.829063888888888, 43.974997222222221 ], [ 7.751941666666666, 44.023055555555551 ], [ 7.712594444444445, 44.06113055555555 ], [ 7.708069444444445, 44.05790555555555 ], [ 7.703255555555556, 44.050444444444445 ], [ 7.703575, 44.046852777777779 ], [ 7.700591666666667, 44.040811111111111 ], [ 7.68985, 44.039516666666664 ], [ 7.677688888888889, 44.032963888888887 ], [ 7.675344444444445, 44.029775 ], [ 7.666641666666667, 44.031161111111111 ], [ 7.663180555555556, 44.029111111111114 ], [ 7.661786111111112, 44.023205555555556 ], [ 7.662538888888889, 44.02140277777778 ], [ 7.662261111111111, 44.019027777777779 ], [ 7.66415, 44.012366666666665 ], [ 7.666986111111111, 44.006836111111113 ], [ 7.670136111111112, 43.998527777777781 ], [ 7.663355555555555, 43.99175 ], [ 7.663386111111111, 43.98661388888889 ], [ 7.656563888888889, 43.985530555555556 ], [ 7.655594444444445, 43.97772777777778 ], [ 7.653555555555556, 43.975830555555561 ], [ 7.652911111111112, 43.974241666666671 ], [ 7.644316666666666, 43.973905555555561 ], [ 7.637763888888888, 43.969294444444444 ], [ 7.629080555555556, 43.963236111111115 ], [ 7.619986111111111, 43.960155555555559 ], [ 7.611266666666666, 43.954694444444449 ], [ 7.6016, 43.957655555555561 ], [ 7.597538888888889, 43.956405555555556 ], [ 7.589691666666666, 43.955188888888891 ], [ 7.584944444444444, 43.953077777777779 ], [ 7.581741666666667, 43.948666666666661 ], [ 7.579338888888889, 43.949469444444439 ], [ 7.575061111111111, 43.948191666666666 ], [ 7.575391666666667, 43.946005555555551 ], [ 7.56965, 43.947286111111104 ], [ 7.569752777777778, 43.945352777777778 ], [ 7.566830555555556, 43.943088888888887 ], [ 7.573619444444444, 43.936855555555553 ], [ 7.570480555555555, 43.932466666666663 ], [ 7.571105555555556, 43.928980555555555 ], [ 7.568186111111111, 43.927225 ], [ 7.56825, 43.923325 ], [ 7.558319444444444, 43.917988888888885 ], [ 7.559094444444444, 43.915461111111107 ], [ 7.562061111111111, 43.908691666666662 ], [ 7.562663888888888, 43.903355555555557 ], [ 7.561091666666666, 43.898716666666665 ], [ 7.550755555555555, 43.894291666666668 ], [ 7.539755555555556, 43.893355555555559 ], [ 7.5352, 43.891211111111112 ], [ 7.532213888888889, 43.890516666666663 ], [ 7.527616666666667, 43.886786111111114 ], [ 7.521105555555556, 43.88646388888889 ], [ 7.517319444444444, 43.882425 ], [ 7.512894444444444, 43.885230555555552 ], [ 7.512205555555555, 43.883469444444444 ], [ 7.510380555555556, 43.882144444444442 ], [ 7.510016666666667, 43.880311111111112 ], [ 7.507244444444445, 43.877505555555558 ], [ 7.502538888888889, 43.874916666666664 ], [ 7.497638888888889, 43.871169444444448 ], [ 7.499638888888889, 43.867716666666666 ], [ 7.499166666666667, 43.86503611111111 ], [ 7.496113888888889, 43.864325 ], [ 7.495016666666666, 43.857463888888887 ], [ 7.498627777777778, 43.84610277777778 ], [ 7.507030555555556, 43.841891666666669 ], [ 7.507030555555556, 43.840041666666671 ], [ 7.508813888888889, 43.834941666666666 ], [ 7.510230555555555, 43.82886666666667 ], [ 7.514227777777778, 43.817966666666671 ], [ 7.517775, 43.80585 ], [ 7.520288888888889, 43.801011111111109 ], [ 7.529166666666667, 43.789936111111111 ], [ 7.529827777777777, 43.784005555555552 ], [ 7.592219444444444, 43.7675 ], [ 7.873611111111112, 43.947219444444443 ], [ 7.829063888888888, 43.974997222222221 ] ] ] } },
{ "type": "Feature", "properties": { "fir": "LFMM", "identifier": "LFMM:NICE NE1-SE:000-175", "name": "NICE NE1-SE", "level_lower": 0, "level_upper": 175 }, "geometry": { "type": "Polygon", "coordinates": [ [ [ 8.0375, 43.431111111111107 ], [ 7.568483333333333, 43.307922222222217 ], [ 7.559838888888889, 43.30565 ], [ 7.480869444444444, 43.462516666666673 ], [ 7.8375, 43.70194444444445 ], [ 8.321719444444444, 43.570277777777783 ], [ 8.0375, 43.431111111111107 ] ] ] } },
{ "type": "Feature", "properties": { "fir": "LFMM", "identifier": "LFMM:NICE NE2:000-145", "name": "NICE NE2", "level_lower": 0, "level_upper": 145 }, "geometry": { "type": "Polygon", "coordinates": [ [ [ 8.5475, 43.506388888888885 ], [ 8.123611111111112, 42.8175 ], [ 7.958888888888889, 42.750555555555557 ], [ 7.922647222222222, 42.735644444444446 ], [ 7.922608333333334, 43.153177777777778 ], [ 7.628733333333334, 43.178791666666662 ], [ 7.606111111111111, 43.223611111111111 ], [ 7.581666666666666, 43.262219444444447 ], [ 7.559838888888889, 43.30565 ], [ 7.568483333333333, 43.307922222222217 ], [ 8.0375, 43.431111111111107 ], [ 8.321719444444444, 43.570277777777783 ], [ 8.406686111111112, 43.547513888888886 ], [ 8.5475, 43.506388888888885 ] ] ] } },
{ "type": "Feature", "properties": { "fir": "LFMM", "identifier": "LFMM:NICE NO1:000-145", "name": "NICE NO1", "level_lower": 0, "level_upper": 145 }, "geometry": { "type": "Polygon", "coordinates": [ [ [ 6.631941666666667, 43.655555555555551 ], [ 6.705830555555556, 43.575830555555562 ], [ 6.705830555555556, 43.307219444444442 ], [ 6.487777777777778, 43.328888888888891 ], [ 6.341666666666667, 43.476388888888891 ], [ 6.222222222222222, 43.474444444444444 ], [ 6.222219444444445, 43.675 ], [ 6.320830555555555, 43.625 ], [ 6.341666666666667, 43.625 ], [ 6.505555555555556, 43.625 ], [ 6.581752777777777, 43.643275 ], [ 6.631941666666667, 43.655555555555551 ] ] ] } },
{ "type": "Feature", "properties": { "fir": "LFMM", "identifier": "LFMM:NICE NO2:000-035", "name": "NICE NO2", "level_lower": 0, "level_upper": 35 }, "geometry": { "type": "Polygon", "coordinates": [ [ [ 6.487777777777778, 43.268047222222222 ], [ 6.487777777777778, 43.253602777777779 ], [ 6.400830555555556, 43.227777777777781 ], [ 6.388611111111111, 43.223055555555554 ], [ 6.431111111111111, 43.185 ], [ 6.448055555555555, 43.173611111111107 ], [ 6.487777777777778, 43.188875 ], [ 6.487777777777778, 43.1482 ], [ 6.266666666666667, 43.175 ], [ 6.2475, 43.175277777777772 ], [ 6.043330555555555, 43.175 ], [ 6.021036111111111, 43.175027777777778 ], [ 6.003288888888889, 43.313825 ], [ 5.983330555555556, 43.470555555555556 ], [ 5.983330555555556, 43.625 ], [ 6.222219444444445, 43.675 ], [ 6.222222222222222, 43.474444444444444 ], [ 6.341666666666667, 43.476388888888891 ], [ 6.487777777777778, 43.328888888888891 ], [ 6.487777777777778, 43.268047222222222 ] ] ] } },
{ "type": "Feature", "properties": { "fir": "LFMM", "identifier": "LFMM:NICE NO2:035-115", "name": "NICE NO2", "level_lower": 35, "level_upper": 115 }, "geometry": { "type": "Polygon", "coordinates": [ [ [ 6.487777777777778, 43.268047222222222 ], [ 6.487777777777778, 43.253602777777779 ], [ 6.487777777777778, 43.188875 ], [ 6.487777777777778, 43.1482 ], [ 6.266666666666667, 43.175 ], [ 6.2475, 43.175277777777772 ], [ 6.043330555555555, 43.175 ], [ 6.021036111111111, 43.175027777777778 ], [ 6.003288888888889, 43.313825 ], [ 5.983330555555556, 43.470555555555556 ], [ 5.983330555555556, 43.625 ], [ 6.222219444444445, 43.675 ], [ 6.222222222222222, 43.474444444444444 ], [ 6.341666666666667, 43.476388888888891 ], [ 6.487777777777778, 43.328888888888891 ], [ 6.487777777777778, 43.268047222222222 ] ] ] } },
{ "type": "Feature", "properties": { "fir": "LFMM", "identifier": "LFMM:NICE NO2:021-035", "name": "NICE NO2", "level_lower": 21, "level_upper": 35 }, "geometry": { "type": "Polygon", "coordinates": [ [ [ 6.487777777777778, 43.253602777777779 ], [ 6.487777777777778, 43.188875 ], [ 6.448055555555555, 43.173611111111107 ], [ 6.431111111111111, 43.185 ], [ 6.388611111111111, 43.223055555555554 ], [ 6.400830555555556, 43.227777777777781 ], [ 6.487777777777778, 43.253602777777779 ] ] ] } },
{ "type": "Feature", "properties": { "fir": "LFMM", "identifier": "LFMM:ORANGE CTR:000-065", "name": "ORANGE CTR", "level_lower": 0, "level_upper": 65 }, "geometry": { "type": "Polygon", "coordinates": [ [ [ 4.65, 44.416666666666664 ], [ 4.678055555555556, 44.383330555555553 ], [ 4.83, 44.297777777777775 ], [ 4.834113888888888, 44.298202777777774 ], [ 4.83836111111111, 44.298605555555554 ], [ 4.842613888888889, 44.29895 ], [ 4.846877777777777, 44.299238888888887 ], [ 4.85115, 44.299475 ], [ 4.855425, 44.29965 ], [ 4.859705555555555, 44.299769444444443 ], [ 4.863986111111111, 44.299833333333332 ], [ 4.868269444444445, 44.299841666666666 ], [ 4.872552777777778, 44.299791666666664 ], [ 4.876833333333334, 44.299686111111107 ], [ 4.881111111111111, 44.299522222222222 ], [ 4.885380555555555, 44.299302777777775 ], [ 4.889647222222222, 44.299027777777773 ], [ 4.893905555555556, 44.298697222222224 ], [ 4.898152777777777, 44.298308333333331 ], [ 4.902391666666667, 44.297863888888884 ], [ 4.906616666666667, 44.297363888888889 ], [ 4.910827777777778, 44.296808333333331 ], [ 4.915025, 44.296197222222219 ], [ 4.919205555555556, 44.295530555555551 ], [ 4.923366666666667, 44.294811111111109 ], [ 4.927511111111111, 44.294033333333331 ], [ 4.931633333333334, 44.293202777777779 ], [ 4.935733333333333, 44.292316666666665 ], [ 4.939808333333334, 44.291377777777775 ], [ 4.943861111111111, 44.290383333333331 ], [ 4.947886111111111, 44.289336111111112 ], [ 4.951883333333334, 44.288238888888884 ], [ 4.95585, 44.287086111111108 ], [ 4.959788888888889, 44.285880555555551 ], [ 4.963694444444444, 44.284625 ], [ 4.967566666666666, 44.283316666666664 ], [ 4.971405555555556, 44.281958333333336 ], [ 4.975205555555556, 44.28055 ], [ 4.978972222222223, 44.279091666666666 ], [ 4.9827, 44.277580555555552 ], [ 4.986386111111111, 44.276025 ], [ 4.990033333333334, 44.27441944444444 ], [ 4.993638888888889, 44.272763888888889 ], [ 4.9972, 44.271063888888889 ], [ 5.000716666666666, 44.269316666666668 ], [ 5.004186111111111, 44.267519444444446 ], [ 5.007611111111111, 44.265680555555555 ], [ 5.010986111111111, 44.263797222222223 ], [ 5.014313888888889, 44.26186666666667 ], [ 5.017588888888889, 44.259894444444441 ], [ 5.020813888888889, 44.257880555555559 ], [ 5.023986111111111, 44.255822222222221 ], [ 5.027105555555556, 44.253722222222223 ], [ 5.030169444444445, 44.251583333333336 ], [ 5.033177777777778, 44.249402777777782 ], [ 5.036127777777778, 44.247183333333332 ], [ 5.039022222222222, 44.244925 ], [ 5.041855555555555, 44.242627777777777 ], [ 5.044630555555555, 44.240294444444444 ], [ 5.046941666666666, 44.238055555555555 ], [ 5.038888888888889, 43.938888888888883 ], [ 4.993055555555555, 43.913888888888884 ], [ 4.894441666666666, 43.970830555555558 ], [ 4.799166666666666, 43.970830555555558 ], [ 4.765, 44.0125 ], [ 4.6, 44.125 ], [ 4.65, 44.416666666666664 ] ] ] } },
{ "type": "Feature", "properties": { "fir": "LFMM", "identifier": "LFMM:ORANGE CTR:000-002", "name": "ORANGE CTR", "level_lower": 0, "level_upper": 2 }, "geometry": { "type": "Polygon", "coordinates": [ [ [ 4.860936111111111, 44.150208333333332 ], [ 4.88115, 44.131027777777781 ], [ 4.878111111111112, 44.129402777777777 ], [ 4.858355555555555, 44.14875277777778 ], [ 4.860936111111111, 44.150208333333332 ] ] ] } },
{ "type": "Feature", "properties": { "fir": "LFMM", "identifier": "LFMM:ORANGE GND:000-002", "name": "ORANGE GND", "level_lower": 0, "level_upper": 2 }, "geometry": { "type": "Polygon", "coordinates": [ [ [ 4.858355555555555, 44.14875277777778 ], [ 4.878111111111112, 44.129402777777777 ], [ 4.871597222222222, 44.126130555555555 ], [ 4.863180555555555, 44.133972222222219 ], [ 4.848105555555556, 44.132708333333333 ], [ 4.84685, 44.13745 ], [ 4.858355555555555, 44.14875277777778 ] ] ] } },
{ "type": "Feature", "properties": { "fir": "LFMM", "identifier": "LFMM:PERPIGNAN CTR:000-020", "name": "PERPIGNAN CTR", "level_lower": 0, "level_upper": 20 }, "geometry": { "type": "Polygon", "coordinates": [ [ [ 2.929166666666667, 42.875830555555559 ], [ 3.0, 42.68666666666666 ], [ 2.999105555555555, 42.685505555555551 ], [ 2.997938888888889, 42.684244444444438 ], [ 2.99675, 42.68299722222222 ], [ 2.995538888888889, 42.681761111111108 ], [ 2.994308333333334, 42.680533333333329 ], [ 2.993052777777778, 42.679319444444445 ], [ 2.991777777777778, 42.678119444444441 ], [ 2.990480555555556, 42.67693055555555 ], [ 2.989163888888889, 42.675752777777774 ], [ 2.987825, 42.674588888888884 ], [ 2.986463888888889, 42.673438888888889 ], [ 2.985086111111111, 42.6723 ], [ 2.983686111111111, 42.671177777777778 ], [ 2.982266666666667, 42.670066666666663 ], [ 2.980827777777778, 42.668969444444443 ], [ 2.979369444444445, 42.667886111111109 ], [ 2.977891666666667, 42.666816666666662 ], [ 2.976394444444444, 42.665761111111109 ], [ 2.974880555555556, 42.664719444444444 ], [ 2.97335, 42.663694444444445 ], [ 2.971797222222222, 42.662683333333334 ], [ 2.970227777777778, 42.661688888888889 ], [ 2.968641666666667, 42.660705555555552 ], [ 2.967038888888889, 42.659741666666662 ], [ 2.965419444444445, 42.658791666666666 ], [ 2.963780555555556, 42.657855555555557 ], [ 2.962127777777778, 42.656936111111108 ], [ 2.960458333333333, 42.656036111111106 ], [ 2.958772222222223, 42.655147222222219 ], [ 2.957072222222223, 42.654277777777779 ], [ 2.955355555555556, 42.653422222222218 ], [ 2.953625, 42.652586111111113 ], [ 2.951877777777778, 42.651763888888887 ], [ 2.950116666666667, 42.650961111111108 ], [ 2.948344444444445, 42.650172222222224 ], [ 2.946555555555556, 42.64940277777778 ], [ 2.944752777777778, 42.64865 ], [ 2.942938888888889, 42.647913888888887 ], [ 2.941111111111111, 42.647194444444445 ], [ 2.939269444444445, 42.646494444444443 ], [ 2.937419444444445, 42.645813888888888 ], [ 2.935555555555556, 42.645147222222221 ], [ 2.933677777777778, 42.6445 ], [ 2.931791666666666, 42.643872222222221 ], [ 2.929891666666666, 42.643261111111109 ], [ 2.927983333333333, 42.642666666666663 ], [ 2.926063888888889, 42.642094444444446 ], [ 2.924136111111111, 42.641538888888888 ], [ 2.922194444444444, 42.641 ], [ 2.920247222222222, 42.640480555555555 ], [ 2.918288888888889, 42.639983333333333 ], [ 2.916325, 42.6395 ], [ 2.91435, 42.639038888888891 ], [ 2.912366666666667, 42.638594444444443 ], [ 2.910377777777778, 42.638172222222224 ], [ 2.908380555555556, 42.637766666666664 ], [ 2.906375, 42.637380555555552 ], [ 2.904363888888889, 42.637013888888887 ], [ 2.902347222222222, 42.636666666666663 ], [ 2.900325, 42.636338888888886 ], [ 2.898294444444444, 42.636030555555557 ], [ 2.896261111111111, 42.635741666666668 ], [ 2.894222222222222, 42.635472222222219 ], [ 2.892177777777778, 42.635222222222225 ], [ 2.890130555555555, 42.634991666666664 ], [ 2.888077777777778, 42.634780555555558 ], [ 2.886022222222222, 42.634591666666665 ], [ 2.883963888888889, 42.634419444444447 ], [ 2.881902777777778, 42.634269444444442 ], [ 2.879838888888889, 42.634136111111111 ], [ 2.877772222222222, 42.634025 ], [ 2.875705555555556, 42.633933333333331 ], [ 2.873636111111111, 42.633861111111109 ], [ 2.871563888888889, 42.633808333333334 ], [ 2.869494444444444, 42.633775 ], [ 2.867422222222222, 42.633763888888886 ], [ 2.86535, 42.633769444444447 ], [ 2.863277777777778, 42.633797222222221 ], [ 2.861208333333333, 42.633844444444442 ], [ 2.859147222222223, 42.633911111111111 ], [ 2.707219444444445, 42.813888888888883 ], [ 2.708366666666667, 42.815555555555555 ], [ 2.709758333333334, 42.817352777777778 ], [ 2.711186111111111, 42.819133333333333 ], [ 2.712652777777778, 42.8209 ], [ 2.714155555555556, 42.822647222222223 ], [ 2.715697222222222, 42.824377777777784 ], [ 2.717275, 42.82609166666667 ], [ 2.718886111111111, 42.827786111111116 ], [ 2.720536111111111, 42.829463888888895 ], [ 2.722219444444445, 42.831122222222227 ], [ 2.723938888888889, 42.832761111111111 ], [ 2.725691666666667, 42.834377777777782 ], [ 2.727480555555556, 42.835977777777778 ], [ 2.7293, 42.837555555555561 ], [ 2.731155555555556, 42.839113888888889 ], [ 2.733041666666667, 42.84065 ], [ 2.734961111111111, 42.842163888888891 ], [ 2.736911111111111, 42.843655555555557 ], [ 2.738894444444445, 42.845125 ], [ 2.740908333333334, 42.846572222222221 ], [ 2.742952777777778, 42.847997222222226 ], [ 2.745025, 42.849397222222223 ], [ 2.747127777777778, 42.850775 ], [ 2.749261111111111, 42.852127777777781 ], [ 2.752125, 42.853875 ], [ 2.753611111111111, 42.85476111111111 ], [ 2.755825, 42.856038888888889 ], [ 2.758069444444444, 42.857291666666669 ], [ 2.760338888888889, 42.858519444444447 ], [ 2.762633333333333, 42.859719444444444 ], [ 2.764952777777778, 42.860897222222221 ], [ 2.767297222222222, 42.862044444444443 ], [ 2.769666666666667, 42.863166666666665 ], [ 2.772058333333333, 42.864263888888892 ], [ 2.774472222222222, 42.865330555555559 ], [ 2.776911111111111, 42.866369444444445 ], [ 2.779369444444444, 42.867383333333336 ], [ 2.78185, 42.868366666666667 ], [ 2.784352777777777, 42.869322222222223 ], [ 2.786872222222222, 42.87025 ], [ 2.789413888888889, 42.87115 ], [ 2.791972222222222, 42.872016666666667 ], [ 2.79455, 42.872858333333333 ], [ 2.797144444444444, 42.873669444444445 ], [ 2.799755555555556, 42.87445 ], [ 2.802383333333333, 42.87520277777778 ], [ 2.805027777777778, 42.875925 ], [ 2.807686111111111, 42.87661388888889 ], [ 2.810358333333333, 42.877275 ], [ 2.813044444444444, 42.877905555555557 ], [ 2.815744444444444, 42.878505555555556 ], [ 2.818455555555555, 42.879075 ], [ 2.821180555555555, 42.87961388888889 ], [ 2.823913888888889, 42.880122222222219 ], [ 2.826661111111111, 42.880597222222221 ], [ 2.829416666666666, 42.881041666666668 ], [ 2.832180555555555, 42.881455555555554 ], [ 2.834952777777778, 42.881838888888886 ], [ 2.837733333333333, 42.882188888888891 ], [ 2.840519444444444, 42.882505555555554 ], [ 2.843313888888889, 42.882794444444443 ], [ 2.846113888888889, 42.88305 ], [ 2.848919444444445, 42.883272222222224 ], [ 2.851727777777778, 42.88346388888889 ], [ 2.854541666666667, 42.883622222222222 ], [ 2.857355555555555, 42.88375 ], [ 2.860175, 42.883844444444442 ], [ 2.862994444444444, 42.883908333333331 ], [ 2.865816666666667, 42.883938888888892 ], [ 2.868638888888889, 42.883938888888892 ], [ 2.871458333333333, 42.883905555555557 ], [ 2.874277777777778, 42.883841666666669 ], [ 2.877097222222222, 42.883744444444446 ], [ 2.879911111111111, 42.883613888888888 ], [ 2.882725, 42.883452777777777 ], [ 2.885533333333334, 42.883261111111111 ], [ 2.888338888888889, 42.88303611111111 ], [ 2.891138888888889, 42.882777777777775 ], [ 2.893930555555555, 42.882488888888886 ], [ 2.896719444444444, 42.882169444444443 ], [ 2.8995, 42.881816666666666 ], [ 2.902269444444444, 42.881433333333334 ], [ 2.905036111111111, 42.881019444444448 ], [ 2.907788888888889, 42.88057222222222 ], [ 2.910533333333333, 42.880094444444445 ], [ 2.913266666666666, 42.879586111111109 ], [ 2.915991666666667, 42.879044444444446 ], [ 2.918702777777777, 42.878475 ], [ 2.921402777777778, 42.877872222222223 ], [ 2.924088888888889, 42.87724166666667 ], [ 2.926761111111111, 42.876577777777776 ], [ 2.929166666666667, 42.875830555555559 ] ] ] } },
{ "type": "Feature", "properties": { "fir": "LFMM", "identifier": "LFMM:PERPIGNAN CTR-N:000-002", "name": "PERPIGNAN CTR-N", "level_lower": 0, "level_upper": 2 }, "geometry": { "type": "Polygon", "coordinates": [ [ [ 2.875491666666667, 42.735811111111111 ], [ 2.871894444444445, 42.740033333333336 ], [ 2.864208333333333, 42.749458333333337 ], [ 2.863972222222222, 42.7493 ], [ 2.863230555555556, 42.74988611111111 ], [ 2.863630555555555, 42.750069444444442 ], [ 2.862461111111111, 42.751444444444445 ], [ 2.861888888888889, 42.751677777777779 ], [ 2.862155555555556, 42.752816666666668 ], [ 2.860016666666667, 42.754238888888892 ], [ 2.862313888888889, 42.755280555555558 ], [ 2.880177777777778, 42.734005555555555 ], [ 2.878516666666667, 42.733252777777778 ], [ 2.875491666666667, 42.735811111111111 ] ] ] } },
{ "type": "Feature", "properties": { "fir": "LFMM", "identifier": "LFMM:PERPIGNAN CTR-S:000-002", "name": "PERPIGNAN CTR-S", "level_lower": 0, "level_upper": 2 }, "geometry": { "type": "Polygon", "coordinates": [ [ [ 2.864761111111111, 42.740580555555553 ], [ 2.868666666666666, 42.738680555555554 ], [ 2.871225, 42.7389 ], [ 2.874316666666667, 42.735272222222221 ], [ 2.880144444444444, 42.732033333333334 ], [ 2.879402777777778, 42.731186111111114 ], [ 2.877841666666667, 42.732030555555561 ], [ 2.877161111111111, 42.732247222222227 ], [ 2.869658333333333, 42.736472222222226 ], [ 2.864125, 42.739738888888887 ], [ 2.864761111111111, 42.740580555555553 ] ] ] } },
{ "type": "Feature", "properties": { "fir": "LFMM", "identifier": "LFMM:PERPIGNAN GND-N:000-002", "name": "PERPIGNAN GND-N", "level_lower": 0, "level_upper": 2 }, "geometry": { "type": "Polygon", "coordinates": [ [ [ 2.860016666666667, 42.754238888888892 ], [ 2.862155555555556, 42.752816666666668 ], [ 2.861888888888889, 42.751677777777779 ], [ 2.862461111111111, 42.751444444444445 ], [ 2.863630555555555, 42.750069444444442 ], [ 2.863230555555556, 42.74988611111111 ], [ 2.863972222222222, 42.7493 ], [ 2.864208333333333, 42.749458333333337 ], [ 2.871894444444445, 42.740033333333336 ], [ 2.875491666666667, 42.735811111111111 ], [ 2.874316666666667, 42.735272222222221 ], [ 2.871225, 42.7389 ], [ 2.868666666666666, 42.738680555555554 ], [ 2.864761111111111, 42.740580555555553 ], [ 2.866180555555556, 42.742155555555556 ], [ 2.865491666666667, 42.745847222222224 ], [ 2.859519444444445, 42.753138888888891 ], [ 2.859588888888889, 42.753883333333334 ], [ 2.860016666666667, 42.754238888888892 ] ] ] } },
{ "type": "Feature", "properties": { "fir": "LFMM", "identifier": "LFMM:PERPIGNAN GND-S:000-002", "name": "PERPIGNAN GND-S", "level_lower": 0, "level_upper": 2 }, "geometry": { "type": "Polygon", "coordinates": [ [ [ 2.869658333333333, 42.736472222222226 ], [ 2.877161111111111, 42.732247222222227 ], [ 2.877841666666667, 42.732030555555561 ], [ 2.879402777777778, 42.731186111111114 ], [ 2.877388888888889, 42.729175 ], [ 2.875833333333333, 42.730016666666671 ], [ 2.870752777777778, 42.733808333333336 ], [ 2.869202777777778, 42.736011111111111 ], [ 2.869658333333333, 42.736472222222226 ] ] ] } },
{ "type": "Feature", "properties": { "fir": "LFMM", "identifier": "LFMM:PROVENCE CTR:000-025", "name": "PROVENCE CTR", "level_lower": 0, "level_upper": 25 }, "geometry": { "type": "Polygon", "coordinates": [ [ [ 5.054166666666666, 43.581941666666673 ], [ 5.119291666666666, 43.522458333333333 ], [ 5.120613888888888, 43.522394444444444 ], [ 5.123088888888889, 43.522616666666664 ], [ 5.125555555555555, 43.522877777777779 ], [ 5.128013888888889, 43.523177777777775 ], [ 5.130461111111111, 43.523519444444446 ], [ 5.132897222222222, 43.5239 ], [ 5.135322222222222, 43.524316666666664 ], [ 5.137733333333334, 43.524777777777778 ], [ 5.140130555555556, 43.525275 ], [ 5.142511111111111, 43.52580833333333 ], [ 5.144875, 43.526383333333335 ], [ 5.147219444444445, 43.526994444444441 ], [ 5.149547222222223, 43.527644444444441 ], [ 5.151852777777778, 43.528330555555556 ], [ 5.154136111111112, 43.529055555555551 ], [ 5.156397222222223, 43.529816666666669 ], [ 5.158636111111112, 43.530613888888887 ], [ 5.160847222222222, 43.531447222222219 ], [ 5.163033333333334, 43.532316666666667 ], [ 5.165191666666667, 43.533219444444441 ], [ 5.167322222222222, 43.53415833333333 ], [ 5.169425, 43.535130555555554 ], [ 5.171494444444445, 43.536138888888885 ], [ 5.173533333333333, 43.537177777777778 ], [ 5.175541666666667, 43.53825 ], [ 5.177513888888889, 43.539355555555552 ], [ 5.179452777777778, 43.540491666666668 ], [ 5.181358333333334, 43.541658333333331 ], [ 5.183225, 43.542855555555555 ], [ 5.185055555555556, 43.544083333333333 ], [ 5.186847222222222, 43.545338888888885 ], [ 5.1886, 43.546625 ], [ 5.190313888888889, 43.547938888888886 ], [ 5.191986111111111, 43.549277777777775 ], [ 5.193616666666667, 43.550644444444444 ], [ 5.195205555555556, 43.552038888888887 ], [ 5.19675, 43.553458333333332 ], [ 5.198252777777778, 43.554902777777777 ], [ 5.199708333333334, 43.556369444444442 ], [ 5.201119444444444, 43.557858333333328 ], [ 5.202483333333333, 43.559372222222223 ], [ 5.203802777777778, 43.56090555555555 ], [ 5.205072222222222, 43.562461111111105 ], [ 5.206294444444445, 43.564038888888888 ], [ 5.207466666666667, 43.565630555555551 ], [ 5.208591666666667, 43.567244444444448 ], [ 5.209666666666667, 43.568877777777779 ], [ 5.210691666666666, 43.570525 ], [ 5.211663888888889, 43.572188888888896 ], [ 5.212586111111111, 43.573869444444448 ], [ 5.213455555555556, 43.575563888888894 ], [ 5.214272222222222, 43.577269444444447 ], [ 5.215036111111111, 43.578991666666667 ], [ 5.215747222222222, 43.580722222222228 ], [ 5.216405555555555, 43.582466666666669 ], [ 5.216988888888889, 43.584158333333335 ], [ 5.317777777777778, 43.565277777777773 ], [ 5.294166666666666, 43.517777777777773 ], [ 5.363611111111111, 43.453888888888891 ], [ 5.408888888888889, 43.452777777777783 ], [ 5.409391666666667, 43.356191666666668 ], [ 5.408888888888889, 43.25277777777778 ], [ 5.388302777777779, 43.252875 ], [ 5.179719444444444, 43.25277777777778 ], [ 5.091388888888889, 43.346111111111114 ], [ 5.058330555555555, 43.4 ], [ 5.031111111111111, 43.523611111111109 ], [ 5.011111111111111, 43.538888888888884 ], [ 5.022216666666667, 43.549997222222217 ], [ 5.027341666666667, 43.555458333333327 ], [ 5.054166666666666, 43.581941666666673 ] ] ] } },
{ "type": "Feature", "properties": { "fir": "LFMM", "identifier": "LFMM:PROVENCE CTR:000-002", "name": "PROVENCE CTR", "level_lower": 0, "level_upper": 2 }, "geometry": { "type": "Polygon", "coordinates": [ [ [ 5.204772222222222, 43.442086111111109 ], [ 5.195147222222222, 43.448777777777778 ], [ 5.197172222222222, 43.450344444444447 ], [ 5.230941666666666, 43.426611111111107 ], [ 5.225297222222222, 43.42422222222222 ], [ 5.202333333333334, 43.440266666666666 ], [ 5.204772222222222, 43.442086111111109 ] ] ] } },
{ "type": "Feature", "properties": { "fir": "LFMM", "identifier": "LFMM:PROVENCE DEL-N:000-002", "name": "PROVENCE DEL-N", "level_lower": 0, "level_upper": 2 }, "geometry": { "type": "Polygon", "coordinates": [ [ [ 5.198283333333333, 43.451394444444446 ], [ 5.208919444444445, 43.443969444444441 ], [ 5.212658333333334, 43.446527777777774 ], [ 5.217722222222222, 43.447594444444441 ], [ 5.220569444444444, 43.445563888888884 ], [ 5.219075, 43.444811111111107 ], [ 5.226261111111111, 43.440080555555554 ], [ 5.226405555555556, 43.437541666666661 ], [ 5.233280555555556, 43.428241666666665 ], [ 5.230941666666666, 43.426611111111107 ], [ 5.197172222222222, 43.450344444444447 ], [ 5.198283333333333, 43.451394444444446 ] ] ] } },
{ "type": "Feature", "properties": { "fir": "LFMM", "identifier": "LFMM:PROVENCE DEL-S:000-002", "name": "PROVENCE DEL-S", "level_lower": 0, "level_upper": 2 }, "geometry": { "type": "Polygon", "coordinates": [ [ [ 5.202333333333334, 43.440266666666666 ], [ 5.225297222222222, 43.42422222222222 ], [ 5.224116666666667, 43.42316944444444 ], [ 5.216686111111112, 43.42767222222222 ], [ 5.210366666666667, 43.428441666666664 ], [ 5.208605555555556, 43.428688888888885 ], [ 5.197919444444445, 43.437936111111107 ], [ 5.202333333333334, 43.440266666666666 ] ] ] } },
{ "type": "Feature", "properties": { "fir": "LFMM", "identifier": "LFMM:PROVENCE GND-N:000-002", "name": "PROVENCE GND-N", "level_lower": 0, "level_upper": 2 }, "geometry": { "type": "Polygon", "coordinates": [ [ [ 5.198283333333333, 43.451394444444446 ], [ 5.208919444444445, 43.443969444444441 ], [ 5.212658333333334, 43.446527777777774 ], [ 5.217722222222222, 43.447594444444441 ], [ 5.220569444444444, 43.445563888888884 ], [ 5.219075, 43.444811111111107 ], [ 5.226261111111111, 43.440080555555554 ], [ 5.226405555555556, 43.437541666666661 ], [ 5.233280555555556, 43.428241666666665 ], [ 5.230941666666666, 43.426611111111107 ], [ 5.197172222222222, 43.450344444444447 ], [ 5.198283333333333, 43.451394444444446 ] ] ] } },
{ "type": "Feature", "properties": { "fir": "LFMM", "identifier": "LFMM:PROVENCE GND-S:000-002", "name": "PROVENCE GND-S", "level_lower": 0, "level_upper": 2 }, "geometry": { "type": "Polygon", "coordinates": [ [ [ 5.202333333333334, 43.440266666666666 ], [ 5.225297222222222, 43.42422222222222 ], [ 5.224116666666667, 43.42316944444444 ], [ 5.216686111111112, 43.42767222222222 ], [ 5.210366666666667, 43.428441666666664 ], [ 5.208605555555556, 43.428688888888885 ], [ 5.197919444444445, 43.437936111111107 ], [ 5.202333333333334, 43.440266666666666 ] ] ] } },
{ "type": "Feature", "properties": { "fir": "LFMM", "identifier": "LFMM:PROVENCE MAC:095-145", "name": "PROVENCE MAC", "level_lower": 95, "level_upper": 145 }, "geometry": { "type": "Polygon", "coordinates": [ [ [ 4.286183333333333, 43.601658333333333 ], [ 4.500277777777778, 43.561388888888885 ], [ 4.494441666666667, 43.433888888888887 ], [ 4.487777777777778, 43.285 ], [ 4.208330555555555, 43.393888888888888 ], [ 4.308330555555555, 43.5 ], [ 4.160555555555556, 43.625277777777775 ], [ 4.286183333333333, 43.601658333333333 ] ] ] } },
{ "type": "Feature", "properties": { "fir": "LFMM", "identifier": "LFMM:PROVENCE MAC1:000-025", "name": "PROVENCE MAC1", "level_lower": 0, "level_upper": 25 }, "geometry": { "type": "Polygon", "coordinates": [ [ [ 4.643888888888888, 43.8 ], [ 4.787777777777777, 43.710277777777783 ], [ 5.027341666666667, 43.555458333333327 ], [ 5.022216666666667, 43.549997222222217 ], [ 5.011111111111111, 43.538888888888884 ], [ 5.031111111111111, 43.523611111111109 ], [ 5.058330555555555, 43.4 ], [ 5.091388888888889, 43.346111111111114 ], [ 5.179719444444444, 43.25277777777778 ], [ 5.388302777777779, 43.252875 ], [ 5.390675, 43.211838888888892 ], [ 5.632716666666667, 43.076866666666668 ], [ 5.633330555555556, 43.033330555555551 ], [ 5.633330555555556, 42.666666666666664 ], [ 5.633330555555556, 42.5 ], [ 4.283330555555556, 42.5 ], [ 4.283330555555556, 43.0 ], [ 4.486111111111112, 43.25277777777778 ], [ 4.487777777777778, 43.285 ], [ 4.500277777777778, 43.561388888888885 ], [ 4.643888888888888, 43.8 ] ] ] } },
{ "type": "Feature", "properties": { "fir": "LFMM", "identifier": "LFMM:PROVENCE MAC1 QFU13:025-145", "name": "PROVENCE MAC1 QFU13", "level_lower": 25, "level_upper": 145 }, "geometry": { "type": "Polygon", "coordinates": [ [ [ 4.787777777777777, 43.710277777777783 ], [ 5.027341666666667, 43.555458333333327 ], [ 5.217791666666667, 43.432380555555554 ], [ 5.380444444444444, 43.376555555555555 ], [ 5.382266666666666, 43.358091666666667 ], [ 5.388302777777779, 43.252875 ], [ 5.390675, 43.211838888888892 ], [ 5.632716666666667, 43.076866666666668 ], [ 5.633330555555556, 43.033330555555551 ], [ 5.633330555555556, 42.666666666666664 ], [ 5.633330555555556, 42.5 ], [ 4.283330555555556, 42.5 ], [ 4.283330555555556, 43.0 ], [ 4.486111111111112, 43.25277777777778 ], [ 4.487777777777778, 43.285 ], [ 4.500277777777778, 43.561388888888885 ], [ 4.643888888888888, 43.8 ], [ 4.787777777777777, 43.710277777777783 ] ] ] } },
{ "type": "Feature", "properties": { "fir": "LFMM", "identifier": "LFMM:PROVENCE MAC1 QFU31:025-145", "name": "PROVENCE MAC1 QFU31", "level_lower": 25, "level_upper": 145 }, "geometry": { "type": "Polygon", "coordinates": [ [ [ 5.186330555555556, 43.45267777777778 ], [ 5.217791666666667, 43.432380555555554 ], [ 5.248702777777778, 43.421769444444443 ], [ 5.380444444444444, 43.376555555555555 ], [ 5.382266666666666, 43.358091666666667 ], [ 5.388302777777779, 43.252875 ], [ 5.390675, 43.211838888888892 ], [ 5.632716666666667, 43.076866666666668 ], [ 5.633330555555556, 43.033330555555551 ], [ 5.633330555555556, 42.666666666666664 ], [ 5.633330555555556, 42.5 ], [ 4.283330555555556, 42.5 ], [ 4.283330555555556, 43.0 ], [ 4.486111111111112, 43.25277777777778 ], [ 4.487777777777778, 43.285 ], [ 4.500277777777778, 43.561388888888885 ], [ 4.643888888888888, 43.8 ], [ 4.787777777777777, 43.710277777777783 ], [ 5.027341666666667, 43.555458333333327 ], [ 5.186330555555556, 43.45267777777778 ] ] ] } },
{ "type": "Feature", "properties": { "fir": "LFMM", "identifier": "LFMM:PROVENCE MAC10 QFU13:065-145", "name": "PROVENCE MAC10 QFU13", "level_lower": 65, "level_upper": 145 }, "geometry": { "type": "Polygon", "coordinates": [ [ [ 4.643888888888888, 43.8 ], [ 4.551941666666666, 43.858055555555559 ], [ 4.525, 43.875 ], [ 4.437433333333334, 43.948552777777778 ], [ 4.336388888888888, 44.033330555555551 ], [ 4.635841666666666, 44.438002777777776 ], [ 4.678055555555556, 44.383330555555553 ], [ 4.723611111111111, 44.356666666666669 ], [ 4.815116666666666, 44.001594444444443 ], [ 4.856413888888889, 43.898105555555553 ], [ 4.900355555555556, 43.810475 ], [ 4.841666666666667, 43.80555555555555 ], [ 4.780555555555556, 43.81666666666667 ], [ 4.643888888888888, 43.8 ] ] ] } },
{ "type": "Feature", "properties": { "fir": "LFMM", "identifier": "LFMM:PROVENCE MAC2:045-095", "name": "PROVENCE MAC2", "level_lower": 45, "level_upper": 95 }, "geometry": { "type": "Polygon", "coordinates": [ [ [ 4.160555555555556, 43.625277777777775 ], [ 4.286183333333333, 43.601658333333333 ], [ 4.500277777777778, 43.561388888888885 ], [ 4.487777777777778, 43.285 ], [ 4.208330555555555, 43.393888888888888 ], [ 4.308330555555555, 43.5 ], [ 4.160555555555556, 43.625277777777775 ] ] ] } },
{ "type": "Feature", "properties": { "fir": "LFMM", "identifier": "LFMM:PROVENCE MAC3:115-145", "name": "PROVENCE MAC3", "level_lower": 115, "level_upper": 145 }, "geometry": { "type": "Polygon", "coordinates": [ [ [ 4.077219444444444, 43.640830555555553 ], [ 4.160555555555556, 43.625277777777775 ], [ 4.308330555555555, 43.5 ], [ 4.208330555555555, 43.393888888888888 ], [ 3.997063888888889, 43.475547222222225 ], [ 3.981941666666667, 43.481388888888894 ], [ 4.035555555555556, 43.55555555555555 ], [ 4.061402777777777, 43.607772222222223 ], [ 4.077219444444444, 43.640830555555553 ] ] ] } },
{ "type": "Feature", "properties": { "fir": "LFMM", "identifier": "LFMM:PROVENCE MAC4:045-115", "name": "PROVENCE MAC4", "level_lower": 45, "level_upper": 115 }, "geometry": { "type": "Polygon", "coordinates": [ [ [ 5.488986111111111, 43.350827777777781 ], [ 5.633330555555556, 43.340555555555561 ], [ 5.633330555555556, 43.166666666666664 ], [ 5.487777777777778, 43.166941666666666 ], [ 5.488986111111111, 43.350827777777781 ] ] ] } },
{ "type": "Feature", "properties": { "fir": "LFMM", "identifier": "LFMM:PROVENCE MAC5:045-145", "name": "PROVENCE MAC5", "level_lower": 45, "level_upper": 145 }, "geometry": { "type": "Polygon", "coordinates": [ [ [ 5.487777777777778, 43.166941666666666 ], [ 5.633330555555556, 43.166666666666664 ], [ 5.632716666666667, 43.076866666666668 ], [ 5.390675, 43.211838888888892 ], [ 5.388302777777779, 43.252875 ], [ 5.382266666666666, 43.358091666666667 ], [ 5.409391666666667, 43.356191666666668 ], [ 5.488986111111111, 43.350827777777781 ], [ 5.487777777777778, 43.166941666666666 ] ] ] } },
{ "type": "Feature", "properties": { "fir": "LFMM", "identifier": "LFMM:PROVENCE MAC6 QFU13:065-075", "name": "PROVENCE MAC6 QFU13", "level_lower": 65, "level_upper": 75 }, "geometry": { "type": "Polygon", "coordinates": [ [ [ 4.678055555555556, 44.383330555555553 ], [ 4.723611111111111, 44.356666666666669 ], [ 4.789561111111111, 44.1 ], [ 4.815116666666666, 44.001594444444443 ], [ 4.856413888888889, 43.898105555555553 ], [ 4.900355555555556, 43.810475 ], [ 4.841666666666667, 43.80555555555555 ], [ 4.780555555555556, 43.81666666666667 ], [ 4.643888888888888, 43.8 ], [ 4.551941666666666, 43.858055555555559 ], [ 4.525, 43.875 ], [ 4.336388888888888, 44.033330555555551 ], [ 4.635841666666666, 44.438002777777776 ], [ 4.678055555555556, 44.383330555555553 ] ] ] } },
{ "type": "Feature", "properties": { "fir": "LFMM", "identifier": "LFMM:PROVENCE MAC6 QFU13:075-115", "name": "PROVENCE MAC6 QFU13", "level_lower": 75, "level_upper": 115 }, "geometry": { "type": "Polygon", "coordinates": [ [ [ 6.003288888888889, 43.313825 ], [ 6.021036111111111, 43.175027777777778 ], [ 6.023175, 43.158211111111108 ], [ 6.025, 43.143888888888888 ], [ 5.866666666666667, 43.175 ], [ 5.633330555555556, 43.033330555555551 ], [ 5.632716666666667, 43.076866666666668 ], [ 5.633330555555556, 43.166666666666664 ], [ 5.633330555555556, 43.340555555555561 ], [ 6.003288888888889, 43.313825 ] ] ] } },
{ "type": "Feature", "properties": { "fir": "LFMM", "identifier": "LFMM:PROVENCE MAC7-N QFU31:105-145", "name": "PROVENCE MAC7-N QFU31", "level_lower": 105, "level_upper": 145 }, "geometry": { "type": "Polygon", "coordinates": [ [ [ 5.014719444444444, 43.945830555555553 ], [ 4.94945, 44.289005555555555 ], [ 5.271941666666667, 44.094441666666668 ], [ 5.365277777777777, 43.871941666666665 ], [ 5.210830555555556, 43.889166666666668 ], [ 5.220830555555556, 43.861111111111114 ], [ 5.074519444444444, 43.827502777777781 ], [ 5.014719444444444, 43.945830555555553 ] ] ] } },
{ "type": "Feature", "properties": { "fir": "LFMM", "identifier": "LFMM:PROVENCE MAC7-S QFU31:105-145", "name": "PROVENCE MAC7-S QFU31", "level_lower": 105, "level_upper": 145 }, "geometry": { "type": "Polygon", "coordinates": [ [ [ 5.074519444444444, 43.827502777777781 ], [ 5.220830555555556, 43.861111111111114 ], [ 5.210830555555556, 43.889166666666668 ], [ 5.365277777777777, 43.871941666666665 ], [ 5.442777777777778, 43.680830555555552 ], [ 5.296666666666667, 43.645 ], [ 5.220016666666667, 43.701919444444449 ], [ 5.1352, 43.707188888888894 ], [ 5.074519444444444, 43.827502777777781 ] ] ] } },
{ "type": "Feature", "properties": { "fir": "LFMM", "identifier": "LFMM:PROVENCE MAC8 QFU31:075-145", "name": "PROVENCE MAC8 QFU31", "level_lower": 75, "level_upper": 145 }, "geometry": { "type": "Polygon", "coordinates": [ [ [ 5.199525, 43.578961111111113 ], [ 5.1352, 43.707188888888894 ], [ 5.220016666666667, 43.701919444444449 ], [ 5.296666666666667, 43.645 ], [ 5.268713888888889, 43.581205555555556 ], [ 5.248702777777778, 43.421769444444443 ], [ 5.217791666666667, 43.432380555555554 ], [ 5.186330555555556, 43.45267777777778 ], [ 5.187152777777778, 43.460552777777778 ], [ 5.199525, 43.578961111111113 ] ] ] } },
{ "type": "Feature", "properties": { "fir": "LFMM", "identifier": "LFMM:PROVENCE MAC9 QFU13:045-145", "name": "PROVENCE MAC9 QFU13", "level_lower": 45, "level_upper": 145 }, "geometry": { "type": "Polygon", "coordinates": [ [ [ 4.780555555555556, 43.81666666666667 ], [ 4.841666666666667, 43.80555555555555 ], [ 4.900355555555556, 43.810475 ], [ 4.991141666666667, 43.628566666666664 ], [ 5.054166666666666, 43.581941666666673 ], [ 5.119291666666666, 43.522458333333333 ], [ 5.217791666666667, 43.432380555555554 ], [ 5.027341666666667, 43.555458333333327 ], [ 4.787777777777777, 43.710277777777783 ], [ 4.643888888888888, 43.8 ], [ 4.780555555555556, 43.81666666666667 ] ] ] } },
{ "type": "Feature", "properties": { "fir": "LFMM", "identifier": "LFMM:PROVENCE MB QFU13:105-145", "name": "PROVENCE MB QFU13", "level_lower": 105, "level_upper": 145 }, "geometry": { "type": "Polygon", "coordinates": [ [ [ 5.210830555555556, 43.889166666666668 ], [ 5.220830555555556, 43.861111111111114 ], [ 5.054669444444444, 43.821886111111112 ], [ 4.9725, 43.802777777777777 ], [ 4.966666666666667, 43.772219444444445 ], [ 5.033330555555556, 43.65 ], [ 5.054166666666666, 43.581941666666673 ], [ 4.991141666666667, 43.628566666666664 ], [ 4.900355555555556, 43.810475 ], [ 4.856413888888889, 43.898105555555553 ], [ 4.815116666666666, 44.001594444444443 ], [ 4.789561111111111, 44.1 ], [ 4.723611111111111, 44.356666666666669 ], [ 4.678055555555556, 44.383330555555553 ], [ 4.635841666666666, 44.438002777777776 ], [ 4.336388888888888, 44.033330555555551 ], [ 4.222041666666667, 44.668294444444442 ], [ 4.454719444444445, 44.668611111111112 ], [ 4.745, 44.668611111111112 ], [ 4.851388888888889, 44.666666666666664 ], [ 5.023330555555556, 44.666666666666664 ], [ 5.023330555555556, 44.594166666666666 ], [ 5.362566666666666, 44.522166666666664 ], [ 5.366666666666666, 44.363888888888887 ], [ 5.271941666666667, 44.094441666666668 ], [ 5.365277777777777, 43.871941666666665 ], [ 5.210830555555556, 43.889166666666668 ] ] ] } },
{ "type": "Feature", "properties": { "fir": "LFMM", "identifier": "LFMM:PROVENCE MB QFU13:025-065", "name": "PROVENCE MB QFU13", "level_lower": 25, "level_upper": 65 }, "geometry": { "type": "Polygon", "coordinates": [ [ [ 4.222041666666667, 44.668294444444442 ], [ 4.454719444444445, 44.668611111111112 ], [ 4.745, 44.668611111111112 ], [ 4.851388888888889, 44.666666666666664 ], [ 5.023330555555556, 44.666666666666664 ], [ 5.023330555555556, 44.594166666666666 ], [ 5.362566666666666, 44.522166666666664 ], [ 5.366666666666666, 44.363888888888887 ], [ 5.271941666666667, 44.094441666666668 ], [ 5.365277777777777, 43.871941666666665 ], [ 5.210830555555556, 43.889166666666668 ], [ 5.220830555555556, 43.861111111111114 ], [ 5.054669444444444, 43.821886111111112 ], [ 4.9725, 43.802777777777777 ], [ 4.966666666666667, 43.772219444444445 ], [ 5.033330555555556, 43.65 ], [ 5.054166666666666, 43.581941666666673 ], [ 4.991141666666667, 43.628566666666664 ], [ 4.900355555555556, 43.810475 ], [ 4.856413888888889, 43.898105555555553 ], [ 4.815116666666666, 44.001594444444443 ], [ 4.789561111111111, 44.1 ], [ 4.723611111111111, 44.356666666666669 ], [ 4.678055555555556, 44.383330555555553 ], [ 4.635841666666666, 44.438002777777776 ], [ 4.336388888888888, 44.033330555555551 ], [ 4.222041666666667, 44.668294444444442 ] ] ] } },
{ "type": "Feature", "properties": { "fir": "LFMM", "identifier": "LFMM:PROVENCE MB QFU31:025-065", "name": "PROVENCE MB QFU31", "level_lower": 25, "level_upper": 65 }, "geometry": { "type": "Polygon", "coordinates": [ [ [ 4.222041666666667, 44.668294444444442 ], [ 4.454719444444445, 44.668611111111112 ], [ 4.745, 44.668611111111112 ], [ 4.851388888888889, 44.666666666666664 ], [ 5.023330555555556, 44.666666666666664 ], [ 5.023330555555556, 44.594166666666666 ], [ 5.362566666666666, 44.522166666666664 ], [ 5.366666666666666, 44.363888888888887 ], [ 5.271941666666667, 44.094441666666668 ], [ 4.94945, 44.289005555555555 ], [ 5.014719444444444, 43.945830555555553 ], [ 5.074519444444444, 43.827502777777781 ], [ 5.054669444444444, 43.821886111111112 ], [ 4.9725, 43.802777777777777 ], [ 4.966666666666667, 43.772219444444445 ], [ 5.033330555555556, 43.65 ], [ 5.054166666666666, 43.581941666666673 ], [ 4.991141666666667, 43.628566666666664 ], [ 4.900355555555556, 43.810475 ], [ 4.856413888888889, 43.898105555555553 ], [ 4.815116666666666, 44.001594444444443 ], [ 4.789561111111111, 44.1 ], [ 4.723611111111111, 44.356666666666669 ], [ 4.678055555555556, 44.383330555555553 ], [ 4.635841666666666, 44.438002777777776 ], [ 4.336388888888888, 44.033330555555551 ], [ 4.222041666666667, 44.668294444444442 ] ] ] } },
{ "type": "Feature", "properties": { "fir": "LFMM", "identifier": "LFMM:PROVENCE MB QFU31:065-145", "name": "PROVENCE MB QFU31", "level_lower": 65, "level_upper": 145 }, "geometry": { "type": "Polygon", "coordinates": [ [ [ 4.94945, 44.289005555555555 ], [ 5.014719444444444, 43.945830555555553 ], [ 5.074519444444444, 43.827502777777781 ], [ 5.054669444444444, 43.821886111111112 ], [ 4.9725, 43.802777777777777 ], [ 4.966666666666667, 43.772219444444445 ], [ 5.033330555555556, 43.65 ], [ 5.054166666666666, 43.581941666666673 ], [ 5.119291666666666, 43.522458333333333 ], [ 5.187152777777778, 43.460552777777778 ], [ 5.186330555555556, 43.45267777777778 ], [ 5.027341666666667, 43.555458333333327 ], [ 4.787777777777777, 43.710277777777783 ], [ 4.643888888888888, 43.8 ], [ 4.551941666666666, 43.858055555555559 ], [ 4.525, 43.875 ], [ 4.437433333333334, 43.948552777777778 ], [ 4.336388888888888, 44.033330555555551 ], [ 4.222041666666667, 44.668294444444442 ], [ 4.454719444444445, 44.668611111111112 ], [ 4.745, 44.668611111111112 ], [ 4.851388888888889, 44.666666666666664 ], [ 5.023330555555556, 44.666666666666664 ], [ 5.023330555555556, 44.594166666666666 ], [ 5.362566666666666, 44.522166666666664 ], [ 5.366666666666666, 44.363888888888887 ], [ 5.271941666666667, 44.094441666666668 ], [ 4.94945, 44.289005555555555 ] ] ] } },
{ "type": "Feature", "properties": { "fir": "LFMM", "identifier": "LFMM:PROVENCE MB QFU31:065-105", "name": "PROVENCE MB QFU31", "level_lower": 65, "level_upper": 105 }, "geometry": { "type": "Polygon", "coordinates": [ [ [ 4.222041666666667, 44.668294444444442 ], [ 4.454719444444445, 44.668611111111112 ], [ 4.745, 44.668611111111112 ], [ 4.851388888888889, 44.666666666666664 ], [ 5.023330555555556, 44.666666666666664 ], [ 5.023330555555556, 44.594166666666666 ], [ 5.362566666666666, 44.522166666666664 ], [ 5.366666666666666, 44.363888888888887 ], [ 5.271941666666667, 44.094441666666668 ], [ 4.94945, 44.289005555555555 ], [ 5.014719444444444, 43.945830555555553 ], [ 5.074519444444444, 43.827502777777781 ], [ 5.054669444444444, 43.821886111111112 ], [ 4.9725, 43.802777777777777 ], [ 4.966666666666667, 43.772219444444445 ], [ 5.033330555555556, 43.65 ], [ 5.054166666666666, 43.581941666666673 ], [ 4.991141666666667, 43.628566666666664 ], [ 4.900355555555556, 43.810475 ], [ 4.841666666666667, 43.80555555555555 ], [ 4.780555555555556, 43.81666666666667 ], [ 4.643888888888888, 43.8 ], [ 4.551941666666666, 43.858055555555559 ], [ 4.55, 43.945830555555553 ], [ 4.520555555555555, 44.031388888888891 ], [ 4.336388888888888, 44.033330555555551 ], [ 4.222041666666667, 44.668294444444442 ] ] ] } },
{ "type": "Feature", "properties": { "fir": "LFMM", "identifier": "LFMM:PROVENCE MB QFU31:025-105", "name": "PROVENCE MB QFU31", "level_lower": 25, "level_upper": 105 }, "geometry": { "type": "Polygon", "coordinates": [ [ [ 5.014719444444444, 43.945830555555553 ], [ 4.94945, 44.289005555555555 ], [ 5.271941666666667, 44.094441666666668 ], [ 5.365277777777777, 43.871941666666665 ], [ 5.210830555555556, 43.889166666666668 ], [ 5.220830555555556, 43.861111111111114 ], [ 5.074519444444444, 43.827502777777781 ], [ 5.014719444444444, 43.945830555555553 ] ] ] } },
{ "type": "Feature", "properties": { "fir": "LFMM", "identifier": "LFMM:PROVENCE MB QFU31:105-145", "name": "PROVENCE MB QFU31", "level_lower": 105, "level_upper": 145 }, "geometry": { "type": "Polygon", "coordinates": [ [ [ 4.551941666666666, 43.858055555555559 ], [ 4.525, 43.875 ], [ 4.437433333333334, 43.948552777777778 ], [ 4.336388888888888, 44.033330555555551 ], [ 4.222041666666667, 44.668294444444442 ], [ 4.454719444444445, 44.668611111111112 ], [ 4.745, 44.668611111111112 ], [ 4.851388888888889, 44.666666666666664 ], [ 5.023330555555556, 44.666666666666664 ], [ 5.023330555555556, 44.594166666666666 ], [ 5.362566666666666, 44.522166666666664 ], [ 5.366666666666666, 44.363888888888887 ], [ 5.271941666666667, 44.094441666666668 ], [ 4.94945, 44.289005555555555 ], [ 5.014719444444444, 43.945830555555553 ], [ 5.074519444444444, 43.827502777777781 ], [ 5.054669444444444, 43.821886111111112 ], [ 4.9725, 43.802777777777777 ], [ 4.966666666666667, 43.772219444444445 ], [ 5.033330555555556, 43.65 ], [ 5.054166666666666, 43.581941666666673 ], [ 4.991141666666667, 43.628566666666664 ], [ 4.900355555555556, 43.810475 ], [ 4.841666666666667, 43.80555555555555 ], [ 4.780555555555556, 43.81666666666667 ], [ 4.643888888888888, 43.8 ], [ 4.551941666666666, 43.858055555555559 ] ] ] } },
{ "type": "Feature", "properties": { "fir": "LFMM", "identifier": "LFMM:PROVENCE MB-E QFU13:000-025", "name": "PROVENCE MB-E QFU13", "level_lower": 0, "level_upper": 25 }, "geometry": { "type": "Polygon", "coordinates": [ [ [ 4.975, 43.81666666666667 ], [ 4.993055555555555, 43.913888888888884 ], [ 5.038888888888889, 43.938888888888883 ], [ 5.0425, 44.075830555555562 ], [ 4.963330555555555, 44.1 ], [ 4.789561111111111, 44.1 ], [ 4.723611111111111, 44.356666666666669 ], [ 4.745, 44.668611111111112 ], [ 4.851388888888889, 44.666666666666664 ], [ 5.023330555555556, 44.666666666666664 ], [ 5.023330555555556, 44.594166666666666 ], [ 5.362566666666666, 44.522166666666664 ], [ 5.366666666666666, 44.363888888888887 ], [ 5.271941666666667, 44.094441666666668 ], [ 5.365277777777777, 43.871941666666665 ], [ 5.210830555555556, 43.889166666666668 ], [ 5.220830555555556, 43.861111111111114 ], [ 5.074519444444444, 43.827502777777781 ], [ 5.054669444444444, 43.821886111111112 ], [ 4.9725, 43.802777777777777 ], [ 4.966666666666667, 43.772219444444445 ], [ 5.033330555555556, 43.65 ], [ 5.054166666666666, 43.581941666666673 ], [ 4.991141666666667, 43.628566666666664 ], [ 4.900355555555556, 43.810475 ], [ 4.975, 43.81666666666667 ] ] ] } },
{ "type": "Feature", "properties": { "fir": "LFMM", "identifier": "LFMM:PROVENCE MB-E QFU31:000-025", "name": "PROVENCE MB-E QFU31", "level_lower": 0, "level_upper": 25 }, "geometry": { "type": "Polygon", "coordinates": [ [ [ 5.210830555555556, 43.889166666666668 ], [ 5.220830555555556, 43.861111111111114 ], [ 5.074519444444444, 43.827502777777781 ], [ 5.054669444444444, 43.821886111111112 ], [ 4.9725, 43.802777777777777 ], [ 4.966666666666667, 43.772219444444445 ], [ 5.033330555555556, 43.65 ], [ 5.054166666666666, 43.581941666666673 ], [ 5.027341666666667, 43.555458333333327 ], [ 4.787777777777777, 43.710277777777783 ], [ 4.780555555555556, 43.81666666666667 ], [ 4.841666666666667, 43.80555555555555 ], [ 4.900355555555556, 43.810475 ], [ 4.975, 43.81666666666667 ], [ 4.993055555555555, 43.913888888888884 ], [ 5.038888888888889, 43.938888888888883 ], [ 5.0425, 44.075830555555562 ], [ 4.963330555555555, 44.1 ], [ 4.789561111111111, 44.1 ], [ 4.758330555555555, 44.1 ], [ 4.745, 44.668611111111112 ], [ 4.851388888888889, 44.666666666666664 ], [ 5.023330555555556, 44.666666666666664 ], [ 5.023330555555556, 44.594166666666666 ], [ 5.362566666666666, 44.522166666666664 ], [ 5.366666666666666, 44.363888888888887 ], [ 5.271941666666667, 44.094441666666668 ], [ 5.365277777777777, 43.871941666666665 ], [ 5.210830555555556, 43.889166666666668 ] ] ] } },
{ "type": "Feature", "properties": { "fir": "LFMM", "identifier": "LFMM:PROVENCE MB-N QFU13:025-065", "name": "PROVENCE MB-N QFU13", "level_lower": 25, "level_upper": 65 }, "geometry": { "type": "Polygon", "coordinates": [ [ [ 4.635841666666666, 44.438002777777776 ], [ 4.678055555555556, 44.383330555555553 ], [ 4.723611111111111, 44.356666666666669 ], [ 4.789561111111111, 44.1 ], [ 4.815116666666666, 44.001594444444443 ], [ 4.856413888888889, 43.898105555555553 ], [ 4.900355555555556, 43.810475 ], [ 4.841666666666667, 43.80555555555555 ], [ 4.780555555555556, 43.81666666666667 ], [ 4.643888888888888, 43.8 ], [ 4.551941666666666, 43.858055555555559 ], [ 4.55, 43.945830555555553 ], [ 4.520555555555555, 44.031388888888891 ], [ 4.336388888888888, 44.033330555555551 ], [ 4.635841666666666, 44.438002777777776 ] ] ] } },
{ "type": "Feature", "properties": { "fir": "LFMM", "identifier": "LFMM:PROVENCE MB-NW QFU13:000-025", "name": "PROVENCE MB-NW QFU13", "level_lower": 0, "level_upper": 25 }, "geometry": { "type": "Polygon", "coordinates": [ [ [ 4.222041666666667, 44.668294444444442 ], [ 4.454719444444445, 44.668611111111112 ], [ 4.745, 44.668611111111112 ], [ 4.723611111111111, 44.356666666666669 ], [ 4.678055555555556, 44.383330555555553 ], [ 4.635841666666666, 44.438002777777776 ], [ 4.336388888888888, 44.033330555555551 ], [ 4.222041666666667, 44.668294444444442 ] ] ] } },
{ "type": "Feature", "properties": { "fir": "LFMM", "identifier": "LFMM:PROVENCE MB-S QFU13:025-045", "name": "PROVENCE MB-S QFU13", "level_lower": 25, "level_upper": 45 }, "geometry": { "type": "Polygon", "coordinates": [ [ [ 4.643888888888888, 43.8 ], [ 4.780555555555556, 43.81666666666667 ], [ 4.841666666666667, 43.80555555555555 ], [ 4.900355555555556, 43.810475 ], [ 4.991141666666667, 43.628566666666664 ], [ 5.054166666666666, 43.581941666666673 ], [ 5.119291666666666, 43.522458333333333 ], [ 5.217791666666667, 43.432380555555554 ], [ 5.027341666666667, 43.555458333333327 ], [ 4.787777777777777, 43.710277777777783 ], [ 4.643888888888888, 43.8 ] ] ] } },
{ "type": "Feature", "properties": { "fir": "LFMM", "identifier": "LFMM:PROVENCE MB-W QFU13:000-025", "name": "PROVENCE MB-W QFU13", "level_lower": 0, "level_upper": 25 }, "geometry": { "type": "Polygon", "coordinates": [ [ [ 4.635841666666666, 44.438002777777776 ], [ 4.678055555555556, 44.383330555555553 ], [ 4.723611111111111, 44.356666666666669 ], [ 4.789561111111111, 44.1 ], [ 4.758330555555555, 44.1 ], [ 4.679719444444444, 44.07083055555556 ], [ 4.765277777777778, 44.012219444444447 ], [ 4.780555555555556, 43.81666666666667 ], [ 4.841666666666667, 43.80555555555555 ], [ 4.900355555555556, 43.810475 ], [ 4.991141666666667, 43.628566666666664 ], [ 5.054166666666666, 43.581941666666673 ], [ 5.027341666666667, 43.555458333333327 ], [ 4.787777777777777, 43.710277777777783 ], [ 4.643888888888888, 43.8 ], [ 4.551941666666666, 43.858055555555559 ], [ 4.55, 43.945830555555553 ], [ 4.520555555555555, 44.031388888888891 ], [ 4.336388888888888, 44.033330555555551 ], [ 4.635841666666666, 44.438002777777776 ] ] ] } },
{ "type": "Feature", "properties": { "fir": "LFMM", "identifier": "LFMM:PROVENCE MB-W QFU31:000-025", "name": "PROVENCE MB-W QFU31", "level_lower": 0, "level_upper": 25 }, "geometry": { "type": "Polygon", "coordinates": [ [ [ 4.643888888888888, 43.8 ], [ 4.551941666666666, 43.858055555555559 ], [ 4.55, 43.945830555555553 ], [ 4.520555555555555, 44.031388888888891 ], [ 4.336388888888888, 44.033330555555551 ], [ 4.222041666666667, 44.668294444444442 ], [ 4.454719444444445, 44.668611111111112 ], [ 4.745, 44.668611111111112 ], [ 4.758330555555555, 44.1 ], [ 4.679719444444444, 44.07083055555556 ], [ 4.765277777777778, 44.012219444444447 ], [ 4.780555555555556, 43.81666666666667 ], [ 4.787777777777777, 43.710277777777783 ], [ 4.643888888888888, 43.8 ] ] ] } },
{ "type": "Feature", "properties": { "fir": "LFMM", "identifier": "LFMM:PROVENCE ME1:000-115", "name": "PROVENCE ME1", "level_lower": 0, "level_upper": 115 }, "geometry": { "type": "Polygon", "coordinates": [ [ [ 5.489441666666667, 43.420277777777777 ], [ 5.558330555555555, 43.413055555555552 ], [ 5.558330555555555, 43.536941666666664 ], [ 5.891111111111111, 43.485 ], [ 5.983330555555556, 43.470555555555556 ], [ 6.003288888888889, 43.313825 ], [ 5.633330555555556, 43.340555555555561 ], [ 5.488986111111111, 43.350827777777781 ], [ 5.489441666666667, 43.420277777777777 ] ] ] } },
{ "type": "Feature", "properties": { "fir": "LFMM", "identifier": "LFMM:PROVENCE ME1:000-045", "name": "PROVENCE ME1", "level_lower": 0, "level_upper": 45 }, "geometry": { "type": "Polygon", "coordinates": [ [ [ 5.633330555555556, 43.340555555555561 ], [ 5.633330555555556, 43.166666666666664 ], [ 5.487777777777778, 43.166941666666666 ], [ 5.488986111111111, 43.350827777777781 ], [ 5.633330555555556, 43.340555555555561 ] ] ] } },
{ "type": "Feature", "properties": { "fir": "LFMM", "identifier": "LFMM:PROVENCE ME1:000-075", "name": "PROVENCE ME1", "level_lower": 0, "level_upper": 75 }, "geometry": { "type": "Polygon", "coordinates": [ [ [ 6.003288888888889, 43.313825 ], [ 6.021036111111111, 43.175027777777778 ], [ 6.023175, 43.158211111111108 ], [ 6.025, 43.143888888888888 ], [ 5.866666666666667, 43.175 ], [ 5.633330555555556, 43.033330555555551 ], [ 5.632716666666667, 43.076866666666668 ], [ 5.633330555555556, 43.166666666666664 ], [ 5.633330555555556, 43.340555555555561 ], [ 6.003288888888889, 43.313825 ] ] ] } },
{ "type": "Feature", "properties": { "fir": "LFMM", "identifier": "LFMM:PROVENCE ME2 QFU13:025-145", "name": "PROVENCE ME2 QFU13", "level_lower": 25, "level_upper": 145 }, "geometry": { "type": "Polygon", "coordinates": [ [ [ 5.380444444444444, 43.376555555555555 ], [ 5.217791666666667, 43.432380555555554 ], [ 5.119291666666666, 43.522458333333333 ], [ 5.054166666666666, 43.581941666666673 ], [ 5.033330555555556, 43.65 ], [ 4.966666666666667, 43.772219444444445 ], [ 4.9725, 43.802777777777777 ], [ 5.054669444444444, 43.821886111111112 ], [ 5.220830555555556, 43.861111111111114 ], [ 5.210830555555556, 43.889166666666668 ], [ 5.365277777777777, 43.871941666666665 ], [ 5.442777777777778, 43.680830555555552 ], [ 5.457530555555556, 43.642591666666668 ], [ 5.558330555555555, 43.536941666666664 ], [ 5.558330555555555, 43.413055555555552 ], [ 5.489441666666667, 43.420277777777777 ], [ 5.488986111111111, 43.350827777777781 ], [ 5.409391666666667, 43.356191666666668 ], [ 5.382266666666666, 43.358091666666667 ], [ 5.380444444444444, 43.376555555555555 ] ] ] } },
{ "type": "Feature", "properties": { "fir": "LFMM", "identifier": "LFMM:PROVENCE ME2 QFU13:025-045", "name": "PROVENCE ME2 QFU13", "level_lower": 25, "level_upper": 45 }, "geometry": { "type": "Polygon", "coordinates": [ [ [ 5.382266666666666, 43.358091666666667 ], [ 5.409391666666667, 43.356191666666668 ], [ 5.488986111111111, 43.350827777777781 ], [ 5.487777777777778, 43.166941666666666 ], [ 5.633330555555556, 43.166666666666664 ], [ 5.632716666666667, 43.076866666666668 ], [ 5.390675, 43.211838888888892 ], [ 5.388302777777779, 43.252875 ], [ 5.382266666666666, 43.358091666666667 ] ] ] } },
{ "type": "Feature", "properties": { "fir": "LFMM", "identifier": "LFMM:PROVENCE ME2 QFU31:025-105", "name": "PROVENCE ME2 QFU31", "level_lower": 25, "level_upper": 105 }, "geometry": { "type": "Polygon", "coordinates": [ [ [ 5.074519444444444, 43.827502777777781 ], [ 5.220830555555556, 43.861111111111114 ], [ 5.210830555555556, 43.889166666666668 ], [ 5.365277777777777, 43.871941666666665 ], [ 5.442777777777778, 43.680830555555552 ], [ 5.296666666666667, 43.645 ], [ 5.220016666666667, 43.701919444444449 ], [ 5.1352, 43.707188888888894 ], [ 5.074519444444444, 43.827502777777781 ] ] ] } },
{ "type": "Feature", "properties": { "fir": "LFMM", "identifier": "LFMM:PROVENCE ME2 QFU31:025-075", "name": "PROVENCE ME2 QFU31", "level_lower": 25, "level_upper": 75 }, "geometry": { "type": "Polygon", "coordinates": [ [ [ 5.199525, 43.578961111111113 ], [ 5.1352, 43.707188888888894 ], [ 5.220016666666667, 43.701919444444449 ], [ 5.296666666666667, 43.645 ], [ 5.268713888888889, 43.581205555555556 ], [ 5.248702777777778, 43.421769444444443 ], [ 5.217791666666667, 43.432380555555554 ], [ 5.186330555555556, 43.45267777777778 ], [ 5.187152777777778, 43.460552777777778 ], [ 5.199525, 43.578961111111113 ] ] ] } },
{ "type": "Feature", "properties": { "fir": "LFMM", "identifier": "LFMM:PROVENCE ME2 QFU31:000-025", "name": "PROVENCE ME2 QFU31", "level_lower": 0, "level_upper": 25 }, "geometry": { "type": "Polygon", "coordinates": [ [ [ 5.442777777777778, 43.680830555555552 ], [ 5.457530555555556, 43.642591666666668 ], [ 5.558330555555555, 43.536941666666664 ], [ 5.558330555555555, 43.413055555555552 ], [ 5.489441666666667, 43.420277777777777 ], [ 5.488986111111111, 43.350827777777781 ], [ 5.487777777777778, 43.166941666666666 ], [ 5.633330555555556, 43.166666666666664 ], [ 5.632716666666667, 43.076866666666668 ], [ 5.390675, 43.211838888888892 ], [ 5.388302777777779, 43.252875 ], [ 5.408888888888889, 43.25277777777778 ], [ 5.409391666666667, 43.356191666666668 ], [ 5.408888888888889, 43.452777777777783 ], [ 5.464441666666667, 43.481666666666669 ], [ 5.395, 43.567777777777778 ], [ 5.371941666666666, 43.57221944444445 ], [ 5.336388888888888, 43.562219444444445 ], [ 5.325, 43.563888888888883 ], [ 5.317777777777778, 43.565277777777773 ], [ 5.216988888888889, 43.584158333333335 ], [ 5.216405555555555, 43.582466666666669 ], [ 5.215747222222222, 43.580722222222228 ], [ 5.215036111111111, 43.578991666666667 ], [ 5.214272222222222, 43.577269444444447 ], [ 5.213455555555556, 43.575563888888894 ], [ 5.212586111111111, 43.573869444444448 ], [ 5.211663888888889, 43.572188888888896 ], [ 5.210691666666666, 43.570525 ], [ 5.209666666666667, 43.568877777777779 ], [ 5.208591666666667, 43.567244444444448 ], [ 5.207466666666667, 43.565630555555551 ], [ 5.206294444444445, 43.564038888888888 ], [ 5.205072222222222, 43.562461111111105 ], [ 5.203802777777778, 43.56090555555555 ], [ 5.202483333333333, 43.559372222222223 ], [ 5.201119444444444, 43.557858333333328 ], [ 5.199708333333334, 43.556369444444442 ], [ 5.198252777777778, 43.554902777777777 ], [ 5.19675, 43.553458333333332 ], [ 5.195205555555556, 43.552038888888887 ], [ 5.193616666666667, 43.550644444444444 ], [ 5.191986111111111, 43.549277777777775 ], [ 5.190313888888889, 43.547938888888886 ], [ 5.1886, 43.546625 ], [ 5.186847222222222, 43.545338888888885 ], [ 5.185055555555556, 43.544083333333333 ], [ 5.183225, 43.542855555555555 ], [ 5.181358333333334, 43.541658333333331 ], [ 5.179452777777778, 43.540491666666668 ], [ 5.177513888888889, 43.539355555555552 ], [ 5.175541666666667, 43.53825 ], [ 5.173533333333333, 43.537177777777778 ], [ 5.171494444444445, 43.536138888888885 ], [ 5.169425, 43.535130555555554 ], [ 5.167322222222222, 43.53415833333333 ], [ 5.165191666666667, 43.533219444444441 ], [ 5.163033333333334, 43.532316666666667 ], [ 5.160847222222222, 43.531447222222219 ], [ 5.158636111111112, 43.530613888888887 ], [ 5.156397222222223, 43.529816666666669 ], [ 5.154136111111112, 43.529055555555551 ], [ 5.151852777777778, 43.528330555555556 ], [ 5.149547222222223, 43.527644444444441 ], [ 5.147219444444445, 43.526994444444441 ], [ 5.144875, 43.526383333333335 ], [ 5.142511111111111, 43.52580833333333 ], [ 5.140130555555556, 43.525275 ], [ 5.137733333333334, 43.524777777777778 ], [ 5.135322222222222, 43.524316666666664 ], [ 5.132897222222222, 43.5239 ], [ 5.130461111111111, 43.523519444444446 ], [ 5.128013888888889, 43.523177777777775 ], [ 5.125555555555555, 43.522877777777779 ], [ 5.123088888888889, 43.522616666666664 ], [ 5.120613888888888, 43.522394444444444 ], [ 5.119291666666666, 43.522458333333333 ], [ 5.054166666666666, 43.581941666666673 ], [ 5.033330555555556, 43.65 ], [ 4.966666666666667, 43.772219444444445 ], [ 4.9725, 43.802777777777777 ], [ 5.054669444444444, 43.821886111111112 ], [ 5.074519444444444, 43.827502777777781 ], [ 5.220830555555556, 43.861111111111114 ], [ 5.210830555555556, 43.889166666666668 ], [ 5.365277777777777, 43.871941666666665 ], [ 5.442777777777778, 43.680830555555552 ] ] ] } },
{ "type": "Feature", "properties": { "fir": "LFMM", "identifier": "LFMM:PROVENCE ME2-E QFU31:025-145", "name": "PROVENCE ME2-E QFU31", "level_lower": 25, "level_upper": 145 }, "geometry": { "type": "Polygon", "coordinates": [ [ [ 5.457530555555556, 43.642591666666668 ], [ 5.558330555555555, 43.536941666666664 ], [ 5.558330555555555, 43.413055555555552 ], [ 5.489441666666667, 43.420277777777777 ], [ 5.488986111111111, 43.350827777777781 ], [ 5.409391666666667, 43.356191666666668 ], [ 5.382266666666666, 43.358091666666667 ], [ 5.380444444444444, 43.376555555555555 ], [ 5.248702777777778, 43.421769444444443 ], [ 5.268713888888889, 43.581205555555556 ], [ 5.296666666666667, 43.645 ], [ 5.442777777777778, 43.680830555555552 ], [ 5.457530555555556, 43.642591666666668 ] ] ] } },
{ "type": "Feature", "properties": { "fir": "LFMM", "identifier": "LFMM:PROVENCE ME2-N QFU13:000-025", "name": "PROVENCE ME2-N QFU13", "level_lower": 0, "level_upper": 25 }, "geometry": { "type": "Polygon", "coordinates": [ [ [ 5.442777777777778, 43.680830555555552 ], [ 5.457530555555556, 43.642591666666668 ], [ 5.558330555555555, 43.536941666666664 ], [ 5.558330555555555, 43.413055555555552 ], [ 5.489441666666667, 43.420277777777777 ], [ 5.488986111111111, 43.350827777777781 ], [ 5.409391666666667, 43.356191666666668 ], [ 5.408888888888889, 43.452777777777783 ], [ 5.464441666666667, 43.481666666666669 ], [ 5.395, 43.567777777777778 ], [ 5.371941666666666, 43.57221944444445 ], [ 5.336388888888888, 43.562219444444445 ], [ 5.325, 43.563888888888883 ], [ 5.317777777777778, 43.565277777777773 ], [ 5.216988888888889, 43.584158333333335 ], [ 5.216405555555555, 43.582466666666669 ], [ 5.215747222222222, 43.580722222222228 ], [ 5.215036111111111, 43.578991666666667 ], [ 5.214272222222222, 43.577269444444447 ], [ 5.213455555555556, 43.575563888888894 ], [ 5.212586111111111, 43.573869444444448 ], [ 5.211663888888889, 43.572188888888896 ], [ 5.210691666666666, 43.570525 ], [ 5.209666666666667, 43.568877777777779 ], [ 5.208591666666667, 43.567244444444448 ], [ 5.207466666666667, 43.565630555555551 ], [ 5.206294444444445, 43.564038888888888 ], [ 5.205072222222222, 43.562461111111105 ], [ 5.203802777777778, 43.56090555555555 ], [ 5.202483333333333, 43.559372222222223 ], [ 5.201119444444444, 43.557858333333328 ], [ 5.199708333333334, 43.556369444444442 ], [ 5.198252777777778, 43.554902777777777 ], [ 5.19675, 43.553458333333332 ], [ 5.195205555555556, 43.552038888888887 ], [ 5.193616666666667, 43.550644444444444 ], [ 5.191986111111111, 43.549277777777775 ], [ 5.190313888888889, 43.547938888888886 ], [ 5.1886, 43.546625 ], [ 5.186847222222222, 43.545338888888885 ], [ 5.185055555555556, 43.544083333333333 ], [ 5.183225, 43.542855555555555 ], [ 5.181358333333334, 43.541658333333331 ], [ 5.179452777777778, 43.540491666666668 ], [ 5.177513888888889, 43.539355555555552 ], [ 5.175541666666667, 43.53825 ], [ 5.173533333333333, 43.537177777777778 ], [ 5.171494444444445, 43.536138888888885 ], [ 5.169425, 43.535130555555554 ], [ 5.167322222222222, 43.53415833333333 ], [ 5.165191666666667, 43.533219444444441 ], [ 5.163033333333334, 43.532316666666667 ], [ 5.160847222222222, 43.531447222222219 ], [ 5.158636111111112, 43.530613888888887 ], [ 5.156397222222223, 43.529816666666669 ], [ 5.154136111111112, 43.529055555555551 ], [ 5.151852777777778, 43.528330555555556 ], [ 5.149547222222223, 43.527644444444441 ], [ 5.147219444444445, 43.526994444444441 ], [ 5.144875, 43.526383333333335 ], [ 5.142511111111111, 43.52580833333333 ], [ 5.140130555555556, 43.525275 ], [ 5.137733333333334, 43.524777777777778 ], [ 5.135322222222222, 43.524316666666664 ], [ 5.132897222222222, 43.5239 ], [ 5.130461111111111, 43.523519444444446 ], [ 5.128013888888889, 43.523177777777775 ], [ 5.125555555555555, 43.522877777777779 ], [ 5.123088888888889, 43.522616666666664 ], [ 5.120613888888888, 43.522394444444444 ], [ 5.119291666666666, 43.522458333333333 ], [ 5.054166666666666, 43.581941666666673 ], [ 5.033330555555556, 43.65 ], [ 4.966666666666667, 43.772219444444445 ], [ 4.9725, 43.802777777777777 ], [ 5.054669444444444, 43.821886111111112 ], [ 5.074519444444444, 43.827502777777781 ], [ 5.220830555555556, 43.861111111111114 ], [ 5.210830555555556, 43.889166666666668 ], [ 5.365277777777777, 43.871941666666665 ], [ 5.442777777777778, 43.680830555555552 ] ] ] } },
{ "type": "Feature", "properties": { "fir": "LFMM", "identifier": "LFMM:PROVENCE ME2-S QFU13:000-025", "name": "PROVENCE ME2-S QFU13", "level_lower": 0, "level_upper": 25 }, "geometry": { "type": "Polygon", "coordinates": [ [ [ 5.409391666666667, 43.356191666666668 ], [ 5.488986111111111, 43.350827777777781 ], [ 5.487777777777778, 43.166941666666666 ], [ 5.633330555555556, 43.166666666666664 ], [ 5.632716666666667, 43.076866666666668 ], [ 5.390675, 43.211838888888892 ], [ 5.388302777777779, 43.252875 ], [ 5.408888888888889, 43.25277777777778 ], [ 5.409391666666667, 43.356191666666668 ] ] ] } },
{ "type": "Feature", "properties": { "fir": "LFMM", "identifier": "LFMM:PROVENCE ME2-W QFU31:025-145", "name": "PROVENCE ME2-W QFU31", "level_lower": 25, "level_upper": 145 }, "geometry": { "type": "Polygon", "coordinates": [ [ [ 5.074519444444444, 43.827502777777781 ], [ 5.1352, 43.707188888888894 ], [ 5.199525, 43.578961111111113 ], [ 5.187152777777778, 43.460552777777778 ], [ 5.119291666666666, 43.522458333333333 ], [ 5.054166666666666, 43.581941666666673 ], [ 5.033330555555556, 43.65 ], [ 4.966666666666667, 43.772219444444445 ], [ 4.9725, 43.802777777777777 ], [ 5.054669444444444, 43.821886111111112 ], [ 5.074519444444444, 43.827502777777781 ] ] ] } },
{ "type": "Feature", "properties": { "fir": "LFMM", "identifier": "LFMM:RODEZ CTR:000-040", "name": "RODEZ CTR", "level_lower": 0, "level_upper": 40 }, "geometry": { "type": "Polygon", "coordinates": [ [ [ 2.661791666666667, 44.371977777777779 ], [ 2.661052777777777, 44.369975 ], [ 2.660269444444444, 44.367977777777782 ], [ 2.659441666666666, 44.365991666666666 ], [ 2.658569444444444, 44.364016666666672 ], [ 2.657652777777778, 44.36205 ], [ 2.656691666666667, 44.360094444444449 ], [ 2.655686111111111, 44.35815 ], [ 2.654636111111111, 44.356219444444449 ], [ 2.653544444444444, 44.3543 ], [ 2.652408333333333, 44.352391666666669 ], [ 2.651227777777778, 44.3505 ], [ 2.650008333333333, 44.348619444444445 ], [ 2.648744444444445, 44.346755555555561 ], [ 2.647438888888889, 44.344902777777783 ], [ 2.646091666666667, 44.343069444444446 ], [ 2.644702777777778, 44.34125 ], [ 2.643275, 44.339447222222226 ], [ 2.641805555555556, 44.33766111111111 ], [ 2.640294444444444, 44.335891666666669 ], [ 2.638744444444444, 44.334141666666667 ], [ 2.637158333333333, 44.33240555555556 ], [ 2.635530555555555, 44.330691666666667 ], [ 2.633863888888889, 44.328997222222227 ], [ 2.632161111111111, 44.327319444444448 ], [ 2.630419444444445, 44.32566388888889 ], [ 2.628641666666667, 44.324027777777779 ], [ 2.626825, 44.322413888888889 ], [ 2.624975, 44.320819444444446 ], [ 2.623088888888889, 44.319247222222224 ], [ 2.621166666666667, 44.317694444444449 ], [ 2.619208333333333, 44.31616666666666 ], [ 2.617216666666667, 44.314663888888887 ], [ 2.615191666666667, 44.313180555555554 ], [ 2.613136111111111, 44.311722222222222 ], [ 2.611044444444445, 44.310288888888884 ], [ 2.608922222222222, 44.308877777777774 ], [ 2.606769444444445, 44.307491666666664 ], [ 2.604586111111111, 44.306130555555555 ], [ 2.602369444444445, 44.30479444444444 ], [ 2.600125, 44.303486111111106 ], [ 2.597852777777778, 44.302202777777772 ], [ 2.595555555555556, 44.30094444444444 ], [ 2.593219444444445, 44.299716666666662 ], [ 2.590861111111111, 44.298513888888884 ], [ 2.588475, 44.297336111111107 ], [ 2.586063888888889, 44.296188888888885 ], [ 2.583627777777778, 44.295069444444444 ], [ 2.581166666666666, 44.293977777777776 ], [ 2.578683333333333, 44.29291388888889 ], [ 2.576175, 44.291880555555551 ], [ 2.573641666666667, 44.290875 ], [ 2.571088888888889, 44.289897222222223 ], [ 2.568511111111111, 44.288952777777773 ], [ 2.565913888888889, 44.288036111111111 ], [ 2.563297222222222, 44.28715 ], [ 2.560661111111111, 44.286291666666664 ], [ 2.558005555555555, 44.285466666666665 ], [ 2.555330555555555, 44.28467222222222 ], [ 2.552641666666667, 44.283908333333329 ], [ 2.549933333333333, 44.28317777777778 ], [ 2.547208333333333, 44.282475 ], [ 2.544469444444444, 44.281805555555557 ], [ 2.541713888888889, 44.281166666666664 ], [ 2.538947222222222, 44.280561111111112 ], [ 2.536163888888889, 44.279988888888887 ], [ 2.533369444444444, 44.279444444444444 ], [ 2.530563888888889, 44.278936111111108 ], [ 2.527747222222222, 44.278461111111113 ], [ 2.524919444444444, 44.278013888888886 ], [ 2.522083333333333, 44.27760277777778 ], [ 2.519238888888889, 44.277225 ], [ 2.516383333333333, 44.276877777777777 ], [ 2.513522222222222, 44.276563888888887 ], [ 2.510655555555556, 44.276286111111112 ], [ 2.507780555555556, 44.276038888888891 ], [ 2.504902777777778, 44.275825 ], [ 2.502016666666667, 44.275644444444445 ], [ 2.499130555555555, 44.275497222222221 ], [ 2.496241666666667, 44.27538333333333 ], [ 2.493347222222222, 44.275302777777775 ], [ 2.490452777777778, 44.275255555555553 ], [ 2.487561111111111, 44.275241666666666 ], [ 2.484666666666667, 44.275263888888887 ], [ 2.481772222222222, 44.275316666666669 ], [ 2.478880555555556, 44.275402777777778 ], [ 2.475988888888889, 44.275522222222222 ], [ 2.473102777777778, 44.27567777777778 ], [ 2.470277777777778, 44.275830555555558 ], [ 2.287547222222222, 44.380575 ], [ 2.286805555555556, 44.384138888888891 ], [ 2.286188888888889, 44.38771666666667 ], [ 2.285697222222222, 44.391302777777774 ], [ 2.285327777777778, 44.39489722222222 ], [ 2.285086111111111, 44.398497222222218 ], [ 2.284969444444444, 44.4021 ], [ 2.284977777777778, 44.405702777777776 ], [ 2.285111111111111, 44.409305555555555 ], [ 2.285369444444444, 44.412905555555554 ], [ 2.285755555555555, 44.416497222222219 ], [ 2.286263888888889, 44.420083333333331 ], [ 2.2869, 44.423658333333329 ], [ 2.287655555555555, 44.42722222222222 ], [ 2.288538888888889, 44.430769444444444 ], [ 2.289544444444444, 44.434302777777773 ], [ 2.290675, 44.437813888888883 ], [ 2.291925, 44.441305555555552 ], [ 2.293294444444444, 44.444775 ], [ 2.294788888888889, 44.44821666666666 ], [ 2.2964, 44.45163055555556 ], [ 2.298130555555555, 44.455016666666673 ], [ 2.299980555555555, 44.45836944444445 ], [ 2.301944444444444, 44.461688888888894 ], [ 2.304025, 44.464975 ], [ 2.306216666666666, 44.468219444444443 ], [ 2.308525, 44.471425 ], [ 2.310941666666666, 44.474588888888889 ], [ 2.313469444444444, 44.477711111111113 ], [ 2.316105555555555, 44.480783333333335 ], [ 2.31885, 44.483811111111109 ], [ 2.321694444444444, 44.486786111111115 ], [ 2.324644444444444, 44.489713888888893 ], [ 2.327697222222222, 44.492586111111109 ], [ 2.33085, 44.4954 ], [ 2.334097222222222, 44.498161111111109 ], [ 2.337441666666667, 44.500863888888887 ], [ 2.340880555555556, 44.503502777777776 ], [ 2.344408333333333, 44.506083333333336 ], [ 2.348027777777778, 44.5086 ], [ 2.351730555555556, 44.51105 ], [ 2.355519444444444, 44.513433333333332 ], [ 2.359391666666667, 44.51575 ], [ 2.363344444444444, 44.51799722222222 ], [ 2.367375, 44.520172222222222 ], [ 2.371477777777778, 44.522275 ], [ 2.375655555555555, 44.524305555555557 ], [ 2.3799, 44.526261111111111 ], [ 2.384213888888889, 44.528141666666663 ], [ 2.388888888888889, 44.53 ], [ 2.661791666666667, 44.371977777777779 ] ] ] } },
{ "type": "Feature", "properties": { "fir": "LFMM", "identifier": "LFMM:SAINT ETIENNE CTR 1:000-032", "name": "SAINT ETIENNE CTR 1", "level_lower": 0, "level_upper": 32 }, "geometry": { "type": "Polygon", "coordinates": [ [ [ 4.175, 45.462777777777781 ], [ 4.108888888888888, 45.581666666666671 ], [ 4.093552777777777, 45.609963888888892 ], [ 4.097077777777778, 45.614461111111112 ], [ 4.100127777777778, 45.618080555555558 ], [ 4.103308333333333, 45.621644444444442 ], [ 4.106622222222222, 45.62515 ], [ 4.110063888888889, 45.628591666666665 ], [ 4.113636111111111, 45.631969444444444 ], [ 4.117330555555555, 45.635280555555553 ], [ 4.12115, 45.638525 ], [ 4.125086111111111, 45.6417 ], [ 4.129141666666666, 45.6448 ], [ 4.13331111111111, 45.647825 ], [ 4.137591666666667, 45.650772222222223 ], [ 4.141980555555556, 45.653641666666665 ], [ 4.146477777777778, 45.656430555555552 ], [ 4.151075, 45.65913611111111 ], [ 4.155772222222223, 45.661755555555551 ], [ 4.160566666666667, 45.66428888888889 ], [ 4.165452777777778, 45.666736111111106 ], [ 4.170430555555556, 45.669091666666667 ], [ 4.175494444444444, 45.67135555555555 ], [ 4.180638888888889, 45.673527777777778 ], [ 4.185866666666667, 45.675605555555556 ], [ 4.191166666666667, 45.677586111111111 ], [ 4.196541666666667, 45.679469444444443 ], [ 4.201986111111111, 45.681255555555552 ], [ 4.207491666666667, 45.682941666666665 ], [ 4.213061111111111, 45.684525 ], [ 4.218688888888889, 45.686008333333334 ], [ 4.224366666666667, 45.687388888888883 ], [ 4.230097222222223, 45.688663888888883 ], [ 4.235872222222222, 45.689836111111106 ], [ 4.241691666666667, 45.6909 ], [ 4.247544444444444, 45.691858333333329 ], [ 4.253436111111111, 45.692711111111109 ], [ 4.259352777777778, 45.693452777777772 ], [ 4.2653, 45.694088888888885 ], [ 4.271266666666667, 45.694616666666661 ], [ 4.27725, 45.695036111111108 ], [ 4.28325, 45.695344444444444 ], [ 4.289255555555555, 45.695544444444444 ], [ 4.295269444444444, 45.695636111111106 ], [ 4.301283333333333, 45.695616666666666 ], [ 4.307294444444445, 45.695488888888889 ], [ 4.3133, 45.69525 ], [ 4.319294444444444, 45.694902777777777 ], [ 4.325272222222222, 45.694444444444443 ], [ 4.331230555555555, 45.693877777777772 ], [ 4.337166666666667, 45.693205555555551 ], [ 4.343077777777777, 45.69242222222222 ], [ 4.348955555555555, 45.691533333333332 ], [ 4.354797222222222, 45.690538888888888 ], [ 4.3606, 45.689436111111107 ], [ 4.366361111111111, 45.688227777777776 ], [ 4.372072222222222, 45.686916666666662 ], [ 4.377736111111111, 45.6855 ], [ 4.3775, 45.685555555555553 ], [ 4.399166666666667, 45.52 ], [ 4.175, 45.462777777777781 ] ] ] } },
{ "type": "Feature", "properties": { "fir": "LFMM", "identifier": "LFMM:SAINT ETIENNE CTR 2:000-045", "name": "SAINT ETIENNE CTR 2", "level_lower": 0, "level_upper": 45 }, "geometry": { "type": "Polygon", "coordinates": [ [ [ 4.399166666666667, 45.52 ], [ 4.411111111111111, 45.4275 ], [ 4.40935, 45.426605555555554 ], [ 4.407344444444445, 45.425588888888889 ], [ 4.405316666666667, 45.424594444444445 ], [ 4.403275, 45.423616666666668 ], [ 4.401213888888889, 45.422658333333331 ], [ 4.399133333333333, 45.421719444444442 ], [ 4.397036111111111, 45.4208 ], [ 4.394922222222223, 45.419897222222218 ], [ 4.392794444444445, 45.419016666666664 ], [ 4.390647222222222, 45.418152777777777 ], [ 4.388486111111112, 45.417311111111111 ], [ 4.386308333333334, 45.416488888888885 ], [ 4.384116666666667, 45.415686111111107 ], [ 4.381911111111111, 45.414902777777776 ], [ 4.379688888888889, 45.414138888888886 ], [ 4.377452777777777, 45.413397222222223 ], [ 4.375205555555556, 45.412675 ], [ 4.372941666666666, 45.411972222222218 ], [ 4.370669444444444, 45.411291666666664 ], [ 4.368380555555555, 45.41063333333333 ], [ 4.366083333333333, 45.409994444444443 ], [ 4.363772222222222, 45.409375 ], [ 4.36145, 45.408777777777779 ], [ 4.359119444444444, 45.408202777777774 ], [ 4.356775, 45.40765 ], [ 4.354422222222222, 45.407116666666667 ], [ 4.35206111111111, 45.406605555555551 ], [ 4.349688888888888, 45.406116666666662 ], [ 4.347308333333333, 45.405647222222221 ], [ 4.344916666666666, 45.405202777777774 ], [ 4.342519444444444, 45.404777777777774 ], [ 4.340116666666666, 45.404375 ], [ 4.337702777777777, 45.403994444444443 ], [ 4.335286111111111, 45.403636111111112 ], [ 4.332861111111111, 45.4033 ], [ 4.330427777777778, 45.402986111111112 ], [ 4.327991666666667, 45.402694444444442 ], [ 4.32555, 45.402425 ], [ 4.323102777777778, 45.402177777777773 ], [ 4.320652777777777, 45.40195277777778 ], [ 4.318197222222222, 45.40175 ], [ 4.315738888888888, 45.401569444444441 ], [ 4.313275, 45.401411111111109 ], [ 4.310811111111111, 45.401275 ], [ 4.308344444444444, 45.401163888888888 ], [ 4.305875, 45.401072222222218 ], [ 4.303405555555555, 45.401005555555557 ], [ 4.300936111111111, 45.400961111111108 ], [ 4.298463888888889, 45.400936111111108 ], [ 4.295991666666667, 45.400936111111108 ], [ 4.293519444444445, 45.400961111111108 ], [ 4.291047222222222, 45.401005555555557 ], [ 4.288577777777777, 45.401072222222218 ], [ 4.286108333333333, 45.401163888888888 ], [ 4.283641666666666, 45.401275 ], [ 4.281177777777778, 45.401411111111109 ], [ 4.278716666666667, 45.401566666666668 ], [ 4.276255555555555, 45.40174722222222 ], [ 4.273802777777778, 45.40195 ], [ 4.27135, 45.402175 ], [ 4.268902777777778, 45.402422222222221 ], [ 4.266461111111111, 45.402691666666662 ], [ 4.264025, 45.402983333333331 ], [ 4.261591666666667, 45.403297222222221 ], [ 4.259166666666666, 45.403636111111112 ], [ 4.25675, 45.403991666666663 ], [ 4.254336111111111, 45.404372222222221 ], [ 4.251930555555556, 45.404775 ], [ 4.249536111111111, 45.4052 ], [ 4.247144444444444, 45.405644444444441 ], [ 4.244763888888889, 45.406113888888889 ], [ 4.242391666666666, 45.406602777777778 ], [ 4.240030555555555, 45.407113888888887 ], [ 4.237677777777778, 45.407647222222224 ], [ 4.235336111111111, 45.4082 ], [ 4.233002777777778, 45.408777777777779 ], [ 4.230680555555556, 45.409372222222224 ], [ 4.228369444444445, 45.409991666666663 ], [ 4.226069444444445, 45.410630555555556 ], [ 4.223783333333333, 45.41128888888889 ], [ 4.221508333333333, 45.411969444444445 ], [ 4.219247222222222, 45.41266944444444 ], [ 4.217, 45.413391666666662 ], [ 4.214763888888889, 45.414136111111112 ], [ 4.212541666666667, 45.414897222222223 ], [ 4.210336111111111, 45.415680555555554 ], [ 4.208144444444445, 45.416483333333332 ], [ 4.205966666666667, 45.417305555555551 ], [ 4.203805555555555, 45.41815 ], [ 4.201658333333333, 45.419011111111111 ], [ 4.199527777777778, 45.419894444444445 ], [ 4.197777777777778, 45.420830555555554 ], [ 4.175, 45.462777777777781 ], [ 4.399166666666667, 45.52 ] ] ] } },
{ "type": "Feature", "properties": { "fir": "LFMM", "identifier": "LFMM:SAINT EXUPERY CTR:000-009", "name": "SAINT EXUPERY CTR", "level_lower": 0, "level_upper": 9 }, "geometry": { "type": "Polygon", "coordinates": [ [ [ 5.088825, 45.71040277777778 ], [ 5.088816666666666, 45.711316666666669 ], [ 5.088380555555555, 45.71736388888889 ], [ 5.087883333333333, 45.7208 ], [ 5.086644444444445, 45.731138888888893 ], [ 5.085052777777777, 45.744133333333338 ], [ 5.084955555555555, 45.745863888888891 ], [ 5.082802777777777, 45.747252777777781 ], [ 5.094316666666666, 45.747883333333334 ], [ 5.098238888888889, 45.711086111111115 ], [ 5.088825, 45.71040277777778 ] ] ] } },
{ "type": "Feature", "properties": { "fir": "LFMM", "identifier": "LFMM:SAINT EXUPERY CTR:000-025", "name": "SAINT EXUPERY CTR", "level_lower": 0, "level_upper": 25 }, "geometry": { "type": "Polygon", "coordinates": [ [ [ 5.066077777777777, 45.5551 ], [ 5.063205555555555, 45.555291666666662 ], [ 5.063330555555555, 45.55555555555555 ], [ 5.059113888888889, 45.570086111111117 ], [ 5.058611111111111, 45.570277777777783 ], [ 5.001941666666666, 45.742219444444444 ], [ 5.0, 45.8 ], [ 4.945277777777778, 45.864441666666671 ], [ 4.945266666666667, 45.864688888888892 ], [ 4.94495, 45.864875 ], [ 4.948086111111111, 45.866702777777775 ], [ 4.951269444444445, 45.868488888888891 ], [ 4.9545, 45.870236111111112 ], [ 4.957775, 45.871938888888891 ], [ 4.961091666666666, 45.873602777777776 ], [ 4.964452777777778, 45.87522222222222 ], [ 4.967858333333333, 45.8768 ], [ 4.971302777777778, 45.878336111111111 ], [ 4.974786111111111, 45.879825 ], [ 4.978311111111111, 45.881269444444442 ], [ 4.981869444444444, 45.882672222222226 ], [ 4.985466666666666, 45.884027777777774 ], [ 4.989097222222222, 45.885338888888889 ], [ 4.992761111111111, 45.8866 ], [ 4.996458333333333, 45.887816666666666 ], [ 5.000188888888889, 45.888988888888889 ], [ 5.003947222222222, 45.890111111111111 ], [ 5.007733333333333, 45.891186111111111 ], [ 5.01155, 45.892211111111109 ], [ 5.015391666666667, 45.893188888888886 ], [ 5.019255555555556, 45.894116666666669 ], [ 5.023147222222222, 45.894997222222223 ], [ 5.027061111111111, 45.895827777777775 ], [ 5.030994444444445, 45.896608333333333 ], [ 5.034947222222222, 45.897338888888889 ], [ 5.038919444444445, 45.898019444444444 ], [ 5.042908333333333, 45.89865 ], [ 5.046913888888889, 45.899227777777774 ], [ 5.050933333333333, 45.899755555555558 ], [ 5.054966666666666, 45.900233333333333 ], [ 5.059011111111111, 45.900658333333332 ], [ 5.063066666666667, 45.901033333333331 ], [ 5.067130555555555, 45.901355555555554 ], [ 5.071202777777778, 45.901627777777776 ], [ 5.075280555555556, 45.901847222222223 ], [ 5.079366666666666, 45.902016666666668 ], [ 5.083452777777778, 45.902133333333332 ], [ 5.087544444444444, 45.90219722222222 ], [ 5.091636111111111, 45.902211111111107 ], [ 5.095725, 45.902169444444446 ], [ 5.099813888888889, 45.902077777777777 ], [ 5.1039, 45.901936111111112 ], [ 5.107980555555555, 45.901741666666666 ], [ 5.109813888888889, 45.901641666666663 ], [ 5.112055555555555, 45.901494444444445 ], [ 5.116125, 45.901197222222223 ], [ 5.120186111111111, 45.900847222222218 ], [ 5.12423611111111, 45.900447222222219 ], [ 5.128275, 45.899994444444445 ], [ 5.1323, 45.89949166666667 ], [ 5.136313888888889, 45.898936111111112 ], [ 5.140311111111112, 45.898330555555553 ], [ 5.144291666666667, 45.897675 ], [ 5.148252777777778, 45.896969444444444 ], [ 5.148055555555556, 45.896941666666663 ], [ 5.153611111111111, 45.854166666666671 ], [ 5.2, 45.837777777777781 ], [ 5.241666666666667, 45.58583055555556 ], [ 5.241816666666667, 45.586197222222225 ], [ 5.2394, 45.585091666666671 ], [ 5.236966666666667, 45.584002777777783 ], [ 5.234516666666667, 45.582930555555556 ], [ 5.232052777777778, 45.581877777777784 ], [ 5.229572222222222, 45.580844444444445 ], [ 5.227077777777778, 45.57982777777778 ], [ 5.224563888888889, 45.578830555555562 ], [ 5.222038888888889, 45.57785 ], [ 5.2195, 45.576891666666668 ], [ 5.216944444444445, 45.57595 ], [ 5.214375, 45.575027777777784 ], [ 5.211791666666667, 45.574122222222229 ], [ 5.209197222222222, 45.573238888888895 ], [ 5.206588888888889, 45.572372222222228 ], [ 5.203966666666667, 45.571527777777781 ], [ 5.201330555555556, 45.5707 ], [ 5.198686111111112, 45.56989166666667 ], [ 5.196025, 45.569105555555559 ], [ 5.193355555555556, 45.568338888888896 ], [ 5.190675, 45.567588888888892 ], [ 5.187980555555556, 45.566861111111116 ], [ 5.185277777777778, 45.566152777777774 ], [ 5.182563888888889, 45.565463888888885 ], [ 5.179838888888889, 45.564794444444445 ], [ 5.177105555555556, 45.564147222222218 ], [ 5.174361111111112, 45.563519444444445 ], [ 5.171608333333333, 45.562911111111106 ], [ 5.168844444444445, 45.562325 ], [ 5.166075, 45.56175555555555 ], [ 5.163297222222223, 45.561211111111106 ], [ 5.160511111111111, 45.56068333333333 ], [ 5.157713888888889, 45.560177777777774 ], [ 5.154913888888889, 45.559694444444439 ], [ 5.152102777777778, 45.559227777777778 ], [ 5.149288888888889, 45.558786111111111 ], [ 5.146463888888889, 45.558363888888884 ], [ 5.143636111111111, 45.557961111111105 ], [ 5.140802777777778, 45.557580555555553 ], [ 5.137961111111111, 45.557219444444442 ], [ 5.135116666666667, 45.556880555555551 ], [ 5.132266666666666, 45.556563888888888 ], [ 5.129411111111111, 45.556266666666666 ], [ 5.12655, 45.555991666666664 ], [ 5.123688888888888, 45.555736111111109 ], [ 5.120819444444444, 45.555502777777775 ], [ 5.11795, 45.555288888888889 ], [ 5.115077777777778, 45.5551 ], [ 5.112202777777777, 45.554927777777777 ], [ 5.109322222222222, 45.554780555555553 ], [ 5.106441666666666, 45.554652777777775 ], [ 5.103561111111111, 45.554544444444439 ], [ 5.100677777777777, 45.55446111111111 ], [ 5.097791666666667, 45.554397222222221 ], [ 5.094905555555555, 45.554352777777773 ], [ 5.092019444444444, 45.554333333333332 ], [ 5.08913611111111, 45.554333333333332 ], [ 5.08625, 45.554355555555553 ], [ 5.083363888888889, 45.554397222222221 ], [ 5.080477777777777, 45.55446111111111 ], [ 5.077594444444444, 45.554544444444439 ], [ 5.074713888888889, 45.554652777777775 ], [ 5.071830555555556, 45.554780555555553 ], [ 5.068952777777778, 45.554930555555551 ], [ 5.066077777777777, 45.5551 ] ] ] } },
{ "type": "Feature", "properties": { "fir": "LFMM", "identifier": "LFMM:SAINT EXUPERY DEL:000-009", "name": "SAINT EXUPERY DEL", "level_lower": 0, "level_upper": 9 }, "geometry": { "type": "Polygon", "coordinates": [ [ [ 5.087688888888889, 45.710425 ], [ 5.08745, 45.710313888888891 ], [ 5.087305555555555, 45.710111111111111 ], [ 5.086838888888889, 45.705125 ], [ 5.074119444444444, 45.706080555555559 ], [ 5.075325, 45.7134 ], [ 5.076402777777777, 45.72152777777778 ], [ 5.077366666666666, 45.730744444444447 ], [ 5.082286111111111, 45.731080555555558 ], [ 5.080919444444445, 45.741452777777781 ], [ 5.082802777777777, 45.747252777777781 ], [ 5.084955555555555, 45.745863888888891 ], [ 5.085052777777777, 45.744133333333338 ], [ 5.086644444444445, 45.731138888888893 ], [ 5.087883333333333, 45.7208 ], [ 5.088380555555555, 45.71736388888889 ], [ 5.088816666666666, 45.711316666666669 ], [ 5.088825, 45.71040277777778 ], [ 5.087688888888889, 45.710425 ] ] ] } },
{ "type": "Feature", "properties": { "fir": "LFMM", "identifier": "LFMM:SAINT EXUPERY GND:000-009", "name": "SAINT EXUPERY GND", "level_lower": 0, "level_upper": 9 }, "geometry": { "type": "Polygon", "coordinates": [ [ [ 5.087688888888889, 45.710425 ], [ 5.08745, 45.710313888888891 ], [ 5.087305555555555, 45.710111111111111 ], [ 5.086838888888889, 45.705125 ], [ 5.074119444444444, 45.706080555555559 ], [ 5.075325, 45.7134 ], [ 5.076402777777777, 45.72152777777778 ], [ 5.077366666666666, 45.730744444444447 ], [ 5.082286111111111, 45.731080555555558 ], [ 5.080919444444445, 45.741452777777781 ], [ 5.082802777777777, 45.747252777777781 ], [ 5.084955555555555, 45.745863888888891 ], [ 5.085052777777777, 45.744133333333338 ], [ 5.086644444444445, 45.731138888888893 ], [ 5.087883333333333, 45.7208 ], [ 5.088380555555555, 45.71736388888889 ], [ 5.088816666666666, 45.711316666666669 ], [ 5.088825, 45.71040277777778 ], [ 5.087688888888889, 45.710425 ] ] ] } },
{ "type": "Feature", "properties": { "fir": "LFMM", "identifier": "LFMM:SAINT-YAN CTR 1:000-020", "name": "SAINT-YAN CTR 1", "level_lower": 0, "level_upper": 20 }, "geometry": { "type": "Polygon", "coordinates": [ [ [ 4.044536111111111, 46.555672222222221 ], [ 4.035830555555555, 46.50138888888889 ], [ 4.055277777777778, 46.468611111111116 ], [ 4.082219444444444, 46.464166666666671 ], [ 4.126941666666666, 46.443330555555555 ], [ 4.153055555555556, 46.441941666666665 ], [ 4.161111111111111, 46.45055555555556 ], [ 4.23065, 46.447441666666663 ], [ 4.235519444444445, 46.432816666666668 ], [ 4.238247222222222, 46.41793055555555 ], [ 4.238802777777778, 46.40293333333333 ], [ 4.237188888888889, 46.387969444444444 ], [ 4.233416666666667, 46.373194444444444 ], [ 4.227530555555556, 46.358752777777781 ], [ 4.219586111111111, 46.344786111111112 ], [ 4.209669444444445, 46.331436111111117 ], [ 4.197877777777778, 46.318836111111118 ], [ 4.184327777777778, 46.307108333333332 ], [ 4.169158333333334, 46.296369444444444 ], [ 4.152516666666667, 46.28673055555555 ], [ 4.134575, 46.278286111111107 ], [ 4.115508333333333, 46.271116666666664 ], [ 4.095505555555556, 46.265294444444443 ], [ 4.074763888888889, 46.260877777777779 ], [ 4.053491666666666, 46.257908333333333 ], [ 4.0319, 46.256419444444447 ], [ 4.010202777777778, 46.256425 ], [ 3.988611111111111, 46.257919444444447 ], [ 3.967341666666667, 46.260897222222219 ], [ 3.946602777777778, 46.265319444444444 ], [ 3.926605555555555, 46.27115 ], [ 3.907544444444444, 46.278327777777776 ], [ 3.889608333333333, 46.286780555555552 ], [ 3.872975, 46.296427777777772 ], [ 3.857813888888889, 46.30716944444444 ], [ 3.844275, 46.3189 ], [ 3.832491666666666, 46.331505555555559 ], [ 3.822586111111111, 46.344861111111115 ], [ 3.814652777777777, 46.358827777777776 ], [ 3.808777777777778, 46.373275 ], [ 3.805016666666666, 46.38805277777778 ], [ 3.803413888888889, 46.403013888888886 ], [ 3.803980555555555, 46.418013888888886 ], [ 3.806719444444444, 46.432897222222223 ], [ 3.8116, 46.447519444444438 ], [ 3.818580555555555, 46.461730555555562 ], [ 3.827586111111111, 46.475391666666667 ], [ 3.838530555555556, 46.488366666666664 ], [ 3.851308333333333, 46.500519444444443 ], [ 3.865788888888889, 46.511736111111112 ], [ 3.881830555555556, 46.521894444444442 ], [ 3.899272222222222, 46.530902777777776 ], [ 3.917936111111111, 46.538663888888884 ], [ 3.937638888888889, 46.545102777777778 ], [ 3.958180555555556, 46.550152777777775 ], [ 3.979358333333333, 46.553763888888888 ], [ 4.000955555555556, 46.555897222222221 ], [ 4.022752777777778, 46.556536111111107 ], [ 4.044536111111111, 46.555672222222221 ] ] ] } },
{ "type": "Feature", "properties": { "fir": "LFMM", "identifier": "LFMM:SAINT-YAN CTR 2:000-020", "name": "SAINT-YAN CTR 2", "level_lower": 0, "level_upper": 20 }, "geometry": { "type": "Polygon", "coordinates": [ [ [ 4.044536111111111, 46.555672222222221 ], [ 4.049575, 46.555255555555554 ], [ 4.054594444444445, 46.554761111111105 ], [ 4.0596, 46.554183333333327 ], [ 4.064580555555556, 46.553527777777774 ], [ 4.069541666666667, 46.552791666666664 ], [ 4.074475, 46.551975 ], [ 4.079377777777777, 46.551080555555551 ], [ 4.08425, 46.550108333333327 ], [ 4.089088888888889, 46.549058333333335 ], [ 4.093888888888888, 46.547930555555553 ], [ 4.09865, 46.546725 ], [ 4.103369444444444, 46.545444444444442 ], [ 4.108041666666666, 46.544088888888886 ], [ 4.112669444444444, 46.542661111111109 ], [ 4.117247222222222, 46.541155555555555 ], [ 4.121772222222222, 46.539580555555553 ], [ 4.126241666666666, 46.537930555555555 ], [ 4.130655555555555, 46.536211111111108 ], [ 4.135008333333333, 46.534419444444445 ], [ 4.1393, 46.532561111111107 ], [ 4.143525, 46.530633333333334 ], [ 4.147686111111112, 46.528638888888885 ], [ 4.151777777777778, 46.526577777777774 ], [ 4.1558, 46.524452777777775 ], [ 4.159747222222222, 46.522261111111114 ], [ 4.163619444444445, 46.52001111111111 ], [ 4.167413888888889, 46.517694444444444 ], [ 4.171127777777778, 46.515322222222224 ], [ 4.174763888888889, 46.512888888888888 ], [ 4.178313888888889, 46.5104 ], [ 4.181777777777778, 46.507852777777778 ], [ 4.185155555555556, 46.50525 ], [ 4.188444444444444, 46.502594444444448 ], [ 4.191641666666666, 46.49988888888889 ], [ 4.19475, 46.497130555555557 ], [ 4.197761111111111, 46.494325 ], [ 4.200675, 46.491472222222221 ], [ 4.203491666666666, 46.488572222222224 ], [ 4.206211111111111, 46.485627777777779 ], [ 4.208830555555556, 46.482641666666666 ], [ 4.211347222222223, 46.479613888888892 ], [ 4.213761111111111, 46.47654444444445 ], [ 4.216069444444445, 46.473438888888893 ], [ 4.218275, 46.470297222222221 ], [ 4.220369444444445, 46.467122222222223 ], [ 4.222361111111111, 46.463913888888889 ], [ 4.224238888888889, 46.460675 ], [ 4.226011111111111, 46.45740555555556 ], [ 4.227669444444444, 46.454108333333338 ], [ 4.229216666666667, 46.450786111111114 ], [ 4.23065, 46.447441666666663 ], [ 4.161111111111111, 46.45055555555556 ], [ 4.153055555555556, 46.441941666666665 ], [ 4.126941666666666, 46.443330555555555 ], [ 4.082219444444444, 46.464166666666671 ], [ 4.055277777777778, 46.468611111111116 ], [ 4.035830555555555, 46.50138888888889 ], [ 4.044536111111111, 46.555672222222221 ] ] ] } },
{ "type": "Feature", "properties": { "fir": "LFMM", "identifier": "LFMM:SAINT-YAN CTR-E:000-008", "name": "SAINT-YAN CTR-E", "level_lower": 0, "level_upper": 8 }, "geometry": { "type": "Polygon", "coordinates": [ [ [ 4.018644444444444, 46.41750833333333 ], [ 4.024630555555555, 46.410438888888891 ], [ 4.024947222222222, 46.408988888888885 ], [ 4.023083333333333, 46.408216666666668 ], [ 4.015836111111111, 46.41655 ], [ 4.018644444444444, 46.41750833333333 ] ] ] } },
{ "type": "Feature", "properties": { "fir": "LFMM", "identifier": "LFMM:SAINT-YAN CTR-W:000-008", "name": "SAINT-YAN CTR-W", "level_lower": 0, "level_upper": 8 }, "geometry": { "type": "Polygon", "coordinates": [ [ [ 4.007830555555556, 46.422888888888885 ], [ 4.017341666666667, 46.412213888888886 ], [ 4.022486111111111, 46.406608333333331 ], [ 4.016522222222222, 46.404358333333334 ], [ 4.001566666666666, 46.420855555555555 ], [ 4.007830555555556, 46.422888888888885 ] ] ] } },
{ "type": "Feature", "properties": { "fir": "LFMM", "identifier": "LFMM:SAINT-YAN GND:000-008", "name": "SAINT-YAN GND", "level_lower": 0, "level_upper": 8 }, "geometry": { "type": "Polygon", "coordinates": [ [ [ 4.022486111111111, 46.406608333333331 ], [ 4.017341666666667, 46.412213888888886 ], [ 4.007830555555556, 46.422888888888885 ], [ 4.009727777777778, 46.423577777777773 ], [ 4.015836111111111, 46.41655 ], [ 4.023083333333333, 46.408216666666668 ], [ 4.024947222222222, 46.408988888888885 ], [ 4.024630555555555, 46.410438888888891 ], [ 4.027013888888889, 46.410708333333332 ], [ 4.027977777777778, 46.406372222222224 ], [ 4.022486111111111, 46.406608333333331 ] ] ] } },
{ "type": "Feature", "properties": { "fir": "LFMM", "identifier": "LFMM:SALON CTA 1:017-045", "name": "SALON CTA 1", "level_lower": 17, "level_upper": 45 }, "geometry": { "type": "Polygon", "coordinates": [ [ [ 4.993055555555555, 43.913888888888884 ], [ 5.038888888888889, 43.938888888888883 ], [ 5.210833333333333, 43.889166666666668 ], [ 5.273888888888889, 43.710277777777783 ], [ 5.325, 43.563888888888883 ], [ 5.216944444444445, 43.584166666666668 ], [ 5.214363888888889, 43.577713888888894 ], [ 5.207652777777778, 43.565986111111108 ], [ 5.198488888888889, 43.555163888888885 ], [ 5.187097222222222, 43.545511111111111 ], [ 5.173758333333334, 43.537272222222221 ], [ 5.158802777777778, 43.530641666666668 ], [ 5.142597222222222, 43.52578888888889 ], [ 5.125541666666666, 43.522827777777778 ], [ 5.120555555555555, 43.5225 ], [ 5.054166666666666, 43.581944444444446 ], [ 5.033333333333333, 43.65 ], [ 4.966666666666667, 43.772222222222219 ], [ 4.993055555555555, 43.913888888888884 ] ] ] } },
{ "type": "Feature", "properties": { "fir": "LFMM", "identifier": "LFMM:SALON CTA 2:030-075", "name": "SALON CTA 2", "level_lower": 30, "level_upper": 75 }, "geometry": { "type": "Polygon", "coordinates": [ [ [ 5.040277777777778, 43.995833333333337 ], [ 5.321111111111111, 43.980833333333337 ], [ 5.482777777777778, 43.581666666666671 ], [ 5.423055555555556, 43.586666666666666 ], [ 5.336388888888888, 43.562222222222218 ], [ 5.325, 43.563888888888883 ], [ 5.210833333333333, 43.889166666666668 ], [ 5.038888888888889, 43.938888888888883 ], [ 5.040277777777778, 43.995833333333337 ] ] ] } },
{ "type": "Feature", "properties": { "fir": "LFMM", "identifier": "LFMM:SALON CTA 3:045-065", "name": "SALON CTA 3", "level_lower": 45, "level_upper": 65 }, "geometry": { "type": "Polygon", "coordinates": [ [ [ 5.210833333333333, 43.889166666666668 ], [ 5.273888888888889, 43.710277777777783 ], [ 5.1, 43.710555555555558 ], [ 5.05, 43.833333333333336 ], [ 4.983888888888889, 43.861666666666665 ], [ 4.993055555555555, 43.913888888888884 ], [ 5.038888888888889, 43.938888888888883 ], [ 5.210833333333333, 43.889166666666668 ] ] ] } },
{ "type": "Feature", "properties": { "fir": "LFMM", "identifier": "LFMM:SALON CTR:000-025", "name": "SALON CTR", "level_lower": 0, "level_upper": 25 }, "geometry": { "type": "Polygon", "coordinates": [ [ [ 5.273888888888889, 43.710277777777783 ], [ 5.325, 43.563888888888883 ], [ 5.317777777777778, 43.565277777777773 ], [ 5.216988888888889, 43.584158333333335 ], [ 5.216405555555555, 43.582466666666669 ], [ 5.215747222222222, 43.580722222222228 ], [ 5.215036111111111, 43.578991666666667 ], [ 5.214272222222222, 43.577269444444447 ], [ 5.213455555555556, 43.575563888888894 ], [ 5.212586111111111, 43.573869444444448 ], [ 5.211663888888889, 43.572188888888896 ], [ 5.210691666666666, 43.570525 ], [ 5.209666666666667, 43.568877777777779 ], [ 5.208591666666667, 43.567244444444448 ], [ 5.207466666666667, 43.565630555555551 ], [ 5.206294444444445, 43.564038888888888 ], [ 5.205072222222222, 43.562461111111105 ], [ 5.203802777777778, 43.56090555555555 ], [ 5.202483333333333, 43.559372222222223 ], [ 5.201119444444444, 43.557858333333328 ], [ 5.199708333333334, 43.556369444444442 ], [ 5.198252777777778, 43.554902777777777 ], [ 5.19675, 43.553458333333332 ], [ 5.195205555555556, 43.552038888888887 ], [ 5.193616666666667, 43.550644444444444 ], [ 5.191986111111111, 43.549277777777775 ], [ 5.190313888888889, 43.547938888888886 ], [ 5.1886, 43.546625 ], [ 5.186847222222222, 43.545338888888885 ], [ 5.185055555555556, 43.544083333333333 ], [ 5.183225, 43.542855555555555 ], [ 5.181358333333334, 43.541658333333331 ], [ 5.179452777777778, 43.540491666666668 ], [ 5.177513888888889, 43.539355555555552 ], [ 5.175541666666667, 43.53825 ], [ 5.173533333333333, 43.537177777777778 ], [ 5.171494444444445, 43.536138888888885 ], [ 5.169425, 43.535130555555554 ], [ 5.167322222222222, 43.53415833333333 ], [ 5.165191666666667, 43.533219444444441 ], [ 5.163033333333334, 43.532316666666667 ], [ 5.160847222222222, 43.531447222222219 ], [ 5.158636111111112, 43.530613888888887 ], [ 5.156397222222223, 43.529816666666669 ], [ 5.154136111111112, 43.529055555555551 ], [ 5.151852777777778, 43.528330555555556 ], [ 5.149547222222223, 43.527644444444441 ], [ 5.147219444444445, 43.526994444444441 ], [ 5.144875, 43.526383333333335 ], [ 5.142511111111111, 43.52580833333333 ], [ 5.140130555555556, 43.525275 ], [ 5.137733333333334, 43.524777777777778 ], [ 5.135322222222222, 43.524316666666664 ], [ 5.132897222222222, 43.5239 ], [ 5.130461111111111, 43.523519444444446 ], [ 5.128013888888889, 43.523177777777775 ], [ 5.125555555555555, 43.522877777777779 ], [ 5.123088888888889, 43.522616666666664 ], [ 5.120613888888888, 43.522394444444444 ], [ 5.119291666666666, 43.522458333333333 ], [ 5.054166666666666, 43.581941666666673 ], [ 5.036666666666666, 43.639719444444445 ], [ 5.000277777777778, 43.710555555555558 ], [ 5.273888888888889, 43.710277777777783 ] ] ] } },
{ "type": "Feature", "properties": { "fir": "LFMM", "identifier": "LFMM:SALON CTR:000-002", "name": "SALON CTR", "level_lower": 0, "level_upper": 2 }, "geometry": { "type": "Polygon", "coordinates": [ [ [ 5.104877777777777, 43.617152777777775 ], [ 5.105747222222222, 43.615091666666665 ], [ 5.111366666666666, 43.614830555555557 ], [ 5.1187, 43.616586111111111 ], [ 5.120930555555555, 43.605880555555558 ], [ 5.119797222222222, 43.604675 ], [ 5.119627777777778, 43.6023 ], [ 5.114733333333333, 43.599522222222227 ], [ 5.115166666666666, 43.59791388888889 ], [ 5.112644444444444, 43.597241666666669 ], [ 5.102877777777778, 43.616838888888893 ], [ 5.104877777777777, 43.617152777777775 ] ] ] } },
{ "type": "Feature", "properties": { "fir": "LFMM", "identifier": "LFMM:SALON GND-E:000-002", "name": "SALON GND-E", "level_lower": 0, "level_upper": 2 }, "geometry": { "type": "Polygon", "coordinates": [ [ [ 5.10635, 43.617886111111112 ], [ 5.109969444444444, 43.616994444444444 ], [ 5.114697222222222, 43.617658333333331 ], [ 5.115830555555555, 43.620680555555559 ], [ 5.121883333333333, 43.619683333333334 ], [ 5.120652777777777, 43.616330555555557 ], [ 5.1187, 43.616586111111111 ], [ 5.111366666666666, 43.614830555555557 ], [ 5.105747222222222, 43.615091666666665 ], [ 5.104877777777777, 43.617152777777775 ], [ 5.10635, 43.617886111111112 ] ] ] } },
{ "type": "Feature", "properties": { "fir": "LFMM", "identifier": "LFMM:SALON GND-W:000-002", "name": "SALON GND-W", "level_lower": 0, "level_upper": 2 }, "geometry": { "type": "Polygon", "coordinates": [ [ [ 5.102877777777778, 43.616838888888893 ], [ 5.112644444444444, 43.597241666666669 ], [ 5.105866666666667, 43.595547222222223 ], [ 5.099041666666666, 43.611163888888889 ], [ 5.102877777777778, 43.616838888888893 ] ] ] } },
{ "type": "Feature", "properties": { "fir": "LFMM", "identifier": "LFMM:SOLENZARA CTR:000-001", "name": "SOLENZARA CTR", "level_lower": 0, "level_upper": 1 }, "geometry": { "type": "Polygon", "coordinates": [ [ [ 9.408569444444446, 41.93945 ], [ 9.409388888888889, 41.906713888888888 ], [ 9.404855555555557, 41.906641666666665 ], [ 9.403502777777778, 41.939305555555549 ], [ 9.408569444444446, 41.93945 ] ] ] } },
{ "type": "Feature", "properties": { "fir": "LFMM", "identifier": "LFMM:SOLENZARA GND:000-001", "name": "SOLENZARA GND", "level_lower": 0, "level_upper": 1 }, "geometry": { "type": "Polygon", "coordinates": [ [ [ 9.403502777777778, 41.939305555555549 ], [ 9.404855555555557, 41.906641666666665 ], [ 9.388452777777777, 41.906427777777779 ], [ 9.388211111111112, 41.93901944444444 ], [ 9.403502777777778, 41.939305555555549 ] ] ] } },
{ "type": "Feature", "properties": { "fir": "LFMM", "identifier": "LFMM:SOLENZARA RMZ:000-025", "name": "SOLENZARA RMZ", "level_lower": 0, "level_upper": 25 }, "geometry": { "type": "Polygon", "coordinates": [ [ [ 9.333330555555555, 42.057219444444442 ], [ 9.333133333333333, 42.057219444444442 ], [ 9.333622222222223, 42.061063888888889 ], [ 9.334508333333334, 42.06487222222222 ], [ 9.335791666666667, 42.068616666666671 ], [ 9.337458333333334, 42.072277777777778 ], [ 9.339502777777778, 42.075830555555562 ], [ 9.341911111111111, 42.079255555555562 ], [ 9.344666666666667, 42.082530555555557 ], [ 9.347761111111112, 42.085638888888894 ], [ 9.351166666666666, 42.088561111111112 ], [ 9.354866666666666, 42.091277777777783 ], [ 9.358838888888888, 42.093775 ], [ 9.363061111111112, 42.096036111111111 ], [ 9.367505555555557, 42.098047222222228 ], [ 9.37215, 42.0998 ], [ 9.376958333333334, 42.101277777777781 ], [ 9.381911111111112, 42.102475 ], [ 9.386969444444444, 42.103386111111114 ], [ 9.392111111111111, 42.104002777777779 ], [ 9.3973, 42.104325 ], [ 9.402505555555557, 42.104344444444443 ], [ 9.4077, 42.104066666666668 ], [ 9.41285, 42.103494444444443 ], [ 9.417925, 42.102625 ], [ 9.422891666666667, 42.101466666666667 ], [ 9.427725, 42.100027777777782 ], [ 9.432391666666666, 42.098316666666669 ], [ 9.436866666666667, 42.096341666666667 ], [ 9.441122222222223, 42.094113888888891 ], [ 9.445133333333333, 42.09165 ], [ 9.448875, 42.088963888888891 ], [ 9.452325, 42.086069444444448 ], [ 9.455461111111111, 42.082988888888892 ], [ 9.458269444444444, 42.079733333333337 ], [ 9.460727777777777, 42.076327777777784 ], [ 9.462825, 42.072791666666667 ], [ 9.464547222222221, 42.069147222222227 ], [ 9.465886111111111, 42.065413888888884 ], [ 9.466827777777779, 42.061613888888886 ], [ 9.467375, 42.057772222222219 ], [ 9.467219444444444, 42.057777777777773 ], [ 9.469441666666667, 41.856941666666671 ], [ 9.469605555555555, 41.856944444444444 ], [ 9.469238888888889, 41.85295555555556 ], [ 9.468447222222222, 41.849 ], [ 9.467233333333333, 41.845102777777782 ], [ 9.465605555555555, 41.84129166666667 ], [ 9.463575, 41.837591666666668 ], [ 9.461152777777777, 41.834022222222224 ], [ 9.458355555555555, 41.830608333333338 ], [ 9.455202777777776, 41.827372222222223 ], [ 9.451711111111111, 41.824336111111116 ], [ 9.447908333333334, 41.821513888888894 ], [ 9.443813888888888, 41.81892777777778 ], [ 9.439455555555556, 41.816594444444441 ], [ 9.434861111111111, 41.814527777777776 ], [ 9.43006111111111, 41.81274166666666 ], [ 9.425083333333333, 41.811247222222221 ], [ 9.419963888888889, 41.810052777777777 ], [ 9.414730555555556, 41.809169444444443 ], [ 9.409419444444445, 41.808597222222218 ], [ 9.404063888888889, 41.808344444444444 ], [ 9.3987, 41.808411111111106 ], [ 9.39336111111111, 41.808797222222218 ], [ 9.388077777777777, 41.8095 ], [ 9.382888888888889, 41.810513888888885 ], [ 9.377825, 41.811833333333333 ], [ 9.372916666666667, 41.813452777777776 ], [ 9.368197222222223, 41.815355555555556 ], [ 9.3637, 41.817536111111117 ], [ 9.359447222222222, 41.819975 ], [ 9.355469444444443, 41.822661111111117 ], [ 9.351794444444444, 41.825575 ], [ 9.348441666666668, 41.828697222222225 ], [ 9.345433333333334, 41.832008333333334 ], [ 9.342791666666667, 41.835488888888889 ], [ 9.340530555555556, 41.839116666666669 ], [ 9.338666666666667, 41.842866666666666 ], [ 9.337208333333335, 41.846716666666666 ], [ 9.336169444444446, 41.850638888888888 ], [ 9.335555555555556, 41.854613888888892 ], [ 9.335366666666667, 41.858611111111109 ], [ 9.335555555555556, 41.858611111111109 ], [ 9.333330555555555, 42.057219444444442 ] ] ] } },
{ "type": "Feature", "properties": { "fir": "LFMM", "identifier": "LFMM:ST1 UAC:115-145", "name": "ST1 UAC", "level_lower": 115, "level_upper": 145 }, "geometry": { "type": "Polygon", "coordinates": [ [ [ 5.366666666666666, 44.363888888888887 ], [ 5.6275, 44.158055555555556 ], [ 6.029722222222222, 43.943333333333328 ], [ 6.581752777777777, 43.643275 ], [ 6.505555555555556, 43.625 ], [ 6.341666666666667, 43.625 ], [ 6.320830555555555, 43.625 ], [ 6.222219444444445, 43.675 ], [ 6.222222222222222, 43.474444444444444 ], [ 6.341666666666667, 43.476388888888891 ], [ 6.487777777777778, 43.328888888888891 ], [ 6.487777777777778, 43.253602777777779 ], [ 6.487777777777778, 43.188875 ], [ 6.487777777777778, 43.1482 ], [ 6.266666666666667, 43.175 ], [ 6.2475, 43.175277777777772 ], [ 6.043330555555555, 43.175 ], [ 6.021036111111111, 43.175027777777778 ], [ 5.866666666666667, 43.175 ], [ 5.633330555555556, 43.033330555555551 ], [ 5.632716666666667, 43.076866666666668 ], [ 5.633330555555556, 43.166666666666664 ], [ 5.487777777777778, 43.166941666666666 ], [ 5.488986111111111, 43.350827777777781 ], [ 5.489441666666667, 43.420277777777777 ], [ 5.558330555555555, 43.413055555555552 ], [ 5.558330555555555, 43.536941666666664 ], [ 5.457530555555556, 43.642591666666668 ], [ 5.442777777777778, 43.680830555555552 ], [ 5.365277777777777, 43.871941666666665 ], [ 5.271941666666667, 44.094441666666668 ], [ 5.366666666666666, 44.363888888888887 ] ] ] } },
{ "type": "Feature", "properties": { "fir": "LFMM", "identifier": "LFMM:ST1 UAC:000-115", "name": "ST1 UAC", "level_lower": 0, "level_upper": 115 }, "geometry": { "type": "Polygon", "coordinates": [ [ [ 5.366666666666666, 44.363888888888887 ], [ 5.6275, 44.158055555555556 ], [ 6.029722222222222, 43.943333333333328 ], [ 6.581752777777777, 43.643275 ], [ 6.505555555555556, 43.625 ], [ 6.341666666666667, 43.625 ], [ 6.320830555555555, 43.625 ], [ 6.222219444444445, 43.675 ], [ 5.983330555555556, 43.625 ], [ 5.983330555555556, 43.470555555555556 ], [ 5.891111111111111, 43.485 ], [ 5.558330555555555, 43.536941666666664 ], [ 5.457530555555556, 43.642591666666668 ], [ 5.442777777777778, 43.680830555555552 ], [ 5.365277777777777, 43.871941666666665 ], [ 5.271941666666667, 44.094441666666668 ], [ 5.366666666666666, 44.363888888888887 ] ] ] } },
{ "type": "Feature", "properties": { "fir": "LFMM", "identifier": "LFMM:ST1 UAC:145-195", "name": "ST1 UAC", "level_lower": 145, "level_upper": 195 }, "geometry": { "type": "Polygon", "coordinates": [ [ [ 5.366666666666666, 44.363888888888887 ], [ 5.6275, 44.158055555555556 ], [ 6.029722222222222, 43.943333333333328 ], [ 6.581752777777777, 43.643275 ], [ 6.705830555555556, 43.575830555555562 ], [ 6.705830555555556, 43.307219444444442 ], [ 7.278888888888889, 43.252219444444442 ], [ 7.253330555555555, 42.867777777777775 ], [ 6.666666666666667, 42.833330555555555 ], [ 6.172777777777778, 42.731111111111112 ], [ 5.707777777777778, 43.085 ], [ 5.435833333333334, 43.407222222222224 ], [ 5.416944444444445, 43.468055555555559 ], [ 5.277777777777778, 43.95 ], [ 5.271941666666667, 44.094441666666668 ], [ 5.366666666666666, 44.363888888888887 ] ] ] } },
{ "type": "Feature", "properties": { "fir": "LFMM", "identifier": "LFMM:ST2 UAC:195-245", "name": "ST2 UAC", "level_lower": 195, "level_upper": 245 }, "geometry": { "type": "Polygon", "coordinates": [ [ [ 5.366666666666666, 44.363888888888887 ], [ 5.6275, 44.158055555555556 ], [ 6.029722222222222, 43.943333333333328 ], [ 6.581752777777777, 43.643275 ], [ 6.705830555555556, 43.575830555555562 ], [ 6.705830555555556, 43.307219444444442 ], [ 7.278888888888889, 43.252219444444442 ], [ 7.253330555555555, 42.867777777777775 ], [ 6.666666666666667, 42.833330555555555 ], [ 6.172777777777778, 42.731111111111112 ], [ 5.707777777777778, 43.085 ], [ 5.435833333333334, 43.407222222222224 ], [ 5.416944444444445, 43.468055555555559 ], [ 5.277777777777778, 43.95 ], [ 5.271941666666667, 44.094441666666668 ], [ 5.366666666666666, 44.363888888888887 ] ] ] } },
{ "type": "Feature", "properties": { "fir": "LFMM", "identifier": "LFMM:TOULON CTA 1.1:000-035", "name": "TOULON CTA 1.1", "level_lower": 0, "level_upper": 35 }, "geometry": { "type": "Polygon", "coordinates": [ [ [ 6.043330555555555, 43.175 ], [ 6.041372222222222, 43.173958333333331 ], [ 6.039858333333333, 43.172861111111111 ], [ 6.038363888888889, 43.171744444444442 ], [ 6.036894444444444, 43.170616666666668 ], [ 6.035444444444444, 43.169469444444445 ], [ 6.034019444444445, 43.168311111111109 ], [ 6.032616666666667, 43.167136111111105 ], [ 6.031236111111111, 43.165947222222222 ], [ 6.029880555555556, 43.164741666666664 ], [ 6.028547222222223, 43.163525 ], [ 6.027238888888889, 43.162294444444441 ], [ 6.025955555555555, 43.16105 ], [ 6.024697222222223, 43.159791666666663 ], [ 6.023175, 43.158216666666668 ], [ 6.022252777777778, 43.157236111111111 ], [ 6.021066666666667, 43.15593888888889 ], [ 6.019911111111111, 43.154630555555556 ], [ 6.018777777777777, 43.153311111111108 ], [ 6.017669444444445, 43.151977777777773 ], [ 6.016588888888889, 43.150633333333332 ], [ 6.015536111111111, 43.149277777777776 ], [ 6.014508333333334, 43.147913888888887 ], [ 6.013508333333333, 43.146536111111111 ], [ 6.012536111111111, 43.14515 ], [ 6.011588888888889, 43.143752777777777 ], [ 6.010669444444445, 43.142344444444447 ], [ 6.009780555555555, 43.140930555555556 ], [ 6.008916666666667, 43.139505555555552 ], [ 6.008083333333333, 43.13807222222222 ], [ 6.007277777777777, 43.136627777777775 ], [ 6.0065, 43.135177777777777 ], [ 6.00575, 43.133719444444445 ], [ 6.005027777777777, 43.132252777777779 ], [ 6.004336111111111, 43.13077777777778 ], [ 6.003672222222222, 43.1293 ], [ 6.003038888888889, 43.127811111111114 ], [ 6.002433333333333, 43.126316666666668 ], [ 6.001858333333334, 43.124816666666668 ], [ 6.001313888888889, 43.123311111111114 ], [ 6.000797222222222, 43.1218 ], [ 6.000311111111111, 43.120280555555553 ], [ 5.999852777777778, 43.118761111111112 ], [ 5.999427777777778, 43.117233333333331 ], [ 5.999030555555556, 43.115702777777777 ], [ 5.998663888888889, 43.114166666666669 ], [ 5.998325, 43.112630555555555 ], [ 5.998019444444444, 43.111088888888894 ], [ 5.997741666666666, 43.109541666666665 ], [ 5.997497222222222, 43.107994444444444 ], [ 5.997280555555555, 43.106444444444449 ], [ 5.997094444444445, 43.104894444444447 ], [ 5.996941666666666, 43.103338888888892 ], [ 5.996816666666667, 43.10178611111111 ], [ 5.996722222222222, 43.100227777777782 ], [ 5.996666666666667, 43.098669444444447 ], [ 5.996625, 43.097113888888892 ], [ 5.996622222222222, 43.095555555555556 ], [ 5.99665, 43.093997222222228 ], [ 5.996711111111111, 43.092438888888893 ], [ 5.9968, 43.090883333333338 ], [ 5.996916666666666, 43.089327777777783 ], [ 5.997066666666667, 43.087775 ], [ 5.99725, 43.086222222222226 ], [ 5.997458333333333, 43.084672222222224 ], [ 5.9977, 43.083125 ], [ 5.997969444444444, 43.081577777777781 ], [ 5.998272222222222, 43.080036111111113 ], [ 5.998602777777778, 43.078497222222225 ], [ 5.998966666666667, 43.076961111111117 ], [ 5.999358333333333, 43.075430555555556 ], [ 5.999777777777778, 43.073902777777782 ], [ 6.000230555555556, 43.072380555555561 ], [ 6.000711111111111, 43.070863888888894 ], [ 6.001222222222222, 43.06935 ], [ 6.001763888888889, 43.067841666666673 ], [ 5.906941666666667, 43.000830555555552 ], [ 5.961388888888889, 42.946111111111108 ], [ 6.249441666666667, 42.946388888888883 ], [ 6.395830555555556, 43.08 ], [ 6.368611111111111, 43.106111111111112 ], [ 6.309319444444444, 43.139963888888886 ], [ 6.2475, 43.175277777777772 ], [ 6.266666666666667, 43.175 ], [ 6.487777777777778, 43.1482 ], [ 6.487777777777778, 43.1375 ], [ 6.55, 43.136666666666663 ], [ 6.666666666666667, 43.06666666666667 ], [ 6.666666666666667, 42.833330555555555 ], [ 6.666666666666667, 42.666666666666664 ], [ 6.253636111111111, 42.668855555555552 ], [ 5.633330555555556, 42.666666666666664 ], [ 5.633330555555556, 43.033330555555551 ], [ 5.866666666666667, 43.175 ], [ 6.021036111111111, 43.175027777777778 ], [ 6.043330555555555, 43.175 ] ] ] } },
{ "type": "Feature", "properties": { "fir": "LFMM", "identifier": "LFMM:TOULON CTA 1.2:035-125", "name": "TOULON CTA 1.2", "level_lower": 35, "level_upper": 125 }, "geometry": { "type": "Polygon", "coordinates": [ [ [ 5.866666666666667, 43.175 ], [ 6.021036111111111, 43.175027777777778 ], [ 6.043330555555555, 43.175 ], [ 6.2475, 43.175277777777772 ], [ 6.266666666666667, 43.175 ], [ 6.487777777777778, 43.1482 ], [ 6.541666666666667, 43.141666666666666 ], [ 6.55, 43.136666666666663 ], [ 6.666666666666667, 43.06666666666667 ], [ 6.666666666666667, 42.833330555555555 ], [ 6.666666666666667, 42.666666666666664 ], [ 6.253636111111111, 42.668855555555552 ], [ 5.633330555555556, 42.666666666666664 ], [ 5.633330555555556, 43.033330555555551 ], [ 5.866666666666667, 43.175 ] ] ] } },
{ "type": "Feature", "properties": { "fir": "LFMM", "identifier": "LFMM:TOULON CTA 1.3:125-195", "name": "TOULON CTA 1.3", "level_lower": 125, "level_upper": 195 }, "geometry": { "type": "Polygon", "coordinates": [ [ [ 5.866666666666667, 43.175 ], [ 6.021036111111111, 43.175027777777778 ], [ 6.043330555555555, 43.175 ], [ 6.2475, 43.175277777777772 ], [ 6.266666666666667, 43.175 ], [ 6.487777777777778, 43.1482 ], [ 6.541666666666667, 43.141666666666666 ], [ 6.55, 43.136666666666663 ], [ 6.666666666666667, 43.06666666666667 ], [ 6.666666666666667, 42.833330555555555 ], [ 6.666666666666667, 42.666666666666664 ], [ 6.253636111111111, 42.668855555555552 ], [ 5.633330555555556, 42.666666666666664 ], [ 5.633330555555556, 43.033330555555551 ], [ 5.866666666666667, 43.175 ] ] ] } },
{ "type": "Feature", "properties": { "fir": "LFMM", "identifier": "LFMM:VALENCE RMZ:000-025", "name": "VALENCE RMZ", "level_lower": 0, "level_upper": 25 }, "geometry": { "type": "Polygon", "coordinates": [ [ [ 5.028788888888889, 44.854738888888889 ], [ 5.028897222222223, 44.854755555555556 ], [ 5.0275, 44.850952777777778 ], [ 5.025686111111111, 44.847236111111116 ], [ 5.023466666666667, 44.843633333333337 ], [ 5.020855555555555, 44.840163888888888 ], [ 5.017872222222223, 44.83685 ], [ 5.014530555555556, 44.833713888888894 ], [ 5.010855555555556, 44.830769444444449 ], [ 5.006863888888889, 44.828041666666671 ], [ 5.002586111111111, 44.825541666666673 ], [ 4.998044444444444, 44.823286111111116 ], [ 4.993269444444445, 44.821288888888894 ], [ 4.988288888888889, 44.819566666666667 ], [ 4.983130555555555, 44.818122222222229 ], [ 4.977830555555555, 44.816969444444446 ], [ 4.972422222222223, 44.816116666666666 ], [ 4.966933333333333, 44.815563888888889 ], [ 4.961402777777778, 44.815319444444441 ], [ 4.955861111111111, 44.815380555555549 ], [ 4.950341666666667, 44.815752777777774 ], [ 4.944883333333333, 44.816427777777776 ], [ 4.939513888888889, 44.817402777777779 ], [ 4.934269444444444, 44.818672222222226 ], [ 4.929180555555556, 44.820230555555561 ], [ 4.924277777777778, 44.822066666666672 ], [ 4.919594444444445, 44.824169444444451 ], [ 4.915155555555556, 44.826525 ], [ 4.910991666666667, 44.829119444444444 ], [ 4.907125, 44.831938888888892 ], [ 4.903580555555556, 44.834963888888893 ], [ 4.900383333333334, 44.838175 ], [ 4.89755, 44.841555555555558 ], [ 4.895094444444444, 44.845080555555555 ], [ 4.893038888888888, 44.848730555555555 ], [ 4.891391666666666, 44.852486111111112 ], [ 4.890166666666667, 44.856319444444445 ], [ 4.889366666666666, 44.860211111111113 ], [ 4.888997222222222, 44.864133333333335 ], [ 4.889063888888888, 44.868063888888891 ], [ 4.889566666666666, 44.87198055555556 ], [ 4.889844444444444, 44.871977777777779 ], [ 4.902905555555556, 44.922455555555551 ], [ 4.903911111111111, 44.926244444444443 ], [ 4.905325, 44.929969444444446 ], [ 4.907141666666667, 44.933602777777772 ], [ 4.909347222222222, 44.937127777777775 ], [ 4.911930555555556, 44.940525 ], [ 4.914875, 44.943766666666662 ], [ 4.918163888888889, 44.946841666666664 ], [ 4.921777777777778, 44.949727777777774 ], [ 4.925694444444445, 44.952405555555558 ], [ 4.929891666666667, 44.954863888888895 ], [ 4.934341666666667, 44.95708888888889 ], [ 4.939022222222222, 44.959061111111112 ], [ 4.943905555555556, 44.960775 ], [ 4.948958333333334, 44.96221388888889 ], [ 4.954155555555555, 44.963377777777779 ], [ 4.959461111111112, 44.96425277777778 ], [ 4.96485, 44.964836111111111 ], [ 4.970283333333334, 44.965125 ], [ 4.975730555555556, 44.965113888888894 ], [ 4.981163888888889, 44.964808333333337 ], [ 4.986547222222223, 44.964208333333339 ], [ 4.991847222222222, 44.963316666666671 ], [ 4.997036111111111, 44.962138888888894 ], [ 5.002080555555556, 44.960680555555555 ], [ 5.006952777777777, 44.958952777777782 ], [ 5.011619444444444, 44.956963888888893 ], [ 5.016055555555556, 44.954725 ], [ 5.020238888888889, 44.95225277777778 ], [ 5.024138888888888, 44.949561111111109 ], [ 5.027730555555555, 44.946663888888885 ], [ 5.031, 44.943580555555549 ], [ 5.033925, 44.940327777777775 ], [ 5.036486111111111, 44.936925 ], [ 5.038666666666667, 44.933391666666665 ], [ 5.040461111111111, 44.92975 ], [ 5.041852777777778, 44.926022222222223 ], [ 5.042833333333333, 44.922230555555551 ], [ 5.0434, 44.918394444444445 ], [ 5.04355, 44.914541666666665 ], [ 5.0432, 44.914541666666665 ], [ 5.028788888888889, 44.854738888888889 ] ] ] } },
{ "type": "Feature", "properties": { "fir": "LFMM", "identifier": "LFMM:W1 1 UAC:195-245", "name": "W1 1 UAC", "level_lower": 195, "level_upper": 245 }, "geometry": { "type": "Polygon", "coordinates": [ [ [ 4.491663888888889, 45.358333333333334 ], [ 4.858888888888888, 45.207222222222228 ], [ 5.310833333333333, 45.196388888888883 ], [ 5.495555555555556, 44.987777777777779 ], [ 5.336388888888888, 44.87 ], [ 5.352222222222222, 44.666666666666664 ], [ 5.366111111111111, 44.538333333333334 ], [ 5.362566666666666, 44.522166666666664 ], [ 5.366666666666666, 44.363888888888887 ], [ 5.271941666666667, 44.094441666666668 ], [ 5.277777777777778, 43.95 ], [ 5.083333333333333, 43.583333333333336 ], [ 4.566666666666666, 43.583333333333336 ], [ 4.006388888888889, 43.811388888888885 ], [ 4.116666666666666, 43.95 ], [ 4.221941666666667, 44.085 ], [ 4.273608333333334, 44.431666666666665 ], [ 3.369166666666667, 44.858888888888892 ], [ 4.491663888888889, 45.358333333333334 ] ] ] } },
{ "type": "Feature", "properties": { "fir": "LFMM", "identifier": "LFMM:W1 2 UAC:245-305", "name": "W1 2 UAC", "level_lower": 245, "level_upper": 305 }, "geometry": { "type": "Polygon", "coordinates": [ [ [ 4.116663888888889, 43.95 ], [ 4.221941666666667, 44.085 ], [ 4.273611111111111, 44.431663888888885 ], [ 3.369166666666667, 44.858888888888892 ], [ 4.491663888888889, 45.358333333333334 ], [ 4.726111111111111, 45.268611111111113 ], [ 4.858888888888888, 45.207222222222228 ], [ 5.310833333333333, 45.196388888888883 ], [ 5.495555555555556, 44.987777777777779 ], [ 5.336388888888888, 44.87 ], [ 5.041666666666667, 44.65 ], [ 5.175, 43.95 ], [ 4.116663888888889, 43.95 ] ] ] } },
{ "type": "Feature", "properties": { "fir": "LFMM", "identifier": "LFMM:W2 UAC:305-355", "name": "W2 UAC", "level_lower": 305, "level_upper": 355 }, "geometry": { "type": "Polygon", "coordinates": [ [ [ 4.116663888888889, 43.95 ], [ 4.221941666666667, 44.085 ], [ 4.273611111111111, 44.431663888888885 ], [ 3.369166666666667, 44.858888888888892 ], [ 4.491663888888889, 45.358333333333334 ], [ 4.726111111111111, 45.268611111111113 ], [ 4.858888888888888, 45.207222222222228 ], [ 5.310833333333333, 45.196388888888883 ], [ 5.495555555555556, 44.987777777777779 ], [ 5.336388888888888, 44.87 ], [ 5.041666666666667, 44.65 ], [ 5.175, 43.95 ], [ 4.116663888888889, 43.95 ] ] ] } },
{ "type": "Feature", "properties": { "fir": "LFMM", "identifier": "LFMM:W3 UAC:355-660", "name": "W3 UAC", "level_lower": 355, "level_upper": 660 }, "geometry": { "type": "Polygon", "coordinates": [ [ [ 4.116663888888889, 43.95 ], [ 4.221941666666667, 44.085 ], [ 4.273611111111111, 44.431663888888885 ], [ 3.369166666666667, 44.858888888888892 ], [ 4.491663888888889, 45.358333333333334 ], [ 4.726111111111111, 45.268611111111113 ], [ 4.858888888888888, 45.207222222222228 ], [ 5.310833333333333, 45.196388888888883 ], [ 5.495555555555556, 44.987777777777779 ], [ 5.336388888888888, 44.87 ], [ 5.041666666666667, 44.65 ], [ 5.175, 43.95 ], [ 4.116663888888889, 43.95 ] ] ] } },
{ "type": "Feature", "properties": { "fir": "LFMM", "identifier": "LFMM:Y1 UAC:245-305", "name": "Y1 UAC", "level_lower": 245, "level_upper": 305 }, "geometry": { "type": "Polygon", "coordinates": [ [ [ 6.662497222222223, 44.990277777777777 ], [ 6.285, 44.365277777777777 ], [ 6.14, 44.538333333333334 ], [ 5.772777777777778, 44.972777777777779 ], [ 5.495555555555556, 44.987777777777779 ], [ 5.310833333333333, 45.196388888888883 ], [ 4.858888888888888, 45.207222222222228 ], [ 4.726111111111111, 45.268611111111113 ], [ 4.9825, 45.498333333333335 ], [ 5.826938888888889, 46.020352777777774 ], [ 6.05, 45.85 ], [ 6.096555555555555, 45.80640833333333 ], [ 6.132441666666666, 45.772211111111112 ], [ 6.230555555555556, 45.680277777777775 ], [ 6.259761111111112, 45.652891666666662 ], [ 6.333333333333333, 45.583333333333336 ], [ 6.339722222222222, 45.572222222222223 ], [ 6.399172222222223, 45.465811111111115 ], [ 6.662497222222223, 44.990277777777777 ] ] ] } },
{ "type": "Feature", "properties": { "fir": "LFMM", "identifier": "LFMM:Y2 UAC:305-355", "name": "Y2 UAC", "level_lower": 305, "level_upper": 355 }, "geometry": { "type": "Polygon", "coordinates": [ [ [ 6.662497222222223, 44.990277777777777 ], [ 6.285, 44.365277777777777 ], [ 6.14, 44.538333333333334 ], [ 5.772777777777778, 44.972777777777779 ], [ 5.495555555555556, 44.987777777777779 ], [ 5.310833333333333, 45.196388888888883 ], [ 4.858888888888888, 45.207222222222228 ], [ 4.726111111111111, 45.268611111111113 ], [ 4.9825, 45.498333333333335 ], [ 5.826938888888889, 46.020352777777774 ], [ 6.05, 45.85 ], [ 6.096555555555555, 45.80640833333333 ], [ 6.132441666666666, 45.772211111111112 ], [ 6.230555555555556, 45.680277777777775 ], [ 6.259761111111112, 45.652891666666662 ], [ 6.333333333333333, 45.583333333333336 ], [ 6.339722222222222, 45.572222222222223 ], [ 6.399172222222223, 45.465811111111115 ], [ 6.662497222222223, 44.990277777777777 ] ] ] } },
{ "type": "Feature", "properties": { "fir": "LFMM", "identifier": "LFMM:Y3 UAC:355-375", "name": "Y3 UAC", "level_lower": 355, "level_upper": 375 }, "geometry": { "type": "Polygon", "coordinates": [ [ [ 6.662497222222223, 44.990277777777777 ], [ 6.285, 44.365277777777777 ], [ 6.14, 44.538333333333334 ], [ 5.772777777777778, 44.972777777777779 ], [ 5.495555555555556, 44.987777777777779 ], [ 5.310833333333333, 45.196388888888883 ], [ 4.858888888888888, 45.207222222222228 ], [ 4.726111111111111, 45.268611111111113 ], [ 4.9825, 45.498333333333335 ], [ 5.826938888888889, 46.020352777777774 ], [ 6.05, 45.85 ], [ 6.096555555555555, 45.80640833333333 ], [ 6.132441666666666, 45.772211111111112 ], [ 6.230555555555556, 45.680277777777775 ], [ 6.259761111111112, 45.652891666666662 ], [ 6.333333333333333, 45.583333333333336 ], [ 6.339722222222222, 45.572222222222223 ], [ 6.399172222222223, 45.465811111111115 ], [ 6.662497222222223, 44.990277777777777 ] ] ] } },
{ "type": "Feature", "properties": { "fir": "LFMM", "identifier": "LFMM:Y4 UAC:375-660", "name": "Y4 UAC", "level_lower": 375, "level_upper": 660 }, "geometry": { "type": "Polygon", "coordinates": [ [ [ 6.662497222222223, 44.990277777777777 ], [ 6.285, 44.365277777777777 ], [ 6.14, 44.538333333333334 ], [ 5.772777777777778, 44.972777777777779 ], [ 5.495555555555556, 44.987777777777779 ], [ 5.310833333333333, 45.196388888888883 ], [ 4.858888888888888, 45.207222222222228 ], [ 4.726111111111111, 45.268611111111113 ], [ 4.9825, 45.498333333333335 ], [ 5.826938888888889, 46.020352777777774 ], [ 6.05, 45.85 ], [ 6.096555555555555, 45.80640833333333 ], [ 6.132441666666666, 45.772211111111112 ], [ 6.230555555555556, 45.680277777777775 ], [ 6.259761111111112, 45.652891666666662 ], [ 6.333333333333333, 45.583333333333336 ], [ 6.339722222222222, 45.572222222222223 ], [ 6.399172222222223, 45.465811111111115 ], [ 6.662497222222223, 44.990277777777777 ] ] ] } },
{ "type": "Feature", "properties": { "fir": "LFMM", "identifier": "LFMM:ZH UAC:355-660", "name": "ZH UAC", "level_lower": 355, "level_upper": 660 }, "geometry": { "type": "Polygon", "coordinates": [ [ [ 4.666666666666667, 40.031108333333336 ], [ 5.502777777777778, 40.398888888888891 ], [ 6.326944444444444, 40.50888888888889 ], [ 6.495, 40.706111111111113 ], [ 8.0, 40.744997222222224 ], [ 8.0, 40.35 ], [ 8.004072222222222, 39.998875 ], [ 8.000280555555555, 39.212838888888889 ], [ 8.0, 39.0 ], [ 5.0, 39.0 ], [ 4.666666666666667, 39.0 ], [ 4.666666666666667, 39.716666666666669 ], [ 4.666666666666667, 39.98972222222222 ], [ 4.666666666666667, 40.031108333333336 ] ] ] } },
{ "type": "Feature", "properties": { "fir": "LFMM", "identifier": "LFMM:ZL1 UAC:000-195", "name": "ZL1 UAC", "level_lower": 0, "level_upper": 195 }, "geometry": { "type": "Polygon", "coordinates": [ [ [ 4.666666666666667, 40.031108333333336 ], [ 5.502777777777778, 40.398888888888891 ], [ 6.326944444444444, 40.50888888888889 ], [ 6.495, 40.706111111111113 ], [ 8.0, 40.744997222222224 ], [ 8.0, 40.35 ], [ 8.004072222222222, 39.998875 ], [ 8.000280555555555, 39.212838888888889 ], [ 8.0, 39.0 ], [ 5.0, 39.0 ], [ 4.666666666666667, 39.0 ], [ 4.666666666666667, 39.716666666666669 ], [ 4.666666666666667, 39.98972222222222 ], [ 4.666666666666667, 40.031108333333336 ] ] ] } },
{ "type": "Feature", "properties": { "fir": "LFMM", "identifier": "LFMM:ZL2 UAC:195-355", "name": "ZL2 UAC", "level_lower": 195, "level_upper": 355 }, "geometry": { "type": "Polygon", "coordinates": [ [ [ 4.666666666666667, 40.031108333333336 ], [ 5.502777777777778, 40.398888888888891 ], [ 6.326944444444444, 40.50888888888889 ], [ 6.495, 40.706111111111113 ], [ 8.0, 40.744997222222224 ], [ 8.0, 40.35 ], [ 8.004072222222222, 39.998875 ], [ 8.000280555555555, 39.212838888888889 ], [ 8.0, 39.0 ], [ 5.0, 39.0 ], [ 4.666666666666667, 39.0 ], [ 4.666666666666667, 39.716666666666669 ], [ 4.666666666666667, 39.98972222222222 ], [ 4.666666666666667, 40.031108333333336 ] ] ] } }
]
}
