{"type":"FeatureCollection","headerFile":{"software":"(aixmParser v2.26.4) ","created":"2026-05-17T14:46:23.656100","content":"airspaces-all","allMap":true,"numberOfAreas":4549,"srcFiles":{"1":{"srcAixmFile":"..\\tst\\AIXM4.5_all_FR_OM_2026-05-14.xml","srcAixmOrigin":"Sia-France","srcAixmVersion":"4.5","srcAixmCreated":"2026-03-23T19:09:15.593+01:00","srcAixmEffective":"2026-05-14T00:00:00.000+02:00"}}},"features":[{"type":"Feature","properties":{"name":"237","nameV":"Q 237","class":"Q","type":"Q","lower":"SFC","lowerM":0,"upper":"1000FT AGL","ordinalUpperM":304,"upperM":304,"groundEstimatedHeight":[0,0,0,0],"desc":"Activity known on Avord APP 119.700 MHz","activationCode":"HX","activationDesc":"MON-FRI except public HOL: Possible activation H24","UId":"1562333","id":"LFD237","stroke":"#f07800","stroke-width":2,"stroke-opacity":0.8,"fill":"#f07800","fill-opacity":0.3},"geometry":{"type":"Polygon","coordinates":[[[3.07774,47.290556],[3.077655,47.291277],[3.077399,47.29198],[3.076981,47.292646],[3.076411,47.293257],[3.075704,47.293799],[3.074877,47.294257],[3.073953,47.294618],[3.072956,47.294875],[3.07191,47.29502],[3.070844,47.295049],[3.069785,47.294962],[3.06876,47.29476],[3.067796,47.29445],[3.066918,47.294039],[3.066149,47.293538],[3.065508,47.292959],[3.065012,47.292318],[3.064674,47.291632],[3.064503,47.290918],[3.064503,47.290194],[3.064674,47.28948],[3.065012,47.288793],[3.065508,47.288153],[3.066149,47.287574],[3.066919,47.287073],[3.067797,47.286662],[3.06876,47.286352],[3.069785,47.28615],[3.070844,47.286063],[3.07191,47.286092],[3.072955,47.286237],[3.073953,47.286494],[3.074877,47.286855],[3.075703,47.287313],[3.076411,47.287855],[3.076981,47.288466],[3.077399,47.289132],[3.077654,47.289835],[3.07774,47.290556]]]}},{"type":"Feature","properties":{"name":"244","nameV":"Q 244","class":"Q","type":"Q","lower":"SFC","lowerM":0,"upper":"2000FT AMSL","upperM":609,"desc":"Flying stones.","activationCode":"HJ","activationDesc":"MON-FRI except public HOL: SR- SS","UId":"1565649","id":"LFD244","stroke":"#f07800","stroke-width":2,"stroke-opacity":0.8,"fill":"#f07800","fill-opacity":0.3},"geometry":{"type":"Polygon","coordinates":[[[-0.2775,48.155],[-0.231389,48.166111],[-0.229722,48.155833],[-0.273056,48.146111],[-0.2775,48.155]]]}},{"type":"Feature","properties":{"name":"588","nameV":"Q 588","class":"Q","type":"Q","lower":"SFC","lowerM":0,"upper":"2500FT AMSL","upperM":762,"desc":"Invisible hydrogen flame in daylight. Possible launching without notice.","activationCode":"H24","activationDesc":"H24.","UId":"1562549","id":"LFD588","stroke":"#f07800","stroke-width":2,"stroke-opacity":0.8,"fill":"#f07800","fill-opacity":0.3},"geometry":{"type":"Polygon","coordinates":[[[1.564007,49.122216],[1.563516,49.126223],[1.562049,49.130128],[1.559643,49.133827],[1.55636,49.137226],[1.552287,49.140237],[1.547528,49.142781],[1.542206,49.144792],[1.536459,49.146218],[1.530437,49.147023],[1.524295,49.147185],[1.518193,49.1467],[1.51229,49.145581],[1.506737,49.143856],[1.50168,49.141572],[1.497249,49.138785],[1.49356,49.13557],[1.490706,49.132009],[1.488763,49.128195],[1.487781,49.124226],[1.487784,49.120205],[1.488772,49.116237],[1.49072,49.112424],[1.493577,49.108865],[1.497269,49.105652],[1.501699,49.102867],[1.506754,49.100584],[1.512303,49.098862],[1.518201,49.097743],[1.524297,49.097259],[1.530432,49.097421],[1.536449,49.098225],[1.542191,49.09965],[1.54751,49.101659],[1.552268,49.104201],[1.556342,49.10721],[1.559627,49.110607],[1.562037,49.114305],[1.56351,49.118208],[1.564007,49.122216]]]}},{"type":"Feature","properties":{"name":"59","nameV":"Q 59","class":"Q","type":"Q","lower":"SFC","lowerM":0,"upper":"1000FT AGL","ordinalUpperM":304,"upperM":304,"groundEstimatedHeight":[0,0,0,0],"activationCode":"HX","activationDesc":"Active H24 MON-FRI except public HOL.","UId":"1562551","id":"LFD59","stroke":"#f07800","stroke-width":2,"stroke-opacity":0.8,"fill":"#f07800","fill-opacity":0.3},"geometry":{"type":"Polygon","coordinates":[[[1.711427,43.216666],[1.711279,43.218002],[1.710839,43.219304],[1.710119,43.220537],[1.709136,43.221669],[1.707917,43.222673],[1.706492,43.22352],[1.704899,43.224191],[1.70318,43.224666],[1.701378,43.224934],[1.69954,43.224988],[1.697714,43.224826],[1.695947,43.224453],[1.694286,43.223879],[1.692772,43.223117],[1.691446,43.222189],[1.690341,43.221117],[1.689487,43.219931],[1.688905,43.218659],[1.68861,43.217337],[1.68861,43.215996],[1.688905,43.214674],[1.689488,43.213402],[1.690343,43.212216],[1.691447,43.211144],[1.692774,43.210216],[1.694287,43.209455],[1.695948,43.20888],[1.697715,43.208508],[1.69954,43.208346],[1.701377,43.2084],[1.703179,43.208668],[1.704898,43.209143],[1.706491,43.209813],[1.707915,43.210661],[1.709135,43.211664],[1.710118,43.212796],[1.710839,43.214029],[1.711279,43.215331],[1.711427,43.216666]]]}},{"type":"Feature","properties":{"name":"595","nameV":"Q 595","class":"Q","type":"Q","lower":"SFC","lowerM":0,"upper":"FL195","upperM":5943,"activationCode":"H24","UId":"1562465","id":"LFD595","stroke":"#f07800","stroke-width":2,"stroke-opacity":0.8,"fill":"#f07800","fill-opacity":0.3},"geometry":{"type":"Polygon","coordinates":[[[5.727488,43.93111],[5.727326,43.932553],[5.726845,43.933958],[5.726058,43.93529],[5.724984,43.936513],[5.723651,43.937597],[5.722095,43.938512],[5.720354,43.939236],[5.718475,43.939749],[5.716505,43.940039],[5.714497,43.940097],[5.712502,43.939922],[5.710571,43.93952],[5.708755,43.938899],[5.707101,43.938077],[5.705652,43.937074],[5.704445,43.935917],[5.703511,43.934635],[5.702875,43.933263],[5.702553,43.931834],[5.702553,43.930387],[5.702876,43.928958],[5.703512,43.927585],[5.704446,43.926304],[5.705654,43.925147],[5.707103,43.924145],[5.708757,43.923322],[5.710572,43.922702],[5.712503,43.9223],[5.714497,43.922125],[5.716505,43.922183],[5.718474,43.922473],[5.720353,43.922986],[5.722093,43.92371],[5.723649,43.924625],[5.724982,43.925708],[5.726056,43.926931],[5.726844,43.928263],[5.727326,43.929668],[5.727488,43.93111]]]}},{"type":"Feature","properties":{"name":"75","nameV":"Q 75","class":"Q","type":"Q","lower":"SFC","lowerM":0,"upper":"3000FT AGL","ordinalUpperM":914,"upperM":914,"groundEstimatedHeight":[0,0,0,0],"desc":"Possible onboard electric systems disruption","activationCode":"H24","UId":"1562447","id":"LFD75","stroke":"#f07800","stroke-width":2,"stroke-opacity":0.8,"fill":"#f07800","fill-opacity":0.3},"geometry":{"type":"Polygon","coordinates":[[[5.525233,47.348056],[5.525104,47.349138],[5.524721,47.350192],[5.524093,47.35119],[5.523237,47.352108],[5.522175,47.35292],[5.520934,47.353607],[5.519546,47.35415],[5.518048,47.354535],[5.516478,47.354752],[5.514877,47.354795],[5.513287,47.354665],[5.511748,47.354363],[5.5103,47.353897],[5.508981,47.35328],[5.507826,47.352528],[5.506864,47.351661],[5.506119,47.350699],[5.505612,47.34967],[5.505355,47.348598],[5.505355,47.347513],[5.505613,47.346441],[5.50612,47.345412],[5.506865,47.344451],[5.507827,47.343583],[5.508983,47.342831],[5.510301,47.342215],[5.511748,47.341749],[5.513287,47.341447],[5.514877,47.341317],[5.516478,47.34136],[5.518047,47.341577],[5.519545,47.341962],[5.520932,47.342505],[5.522173,47.343191],[5.523236,47.344004],[5.524092,47.344921],[5.52472,47.34592],[5.525104,47.346974],[5.525233,47.348056]]]}},{"type":"Feature","properties":{"name":"178","nameV":"Q 178","class":"Q","type":"Q","lower":"SFC","lowerM":0,"upper":"2300FT AMSL","upperM":701,"desc":"From SFC to 1300ft AMSL: constant activity From 1300ft AMSL to 2300ft AMSL: occasional activity Activity known on MURET TWR 123.2 and TOULOUSE APP.","activationCode":"HX","activationDesc":"MON-FRI except public HOL","UId":"1562261","id":"LFD178","stroke":"#f07800","stroke-width":2,"stroke-opacity":0.8,"fill":"#f07800","fill-opacity":0.3},"geometry":{"type":"Polygon","coordinates":[[[1.171476,43.473332],[1.171327,43.474668],[1.170885,43.47597],[1.170162,43.477203],[1.169175,43.478335],[1.16795,43.479339],[1.16652,43.480186],[1.16492,43.480857],[1.163193,43.481332],[1.161383,43.4816],[1.159538,43.481654],[1.157704,43.481492],[1.15593,43.481119],[1.154262,43.480545],[1.152742,43.479783],[1.15141,43.478855],[1.1503,43.477783],[1.149442,43.476597],[1.148858,43.475325],[1.148562,43.474003],[1.148562,43.472662],[1.148858,43.47134],[1.149443,43.470068],[1.150302,43.468882],[1.151411,43.46781],[1.152743,43.466882],[1.154263,43.466121],[1.155931,43.465546],[1.157705,43.465174],[1.159538,43.465012],[1.161383,43.465066],[1.163192,43.465334],[1.164919,43.465809],[1.166518,43.466479],[1.167949,43.467327],[1.169173,43.46833],[1.17016,43.469462],[1.170884,43.470695],[1.171327,43.471997],[1.171476,43.473332]]]}},{"type":"Feature","properties":{"name":"179","nameV":"Q 179","class":"Q","type":"Q","lower":"SFC","lowerM":0,"upper":"1650FT AMSL","upperM":502,"activationCode":"H24","UId":"1566463","id":"LFD179","stroke":"#f07800","stroke-width":2,"stroke-opacity":0.8,"fill":"#f07800","fill-opacity":0.3},"geometry":{"type":"Polygon","coordinates":[[[1.13954,43.579722],[1.13946,43.580443],[1.139221,43.581146],[1.138829,43.581812],[1.138296,43.582423],[1.137633,43.582965],[1.136859,43.583423],[1.135994,43.583784],[1.13506,43.584041],[1.134081,43.584186],[1.133083,43.584215],[1.132091,43.584128],[1.131132,43.583926],[1.130229,43.583616],[1.129407,43.583205],[1.128687,43.582704],[1.128087,43.582125],[1.127622,43.581484],[1.127306,43.580798],[1.127146,43.580084],[1.127146,43.57936],[1.127306,43.578646],[1.127623,43.577959],[1.128087,43.577319],[1.128687,43.57674],[1.129408,43.576239],[1.13023,43.575828],[1.131132,43.575518],[1.132091,43.575316],[1.133083,43.575229],[1.134081,43.575258],[1.13506,43.575403],[1.135994,43.57566],[1.136859,43.576021],[1.137633,43.576479],[1.138295,43.577021],[1.138829,43.577632],[1.139221,43.578298],[1.13946,43.579001],[1.13954,43.579722]]]}},{"type":"Feature","properties":{"name":"596 B","nameV":"Q 596 B (SeeNotam)","class":"Q","type":"Q","lower":"FL195","lowerM":5943,"upper":"FL285","upperM":8686,"desc":"Administrator: Observatory of Haute-Provence (OHP). Users attention is drawn towards the eyes threatening nature of laser shooting activity in this area. It is recommended not to enter it. Comply with the instructions provided by usual air traffic control services. Activity known on MARSEILLE ACC.","activationCode":"HX","activationDesc":"Activable par NOTAM selon protocole \\\\Activation by NOTAM according to protocol","UId":"16475106","id":"LFD596B","stroke":"#f07800","stroke-width":2,"stroke-opacity":0.8,"fill":"#f07800","fill-opacity":0.1},"geometry":{"type":"Polygon","coordinates":[[[5.679369,44.009783],[5.679281,44.009726],[5.683224,44.010553],[5.687208,44.011272],[5.691227,44.011882],[5.695275,44.012383],[5.699347,44.012773],[5.703436,44.013052],[5.707537,44.01322],[5.711644,44.013277],[5.71575,44.013222],[5.719852,44.013055],[5.723941,44.012777],[5.728013,44.012388],[5.732061,44.011889],[5.73608,44.01128],[5.740065,44.010562],[5.744009,44.009736],[5.747906,44.008804],[5.751752,44.007767],[5.75554,44.006626],[5.759266,44.005383],[5.762924,44.004039],[5.766508,44.002597],[5.770014,44.001059],[5.773437,43.999426],[5.776771,43.997702],[5.780012,43.995888],[5.783156,43.993988],[5.786198,43.992003],[5.789133,43.989937],[5.791958,43.987793],[5.794667,43.985574],[5.797259,43.983283],[5.799728,43.980923],[5.802071,43.978497],[5.804286,43.97601],[5.806368,43.973464],[5.808315,43.970863],[5.810124,43.968212],[5.811793,43.965513],[5.813319,43.96277],[5.8147,43.959988],[5.815934,43.957171],[5.817019,43.954322],[5.817954,43.951446],[5.818738,43.948546],[5.819369,43.945627],[5.819846,43.942693],[5.82017,43.939748],[5.820339,43.936797],[5.820353,43.933842],[5.820212,43.93089],[5.819917,43.927944],[5.819467,43.925007],[5.819172,43.925],[5.819172,43.925],[5.689656,43.925],[5.679369,44.009783]]]}},{"type":"Feature","properties":{"name":"596 C","nameV":"Q 596 C (SeeNotam)","class":"Q","type":"Q","lower":"FL285","lowerM":8686,"upper":"FL660","upperM":20116,"desc":"Administrator: Observatory of Haute-Provence (OHP). Users attention is drawn towards the eyes threatening nature of laser shooting activity in this area. It is recommended not to enter it. Comply with the instructions provided by usual air traffic control services. Activity known on MARSEILLE ACC.","activationCode":"HX","activationDesc":"Activable par NOTAM selon protocole \\\\Activation by NOTAM according to protocol","UId":"16475119","id":"LFD596C","stroke":"#f07800","stroke-width":2,"stroke-opacity":0.8,"fill":"#f07800","fill-opacity":0.1},"geometry":{"type":"Polygon","coordinates":[[[5.666778,44.113258],[5.666655,44.113126],[5.673891,44.113993],[5.68116,44.114709],[5.688455,44.115271],[5.69577,44.115681],[5.703098,44.115937],[5.710434,44.11604],[5.71777,44.115989],[5.725102,44.115784],[5.732422,44.115426],[5.739724,44.114915],[5.747002,44.114251],[5.75425,44.113434],[5.761462,44.112466],[5.768631,44.111348],[5.775752,44.11008],[5.782818,44.108663],[5.789823,44.107098],[5.796761,44.105388],[5.803627,44.103533],[5.810414,44.101535],[5.817116,44.099395],[5.823729,44.097116],[5.830246,44.0947],[5.836662,44.092148],[5.842972,44.089463],[5.849169,44.086646],[5.855249,44.083701],[5.861206,44.08063],[5.867036,44.077436],[5.872734,44.07412],[5.878294,44.070687],[5.883712,44.067138],[5.888984,44.063478],[5.894104,44.059709],[5.89907,44.055834],[5.903875,44.051857],[5.908517,44.04778],[5.912991,44.043609],[5.917294,44.039345],[5.921422,44.034993],[5.925371,44.030556],[5.929139,44.026039],[5.932721,44.021444],[5.936116,44.016777],[5.93932,44.01204],[5.94233,44.007238],[5.945145,44.002375],[5.947761,43.997455],[5.950177,43.992483],[5.95239,43.987462],[5.954399,43.982396],[5.956202,43.977291],[5.957797,43.97215],[5.959184,43.966978],[5.960361,43.961779],[5.961327,43.956558],[5.962081,43.951319],[5.962624,43.946066],[5.962953,43.940803],[5.96307,43.935537],[5.962974,43.93027],[5.962666,43.925007],[5.961981,43.925],[5.961981,43.925],[5.689656,43.925],[5.666778,44.113258]]]}},{"type":"Feature","properties":{"name":"273","nameV":"Q 273","class":"Q","type":"Q","lower":"SFC","lowerM":0,"upper":"500FT AGL","ordinalUpperM":152,"upperM":152,"groundEstimatedHeight":[0,0,0,0],"activationCode":"HX","activationDesc":"Active H24 MON - FRI except public HOL.","UId":"21232929","id":"LFD273","stroke":"#f07800","stroke-width":2,"stroke-opacity":0.8,"fill":"#f07800","fill-opacity":0.3},"geometry":{"type":"Polygon","coordinates":[[[1.42659,49.098611],[1.426501,49.099332],[1.426236,49.100035],[1.425803,49.100701],[1.425213,49.101312],[1.42448,49.101854],[1.423624,49.102312],[1.422666,49.102673],[1.421633,49.10293],[1.42055,49.103075],[1.419445,49.103104],[1.418348,49.103017],[1.417287,49.102815],[1.416288,49.102505],[1.415378,49.102094],[1.414581,49.101593],[1.413917,49.101014],[1.413404,49.100373],[1.413054,49.099687],[1.412877,49.098973],[1.412877,49.098249],[1.413054,49.097535],[1.413404,49.096848],[1.413918,49.096208],[1.414582,49.095629],[1.415379,49.095128],[1.416288,49.094717],[1.417287,49.094407],[1.418348,49.094205],[1.419445,49.094118],[1.42055,49.094147],[1.421633,49.094292],[1.422666,49.094549],[1.423623,49.09491],[1.424479,49.095368],[1.425212,49.09591],[1.425803,49.096521],[1.426236,49.097187],[1.426501,49.097889],[1.42659,49.098611]]]}},{"type":"Feature","properties":{"name":"596 A","nameV":"Q 596 A (SeeNotam)","class":"Q","type":"Q","lower":"SFC","lowerM":0,"upper":"FL195","upperM":5943,"desc":"Administrator: Observatory of Haute-Provence (OHP). This area coexists with restricted area LF-R 71 A when active and TMA PROVENCE part 10. Users attention is drawn towards the eyes threatening nature of laser shooting activity in this area. It is recommended not to enter it. Comply with the instructions provided by usual air traffic control services. Activity known on: - MARSEILLE ACC, - MARSEILLE INFO, - SALON APP.","activationCode":"HX","activationDesc":"Activation by NOTAM according to protocol","timeScheduling":{"1":["UTC(01/01->31/12)","ANY(00:00->23:59)"]},"UId":"17265448","id":"LFD596A","stroke":"#f07800","stroke-width":2,"stroke-opacity":0.8,"fill":"#f07800","fill-opacity":0.3},"geometry":{"type":"Polygon","coordinates":[[[5.779167,43.925],[5.643889,43.925],[5.643837,43.925027],[5.642858,43.929502],[5.642446,43.934021],[5.642606,43.938549],[5.643336,43.943048],[5.64463,43.947481],[5.646477,43.951811],[5.648864,43.956002],[5.651769,43.96002],[5.655169,43.963831],[5.659036,43.967405],[5.663338,43.970711],[5.66804,43.973722],[5.673102,43.976413],[5.678484,43.978763],[5.68414,43.980751],[5.690024,43.982361],[5.696086,43.98358],[5.702278,43.984398],[5.708547,43.984807],[5.714843,43.984805],[5.721112,43.984392],[5.727302,43.983571],[5.733364,43.982348],[5.739246,43.980735],[5.744899,43.978744],[5.750278,43.976391],[5.755338,43.973697],[5.760036,43.970683],[5.764335,43.967374],[5.768198,43.963799],[5.771593,43.959985],[5.774494,43.955965],[5.776875,43.951773],[5.778718,43.947442],[5.780007,43.943009],[5.780732,43.938509],[5.780887,43.933981],[5.78047,43.929461],[5.779485,43.924988],[5.779167,43.925]]]}},{"type":"Feature","properties":{"name":"122 A","nameV":"Q 122 A (SeeNotam)","class":"Q","type":"Q","lower":"1200FT AMSL","lowerM":365,"upper":"2500FT AMSL","upperM":762,"desc":"Administrator: CAZAUX APP Actual activity known on CAZAUX APP 119.6. Very heavy traffic in all flight conditions: cautiousness recommended.","activationCode":"HX","activationDesc":"MON-FRI except HOL: 0700-1700 SUM: - 1HR SAT: by NOTAM","UId":"25090868","id":"LFD122A","stroke":"#f07800","stroke-width":2,"stroke-opacity":0.8,"fill":"#f07800","fill-opacity":0.1},"geometry":{"type":"Polygon","coordinates":[[[-0.9,44.2],[-0.890833,44.232778],[-0.734167,44.138056],[-0.5025,44.171667],[-0.5025,44.138056],[-0.740556,44.1075],[-0.9,44.2]]]}},{"type":"Feature","properties":{"name":"122 B","nameV":"Q 122 B (SeeNotam)","class":"Q","type":"Q","lower":"1200FT AMSL","lowerM":365,"upper":"2500FT AMSL","upperM":762,"desc":"Administrator: CAZAUX APP Actual activity known on CAZAUX APP 119.6. Very heavy traffic in all flight conditions: cautiousness recommended.","activationCode":"HX","activationDesc":"MON-FRI except HOL: 0700-1700 SUM: - 1HR SAT: by NOTAM","UId":"25090881","id":"LFD122B","stroke":"#f07800","stroke-width":2,"stroke-opacity":0.8,"fill":"#f07800","fill-opacity":0.1},"geometry":{"type":"Polygon","coordinates":[[[-0.486944,44.253333],[-0.8575,44.350278],[-0.848056,44.384167],[-0.454167,44.282222],[-0.486944,44.253333]]]}},{"type":"Feature","properties":{"name":"181","nameV":"Q 181 (SeeNotam)","class":"Q","type":"Q","lower":"SFC","lowerM":0,"upper":"3200FT AMSL","upperM":975,"desc":"Administrator: 4eme RE. Telephone details announced by NOTAM.","activationCode":"NOTAM","activationDesc":"Activity announced by NOTAM","UId":"1566511","id":"LFD181","stroke":"#f07800","stroke-width":2,"stroke-opacity":0.8,"fill":"#f07800","fill-opacity":0.3},"geometry":{"type":"Polygon","coordinates":[[[1.980856,43.133332],[1.980708,43.134668],[1.980269,43.13597],[1.979549,43.137203],[1.978568,43.138335],[1.97735,43.139339],[1.975927,43.140186],[1.974337,43.140857],[1.972619,43.141332],[1.97082,43.1416],[1.968984,43.141654],[1.967161,43.141492],[1.965397,43.141119],[1.963738,43.140545],[1.962226,43.139783],[1.960902,43.138855],[1.959798,43.137783],[1.958945,43.136597],[1.958364,43.135325],[1.958069,43.134003],[1.95807,43.132662],[1.958364,43.13134],[1.958946,43.130068],[1.9598,43.128882],[1.960903,43.12781],[1.962228,43.126882],[1.963739,43.126121],[1.965398,43.125546],[1.967162,43.125174],[1.968985,43.125012],[1.970819,43.125066],[1.972618,43.125334],[1.974335,43.125809],[1.975926,43.126479],[1.977348,43.127327],[1.978566,43.12833],[1.979548,43.129462],[1.980268,43.130695],[1.980707,43.131997],[1.980856,43.133332]]]}},{"type":"Feature","properties":{"name":"182","nameV":"Q 182 (SeeNotam)","class":"Q","type":"Q","lower":"SFC","lowerM":0,"upper":"3000FT AMSL","upperM":914,"desc":"Administrator: 4eme RE. Telephone details announced by NOTAM.","activationCode":"NOTAM","activationDesc":"Activity announced by NOTAM","UId":"1561717","id":"LFD182","stroke":"#f07800","stroke-width":2,"stroke-opacity":0.8,"fill":"#f07800","fill-opacity":0.3},"geometry":{"type":"Polygon","coordinates":[[[1.900308,43.174999],[1.900161,43.176335],[1.899721,43.177637],[1.899001,43.17887],[1.898019,43.180002],[1.8968,43.181006],[1.895377,43.181853],[1.893785,43.182524],[1.892066,43.182999],[1.890266,43.183267],[1.888429,43.183321],[1.886605,43.183159],[1.884839,43.182786],[1.883179,43.182212],[1.881666,43.18145],[1.880341,43.180522],[1.879237,43.17945],[1.878383,43.178264],[1.877801,43.176992],[1.877507,43.17567],[1.877507,43.174329],[1.877802,43.173007],[1.878384,43.171735],[1.879238,43.170549],[1.880342,43.169477],[1.881668,43.168549],[1.88318,43.167788],[1.88484,43.167213],[1.886605,43.166841],[1.888429,43.166679],[1.890265,43.166733],[1.892066,43.167001],[1.893784,43.167476],[1.895375,43.168146],[1.896799,43.168994],[1.898017,43.169997],[1.899,43.171129],[1.89972,43.172362],[1.90016,43.173664],[1.900308,43.174999]]]}},{"type":"Feature","properties":{"name":"184","nameV":"Q 184 (SeeNotam)","class":"Q","type":"Q","lower":"SFC","lowerM":0,"upper":"3000FT AMSL","upperM":914,"desc":"Administrator: 4eme RE. Telephone details announced by NOTAM.","activationCode":"NOTAM","activationDesc":"Activity announced by NOTAM","UId":"1561931","id":"LFD184","stroke":"#f07800","stroke-width":2,"stroke-opacity":0.8,"fill":"#f07800","fill-opacity":0.3},"geometry":{"type":"Polygon","coordinates":[[[2.269776,43.302777],[2.269628,43.304113],[2.269188,43.305415],[2.268466,43.306648],[2.267482,43.30778],[2.266261,43.308784],[2.264834,43.309631],[2.263239,43.310302],[2.261517,43.310777],[2.259713,43.311045],[2.257872,43.311099],[2.256044,43.310937],[2.254275,43.310564],[2.252611,43.30999],[2.251095,43.309228],[2.249767,43.3083],[2.248661,43.307228],[2.247805,43.306042],[2.247222,43.30477],[2.246927,43.303448],[2.246927,43.302107],[2.247223,43.300785],[2.247806,43.299513],[2.248662,43.298327],[2.249768,43.297255],[2.251097,43.296327],[2.252612,43.295566],[2.254276,43.294991],[2.256044,43.294619],[2.257872,43.294457],[2.259712,43.294511],[2.261516,43.294779],[2.263238,43.295254],[2.264833,43.295924],[2.266259,43.296772],[2.26748,43.297775],[2.268465,43.298907],[2.269187,43.30014],[2.269628,43.301442],[2.269776,43.302777]]]}},{"type":"Feature","properties":{"name":"18 B2","nameV":"Q 18 B2","class":"Q","type":"Q","lower":"FL095","lowerM":2895,"upper":"FL195","upperM":5943,"desc":"Administrator: CCMAR ATLANTIQUE (ARMOR). Except for parts interfering with A5 AWY. Except for LF-D32 and LF-D33 when active. Transit and over water routes published in AIP are exempt from dangerous activities. Activity known on: NANTES APP/INFO and BREST ACC.","activationCode":"HX","activationDesc":"Possible activation H24.","UId":"27272026","id":"LFD18B2","stroke":"#f07800","stroke-width":2,"stroke-opacity":0.8,"fill":"#f07800","fill-opacity":0.1},"geometry":{"type":"Polygon","coordinates":[[[-3.046389,46.683056],[-3.574722,46.468333],[-3.819167,46.428056],[-5.208056,46.666667],[-5.415833,46.766667],[-6.0,47.0],[-8.0,47.0],[-8.0,45.0],[-3.5,45.0],[-1.933333,45.561111],[-1.891111,45.683333],[-1.770556,46.007778],[-2.666667,46.217778],[-3.046389,46.683056]]]}},{"type":"Feature","properties":{"name":"18 B3","nameV":"Q 18 B3","class":"Q","type":"Q","lower":"FL095","lowerM":2895,"upper":"FL195","upperM":5943,"desc":"Administrator: CCMAR ATLANTIQUE (ARMOR). Except for parts interfering with A5 AWY. Except for LF-R13C when active. Transit and over water routes published in AIP are exempt from dangerous activities. Activity known on: NANTES APP/INFO and BREST ACC.","activationCode":"HX","activationDesc":"Possible activation H24.","UId":"27272065","id":"LFD18B3","stroke":"#f07800","stroke-width":2,"stroke-opacity":0.8,"fill":"#f07800","fill-opacity":0.1},"geometry":{"type":"Polygon","coordinates":[[[-3.428889,47.343889],[-3.428861,47.34413],[-3.426973,47.344155],[-3.425085,47.344184],[-3.423197,47.344216],[-3.42131,47.344253],[-3.419422,47.344293],[-3.417535,47.344338],[-3.415648,47.344386],[-3.413761,47.344439],[-3.411874,47.344495],[-3.409988,47.344555],[-3.408102,47.344619],[-3.406216,47.344686],[-3.40433,47.344758],[-3.402445,47.344834],[-3.40056,47.344913],[-3.398676,47.344997],[-3.396792,47.345084],[-3.394908,47.345175],[-3.393025,47.34527],[-3.391142,47.345369],[-3.38926,47.345472],[-3.387378,47.345579],[-3.385496,47.345689],[-3.383615,47.345804],[-3.381735,47.345922],[-3.379855,47.346045],[-3.377976,47.346171],[-3.376097,47.346301],[-3.374219,47.346435],[-3.372341,47.346573],[-3.370464,47.346714],[-3.368588,47.34686],[-3.366712,47.347009],[-3.364837,47.347162],[-3.362963,47.34732],[-3.36109,47.347481],[-3.359217,47.347646],[-3.357345,47.347814],[-3.355473,47.347987],[-3.353603,47.348164],[-3.351733,47.348344],[-3.349864,47.348528],[-3.347996,47.348716],[-3.346129,47.348908],[-3.344262,47.349104],[-3.342397,47.349304],[-3.340532,47.349507],[-3.338669,47.349714],[-3.336806,47.349926],[-3.334944,47.350141],[-3.333083,47.35036],[-3.331223,47.350582],[-3.329365,47.350809],[-3.327507,47.351039],[-3.32565,47.351274],[-3.323794,47.351512],[-3.32194,47.351754],[-3.320086,47.351999],[-3.318233,47.352249],[-3.316382,47.352502],[-3.314532,47.35276],[-3.312683,47.353021],[-3.310835,47.353285],[-3.308988,47.353554],[-3.307143,47.353827],[-3.305299,47.354103],[-3.303456,47.354383],[-3.301614,47.354667],[-3.299773,47.354955],[-3.297934,47.355246],[-3.296096,47.355542],[-3.29426,47.355841],[-3.292425,47.356144],[-3.290591,47.35645],[-3.288758,47.356761],[-3.286927,47.357075],[-3.285098,47.357393],[-3.283269,47.357715],[-3.281443,47.35804],[-3.279617,47.35837],[-3.277793,47.358703],[-3.275971,47.35904],[-3.27415,47.35938],[-3.272331,47.359725],[-3.270513,47.360073],[-3.268697,47.360425],[-3.266882,47.360781],[-3.265069,47.36114],[-3.263258,47.361503],[-3.261448,47.36187],[-3.25964,47.362241],[-3.257834,47.362615],[-3.256029,47.362993],[-3.254226,47.363375],[-3.252424,47.36376],[-3.253056,47.363889],[-3.253056,47.363889],[-3.1575,47.325833],[-2.788611,47.267778],[-2.5825,47.166389],[-2.541389,46.884722],[-3.046389,46.683056],[-3.433333,47.147778],[-3.428889,47.343889]]]}},{"type":"Feature","properties":{"name":"32","nameV":"Q 32","class":"Q","type":"Q","lower":"SFC","lowerM":0,"upper":"FL999","upperM":30449,"desc":"Actual activity available on BREST ACC/UAC.","activationCode":"HX","activationDesc":"Activable H24. Horaires d'activation planifiés spécifiés dans l'AUP France. \\\\Possible activation H24 Activation schedules stated in France AUP.","UId":"1562279","id":"LFD32","stroke":"#f07800","stroke-width":2,"stroke-opacity":0.8,"fill":"#f07800","fill-opacity":0.3},"geometry":{"type":"Polygon","coordinates":[[[-1.891111,45.683333],[-1.933333,45.561111],[-2.519444,43.838889],[-2.728889,43.910833],[-2.460833,45.5225],[-2.1325,45.7],[-1.891111,45.683333]]]}},{"type":"Feature","properties":{"name":"33","nameV":"Q 33","class":"Q","type":"Q","lower":"SFC","lowerM":0,"upper":"FL999","upperM":30449,"desc":"Actual activity available on: BREST ACC/UAC.","activationCode":"HX","activationDesc":"Activable H24. Horaires d'activation planifiés spécifiés dans l'AUP France. \\\\Possible activation H24 Activation schedules stated in France AUP","UId":"1561121","id":"LFD33","stroke":"#f07800","stroke-width":2,"stroke-opacity":0.8,"fill":"#f07800","fill-opacity":0.3},"geometry":{"type":"Polygon","coordinates":[[[-2.460833,45.5225],[-2.728889,43.910833],[-2.9125,43.973611],[-3.029722,44.078611],[-2.885556,45.292778],[-2.460833,45.5225]]]}},{"type":"Feature","properties":{"name":"42 A","nameV":"Q 42 A","class":"Q","type":"Q","lower":"SFC","lowerM":0,"upper":"2500FT AMSL","upperM":762,"desc":"Some protocol arrangements are established about live fire to enable the achievement of flights from and to Colmar Houssen aerodrome. Administrator: 152nd Infantry Regiment: Live fire office: 03 89 21 87 01. Actual activity known on: BALE INFO: 130.9 COLMAR TWR/INFO: 119.0","activationCode":"HX","activationDesc":"Possible activation H24: - except HOL, SAT afternoon and SUN; - except THU between april 1st and june 30th.","UId":"16475465","id":"LFD42A","stroke":"#f07800","stroke-width":2,"stroke-opacity":0.8,"fill":"#f07800","fill-opacity":0.3},"geometry":{"type":"Polygon","coordinates":[[[7.363889,48.041944],[7.368611,48.034722],[7.366944,48.015],[7.348056,48.018333],[7.354444,48.036111],[7.363889,48.041944]]]}},{"type":"Feature","properties":{"name":"42 B","nameV":"Q 42 B","class":"Q","type":"Q","lower":"2500FT AMSL","lowerM":762,"upper":"3350FT AMSL","upperM":1021,"desc":"Some protocol arrangements are established about live fire to enable the achievement of flights from and to Colmar Houssen aerodrome. Administrator: 152nd Infantry Regiment: Live fire office: 03 89 21 87 01. Actual activity known on: BALE INFO: 130.9 COLMAR TWR/INFO: 119.0","activationCode":"HX","activationDesc":"Possible activation except HOL: Day: 0700-1015 and 1145-1515 (SUM - 1HR) - from april 1st to october 31st: TUE, WED and FRI - from november 1st to march 31st: MON, TUE and WED. Night: when live firing is practiced day: - from october 15th to march 15th: 1800-2300 (SUM - 1HR); - from march 16th to october 14th: 2000-2359 (SUM - 1HR).","UId":"17916905","id":"LFD42B","stroke":"#f07800","stroke-width":2,"stroke-opacity":0.8,"fill":"#f07800","fill-opacity":0.1},"geometry":{"type":"Polygon","coordinates":[[[7.363889,48.041944],[7.368611,48.034722],[7.366944,48.015],[7.348056,48.018333],[7.354444,48.036111],[7.363889,48.041944]]]}},{"type":"Feature","properties":{"name":"214","nameV":"Q 214 (SeeNotam)","class":"Q","type":"Q","lower":"SFC","lowerM":0,"upper":"FL195","upperM":5943,"desc":"Administrator CCMAR ATLANTIQUE (ARMOR) 124.725 MHz. Airspace defined except for LORIENT TMA when active. IFR flights following QPR-STG axis: entry permitted, follow BREST ACC instructions. Activity known on: - BREST ACC/UAC - LANN BIHOUE APP - IROISE APP/INFO.","activationCode":"HX","activationDesc":"MON, FRI: H24. Other hours: announced by NOTAM.","UId":"1562265","id":"LFD214","stroke":"#f07800","stroke-width":2,"stroke-opacity":0.8,"fill":"#f07800","fill-opacity":0.3},"geometry":{"type":"Polygon","coordinates":[[[-4.526111,47.746667],[-4.183611,47.75],[-4.184672,47.750014],[-4.184246,47.741649],[-4.183613,47.73329],[-4.182772,47.72494],[-4.181724,47.7166],[-4.180469,47.708273],[-4.179009,47.699961],[-4.177342,47.691667],[-4.17547,47.683393],[-4.173394,47.675141],[-4.171114,47.666913],[-4.168631,47.658713],[-4.165946,47.650541],[-4.163059,47.6424],[-4.159971,47.634294],[-4.156684,47.626222],[-4.153198,47.618189],[-4.149515,47.610197],[-4.145635,47.602246],[-4.141559,47.594341],[-4.13729,47.586482],[-4.132828,47.578672],[-4.128174,47.570914],[-4.12333,47.563209],[-4.118298,47.555559],[-4.113078,47.547967],[-4.107673,47.540435],[-4.102083,47.532964],[-4.096311,47.525558],[-4.090358,47.518217],[-4.084225,47.510944],[-4.077916,47.503741],[-4.07143,47.49661],[-4.064772,47.489552],[-4.057941,47.482571],[-4.05094,47.475667],[-4.043772,47.468843],[-4.036437,47.4621],[-4.028939,47.45544],[-4.021279,47.448866],[-4.01346,47.442379],[-4.005483,47.43598],[-3.997352,47.429672],[-3.989067,47.423456],[-3.980632,47.417334],[-3.972049,47.411308],[-3.963321,47.405379],[-3.954449,47.399548],[-3.945436,47.393819],[-3.936285,47.388191],[-3.926999,47.382667],[-3.917579,47.377248],[-3.908029,47.371935],[-3.898351,47.366731],[-3.888548,47.361636],[-3.878622,47.356652],[-3.868576,47.35178],[-3.858414,47.347021],[-3.848138,47.342377],[-3.83775,47.33785],[-3.827253,47.33344],[-3.816651,47.329148],[-3.805947,47.324976],[-3.795143,47.320925],[-3.784242,47.316996],[-3.773247,47.31319],[-3.762162,47.309507],[-3.750988,47.30595],[-3.739731,47.302519],[-3.728391,47.299215],[-3.716973,47.296039],[-3.70548,47.292991],[-3.693915,47.290073],[-3.68228,47.287286],[-3.67058,47.284629],[-3.658817,47.282104],[-3.646995,47.279712],[-3.635116,47.277453],[-3.623184,47.275328],[-3.611203,47.273337],[-3.599175,47.271481],[-3.587103,47.26976],[-3.574992,47.268175],[-3.562844,47.266726],[-3.550663,47.265415],[-3.538452,47.26424],[-3.526214,47.263202],[-3.525833,47.263889],[-3.525833,47.263889],[-3.574722,46.468333],[-3.819167,46.428056],[-5.208056,46.666667],[-5.415833,46.766667],[-5.061111,47.160556],[-4.526111,47.746667]]]}},{"type":"Feature","properties":{"name":"18 B1","nameV":"Q 18 B1","class":"Q","type":"Q","lower":"FL095","lowerM":2895,"upper":"FL195","upperM":5943,"desc":"Administrator: CCMAR ATLANTIQUE (ARMOR) Except for parts interfering with N160 and Y491 AWYs. Except for LF-R154 LOW, LF-R157 LOW, LF-R195 when active. Transit and over water routes published in AIP are exempt from dangerous activities. Activity known on: IROISE APP/INFO, NANTES APP/INFO and BREST ACC.","activationCode":"HX","activationDesc":"Possible activation H24.","UId":"27271896","id":"LFD18B1","stroke":"#f07800","stroke-width":2,"stroke-opacity":0.8,"fill":"#f07800","fill-opacity":0.1},"geometry":{"type":"Polygon","coordinates":[[[-3.173056,49.800556],[-3.0,49.583333],[-3.0,49.022222],[-3.05,49.022222],[-3.616667,48.905556],[-4.809444,48.661111],[-4.809444,48.328889],[-4.715833,48.328889],[-4.664444,48.333611],[-4.616667,48.344444],[-4.616695881095394,48.070349005211625],[-4.621522,48.068386],[-4.630444,48.0731],[-4.630967,48.067508],[-4.644406,48.067978],[-4.665008,48.072778],[-4.671875,48.060142],[-4.689139,48.064353],[-4.694906,48.06035],[-4.714047,48.064786],[-4.714758,48.053917],[-4.706044,48.049206],[-4.707897,48.044028],[-4.719636,48.041406],[-4.737847,48.039964],[-4.729753,48.03535],[-4.710692,48.033053],[-4.698517,48.026961],[-4.666114,48.026217],[-4.650278,48.021803],[-4.632975,48.029336],[-4.623056,48.019264],[-4.604347,48.015142],[-4.593603,48.012133],[-4.585833,48.006561],[-4.565217,47.999639],[-4.556258,48.009286],[-4.541242,48.010714],[-4.534386,48.009717],[-4.494308,47.999431],[-4.477675,47.987528],[-4.459383,47.984469],[-4.431806,47.967822],[-4.417589,47.957381],[-4.406128,47.940594],[-4.4057663982435615,47.94040632361394],[-4.405833,47.940278],[-4.366667,47.791667],[-4.176944,47.694722],[-4.177982,47.694826],[-4.176164,47.686435],[-4.174135,47.678066],[-4.171897,47.669722],[-4.16945,47.661404],[-4.166795,47.653115],[-4.163933,47.644857],[-4.160864,47.636633],[-4.157591,47.628445],[-4.154113,47.620296],[-4.150432,47.612187],[-4.146549,47.604122],[-4.142466,47.596102],[-4.138183,47.588129],[-4.133701,47.580206],[-4.129023,47.572336],[-4.124149,47.56452],[-4.119082,47.55676],[-4.113822,47.549059],[-4.108371,47.541419],[-4.102731,47.533843],[-4.096903,47.526331],[-4.090889,47.518887],[-4.084691,47.511513],[-4.078311,47.50421],[-4.071751,47.49698],[-4.065012,47.489827],[-4.058097,47.482751],[-4.051008,47.475755],[-4.043746,47.46884],[-4.036313,47.462009],[-4.028713,47.455264],[-4.020947,47.448606],[-4.013017,47.442038],[-4.004926,47.435561],[-3.996675,47.429176],[-3.988269,47.422887],[-3.979708,47.416694],[-3.970995,47.410599],[-3.962133,47.404605],[-3.953124,47.398712],[-3.943971,47.392923],[-3.934677,47.387238],[-3.925244,47.38166],[-3.915675,47.376191],[-3.905972,47.370831],[-3.896138,47.365582],[-3.886177,47.360446],[-3.876091,47.355424],[-3.865882,47.350517],[-3.855554,47.345728],[-3.84511,47.341056],[-3.834552,47.336505],[-3.823884,47.332074],[-3.813109,47.327765],[-3.802229,47.323579],[-3.791248,47.319518],[-3.780169,47.315582],[-3.768994,47.311773],[-3.757728,47.308092],[-3.746372,47.304539],[-3.734932,47.301117],[-3.723409,47.297825],[-3.711806,47.294664],[-3.700128,47.291636],[-3.688377,47.288742],[-3.676557,47.285982],[-3.664671,47.283356],[-3.652722,47.280866],[-3.640714,47.278513],[-3.628649,47.276297],[-3.616533,47.274218],[-3.604367,47.272278],[-3.592155,47.270476],[-3.5799,47.268813],[-3.567607,47.267291],[-3.555278,47.265908],[-3.542917,47.264666],[-3.530527,47.263565],[-3.518112,47.262605],[-3.505675,47.261787],[-3.49322,47.26111],[-3.480751,47.260575],[-3.468269,47.260182],[-3.45578,47.259931],[-3.443287,47.259823],[-3.430792,47.259857],[-3.430833,47.260556],[-3.430833,47.260556],[-3.433333,47.147778],[-3.046389,46.683056],[-3.574722,46.468333],[-3.819167,46.428056],[-5.208056,46.666667],[-5.415833,46.766667],[-6.0,47.0],[-8.0,47.0],[-8.0,48.833333],[-6.873611,49.080556],[-5.5,49.361389],[-4.606389,49.538056],[-3.173056,49.800556]]]}},{"type":"Feature","properties":{"name":"16 C","nameV":"Q 16 C (SeeNotam)","class":"Q","type":"Q","lower":"SFC","lowerM":0,"upper":"FL999","upperM":30449,"desc":"Administrator: CCMAR ATLANTIQUE (ARMOR) 124.725 MHz. Upper limit notified by NOTAM. Actual activity known on BREST ACC/UAC, IROISE APP/INFO. IFR: according to ATC instructions. VFR: air navigator's attention is drawn on the life threatening nature of activities taking place in this area. Not AMC-manageable.","activationCode":"HX","activationDesc":"Possible activation by NOTAM. Activation SKED specified in AUP France.","UId":"1562401","id":"LFD16C","stroke":"#f07800","stroke-width":2,"stroke-opacity":0.8,"fill":"#f07800","fill-opacity":0.3},"geometry":{"type":"Polygon","coordinates":[[[-5.0,47.773647],[-5.634814,47.805331],[-5.635302,47.805603],[-5.641627,47.804506],[-5.64793,47.803355],[-5.654211,47.80215],[-5.660469,47.800893],[-5.666703,47.799583],[-5.672911,47.79822],[-5.679093,47.796804],[-5.685248,47.795337],[-5.691374,47.793817],[-5.697472,47.792246],[-5.703539,47.790623],[-5.709575,47.788948],[-5.715579,47.787223],[-5.72155,47.785447],[-5.727487,47.78362],[-5.733389,47.781744],[-5.739255,47.779817],[-5.745084,47.777841],[-5.750875,47.775816],[-5.756628,47.773742],[-5.762341,47.771619],[-5.768014,47.769448],[-5.773645,47.767229],[-5.779234,47.764963],[-5.78478,47.762649],[-5.790282,47.760289],[-5.795738,47.757882],[-5.801149,47.755429],[-5.806514,47.752931],[-5.811831,47.750387],[-5.817099,47.747799],[-5.822318,47.745166],[-5.827487,47.742489],[-5.832606,47.739768],[-5.837673,47.737004],[-5.842687,47.734198],[-5.847648,47.731349],[-5.852555,47.728459],[-5.857408,47.725527],[-5.862204,47.722554],[-5.866945,47.719541],[-5.871628,47.716488],[-5.876254,47.713396],[-5.880821,47.710264],[-5.885329,47.707095],[-5.889777,47.703887],[-5.894164,47.700642],[-5.89849,47.69736],[-5.902754,47.694041],[-5.906955,47.690687],[-5.911093,47.687297],[-5.915168,47.683873],[-5.919177,47.680414],[-5.923121,47.676921],[-5.927,47.673396],[-5.930812,47.669838],[-5.934556,47.666248],[-5.938234,47.662626],[-5.941843,47.658974],[-5.945383,47.655291],[-5.948854,47.651578],[-5.952255,47.647837],[-5.955586,47.644067],[-5.958846,47.640269],[-5.962035,47.636444],[-5.965152,47.632592],[-5.968196,47.628713],[-5.971168,47.62481],[-5.974066,47.620881],[-5.976891,47.616929],[-5.979642,47.612952],[-5.982318,47.608953],[-5.984919,47.604931],[-5.987444,47.600888],[-5.989894,47.596824],[-5.992268,47.592739],[-5.994566,47.588634],[-5.996786,47.58451],[-5.99893,47.580368],[-6.000996,47.576208],[-6.0,47.576325],[-6.0,47.576325],[-6.0,47.135761],[-5.073294,47.160761],[-5.0015,47.279561],[-5.0,47.773647]]]}},{"type":"Feature","properties":{"name":"74","nameV":"Q 74","class":"Q","type":"Q","lower":"SFC","lowerM":0,"upper":"800FT AGL","ordinalUpperM":243,"upperM":243,"groundEstimatedHeight":[0,0,0,0],"desc":"Lots of unmarked power lines crossing the river RHONE.","activationCode":"HX","activationDesc":"Dangerous area H24","UId":"1562449","id":"LFD74","stroke":"#f07800","stroke-width":2,"stroke-opacity":0.8,"fill":"#f07800","fill-opacity":0.3},"geometry":{"type":"Polygon","coordinates":[[[5.836111,46.117778],[5.85,46.097778],[5.833333,46.017778],[5.786944,46.006111],[5.786667,46.008611],[5.778611,46.021111],[5.782778,46.024722],[5.782778,46.034167],[5.779444,46.0425],[5.779722,46.059167],[5.784167,46.0775],[5.765,46.086667],[5.778889,46.106944],[5.783889,46.115278],[5.836111,46.117778]]]}},{"type":"Feature","properties":{"name":"121","nameV":"Q 121","class":"Q","type":"Q","lower":"3000FT AMSL","lowerM":914,"upper":"FL195","upperM":5943,"desc":"Administrator: CCER Istres. Airmen' attention is drawn to the dangerous and particular charcater of the activities taking place in this area. Activity known on MARSEILLE ACC/ FIC and MONPELLIER INFO.","activationCode":"HX","activationDesc":"Activable H24","UId":"1562343","id":"LFD121","stroke":"#f07800","stroke-width":2,"stroke-opacity":0.8,"fill":"#f07800","fill-opacity":0.1},"geometry":{"type":"Polygon","coordinates":[[[3.355556,43.0],[4.283333,43.0],[4.283333,42.745],[3.833611,42.249722],[3.599444,42.319722],[3.338333,42.987222],[3.355556,43.0]]]}},{"type":"Feature","properties":{"name":"19","nameV":"Q 19","class":"Q","type":"Q","lower":"SFC","lowerM":0,"upper":"3400FT AMSL","upperM":1036,"desc":"Administrator: BPIA Chalon-sur-Saône. Shooting officer: 03 85 97 91 69. Alternate: 03 85 97 95 02. Permanence: 03 85 97 92 82. Air navigators' attention is drawn towards the especially dangerous character of the activities taking place in this area. Activity known on: - BALE INFO, - CHALON INFO (AFIS SKED).","activationCode":"HO","activationDesc":"Except public HOL and August, possible activation: - TUE and THU: 0700-1100, 1200-1700, 1800-2359, - FRI: 0700-1100. SUM: - 1 HR","UId":"21206831","id":"LFD19","stroke":"#f07800","stroke-width":2,"stroke-opacity":0.8,"fill":"#f07800","fill-opacity":0.3},"geometry":{"type":"Polygon","coordinates":[[[4.794444,46.755278],[4.803056,46.752778],[4.797778,46.745278],[4.761944,46.7325],[4.756667,46.739444],[4.754444,46.749167],[4.794444,46.755278]]]}},{"type":"Feature","properties":{"name":"67","nameV":"Q 67 (SeeNotam)","class":"Q","type":"Q","lower":"SFC","lowerM":0,"upper":"FL450","upperM":13716,"desc":"Parts of this area are shared with BASTIA TMA part 4. Dangerous in all flight conditions. Air navigator's attention is drawn on the life threatening nature of activities taking place in this area. Activity announced on ZARA APP. Not AMC-manageable.","activationCode":"HX","activationDesc":"MON-FRI: 0630-1630. SUM: -1 HR. Other hours announced by NOTAM. Activation schedules stated in France AUP.","UId":"1562455","id":"LFD67","stroke":"#f07800","stroke-width":2,"stroke-opacity":0.8,"fill":"#f07800","fill-opacity":0.3},"geometry":{"type":"Polygon","coordinates":[[[9.7,42.3],[9.783333,42.316667],[10.433333,42.116667],[10.7,41.566667],[9.7,41.233333],[9.7,42.3]]]}},{"type":"Feature","properties":{"name":"226 B","nameV":"Q 226 B","class":"Q","type":"Q","lower":"SFC","lowerM":0,"upper":"500FT AGL","ordinalUpperM":152,"upperM":152,"groundEstimatedHeight":[0,0,0,0],"desc":"Administrator: GIH-BA107 Villacoublay. Entry via OAT: see MILAIP/ENR 5.2. The following are exempt from danger activities: - SAR and public safety missions after DV notification 01 45 07 36 33 with a 10 mn minimum prior notice, - aerial work with one day notice before 1500 LOC TEL mentioned above, - 1.5NM radius cylinder centered on 48º13'00\"N, 002º16'00\"E (ULM Marsainvilliers). Activity known on: - OPS: 01 73 95 24 02, - VILLACOUBLAY TWR and SEINE INFO.","activationCode":"HX","activationDesc":"Possible activation: MON: 0800-1100 and 1230-1530 TUE, THU: 0800-1100, 1230-1530 and SS+30-2359 WED, FRI: 0000-0059 and 0800-1100. SUM: -1HR.","UId":"1564185","id":"LFD226B","stroke":"#f07800","stroke-width":2,"stroke-opacity":0.8,"fill":"#f07800","fill-opacity":0.3},"geometry":{"type":"Polygon","coordinates":[[[2.185556,48.4325],[2.318889,48.415278],[2.336667,48.354167],[2.338611,48.336389],[2.408889,48.293611],[2.413333,48.294722],[2.476111,48.14],[2.483333,48.118611],[2.255556,48.188056],[2.246944,48.19],[2.0675,48.212222],[2.099722,48.274167],[2.105556,48.274444],[2.160556,48.284722],[2.200833,48.295278],[2.214167,48.298889],[2.214159,48.298942],[2.215761,48.299571],[2.217288,48.300277],[2.218732,48.301056],[2.220086,48.301905],[2.221341,48.302817],[2.222491,48.303789],[2.22353,48.304815],[2.224452,48.30589],[2.225251,48.307007],[2.225924,48.30816],[2.226466,48.309343],[2.226876,48.31055],[2.227149,48.311774],[2.227286,48.313007],[2.227284,48.314244],[2.227145,48.315478],[2.226869,48.316701],[2.226457,48.317908],[2.225912,48.31909],[2.225236,48.320243],[2.224434,48.321359],[2.223509,48.322433],[2.222468,48.323458],[2.221315,48.324428],[2.220056,48.32534],[2.2187,48.326187],[2.217253,48.326964],[2.215723,48.327668],[2.214119,48.328295],[2.21245,48.328841],[2.210724,48.329303],[2.208951,48.329679],[2.207141,48.329967],[2.205305,48.330164],[2.203451,48.330271],[2.20159,48.330285],[2.199733,48.330208],[2.19789,48.33004],[2.19607,48.329781],[2.196111,48.329722],[2.196111,48.329722],[2.163611,48.361111],[2.165,48.374444],[2.185556,48.4325]]]}},{"type":"Feature","properties":{"name":"227 A","nameV":"Q 227 A","class":"Q","type":"Q","lower":"SFC","lowerM":0,"upper":"500FT AGL","ordinalUpperM":152,"upperM":152,"groundEstimatedHeight":[0,0,0,0],"desc":"Administrator: GIH-BA107 Villacoublay. Entry via OAT: see MILAIP/ENR 5.2. Activity known on: - OPS: 01 73 95 24 02, -VILLACOUBLAY TWR,EVREUX APP, PARIS INFO, LES MOULINEAUX TWR. The following are exempt from danger activity: - SAR and public safety missions after DV notification 01 45 07 36 33 with a 10mn minimum prior notice; - aerial work with one day notice before 1500 LOC TEL mentioned above; - cylinder of 1.5NM radius centred on 48º57'34'N,001º26'19\"E (ULM Breuilpont).","activationCode":"HX","activationDesc":"Possible activation: MON: 0800-1100 TUE, THU: 0800-1100 and SS+30-2359 WED, FRI: 0000-0059 and 0800-1100. MON, TUE and THU(only from 15th OCT to 15th MAR) 1230-1630 SUM: -1HR.","UId":"1564195","id":"LFD227A","stroke":"#f07800","stroke-width":2,"stroke-opacity":0.8,"fill":"#f07800","fill-opacity":0.3},"geometry":{"type":"Polygon","coordinates":[[[1.440278,49.0525],[1.465833,49.0325],[1.483056,49.025833],[1.502222,49.021944],[1.5275,49.019444],[1.566111,49.020833],[1.5775,49.019444],[1.587222,49.015278],[1.618889,48.995278],[1.653333,48.989167],[1.696111,48.980556],[1.356389,48.817222],[1.314167,48.911389],[1.302778,48.931667],[1.440278,49.0525]]]}},{"type":"Feature","properties":{"name":"227 B","nameV":"Q 227 B","class":"Q","type":"Q","lower":"SFC","lowerM":0,"upper":"500FT AGL","ordinalUpperM":152,"upperM":152,"groundEstimatedHeight":[0,0,0,0],"desc":"Administrator: GIH-BA107 Villacoublay. Entry via OAT: see MILAIP/ENR 5.2. Activity known on: - OPS: 01 73 95 24 02, - VILLACOUBLAY TWR, EVREUX APP, PARIS INFO, LES MOULINEAUX TWR. Following are exempt from danger activity: - SAR and public safety missions after DV notification 01 45 07 36 33 with a 10mn minimum notice; - aerial work with one day notice before1500 LOC TEL mentioned above; - cylinders of 1.5NM radius centred on 48º50'09\"N,001º39'48\"E (ULM Richebourg), 48º46'05\"N,001º32'23\"E (ULM Goussainville), 48º49'30\"N,001º35'00\"E (St Lubin de la Haie private AD).","activationCode":"HX","activationDesc":"Possible activation: MON: 0800-1100 and 1230-1630 TUE, THU: 0800-1100, 1230-1630 and SS+30-2359 WED, FRI: 0000-0059 and 0800-1100. SUM: -1HR.","UId":"1564199","id":"LFD227B","stroke":"#f07800","stroke-width":2,"stroke-opacity":0.8,"fill":"#f07800","fill-opacity":0.3},"geometry":{"type":"Polygon","coordinates":[[[1.696111,48.980556],[1.719444,48.976389],[1.735,48.97],[1.754444,48.965833],[1.768889,48.899167],[1.743333,48.798333],[1.401389,48.746944],[1.356389,48.817222],[1.696111,48.980556]]]}},{"type":"Feature","properties":{"name":"226 A","nameV":"Q 226 A","class":"Q","type":"Q","lower":"SFC","lowerM":0,"upper":"500FT AGL","ordinalUpperM":152,"upperM":152,"groundEstimatedHeight":[0,0,0,0],"desc":"Administrator: GIH-BA107 Villacoublay. Entry by OAT: see MILAIP/ENR 5.2. The following are exempt from danger activities: - SAR and public safety missions after DV notification 01 45 07 36 33 with a 10 mn minimum prior notice, - aerial work with one day notice before 1500 LOC TEL mentioned above, - 200 m radius cylinder centered on 48º29'00\"N, 001º59'00\"E (activity 8540 Corbreuse - ENR 5.5), - 500 m radius cylinder centered on 48º25'52\"N, 002º07\"33\"E  (activity 8250 Etampes - ENR 5.5). Activity known on: - OPS: 01 73 95 24 02, - VILLACOUBLAY TWR and SEINE INFO.","activationCode":"HX","activationDesc":"Possible activation: MON: 0800-1100 and 1230-1530 TUE, THU: 0800-1100, 1230-1530 and SS+30-2359 WED, FRI: 0000-0059 and 0800-1100. SUM: -1HR.","UId":"1564177","id":"LFD226A","stroke":"#f07800","stroke-width":2,"stroke-opacity":0.8,"fill":"#f07800","fill-opacity":0.3},"geometry":{"type":"Polygon","coordinates":[[[1.960556,48.528333],[2.025833,48.524167],[2.068611,48.535278],[2.185556,48.4325],[2.165,48.374444],[2.163611,48.361111],[2.132047,48.404208],[2.132222,48.404209],[2.129215,48.407269],[2.125845,48.410158],[2.122133,48.412856],[2.118104,48.415346],[2.113784,48.417611],[2.109201,48.419636],[2.104387,48.421408],[2.099371,48.422916],[2.094188,48.424149],[2.088871,48.425099],[2.083456,48.42576],[2.077978,48.426127],[2.072472,48.426199],[2.066977,48.425975],[2.061526,48.425456],[2.056157,48.424646],[2.050905,48.423549],[2.045804,48.422174],[2.040887,48.420529],[2.036188,48.418625],[2.031737,48.416475],[2.027563,48.414092],[2.023694,48.411493],[2.020155,48.408695],[2.016969,48.405715],[2.014158,48.402574],[2.011739,48.399292],[2.009728,48.395891],[2.008139,48.392392],[2.006982,48.38882],[2.006264,48.385198],[2.005991,48.381548],[2.006163,48.377896],[2.006779,48.374265],[2.007836,48.370679],[2.009326,48.367162],[2.01124,48.363737],[2.013564,48.360425],[2.016284,48.35725],[2.016456,48.35725],[2.016456,48.35725],[2.076567,48.286697],[2.076528,48.286703],[2.076744,48.286176],[2.076986,48.285654],[2.077253,48.285137],[2.077546,48.284627],[2.077864,48.284123],[2.078206,48.283627],[2.078573,48.283138],[2.078963,48.282658],[2.079377,48.282186],[2.079814,48.281723],[2.080273,48.281271],[2.080755,48.280828],[2.081257,48.280396],[2.081781,48.279976],[2.082325,48.279567],[2.082889,48.27917],[2.083472,48.278785],[2.084074,48.278414],[2.084694,48.278056],[2.085331,48.277711],[2.085984,48.277381],[2.086654,48.277064],[2.087338,48.276763],[2.088037,48.276477],[2.08875,48.276206],[2.089476,48.275951],[2.090213,48.275711],[2.090962,48.275488],[2.091722,48.275282],[2.092492,48.275092],[2.09327,48.274918],[2.094057,48.274762],[2.09485,48.274623],[2.095651,48.274502],[2.096456,48.274398],[2.097267,48.274311],[2.098081,48.274242],[2.098898,48.274191],[2.099717,48.274158],[2.099722,48.274181],[2.099722,48.274181],[2.0675,48.212222],[1.947222,48.226944],[1.856111,48.273611],[1.73,48.39],[1.776389,48.439444],[1.811111,48.461111],[1.960556,48.528333]]]}},{"type":"Feature","properties":{"name":"227 C","nameV":"Q 227 C","class":"Q","type":"Q","lower":"SFC","lowerM":0,"upper":"500FT AGL","ordinalUpperM":152,"upperM":152,"groundEstimatedHeight":[0,0,0,0],"desc":"Administrator: GIH-BA107 Villacoublay. Entry via OAT: see MILAIP/ENR 5.2. Activity known on: - OPS: 01 73 95 24 02, - VILLACOUBLAY TWR, EVREUX APP, PARIS INFO, LES MOULINEAUX TWR. The following are exempt from danger activity: - SAR and public safety missions after DV notification 01 45 07 36 33 with a 10mn minimum prior notice; - aerial work with one day notice before 1500 LOC TEL mentioned above; - cylinder of 1.5NM radius centred on 48°46'05\"N,001°32'23\"E (ULM Goussainville).","activationCode":"HX","activationDesc":"Possible activation: MON: 0800-1100 and 1230-1630 TUE, THU: 0800-1100, 1230-1630 and SS+30-2359 WED, FRI: 0000-0059 and 0800-1100. SUM: -1HR.","UId":"1564203","id":"LFD227C","stroke":"#f07800","stroke-width":2,"stroke-opacity":0.8,"fill":"#f07800","fill-opacity":0.3},"geometry":{"type":"Polygon","coordinates":[[[1.743333,48.798333],[1.695833,48.621667],[1.425278,48.705833],[1.401389,48.746944],[1.743333,48.798333]]]}},{"type":"Feature","properties":{"name":"143 A","nameV":"Q 143 A","class":"Q","type":"Q","lower":"SFC","lowerM":0,"upper":"1000FT AMSL","upperM":304,"desc":"Administrator: Lyon Mont-Verdun (RAMBERT) or replacement CDC. Actual activity known on: - MARSEILLE INFO - PROVENCE INFO - MONTPELLIER INFO","activationCode":"HX","activationDesc":"Possible activation H24","UId":"1562383","id":"LFD143A","stroke":"#f07800","stroke-width":2,"stroke-opacity":0.8,"fill":"#f07800","fill-opacity":0.3},"geometry":{"type":"Polygon","coordinates":[[[4.283333,43.25],[4.416667,43.25],[4.549722,43.166667],[4.283333,43.0],[4.283333,43.25]]]}},{"type":"Feature","properties":{"name":"143 B","nameV":"Q 143 B","class":"Q","type":"Q","lower":"SFC","lowerM":0,"upper":"3000FT AMSL","upperM":914,"desc":"Administrator: Lyon Mont- Verdun (RAMBERT) or replacement CDC. Actual activity known on: - MARSEILLE INFO - PROVENCE INFO - MONTPELLIER INFO","activationCode":"HX","activationDesc":"Possible activation H24","UId":"1562379","id":"LFD143B","stroke":"#f07800","stroke-width":2,"stroke-opacity":0.8,"fill":"#f07800","fill-opacity":0.3},"geometry":{"type":"Polygon","coordinates":[[[4.1,43.25],[4.283333,43.25],[4.283333,43.0],[4.549722,43.166667],[5.0,43.166667],[5.0,42.0],[4.666667,42.0],[4.1,42.166667],[4.1,43.25]]]}},{"type":"Feature","properties":{"name":"142","nameV":"Q 142","class":"Q","type":"Q","lower":"SFC","lowerM":0,"upper":"3000FT AMSL","upperM":914,"desc":"Administrator: Lyon Mont- Verdun (RAMBERT) or replacement CDC. Actual activity known on: - MARSEILLE INFO - PROVENCE INFO - MONTPELLIER INFO","activationCode":"HX","activationDesc":"Possible activation H24 Activity known on MARSEILLE ACC/FIC.","UId":"1562373","id":"LFD142","stroke":"#f07800","stroke-width":2,"stroke-opacity":0.8,"fill":"#f07800","fill-opacity":0.3},"geometry":{"type":"Polygon","coordinates":[[[3.716111,43.25],[4.1,43.25],[4.1,42.166667],[3.5,42.35],[3.250556,42.72],[3.3175,42.971667],[3.338333,42.987222],[3.355556,43.0],[3.385833,43.0225],[3.568056,43.09],[3.716111,43.25]]]}},{"type":"Feature","properties":{"name":"253","nameV":"Q 253","class":"Q","type":"Q","lower":"SFC","lowerM":0,"upper":"3500FT AMSL","upperM":1066,"desc":"Pilot's attention is drawn on the very hazardous nature of the activities taking place in this area. Administrator: 152ème Régiment d'Infanterie TEL 03 89 21 89 11 Activity known on BASEL INFO. Unmanned ACFT flights are limited to 3000ft AMSL.","activationCode":"HX","activationDesc":"Possible activation H24 MON, TUE, WED and THU except public HOL.","UId":"1613178","id":"LFD253","stroke":"#f07800","stroke-width":2,"stroke-opacity":0.8,"fill":"#f07800","fill-opacity":0.3},"geometry":{"type":"Polygon","coordinates":[[[7.413056,47.853889],[7.448056,47.849722],[7.431944,47.804722],[7.412778,47.810833],[7.400833,47.848333],[7.413056,47.853889]]]}},{"type":"Feature","properties":{"name":"569","nameV":"Q 569","class":"Q","type":"Q","lower":"SFC","lowerM":0,"upper":"FL075","upperM":2286,"desc":"Managing authority: ArianeGroup. Users' attention is drawn towards the dangerous nature for the eyes, of laser shooting occuring in this area. Activity known on MARSEILLE ACC/INFO.","activationCode":"OTHER","activationDesc":"Possible activation H24","UId":"40351346","id":"LFD569","stroke":"#f07800","stroke-width":2,"stroke-opacity":0.8,"fill":"#f07800","fill-opacity":0.3},"geometry":{"type":"Polygon","coordinates":[[[5.703056,43.925],[5.703056,43.906667],[5.702992,43.906667],[5.703068,43.905327],[5.703292,43.903995],[5.703665,43.902681],[5.704183,43.901392],[5.704844,43.900138],[5.705642,43.898926],[5.706573,43.897764],[5.707631,43.89666],[5.708809,43.895621],[5.710098,43.894654],[5.711492,43.893765],[5.71298,43.892959],[5.714554,43.892242],[5.716202,43.891619],[5.717914,43.891093],[5.71968,43.890668],[5.721488,43.890347],[5.723325,43.890132],[5.72518,43.890024],[5.727042,43.890024],[5.728897,43.890132],[5.730734,43.890347],[5.732542,43.890668],[5.734308,43.891093],[5.73602,43.891619],[5.737668,43.892242],[5.739242,43.892959],[5.74073,43.893765],[5.742124,43.894654],[5.743413,43.895621],[5.744591,43.89666],[5.745649,43.897764],[5.74658,43.898926],[5.747378,43.900138],[5.748039,43.901392],[5.748557,43.902681],[5.74893,43.903995],[5.749154,43.905327],[5.74923,43.906667],[5.749167,43.906667],[5.749167,43.906667],[5.749167,43.925],[5.703056,43.925]]]}},{"type":"Feature","properties":{"name":"568 B","nameV":"Q 568 B","class":"Q","type":"Q","lower":"SFC","lowerM":0,"upper":"1000FT AMSL","upperM":304,"desc":"Administrator: Beynes security and support group (Gendarmerie). Activity known on: Beynes camp duty office. TEL: +33(0)1 34 91 21 64.","activationCode":"HX","activationDesc":"Possible activation H24.","UId":"1565645","id":"LFD568B","stroke":"#f07800","stroke-width":2,"stroke-opacity":0.8,"fill":"#f07800","fill-opacity":0.3},"geometry":{"type":"Polygon","coordinates":[[[1.881944,48.869722],[1.898889,48.878333],[1.917778,48.8775],[1.929722,48.871944],[1.926111,48.862778],[1.908889,48.864444],[1.908333,48.869722],[1.901944,48.871389],[1.881944,48.869722]]]}},{"type":"Feature","properties":{"name":"568 A","nameV":"Q 568 A","class":"Q","type":"Q","lower":"SFC","lowerM":0,"upper":"1800FT AMSL","upperM":548,"desc":"Administrator: Beynes security and support group (Gendarmerie). Activity known on: Beynes camp duty office. TEL: +33(0)1 34 91 21 64. Except for LF-R 28 Camp de Beynes when active.","activationCode":"HX","activationDesc":"Possible activation H24.","UId":"1565647","id":"LFD568A","stroke":"#f07800","stroke-width":2,"stroke-opacity":0.8,"fill":"#f07800","fill-opacity":0.3},"geometry":{"type":"Polygon","coordinates":[[[1.901944,48.871389],[1.908333,48.869722],[1.908889,48.864444],[1.900833,48.856944],[1.885556,48.858333],[1.881944,48.869722],[1.901944,48.871389]]]}},{"type":"Feature","properties":{"name":"300 B","nameV":"Q 300 B","class":"Q","type":"Q","lower":"FL195","lowerM":5943,"upper":"FL999","upperM":30449,"desc":"GAT/OAT: comply with usual ATS instructions. Pilots attention is drawn to the particularly hazardous nature of activities taking place in this area.","activationCode":"HX","activationDesc":"Possible activation: MON-FRI: 0800- 0930 except public HOL SUM: - 1HR","UId":"43376518","id":"LFD300B","stroke":"#f07800","stroke-width":2,"stroke-opacity":0.8,"fill":"#f07800","fill-opacity":0.1},"geometry":{"type":"Polygon","coordinates":[[[-2.63,43.877222],[-2.147222,45.973889],[-1.983056,46.1675],[-0.990556,46.1175],[-0.909444,46.046111],[-0.487778,45.555556],[-0.892222,44.75],[-0.949722,44.431944],[-1.575,43.754167],[-1.783333,43.711111],[-1.783333,43.583333],[-2.63,43.877222]]]}},{"type":"Feature","properties":{"name":"300 A","nameV":"Q 300 A","class":"Q","type":"Q","lower":"FL195","lowerM":5943,"upper":"FL999","upperM":30449,"desc":"GAT/OAT: comply with usual ATS instructions. Pilots attention is drawn to the particularly hazardous nature of activities taking place in this area.","activationCode":"HX","activationDesc":"Possible activation: MON-FRI: 0800- 0930 except public HOL SUM: - 1HR","UId":"43376496","id":"LFD300A","stroke":"#f07800","stroke-width":2,"stroke-opacity":0.8,"fill":"#f07800","fill-opacity":0.1},"geometry":{"type":"Polygon","coordinates":[[[-2.738611,43.914167],[-2.436389,45.628611],[-2.147222,45.973889],[-1.983056,46.1675],[-0.990556,46.1175],[-0.909444,46.046111],[-0.487778,45.555556],[-0.892222,44.75],[-0.949722,44.431944],[-1.575,43.754167],[-1.783333,43.711111],[-1.783333,43.583333],[-2.738611,43.914167]]]}},{"type":"Feature","properties":{"name":"192 S","nameV":"Q 192 S (SeeNotam)","class":"Q","type":"Q","lower":"SFC","lowerM":0,"upper":"5500FT AMSL","upperM":1676,"desc":"Administrator: CCER Istres  TEL: 04 42 48 35 01 E-mail: dga-ev-istres.ccer-bgp.fct@intradef.gouv.fr  Airmen' attention is drawn to the dangerous and particular character of the activities taking place in this area. Possible activation outside periods of activity of LF-R 193 A TARN EST and LF-R 193 B TARN. This airspace coexists with a part of TMA CLERMONT part 10 and TMA MONTPELLIER part 4. Actual activity known on: - MARSEILLE INFO, - MONTPELLIER INFO, - CLERMONT APP, - ORANGE APP, - CAMARGUE CONTROLE. ","activationCode":"HO","activationDesc":"MON-FRI except HOL: 0700-2000. (SUM - 1HR) Possible activation by NOTAM PN 48 HR outside these SKED.","UId":"1563115","id":"LFD192S","stroke":"#f07800","stroke-width":2,"stroke-opacity":0.8,"fill":"#f07800","fill-opacity":0.3},"geometry":{"type":"Polygon","coordinates":[[[3.929167,44.284722],[3.548611,43.773056],[3.54874,43.773169],[3.547765,43.772591],[3.546781,43.77202],[3.545789,43.771458],[3.544788,43.770903],[3.543779,43.770357],[3.542761,43.769818],[3.541736,43.769287],[3.540703,43.768765],[3.539662,43.768251],[3.538613,43.767744],[3.537556,43.767247],[3.536492,43.766757],[3.535421,43.766276],[3.534343,43.765804],[3.533257,43.76534],[3.532165,43.764885],[3.531065,43.764438],[3.529959,43.764],[3.528847,43.763571],[3.527728,43.76315],[3.526603,43.762739],[3.525471,43.762336],[3.524334,43.761942],[3.523191,43.761557],[3.522041,43.761182],[3.520887,43.760815],[3.519727,43.760457],[3.518561,43.760109],[3.517391,43.75977],[3.516215,43.75944],[3.515034,43.75912],[3.513849,43.758808],[3.512659,43.758507],[3.511465,43.758214],[3.510266,43.757931],[3.509063,43.757658],[3.507856,43.757394],[3.506645,43.757139],[3.50543,43.756894],[3.504211,43.756659],[3.50299,43.756433],[3.501764,43.756217],[3.500536,43.756011],[3.499304,43.755814],[3.49807,43.755627],[3.496833,43.75545],[3.495593,43.755283],[3.494351,43.755125],[3.493107,43.754978],[3.49186,43.75484],[3.490611,43.754712],[3.489361,43.754593],[3.488109,43.754485],[3.486855,43.754386],[3.4856,43.754298],[3.484343,43.754219],[3.483086,43.75415],[3.483056,43.754167],[3.483056,43.754167],[2.984722,43.8875],[2.851944,44.020556],[2.870278,44.4],[2.913056,44.386667],[2.898056,44.023889],[3.015278,43.9125],[3.482222,43.7875],[3.482241,43.787545],[3.483052,43.78761],[3.483862,43.787682],[3.484671,43.787761],[3.485479,43.787847],[3.486285,43.787939],[3.48709,43.788039],[3.487893,43.788145],[3.488694,43.788258],[3.489493,43.788378],[3.490291,43.788505],[3.491086,43.788638],[3.491879,43.788779],[3.492669,43.788926],[3.493457,43.789079],[3.494243,43.78924],[3.495026,43.789407],[3.495806,43.789581],[3.496583,43.789761],[3.497357,43.789948],[3.498128,43.790142],[3.498896,43.790342],[3.499661,43.790548],[3.500422,43.790761],[3.501179,43.790981],[3.501933,43.791207],[3.502684,43.791439],[3.50343,43.791678],[3.504172,43.791923],[3.504911,43.792175],[3.505645,43.792432],[3.506375,43.792696],[3.507101,43.792966],[3.507822,43.793243],[3.508538,43.793525],[3.50925,43.793813],[3.509958,43.794108],[3.51066,43.794408],[3.511357,43.794715],[3.51205,43.795027],[3.511944,43.795],[3.511944,43.795],[3.8875,44.299444],[3.929167,44.284722]]]}},{"type":"Feature","properties":{"name":"192 E","nameV":"Q 192 E (SeeNotam)","class":"Q","type":"Q","lower":"SFC","lowerM":0,"upper":"6500FT AMSL","upperM":1981,"desc":"Administrator: CCER Istres TEL: 04 42 48 35 01 E-mail: dga-ev-istres.ccer-bgp.fct@intradef.gouv.fr  Airmen' attention is drawn to the dangerous and particular character of the activities taking place in this area. Possible activation outside periods of activity of LF-R 591 ALLIER. Actual activity known on: - MARSEILLE INFO, - MONTPELLIER INFO, - CLERMONT APP, - ORANGE APP, - CAMARGUE CONTROLE. ","activationCode":"HX","activationDesc":"MON-FRI except HOL: 0700-2000 (SUM - 1 HR) Possible activation by NOTAM PN 48 HR outside these SKED.","UId":"23814243","id":"LFD192E","stroke":"#f07800","stroke-width":2,"stroke-opacity":0.8,"fill":"#f07800","fill-opacity":0.3},"geometry":{"type":"Polygon","coordinates":[[[3.332778,44.638889],[3.558333,44.652778],[3.982222,44.555278],[3.982342,44.555348],[3.986076,44.554647],[3.989775,44.553858],[3.993436,44.552982],[3.997054,44.55202],[4.000625,44.550973],[4.004146,44.549843],[4.007612,44.548631],[4.01102,44.547338],[4.014366,44.545965],[4.017647,44.544513],[4.020858,44.542986],[4.023997,44.541383],[4.027059,44.539708],[4.030042,44.537961],[4.032943,44.536145],[4.035757,44.534261],[4.038482,44.532313],[4.041116,44.530301],[4.043655,44.528228],[4.046096,44.526096],[4.048436,44.523908],[4.050674,44.521667],[4.052807,44.519373],[4.054832,44.517031],[4.056748,44.514642],[4.058551,44.512209],[4.060241,44.509735],[4.061816,44.507223],[4.063272,44.504675],[4.06461,44.502094],[4.065828,44.499483],[4.066924,44.496845],[4.067897,44.494182],[4.068746,44.491498],[4.069471,44.488795],[4.07007,44.486076],[4.070542,44.483345],[4.070888,44.480605],[4.071107,44.477857],[4.071199,44.475106],[4.071163,44.472355],[4.071,44.469606],[4.07071,44.466862],[4.070293,44.464126],[4.069749,44.461402],[4.06908,44.458692],[4.068286,44.455999],[4.067368,44.453326],[4.066327,44.450677],[4.065164,44.448053],[4.063881,44.445459],[4.062478,44.442896],[4.060958,44.440367],[4.059321,44.437876],[4.05757,44.435424],[4.055707,44.433015],[4.053734,44.430652],[4.053611,44.430556],[4.053611,44.430556],[3.929167,44.284722],[3.8875,44.299444],[4.013611,44.447778],[4.013721,44.44782],[4.015428,44.44986],[4.016997,44.451956],[4.018424,44.454103],[4.019708,44.456295],[4.020844,44.458529],[4.02183,44.460799],[4.022664,44.463099],[4.023343,44.465426],[4.023867,44.467772],[4.024235,44.470134],[4.024444,44.472506],[4.024496,44.474882],[4.024389,44.477257],[4.024124,44.479626],[4.023701,44.481983],[4.023122,44.484323],[4.022388,44.486641],[4.0215,44.488931],[4.02046,44.491189],[4.019271,44.493409],[4.017935,44.495586],[4.016456,44.497715],[4.014837,44.499792],[4.01308,44.501811],[4.011191,44.503769],[4.009174,44.50566],[4.007033,44.507481],[4.004773,44.509227],[4.002398,44.510894],[3.999916,44.512479],[3.99733,44.513978],[3.994647,44.515388],[3.991873,44.516705],[3.989014,44.517927],[3.986077,44.51905],[3.983069,44.520072],[3.979995,44.520991],[3.976864,44.521805],[3.973681,44.522512],[3.973611,44.5225],[3.973611,44.5225],[3.558333,44.619444],[3.334167,44.605556],[3.332778,44.638889]]]}},{"type":"Feature","properties":{"name":"192 W","nameV":"Q 192 W (SeeNotam)","class":"Q","type":"Q","lower":"SFC","lowerM":0,"upper":"5900FT AMSL","upperM":1798,"desc":"Administrator: CCER Istres  TEL: 04 42 48 35 01 E-mail: dga-ev-istres.ccer-bgp.fct@intradef.gouv.fr  Airmen' attention is drawn to the dangerous and particular character of the activities taking place in this area. Possible activation outside periods of activity of LF-R 590 A MENDE SUD. This airspace coexists with a part of TMA CLERMONT part 10. Actual activity known on: - MARSEILLE INFO, - MONTPELLIER INFO, - CLERMONT APP, - ORANGE APP, - CAMARGUE CONTROLE. ","activationCode":"HO","activationDesc":"MON-FRI except HOL: 0700-2000 (SUM - 1HR) Possible activation by NOTAM PN 48 HR outside these SKED.","UId":"1563141","id":"LFD192W","stroke":"#f07800","stroke-width":2,"stroke-opacity":0.8,"fill":"#f07800","fill-opacity":0.3},"geometry":{"type":"Polygon","coordinates":[[[2.870278,44.4],[3.169444,44.598056],[3.332778,44.638889],[3.334167,44.605556],[3.19,44.568056],[2.913056,44.386667],[2.870278,44.4]]]}},{"type":"Feature","properties":{"name":"16 A","nameV":"Q 16 A (SeeNotam)","class":"Q","type":"Q","lower":"SFC","lowerM":0,"upper":"FL999","upperM":30449,"desc":"Administrator: CCMAR ATLANTIQUE (ARMOR) 124.725 MHz. Upper limit notified by NOTAM. Actual activity known on BREST ACC/UAC. IFR: according to ATC instructions. VFR: air navigator's attention is drawn on the life threatening nature of activities taking place in this area. Not AMC-manageable.","activationCode":"NOTAM","activationDesc":"Possible activation by NOTAM. Activation SKED specified in AUP France.","UId":"1562405","id":"LFD16A","stroke":"#f07800","stroke-width":2,"stroke-opacity":0.8,"fill":"#f07800","fill-opacity":0.3},"geometry":{"type":"Polygon","coordinates":[[[-4.999975,46.1281],[-4.896953,46.333333],[-4.271408,46.333333],[-4.0,46.272328],[-4.770833,45.666667],[-4.993364,45.666667],[-4.999975,46.1281]]]}},{"type":"Feature","properties":{"name":"11 B","nameV":"Q 11 B (SeeNotam)","class":"Q","type":"Q","lower":"SFC","lowerM":0,"upper":"FL185","upperM":5638,"desc":"(FRENCH GUIANA) Administrator: duty J3-Wed FAG Tel: (+594) 0 6 94 24 21 74. Only outside activity slots of SO-R 1, SO-D 2 and SO-D 3. Dangereous area under all flight conditions.  Activity known by: CAYENNE ACC.","activationCode":"NOTAM","activationDesc":"By NOTAM","UId":"36542244","id":"SOD11B","stroke":"#f07800","stroke-width":2,"stroke-opacity":0.8,"fill":"#f07800","fill-opacity":0.3},"geometry":{"type":"Polygon","coordinates":[[[-52.666667,5.456667],[-52.545,5.456667],[-52.545,5.333333],[-52.59,5.333333],[-52.675,5.406667],[-52.666667,5.456667]]]}},{"type":"Feature","properties":{"name":"10 B","nameV":"Q 10 B (SeeNotam)","class":"Q","type":"Q","lower":"SFC","lowerM":0,"upper":"FL185","upperM":5638,"desc":"(FRENCH GUIANA) Administrator: duty J3-Wed FAG Tel: (+594) 0 6 94 24 21 74. Only outside activity slots of SO-R 6 SECTOR VSV and SO-D 3. Dangereous area under all flight conditions.  Activity known by: CAYENNE ACC.","activationCode":"NOTAM","activationDesc":"By NOTAM","UId":"36542224","id":"SOD10B","stroke":"#f07800","stroke-width":2,"stroke-opacity":0.8,"fill":"#f07800","fill-opacity":0.3},"geometry":{"type":"Polygon","coordinates":[[[-52.0,5.25],[-51.75,5.25],[-51.75,5.0],[-52.0,5.0],[-52.0,5.25]]]}},{"type":"Feature","properties":{"name":"10 A","nameV":"Q 10 A (SeeNotam)","class":"Q","type":"Q","lower":"SFC","lowerM":0,"upper":"FL100","upperM":3048,"desc":"(FRENCH GUIANA) Administrator: duty J3-Wed FAG Tel: (+594) 0 6 94 24 21 74. Only outside activity slots of SO-R 6 SECTOR VSV and SO-D 3. Dangereous area under all flight conditions.  Activity known by: CAYENNE ACC.","activationCode":"NOTAM","activationDesc":"By NOTAM","UId":"36542213","id":"SOD10A","stroke":"#f07800","stroke-width":2,"stroke-opacity":0.8,"fill":"#f07800","fill-opacity":0.3},"geometry":{"type":"Polygon","coordinates":[[[-52.0,5.25],[-51.75,5.25],[-51.75,5.0],[-52.0,5.0],[-52.0,5.25]]]}},{"type":"Feature","properties":{"name":"9","nameV":"Q 9 (SeeNotam)","class":"Q","type":"Q","lower":"FL245","lowerM":7467,"upper":"FL660","upperM":20116,"desc":"(FRENCH GUIANA) Danger area in all flight conditions. Activity known on: CAYENNE ACC 126.9 MHz / 8855 KHz","activationCode":"NOTAM","activationDesc":"By NOTAM","UId":"1561499","id":"SOD9","stroke":"#f07800","stroke-width":2,"stroke-opacity":0.8,"fill":"#f07800","fill-opacity":0.1},"geometry":{"type":"Polygon","coordinates":[[[-52.135589,3.831046],[-52.136719,3.858554],[-52.140121,3.885876],[-52.145774,3.912823],[-52.153638,3.939213],[-52.16366,3.964864],[-52.175772,3.989602],[-52.189892,4.013258],[-52.205922,4.03567],[-52.223753,4.056684],[-52.243264,4.076157],[-52.264322,4.093956],[-52.286782,4.109959],[-52.310491,4.124056],[-52.335287,4.136152],[-52.361001,4.146164],[-52.387456,4.154023],[-52.414472,4.159675],[-52.441863,4.163082],[-52.469444,4.16422],[-52.497025,4.163082],[-52.524416,4.159675],[-52.551432,4.154023],[-52.577887,4.146164],[-52.603601,4.136152],[-52.628397,4.124056],[-52.652106,4.109959],[-52.674566,4.093956],[-52.695624,4.076157],[-52.715135,4.056684],[-52.732966,4.03567],[-52.748996,4.013258],[-52.763116,3.989602],[-52.775228,3.964864],[-52.78525,3.939213],[-52.793114,3.912823],[-52.798767,3.885876],[-52.802169,3.858554],[-52.803299,3.831046],[-52.802148,3.803539],[-52.798724,3.77622],[-52.793052,3.749277],[-52.78517,3.722893],[-52.775132,3.697249],[-52.763007,3.672519],[-52.748877,3.648873],[-52.73284,3.626472],[-52.715005,3.605468],[-52.695494,3.586006],[-52.67444,3.568218],[-52.651987,3.552225],[-52.628288,3.538136],[-52.603505,3.526049],[-52.577808,3.516044],[-52.55137,3.508192],[-52.524374,3.502544],[-52.497003,3.49914],[-52.469444,3.498002],[-52.441885,3.49914],[-52.414514,3.502544],[-52.387518,3.508192],[-52.36108,3.516044],[-52.335383,3.526049],[-52.3106,3.538136],[-52.286901,3.552225],[-52.264448,3.568218],[-52.243394,3.586006],[-52.223883,3.605468],[-52.206048,3.626472],[-52.190011,3.648873],[-52.175881,3.672519],[-52.163756,3.697249],[-52.153718,3.722893],[-52.145836,3.749277],[-52.140164,3.77622],[-52.13674,3.803539],[-52.135589,3.831046]]]}},{"type":"Feature","properties":{"name":"8","nameV":"Q 8 (SeeNotam)","class":"Q","type":"Q","lower":"FL245","lowerM":7467,"upper":"FL660","upperM":20116,"desc":"(FRENCH GUIANA) Danger area in all flight conditions. Activity known on: CAYENNE ACC 126.9 MHz / 8855 KHz","activationCode":"NOTAM","activationDesc":"By NOTAM","UId":"1561495","id":"SOD8","stroke":"#f07800","stroke-width":2,"stroke-opacity":0.8,"fill":"#f07800","fill-opacity":0.1},"geometry":{"type":"Polygon","coordinates":[[[-51.65,4.450556],[-51.744167,4.933889],[-50.933333,5.066667],[-50.854167,4.583333],[-51.65,4.450556]]]}},{"type":"Feature","properties":{"name":"1","nameV":"Q 1 (SeeNotam)","class":"Q","type":"Q","lower":"SFC","lowerM":0,"upper":"FL999","upperM":30449,"desc":"(FRENCH GUIANA) Penetration prohibited during activity. Activity known on: CAYENNE ACC.","activationCode":"HX","activationDesc":"By NOTAM","UId":"1561163","id":"SOD1","stroke":"#f07800","stroke-width":2,"stroke-opacity":0.8,"fill":"#f07800","fill-opacity":0.3},"geometry":{"type":"Polygon","coordinates":[[[-52.768611,5.240278],[-52.895556,5.3675],[-53.498056,6.495556],[-53.49823,6.487547],[-53.491546,6.491393],[-53.484842,6.495205],[-53.478117,6.49898],[-53.471372,6.502721],[-53.464607,6.506425],[-53.457822,6.510093],[-53.451017,6.513726],[-53.444193,6.517322],[-53.43735,6.520882],[-53.430488,6.524406],[-53.423607,6.527893],[-53.416707,6.531344],[-53.409788,6.534759],[-53.402852,6.538136],[-53.395897,6.541477],[-53.388925,6.544781],[-53.381935,6.548048],[-53.374927,6.551278],[-53.367902,6.554471],[-53.36086,6.557626],[-53.353801,6.560745],[-53.346726,6.563825],[-53.339634,6.566869],[-53.332525,6.569874],[-53.325401,6.572842],[-53.318261,6.575772],[-53.311105,6.578665],[-53.303933,6.581519],[-53.296747,6.584335],[-53.289545,6.587114],[-53.282328,6.589854],[-53.275097,6.592556],[-53.267852,6.595219],[-53.260592,6.597844],[-53.253318,6.600431],[-53.24603,6.602979],[-53.238729,6.605488],[-53.231414,6.607959],[-53.224086,6.610391],[-53.216745,6.612784],[-53.209392,6.615138],[-53.202026,6.617453],[-53.194647,6.619729],[-53.187256,6.621966],[-53.179854,6.624164],[-53.172439,6.626322],[-53.165013,6.628441],[-53.157576,6.630521],[-53.150128,6.632562],[-53.142669,6.634563],[-53.135199,6.636524],[-53.127718,6.638446],[-53.120228,6.640328],[-53.112727,6.642171],[-53.105217,6.643974],[-53.097697,6.645737],[-53.090168,6.64746],[-53.082629,6.649143],[-53.075082,6.650786],[-53.067525,6.652389],[-53.059961,6.653953],[-53.052388,6.655476],[-53.044806,6.656959],[-53.037217,6.658402],[-53.029621,6.659804],[-53.022017,6.661167],[-53.014405,6.662489],[-53.006787,6.66377],[-52.999162,6.665012],[-52.99153,6.666213],[-52.983892,6.667373],[-52.976248,6.668493],[-52.968598,6.669573],[-52.960942,6.670612],[-52.95328,6.67161],[-52.945614,6.672568],[-52.937942,6.673485],[-52.930266,6.674362],[-52.922585,6.675197],[-52.914899,6.675993],[-52.907209,6.676747],[-52.899516,6.677461],[-52.891818,6.678134],[-52.884118,6.678766],[-52.876413,6.679357],[-52.868706,6.679908],[-52.860996,6.680418],[-52.853283,6.680887],[-52.845568,6.681315],[-52.837851,6.681702],[-52.830132,6.682048],[-52.822411,6.682354],[-52.814688,6.682618],[-52.806964,6.682842],[-52.799239,6.683024],[-52.791513,6.683166],[-52.783787,6.683267],[-52.77606,6.683327],[-52.768332,6.683346],[-52.768333,6.690278],[-52.768333,6.690278],[-52.768611,5.240278]]]}},{"type":"Feature","properties":{"name":"11 A","nameV":"Q 11 A (SeeNotam)","class":"Q","type":"Q","lower":"SFC","lowerM":0,"upper":"FL100","upperM":3048,"desc":"(FRENCH GUIANA) Administrator: duty J3-Wed FAG Tel: (+594) 0 6 94 24 21 74. Only outside activity slots of SO-R 1, SO-D 2 and SO-D 3. Dangereous area under all flight conditions.  Activity known by: CAYENNE ACC.","activationCode":"NOTAM","activationDesc":"By NOTAM","UId":"36542234","id":"SOD11A","stroke":"#f07800","stroke-width":2,"stroke-opacity":0.8,"fill":"#f07800","fill-opacity":0.3},"geometry":{"type":"Polygon","coordinates":[[[-52.666667,5.456667],[-52.545,5.456667],[-52.545,5.333333],[-52.59,5.333333],[-52.675,5.406667],[-52.666667,5.456667]]]}},{"type":"Feature","properties":{"name":"2","nameV":"Q 2 (SeeNotam)","class":"Q","type":"Q","lower":"SFC","lowerM":0,"upper":"FL999","upperM":30449,"desc":"(FRENCH GUIANA) Penetration probihited during activity. Activity known on: CAYENNE ACC.","activationCode":"HX","activationDesc":"By NOTAM","UId":"1561515","id":"SOD2","stroke":"#f07800","stroke-width":2,"stroke-opacity":0.8,"fill":"#f07800","fill-opacity":0.3},"geometry":{"type":"Polygon","coordinates":[[[-52.768611,5.240278],[-52.768333,6.690278],[-52.768332,6.685882],[-52.752897,6.685798],[-52.737463,6.68555],[-52.722033,6.68514],[-52.706609,6.684566],[-52.691191,6.68383],[-52.675782,6.682931],[-52.660384,6.681869],[-52.644998,6.680645],[-52.629626,6.679258],[-52.61427,6.677709],[-52.598931,6.675998],[-52.583612,6.674125],[-52.568313,6.67209],[-52.553038,6.669894],[-52.537786,6.667537],[-52.522561,6.665018],[-52.507364,6.662339],[-52.492196,6.6595],[-52.47706,6.656501],[-52.461957,6.653342],[-52.446888,6.650023],[-52.431856,6.646546],[-52.416862,6.64291],[-52.401909,6.639116],[-52.386996,6.635164],[-52.372127,6.631055],[-52.357303,6.626789],[-52.342526,6.622367],[-52.327796,6.617789],[-52.313117,6.613056],[-52.29849,6.608168],[-52.283915,6.603126],[-52.269396,6.59793],[-52.254933,6.592581],[-52.240529,6.587079],[-52.226184,6.581426],[-52.211901,6.575622],[-52.197681,6.569667],[-52.183525,6.563562],[-52.169436,6.557308],[-52.155415,6.550906],[-52.141463,6.544356],[-52.127582,6.537659],[-52.113774,6.530816],[-52.10004,6.523827],[-52.086382,6.516694],[-52.072801,6.509417],[-52.059299,6.501997],[-52.045878,6.494434],[-52.032538,6.486731],[-52.019281,6.478887],[-52.00611,6.470903],[-51.993024,6.462781],[-51.980027,6.454521],[-51.967119,6.446124],[-51.954301,6.437591],[-51.941576,6.428924],[-51.928945,6.420122],[-51.916408,6.411188],[-51.903968,6.402122],[-51.891626,6.392925],[-51.879383,6.383598],[-51.867241,6.374142],[-51.8552,6.364559],[-51.843264,6.354849],[-51.831431,6.345014],[-51.819705,6.335054],[-51.808086,6.324971],[-51.796576,6.314766],[-51.785176,6.304439],[-51.773887,6.293993],[-51.762711,6.283429],[-51.751648,6.272747],[-51.740701,6.261949],[-51.729869,6.251035],[-51.719155,6.240008],[-51.70856,6.228869],[-51.698085,6.217618],[-51.68773,6.206257],[-51.677498,6.194788],[-51.66739,6.183211],[-51.657405,6.171528],[-51.647546,6.15974],[-51.637814,6.147849],[-51.62821,6.135856],[-51.618735,6.123762],[-51.609389,6.111569],[-51.600175,6.099278],[-51.591092,6.08689],[-51.582143,6.074406],[-51.573327,6.06183],[-51.564647,6.04916],[-51.556102,6.0364],[-51.547695,6.02355],[-51.539425,6.010612],[-51.531294,5.997588],[-51.523303,5.984478],[-51.515452,5.971285],[-51.507743,5.95801],[-51.505833,5.963889],[-51.505833,5.963889],[-52.768611,5.240278]]]}},{"type":"Feature","properties":{"name":"3","nameV":"Q 3 (SeeNotam)","class":"Q","type":"Q","lower":"SFC","lowerM":0,"upper":"FL999","upperM":30449,"desc":"(FRENCH GUIANA) Penetration probihited during activity. Activity known on: CAYENNE ACC.","activationCode":"HX","activationDesc":"By NOTAM","UId":"1561519","id":"SOD3","stroke":"#f07800","stroke-width":2,"stroke-opacity":0.8,"fill":"#f07800","fill-opacity":0.3},"geometry":{"type":"Polygon","coordinates":[[[-52.768611,5.240278],[-51.505833,5.963889],[-51.504645,5.959768],[-51.497124,5.946493],[-51.489744,5.933141],[-51.482505,5.919712],[-51.47541,5.906208],[-51.468457,5.89263],[-51.461649,5.878981],[-51.454986,5.865261],[-51.448469,5.851472],[-51.442097,5.837615],[-51.435873,5.823693],[-51.429797,5.809706],[-51.423869,5.795656],[-51.418091,5.781545],[-51.412462,5.767375],[-51.406983,5.753146],[-51.401655,5.73886],[-51.396479,5.72452],[-51.391455,5.710126],[-51.386583,5.695681],[-51.381864,5.681185],[-51.377299,5.666641],[-51.372889,5.652049],[-51.368632,5.637413],[-51.364531,5.622732],[-51.360586,5.60801],[-51.356796,5.593247],[-51.353163,5.578445],[-51.349686,5.563606],[-51.346366,5.548731],[-51.343204,5.533822],[-51.3402,5.518881],[-51.337354,5.50391],[-51.334666,5.488909],[-51.332137,5.473882],[-51.329766,5.458828],[-51.327555,5.443751],[-51.325504,5.428651],[-51.323612,5.413531],[-51.32188,5.398391],[-51.320308,5.383235],[-51.318896,5.368062],[-51.317645,5.352876],[-51.316554,5.337678],[-51.315624,5.322469],[-51.314854,5.307251],[-51.314245,5.292026],[-51.313797,5.276795],[-51.313509,5.26156],[-51.313383,5.246324],[-51.313417,5.231087],[-51.313612,5.215851],[-51.313968,5.200617],[-51.314485,5.185389],[-51.315163,5.170167],[-51.316001,5.154952],[-51.316999,5.139748],[-51.318158,5.124554],[-51.319477,5.109374],[-51.320956,5.094208],[-51.322596,5.079058],[-51.324394,5.063927],[-51.326353,5.048815],[-51.32847,5.033725],[-51.330747,5.018657],[-51.333182,5.003614],[-51.335776,4.988598],[-51.338528,4.973609],[-51.341438,4.95865],[-51.344506,4.943723],[-51.34773,4.928828],[-51.351112,4.913968],[-51.35465,4.899144],[-51.358344,4.884358],[-51.362194,4.869612],[-51.366199,4.854906],[-51.370358,4.840243],[-51.374672,4.825625],[-51.37914,4.811053],[-51.383761,4.796528],[-51.388534,4.782052],[-51.39346,4.767628],[-51.398538,4.753255],[-51.403767,4.738937],[-51.409146,4.724674],[-51.414675,4.710468],[-51.420354,4.69632],[-51.426181,4.682233],[-51.432156,4.668208],[-51.438279,4.654246],[-51.444548,4.640349],[-51.450963,4.626519],[-51.457523,4.612756],[-51.464228,4.599063],[-51.471077,4.58544],[-51.478069,4.57189],[-51.485203,4.558414],[-51.492479,4.545014],[-51.499895,4.53169],[-51.507451,4.518445],[-51.508889,4.514444],[-51.508889,4.514444],[-52.768611,5.240278]]]}},{"type":"Feature","properties":{"name":"4","nameV":"Q 4 (SeeNotam)","class":"Q","type":"Q","lower":"SFC","lowerM":0,"upper":"FL420","upperM":12801,"desc":"(FRENCH GUIANA) Activity known on: CAYENNE ACC.","activationCode":"HX","activationDesc":"By NOTAM","UId":"1561509","id":"SOD4","stroke":"#f07800","stroke-width":2,"stroke-opacity":0.8,"fill":"#f07800","fill-opacity":0.3},"geometry":{"type":"Polygon","coordinates":[[[-52.248792,5.999943],[-52.249454,6.01818],[-52.251453,6.03632],[-52.254778,6.054266],[-52.259411,6.071924],[-52.265329,6.089197],[-52.2725,6.105995],[-52.280885,6.122228],[-52.29044,6.137809],[-52.301114,6.152654],[-52.31285,6.166685],[-52.325585,6.179827],[-52.339252,6.192009],[-52.353777,6.203166],[-52.369084,6.213239],[-52.38509,6.222174],[-52.40171,6.229923],[-52.418854,6.236444],[-52.436433,6.241704],[-52.454351,6.245674],[-52.472512,6.248332],[-52.490821,6.249665],[-52.509179,6.249665],[-52.527488,6.248332],[-52.545649,6.245674],[-52.563567,6.241704],[-52.581146,6.236444],[-52.59829,6.229923],[-52.61491,6.222174],[-52.630916,6.213239],[-52.646223,6.203166],[-52.660748,6.192009],[-52.674415,6.179827],[-52.68715,6.166685],[-52.698886,6.152654],[-52.70956,6.137809],[-52.719115,6.122228],[-52.7275,6.105995],[-52.734671,6.089197],[-52.740589,6.071924],[-52.745222,6.054266],[-52.748547,6.03632],[-52.750546,6.01818],[-52.751208,5.999943],[-52.750529,5.981707],[-52.748514,5.963568],[-52.745173,5.945625],[-52.740525,5.927971],[-52.734594,5.910703],[-52.727412,5.893911],[-52.719017,5.877685],[-52.709454,5.862112],[-52.698775,5.847274],[-52.687036,5.833251],[-52.6743,5.820118],[-52.660635,5.807945],[-52.646114,5.796795],[-52.630814,5.78673],[-52.614817,5.777802],[-52.598208,5.77006],[-52.581075,5.763544],[-52.563511,5.758288],[-52.545608,5.754322],[-52.527463,5.751667],[-52.50917,5.750335],[-52.49083,5.750335],[-52.472537,5.751667],[-52.454392,5.754322],[-52.436489,5.758288],[-52.418925,5.763544],[-52.401792,5.77006],[-52.385183,5.777802],[-52.369186,5.78673],[-52.353886,5.796795],[-52.339365,5.807945],[-52.3257,5.820118],[-52.312964,5.833251],[-52.301225,5.847274],[-52.290546,5.862112],[-52.280983,5.877685],[-52.272588,5.893911],[-52.265406,5.910703],[-52.259475,5.927971],[-52.254827,5.945625],[-52.251486,5.963568],[-52.249471,5.981707],[-52.248792,5.999943]]]}},{"type":"Feature","properties":{"name":"6","nameV":"Q 6 (SeeNotam)","class":"Q","type":"Q","lower":"SFC","lowerM":0,"upper":"FL660","upperM":20116,"desc":"(FRENCH GUIANA) Danger area in all flight conditions. Air navigators' attention is drawn to the specially dangerous character of these activities. Activity known on: CAYENNE ACC 126.9 MHz / 8855 KHz.","activationCode":"HX","activationDesc":"By NOTAM","UId":"1561501","id":"SOD6","stroke":"#f07800","stroke-width":2,"stroke-opacity":0.8,"fill":"#f07800","fill-opacity":0.3},"geometry":{"type":"Polygon","coordinates":[[[-51.823889,5.455278],[-53.123056,6.386111],[-52.722222,6.916667],[-51.404167,5.969444],[-51.823889,5.455278]]]}},{"type":"Feature","properties":{"name":"7","nameV":"Q 7 (SeeNotam)","class":"Q","type":"Q","lower":"FL245","lowerM":7467,"upper":"FL660","upperM":20116,"desc":"(FRENCH GUIANA) Danger area in all flight conditions. Activity known on: CAYENNE ACC 126.9 MHz / 8855 KHz","activationCode":"NOTAM","activationDesc":"By NOTAM","UId":"1561505","id":"SOD7","stroke":"#f07800","stroke-width":2,"stroke-opacity":0.8,"fill":"#f07800","fill-opacity":0.1},"geometry":{"type":"Polygon","coordinates":[[[-53.283333,6.45],[-53.35,6.916667],[-52.583333,7.083333],[-52.466667,6.583333],[-53.283333,6.45]]]}},{"type":"Feature","properties":{"name":"18 A2","nameV":"Q 18 A2","class":"Q","type":"Q","lower":"SFC","lowerM":0,"upper":"FL095","upperM":2895,"desc":"Administrator: CCMAR ATLANTIQUE (ARMOR). Except for parts interfering with H34 and T499 AWY. Except for CTR LORIENT, TMA LORIENT part 1 and 2, LF-R1 F, LF-R13 and LF-R14 when active. Transit and over water routes published in AIP are exempt from dangerous activities. Unmanned aircraft flights, flown under direct visual line of sight (VLOS), from the continental coast and up to a distance of 1000 m from the land-sea limit, and a maximum height of 120 m: - are exempt from protocol and bilateral contact with the administrator, - must be notified via the Internet application https://alphatango.aviation-civile.gouv.fr/ (aircraft weighing more than 900g). Activity known on: IROISE APP/INFO, NANTES APP/INFO.","activationCode":"HX","activationDesc":"Possible activation H24.","UId":"27272129","id":"LFD18A2","stroke":"#f07800","stroke-width":2,"stroke-opacity":0.8,"fill":"#f07800","fill-opacity":0.3},"geometry":{"type":"Polygon","coordinates":[[[-4.366667,47.791667],[-3.8905362053129604,47.8297468668323],[-3.850686,47.798025],[-3.856053,47.789575],[-3.844233,47.793125],[-3.838744,47.798389],[-3.828658,47.793419],[-3.824097,47.796892],[-3.811156,47.793606],[-3.799969,47.788017],[-3.788253,47.790853],[-3.762308,47.79015],[-3.738031,47.799853],[-3.732422,47.802311],[-3.709908,47.814767],[-3.707494,47.813214],[-3.723283,47.798503],[-3.677633,47.775569],[-3.670936,47.782589],[-3.655817,47.779086],[-3.647872,47.779125],[-3.646178,47.774889],[-3.614422,47.769753],[-3.608186,47.770208],[-3.539317,47.762658],[-3.527861,47.766836],[-3.508031,47.748497],[-3.500333,47.730619],[-3.456261,47.696797],[-3.445072,47.69535],[-3.430442,47.703175],[-3.416011,47.699967],[-3.40735,47.703247],[-3.391228,47.700697],[-3.369228,47.714717],[-3.362033,47.709931],[-3.355436,47.703267],[-3.352453,47.700347],[-3.359525,47.69035],[-3.358858,47.685506],[-3.351578,47.689983],[-3.349739,47.693878],[-3.343153,47.695461],[-3.317925,47.693511],[-3.282997,47.684022],[-3.214167,47.644944],[-3.21065,47.643453],[-3.197664,47.623875],[-3.158997,47.607231],[-3.139742,47.579558],[-3.135394,47.543833],[-3.145539,47.530117],[-3.159808,47.529469],[-3.149017,47.508242],[-3.149458,47.498078],[-3.144211,47.483431],[-3.131947,47.47475],[-3.121264,47.478861],[-3.108456,47.472756],[-3.092558,47.473339],[-3.079575,47.468467],[-3.091733,47.4775],[-3.097403,47.484211],[-3.115661,47.495581],[-3.118494,47.509844],[-3.126806,47.520392],[-3.133461,47.546403],[-3.126361,47.564628],[-3.117056,47.576617],[-3.129292,47.574461],[-3.124942,47.598875],[-3.113808,47.588353],[-3.103322,47.581083],[-3.105883,47.577456],[-3.095856,47.563456],[-3.073853,47.571067],[-3.061403,47.571792],[-3.053269,47.569094],[-3.051972,47.577306],[-3.043114,47.578664],[-3.035697,47.581856],[-3.031617,47.57365],[-3.019728,47.567403],[-3.026764,47.590247],[-3.019644,47.588622],[-3.012078,47.580578],[-3.007136,47.568031],[-2.987575,47.566225],[-2.9931270201739455,47.57774376843778],[-2.993056,47.577778],[-2.9125,47.545278],[-2.910734,47.54521],[-2.914184,47.54143],[-2.917693,47.537674],[-2.92126,47.533944],[-2.924885,47.53024],[-2.928569,47.526562],[-2.932309,47.52291],[-2.936107,47.519286],[-2.939961,47.515688],[-2.943871,47.512119],[-2.947836,47.508578],[-2.951857,47.505065],[-2.955932,47.501582],[-2.960062,47.498128],[-2.964245,47.494703],[-2.968481,47.491309],[-2.972771,47.487946],[-2.977112,47.484613],[-2.981505,47.481312],[-2.98595,47.478042],[-2.990445,47.474804],[-2.994991,47.471599],[-2.999586,47.468426],[-3.004231,47.465287],[-3.008924,47.462181],[-3.013665,47.459109],[-3.018454,47.456071],[-3.02329,47.453067],[-3.028173,47.450099],[-3.033101,47.447165],[-3.038075,47.444267],[-3.043094,47.441405],[-3.048157,47.438579],[-3.053264,47.435789],[-3.058414,47.433036],[-3.063606,47.43032],[-3.068841,47.427641],[-3.074117,47.425001],[-3.079433,47.422398],[-3.08479,47.419833],[-3.090186,47.417307],[-3.095622,47.414819],[-3.101096,47.412371],[-3.106607,47.409962],[-3.112156,47.407593],[-3.117741,47.405264],[-3.123362,47.402974],[-3.129018,47.400726],[-3.134709,47.398517],[-3.140434,47.39635],[-3.146192,47.394224],[-3.151983,47.392139],[-3.157806,47.390096],[-3.16366,47.388095],[-3.169545,47.386136],[-3.17546,47.384219],[-3.181405,47.382344],[-3.187378,47.380513],[-3.193379,47.378724],[-3.199408,47.376978],[-3.205464,47.375276],[-3.211545,47.373617],[-3.217652,47.372001],[-3.223784,47.37043],[-3.22994,47.368903],[-3.236119,47.367419],[-3.242321,47.36598],[-3.248545,47.364586],[-3.25479,47.363237],[-3.261055,47.361932],[-3.26734,47.360672],[-3.273645,47.359457],[-3.279968,47.358288],[-3.286309,47.357164],[-3.292667,47.356085],[-3.299041,47.355052],[-3.305431,47.354065],[-3.311836,47.353123],[-3.318255,47.352228],[-3.324688,47.351379],[-3.331133,47.350575],[-3.337591,47.349818],[-3.34406,47.349108],[-3.350539,47.348443],[-3.357028,47.347825],[-3.363527,47.347254],[-3.370034,47.346729],[-3.376549,47.346251],[-3.383071,47.34582],[-3.389599,47.345435],[-3.396133,47.345098],[-3.402672,47.344807],[-3.409215,47.344563],[-3.415761,47.344365],[-3.42231,47.344215],[-3.428861,47.344112],[-3.428889,47.343889],[-3.428889,47.343889],[-3.426111,47.494167],[-3.426048,47.493764],[-3.431862,47.493655],[-3.437679,47.493603],[-3.443495,47.493609],[-3.449312,47.493672],[-3.455126,47.493793],[-3.460937,47.493971],[-3.466743,47.494207],[-3.472544,47.494501],[-3.478337,47.494852],[-3.484123,47.49526],[-3.489899,47.495725],[-3.495665,47.496247],[-3.501418,47.496827],[-3.507159,47.497463],[-3.512885,47.498156],[-3.518596,47.498906],[-3.524289,47.499712],[-3.529965,47.500574],[-3.535622,47.501492],[-3.541258,47.502467],[-3.546873,47.503497],[-3.552464,47.504582],[-3.558032,47.505723],[-3.563575,47.506918],[-3.569091,47.508169],[-3.574579,47.509473],[-3.580039,47.510832],[-3.585469,47.512245],[-3.590868,47.513712],[-3.596234,47.515231],[-3.601568,47.516804],[-3.606866,47.518429],[-3.612129,47.520107],[-3.617355,47.521836],[-3.622543,47.523617],[-3.627693,47.52545],[-3.632802,47.527332],[-3.63787,47.529266],[-3.642895,47.531249],[-3.647877,47.533282],[-3.652815,47.535364],[-3.657707,47.537494],[-3.662552,47.539673],[-3.66735,47.541899],[-3.6721,47.544173],[-3.676799,47.546493],[-3.681448,47.54886],[-3.686045,47.551272],[-3.69059,47.55373],[-3.69508,47.556232],[-3.699516,47.558779],[-3.703897,47.561369],[-3.708221,47.564002],[-3.712487,47.566678],[-3.716696,47.569396],[-3.720844,47.572155],[-3.724933,47.574954],[-3.72896,47.577794],[-3.732926,47.580674],[-3.736828,47.583592],[-3.740667,47.586549],[-3.744442,47.589544],[-3.748151,47.592575],[-3.751794,47.595643],[-3.75537,47.598746],[-3.758878,47.601885],[-3.762318,47.605058],[-3.765688,47.608265],[-3.768989,47.611505],[-3.772219,47.614777],[-3.775377,47.61808],[-3.778464,47.621415],[-3.781477,47.62478],[-3.784417,47.628174],[-3.787283,47.631597],[-3.790075,47.635048],[-3.792791,47.638526],[-3.795431,47.642031],[-3.797995,47.645561],[-3.800481,47.649116],[-3.80289,47.652696],[-3.805221,47.656299],[-3.807473,47.659925],[-3.809645,47.663573],[-3.811739,47.667241],[-3.813752,47.670931],[-3.815684,47.674639],[-3.817535,47.678367],[-3.819305,47.682112],[-3.820993,47.685874],[-3.822599,47.689653],[-3.824123,47.693447],[-3.823611,47.693333],[-3.823611,47.693333],[-4.176944,47.694722],[-4.366667,47.791667]]]}},{"type":"Feature","properties":{"name":"18 A3","nameV":"Q 18 A3","class":"Q","type":"Q","lower":"SFC","lowerM":0,"upper":"FL095","upperM":2895,"desc":"Administrator: CCMAR ATLANTIQUE (ARMOR). Except for parts interfering with A5, H34, T499, Y95 and R14 AWYs. Except for TMA NANTES parts 2, 3, 4 and 5. Transit and over water routes published in AIP are exempt from dangerous activities. Unmanned aircraft flights, flown under direct visual line of sight (VLOS), from the continental coast and up to a distance of 1000 m from the land-sea limit, and a maximum height of 120 m: - are exempt from protocol and bilateral contact with the administrator, - must be notified via the Internet application https://alphatango.aviation-civile.gouv.fr/ (aircraft weighing more than 900g). Activity known on: NANTES APP/INFO.","activationCode":"HX","activationDesc":"Possible activation H24.","UId":"27272142","id":"LFD18A3","stroke":"#f07800","stroke-width":2,"stroke-opacity":0.8,"fill":"#f07800","fill-opacity":0.3},"geometry":{"type":"Polygon","coordinates":[[[-2.9125,47.545278],[-2.910928,47.54529],[-2.913437,47.542532],[-2.915977,47.539787],[-2.918548,47.537056],[-2.921151,47.534338],[-2.923784,47.531633],[-2.926448,47.528943],[-2.929143,47.526267],[-2.931868,47.523604],[-2.934624,47.520956],[-2.937409,47.518323],[-2.940225,47.515704],[-2.94307,47.5131],[-2.945945,47.510511],[-2.948849,47.507937],[-2.951783,47.505378],[-2.954746,47.502835],[-2.957737,47.500307],[-2.960757,47.497795],[-2.963806,47.495299],[-2.966883,47.492819],[-2.969989,47.490355],[-2.973122,47.487907],[-2.976283,47.485475],[-2.979471,47.483061],[-2.982687,47.480663],[-2.98593,47.478282],[-2.989201,47.475917],[-2.992497,47.473571],[-2.995821,47.471241],[-2.999171,47.468929],[-3.002547,47.466634],[-3.005949,47.464357],[-3.009377,47.462098],[-3.01283,47.459857],[-3.016309,47.457634],[-3.019813,47.455429],[-3.023342,47.453243],[-3.026896,47.451075],[-3.030474,47.448926],[-3.034076,47.446795],[-3.037703,47.444683],[-3.041353,47.442591],[-3.045027,47.440517],[-3.048725,47.438463],[-3.052446,47.436428],[-3.056189,47.434413],[-3.059956,47.432417],[-3.063745,47.430441],[-3.067556,47.428485],[-3.071389,47.426549],[-3.075245,47.424633],[-3.079122,47.422737],[-3.08302,47.420862],[-3.086939,47.419007],[-3.090879,47.417172],[-3.09484,47.415358],[-3.098822,47.413565],[-3.102823,47.411793],[-3.106845,47.410041],[-3.110886,47.408311],[-3.114947,47.406602],[-3.119027,47.404914],[-3.123126,47.403248],[-3.127244,47.401603],[-3.131381,47.399979],[-3.135535,47.398377],[-3.139708,47.396797],[-3.143898,47.395239],[-3.148106,47.393703],[-3.152331,47.392189],[-3.156573,47.390697],[-3.160832,47.389227],[-3.165108,47.387779],[-3.169399,47.386354],[-3.173707,47.384951],[-3.178031,47.383571],[-3.18237,47.382213],[-3.186724,47.380879],[-3.191093,47.379567],[-3.195477,47.378277],[-3.199875,47.377011],[-3.204288,47.375768],[-3.208714,47.374548],[-3.213154,47.373351],[-3.217608,47.372177],[-3.222075,47.371027],[-3.226554,47.3699],[-3.231046,47.368796],[-3.235551,47.367716],[-3.240067,47.36666],[-3.244596,47.365627],[-3.249136,47.364617],[-3.253687,47.363632],[-3.258249,47.36267],[-3.262822,47.361733],[-3.263333,47.361667],[-3.263333,47.361667],[-3.263889,47.351944],[-3.251389,47.310833],[-3.235,47.299167],[-3.221944,47.293333],[-3.194444,47.291667],[-3.133333,47.233333],[-2.943056,47.1325],[-2.942427,47.132425],[-2.940983,47.131631],[-2.939545,47.130832],[-2.938113,47.130028],[-2.936687,47.129219],[-2.935267,47.128406],[-2.933853,47.127587],[-2.932445,47.126764],[-2.931043,47.125935],[-2.929648,47.125102],[-2.928259,47.124264],[-2.926876,47.123422],[-2.9255,47.122574],[-2.92413,47.121722],[-2.922766,47.120865],[-2.921408,47.120003],[-2.920058,47.119137],[-2.918713,47.118266],[-2.917376,47.11739],[-2.916044,47.11651],[-2.91472,47.115625],[-2.913402,47.114736],[-2.91209,47.113842],[-2.910786,47.112944],[-2.909488,47.112041],[-2.908197,47.111133],[-2.906912,47.110222],[-2.905635,47.109305],[-2.904364,47.108385],[-2.9031,47.10746],[-2.901844,47.10653],[-2.900594,47.105597],[-2.899351,47.104659],[-2.898115,47.103716],[-2.896886,47.10277],[-2.895665,47.101819],[-2.89445,47.100864],[-2.893243,47.099905],[-2.892043,47.098942],[-2.89085,47.097974],[-2.889664,47.097003],[-2.888485,47.096027],[-2.887314,47.095047],[-2.88615,47.094064],[-2.884994,47.093076],[-2.883845,47.092084],[-2.882703,47.091089],[-2.881569,47.090089],[-2.880442,47.089086],[-2.879323,47.088078],[-2.878212,47.087067],[-2.877107,47.086052],[-2.876011,47.085033],[-2.874922,47.084011],[-2.873841,47.082984],[-2.872767,47.081954],[-2.871701,47.08092],[-2.870643,47.079883],[-2.869593,47.078842],[-2.86855,47.077797],[-2.867515,47.076749],[-2.866489,47.075697],[-2.865469,47.074642],[-2.864458,47.073583],[-2.863455,47.072521],[-2.86246,47.071455],[-2.861472,47.070386],[-2.860493,47.069313],[-2.859521,47.068237],[-2.858558,47.067158],[-2.857603,47.066075],[-2.856656,47.064989],[-2.855717,47.0639],[-2.854786,47.062808],[-2.853863,47.061712],[-2.852948,47.060613],[-2.852042,47.059511],[-2.851144,47.058406],[-2.850254,47.057298],[-2.849372,47.056187],[-2.848499,47.055073],[-2.847634,47.053956],[-2.846777,47.052836],[-2.845929,47.051712],[-2.845089,47.050586],[-2.844257,47.049458],[-2.843434,47.048326],[-2.844444,47.048333],[-2.844444,47.048333],[-2.455,46.5],[-1.8141713042325318,46.49999878735727],[-1.819322,46.518281],[-1.855986,46.608581],[-1.877325,46.628597],[-1.908389,46.649625],[-1.909442,46.656867],[-1.947008,46.6948],[-1.965519,46.691311],[-1.979519,46.704764],[-1.980442,46.718272],[-2.073764,46.783728],[-2.141953,46.818967],[-2.154997,46.889644],[-2.121733,46.891125],[-2.109806,46.899472],[-2.119311,46.900769],[-2.114981,46.912625],[-2.1041590181132155,46.92026669624866],[-2.104167,46.920278],[-2.256194747216889,47.25036236419048],[-2.268486,47.238161],[-2.297525,47.234292],[-2.342858,47.257494],[-2.351922,47.270275],[-2.382219,47.280239],[-2.411603,47.279306],[-2.425358,47.270942],[-2.416522,47.258689],[-2.441361,47.259953],[-2.453336,47.263422],[-2.454233,47.267972],[-2.469214,47.268933],[-2.494675,47.275953],[-2.503786,47.280475],[-2.546325,47.290625],[-2.544942,47.297939],[-2.5119,47.299556],[-2.501411,47.318292],[-2.508419,47.344403],[-2.520758,47.358036],[-2.534364,47.366431],[-2.550006,47.367886],[-2.558806,47.374725],[-2.549533,47.381697],[-2.532481,47.385742],[-2.488778,47.411339],[-2.476542,47.413742],[-2.467244,47.420925],[-2.464242,47.410458],[-2.432728,47.413567],[-2.432222,47.416372],[-2.441353,47.421067],[-2.458653,47.423578],[-2.446436,47.439089],[-2.453114,47.446725],[-2.467856,47.450069],[-2.4805,47.441236],[-2.493917,47.448983],[-2.498922,47.459797],[-2.488419,47.471456],[-2.499983,47.485644],[-2.500281,47.491553],[-2.4937,47.496692],[-2.479025,47.493647],[-2.467428,47.4826],[-2.440869,47.494017],[-2.421633,47.493161],[-2.420431,47.495175],[-2.441847,47.498825],[-2.470044,47.512872],[-2.501731,47.515822],[-2.505056,47.524878],[-2.528694,47.525283],[-2.534339,47.528064],[-2.549467,47.510981],[-2.578889,47.516856],[-2.606336,47.514608],[-2.608161,47.508492],[-2.632067,47.503817],[-2.639478,47.516208],[-2.664317,47.518608],[-2.668536,47.507314],[-2.680483,47.496503],[-2.687275,47.497156],[-2.721761,47.506378],[-2.736161,47.505336],[-2.7548,47.496756],[-2.76905,47.497075],[-2.785161,47.493408],[-2.793711,47.48415],[-2.808425,47.489158],[-2.814925,47.486642],[-2.836042,47.493625],[-2.850817,47.501797],[-2.847342,47.51935],[-2.856761,47.519478],[-2.861618316023309,47.52476671285669],[-2.861667,47.524722],[-2.9125,47.545278]]]}},{"type":"Feature","properties":{"name":"600","nameV":"Q 600 Upper(7900FT AMSL-4100FT AGL)","class":"Q","type":"Q","lower":"SFC","lowerM":0,"upper":"7900FT AMSL","upperMax":"4100FT AGL","upperM":2407,"desc":"Possible onboard electric systems disruption.","activationCode":"HX","activationDesc":"H24","UId":"53083868","id":"LFD600","stroke":"#f07800","stroke-width":2,"stroke-opacity":0.8,"fill":"#f07800","fill-opacity":0.3},"geometry":{"type":"Polygon","coordinates":[[[3.461667,44.662778],[3.494722,44.662778],[3.494722,44.651111],[3.461667,44.651111],[3.461667,44.662778]]]}},{"type":"Feature","properties":{"name":"18 A4","nameV":"Q 18 A4","class":"Q","type":"Q","lower":"SFC","lowerM":0,"upper":"FL095","upperM":2895,"desc":"Administrator: CCMAR ATLANTIQUE (ARMOR). Unmanned aircraft flights, flown under direct visual line of sight (VLOS), from the continental coast and up to a distance of 1000 m from the land-sea limit, and a maximum height of 120 m: - are exempt from protocol and bilateral contact with the administrator, - must be notified via the Internet application https://alphatango.aviation-civile.gouv.fr/ (aircraft weighing more than 900g). Activity known on: NANTES APP/INFO, AQUITAINE APP/INFO and LA ROCHELLE APP/INFO.","activationCode":"HX","activationDesc":"Possible activation H24.","UId":"27272166","id":"LFD18A4","stroke":"#f07800","stroke-width":2,"stroke-opacity":0.8,"fill":"#f07800","fill-opacity":0.3},"geometry":{"type":"Polygon","coordinates":[[[-2.455,46.5],[-1.891111,45.683333],[-1.933333,45.561111],[-1.183333,45.561111],[-1.814167,46.5],[-2.455,46.5]]]}},{"type":"Feature","properties":{"name":"18 A5","nameV":"Q 18 A5","class":"Q","type":"Q","lower":"SFC","lowerM":0,"upper":"FL095","upperM":2895,"desc":"Administrator: CCMAR ATLANTIQUE (ARMOR). Except for parts interfering with T499 and Y491 AWY. Except for parts interfering with CTA1 CHANNEL ISLANDS AIRSPACE and TMA CHANNEL ISLANDS AIRSPACE. Except for TMA LORIENT part 1, LF-D32, LF-D33 and LF-R13C when active. Unmanned aircraft flights, flown under direct visual line of sight (VLOS), from the continental coast and up to a distance of 1000 m from the land-sea limit, and a maximum height of 120 m: - are exempt from protocol and bilateral contact with the administrator, - must be notified via the Internet application https://alphatango.aviation-civile.gouv.fr/ (aircraft weighing more than 900g). Activity known on: IROISE APP/INFO and NANTES APP/INFO.","activationCode":"HX","activationDesc":"Possible activation H24.","UId":"27272179","id":"LFD18A5","stroke":"#f07800","stroke-width":2,"stroke-opacity":0.8,"fill":"#f07800","fill-opacity":0.3},"geometry":{"type":"Polygon","coordinates":[[[-3.0,49.830833],[-3.0,49.022222],[-3.05,49.022222],[-3.616667,48.905556],[-4.809444,48.661111],[-5.333333,48.549167],[-5.333333,48.083333],[-4.947222,48.083333],[-4.366667,47.791667],[-4.176944,47.694722],[-3.823611,47.693333],[-3.824123,47.693447],[-3.822599,47.689653],[-3.820993,47.685874],[-3.819305,47.682112],[-3.817535,47.678367],[-3.815684,47.674639],[-3.813752,47.670931],[-3.811739,47.667241],[-3.809645,47.663573],[-3.807473,47.659925],[-3.805221,47.656299],[-3.80289,47.652696],[-3.800481,47.649116],[-3.797995,47.645561],[-3.795431,47.642031],[-3.792791,47.638526],[-3.790075,47.635048],[-3.787283,47.631597],[-3.784417,47.628174],[-3.781477,47.62478],[-3.778464,47.621415],[-3.775377,47.61808],[-3.772219,47.614777],[-3.768989,47.611505],[-3.765688,47.608265],[-3.762318,47.605058],[-3.758878,47.601885],[-3.75537,47.598746],[-3.751794,47.595643],[-3.748151,47.592575],[-3.744442,47.589544],[-3.740667,47.586549],[-3.736828,47.583592],[-3.732926,47.580674],[-3.72896,47.577794],[-3.724933,47.574954],[-3.720844,47.572155],[-3.716696,47.569396],[-3.712487,47.566678],[-3.708221,47.564002],[-3.703897,47.561369],[-3.699516,47.558779],[-3.69508,47.556232],[-3.69059,47.55373],[-3.686045,47.551272],[-3.681448,47.54886],[-3.676799,47.546493],[-3.6721,47.544173],[-3.66735,47.541899],[-3.662552,47.539673],[-3.657707,47.537494],[-3.652815,47.535364],[-3.647877,47.533282],[-3.642895,47.531249],[-3.63787,47.529266],[-3.632802,47.527332],[-3.627693,47.52545],[-3.622543,47.523617],[-3.617355,47.521836],[-3.612129,47.520107],[-3.606866,47.518429],[-3.601568,47.516804],[-3.596234,47.515231],[-3.590868,47.513712],[-3.585469,47.512245],[-3.580039,47.510832],[-3.574579,47.509473],[-3.569091,47.508169],[-3.563575,47.506918],[-3.558032,47.505723],[-3.552464,47.504582],[-3.546873,47.503497],[-3.541258,47.502467],[-3.535622,47.501492],[-3.529965,47.500574],[-3.524289,47.499712],[-3.518596,47.498906],[-3.512885,47.498156],[-3.507159,47.497463],[-3.501418,47.496827],[-3.495665,47.496247],[-3.489899,47.495725],[-3.484123,47.49526],[-3.478337,47.494852],[-3.472544,47.494501],[-3.466743,47.494207],[-3.460937,47.493971],[-3.455126,47.493793],[-3.449312,47.493672],[-3.443495,47.493609],[-3.437679,47.493603],[-3.431862,47.493655],[-3.426048,47.493764],[-3.426111,47.494167],[-3.426111,47.494167],[-3.428889,47.343889],[-3.428861,47.344096],[-3.427105,47.344119],[-3.425349,47.344145],[-3.423593,47.344175],[-3.421837,47.344208],[-3.420082,47.344245],[-3.418327,47.344285],[-3.416572,47.344328],[-3.414817,47.344375],[-3.413062,47.344425],[-3.411308,47.344478],[-3.409553,47.344535],[-3.407799,47.344595],[-3.406045,47.344659],[-3.404292,47.344726],[-3.402539,47.344796],[-3.400786,47.34487],[-3.399033,47.344947],[-3.397281,47.345027],[-3.395529,47.345111],[-3.393777,47.345198],[-3.392026,47.345288],[-3.390275,47.345382],[-3.388525,47.345479],[-3.386775,47.34558],[-3.385025,47.345684],[-3.383276,47.345791],[-3.381527,47.345902],[-3.379779,47.346016],[-3.378031,47.346133],[-3.376284,47.346254],[-3.374537,47.346378],[-3.372791,47.346505],[-3.371045,47.346636],[-3.3693,47.34677],[-3.367556,47.346907],[-3.365812,47.347048],[-3.364068,47.347192],[-3.362325,47.34734],[-3.360583,47.347491],[-3.358842,47.347645],[-3.357101,47.347803],[-3.355361,47.347963],[-3.353621,47.348128],[-3.351882,47.348295],[-3.350144,47.348466],[-3.348406,47.34864],[-3.34667,47.348818],[-3.344934,47.348999],[-3.343198,47.349183],[-3.341464,47.349371],[-3.33973,47.349562],[-3.337997,47.349756],[-3.336265,47.349953],[-3.334534,47.350154],[-3.332804,47.350359],[-3.331074,47.350566],[-3.329345,47.350777],[-3.327618,47.350991],[-3.325891,47.351209],[-3.324165,47.351429],[-3.32244,47.351654],[-3.320715,47.351881],[-3.318992,47.352112],[-3.31727,47.352346],[-3.315549,47.352583],[-3.313829,47.352824],[-3.312109,47.353068],[-3.310391,47.353315],[-3.308674,47.353566],[-3.306958,47.35382],[-3.305243,47.354077],[-3.303529,47.354337],[-3.301816,47.354601],[-3.300104,47.354868],[-3.298393,47.355138],[-3.296684,47.355412],[-3.294975,47.355689],[-3.293268,47.355969],[-3.291562,47.356252],[-3.289857,47.356539],[-3.288153,47.356829],[-3.286451,47.357122],[-3.28475,47.357419],[-3.283049,47.357719],[-3.281351,47.358022],[-3.279653,47.358328],[-3.277957,47.358638],[-3.276262,47.358951],[-3.274568,47.359267],[-3.272876,47.359586],[-3.271185,47.359909],[-3.269495,47.360235],[-3.267807,47.360564],[-3.26612,47.360896],[-3.264435,47.361232],[-3.26275,47.36157],[-3.263333,47.361667],[-3.263333,47.361667],[-3.263889,47.351944],[-3.251389,47.310833],[-3.235,47.299167],[-3.221944,47.293333],[-3.194444,47.291667],[-3.133333,47.233333],[-2.943056,47.1325],[-2.942427,47.132425],[-2.940983,47.131631],[-2.939545,47.130832],[-2.938113,47.130028],[-2.936687,47.129219],[-2.935267,47.128406],[-2.933853,47.127587],[-2.932445,47.126764],[-2.931043,47.125935],[-2.929648,47.125102],[-2.928259,47.124264],[-2.926876,47.123422],[-2.9255,47.122574],[-2.92413,47.121722],[-2.922766,47.120865],[-2.921408,47.120003],[-2.920058,47.119137],[-2.918713,47.118266],[-2.917376,47.11739],[-2.916044,47.11651],[-2.91472,47.115625],[-2.913402,47.114736],[-2.91209,47.113842],[-2.910786,47.112944],[-2.909488,47.112041],[-2.908197,47.111133],[-2.906912,47.110222],[-2.905635,47.109305],[-2.904364,47.108385],[-2.9031,47.10746],[-2.901844,47.10653],[-2.900594,47.105597],[-2.899351,47.104659],[-2.898115,47.103716],[-2.896886,47.10277],[-2.895665,47.101819],[-2.89445,47.100864],[-2.893243,47.099905],[-2.892043,47.098942],[-2.89085,47.097974],[-2.889664,47.097003],[-2.888485,47.096027],[-2.887314,47.095047],[-2.88615,47.094064],[-2.884994,47.093076],[-2.883845,47.092084],[-2.882703,47.091089],[-2.881569,47.090089],[-2.880442,47.089086],[-2.879323,47.088078],[-2.878212,47.087067],[-2.877107,47.086052],[-2.876011,47.085033],[-2.874922,47.084011],[-2.873841,47.082984],[-2.872767,47.081954],[-2.871701,47.08092],[-2.870643,47.079883],[-2.869593,47.078842],[-2.86855,47.077797],[-2.867515,47.076749],[-2.866489,47.075697],[-2.865469,47.074642],[-2.864458,47.073583],[-2.863455,47.072521],[-2.86246,47.071455],[-2.861472,47.070386],[-2.860493,47.069313],[-2.859521,47.068237],[-2.858558,47.067158],[-2.857603,47.066075],[-2.856656,47.064989],[-2.855717,47.0639],[-2.854786,47.062808],[-2.853863,47.061712],[-2.852948,47.060613],[-2.852042,47.059511],[-2.851144,47.058406],[-2.850254,47.057298],[-2.849372,47.056187],[-2.848499,47.055073],[-2.847634,47.053956],[-2.846777,47.052836],[-2.845929,47.051712],[-2.845089,47.050586],[-2.844257,47.049458],[-2.843434,47.048326],[-2.844444,47.048333],[-2.844444,47.048333],[-2.455,46.5],[-1.891111,45.683333],[-1.933333,45.561111],[-3.5,45.0],[-8.0,45.0],[-8.0,48.833333],[-6.873611,49.080556],[-5.5,49.361389],[-4.606389,49.538056],[-3.0,49.830833]]]}},{"type":"Feature","properties":{"name":"31 D","nameV":"Q 31 D (SeeNotam)","class":"Q","type":"Q","lower":"SFC","lowerM":0,"upper":"FL999","upperM":30449,"desc":"Administrator CMC CAZAUX. Pilots must be aware of the life threatening nature of activities taking place in this area. Activity known on BORDEAUX ACC and BREST ACC.","activationCode":"HX","activationDesc":"SUM: MON 0600 to FRI 1500 WIN: MON 0700 to FRI 1600 Other times, activation announced by NOTAM with 7 days prior notice.","UId":"1562285","id":"LFD31","stroke":"#f07800","stroke-width":2,"stroke-opacity":0.8,"fill":"#f07800","fill-opacity":0.3},"geometry":{"type":"Polygon","coordinates":[[[-1.933333,45.561111],[-1.430767724141459,45.561092508588196],[-1.443592,45.515822],[-1.449639,45.491558],[-1.451258,45.466978],[-1.449269,45.446556],[-1.450092,45.443636],[-1.453131,45.430467],[-1.454881,45.417183],[-1.455308,45.40385],[-1.454528,45.356061],[-1.45595,45.312114],[-1.488353,45.097583],[-1.488486,45.096714],[-1.488603,45.095847],[-1.488722,45.094986],[-1.517647,44.875172],[-1.548778,44.708439],[-1.549425,44.704661],[-1.549969,44.700867],[-1.550414,44.697078],[-1.555611,44.645983],[-1.556311,44.631342],[-1.555419,44.616706],[-1.552961,44.602142],[-1.551022,44.593467],[-1.550489,44.591217],[-1.550817,44.570686],[-1.552869,44.546111],[-1.550453,44.521561],[-1.547539,44.506206],[-1.549661,44.466828],[-1.565089,44.372603],[-1.597067,44.205558],[-1.672536,43.934878],[-1.724567,43.753358],[-1.72615,43.747347],[-1.727469,43.741314],[-1.7285,43.735253],[-1.730853,43.72195],[-1.730833,43.721944],[-1.783333,43.711111],[-1.783333,43.583333],[-2.519444,43.838889],[-1.933333,45.561111]]]}},{"type":"Feature","properties":{"name":"18 A1","nameV":"Q 18 A1","class":"Q","type":"Q","lower":"SFC","lowerM":0,"upper":"FL095","upperM":2895,"desc":"Administrator: CCMAR ATLANTIQUE (ARMOR). Except for parts interfering with T120 and Y491 AWY. Except for CTR LANDIVISIAU, TMA IROISE part 1 and 3, LF-R140, LF-R154 LOW, LF-R157 LOW and LF-R195 when active. Transit and over water routes published in AIP are exempt from dangerous activities. Unmanned aircraft flights, flown under direct visual line of sight (VLOS), from the continental coast and up to a distance of 1000 m from the land-sea limit, and a maximum height of 120 m: - are exempt from protocol and bilateral contact with the administrator, - must be notified via the Internet application https://alphatango.aviation-civile.gouv.fr/ (aircraft weighing more than 900g). Activity known on: IROISE APP/INFO.","activationCode":"HX","activationDesc":"Possible activation H24.","UId":"27272109","id":"LFD18A1","stroke":"#f07800","stroke-width":2,"stroke-opacity":0.8,"fill":"#f07800","fill-opacity":0.3},"geometry":{"type":"Polygon","coordinates":[[[-3.0,49.022222],[-3.05,49.022222],[-3.616667,48.905556],[-4.809444,48.661111],[-5.333333,48.549167],[-5.333333,48.083333],[-4.947222,48.083333],[-4.366667,47.791667],[-4.4057663982435615,47.94040632361394],[-4.406128,47.940594],[-4.417589,47.957381],[-4.431806,47.967822],[-4.459383,47.984469],[-4.477675,47.987528],[-4.494308,47.999431],[-4.534386,48.009717],[-4.541242,48.010714],[-4.556258,48.009286],[-4.565217,47.999639],[-4.585833,48.006561],[-4.593603,48.012133],[-4.604347,48.015142],[-4.623056,48.019264],[-4.632975,48.029336],[-4.650278,48.021803],[-4.666114,48.026217],[-4.698517,48.026961],[-4.710692,48.033053],[-4.729753,48.03535],[-4.737847,48.039964],[-4.719636,48.041406],[-4.707897,48.044028],[-4.706044,48.049206],[-4.714758,48.053917],[-4.714047,48.064786],[-4.694906,48.06035],[-4.689139,48.064353],[-4.671875,48.060142],[-4.665008,48.072778],[-4.644406,48.067978],[-4.630967,48.067508],[-4.630444,48.0731],[-4.621522,48.068386],[-4.616695881095394,48.070349005211625],[-4.616667,48.070278],[-4.616667117382606,48.33745072445863],[-4.628117,48.337478],[-4.639758,48.345875],[-4.650883,48.345531],[-4.657922,48.348758],[-4.679647,48.355553],[-4.683725,48.353731],[-4.691933,48.35435],[-4.700358,48.350236],[-4.704553,48.346292],[-4.698675,48.337336],[-4.710378,48.331031],[-4.720881,48.329922],[-4.732556,48.331758],[-4.743906,48.330486],[-4.761442,48.327642],[-4.77255,48.329083],[-4.7755,48.335839],[-4.77085,48.348333],[-4.776294,48.351019],[-4.782483,48.353497],[-4.779678,48.359067],[-4.783067,48.361561],[-4.790639,48.36195],[-4.786692,48.367689],[-4.779167,48.36465],[-4.769322,48.364975],[-4.761883,48.372039],[-4.765392,48.384097],[-4.77395,48.387822],[-4.774789,48.397764],[-4.776364,48.406933],[-4.782817,48.406325],[-4.795453,48.414264],[-4.780858,48.4385],[-4.783589,48.445475],[-4.772858,48.456442],[-4.7616,48.469233],[-4.763581,48.472228],[-4.775344,48.487706],[-4.778942,48.503692],[-4.766078,48.509367],[-4.770892,48.514792],[-4.776831,48.515392],[-4.774953,48.518358],[-4.765408,48.517506],[-4.766583,48.522444],[-4.757886,48.521044],[-4.765558,48.529872],[-4.758664,48.533239],[-4.7493,48.529036],[-4.749978,48.5434],[-4.738436,48.549589],[-4.727292,48.558047],[-4.716464,48.559008],[-4.71225,48.554189],[-4.706467,48.552944],[-4.701186,48.555317],[-4.705231,48.558886],[-4.699108,48.564486],[-4.705411,48.569661],[-4.701058,48.57075],[-4.686136,48.572242],[-4.680203,48.567081],[-4.672042,48.569903],[-4.670081,48.575922],[-4.662914,48.570283],[-4.6394,48.574028],[-4.627331,48.578739],[-4.621511,48.574589],[-4.596178,48.571033],[-4.598906,48.574058],[-4.612347,48.578178],[-4.606072,48.581894],[-4.603339,48.586178],[-4.607339,48.587525],[-4.605892,48.603475],[-4.597303,48.607947],[-4.586753,48.600147],[-4.594886,48.597461],[-4.595317,48.593256],[-4.563842,48.598003],[-4.5583,48.594683],[-4.544672,48.597697],[-4.5404,48.600164],[-4.548981,48.603311],[-4.5613,48.604686],[-4.553417,48.611119],[-4.5683,48.609042],[-4.5662,48.625289],[-4.541675,48.6243],[-4.547825,48.629403],[-4.547467,48.635144],[-4.539664,48.637178],[-4.539294,48.632433],[-4.528642,48.629092],[-4.523464,48.634311],[-4.514783,48.634336],[-4.506547,48.629894],[-4.511964,48.624508],[-4.505039,48.622772],[-4.501314,48.621156],[-4.495628,48.624497],[-4.475628,48.623819],[-4.462061,48.627389],[-4.455433,48.633319],[-4.440614,48.640989],[-4.432208,48.635283],[-4.4318,48.641972],[-4.417108,48.636939],[-4.399775,48.638053],[-4.432531,48.647478],[-4.438039,48.65255],[-4.435433,48.65575],[-4.430531,48.653775],[-4.424286,48.652867],[-4.416142,48.655075],[-4.407564,48.653822],[-4.395469,48.657047],[-4.381378,48.661175],[-4.372917,48.668314],[-4.366056,48.66855],[-4.345086,48.677178],[-4.324528,48.674817],[-4.329125,48.667875],[-4.321164,48.666961],[-4.318469,48.672289],[-4.308933,48.667169],[-4.296419,48.664417],[-4.294628,48.661153],[-4.298892,48.654572],[-4.305286,48.648664],[-4.316772,48.646594],[-4.308461,48.643569],[-4.316164,48.637714],[-4.308919,48.635136],[-4.297617,48.632433],[-4.295311,48.636539],[-4.300956,48.639597],[-4.279672,48.643911],[-4.274936,48.649381],[-4.235144,48.651328],[-4.220156,48.647875],[-4.194492,48.651964],[-4.200328,48.656583],[-4.222292,48.658211],[-4.208119,48.671847],[-4.185533,48.6872],[-4.180872,48.683706],[-4.165419,48.689742],[-4.140542,48.693008],[-4.129683,48.696828],[-4.120403,48.693314],[-4.114694,48.694733],[-4.097819,48.694542],[-4.093142,48.688889],[-4.083617,48.693267],[-4.06905,48.687064],[-4.061869,48.686814],[-4.056767,48.687511],[-4.052567,48.7063],[-4.042808,48.702514],[-4.036961,48.706714],[-4.035406,48.713897],[-4.026978,48.710742],[-4.019256,48.711328],[-4.012011,48.715819],[-4.006989,48.727028],[-4.003633,48.725106],[-4.004336,48.713697],[-3.996719,48.712578],[-3.991317,48.717883],[-3.992864,48.7243],[-3.986433,48.727683],[-3.976856,48.722125],[-3.969319,48.727739],[-3.964742,48.722147],[-3.975761,48.699],[-3.966614,48.693364],[-3.965975,48.690222],[-3.958642,48.688711],[-3.959108,48.682681],[-3.968217,48.689942],[-3.970297,48.677467],[-3.964553,48.675572],[-3.950003,48.672586],[-3.954983,48.669092],[-3.952164,48.656247],[-3.947008,48.652672],[-3.928389,48.660017],[-3.922639,48.67545],[-3.909869,48.669578],[-3.897169,48.672303],[-3.890322,48.667661],[-3.906214,48.660792],[-3.893542,48.643308],[-3.860272,48.631997],[-3.847289,48.628872],[-3.852017,48.644719],[-3.858064,48.652644],[-3.858139,48.661836],[-3.8645,48.670883],[-3.856725,48.673481],[-3.852881,48.662589],[-3.84705,48.660831],[-3.846339,48.665619],[-3.847258,48.6754],[-3.852947,48.676058],[-3.849417,48.682897],[-3.855564,48.685108],[-3.850583,48.694719],[-3.840067,48.696539],[-3.843697,48.705539],[-3.837644,48.706178],[-3.836175,48.711006],[-3.829664,48.712978],[-3.827508,48.704803],[-3.820972,48.701717],[-3.819911,48.713917],[-3.823192,48.719056],[-3.807014,48.710953],[-3.800642,48.713186],[-3.797572,48.706689],[-3.787511,48.701764],[-3.778719,48.70275],[-3.767144,48.708578],[-3.757431,48.708797],[-3.736458,48.70825],[-3.722819,48.706136],[-3.715503,48.703778],[-3.719178,48.700264],[-3.698075,48.689775],[-3.689869,48.691933],[-3.682625,48.686756],[-3.674147,48.68845],[-3.655181,48.696703],[-3.647281,48.694567],[-3.644922,48.691831],[-3.654833,48.682008],[-3.640419,48.674947],[-3.637267,48.67415],[-3.635839,48.682103],[-3.630767,48.681925],[-3.624214,48.68495],[-3.6166726485429703,48.68303377007487],[-3.616667,48.683056],[-3.616667,48.688889],[-3.616667,48.866667],[-3.0,48.866667],[-3.0,49.022222]]]}},{"type":"Feature","properties":{"name":"603","nameV":"Q 603 (SeeNotam)","class":"Q","type":"Q","lower":"SFC","lowerM":0,"upper":"FL999","upperM":30449,"desc":"Managing authority: CCMAR ATLANTIQUE TEL: +33 (0)2 98 31 82 69 This area, when active, replaces the portions of LF-D 12 Global A and B, LF-D 12 North A and B, LF-D 7 with which it interferes. User's attention is drawn towards the dangerous nature for the eyes of laser emission occuring in this area. It is recommended not to enter. Comply with the instructions of the usual air traffic control services. Activity known on: BREST ACC, LANVEOC APP, LANVEOC TWR.","activationCode":"HX","activationDesc":"Activation by NOTAM from SS+30 to SR-30","UId":"52921906","id":"LFD603","stroke":"#f07800","stroke-width":2,"stroke-opacity":0.8,"fill":"#f07800","fill-opacity":0.3},"geometry":{"type":"Polygon","coordinates":[[[-4.484372,48.371108],[-4.484695,48.37378],[-4.48566,48.376383],[-4.48724,48.378849],[-4.489396,48.381115],[-4.492072,48.383122],[-4.495198,48.384817],[-4.498693,48.386158],[-4.502466,48.387109],[-4.506421,48.387645],[-4.510454,48.387753],[-4.514461,48.38743],[-4.518337,48.386684],[-4.521984,48.385534],[-4.525305,48.384011],[-4.528215,48.382154],[-4.530638,48.380011],[-4.532513,48.377637],[-4.533789,48.375094],[-4.534435,48.372448],[-4.534434,48.369768],[-4.533786,48.367123],[-4.532507,48.36458],[-4.530631,48.362207],[-4.528207,48.360065],[-4.525297,48.358209],[-4.521976,48.356686],[-4.518332,48.355538],[-4.514457,48.354792],[-4.510453,48.354469],[-4.506423,48.354577],[-4.502471,48.355113],[-4.498699,48.356063],[-4.495205,48.357403],[-4.49208,48.359098],[-4.489404,48.361104],[-4.487247,48.363369],[-4.485665,48.365834],[-4.484698,48.368437],[-4.484372,48.371108]]]}},{"type":"Feature","properties":{"name":"526 A","nameV":"Q 526 A","class":"Q","type":"Q","lower":"SFC","lowerM":0,"upper":"4500FT AMSL","upperM":1371,"desc":"Administrator: 2ème Régiment de Hussards. TEL: 03 88 06 82 41. Actual activity known on STRASBOURG APP 120.410 MHz.","activationCode":"H24","activationDesc":"Possible activation H24 except SUN and HOL.","UId":"1606191","id":"LFD526A","stroke":"#f07800","stroke-width":2,"stroke-opacity":0.8,"fill":"#f07800","fill-opacity":0.3},"geometry":{"type":"Polygon","coordinates":[[[7.852778,48.8],[7.842222,48.808889],[7.836111,48.823611],[7.853056,48.832778],[7.913333,48.836111],[7.941667,48.831944],[7.942222,48.819444],[7.920833,48.805556],[7.897222,48.8],[7.852778,48.8]]]}},{"type":"Feature","properties":{"name":"526 B","nameV":"Q 526 B","class":"Q","type":"Q","lower":"4500FT AMSL","lowerM":1371,"upper":"FL115","upperM":3505,"desc":"Administrator: 2ème Régiment de Hussards. TEL: 03 88 06 82 41. Actual activity known on STRASBOURG APP 120.410 MHz.","activationCode":"H24","activationDesc":"Possible activation H24 except SUN and HOL.","UId":"1606193","id":"LFD526B","stroke":"#f07800","stroke-width":2,"stroke-opacity":0.8,"fill":"#f07800","fill-opacity":0.1},"geometry":{"type":"Polygon","coordinates":[[[7.852778,48.8],[7.842222,48.808889],[7.836111,48.823611],[7.853056,48.832778],[7.913333,48.836111],[7.941667,48.831944],[7.942222,48.819444],[7.920833,48.805556],[7.897222,48.8],[7.852778,48.8]]]}},{"type":"Feature","properties":{"name":"54 A1","nameV":"Q 54 A1","class":"Q","type":"Q","lower":"SFC","lowerM":0,"upper":"FL999","upperM":30449,"desc":"Administrator: CC MAR MEDITERRANÉE (FANNY CTL). Airspace defined except for the portions they overlap of CTR HYERES, CTA TOULON, LF-R 64 TOULON when active, and LF-P 63 ILE DU LEVANT. ILE DU LEVANT: entry prohibited (exemption: see AIP ENR 5.1). VFR: users must be aware of the life threatening nature of the activities taking place within this area. It is recommended not to enter this area. Please comply with the instructions provided by usual air traffic control services. IFR: follow ATC instructions. Actual activity known on: - MARSEILLE ACC/INFO, - PROVENCE APP/INFO, - NICE APP/INFO, - AJACCIO APP/INFO, - TOULON APP.","activationCode":"OTHER","activationDesc":"Possible activation H24","UId":"1562513","id":"LFD54A1","stroke":"#f07800","stroke-width":2,"stroke-opacity":0.8,"fill":"#f07800","fill-opacity":0.3},"geometry":{"type":"Polygon","coordinates":[[[5.633333,42.752778],[5.868333,42.940556],[6.075,42.994722],[6.62,43.135556],[7.506667,43.031389],[7.860556,42.314722],[5.633333,42.416667],[5.633333,42.752778]]]}},{"type":"Feature","properties":{"name":"54 A2","nameV":"Q 54 A2","class":"Q","type":"Q","lower":"SFC","lowerM":0,"upper":"FL999","upperM":30449,"desc":"Administrator: CC MAR MEDITERRANÉE (FANNY CTL). VFR: users must be aware of the life threatening nature of the activities taking place within this area. It is recommended not to enter this area. Please comply with the instructions provided by usual air traffic control services. IFR: follow ATC instructions. Actual activity known on: - MARSEILLE ACC/INFO, - PROVENCE APP/INFO, - NICE APP/INFO, - AJACCIO APP/INFO, - TOULON APP.","activationCode":"OTHER","activationDesc":"Possible activation H24.","UId":"1560949","id":"LFD54A2","stroke":"#f07800","stroke-width":2,"stroke-opacity":0.8,"fill":"#f07800","fill-opacity":0.3},"geometry":{"type":"Polygon","coordinates":[[[6.666667,43.13],[7.506667,43.031389],[7.860556,42.314722],[7.490833,41.635],[6.666667,41.366111],[6.666667,43.13]]]}},{"type":"Feature","properties":{"name":"54 A3","nameV":"Q 54 A3","class":"Q","type":"Q","lower":"SFC","lowerM":0,"upper":"FL999","upperM":30449,"desc":"Administrator: CC MAR MEDITERRANÉE (FANNY CTL). VFR: users must be aware of the life threatening nature of the activities taking place within this area. It is recommended not to enter this area. Please comply with the instructions provided by usual air traffic control services. IFR: follow ATC instructions. Actual activity known on: - MARSEILLE ACC/INFO, - PROVENCE APP/INFO, - NICE APP/INFO, - AJACCIO APP/INFO, - TOULON APP.","activationCode":"OTHER","activationDesc":"Possible activation H24","UId":"1560951","id":"LFD54A3","stroke":"#f07800","stroke-width":2,"stroke-opacity":0.8,"fill":"#f07800","fill-opacity":0.3},"geometry":{"type":"Polygon","coordinates":[[[5.633333,42.666667],[6.25,42.666667],[6.666667,42.668611],[7.687778,42.666667],[7.860556,42.314722],[7.490833,41.635],[6.572222,41.335],[6.25,41.452222],[5.65,41.666667],[5.5,42.1],[5.5,42.416667],[5.633333,42.416667],[5.633333,42.666667]]]}},{"type":"Feature","properties":{"name":"54 A4","nameV":"Q 54 A4","class":"Q","type":"Q","lower":"SFC","lowerM":0,"upper":"FL999","upperM":30449,"desc":"Administrator: CC MAR MEDITERRANÉE (FANNY CTL). Airspace defined except for the portions they overlap of CTR HYERES, CTA TOULON, LF-R 64 TOULON when active, and LF-P 63 ILE DU LEVANT. ILE DU LEVANT: entry prohibited (exemption: see AIP ENR 5.1). VFR: users must be aware of the life threatening nature of the activities taking place within this area. It is recommended not to enter this area. Please comply with the instructions provided by usual air traffic control services. IFR: follow ATC instructions. Actual activity known on: - MARSEILLE ACC/INFO, - PROVENCE APP/INFO, - NICE APP/INFO, - AJACCIO APP/INFO, - TOULON APP.","activationCode":"OTHER","activationDesc":"Possible activation H24.","UId":"1560891","id":"LFD54A4","stroke":"#f07800","stroke-width":2,"stroke-opacity":0.8,"fill":"#f07800","fill-opacity":0.3},"geometry":{"type":"Polygon","coordinates":[[[5.633333,42.752778],[5.868333,42.940556],[5.878056,42.943056],[6.62,43.135556],[6.666667,43.13],[6.666667,41.366667],[6.572222,41.335],[5.65,41.666667],[5.5,42.1],[5.5,42.416667],[5.633333,42.416667],[5.633333,42.752778]]]}},{"type":"Feature","properties":{"name":"540 C","nameV":"Q 540 C","class":"Q","type":"Q","lower":"SFC","lowerM":0,"upper":"FL285","upperM":8686,"desc":"Administrator: CC MAR MEDITERRANÉE (FANNY CTL). VFR: users must be aware of the life threatening nature of the activities taking place within this area. It is recommended not to enter this area. Please comply with the instructions provided by usual air traffic control services. IFR: follow ATC instructions. Actual activity known on: - MARSEILLE ACC/INFO, - PROVENCE APP/INFO, - NICE APP/INFO, - AJACCIO APP/INFO, - TOULON APP. LF D 540 C is active simultaneously with LF D 540 W and LF D 540 E.","activationCode":"OTHER","activationDesc":"Possible activation H24.","UId":"49684315","id":"LFD540C","stroke":"#f07800","stroke-width":2,"stroke-opacity":0.8,"fill":"#f07800","fill-opacity":0.3},"geometry":{"type":"Polygon","coordinates":[[[7.506667,43.031389],[7.716667,43.0],[8.333333,42.116667],[8.333333,41.6925],[7.68,41.431528],[7.318208,41.291322],[6.598247,41.325289],[6.572222,41.335],[7.490833,41.635],[7.860556,42.314722],[7.506667,43.031389]]]}},{"type":"Feature","properties":{"name":"54 N","nameV":"Q 54 N","class":"Q","type":"Q","lower":"SFC","lowerM":0,"upper":"FL999","upperM":30449,"desc":"Administrator: CC MAR MEDITERRANÉE (FANNY CTL). Airspace defined except for the portions they overlap of CTR HYERES, CTA TOULON, LF-R 64 TOULON, LF-P 48 Fort de Brégançon, when active, and LF-P 62 TOULON, LF-P 237 L PRADERE. VFR: users must be aware of the life threatening nature of the activities taking place within this area. It is recommended not to enter this area. Please comply with the instructions provided by usual air traffic control services. IFR: follow ATC instructions. Actual activity known on: - MARSEILLE ACC/INFO, - PROVENCE APP/INFO - NICE APP/INFO, - AJACCIO APP/INFO, - TOULON APP.","activationCode":"OTHER","activationDesc":"Possible activation H24.","UId":"44381934","id":"LFD54N","stroke":"#f07800","stroke-width":2,"stroke-opacity":0.8,"fill":"#f07800","fill-opacity":0.3},"geometry":{"type":"Polygon","coordinates":[[[5.866667,43.175],[6.266667,43.175],[6.62,43.135556],[5.868333,42.940556],[5.633333,42.752778],[5.633333,43.033333],[5.866667,43.175]]]}},{"type":"Feature","properties":{"name":"54 NR","nameV":"Q 54 NR","class":"Q","type":"Q","lower":"SFC","lowerM":0,"upper":"FL999","upperM":30449,"desc":"Administrator: CC MAR MEDITERRANÉE (FANNY CTL). Airspace defined except for the portions they overlap of CTR HYERES, CTA TOULON, LF-R 64 TOULON, LF-P 48 Fort de Brégançon, when active, and LF-P 62 TOULON, LF-P 237 L PRADERE. VFR: users must be aware of the life threatening nature of the activities taking place within this area. It is recommended not to enter this area. Please comply with the instructions provided by usual air traffic control services. IFR: follow ATC instructions. Actual activity known on: - MARSEILLE ACC/INFO, - PROVENCE APP/INFO - NICE APP/INFO, - AJACCIO APP/INFO, - TOULON APP.","activationCode":"OTHER","activationDesc":"Possible activation H24.","UId":"44381997","id":"LFD54NR","stroke":"#f07800","stroke-width":2,"stroke-opacity":0.8,"fill":"#f07800","fill-opacity":0.3},"geometry":{"type":"Polygon","coordinates":[[[5.633333,42.95],[5.916389,43.175],[6.266667,43.175],[6.466667,43.1525],[6.62,43.135556],[5.868333,42.940556],[5.633333,42.752778],[5.633333,42.95]]]}},{"type":"Feature","properties":{"name":"540 E","nameV":"Q 540 E","class":"Q","type":"Q","lower":"FL195","lowerM":5943,"upper":"FL285","upperM":8686,"desc":"Administrator: CC MAR MEDITERRANÉE (FANNY CTL). VFR: users must be aware of the life threatening nature of the activities taking place within this area. It is recommended not to enter this area. Please comply with the instructions provided by usual air traffic control services. IFR: follow ATC instructions. Actual activity known on: - MARSEILLE ACC/INFO, - PROVENCE APP/INFO, - NICE APP/INFO, - AJACCIO APP/INFO, - TOULON APP. LF D 540 C is active simultaneously with LF D 540 W and LF D 540 C.","activationCode":"OTHER","activationDesc":"Possible activation H24.","UId":"49684338","id":"LFD540E","stroke":"#f07800","stroke-width":2,"stroke-opacity":0.8,"fill":"#f07800","fill-opacity":0.1},"geometry":{"type":"Polygon","coordinates":[[[7.716667,43.0],[8.724444,42.7625],[8.987222,42.653889],[9.2175,42.5725],[9.693611,42.3375],[9.694444,41.375556],[8.305556,41.375],[8.175278,41.245],[7.318208,41.291322],[8.333333,41.6925],[8.333333,42.116667],[7.716667,43.0]]]}},{"type":"Feature","properties":{"name":"540 W","nameV":"Q 540 W","class":"Q","type":"Q","lower":"SFC","lowerM":0,"upper":"FL999","upperM":30449,"desc":"Administrator: CC MAR MEDITERRANÉE (FANNY CTL). VFR: users must be aware of the life threatening nature of the activities taking place within this area. It is recommended not to enter this area. Please comply with the instructions provided by usual air traffic control services. IFR: follow ATC instructions. Actual activity known on: - MARSEILLE ACC/INFO, - PROVENCE APP/INFO, - NICE APP/INFO, - AJACCIO APP/INFO, - TOULON APP. LF D 540 C is active simultaneously with LF D 540 C and LF D 540 E.","activationCode":"OTHER","activationDesc":"Possible activation H24.","UId":"49684296","id":"LFD540W","stroke":"#f07800","stroke-width":2,"stroke-opacity":0.8,"fill":"#f07800","fill-opacity":0.3},"geometry":{"type":"Polygon","coordinates":[[[5.493056,42.416667],[5.633333,42.416667],[5.633333,42.666667],[5.706378,42.742781],[6.62,43.135556],[7.506667,43.031389],[7.860556,42.314722],[7.490833,41.635],[6.572222,41.335],[5.6467,41.667931],[5.5,42.101467],[5.493056,42.416667]]]}},{"type":"Feature","properties":{"name":"54 BN","nameV":"Q 54 BN","class":"Q","type":"Q","lower":"SFC","lowerM":0,"upper":"FL999","upperM":30449,"desc":"Administrator: CC MAR MEDITERRANÉE (FANNY CTL). VFR: users must be aware of the life threatening nature of the activities taking place within this area. It is recommended not to enter this area. Please comply with the instructions provided by usual air traffic control services. IFR: follow ATC instructions. Actual activity known on: - MARSEILLE ACC/INFO, - PROVENCE APP/INFO, - NICE APP/INFO, - AJACCIO APP/INFO, - TOULON APP.","activationCode":"OTHER","activationDesc":"Possible activation H24.","UId":"44382018","id":"LFD54BN","stroke":"#f07800","stroke-width":2,"stroke-opacity":0.8,"fill":"#f07800","fill-opacity":0.3},"geometry":{"type":"Polygon","coordinates":[[[5.166667,42.766667],[5.633333,43.033333],[5.633333,42.416667],[5.166667,42.416667],[5.166667,42.766667]]]}},{"type":"Feature","properties":{"name":"54 BS","nameV":"Q 54 BS","class":"Q","type":"Q","lower":"SFC","lowerM":0,"upper":"FL999","upperM":30449,"desc":"Administrator: CC MAR MEDITERRANÉE (FANNY CTL). VFR: users must be aware of the life threatening nature of the activities taking place within this area. It is recommended not to enter this area. Please comply with the instructions provided by usual air traffic control services. IFR: follow ATC instructions. Actual activity known on: - MARSEILLE ACC/INFO, - PROVENCE APP/INFO, - NICE APP/INFO, - AJACCIO APP/INFO, - TOULON APP.","activationCode":"OTHER","activationDesc":"Possible activation H24.","UId":"44382094","id":"LFD54BS","stroke":"#f07800","stroke-width":2,"stroke-opacity":0.8,"fill":"#f07800","fill-opacity":0.3},"geometry":{"type":"Polygon","coordinates":[[[5.166667,42.416667],[5.5,42.416667],[5.5,42.1],[5.65,41.666667],[5.166667,41.85],[5.166667,42.416667]]]}},{"type":"Feature","properties":{"name":"54 CN","nameV":"Q 54 CN","class":"Q","type":"Q","lower":"SFC","lowerM":0,"upper":"FL285","upperM":8686,"desc":"Administrator: CC MAR MEDITERRANÉE (FANNY CTL). VFR: users must be aware of the life threatening nature of the activities taking place within this area. It is recommended not to enter this area. Please comply with the instructions provided by usual air traffic control services. IFR: follow ATC instructions. Actual activity known on: - MARSEILLE ACC/INFO, - PROVENCE APP/INFO, - NICE APP/INFO, - AJACCIO APP/INFO, - TOULON APP.","activationCode":"OTHER","activationDesc":"Possible activation H24.","UId":"44382104","id":"LFD54CN","stroke":"#f07800","stroke-width":2,"stroke-opacity":0.8,"fill":"#f07800","fill-opacity":0.3},"geometry":{"type":"Polygon","coordinates":[[[7.506667,43.031389],[7.716667,43.0],[8.108056,42.446667],[7.860556,42.314722],[7.506667,43.031389]]]}},{"type":"Feature","properties":{"name":"54 CS","nameV":"Q 54 CS","class":"Q","type":"Q","lower":"SFC","lowerM":0,"upper":"FL285","upperM":8686,"desc":"Administrator: CC MAR MEDITERRANÉE (FANNY CTL). VFR: users must be aware of the life threatening nature of the activities taking place within this area. It is recommended not to enter this area. Please comply with the instructions provided by usual air traffic control services. IFR: follow ATC instructions. Actual activity known on: - MARSEILLE ACC/INFO, - PROVENCE APP/INFO, - NICE APP/INFO, - AJACCIO APP/INFO, - TOULON APP.","activationCode":"OTHER","activationDesc":"Possible activation H24.","UId":"44382113","id":"LFD54CS","stroke":"#f07800","stroke-width":2,"stroke-opacity":0.8,"fill":"#f07800","fill-opacity":0.3},"geometry":{"type":"Polygon","coordinates":[[[8.108056,42.446667],[8.333333,42.116667],[8.333333,41.6925],[7.026667,41.170556],[6.572222,41.335],[7.490833,41.635],[7.860556,42.314722],[8.108056,42.446667]]]}},{"type":"Feature","properties":{"name":"54 WA","nameV":"Q 54 WA","class":"Q","type":"Q","lower":"SFC","lowerM":0,"upper":"1000FT AMSL","upperM":304,"desc":"Administrator: CC MAR MEDITERRANÉE (FANNY CTL). VFR: users must be aware of the life threatening nature of the activities taking place within this area. It is recommended not to enter this area. Please comply with the instructions provided by usual air traffic control services. Actual activity known on: - MARSEILLE PROVENCE APP/FIS, - TOULON APP.","activationCode":"HX","activationDesc":"Possible activation H24","UId":"11007044","id":"LFD54WA","stroke":"#f07800","stroke-width":2,"stroke-opacity":0.8,"fill":"#f07800","fill-opacity":0.3},"geometry":{"type":"Polygon","coordinates":[[[5.0,43.166667],[5.589777238150115,43.166714266946336],[5.590053,43.166392],[5.594692,43.164553],[5.595647,43.166267],[5.597158,43.166906],[5.596319,43.164008],[5.598739,43.164206],[5.602136,43.161736],[5.605461,43.160178],[5.606825,43.160586],[5.607383,43.161567],[5.605467,43.162436],[5.606956,43.163325],[5.606939,43.16455],[5.605939,43.165317],[5.606422,43.166508],[5.611008,43.165917],[5.614667,43.169294],[5.612867,43.171797],[5.610589,43.171694],[5.607914,43.170894],[5.606442,43.172458],[5.607028,43.174097],[5.609106,43.173692],[5.611322,43.172714],[5.613189,43.181083],[5.624153,43.186981],[5.631414,43.186903],[5.638314,43.189172],[5.65255,43.187311],[5.659703,43.182011],[5.667639,43.181736],[5.668278,43.180044],[5.676178,43.178144],[5.686725,43.179678],[5.694597,43.171789],[5.693761,43.165689],[5.682692,43.160433],[5.683436,43.154825],[5.692106,43.151417],[5.694725,43.148772],[5.692825,43.145675],[5.697183,43.143289],[5.707742,43.145136],[5.709336,43.147208],[5.710508,43.143925],[5.716883,43.147922],[5.720933,43.144333],[5.7241,43.136175],[5.738258,43.135342],[5.740494,43.133517],[5.744183,43.134622],[5.750333,43.134614],[5.748472,43.132192],[5.751472,43.129803],[5.754131,43.131122],[5.752125,43.132536],[5.756692,43.136031],[5.757686,43.134164],[5.766267,43.139044],[5.774267,43.137897],[5.780086,43.133169],[5.780686,43.129633],[5.773394,43.125983],[5.774253,43.123708],[5.774439158535736,43.12360246027789],[5.774444,43.123611],[5.633333,43.044444],[5.558333,43.0],[5.0,43.0],[5.0,43.166667]]]}},{"type":"Feature","properties":{"name":"120 A","nameV":"Q 120 A","class":"Q","type":"Q","lower":"FL195","lowerM":5943,"upper":"FL999","upperM":30449,"desc":"Administrator: CCMAR ATLANTIQUE. GAT/OAT: users must be aware of the life threatening nature of the activities taking place within this area. It is recommended not to enter this area. Except for LF-R 154 HIGH, LF-R 157 HIGH, LF-D 16 C and LF-D 603 when active.  Please comply with the instructions provided by usual air traffic control services. Actual activity known on BREST UAC, LF-D 120 A is active simultaneously with LF-D 120 M.","activationCode":"H24","activationDesc":"Possible activation H24","UId":"56751137","id":"LFD120A","stroke":"#f07800","stroke-width":2,"stroke-opacity":0.8,"fill":"#f07800","fill-opacity":0.1},"geometry":{"type":"Polygon","coordinates":[[[-5.966667,48.809167],[-5.050278,48.750556],[-4.5,48.425833],[-4.5,48.303889],[-4.5,47.912778],[-4.526111,47.746667],[-5.061111,47.160556],[-6.175278,47.130278],[-6.843611,47.488056],[-6.852778,47.860278],[-6.855556,48.0275],[-6.861389,48.409167],[-5.966667,48.809167]]]}},{"type":"Feature","properties":{"name":"5","nameV":"Q 5","class":"Q","type":"Q","lower":"FL195","lowerM":5943,"upper":"FL305","upperM":9296,"desc":"Administrator: Atlantique.CCMAR.Activity known on BREST UAC","activationCode":"HX","activationDesc":"Possible activation H24","UId":"1566415","id":"LFD5","stroke":"#f07800","stroke-width":2,"stroke-opacity":0.8,"fill":"#f07800","fill-opacity":0.1},"geometry":{"type":"Polygon","coordinates":[[[-4.606389,49.538056],[-4.38,49.510278],[-3.676111,49.170278],[-3.689444,49.0],[-3.73,48.936389],[-4.305,48.969444],[-5.050278,48.750556],[-5.966667,48.809167],[-6.861389,48.409167],[-6.873611,49.080556],[-5.5,49.361389],[-4.606389,49.538056]]]}},{"type":"Feature","properties":{"name":"7","nameV":"Q 7","class":"Q","type":"Q","lower":"FL195","lowerM":5943,"upper":"FL305","upperM":9296,"desc":"Administrator: Atlantique CCMAR. Activity known on BREST UAC Except for LF-D603 LIDAR BREST when active.","activationCode":"HX","activationDesc":"Possible activation H24","UId":"1566419","id":"LFD7","stroke":"#f07800","stroke-width":2,"stroke-opacity":0.8,"fill":"#f07800","fill-opacity":0.1},"geometry":{"type":"Polygon","coordinates":[[[-4.305,48.969444],[-3.73,48.936389],[-4.0,48.5],[-4.5,48.303889],[-4.5,48.425833],[-5.050278,48.750556],[-4.305,48.969444]]]}},{"type":"Feature","properties":{"name":"12 SUD B","nameV":"Q 12 SUD B","class":"Q","type":"Q","lower":"FL305","lowerM":9296,"upper":"FL999","upperM":30449,"desc":"Administrator: ATLANTIQUE CCMAR. Activity known on BREST UAC. Except for LF-D 16 C when active.","activationCode":"HX","activationDesc":"Possible activation H24","UId":"32513385","id":"LFD12SB","stroke":"#f07800","stroke-width":2,"stroke-opacity":0.8,"fill":"#f07800","fill-opacity":0.1},"geometry":{"type":"Polygon","coordinates":[[[-6.852778,47.860278],[-4.526111,47.746667],[-5.061111,47.160556],[-6.175278,47.130278],[-6.843611,47.488056],[-6.852778,47.860278]]]}},{"type":"Feature","properties":{"name":"14 W","nameV":"Q 14 W","class":"Q","type":"Q","lower":"FL195","lowerM":5943,"upper":"FL305","upperM":9296,"desc":"Administrator: ATLANTIQUE CCMAR. Activity known on BREST UAC.","activationCode":"HX","activationDesc":"Possible activation H24","UId":"32513333","id":"LFD14W","stroke":"#f07800","stroke-width":2,"stroke-opacity":0.8,"fill":"#f07800","fill-opacity":0.1},"geometry":{"type":"Polygon","coordinates":[[[-4.349722,47.616667],[-3.948333,47.616667],[-3.763611,47.549722],[-3.819167,46.428056],[-5.208056,46.666667],[-4.349722,47.616667]]]}},{"type":"Feature","properties":{"name":"15","nameV":"Q 15","class":"Q","type":"Q","lower":"FL195","lowerM":5943,"upper":"FL305","upperM":9296,"desc":"Administrator: CCMAR Atlantique. Entry: activity known on BREST UAC. Except for R13 B1, R13 B2 and R13 C when active.","activationCode":"HX","activationDesc":"Possible activation H24","UId":"1566447","id":"LFD15","stroke":"#f07800","stroke-width":2,"stroke-opacity":0.8,"fill":"#f07800","fill-opacity":0.1},"geometry":{"type":"Polygon","coordinates":[[[-3.518056,47.468333],[-3.1575,47.325833],[-2.788611,47.267778],[-2.5825,47.166389],[-2.541389,46.884722],[-3.574722,46.468333],[-3.518056,47.468333]]]}},{"type":"Feature","properties":{"name":"14 E","nameV":"Q 14 E","class":"Q","type":"Q","lower":"FL195","lowerM":5943,"upper":"FL275","upperM":8382,"desc":"Administrator: CCMAR Atlantique IFR: entry guaranteed, follow BREST UAC instructions. Only if LF-D 14 W and LF-D 15 both active.","activationCode":"HX","activationDesc":"Possible activation H24","UId":"23812836","id":"LFD14E","stroke":"#f07800","stroke-width":2,"stroke-opacity":0.8,"fill":"#f07800","fill-opacity":0.1},"geometry":{"type":"Polygon","coordinates":[[[-3.763611,47.549722],[-3.518056,47.468333],[-3.574722,46.468333],[-3.819167,46.428056],[-3.763611,47.549722]]]}},{"type":"Feature","properties":{"name":"12 GLOBALE B","nameV":"Q 12 GLOBALE B","class":"Q","type":"Q","lower":"FL305","lowerM":9296,"upper":"FL999","upperM":30449,"desc":"Administrator: Atlantique CCMAR. Activity known on BREST UAC Except for LF-R 154 HIGH, LF-R 157 HIGH, LF-D 603 and LF-D 16 C when active.","activationCode":"HX","activationDesc":"Possible activation H24","UId":"32513346","id":"LFD12GB","stroke":"#f07800","stroke-width":2,"stroke-opacity":0.8,"fill":"#f07800","fill-opacity":0.1},"geometry":{"type":"Polygon","coordinates":[[[-5.966667,48.809167],[-5.050278,48.750556],[-4.5,48.425833],[-4.5,48.303889],[-4.5,47.912778],[-4.526111,47.746667],[-5.061111,47.160556],[-6.175278,47.130278],[-6.843611,47.488056],[-6.852778,47.860278],[-6.855556,48.0275],[-6.861389,48.409167],[-5.966667,48.809167]]]}},{"type":"Feature","properties":{"name":"12 NORD B","nameV":"Q 12 NORD B","class":"Q","type":"Q","lower":"FL305","lowerM":9296,"upper":"FL999","upperM":30449,"desc":"Administrator: Atlantique CCMAR. Activity known on BREST UAC Except for LF-R 154 HIGH, LF-R 157 HIGH, LF-D 603 when active.","activationCode":"HX","activationDesc":"Possible activation H24","UId":"32513369","id":"LFD12NB","stroke":"#f07800","stroke-width":2,"stroke-opacity":0.8,"fill":"#f07800","fill-opacity":0.1},"geometry":{"type":"Polygon","coordinates":[[[-5.966667,48.809167],[-5.050278,48.750556],[-4.5,48.425833],[-4.5,48.303889],[-4.5,47.912778],[-6.855556,48.0275],[-6.861389,48.409167],[-5.966667,48.809167]]]}},{"type":"Feature","properties":{"name":"120 M","nameV":"Q 120 M","class":"Q","type":"Q","lower":"FL195","lowerM":5943,"upper":"FL305","upperM":9296,"desc":"Administrator: CCMAR ATLANTIQUE. GAT/OAT: users must be aware of the life threatening nature of the activities taking place within this area. It is recommended not to enter this area. Please comply with the instructions provided by usual air traffic control services. Actual activity known on BREST UAC, LF-D 120 M is active simultaneously with LF-D 120 A.","activationCode":"H24","activationDesc":"Possible activation H24","UId":"56813279","id":"LFD120M","stroke":"#f07800","stroke-width":2,"stroke-opacity":0.8,"fill":"#f07800","fill-opacity":0.1},"geometry":{"type":"Polygon","coordinates":[[[-4.606389,49.538056],[-4.38,49.510278],[-3.676111,49.170278],[-3.689444,49.0],[-3.73,48.936389],[-4.0,48.5],[-4.5,48.303889],[-4.5,48.425833],[-5.050278,48.750561],[-5.966667,48.809167],[-6.861389,48.409167],[-6.873611,49.080556],[-5.5,49.361389],[-4.606389,49.538056]]]}},{"type":"Feature","properties":{"name":"12 GLOBALE A","nameV":"Q 12 GLOBALE A","class":"Q","type":"Q","lower":"FL195","lowerM":5943,"upper":"FL305","upperM":9296,"desc":"Administrator: Atlantique CCMAR. Activity known on BREST UAC Except for LF-R 154 HIGH, LF-R 157 HIGH, LF-D 603 and LF-D 16 C when active.","activationCode":"HX","activationDesc":"Possible activation H24","UId":"32513274","id":"LFD12GA","stroke":"#f07800","stroke-width":2,"stroke-opacity":0.8,"fill":"#f07800","fill-opacity":0.1},"geometry":{"type":"Polygon","coordinates":[[[-5.966667,48.809167],[-5.050278,48.750556],[-4.5,48.425833],[-4.5,48.303889],[-4.5,47.912778],[-4.526111,47.746667],[-5.061111,47.160556],[-6.175278,47.130278],[-6.843611,47.488056],[-6.852778,47.860278],[-6.855556,48.0275],[-6.861389,48.409167],[-5.966667,48.809167]]]}},{"type":"Feature","properties":{"name":"12 SUD A","nameV":"Q 12 SUD A","class":"Q","type":"Q","lower":"FL195","lowerM":5943,"upper":"FL305","upperM":9296,"desc":"Administrator: ATLANTIQUE CCMAR. Activity known on BREST UAC. Except for LF-D 16 C when active.","activationCode":"HX","activationDesc":"Possible activation H24","UId":"32513308","id":"LFD12SA","stroke":"#f07800","stroke-width":2,"stroke-opacity":0.8,"fill":"#f07800","fill-opacity":0.1},"geometry":{"type":"Polygon","coordinates":[[[-6.852778,47.860278],[-4.526111,47.746667],[-5.061111,47.160556],[-6.175278,47.130278],[-6.843611,47.488056],[-6.852778,47.860278]]]}},{"type":"Feature","properties":{"name":"12 NORD A","nameV":"Q 12 NORD A","class":"Q","type":"Q","lower":"FL195","lowerM":5943,"upper":"FL305","upperM":9296,"desc":"Administrator: Atlantique CCMAR. Activity known on BREST UAC Except for LF-R 154 HIGH, LF-R 157 HIGH, LF-D 603 when active.","activationCode":"HX","activationDesc":"Possible activation H24","UId":"32513292","id":"LFD12NA","stroke":"#f07800","stroke-width":2,"stroke-opacity":0.8,"fill":"#f07800","fill-opacity":0.1},"geometry":{"type":"Polygon","coordinates":[[[-5.966667,48.809167],[-5.050278,48.750556],[-4.5,48.425833],[-4.5,48.303889],[-4.5,47.912778],[-6.855556,48.0275],[-6.861389,48.409167],[-5.966667,48.809167]]]}},{"type":"Feature","properties":{"name":"54 WB","nameV":"Q 54 WB","class":"Q","type":"Q","lower":"SFC","lowerM":0,"upper":"3000FT AMSL","upperM":914,"desc":"Administrator: CC MAR MEDITERRANÉE (FANNY CTL). VFR: users must be aware of the life threatening nature of the activities taking place within this area. It is recommended not to enter this area. Please comply with the instructions provided by usual air traffic control services. Actual activity known on: - MARSEILLE PROVENCE APP/FIS, - TOULON APP.","activationCode":"HX","activationDesc":"Possible activation H24","UId":"11007080","id":"LFD54WB","stroke":"#f07800","stroke-width":2,"stroke-opacity":0.8,"fill":"#f07800","fill-opacity":0.3},"geometry":{"type":"Polygon","coordinates":[[[5.0,43.0],[5.0,42.666667],[5.166667,42.666667],[5.166667,42.766667],[5.558333,43.0],[5.0,43.0]]]}},{"type":"Feature","properties":{"name":"108 E","nameV":"Q 108 E","class":"Q","type":"Q","lower":"FL045","lowerM":1371,"upper":"FL195","upperM":5943,"desc":"Administrator: CCER ISTRES. Activity known on: - MARSEILLE CONTROLE/INFO, - MONTPELLIER INFO, - CAMARGUE Control. Activity announced by RAI 127.925 MHz.","activationCode":"HX","activationDesc":"Activable H24.","UId":"1562327","id":"LFD108","stroke":"#f07800","stroke-width":2,"stroke-opacity":0.8,"fill":"#f07800","fill-opacity":0.1},"geometry":{"type":"Polygon","coordinates":[[[4.0,43.25],[4.283333,43.205833],[4.283333,43.0],[3.355556,43.0],[3.385833,43.0225],[4.0,43.25]]]}},{"type":"Feature","properties":{"name":"580","nameV":"Q 580 (SeeNotam)","class":"Q","type":"Q","lower":"SFC","lowerM":0,"upper":"3800FT AMSL","upperM":1158,"desc":"Activity known on FIGARI TWR and AJACCIO TWR. Activation by NOTAM up to 1450 (4800ft) AMSL.","activationCode":"NOTAM","activationDesc":"Possible activation H24.","UId":"1562557","id":"LFD580","stroke":"#f07800","stroke-width":2,"stroke-opacity":0.8,"fill":"#f07800","fill-opacity":0.3},"geometry":{"type":"Polygon","coordinates":[[[9.194443,41.449997],[9.194085,41.453336],[9.193017,41.45659],[9.191265,41.459673],[9.188877,41.462505],[9.185913,41.465013],[9.18245,41.467133],[9.178578,41.468809],[9.174397,41.469997],[9.170016,41.470667],[9.165548,41.470802],[9.161109,41.470398],[9.156814,41.469466],[9.152775,41.468029],[9.149096,41.466125],[9.145872,41.463804],[9.143187,41.461125],[9.14111,41.458158],[9.139696,41.454979],[9.13898,41.451672],[9.138981,41.448321],[9.1397,41.445014],[9.141117,41.441837],[9.143195,41.43887],[9.145881,41.436192],[9.149104,41.433872],[9.152783,41.431969],[9.15682,41.430533],[9.161113,41.429601],[9.165549,41.429198],[9.170014,41.429332],[9.174392,41.430002],[9.178571,41.43119],[9.182442,41.432865],[9.185904,41.434983],[9.188868,41.437491],[9.191258,41.440322],[9.193011,41.443404],[9.194082,41.446657],[9.194443,41.449997]]]}},{"type":"Feature","properties":{"name":"54 WC","nameV":"Q 54 WC","class":"Q","type":"Q","lower":"SFC","lowerM":0,"upper":"FL050","upperM":1524,"desc":"Administrator: CC MAR MEDITERRANÉE (FANNY CTL). VFR: users must be aware of the life threatening nature of the activities taking place within this area. It is recommended not to enter this area. Please comply with the instructions provided by usual air traffic control services. Actual activity known on: - MARSEILLE PROVENCE APP/FIS, - TOULON APP.","activationCode":"HX","activationDesc":"Possible activation H24","UId":"11047855","id":"LFD54WC","stroke":"#f07800","stroke-width":2,"stroke-opacity":0.8,"fill":"#f07800","fill-opacity":0.3},"geometry":{"type":"Polygon","coordinates":[[[5.0,42.666667],[5.166667,42.666667],[5.166667,41.85],[5.65,41.666667],[5.0,41.666667],[5.0,42.666667]]]}},{"type":"Feature","properties":{"name":"236","nameV":"Q 236","class":"Q","type":"Q","lower":"FL095","lowerM":2895,"upper":"FL195","upperM":5943,"desc":"Administrator: Bordeaux Essais Activity known on BORDEAUX ACC 125.100, AQUITAINE INFO 120.575, NANTES INFO 130.275 - 119.400(s) LA ROCHELLE INFO 124.200 and BORDEAUX Essais 122.900","activationCode":"HX","activationDesc":"MON-FRI except public HOL:0700- 2200. SUM: -1HR","UId":"1562269","id":"LFD236","stroke":"#f07800","stroke-width":2,"stroke-opacity":0.8,"fill":"#f07800","fill-opacity":0.1},"geometry":{"type":"Polygon","coordinates":[[[-1.65,46.333333],[-1.483333,46.333333],[-1.183333,45.561111],[-1.933333,45.561111],[-1.65,46.333333]]]}},{"type":"Feature","properties":{"name":"5","nameV":"Q 5 (SeeNotam)","class":"Q","type":"Q","lower":"SFC","lowerM":0,"upper":"FL195","upperM":5943,"activationCode":"NOTAM","activationDesc":"Possible activation by NOTAM","UId":"1564451","id":"NWD5","stroke":"#f07800","stroke-width":2,"stroke-opacity":0.8,"fill":"#f07800","fill-opacity":0.3},"geometry":{"type":"Polygon","coordinates":[[[167.514271,-22.999897],[167.513148,-22.981576],[167.509844,-22.96348],[167.504399,-22.945828],[167.49688,-22.928835],[167.487378,-22.912706],[167.476011,-22.897636],[167.462915,-22.88381],[167.44825,-22.871392],[167.432195,-22.860536],[167.414943,-22.85137],[167.396704,-22.844007],[167.377698,-22.838536],[167.358155,-22.835022],[167.338313,-22.833509],[167.31841,-22.834014],[167.298687,-22.836531],[167.279384,-22.841031],[167.260733,-22.847457],[167.24296,-22.855734],[167.226281,-22.86576],[167.210898,-22.877415],[167.196997,-22.890557],[167.184747,-22.905027],[167.174296,-22.92065],[167.165773,-22.937236],[167.159281,-22.954585],[167.154899,-22.972486],[167.152682,-22.990722],[167.152658,-23.009073],[167.154827,-23.027314],[167.159164,-23.045225],[167.165617,-23.062588],[167.174109,-23.079192],[167.184537,-23.094834],[167.196776,-23.109326],[167.210675,-23.122491],[167.226068,-23.134168],[167.242767,-23.144215],[167.260569,-23.152509],[167.279256,-23.158951],[167.298603,-23.163461],[167.318373,-23.165985],[167.338325,-23.166491],[167.358216,-23.164974],[167.377804,-23.161452],[167.39685,-23.155967],[167.415123,-23.148588],[167.432399,-23.139403],[167.448469,-23.128524],[167.463138,-23.116085],[167.476227,-23.102236],[167.487577,-23.087145],[167.497052,-23.070997],[167.504536,-23.053988],[167.509939,-23.036324],[167.513197,-23.018221],[167.514271,-22.999897]]]}},{"type":"Feature","properties":{"name":"4","nameV":"Q 4 (SeeNotam)","class":"Q","type":"Q","lower":"SFC","lowerM":0,"upper":"FL195","upperM":5943,"activationCode":"NOTAM","activationDesc":"Possible activation by NOTAM","UId":"1564449","id":"NWD4","stroke":"#f07800","stroke-width":2,"stroke-opacity":0.8,"fill":"#f07800","fill-opacity":0.3},"geometry":{"type":"Polygon","coordinates":[[[166.180539,-22.699899],[166.179419,-22.681578],[166.176123,-22.663481],[166.17069,-22.645829],[166.163187,-22.628836],[166.153707,-22.612707],[166.142365,-22.597637],[166.129298,-22.58381],[166.114666,-22.571393],[166.098645,-22.560536],[166.081431,-22.551371],[166.063232,-22.544008],[166.044268,-22.538536],[166.024768,-22.535022],[166.004969,-22.533509],[165.985109,-22.534014],[165.96543,-22.536531],[165.946169,-22.541031],[165.927559,-22.547458],[165.909825,-22.555734],[165.893183,-22.565761],[165.877833,-22.577416],[165.863963,-22.590558],[165.851739,-22.605028],[165.841312,-22.620651],[165.832808,-22.637237],[165.82633,-22.654586],[165.821959,-22.672488],[165.819747,-22.690724],[165.819723,-22.709074],[165.821887,-22.727315],[165.826215,-22.745226],[165.832655,-22.762589],[165.841128,-22.779193],[165.851534,-22.794835],[165.863745,-22.809327],[165.877614,-22.822491],[165.892973,-22.834168],[165.909635,-22.844215],[165.927397,-22.85251],[165.946044,-22.858951],[165.965347,-22.863461],[165.985073,-22.865985],[166.004981,-22.866491],[166.024828,-22.864974],[166.044372,-22.861452],[166.063376,-22.855968],[166.081608,-22.848588],[166.098846,-22.839403],[166.114881,-22.828525],[166.129517,-22.816086],[166.142577,-22.802237],[166.153903,-22.787146],[166.163357,-22.770999],[166.170825,-22.753989],[166.176216,-22.736326],[166.179467,-22.718222],[166.180539,-22.699899]]]}},{"type":"Feature","properties":{"name":"3","nameV":"Q 3 (SeeNotam)","class":"Q","type":"Q","lower":"SFC","lowerM":0,"upper":"FL235","upperM":7162,"activationCode":"NOTAM","activationDesc":"Possible activation by NOTAM","UId":"1564447","id":"NWD3","stroke":"#f07800","stroke-width":2,"stroke-opacity":0.8,"fill":"#f07800","fill-opacity":0.3},"geometry":{"type":"Polygon","coordinates":[[[166.328542,-22.999589],[166.327233,-22.972084],[166.323462,-22.944773],[166.317257,-22.917841],[166.308661,-22.891473],[166.297735,-22.865848],[166.284554,-22.841141],[166.26921,-22.81752],[166.251807,-22.795146],[166.232465,-22.77417],[166.211316,-22.754736],[166.188505,-22.736976],[166.164188,-22.72101],[166.138529,-22.706947],[166.111705,-22.694882],[166.083896,-22.684897],[166.055291,-22.67706],[166.026086,-22.671423],[165.996478,-22.668026],[165.966667,-22.666891],[165.936856,-22.668026],[165.907248,-22.671423],[165.878043,-22.67706],[165.849438,-22.684897],[165.821629,-22.694882],[165.794805,-22.706947],[165.769146,-22.72101],[165.744829,-22.736976],[165.722018,-22.754736],[165.700869,-22.77417],[165.681527,-22.795146],[165.664124,-22.81752],[165.64878,-22.841141],[165.635599,-22.865848],[165.624673,-22.891473],[165.616077,-22.917841],[165.609872,-22.944773],[165.606101,-22.972084],[165.604792,-22.999589],[165.605954,-23.027099],[165.609582,-23.054428],[165.615652,-23.081386],[165.624124,-23.107792],[165.634942,-23.133463],[165.648032,-23.158223],[165.663306,-23.181904],[165.680662,-23.204343],[165.699979,-23.225385],[165.721128,-23.244887],[165.743963,-23.262714],[165.768328,-23.278744],[165.794057,-23.292867],[165.820972,-23.304985],[165.84889,-23.315016],[165.877618,-23.322891],[165.906958,-23.328554],[165.936709,-23.331968],[165.966667,-23.333109],[165.996625,-23.331968],[166.026376,-23.328554],[166.055716,-23.322891],[166.084444,-23.315016],[166.112362,-23.304985],[166.139277,-23.292867],[166.165006,-23.278744],[166.189371,-23.262714],[166.212206,-23.244887],[166.233355,-23.225385],[166.252672,-23.204343],[166.270028,-23.181904],[166.285302,-23.158223],[166.298392,-23.133463],[166.30921,-23.107792],[166.317682,-23.081386],[166.323752,-23.054428],[166.32738,-23.027099],[166.328542,-22.999589]]]}},{"type":"Feature","properties":{"name":"2","nameV":"Q 2 (SeeNotam)","class":"Q","type":"Q","lower":"SFC","lowerM":0,"upper":"FL235","upperM":7162,"activationCode":"NOTAM","activationDesc":"Possible activation by NOTAM","UId":"1564445","id":"NWD2","stroke":"#f07800","stroke-width":2,"stroke-opacity":0.8,"fill":"#f07800","fill-opacity":0.3},"geometry":{"type":"Polygon","coordinates":[[[164.937261,-19.749652],[164.935991,-19.722147],[164.932314,-19.694834],[164.926255,-19.667901],[164.917858,-19.64153],[164.90718,-19.615901],[164.894295,-19.59119],[164.879293,-19.567564],[164.862275,-19.545185],[164.84336,-19.524204],[164.822676,-19.504765],[164.800364,-19.487],[164.776577,-19.471029],[164.751477,-19.456961],[164.725234,-19.444892],[164.698028,-19.434904],[164.670043,-19.427064],[164.641469,-19.421425],[164.6125,-19.418027],[164.583333,-19.416891],[164.554166,-19.418027],[164.525197,-19.421425],[164.496623,-19.427064],[164.468638,-19.434904],[164.441432,-19.444892],[164.415189,-19.456961],[164.390089,-19.471029],[164.366302,-19.487],[164.34399,-19.504765],[164.323306,-19.524204],[164.304391,-19.545185],[164.287373,-19.567564],[164.272371,-19.59119],[164.259486,-19.615901],[164.248808,-19.64153],[164.240411,-19.667901],[164.234352,-19.694834],[164.230675,-19.722147],[164.229405,-19.749652],[164.230553,-19.777162],[164.234112,-19.804489],[164.240059,-19.831446],[164.248355,-19.857848],[164.258943,-19.883516],[164.271752,-19.908272],[164.286697,-19.931949],[164.303674,-19.954382],[164.32257,-19.975419],[164.343254,-19.994916],[164.365586,-20.012738],[164.389412,-20.028763],[164.414571,-20.042881],[164.440888,-20.054996],[164.468184,-20.065023],[164.496272,-20.072895],[164.524958,-20.078556],[164.554045,-20.081969],[164.583333,-20.083109],[164.612621,-20.081969],[164.641708,-20.078556],[164.670394,-20.072895],[164.698482,-20.065023],[164.725778,-20.054996],[164.752095,-20.042881],[164.777254,-20.028763],[164.80108,-20.012738],[164.823412,-19.994916],[164.844096,-19.975419],[164.862992,-19.954382],[164.879969,-19.931949],[164.894914,-19.908272],[164.907723,-19.883516],[164.918311,-19.857848],[164.926607,-19.831446],[164.932554,-19.804489],[164.936113,-19.777162],[164.937261,-19.749652]]]}},{"type":"Feature","properties":{"name":"16 E","nameV":"Q 16 E (SeeNotam)","class":"Q","type":"Q","lower":"SFC","lowerM":0,"upper":"FL999","upperM":30449,"desc":"Administrator: CCMAR ATLANTIQUE (ARMOR) 124.725 MHz. Upper limit notified by NOTAM. Actual activity known on BREST ACC/UAC. IFR: according to ATC instructions. VFR: air navigator's attention is drawn on the life threatening nature of activities taking place in this area. Not AMC-manageable.","activationCode":"NOTAM","activationDesc":"Possible activation by NOTAM. Activation SKED specified in AUP France.","UId":"1562407","id":"LFD16E","stroke":"#f07800","stroke-width":2,"stroke-opacity":0.8,"fill":"#f07800","fill-opacity":0.3},"geometry":{"type":"Polygon","coordinates":[[[-8.0,47.666667],[-7.587778,47.666667],[-7.104444,47.416944],[-7.226389,47.106389],[-8.0,47.086389],[-8.0,47.666667]]]}},{"type":"Feature","properties":{"name":"82","nameV":"Q 82 (SeeNotam)","class":"Q","type":"Q","lower":"SFC","lowerM":0,"upper":"FL500","upperM":15240,"desc":"Administrator: CENTOPS CHERBOURG +33 (0)2 33 92 60 40 or +33 (0)2 33 92 60 41. Vertical limit announced by NOTAM. Activity known on BREST ACC/UAC, PARIS ACC and RENNES APP.","activationCode":"NOTAM","activationDesc":"Possible activation by NOTAM.","UId":"1562445","id":"LFD82","stroke":"#f07800","stroke-width":2,"stroke-opacity":0.8,"fill":"#f07800","fill-opacity":0.3},"geometry":{"type":"Polygon","coordinates":[[[-0.210556,49.948611],[-0.004167,49.679722],[-0.182222,49.598056],[-0.310278,49.538889],[-0.918611,49.578611],[-0.210556,49.948611]]]}},{"type":"Feature","properties":{"name":"16 D","nameV":"Q 16 D (SeeNotam)","class":"Q","type":"Q","lower":"SFC","lowerM":0,"upper":"FL999","upperM":30449,"desc":"Administrator: CCMAR ATLANTIQUE (ARMOR) 124.725 MHz. Upper limit notified by NOTAM. Actual activity known on BREST ACC/UAC, NANTES APP/INFO. IFR: according to ATC instructions. VFR: air navigator's attention is drawn on the life threatening nature of activities taking place in this area. Not AMC-manageable.","activationCode":"NOTAM","activationDesc":"Possible activation by NOTAM. Activation SKED specified in AUP France.","UId":"1562409","id":"LFD16D","stroke":"#f07800","stroke-width":2,"stroke-opacity":0.8,"fill":"#f07800","fill-opacity":0.3},"geometry":{"type":"Polygon","coordinates":[[[-3.433333,47.147778],[-3.133333,47.233333],[-2.943067,47.132475],[-2.942399,47.132433],[-2.927961,47.124107],[-2.914176,47.115285],[-2.901083,47.10599],[-2.888715,47.096246],[-2.877106,47.086081],[-2.866285,47.07552],[-2.856283,47.064594],[-2.847124,47.053329],[-2.838833,47.041758],[-2.831431,47.029911],[-2.824938,47.017818],[-2.81937,47.005514],[-2.814741,46.99303],[-2.811064,46.9804],[-2.808347,46.967657],[-2.806596,46.954836],[-2.805817,46.94197],[-2.806009,46.929094],[-2.807173,46.916242],[-2.809303,46.903448],[-2.812395,46.890745],[-2.816438,46.878169],[-2.821422,46.865751],[-2.827332,46.853525],[-2.834153,46.841523],[-2.841866,46.829776],[-2.85045,46.818317],[-2.859881,46.807175],[-2.870135,46.796379],[-2.881183,46.785958],[-2.892997,46.77594],[-2.905544,46.76635],[-2.918792,46.757215],[-2.932704,46.748557],[-2.947245,46.740401],[-2.962375,46.732767],[-2.978055,46.725675],[-2.994243,46.719144],[-3.010897,46.713191],[-3.027973,46.707831],[-3.045426,46.70308],[-3.063209,46.698949],[-3.081277,46.695448],[-3.099582,46.692589],[-3.118076,46.690376],[-3.13671,46.688818],[-3.155436,46.687917],[-3.174204,46.687676],[-3.192966,46.688095],[-3.211672,46.689174],[-3.230273,46.69091],[-3.24872,46.693298],[-3.266966,46.696332],[-3.284961,46.700003],[-3.30266,46.704303],[-3.320015,46.70922],[-3.336981,46.714742],[-3.353514,46.720852],[-3.369569,46.727537],[-3.385104,46.734777],[-3.400079,46.742555],[-3.414454,46.750849],[-3.42819,46.759638],[-3.441252,46.768899],[-3.453604,46.778607],[-3.465214,46.788736],[-3.47605,46.799261],[-3.486084,46.810153],[-3.495289,46.821384],[-3.503639,46.832924],[-3.511113,46.844743],[-3.51769,46.856808],[-3.523351,46.869089],[-3.528082,46.881554],[-3.531869,46.894168],[-3.534702,46.906898],[-3.536571,46.919711],[-3.537473,46.932574],[-3.537402,46.94545],[-3.53636,46.958307],[-3.534348,46.971111],[-3.531371,46.983826],[-3.527435,46.99642],[-3.522552,47.008859],[-3.516732,47.021109],[-3.509991,47.033138],[-3.509008,47.033161],[-3.509008,47.033161],[-3.433333,47.147778]]]}},{"type":"Feature","properties":{"name":"16 B","nameV":"Q 16 B (SeeNotam)","class":"Q","type":"Q","lower":"SFC","lowerM":0,"upper":"FL999","upperM":30449,"desc":"Administrator: CCMAR ATLANTIQUE (ARMOR) 124.725 MHz. IFR: according to instructions. VFR: air navigators' attention is drawn on the life threatening nature of activities taking place in this area. Upper limit notified by NOTAM. Actual activity know by BREST ACC/UAC, IROISE APP/INFO. Not AMC-manageable.","activationCode":"NOTAM","activationDesc":"Possible activation by NOTAM Activation SKED specified in AUP France.","UId":"27271877","id":"LFD16B","stroke":"#f07800","stroke-width":2,"stroke-opacity":0.8,"fill":"#f07800","fill-opacity":0.3},"geometry":{"type":"Polygon","coordinates":[[[-3.807553,46.666667],[-4.728247,46.666667],[-4.376969,47.257886],[-4.165258,47.416742],[-3.975961,47.416667],[-3.977528,47.416709],[-3.9755,47.415277],[-3.973464,47.413852],[-3.97142,47.412431],[-3.969367,47.411017],[-3.967307,47.409607],[-3.965238,47.408203],[-3.963161,47.406805],[-3.961075,47.405412],[-3.958982,47.404025],[-3.956881,47.402644],[-3.954772,47.401268],[-3.952655,47.399897],[-3.95053,47.398533],[-3.948397,47.397174],[-3.946257,47.39582],[-3.944108,47.394473],[-3.941952,47.393131],[-3.939788,47.391795],[-3.937616,47.390464],[-3.935437,47.38914],[-3.93325,47.387821],[-3.931055,47.386508],[-3.928853,47.385202],[-3.926643,47.3839],[-3.924426,47.382605],[-3.922202,47.381316],[-3.919969,47.380033],[-3.91773,47.378755],[-3.915483,47.377484],[-3.913229,47.376219],[-3.910968,47.374959],[-3.908699,47.373706],[-3.906423,47.372459],[-3.90414,47.371218],[-3.90185,47.369983],[-3.899552,47.368754],[-3.897248,47.367531],[-3.894936,47.366314],[-3.892618,47.365104],[-3.890292,47.3639],[-3.88796,47.362702],[-3.885621,47.36151],[-3.883274,47.360324],[-3.880922,47.359145],[-3.878562,47.357972],[-3.876195,47.356805],[-3.873822,47.355645],[-3.871442,47.354491],[-3.869056,47.353343],[-3.866663,47.352202],[-3.864263,47.351067],[-3.861857,47.349938],[-3.859444,47.348816],[-3.857025,47.3477],[-3.854599,47.346591],[-3.852167,47.345488],[-3.849729,47.344392],[-3.847285,47.343303],[-3.844834,47.342219],[-3.842377,47.341143],[-3.839914,47.340073],[-3.837444,47.339009],[-3.834969,47.337952],[-3.832487,47.336902],[-3.829999,47.335858],[-3.827506,47.334821],[-3.825006,47.333791],[-3.822501,47.332767],[-3.81999,47.33175],[-3.817472,47.33074],[-3.814949,47.329737],[-3.812421,47.32874],[-3.809886,47.32775],[-3.807346,47.326766],[-3.8048,47.32579],[-3.802249,47.32482],[-3.799692,47.323857],[-3.79713,47.322901],[-3.794562,47.321952],[-3.791988,47.32101],[-3.789409,47.320074],[-3.786825,47.319145],[-3.784236,47.318224],[-3.781641,47.317309],[-3.779041,47.316401],[-3.776436,47.3155],[-3.775453,47.315444],[-3.775453,47.315444],[-3.807553,46.666667]]]}},{"type":"Feature","properties":{"name":"1","nameV":"Q 1 (SeeNotam)","class":"Q","type":"Q","lower":"SFC","lowerM":0,"upper":"FL999","upperM":30449,"desc":"Laser beam emitting which can result in eye injuries. Activity known on ROLAND GARROS APP.","activationCode":"HX","activationDesc":"Par NOTAM.","UId":"1610320","id":"FMD1","stroke":"#f07800","stroke-width":2,"stroke-opacity":0.8,"fill":"#f07800","fill-opacity":0.3},"geometry":{"type":"Polygon","coordinates":[[[55.49015,-21.079783],[55.489686,-21.070563],[55.488313,-21.061422],[55.486042,-21.052438],[55.482893,-21.043688],[55.478893,-21.035246],[55.474076,-21.027185],[55.468483,-21.019573],[55.462162,-21.012475],[55.455167,-21.005951],[55.447557,-21.000057],[55.439399,-20.994843],[55.43076,-20.990354],[55.421715,-20.986628],[55.41234,-20.983697],[55.402717,-20.981585],[55.392925,-20.98031],[55.38305,-20.979884],[55.373175,-20.98031],[55.363383,-20.981585],[55.35376,-20.983697],[55.344385,-20.986628],[55.33534,-20.990354],[55.326701,-20.994843],[55.318543,-21.000057],[55.310933,-21.005951],[55.303938,-21.012475],[55.297617,-21.019573],[55.292024,-21.027185],[55.287207,-21.035246],[55.283207,-21.043688],[55.280058,-21.052438],[55.277787,-21.061422],[55.276414,-21.070563],[55.27595,-21.079783],[55.276401,-21.089004],[55.277761,-21.098147],[55.28002,-21.107134],[55.283158,-21.115888],[55.28715,-21.124334],[55.29196,-21.1324],[55.297548,-21.140018],[55.303866,-21.147123],[55.310861,-21.153653],[55.318473,-21.159553],[55.326637,-21.164772],[55.335283,-21.169266],[55.344337,-21.172997],[55.353722,-21.175932],[55.363357,-21.178047],[55.373161,-21.179323],[55.38305,-21.17975],[55.392939,-21.179323],[55.402743,-21.178047],[55.412378,-21.175932],[55.421763,-21.172997],[55.430817,-21.169266],[55.439463,-21.164772],[55.447627,-21.159553],[55.455239,-21.153653],[55.462234,-21.147123],[55.468552,-21.140018],[55.47414,-21.1324],[55.47895,-21.124334],[55.482942,-21.115888],[55.48608,-21.107134],[55.488339,-21.098147],[55.489699,-21.089004],[55.49015,-21.079783]]]}},{"type":"Feature","properties":{"name":"2 .1","nameV":"Q 2 .1","class":"Q","type":"Q","lower":"SFC","lowerM":0,"upper":"700FT AGL","ordinalUpperM":213,"upperM":213,"groundEstimatedHeight":[0,0,0,0],"activationCode":"H24","UId":"1561167","id":"FMD2.1","stroke":"#f07800","stroke-width":2,"stroke-opacity":0.8,"fill":"#f07800","fill-opacity":0.3},"geometry":{"type":"Polygon","coordinates":[[[55.591667,-21.161667],[55.634444,-21.164722],[55.635278,-21.187222],[55.590278,-21.184167],[55.591667,-21.161667]]]}},{"type":"Feature","properties":{"name":"2 .2","nameV":"Q 2 .2 (SeeNotam)","class":"Q","type":"Q","lower":"700FT AGL","ordinalLowerM":213,"lowerM":213,"upper":"9800FT AGL","ordinalUpperM":2987,"upperM":2987,"groundEstimatedHeight":[0,0,0,0],"activationCode":"HX","activationDesc":"Par NOTAM","UId":"1561173","id":"FMD2.2","stroke":"#f07800","stroke-width":2,"stroke-opacity":0.8,"fill":"#f07800","fill-opacity":0.1},"geometry":{"type":"Polygon","coordinates":[[[55.591667,-21.161667],[55.634444,-21.164722],[55.635278,-21.187222],[55.590278,-21.184167],[55.591667,-21.161667]]]}},{"type":"Feature","properties":{"name":"23","nameV":"Q 23","class":"Q","type":"Q","lower":"SFC","lowerM":0,"upper":"600FT AGL","ordinalUpperM":182,"upperM":182,"groundEstimatedHeight":[0,0,0,0],"activationCode":"HX","activationDesc":"LUN - SAM: 0200 - 1500","UId":"1561171","id":"FMD23","stroke":"#f07800","stroke-width":2,"stroke-opacity":0.8,"fill":"#f07800","fill-opacity":0.3},"geometry":{"type":"Polygon","coordinates":[[[55.391389,-21.333611],[55.41,-21.316944],[55.417222,-21.315556],[55.417222,-21.321944],[55.405556,-21.343056],[55.391389,-21.333611]]]}},{"type":"Feature","properties":{"name":"50","nameV":"Q 50 (SeeNotam)","class":"Q","type":"Q","lower":"SFC","lowerM":0,"upper":"FL460","upperM":14020,"desc":"Activity known on ROLAND GARROS APP.","activationCode":"HX","activationDesc":"Par NOTAM","UId":"1561179","id":"FMD50","stroke":"#f07800","stroke-width":2,"stroke-opacity":0.8,"fill":"#f07800","fill-opacity":0.3},"geometry":{"type":"Polygon","coordinates":[[[54.95,-21.2],[55.041667,-21.433333],[54.558333,-21.650556],[54.431667,-21.325],[54.95,-21.2]]]}},{"type":"Feature","properties":{"name":"6","nameV":"Q 6 (SeeNotam)","class":"Q","type":"Q","lower":"SFC","lowerM":0,"upper":"FL195","upperM":5943,"activationCode":"HX","activationDesc":"Possible activation by NOTAM","UId":"1564453","id":"NWD6","stroke":"#f07800","stroke-width":2,"stroke-opacity":0.8,"fill":"#f07800","fill-opacity":0.3},"geometry":{"type":"Polygon","coordinates":[[[167.629783,-22.116569],[167.628668,-22.098247],[167.625386,-22.080151],[167.619977,-22.062499],[167.612506,-22.045505],[167.603066,-22.029376],[167.591771,-22.014306],[167.578759,-22.000479],[167.564188,-21.988061],[167.548235,-21.977204],[167.531093,-21.968038],[167.512969,-21.960675],[167.494084,-21.955203],[167.474665,-21.951689],[167.454948,-21.950176],[167.435171,-21.950681],[167.415574,-21.953198],[167.396392,-21.957698],[167.37786,-21.964125],[167.3602,-21.972402],[167.343627,-21.982429],[167.328342,-21.994084],[167.314529,-22.007226],[167.302358,-22.021697],[167.291974,-22.03732],[167.283506,-22.053907],[167.277056,-22.071256],[167.272704,-22.089157],[167.270502,-22.107394],[167.270478,-22.125744],[167.272635,-22.143985],[167.276945,-22.161896],[167.283358,-22.179258],[167.291797,-22.195862],[167.302159,-22.211504],[167.314319,-22.225996],[167.32813,-22.23916],[167.343425,-22.250836],[167.360016,-22.260883],[167.377704,-22.269177],[167.396271,-22.275619],[167.415494,-22.280128],[167.435136,-22.282652],[167.45496,-22.283158],[167.474723,-22.281641],[167.494185,-22.278119],[167.513109,-22.272635],[167.531264,-22.265256],[167.548429,-22.256071],[167.564397,-22.245193],[167.578972,-22.232754],[167.591977,-22.218905],[167.603255,-22.203815],[167.61267,-22.187668],[167.620107,-22.170659],[167.625477,-22.152996],[167.628715,-22.134892],[167.629783,-22.116569]]]}},{"type":"Feature","properties":{"name":"12","nameV":"Q 12","class":"Q","type":"Q","lower":"SFC","lowerM":0,"upper":"4000FT AMSL","upperM":1219,"desc":"IFR/VFR: pilot's attention is drawn to particularly dangerous activity in this area for human life.","activationCode":"HX","activationDesc":"SR-1000 (sauf DIM et JF/except SUN and public HOL).","UId":"1564901","id":"NTD12","stroke":"#f07800","stroke-width":2,"stroke-opacity":0.8,"fill":"#f07800","fill-opacity":0.3},"geometry":{"type":"Polygon","coordinates":[[[-149.30878,-17.666665],[-149.30912,-17.662658],[-149.310131,-17.658754],[-149.311785,-17.655055],[-149.314041,-17.651657],[-149.316839,-17.648648],[-149.320107,-17.646106],[-149.323761,-17.644096],[-149.327706,-17.64267],[-149.33184,-17.641866],[-149.336056,-17.641704],[-149.340244,-17.642189],[-149.344296,-17.643307],[-149.348108,-17.645031],[-149.351581,-17.647314],[-149.354624,-17.650099],[-149.357159,-17.653313],[-149.35912,-17.656873],[-149.360457,-17.660687],[-149.361134,-17.664655],[-149.361135,-17.668676],[-149.360459,-17.672644],[-149.359123,-17.676458],[-149.357162,-17.680018],[-149.354628,-17.683233],[-149.351584,-17.686018],[-149.348111,-17.688303],[-149.344299,-17.690026],[-149.340245,-17.691145],[-149.336056,-17.69163],[-149.331839,-17.691468],[-149.327704,-17.690664],[-149.323758,-17.689238],[-149.320104,-17.687227],[-149.316835,-17.684684],[-149.314037,-17.681674],[-149.311782,-17.678276],[-149.310129,-17.674577],[-149.309119,-17.670673],[-149.30878,-17.666665]]]}},{"type":"Feature","properties":{"name":"24","nameV":"Q 24","class":"Q","type":"Q","lower":"SFC","lowerM":0,"upper":"4000FT AMSL","upperM":1219,"desc":"Simultaneous activity possible with parachuting activity NR23. Caution advised.","activationCode":"HJ","activationDesc":"SR -15 à/to SS + 15","UId":"2463108","id":"NTD24","stroke":"#f07800","stroke-width":2,"stroke-opacity":0.8,"fill":"#f07800","fill-opacity":0.3},"geometry":{"type":"Polygon","coordinates":[[[-149.570833,-17.605],[-149.619444,-17.619444],[-149.613889,-17.628889],[-149.609444,-17.636944],[-149.616667,-17.642222],[-149.603611,-17.654167],[-149.558333,-17.643889],[-149.561111,-17.619167],[-149.570833,-17.605]]]}},{"type":"Feature","properties":{"name":"23","nameV":"Q 23","class":"Q","type":"Q","lower":"SFC","lowerM":0,"upper":"FL100","upperM":3048,"activationCode":"HX","activationDesc":"Activité connue de TAHITI ACC. Activity known by ACC TAHITI.","UId":"1563537","id":"NTD23","stroke":"#f07800","stroke-width":2,"stroke-opacity":0.8,"fill":"#f07800","fill-opacity":0.3},"geometry":{"type":"Polygon","coordinates":[[[-149.674167,-16.545556],[-149.674268,-16.550315],[-149.678341,-16.550594],[-149.682413,-16.550889],[-149.686483,-16.551199],[-149.690552,-16.551524],[-149.69462,-16.551864],[-149.698687,-16.552219],[-149.702752,-16.55259],[-149.706816,-16.552976],[-149.710878,-16.553377],[-149.714938,-16.553793],[-149.718996,-16.554224],[-149.723053,-16.55467],[-149.727108,-16.555132],[-149.731161,-16.555609],[-149.735212,-16.5561],[-149.739261,-16.556607],[-149.743308,-16.55713],[-149.747353,-16.557667],[-149.751396,-16.558219],[-149.755436,-16.558786],[-149.759475,-16.559369],[-149.76351,-16.559966],[-149.767543,-16.560579],[-149.771574,-16.561207],[-149.775602,-16.56185],[-149.779628,-16.562507],[-149.783651,-16.56318],[-149.787671,-16.563868],[-149.791688,-16.564571],[-149.795703,-16.565289],[-149.799714,-16.566021],[-149.803723,-16.566769],[-149.807728,-16.567532],[-149.81173,-16.56831],[-149.815729,-16.569102],[-149.819725,-16.56991],[-149.823718,-16.570733],[-149.827707,-16.57157],[-149.831693,-16.572422],[-149.835675,-16.57329],[-149.839654,-16.574172],[-149.843629,-16.575069],[-149.847601,-16.57598],[-149.851569,-16.576907],[-149.855533,-16.577848],[-149.859493,-16.578805],[-149.863449,-16.579776],[-149.867402,-16.580761],[-149.87135,-16.581762],[-149.875294,-16.582777],[-149.879234,-16.583807],[-149.88317,-16.584852],[-149.887102,-16.585911],[-149.891029,-16.586985],[-149.894952,-16.588074],[-149.898871,-16.589177],[-149.902785,-16.590295],[-149.906695,-16.591428],[-149.910599,-16.592575],[-149.9145,-16.593737],[-149.918395,-16.594913],[-149.922286,-16.596104],[-149.926172,-16.59731],[-149.930053,-16.598529],[-149.933929,-16.599764],[-149.9378,-16.601013],[-149.941665,-16.602276],[-149.945526,-16.603554],[-149.949382,-16.604846],[-149.953232,-16.606152],[-149.957077,-16.607473],[-149.960917,-16.608809],[-149.964751,-16.610158],[-149.968579,-16.611522],[-149.972402,-16.6129],[-149.97622,-16.614293],[-149.980032,-16.6157],[-149.983838,-16.61712],[-149.987638,-16.618556],[-149.991433,-16.620005],[-149.995221,-16.621468],[-149.999004,-16.622946],[-150.002781,-16.624438],[-150.006551,-16.625944],[-150.010316,-16.627464],[-150.014074,-16.628997],[-150.017826,-16.630545],[-150.021572,-16.632107],[-150.025311,-16.633683],[-150.029044,-16.635273],[-150.03277,-16.636877],[-150.03649,-16.638495],[-150.040204,-16.640127],[-150.04391,-16.641772],[-150.047611,-16.643431],[-150.051304,-16.645105],[-150.05499,-16.646791],[-150.05867,-16.648492],[-150.058056,-16.644167],[-150.058056,-16.644167],[-150.510278,-15.74],[-150.511393,-15.748936],[-150.504136,-15.745586],[-150.496866,-15.742263],[-150.489583,-15.738966],[-150.482287,-15.735697],[-150.474978,-15.732454],[-150.467656,-15.729239],[-150.460322,-15.726051],[-150.452975,-15.72289],[-150.445615,-15.719756],[-150.438244,-15.716649],[-150.43086,-15.71357],[-150.423464,-15.710517],[-150.416056,-15.707493],[-150.408636,-15.704495],[-150.401204,-15.701525],[-150.393761,-15.698583],[-150.386306,-15.695668],[-150.378839,-15.692781],[-150.371362,-15.689921],[-150.363872,-15.687089],[-150.356372,-15.684284],[-150.348861,-15.681508],[-150.341339,-15.678759],[-150.333806,-15.676038],[-150.326262,-15.673345],[-150.318708,-15.67068],[-150.311143,-15.668042],[-150.303568,-15.665433],[-150.295983,-15.662852],[-150.288388,-15.660299],[-150.280782,-15.657773],[-150.273167,-15.655276],[-150.265542,-15.652808],[-150.257907,-15.650367],[-150.250262,-15.647955],[-150.242608,-15.645571],[-150.234945,-15.643215],[-150.227273,-15.640887],[-150.219591,-15.638588],[-150.2119,-15.636318],[-150.204201,-15.634075],[-150.196492,-15.631862],[-150.188775,-15.629676],[-150.181049,-15.62752],[-150.173315,-15.625392],[-150.165573,-15.623292],[-150.157822,-15.621221],[-150.150063,-15.619179],[-150.142296,-15.617166],[-150.134522,-15.615181],[-150.126739,-15.613225],[-150.118949,-15.611298],[-150.111151,-15.609399],[-150.103346,-15.60753],[-150.095534,-15.605689],[-150.087714,-15.603877],[-150.079887,-15.602094],[-150.072054,-15.60034],[-150.064213,-15.598615],[-150.056366,-15.596919],[-150.048512,-15.595252],[-150.040651,-15.593614],[-150.032784,-15.592005],[-150.024911,-15.590426],[-150.017032,-15.588875],[-150.009146,-15.587353],[-150.001255,-15.585861],[-149.993357,-15.584398],[-149.985454,-15.582964],[-149.977546,-15.581559],[-149.969632,-15.580184],[-149.961712,-15.578838],[-149.953788,-15.577521],[-149.945858,-15.576233],[-149.937923,-15.574975],[-149.929983,-15.573746],[-149.922039,-15.572546],[-149.91409,-15.571376],[-149.906136,-15.570235],[-149.898178,-15.569124],[-149.890215,-15.568042],[-149.882249,-15.566989],[-149.874278,-15.565966],[-149.866303,-15.564972],[-149.858324,-15.564008],[-149.850342,-15.563073],[-149.842356,-15.562168],[-149.834366,-15.561293],[-149.826373,-15.560447],[-149.818377,-15.55963],[-149.810378,-15.558843],[-149.802375,-15.558086],[-149.79437,-15.557358],[-149.786362,-15.55666],[-149.778351,-15.555991],[-149.770337,-15.555353],[-149.762322,-15.554743],[-149.754303,-15.554164],[-149.746283,-15.553614],[-149.746111,-15.543611],[-149.746111,-15.543611],[-149.674167,-16.545556]]]}},{"type":"Feature","properties":{"name":"22","nameV":"Q 22 (SeeNotam)","class":"Q","type":"Q","lower":"SFC","lowerM":0,"upper":"FL999","upperM":30449,"activationCode":"HX","activationDesc":"Annoncé par NOTAM et sur ATIS TAHITI. Announced by NOTAM and on TAHITI ATIS.","UId":"1563519","id":"NTD22","stroke":"#f07800","stroke-width":2,"stroke-opacity":0.8,"fill":"#f07800","fill-opacity":0.3},"geometry":{"type":"Polygon","coordinates":[[[-149.65,-16.879444],[-149.65007,-16.882572],[-149.652968,-16.882771],[-149.655865,-16.882981],[-149.658762,-16.883203],[-149.661657,-16.883437],[-149.664551,-16.883682],[-149.667445,-16.883939],[-149.670337,-16.884207],[-149.673228,-16.884487],[-149.676117,-16.884778],[-149.679006,-16.88508],[-149.681893,-16.885395],[-149.684778,-16.88572],[-149.687663,-16.886057],[-149.690545,-16.886406],[-149.693427,-16.886766],[-149.696306,-16.887138],[-149.699184,-16.887521],[-149.70206,-16.887915],[-149.704935,-16.888321],[-149.707808,-16.888738],[-149.710679,-16.889167],[-149.713548,-16.889607],[-149.716415,-16.890059],[-149.71928,-16.890522],[-149.722143,-16.890996],[-149.725004,-16.891482],[-149.727863,-16.891979],[-149.73072,-16.892488],[-149.733575,-16.893007],[-149.736427,-16.893539],[-149.739277,-16.894081],[-149.742124,-16.894635],[-149.744969,-16.8952],[-149.747812,-16.895777],[-149.750652,-16.896365],[-149.75349,-16.896964],[-149.756325,-16.897575],[-149.759157,-16.898196],[-149.761986,-16.898829],[-149.764813,-16.899474],[-149.767637,-16.900129],[-149.770458,-16.900796],[-149.773276,-16.901474],[-149.776092,-16.902163],[-149.778904,-16.902863],[-149.781713,-16.903575],[-149.784519,-16.904298],[-149.787322,-16.905032],[-149.790122,-16.905777],[-149.792918,-16.906533],[-149.795711,-16.9073],[-149.798501,-16.908078],[-149.801287,-16.908868],[-149.80407,-16.909669],[-149.80685,-16.91048],[-149.809626,-16.911303],[-149.812398,-16.912137],[-149.815167,-16.912981],[-149.817932,-16.913837],[-149.820693,-16.914704],[-149.823451,-16.915582],[-149.826204,-16.91647],[-149.828954,-16.91737],[-149.8317,-16.918281],[-149.834442,-16.919202],[-149.83718,-16.920135],[-149.839914,-16.921078],[-149.842643,-16.922032],[-149.845369,-16.922997],[-149.84809,-16.923973],[-149.850807,-16.92496],[-149.85352,-16.925957],[-149.856229,-16.926966],[-149.858933,-16.927985],[-149.861632,-16.929015],[-149.864327,-16.930055],[-149.867018,-16.931106],[-149.869704,-16.932168],[-149.872385,-16.933241],[-149.875062,-16.934324],[-149.877734,-16.935418],[-149.880401,-16.936523],[-149.883064,-16.937638],[-149.885721,-16.938764],[-149.888374,-16.9399],[-149.891022,-16.941047],[-149.893664,-16.942204],[-149.896302,-16.943372],[-149.898935,-16.944551],[-149.901562,-16.94574],[-149.904184,-16.946939],[-149.906801,-16.948149],[-149.906389,-16.945278],[-149.906389,-16.945278],[-150.058056,-16.644167],[-150.05867,-16.648492],[-150.05499,-16.646791],[-150.051304,-16.645105],[-150.047611,-16.643431],[-150.04391,-16.641772],[-150.040204,-16.640127],[-150.03649,-16.638495],[-150.03277,-16.636877],[-150.029044,-16.635273],[-150.025311,-16.633683],[-150.021572,-16.632107],[-150.017826,-16.630545],[-150.014074,-16.628997],[-150.010316,-16.627464],[-150.006551,-16.625944],[-150.002781,-16.624438],[-149.999004,-16.622946],[-149.995221,-16.621468],[-149.991433,-16.620005],[-149.987638,-16.618556],[-149.983838,-16.61712],[-149.980032,-16.6157],[-149.97622,-16.614293],[-149.972402,-16.6129],[-149.968579,-16.611522],[-149.964751,-16.610158],[-149.960917,-16.608809],[-149.957077,-16.607473],[-149.953232,-16.606152],[-149.949382,-16.604846],[-149.945526,-16.603554],[-149.941665,-16.602276],[-149.9378,-16.601013],[-149.933929,-16.599764],[-149.930053,-16.598529],[-149.926172,-16.59731],[-149.922286,-16.596104],[-149.918395,-16.594913],[-149.9145,-16.593737],[-149.910599,-16.592575],[-149.906695,-16.591428],[-149.902785,-16.590295],[-149.898871,-16.589177],[-149.894952,-16.588074],[-149.891029,-16.586985],[-149.887102,-16.585911],[-149.88317,-16.584852],[-149.879234,-16.583807],[-149.875294,-16.582777],[-149.87135,-16.581762],[-149.867402,-16.580761],[-149.863449,-16.579776],[-149.859493,-16.578805],[-149.855533,-16.577848],[-149.851569,-16.576907],[-149.847601,-16.57598],[-149.843629,-16.575069],[-149.839654,-16.574172],[-149.835675,-16.57329],[-149.831693,-16.572422],[-149.827707,-16.57157],[-149.823718,-16.570733],[-149.819725,-16.56991],[-149.815729,-16.569102],[-149.81173,-16.56831],[-149.807728,-16.567532],[-149.803723,-16.566769],[-149.799714,-16.566021],[-149.795703,-16.565289],[-149.791688,-16.564571],[-149.787671,-16.563868],[-149.783651,-16.56318],[-149.779628,-16.562507],[-149.775602,-16.56185],[-149.771574,-16.561207],[-149.767543,-16.560579],[-149.76351,-16.559966],[-149.759475,-16.559369],[-149.755436,-16.558786],[-149.751396,-16.558219],[-149.747353,-16.557667],[-149.743308,-16.55713],[-149.739261,-16.556607],[-149.735212,-16.5561],[-149.731161,-16.555609],[-149.727108,-16.555132],[-149.723053,-16.55467],[-149.718996,-16.554224],[-149.714938,-16.553793],[-149.710878,-16.553377],[-149.706816,-16.552976],[-149.702752,-16.55259],[-149.698687,-16.552219],[-149.69462,-16.551864],[-149.690552,-16.551524],[-149.686483,-16.551199],[-149.682413,-16.550889],[-149.678341,-16.550594],[-149.674268,-16.550315],[-149.674167,-16.545556],[-149.674167,-16.545556],[-149.65,-16.879444]]]}},{"type":"Feature","properties":{"name":"21","nameV":"Q 21 (SeeNotam)","class":"Q","type":"Q","lower":"SFC","lowerM":0,"upper":"FL999","upperM":30449,"activationCode":"HX","activationDesc":"Annoncé par NOTAM et sur ATIS TAHITI. Announced by NOTAM and on TAHITI ATIS.","UId":"1563521","id":"NTD21","stroke":"#f07800","stroke-width":2,"stroke-opacity":0.8,"fill":"#f07800","fill-opacity":0.3},"geometry":{"type":"Polygon","coordinates":[[[-149.629444,-17.163056],[-149.629478,-17.164941],[-149.631222,-17.165061],[-149.632965,-17.165188],[-149.634708,-17.165322],[-149.63645,-17.165464],[-149.638191,-17.165613],[-149.639932,-17.165769],[-149.641672,-17.165932],[-149.643412,-17.166103],[-149.64515,-17.166281],[-149.646888,-17.166466],[-149.648625,-17.166658],[-149.650361,-17.166858],[-149.652096,-17.167064],[-149.65383,-17.167278],[-149.655563,-17.167499],[-149.657295,-17.167728],[-149.659026,-17.167963],[-149.660756,-17.168206],[-149.662485,-17.168456],[-149.664212,-17.168713],[-149.665939,-17.168977],[-149.667664,-17.169249],[-149.669388,-17.169527],[-149.671111,-17.169813],[-149.672832,-17.170106],[-149.674552,-17.170406],[-149.676271,-17.170714],[-149.677988,-17.171028],[-149.679704,-17.17135],[-149.681418,-17.171678],[-149.683131,-17.172014],[-149.684842,-17.172357],[-149.686552,-17.172707],[-149.68826,-17.173064],[-149.689966,-17.173428],[-149.691671,-17.1738],[-149.693374,-17.174178],[-149.695076,-17.174564],[-149.696775,-17.174956],[-149.698473,-17.175356],[-149.700169,-17.175762],[-149.701863,-17.176176],[-149.703555,-17.176597],[-149.705245,-17.177025],[-149.706934,-17.17746],[-149.70862,-17.177901],[-149.710304,-17.17835],[-149.711987,-17.178806],[-149.713667,-17.179269],[-149.715345,-17.179739],[-149.717021,-17.180215],[-149.718694,-17.180699],[-149.720366,-17.18119],[-149.722035,-17.181688],[-149.723702,-17.182192],[-149.725366,-17.182704],[-149.727029,-17.183222],[-149.728689,-17.183747],[-149.730346,-17.18428],[-149.732001,-17.184819],[-149.733654,-17.185365],[-149.735304,-17.185918],[-149.736952,-17.186477],[-149.738597,-17.187044],[-149.740239,-17.187617],[-149.741879,-17.188197],[-149.743516,-17.188784],[-149.74515,-17.189378],[-149.746782,-17.189979],[-149.748411,-17.190586],[-149.750037,-17.1912],[-149.751661,-17.191821],[-149.753281,-17.192449],[-149.754899,-17.193083],[-149.756514,-17.193724],[-149.758126,-17.194372],[-149.759735,-17.195027],[-149.761341,-17.195688],[-149.762944,-17.196356],[-149.764543,-17.19703],[-149.76614,-17.197712],[-149.767734,-17.198399],[-149.769324,-17.199094],[-149.770912,-17.199795],[-149.772496,-17.200502],[-149.774077,-17.201217],[-149.775654,-17.201937],[-149.777229,-17.202665],[-149.776944,-17.201111],[-149.776944,-17.201111],[-149.906389,-16.945278],[-149.906801,-16.948149],[-149.904184,-16.946939],[-149.901562,-16.94574],[-149.898935,-16.944551],[-149.896302,-16.943372],[-149.893664,-16.942204],[-149.891022,-16.941047],[-149.888374,-16.9399],[-149.885721,-16.938764],[-149.883064,-16.937638],[-149.880401,-16.936523],[-149.877734,-16.935418],[-149.875062,-16.934324],[-149.872385,-16.933241],[-149.869704,-16.932168],[-149.867018,-16.931106],[-149.864327,-16.930055],[-149.861632,-16.929015],[-149.858933,-16.927985],[-149.856229,-16.926966],[-149.85352,-16.925957],[-149.850807,-16.92496],[-149.84809,-16.923973],[-149.845369,-16.922997],[-149.842643,-16.922032],[-149.839914,-16.921078],[-149.83718,-16.920135],[-149.834442,-16.919202],[-149.8317,-16.918281],[-149.828954,-16.91737],[-149.826204,-16.91647],[-149.823451,-16.915582],[-149.820693,-16.914704],[-149.817932,-16.913837],[-149.815167,-16.912981],[-149.812398,-16.912137],[-149.809626,-16.911303],[-149.80685,-16.91048],[-149.80407,-16.909669],[-149.801287,-16.908868],[-149.798501,-16.908078],[-149.795711,-16.9073],[-149.792918,-16.906533],[-149.790122,-16.905777],[-149.787322,-16.905032],[-149.784519,-16.904298],[-149.781713,-16.903575],[-149.778904,-16.902863],[-149.776092,-16.902163],[-149.773276,-16.901474],[-149.770458,-16.900796],[-149.767637,-16.900129],[-149.764813,-16.899474],[-149.761986,-16.898829],[-149.759157,-16.898196],[-149.756325,-16.897575],[-149.75349,-16.896964],[-149.750652,-16.896365],[-149.747812,-16.895777],[-149.744969,-16.8952],[-149.742124,-16.894635],[-149.739277,-16.894081],[-149.736427,-16.893539],[-149.733575,-16.893007],[-149.73072,-16.892488],[-149.727863,-16.891979],[-149.725004,-16.891482],[-149.722143,-16.890996],[-149.71928,-16.890522],[-149.716415,-16.890059],[-149.713548,-16.889607],[-149.710679,-16.889167],[-149.707808,-16.888738],[-149.704935,-16.888321],[-149.70206,-16.887915],[-149.699184,-16.887521],[-149.696306,-16.887138],[-149.693427,-16.886766],[-149.690545,-16.886406],[-149.687663,-16.886057],[-149.684778,-16.88572],[-149.681893,-16.885395],[-149.679006,-16.88508],[-149.676117,-16.884778],[-149.673228,-16.884487],[-149.670337,-16.884207],[-149.667445,-16.883939],[-149.664551,-16.883682],[-149.661657,-16.883437],[-149.658762,-16.883203],[-149.655865,-16.882981],[-149.652968,-16.882771],[-149.65007,-16.882572],[-149.65,-16.879444],[-149.65,-16.879444],[-149.629444,-17.163056]]]}},{"type":"Feature","properties":{"name":"3","nameV":"Q 3 (SeeNotam)","class":"Q","type":"Q","lower":"SFC","lowerM":0,"upper":"FL999","upperM":30449,"desc":"(MARTINIQUE) Activity announced by MARTINIQUE APP. Vertical limits announced by NOTAM.","activationCode":"NOTAM","activationDesc":"By NOTAM","UId":"1562353","id":"TFD3","stroke":"#f07800","stroke-width":2,"stroke-opacity":0.8,"fill":"#f07800","fill-opacity":0.3},"geometry":{"type":"Polygon","coordinates":[[[-61.586811,14.587131],[-61.587674,14.605573],[-61.590293,14.623859],[-61.594645,14.641834],[-61.600693,14.659343],[-61.608387,14.676237],[-61.61766,14.692372],[-61.628434,14.70761],[-61.640617,14.721821],[-61.654106,14.734883],[-61.668785,14.746685],[-61.684529,14.757126],[-61.701203,14.766116],[-61.718665,14.773579],[-61.736766,14.779451],[-61.755351,14.783681],[-61.77426,14.786234],[-61.793333,14.787087],[-61.812406,14.786234],[-61.831315,14.783681],[-61.8499,14.779451],[-61.868001,14.773579],[-61.885463,14.766116],[-61.902137,14.757126],[-61.917881,14.746685],[-61.93256,14.734883],[-61.946049,14.721821],[-61.958232,14.70761],[-61.969006,14.692372],[-61.978279,14.676237],[-61.985973,14.659343],[-61.992021,14.641834],[-61.996373,14.623859],[-61.998992,14.605573],[-61.999855,14.587131],[-61.998957,14.568691],[-61.996305,14.550409],[-61.991922,14.532442],[-61.985846,14.514944],[-61.97813,14.498062],[-61.968838,14.481941],[-61.958052,14.466719],[-61.945862,14.452524],[-61.932373,14.439479],[-61.917701,14.427693],[-61.901969,14.417268],[-61.885314,14.408292],[-61.867875,14.400841],[-61.849801,14.39498],[-61.831248,14.390757],[-61.812371,14.388209],[-61.793333,14.387357],[-61.774295,14.388209],[-61.755418,14.390757],[-61.736865,14.39498],[-61.718791,14.400841],[-61.701352,14.408292],[-61.684697,14.417268],[-61.668965,14.427693],[-61.654293,14.439479],[-61.640804,14.452524],[-61.628614,14.466719],[-61.617828,14.481941],[-61.608536,14.498062],[-61.60082,14.514944],[-61.594744,14.532442],[-61.590361,14.550409],[-61.587709,14.568691],[-61.586811,14.587131]]]}},{"type":"Feature","properties":{"name":"216","nameV":"Q 216 Upper(3600FT AMSL-2400FT AGL)","class":"Q","type":"Q","lower":"SFC","lowerM":0,"upper":"3600FT AMSL","upperMax":"2400FT AGL","upperM":1097,"desc":"Administrator: 516th RTRN  TEL 03 83 43 54 83 or 53 71 According to protocol. Activity known on: - STRASBOURG INFO - OCHEY APP ","activationCode":"HO","activationDesc":"Possible activation:  - TUE, WED (except HOL): 0700-2300 - THU (except HOL): 0700-1600 SUM: - 1 HR","UId":"17781541","id":"LFD216","stroke":"#f07800","stroke-width":2,"stroke-opacity":0.8,"fill":"#f07800","fill-opacity":0.3},"geometry":{"type":"Polygon","coordinates":[[[6.006111,48.645556],[6.015833,48.643611],[5.989444,48.620833],[5.963056,48.614722],[5.942222,48.638611],[6.006111,48.645556]]]}}]}