{"type":"FeatureCollection","headerFile":{"software":"(aixmParser v2.26.4) ","created":"2026-05-17T14:46:23.656100","content":"airspaces-all","allMap":true,"numberOfAreas":4549,"srcFiles":{"1":{"srcAixmFile":"..\\tst\\AIXM4.5_all_FR_OM_2026-05-14.xml","srcAixmOrigin":"Sia-France","srcAixmVersion":"4.5","srcAixmCreated":"2026-03-23T19:09:15.593+01:00","srcAixmEffective":"2026-05-14T00:00:00.000+02:00"}}},"features":[{"type":"Feature","properties":{"name":"212","nameV":"R 212","class":"R","type":"R","lower":"SFC","lowerM":0,"upper":"500FT AGL","ordinalUpperM":152,"upperM":152,"groundEstimatedHeight":[0,0,0,0],"desc":"GAT IFR and VFR, OAT: avoidance mandatory throughout activity Activity known on: Luxeuil APP 129.925","activationCode":"HX","activationDesc":"Possible activation SR- 30 to SS+30 According to protocol","UId":"1564659","id":"LFR212","stroke":"#800080","stroke-width":2,"stroke-opacity":0.8,"fill":"#ffb9dc","fill-opacity":0.6},"geometry":{"type":"Polygon","coordinates":[[[6.645886,47.758608],[6.645567,47.76128],[6.644614,47.763883],[6.643052,47.766349],[6.640921,47.768615],[6.638278,47.770622],[6.635189,47.772317],[6.631735,47.773658],[6.628006,47.774609],[6.624098,47.775145],[6.620113,47.775253],[6.616154,47.77493],[6.612323,47.774184],[6.60872,47.773034],[6.605438,47.771511],[6.602562,47.769654],[6.600167,47.767511],[6.598315,47.765137],[6.597054,47.762594],[6.596415,47.759949],[6.596417,47.757268],[6.597057,47.754623],[6.598321,47.75208],[6.600175,47.749707],[6.60257,47.747565],[6.605446,47.745709],[6.608727,47.744186],[6.612328,47.743038],[6.616157,47.742292],[6.620114,47.741969],[6.624096,47.742077],[6.628002,47.742613],[6.631729,47.743563],[6.635181,47.744903],[6.63827,47.746598],[6.640914,47.748604],[6.643045,47.750869],[6.644609,47.753334],[6.645564,47.755937],[6.645886,47.758608]]]}},{"type":"Feature","properties":{"name":"215","nameV":"R 215","class":"R","type":"R","lower":"SFC","lowerM":0,"upper":"1000FT AGL","ordinalUpperM":304,"upperM":304,"groundEstimatedHeight":[0,0,0,0],"desc":"GAT IFR and VFR/OAT A, B, C, V: Avoidance mandatory throughout activity, except aircraft to and from VITRY- LE- FRANCOIS AD. Activity known on SAINT-DIZIER APP 134.775 Mhz or 264.425 Mhz.","activationCode":"HX","activationDesc":"SR-30 à SS+30 pendant l'activité de la CTR SAINT-DIZIER. \\\\SR- 30 to SS+30 during SAINT- DIZIER CTR activity.","UId":"1564613","id":"LFR215","stroke":"#800080","stroke-width":2,"stroke-opacity":0.8,"fill":"#ffb9dc","fill-opacity":0.6},"geometry":{"type":"Polygon","coordinates":[[[4.683333,48.735556],[4.683333,48.735558],[4.6874,48.73545],[4.691441,48.735126],[4.695429,48.734589],[4.699338,48.733841],[4.703144,48.732889],[4.706821,48.731737],[4.710345,48.730394],[4.713693,48.728868],[4.716845,48.72717],[4.719779,48.725309],[4.722476,48.723299],[4.724919,48.721152],[4.727092,48.718882],[4.728981,48.716504],[4.730573,48.714034],[4.731859,48.711487],[4.73283,48.708879],[4.73348,48.706229],[4.733805,48.703553],[4.733802,48.700869],[4.733472,48.698193],[4.732817,48.695543],[4.731841,48.692937],[4.730551,48.690391],[4.728955,48.687922],[4.727063,48.685546],[4.724888,48.683277],[4.722443,48.681132],[4.719745,48.679123],[4.716812,48.677265],[4.713661,48.675568],[4.710315,48.674043],[4.706793,48.672702],[4.70312,48.671552],[4.699318,48.6706],[4.695413,48.669854],[4.69143,48.669317],[4.687395,48.668994],[4.683333,48.668886],[4.683333,48.668889],[4.683333,48.668889],[4.61,48.668611],[4.609215,48.668599],[4.60949,48.669619],[4.609773,48.670637],[4.610063,48.671655],[4.610362,48.672672],[4.610668,48.673687],[4.610983,48.674702],[4.611305,48.675715],[4.611635,48.676728],[4.611974,48.677739],[4.61232,48.678749],[4.612674,48.679758],[4.613036,48.680766],[4.613406,48.681772],[4.613784,48.682777],[4.614169,48.683781],[4.614563,48.684784],[4.614964,48.685785],[4.615373,48.686784],[4.61579,48.687783],[4.616215,48.68878],[4.616648,48.689775],[4.617088,48.690769],[4.617536,48.691761],[4.617992,48.692752],[4.618456,48.693742],[4.618928,48.694729],[4.619407,48.695716],[4.619894,48.6967],[4.620389,48.697683],[4.620891,48.698664],[4.621401,48.699643],[4.621919,48.700621],[4.622445,48.701597],[4.622978,48.702571],[4.623519,48.703543],[4.624067,48.704513],[4.624623,48.705482],[4.625187,48.706448],[4.625758,48.707413],[4.626336,48.708375],[4.626923,48.709336],[4.627516,48.710294],[4.628118,48.711251],[4.628727,48.712206],[4.629343,48.713158],[4.629967,48.714108],[4.630598,48.715056],[4.631237,48.716002],[4.631883,48.716946],[4.632536,48.717888],[4.633197,48.718827],[4.633865,48.719764],[4.634541,48.720699],[4.635224,48.721632],[4.635914,48.722562],[4.636612,48.723489],[4.637317,48.724415],[4.638029,48.725338],[4.638748,48.726258],[4.639475,48.727176],[4.640208,48.728092],[4.640949,48.729005],[4.641697,48.729915],[4.642453,48.730823],[4.643215,48.731728],[4.643985,48.732631],[4.644761,48.733531],[4.645545,48.734429],[4.646336,48.735323],[4.647222,48.735278],[4.647222,48.735278],[4.683333,48.735556]]]}},{"type":"Feature","properties":{"name":"224","nameV":"R 224","class":"R","type":"R","lower":"SFC","lowerM":0,"upper":"1800FT AMSL","upperM":548,"desc":"Administrator: NIL. GAT IFR: Avoidance mandatory. GAT VFR, OAT V: entry without restrictions.","activationCode":"HJ","activationDesc":"0800- 1900 (SUM: -1 HR)","UId":"1563977","id":"LFR224","stroke":"#800080","stroke-width":2,"stroke-opacity":0.8,"fill":"#ffb9dc","fill-opacity":0.6},"geometry":{"type":"Polygon","coordinates":[[[4.309167,45.623333],[4.317222,45.597222],[4.289444,45.595556],[4.269167,45.620278],[4.309167,45.623333]]]}},{"type":"Feature","properties":{"name":"23","nameV":"R 23","class":"R","type":"R","lower":"SFC","lowerM":0,"upper":"1700FT AMSL","upperM":518,"desc":"GAT/OAT: avoidance mandatory except for: - ACFT on DEP or inbound to TOULOUSE FRANCAZAL, authorized by AD operator (TEL: 05 34 51 24 30), - rescue, assistance, police or customs missions. VFR MTO MNM: Visibility: - airplanes: 3000 m, - HEL: 800 m. Ceiling: 1000 ft ASFC. Radio contact mandatory with FRANCAZAL INFO.","activationCode":"HO","activationDesc":"FRANCAZAL AFIS SKED.","UId":"4278232","id":"LFR23","stroke":"#800080","stroke-width":2,"stroke-opacity":0.8,"fill":"#ffb9dc","fill-opacity":0.6},"geometry":{"type":"Polygon","coordinates":[[[1.339444,43.580278],[1.400278,43.56],[1.477222,43.450278],[1.407778,43.428056],[1.258333,43.477222],[1.339444,43.580278]]]}},{"type":"Feature","properties":{"name":"3103 A","nameV":"R 3103 A","class":"R","type":"R","lower":"1500FT AMSL","lowerM":457,"upper":"3500FT AMSL","upperM":1066,"desc":"ORLY APP Throughout activation: - IFR and OAT: Avoidance mandatory -VFR: Entry strictly reserved for pilots of flying clubs which signed a protocol with the managing authority and their duly informed guests. This area substitute itself to Cass A airspace parts which it interferes with.","activationCode":"HX","activationDesc":"Activable SR-30 à SS+30 et selon modalité protocolaires. Activité connue de: DE GAULLE APP ORLY APP \\\\Possible activation SR- 30 to SS+30 according to protocol. Activity known on: DE GAULLE APP ORLY APP","UId":"1565727","id":"LFR3103A","stroke":"#800080","stroke-width":2,"stroke-opacity":0.8,"fill":"#ffb9dc","fill-opacity":0.3},"geometry":{"type":"Polygon","coordinates":[[[2.978611,48.878611],[2.990278,48.875278],[2.899444,48.833056],[2.9025,48.863333],[2.978611,48.878611]]]}},{"type":"Feature","properties":{"name":"3103 B","nameV":"R 3103 B","class":"R","type":"R","lower":"2500FT AMSL","lowerM":762,"upper":"3500FT AMSL","upperM":1066,"desc":"ORLY APP Throughout activation: - IFR and OAT: Avoidance mandatory -VFR: Entry strictly reserved for pilots of flying clubs which signed a protocol with the managing authority and their duly informed guests. This area substitute itself to Cass A airspace parts which it interferes with.","activationCode":"HX","activationDesc":"Activable SR-30 à SS+30 et selon modalité protocolaires. Activité connue de: DE GAULLE APP ORLY APP \\\\Possible activation SR- 30 to SS+30 according to protocol. Activity known on: DE GAULLE APP ORLY APP","UId":"1565771","id":"LFR3103B","stroke":"#800080","stroke-width":2,"stroke-opacity":0.8,"fill":"#ffb9dc","fill-opacity":0.3},"geometry":{"type":"Polygon","coordinates":[[[2.990278,48.875278],[3.093056,48.845833],[2.98,48.777778],[2.958056,48.735556],[2.899444,48.833056],[2.990278,48.875278]]]}},{"type":"Feature","properties":{"name":"3103 C","nameV":"R 3103 C","class":"R","type":"R","lower":"3500FT AMSL","lowerM":1066,"upper":"4500FT AMSL","upperM":1371,"desc":"-ORLY APP Throughout activation: - IFR and OAT: Avoidance mandatory -VFR: Entry strictly reserved for pilots of flying clubs which signed a protocol with the managing authority and their duly informed guests. This area substitute itself to Cass A airspace parts which it interferes with","activationCode":"HX","activationDesc":"Activable SR-30 à SS+30 et selon modalité protocolaires. Activité connue de: DE GAULLE APP ORLY APP \\\\Possible activation SR- 30 to SS+30 according to protocol. Activity known on: DE GAULLE APP ORLY APP","UId":"1565773","id":"LFR3103C","stroke":"#800080","stroke-width":2,"stroke-opacity":0.8,"fill":"#ffb9dc","fill-opacity":0.3},"geometry":{"type":"Polygon","coordinates":[[[3.500833,48.809722],[3.213056,48.790278],[3.084444,48.699167],[3.091389,48.686667],[2.976111,48.603333],[2.938611,48.698333],[3.066667,48.797778],[3.500833,48.809722]]]}},{"type":"Feature","properties":{"name":"3103 F","nameV":"R 3103 F","class":"R","type":"R","lower":"1500FT AMSL","lowerM":457,"upper":"3500FT AMSL","upperM":1066,"desc":"ORLY APP Throughout activation: - IFR and OAT: Avoidance mandatory -VFR: Entry strictly reserved for pilots of flying clubs which signed a protocol with the managing authority and their duly informed guests. This area substitute itself to Cass A airspace parts which it interferes with.","activationCode":"HX","activationDesc":"Activable SR-30 à SS+30 et selon modalité protocolaires. Activité connue de: DE GAULLE APP ORLY APP \\\\Possible activation SR- 30 to SS+30 according to protocol. Activity known on: DE GAULLE APP ORLY APP","UId":"1565671","id":"LFR3103F","stroke":"#800080","stroke-width":2,"stroke-opacity":0.8,"fill":"#ffb9dc","fill-opacity":0.3},"geometry":{"type":"Polygon","coordinates":[[[3.035833,48.903611],[3.048611,48.902222],[2.899444,48.833056],[2.9025,48.863333],[2.978611,48.878611],[3.035833,48.903611]]]}},{"type":"Feature","properties":{"name":"3103 G","nameV":"R 3103 G","class":"R","type":"R","lower":"2500FT AMSL","lowerM":762,"upper":"3500FT AMSL","upperM":1066,"desc":"ORLY APP Throughout activation: - IFR and OAT: Avoidance mandatory -VFR: Entry strictly reserved for pilots of flying clubs which signed a protocol with the managing authority and their duly informed guests. This area substitute itself to Cass A airspace parts which it interferes with.","activationCode":"HX","activationDesc":"Activable SR-30 à SS+30 et selon modalité protocolaires. Activité connue de: DE GAULLE APP ORLY APP \\\\Possible activation SR- 30 to SS+30 according to protocol. Activity known on: DE GAULLE APP ORLY APP","UId":"1565767","id":"LFR3103G","stroke":"#800080","stroke-width":2,"stroke-opacity":0.8,"fill":"#ffb9dc","fill-opacity":0.3},"geometry":{"type":"Polygon","coordinates":[[[3.048611,48.902222],[3.089722,48.8975],[3.046667,48.865556],[3.013889,48.844722],[2.98,48.777778],[2.938611,48.698333],[2.899444,48.833056],[3.048611,48.902222]]]}},{"type":"Feature","properties":{"name":"3103 H","nameV":"R 3103 H","class":"R","type":"R","lower":"2500FT AMSL","lowerM":762,"upper":"4500FT AMSL","upperM":1371,"desc":"ORLY APP Throughout activation: - IFR and OAT: Avoidance mandatory -VFR: Entry strictly reserved for pilots of flying clubs which signed a protocol with the managing authority and their duly informed guests. This area substitute itself to Cass A airspace parts which it interferes with.","activationCode":"HX","activationDesc":"Activable SR-30 à SS+30 et selon modalité protocolaires. Activité connue de: DE GAULLE APP ORLY APP \\\\Possible activation SR- 30 to SS+30 according to protocol. Activity known on: DE GAULLE APP ORLY APP","UId":"1565769","id":"LFR3103H","stroke":"#800080","stroke-width":2,"stroke-opacity":0.8,"fill":"#ffb9dc","fill-opacity":0.3},"geometry":{"type":"Polygon","coordinates":[[[3.213333,49.034444],[3.238889,48.848333],[3.093056,48.845833],[2.98,48.777778],[3.013889,48.844722],[3.046667,48.865556],[3.089722,48.8975],[3.173611,49.0325],[3.213333,49.034444]]]}},{"type":"Feature","properties":{"name":"3103 J","nameV":"R 3103 J","class":"R","type":"R","lower":"3500FT AMSL","lowerM":1066,"upper":"4500FT AMSL","upperM":1371,"desc":"ORLY APP Throughout activation: - IFR and OAT: Avoidance mandatory -VFR: Entry strictly reserved for pilots of flying clubs which signed a protocol with the managing authority and their duly informed guests. This area substitute itself to Cass A airspace parts which it interferes with.","activationCode":"HX","activationDesc":"Activable SR-30 à SS+30 et selon modalité protocolaires. Activité connue de: DE GAULLE APP ORLY APP \\\\Possible activation SR- 30 to SS+30 according to protocol. Activity known on: DE GAULLE APP ORLY APP","UId":"1565775","id":"LFR3103J","stroke":"#800080","stroke-width":2,"stroke-opacity":0.8,"fill":"#ffb9dc","fill-opacity":0.3},"geometry":{"type":"Polygon","coordinates":[[[3.295278,49.038333],[3.352778,48.995833],[3.366667,48.850278],[3.238889,48.848333],[3.213333,49.034444],[3.295278,49.038333]]]}},{"type":"Feature","properties":{"name":"84 B","nameV":"R 84 B","class":"R","type":"R","lower":"SFC","lowerM":0,"upper":"1500FT AMSL","upperM":457,"desc":"Avoidance mandatory, unless exceptional exemption granted by Yvelines prefecture.","activationCode":"H24","UId":"1561749","id":"LFR84B","stroke":"#800080","stroke-width":2,"stroke-opacity":0.8,"fill":"#ffb9dc","fill-opacity":0.6},"geometry":{"type":"Polygon","coordinates":[[[2.098611,48.806944],[2.095833,48.8025],[2.0875,48.801944],[2.090278,48.805833],[2.098611,48.806944]]]}},{"type":"Feature","properties":{"name":"186","nameV":"R 186","class":"R","type":"R","lower":"SFC","lowerM":0,"upper":"500FT AMSL","upperM":152,"desc":"Prohibited to aircraft not authorised according to SNA- SSE/ Martigues city hall protocol.","activationCode":"HX","activationDesc":"Tous les jours de SR à SS. \\\\Daily from SR to SS.","UId":"1613172","id":"LFR186","stroke":"#800080","stroke-width":2,"stroke-opacity":0.8,"fill":"#ffb9dc","fill-opacity":0.6},"geometry":{"type":"Polygon","coordinates":[[[5.091537,43.420832],[5.091359,43.422435],[5.090829,43.423997],[5.089962,43.425476],[5.088778,43.426836],[5.08731,43.42804],[5.085595,43.429057],[5.083677,43.429861],[5.081607,43.430432],[5.079437,43.430753],[5.077224,43.430818],[5.075025,43.430624],[5.072898,43.430177],[5.070898,43.429487],[5.069075,43.428574],[5.067478,43.427459],[5.066148,43.426173],[5.065119,43.424749],[5.064419,43.423224],[5.064064,43.421636],[5.064064,43.420028],[5.06442,43.418441],[5.065121,43.416915],[5.06615,43.415491],[5.067481,43.414206],[5.069078,43.413092],[5.0709,43.412178],[5.0729,43.411489],[5.075026,43.411042],[5.077224,43.410848],[5.079436,43.410913],[5.081605,43.411234],[5.083675,43.411804],[5.085593,43.412608],[5.087308,43.413625],[5.088776,43.414829],[5.08996,43.416188],[5.090828,43.417668],[5.091358,43.419229],[5.091537,43.420832]]]}},{"type":"Feature","properties":{"name":"87","nameV":"R 87","class":"R","type":"R","lower":"SFC","lowerM":0,"upper":"2500FT AMSL","upperM":762,"desc":"Administrator: NIL GAT IFR/VFR, OAT Radio contact mandatory with EPINAL Info or A/A in AFIS 120.2MHz absence.","activationCode":"H24","UId":"1562351","id":"LFR87","stroke":"#800080","stroke-width":2,"stroke-opacity":0.8,"fill":"#ffb9dc","fill-opacity":0.6},"geometry":{"type":"Polygon","coordinates":[[[6.239444,48.391667],[6.293611,48.338056],[6.293824,48.338051],[6.29408,48.335312],[6.294166,48.332569],[6.294083,48.329825],[6.293831,48.327086],[6.293409,48.324356],[6.29282,48.32164],[6.292064,48.318943],[6.291141,48.316268],[6.290055,48.31362],[6.288806,48.311005],[6.287397,48.308426],[6.285831,48.305887],[6.284109,48.303393],[6.282235,48.300949],[6.280211,48.298557],[6.278043,48.296223],[6.275732,48.29395],[6.273283,48.291742],[6.2707,48.289602],[6.267988,48.287535],[6.26515,48.285544],[6.262193,48.283631],[6.25912,48.281801],[6.255937,48.280057],[6.252649,48.2784],[6.249263,48.276835],[6.245782,48.275363],[6.242214,48.273988],[6.238565,48.272711],[6.23484,48.271535],[6.231046,48.270461],[6.227189,48.269492],[6.223275,48.268629],[6.219312,48.267873],[6.215306,48.267227],[6.211263,48.26669],[6.207191,48.266263],[6.203095,48.265949],[6.198984,48.265746],[6.194864,48.265655],[6.190742,48.265677],[6.186625,48.265812],[6.182519,48.266059],[6.178432,48.266417],[6.17437,48.266887],[6.174444,48.266944],[6.174444,48.266944],[6.056111,48.280556],[6.056079,48.280556],[6.05163,48.281127],[6.047248,48.281895],[6.042953,48.282856],[6.038765,48.284007],[6.034701,48.285341],[6.03078,48.286854],[6.027021,48.288538],[6.023439,48.290385],[6.02005,48.292388],[6.016871,48.294537],[6.013915,48.296823],[6.011195,48.299235],[6.008724,48.301763],[6.006513,48.304396],[6.004572,48.307121],[6.002909,48.309926],[6.001532,48.312799],[6.000448,48.315727],[5.999661,48.318697],[5.999175,48.321695],[5.998991,48.324708],[5.999112,48.327722],[5.999536,48.330725],[6.000261,48.333701],[6.001285,48.336639],[6.002603,48.339525],[6.004208,48.342345],[6.006095,48.345087],[6.008254,48.34774],[6.010675,48.35029],[6.013348,48.352726],[6.016261,48.355039],[6.019401,48.357216],[6.022753,48.359248],[6.026304,48.361127],[6.030035,48.362843],[6.033932,48.364389],[6.037976,48.365759],[6.042149,48.366945],[6.042222,48.366944],[6.042222,48.366944],[6.159444,48.395278],[6.159391,48.395188],[6.161126,48.395594],[6.162871,48.395979],[6.164626,48.396343],[6.166391,48.396685],[6.168166,48.397005],[6.169949,48.397304],[6.171739,48.397581],[6.173538,48.397837],[6.175343,48.39807],[6.177154,48.398281],[6.17897,48.398471],[6.180792,48.398638],[6.182618,48.398783],[6.184448,48.398905],[6.18628,48.399006],[6.188116,48.399084],[6.189953,48.399139],[6.191791,48.399173],[6.19363,48.399184],[6.195469,48.399172],[6.197307,48.399139],[6.199144,48.399082],[6.200979,48.399004],[6.202812,48.398903],[6.204641,48.39878],[6.206467,48.398634],[6.208288,48.398467],[6.210105,48.398277],[6.211916,48.398065],[6.213721,48.397832],[6.215519,48.397576],[6.21731,48.397298],[6.219092,48.396999],[6.220867,48.396678],[6.222632,48.396335],[6.224387,48.395971],[6.226132,48.395586],[6.227866,48.39518],[6.229588,48.394752],[6.231298,48.394304],[6.232996,48.393835],[6.23468,48.393345],[6.236351,48.392835],[6.238007,48.392305],[6.239648,48.391754],[6.239444,48.391667]]]}},{"type":"Feature","properties":{"name":"242","nameV":"R 242","class":"R","type":"R","lower":"SFC","lowerM":0,"upper":"800FT AGL","ordinalUpperM":243,"upperM":243,"groundEstimatedHeight":[0,0,0,0],"desc":"Administrator: Mr SAUVESTRE TEL: 06 80 40 43 97 GAT IFR/VFR, OAT: Avoidance mandatory throughout activity Activity known on AVORD TWR during ATS SKED on 119.7 and LIMOGES SIV 124.050.","activationCode":"HX","activationDesc":"0800- 1700. SUM: -1HR.","UId":"1565653","id":"LFR242","stroke":"#800080","stroke-width":2,"stroke-opacity":0.8,"fill":"#ffb9dc","fill-opacity":0.6},"geometry":{"type":"Polygon","coordinates":[[[2.417944,46.690278],[2.41786,46.690999],[2.417607,46.691702],[2.417194,46.692368],[2.41663,46.692979],[2.41593,46.693521],[2.415113,46.693979],[2.414199,46.69434],[2.413213,46.694597],[2.412179,46.694742],[2.411125,46.694771],[2.410078,46.694684],[2.409064,46.694482],[2.408111,46.694172],[2.407243,46.693761],[2.406482,46.69326],[2.405848,46.692681],[2.405358,46.69204],[2.405024,46.691354],[2.404855,46.69064],[2.404855,46.689916],[2.405024,46.689202],[2.405358,46.688515],[2.405849,46.687875],[2.406482,46.687296],[2.407243,46.686795],[2.408112,46.686384],[2.409065,46.686074],[2.410078,46.685872],[2.411125,46.685785],[2.412179,46.685814],[2.413213,46.685959],[2.414199,46.686216],[2.415113,46.686577],[2.41593,46.687035],[2.416629,46.687577],[2.417193,46.688188],[2.417607,46.688854],[2.417859,46.689557],[2.417944,46.690278]]]}},{"type":"Feature","properties":{"name":"118","nameV":"R 118","class":"R","type":"R","lower":"SFC","lowerM":0,"upper":"1000FT AGL","ordinalUpperM":304,"upperM":304,"groundEstimatedHeight":[0,0,0,0],"desc":"Avoidance mandatory unless authorised by prefecture department, DGAC or CNRS. TEL: 04 68 30 77 17 or 06 31 76 60 27 (Emergency only).","activationCode":"HX","activationDesc":"MON-FRI: 0800- 1700 Except from 24th DEC to 01st JAN and from 01st AUG to 15th AUG SUM: -1HR","UId":"1606077","id":"LFR118","stroke":"#800080","stroke-width":2,"stroke-opacity":0.8,"fill":"#ffb9dc","fill-opacity":0.6},"geometry":{"type":"Polygon","coordinates":[[[1.977494,42.501389],[1.977454,42.50175],[1.977337,42.502101],[1.977144,42.502434],[1.976882,42.50274],[1.976557,42.50301],[1.976176,42.503239],[1.975751,42.50342],[1.975292,42.503549],[1.974812,42.503621],[1.974321,42.503635],[1.973834,42.503592],[1.973363,42.503491],[1.972919,42.503336],[1.972515,42.503131],[1.972161,42.50288],[1.971867,42.502591],[1.971638,42.50227],[1.971483,42.501927],[1.971404,42.50157],[1.971404,42.501208],[1.971483,42.500851],[1.971639,42.500508],[1.971867,42.500187],[1.972161,42.499898],[1.972515,42.499647],[1.972919,42.499442],[1.973363,42.499287],[1.973834,42.499186],[1.974321,42.499143],[1.974812,42.499157],[1.975292,42.499229],[1.975751,42.499358],[1.976176,42.499539],[1.976556,42.499767],[1.976882,42.500038],[1.977144,42.500344],[1.977337,42.500677],[1.977454,42.501028],[1.977494,42.501389]]]}},{"type":"Feature","properties":{"name":"12","nameV":"R 12","class":"R","type":"R","lower":"SFC","lowerM":0,"upper":"3000FT AMSL","upperM":914,"desc":"Administrator: NIL. Avoidance mandatory except for exemption granted by the prefect of la Manche, after West DSAC consultation.","activationCode":"H24","UId":"1563127","id":"LFR12","stroke":"#800080","stroke-width":2,"stroke-opacity":0.8,"fill":"#ffb9dc","fill-opacity":0.6},"geometry":{"type":"Polygon","coordinates":[[[-1.470785,48.636382],[-1.471304,48.640657],[-1.472854,48.644821],[-1.475396,48.648768],[-1.478863,48.652393],[-1.483166,48.655605],[-1.488193,48.658318],[-1.493815,48.660463],[-1.499886,48.661985],[-1.506248,48.662843],[-1.512736,48.663016],[-1.519181,48.662499],[-1.525418,48.661305],[-1.531283,48.659466],[-1.536625,48.657028],[-1.541306,48.654056],[-1.545204,48.650627],[-1.548218,48.646828],[-1.55027,48.64276],[-1.551308,48.638526],[-1.551304,48.634238],[-1.55026,48.630005],[-1.548202,48.625938],[-1.545184,48.622141],[-1.541285,48.618714],[-1.536604,48.615744],[-1.531265,48.613309],[-1.525404,48.611471],[-1.519173,48.610279],[-1.512734,48.609762],[-1.506253,48.609934],[-1.499897,48.610792],[-1.493832,48.612312],[-1.488213,48.614455],[-1.483187,48.617167],[-1.478883,48.620376],[-1.475413,48.623999],[-1.472867,48.627944],[-1.471311,48.632107],[-1.470785,48.636382]]]}},{"type":"Feature","properties":{"name":"51","nameV":"R 51","class":"R","type":"R","lower":"SFC","lowerM":0,"upper":"4000FT AMSL","upperM":1219,"desc":"Administrator: LIMOGES APP GAT IFR, OAT controlled: Avoidance mandatory. GAT VFR, OAT V: upon LIMOGES TWR authorisation.","activationCode":"HX","activationDesc":"Possible activation during LIMOGES ATS SKED Actual activity known on: LIMOGES ATIS 128.075 LIMOGES TWR 118.175 LIMOGES INFO 124.050 TEL 05 55 48 40 37","UId":"1563011","id":"LFR51","stroke":"#800080","stroke-width":2,"stroke-opacity":0.8,"fill":"#ffb9dc","fill-opacity":0.6},"geometry":{"type":"Polygon","coordinates":[[[1.170556,45.850556],[1.190278,45.871389],[1.3175,45.916111],[1.163889,45.752222],[1.170556,45.850556]]]}},{"type":"Feature","properties":{"name":"204 L4","nameV":"R 204 L4","class":"R","type":"R","lower":"3000FT AMSL","lowerM":914,"upper":"4000FT AMSL","upperM":1219,"desc":"Administrator: AQUITAINE INFO. GAT IFR and OAT A, B, C: avoidance mandatory. GAT VFR and OAT V: entry after radio contact with AQUITAINE INFO. Radio listening watch mandatory Service provided: flight information and alerting services. Activity known on BORDEAUX MERIGNAC ATIS 131.150 MHz.","activationCode":"HO","activationDesc":"Activable LS+2HR - CS selon protocole. \\\\Possible activation SR+2HR - SS according to protocol.","UId":"1562699","id":"LFR204L4","stroke":"#800080","stroke-width":2,"stroke-opacity":0.8,"fill":"#ffb9dc","fill-opacity":0.3},"geometry":{"type":"Polygon","coordinates":[[[-0.364167,44.630833],[-0.325,44.608333],[-0.057778,44.627222],[-0.434722,44.303889],[-0.605278,44.359444],[-0.653611,44.375278],[-0.616667,44.461111],[-0.603056,44.56],[-0.454444,44.552222],[-0.364167,44.630833]]]}},{"type":"Feature","properties":{"name":"204 T1","nameV":"R 204 T1","class":"R","type":"R","lower":"4000FT AMSL","lowerM":1219,"upper":"5000FT AMSL","upperM":1524,"desc":"Administrator: AQUITAINE INFO. GAT IFR and OAT A, B, C: avoidance mandatory. GAT VFR and OAT V: entry after radio contact with AQUITAINE INFO. Radio listening watch mandatory Service provided: flight information and alerting services. Activity known on AQUITAINE APP 129.875 MHz and AQUITAINE INFO 120.575 Mhz.","activationCode":"HO","activationDesc":"Activable LS+2HR - CS selon protocole \\\\Possible activation SR+2HR - SS according to protocol.","UId":"1562697","id":"LFR204T1","stroke":"#800080","stroke-width":2,"stroke-opacity":0.8,"fill":"#ffb9dc","fill-opacity":0.3},"geometry":{"type":"Polygon","coordinates":[[[-0.325,44.608333],[-0.384722,44.546944],[-0.284444,44.433333],[-0.057778,44.627222],[-0.325,44.608333]]]}},{"type":"Feature","properties":{"name":"204 T2","nameV":"R 204 T2","class":"R","type":"R","lower":"4000FT AMSL","lowerM":1219,"upper":"5000FT AMSL","upperM":1524,"desc":"Administrator: AQUITAINE INFO. GAT IFR and OAT A, B, C: avoidance mandatory. GAT VFR and OAT V: entry after radio contact with AQUITAINE INFO. Radio listening watch mandatory Service provided: flight information and alerting services. Activity known on AQUITAINE APP 129.875 MHz and AQUITAINE INFO 120.575 Mhz.","activationCode":"HO","activationDesc":"Activable LS+2HR - CS selon protocole \\\\Possible activation SR+2HR - SS according to protocol.","UId":"1562705","id":"LFR204T2","stroke":"#800080","stroke-width":2,"stroke-opacity":0.8,"fill":"#ffb9dc","fill-opacity":0.3},"geometry":{"type":"Polygon","coordinates":[[[-0.603056,44.56],[-0.454444,44.552222],[-0.384722,44.546944],[-0.284444,44.433333],[-0.434722,44.303889],[-0.653611,44.375278],[-0.616667,44.461111],[-0.603056,44.56]]]}},{"type":"Feature","properties":{"name":"204 T3","nameV":"R 204 T3","class":"R","type":"R","lower":"3000FT AMSL","lowerM":914,"upper":"5000FT AMSL","upperM":1524,"desc":"Administrator: AQUITAINE INFO. GAT IFR and OAT A, B, C: avoidance mandatory. GAT VFR and OAT V: entry after radio contact with AQUITAINE INFO. Radio listening watch mandatory Service provided: flight information and alerting services. Activity known on AQUITAINE APP 129.875 MHz and AQUITAINE INFO 120.575 Mhz.","activationCode":"HO","activationDesc":"Activable LS+2HR - CS selon protocole \\\\Possible activation SR+2HR - SS according to protocol.","UId":"1562701","id":"LFR204T3","stroke":"#800080","stroke-width":2,"stroke-opacity":0.8,"fill":"#ffb9dc","fill-opacity":0.3},"geometry":{"type":"Polygon","coordinates":[[[-0.662778,44.563056],[-0.603056,44.56],[-0.616667,44.461111],[-0.653611,44.375278],[-0.833333,44.433333],[-0.662778,44.563056]]]}},{"type":"Feature","properties":{"name":"204 T5","nameV":"R 204 T5","class":"R","type":"R","lower":"3000FT AMSL","lowerM":914,"upper":"4000FT AMSL","upperM":1219,"desc":"Administrator: AQUITAINE INFO. GAT IFR and OAT A, B, C: avoidance mandatory. GAT VFR and OAT V: entry after radio contact with AQUITAINE INFO. Radio listening watch mandatory Service provided: flight information and alerting services. Activity known on ATIS BORDEAUX MERIGNAC 131.150 Mhz.","activationCode":"HO","activationDesc":"Activable LS+2HR - CS selon protocole \\\\Possible activation SR+2HR - SS according to protocol.","UId":"4313461","id":"LFR204T5","stroke":"#800080","stroke-width":2,"stroke-opacity":0.8,"fill":"#ffb9dc","fill-opacity":0.3},"geometry":{"type":"Polygon","coordinates":[[[-0.295278,44.690556],[0.041944,44.850556],[0.044097,44.850535],[0.044179,44.848976],[0.044254,44.847416],[0.044324,44.845856],[0.044387,44.844296],[0.044444,44.842735],[0.044494,44.841175],[0.044538,44.839615],[0.044576,44.838054],[0.044608,44.836493],[0.044633,44.834933],[0.044652,44.833372],[0.044664,44.831811],[0.04467,44.83025],[0.04467,44.82869],[0.044664,44.827129],[0.044651,44.825568],[0.044632,44.824007],[0.044607,44.822447],[0.044575,44.820886],[0.044537,44.819326],[0.044492,44.817765],[0.044442,44.816205],[0.044385,44.814644],[0.044321,44.813084],[0.044252,44.811524],[0.044176,44.809964],[0.044093,44.808405],[0.044005,44.806845],[0.04391,44.805286],[0.043809,44.803727],[0.043701,44.802168],[0.043587,44.800609],[0.043467,44.799051],[0.043341,44.797492],[0.043208,44.795934],[0.043069,44.794377],[0.042924,44.792819],[0.042772,44.791262],[0.042614,44.789706],[0.04245,44.788149],[0.042279,44.786593],[0.042102,44.785037],[0.041919,44.783482],[0.04173,44.781927],[0.041534,44.780372],[0.041332,44.778818],[0.041124,44.777264],[0.040909,44.775711],[0.040689,44.774158],[0.040462,44.772606],[0.040228,44.771054],[0.039989,44.769502],[0.039743,44.767951],[0.039491,44.766401],[0.039232,44.764851],[0.038968,44.763301],[0.038697,44.761753],[0.03842,44.760204],[0.038136,44.758656],[0.037846,44.757109],[0.037551,44.755563],[0.037248,44.754017],[0.03694,44.752471],[0.036625,44.750927],[0.036305,44.749383],[0.035977,44.747839],[0.035644,44.746296],[0.035305,44.744754],[0.034959,44.743213],[0.034607,44.741672],[0.034249,44.740132],[0.033884,44.738593],[0.033514,44.737055],[0.033137,44.735517],[0.032754,44.73398],[0.032365,44.732444],[0.031969,44.730909],[0.031568,44.729374],[0.03116,44.727841],[0.030746,44.726308],[0.030326,44.724776],[0.0299,44.723245],[0.029467,44.721715],[0.029029,44.720185],[0.028584,44.718657],[0.028133,44.717129],[0.027676,44.715603],[0.027213,44.714077],[0.026743,44.712552],[0.026268,44.711028],[0.025786,44.709506],[0.025298,44.707984],[0.024804,44.706463],[0.022778,44.706389],[0.022778,44.706389],[-0.057778,44.627222],[-0.295278,44.690556]]]}},{"type":"Feature","properties":{"name":"3106 C","nameV":"R 3106 C","class":"R","type":"R","lower":"3500FT AMSL","lowerM":1066,"upper":"4500FT AMSL","upperM":1371,"desc":"ORLY APP Throughout activation: - IFR and OAT: Avoidance mandatory -VFR: Entry strictly reseverved for pilots of flying clubs which signed a protocol with the managing authority and their duly informed guests. This area substitute itself to Cass A airspace parts which it interferes with.","activationCode":"NOTAM","activationDesc":"Activable SR-30 à SS+30 et selon modalités protocolaires. Activité connue de: ORLY APP VILLACOUBLAY APP \\\\Possible activation from SR- 30 to SS+30 and according to protocol. Activity known on: ORLY APP VILLACOUBLAY APP","UId":"1565753","id":"LFR3106C","stroke":"#800080","stroke-width":2,"stroke-opacity":0.8,"fill":"#ffb9dc","fill-opacity":0.3},"geometry":{"type":"Polygon","coordinates":[[[1.8775,48.433611],[1.885278,48.429444],[2.032778,48.422778],[1.998889,48.377778],[1.871944,48.3775],[1.810556,48.430833],[1.8775,48.433611]]]}},{"type":"Feature","properties":{"name":"3106 D","nameV":"R 3106 D","class":"R","type":"R","lower":"3500FT AMSL","lowerM":1066,"upper":"4500FT AMSL","upperM":1371,"desc":"ORLY APP Throughout activation: - IFR and OAT: Avoidance mandatory -VFR: Entry strictly reseverved for pilots of flying clubs which signed a protocol with the managing authority and their duly informed guests. This area substitute itself to Cass A airspace parts which it interferes with.","activationCode":"NOTAM","activationDesc":"Activable SR-30 à SS+30 et selon modalités protocolaires. Activité connue de: ORLY APP VILLACOUBLAY APP \\\\Possible activation from SR- 30 to SS+30 and according to protocol. Activity known on: ORLY APP VILLACOUBLAY APP","UId":"1565763","id":"LFR3106D","stroke":"#800080","stroke-width":2,"stroke-opacity":0.8,"fill":"#ffb9dc","fill-opacity":0.3},"geometry":{"type":"Polygon","coordinates":[[[2.032778,48.422778],[2.066389,48.421389],[2.066944,48.378056],[1.998889,48.377778],[2.032778,48.422778]]]}},{"type":"Feature","properties":{"name":"3105 C","nameV":"R 3105 C","class":"R","type":"R","lower":"3500FT AMSL","lowerM":1066,"upper":"4500FT AMSL","upperM":1371,"desc":"DE GAULLE APP Throughout activation: -IFR and OAT: Avoidance mandatory -VFR: Entry strictly reseverved for pilots of flying clubs which signed a protocol with the managing authority and their duly informed guests. This area substitute itself to Cass A airspace parts which it interferes with.","activationCode":"HX","activationDesc":"Activable SR-30 à SS+30 et selon modalités protocolaires. Activité connue de: DE GAULLE APP \\\\Possible activation from SR- 30 to SS+30 according to protocol. Activity known on: DE GAULLE APP","UId":"1565779","id":"LFR3105C","stroke":"#800080","stroke-width":2,"stroke-opacity":0.8,"fill":"#ffb9dc","fill-opacity":0.3},"geometry":{"type":"Polygon","coordinates":[[[3.387222,49.280833],[3.453889,49.109722],[3.287778,49.100556],[3.268333,49.260278],[3.387222,49.280833]]]}},{"type":"Feature","properties":{"name":"3101 C","nameV":"R 3101 C","class":"R","type":"R","lower":"3500FT AMSL","lowerM":1066,"upper":"4500FT AMSL","upperM":1371,"desc":"ORLY APP Throughout activation: - IFR and OAT: Avoidance mandatory -VFR: Entry strictly reserved for pilots of flying clubs which signed a protocol with the managing authority and their duly informed guests. This area substitute itself to Cass A airspace parts which it interferes with.","activationCode":"HX","activationDesc":"Activable SR-30 à SS+30 et selon modalité protocolaires. Activité connue de: ORLY APP VILLACOUBLAY APP \\\\Possible activation SR- 30 to SS+30 according to protocol. Activity known on: ORLY APP VILLACOUBLAY APP","UId":"1565725","id":"LFR3101C","stroke":"#800080","stroke-width":2,"stroke-opacity":0.8,"fill":"#ffb9dc","fill-opacity":0.3},"geometry":{"type":"Polygon","coordinates":[[[2.123056,48.418889],[2.395833,48.406389],[2.7025,48.396667],[2.148889,48.378611],[2.123056,48.418889]]]}},{"type":"Feature","properties":{"name":"3101 D","nameV":"R 3101 D","class":"R","type":"R","lower":"3500FT AMSL","lowerM":1066,"upper":"4500FT AMSL","upperM":1371,"desc":"ORLY APP Throughout activation: - IFR and OAT: Avoidance mandatory -VFR: Entry strictly reserved for pilots of flying clubs which signed a protocol with the managing authority and their duly informed guests. This area substitute itself to Cass A airspace parts which it interferes with.","activationCode":"HX","activationDesc":"Activable SR-30 à SS+30 et selon modalité protocolaires. Activité connue de: ORLY APP VILLACOUBLAY APP \\\\Possible activation SR- 30 to SS+30 according to protocol. Activity known on: ORLY APP VILLACOUBLAY APP","UId":"1565723","id":"LFR3101D","stroke":"#800080","stroke-width":2,"stroke-opacity":0.8,"fill":"#ffb9dc","fill-opacity":0.3},"geometry":{"type":"Polygon","coordinates":[[[2.066389,48.421389],[2.123056,48.418889],[2.148889,48.378611],[2.136667,48.378056],[2.066944,48.378056],[2.066389,48.421389]]]}},{"type":"Feature","properties":{"name":"204 L1","nameV":"R 204 L1","class":"R","type":"R","lower":"2000FT AMSL","lowerM":609,"upper":"4000FT AMSL","upperM":1219,"desc":"Administrator: AQUITAINE INFO. GAT IFR and OAT A, B, C: avoidance mandatory. GAT VFR and OAT V: entry after radio contact with AQUITAINE INFO. Radio listening watch mandatory Service provided: flight information and alerting services. Activity known on BORDEAUX MERIGNAC ATIS 131.150 MHz.","activationCode":"HO","activationDesc":"Activable LS+2HR - CS selon protocole. \\\\Possible activation SR+2HR - SS according to protocol.","UId":"1562681","id":"LFR204L1","stroke":"#800080","stroke-width":2,"stroke-opacity":0.8,"fill":"#ffb9dc","fill-opacity":0.3},"geometry":{"type":"Polygon","coordinates":[[[-0.533056,44.741389],[-0.504167,44.745833],[-0.295278,44.690556],[-0.364167,44.630833],[-0.496111,44.693889],[-0.533056,44.741389]]]}},{"type":"Feature","properties":{"name":"204 L2","nameV":"R 204 L2","class":"R","type":"R","lower":"3000FT AMSL","lowerM":914,"upper":"4000FT AMSL","upperM":1219,"desc":"Administrator: AQUITAINE INFO. GAT IFR and OAT A, B, C: avoidance mandatory. GAT VFR and OAT V: entry after radio contact with AQUITAINE INFO. Radio listening watch mandatory Service provided: flight information and alerting services. Activity known on BORDEAUX MERIGNAC ATIS 131.150 MHz.","activationCode":"HO","activationDesc":"Activable LS+2HR - CS selon protocole. \\\\Possible activation SR+2HR - SS according to protocol.","UId":"1562693","id":"LFR204L2","stroke":"#800080","stroke-width":2,"stroke-opacity":0.8,"fill":"#ffb9dc","fill-opacity":0.3},"geometry":{"type":"Polygon","coordinates":[[[-0.295278,44.690556],[-0.057778,44.627222],[-0.325,44.608333],[-0.364167,44.630833],[-0.295278,44.690556]]]}},{"type":"Feature","properties":{"name":"204 L3","nameV":"R 204 L3","class":"R","type":"R","lower":"2000FT AMSL","lowerM":609,"upper":"4000FT AMSL","upperM":1219,"desc":"Administrator: AQUITAINE INFO. GAT IFR and OAT A, B, C: avoidance mandatory. GAT VFR and OAT V: entry after radio contact with AQUITAINE INFO. Radio listening watch mandatory Service provided: flight information and alerting services. Activity known on BORDEAUX MERIGNAC ATIS 131.150 MHz.","activationCode":"HO","activationDesc":"Activable LS+2HR - CS selon protocole. \\\\Possible activation SR+2HR - SS according to protocol.","UId":"1562689","id":"LFR204L3","stroke":"#800080","stroke-width":2,"stroke-opacity":0.8,"fill":"#ffb9dc","fill-opacity":0.3},"geometry":{"type":"Polygon","coordinates":[[[-0.533056,44.741389],[-0.496111,44.693889],[-0.364167,44.630833],[-0.454444,44.552222],[-0.603056,44.56],[-0.632778,44.561667],[-0.654444,44.721667],[-0.533056,44.741389]]]}},{"type":"Feature","properties":{"name":"8","nameV":"R 8","class":"R","type":"R","lower":"SFC","lowerM":0,"upper":"1000FT AMSL","upperM":304,"desc":"Administrator: NIL Area defined except for LF-R 190 A/B/C NIMES areas, when active. VFR GAT / V OAT: - VISI > or = 5 km: ATIS GARONS - mode C transponder mandatory, squawk 7000 - radio contact on LFME A/A FREQ IFR GAT / I OAT: avoidance mandatory.","activationCode":"NOTAM","activationDesc":"Possible activation acccording to GARONS ATS SKED","UId":"1565907","id":"LFR8","stroke":"#800080","stroke-width":2,"stroke-opacity":0.8,"fill":"#ffb9dc","fill-opacity":0.6},"geometry":{"type":"Polygon","coordinates":[[[4.523333,43.9325],[4.525,43.875],[4.584722,43.8375],[4.295833,43.826667],[4.290833,43.924722],[4.290506,43.924575],[4.293851,43.925945],[4.297226,43.927278],[4.300628,43.928574],[4.304056,43.929832],[4.307511,43.931053],[4.310992,43.932236],[4.314497,43.933381],[4.318026,43.934488],[4.321577,43.935556],[4.325151,43.936584],[4.328747,43.937574],[4.332362,43.938525],[4.335998,43.939435],[4.339652,43.940306],[4.343324,43.941137],[4.347013,43.941928],[4.350719,43.942678],[4.35444,43.943388],[4.358176,43.944057],[4.361925,43.944685],[4.365687,43.945273],[4.369461,43.945819],[4.373247,43.946323],[4.377042,43.946787],[4.380847,43.947208],[4.38466,43.947589],[4.388481,43.947927],[4.392309,43.948224],[4.396142,43.948479],[4.39998,43.948692],[4.403823,43.948863],[4.407668,43.948992],[4.411516,43.949079],[4.415366,43.949124],[4.419215,43.949126],[4.423065,43.949087],[4.426913,43.949006],[4.430759,43.948883],[4.434602,43.948718],[4.438441,43.94851],[4.442275,43.948261],[4.446103,43.94797],[4.449925,43.947638],[4.45374,43.947263],[4.457546,43.946847],[4.461343,43.94639],[4.465129,43.945891],[4.468905,43.94535],[4.472669,43.944769],[4.47642,43.944146],[4.480158,43.943483],[4.483881,43.942779],[4.487588,43.942034],[4.49128,43.941249],[4.494955,43.940423],[4.498611,43.939558],[4.502249,43.938653],[4.505868,43.937708],[4.509466,43.936723],[4.513043,43.9357],[4.516598,43.934637],[4.52013,43.933536],[4.523638,43.932396],[4.523333,43.9325]]]}},{"type":"Feature","properties":{"name":"225","nameV":"R 225","class":"R","type":"R","lower":"SFC","lowerM":0,"upper":"500FT AMSL","upperM":152,"desc":"Administrator: NICE TWR. GAT IFR: avoidance mandatory. GAT VFR / OAT V: - HJ: entry upon authorisation for HEL and ACFT. Follow ATC instructions. Other ACFT: avoidance mandatory. -HN: entry upon authorisation for multi-engine HEL. Follow ATC instructions. Other ACFT: avoidance mandatory except on ATC authorisation. Activation announced on NICE ATIS. Actual activity known on NICE TWR.","activationCode":"HX","activationDesc":"Possible activation H24.","timeScheduling":{"1":["UTC(01/01->31/12)","ANY(00:00->23:59)"]},"UId":"1564469","id":"LFR225","stroke":"#800080","stroke-width":2,"stroke-opacity":0.8,"fill":"#ffb9dc","fill-opacity":0.6},"geometry":{"type":"Polygon","coordinates":[[[7.433333,43.719444],[7.433333,43.608889],[7.160278,43.495556],[7.121667,43.486111],[7.121944,43.526111],[7.12,43.531944],[7.139444,43.541389],[7.355556,43.681389],[7.433333,43.719444]]]}},{"type":"Feature","properties":{"name":"92","nameV":"R 92","class":"R","type":"R","lower":"SFC","lowerM":0,"upper":"1000FT AGL","ordinalUpperM":304,"upperM":304,"groundEstimatedHeight":[0,0,0,0],"desc":"IFR/VFR/OAT: Avoidance mandatory during activity. Activity known on OCHEY APP 127.250 MHz.","activationCode":"TIMSH","activationDesc":"Possible activation SR- 30 to SS+30 According to protocol","timeScheduling":{"1":["UTC(01/01->31/12)","ANY(SR/30/E->SS/30/L)"]},"UId":"1561293","id":"LFR92","stroke":"#800080","stroke-width":2,"stroke-opacity":0.8,"fill":"#ffb9dc","fill-opacity":0.6},"geometry":{"type":"Polygon","coordinates":[[[5.746667,48.5925],[5.808333,48.527778],[5.758333,48.483333],[5.668056,48.5375],[5.746667,48.5925]]]}},{"type":"Feature","properties":{"name":"110 A","nameV":"R 110 A","class":"R","type":"R","lower":"SFC","lowerM":0,"upper":"2500FT AMSL","upperM":762,"desc":"GAT IFR/VFR, OAT: Mandatory Ochey APP frequency listening watch. Activity known on Ochey APP 127.250 MHz.","activationCode":"TIMSH","activationDesc":"Possible activation from SR- 30 to SS+30 according to protocol.","timeScheduling":{"1":["UTCW(01/01->31/12)","ANY(SR/30/E->SS/30/L)"]},"UId":"1562411","id":"LFR110A","stroke":"#800080","stroke-width":2,"stroke-opacity":0.8,"fill":"#ffb9dc","fill-opacity":0.6},"geometry":{"type":"Polygon","coordinates":[[[6.106667,48.609167],[6.090278,48.590278],[6.102222,48.585833],[6.102362,48.58583],[6.098564,48.581797],[6.09394,48.578163],[6.088582,48.574999],[6.0826,48.572372],[6.076114,48.570333],[6.069257,48.568925],[6.062167,48.568175],[6.054988,48.5681],[6.047866,48.5687],[6.040945,48.569963],[6.034365,48.571864],[6.028259,48.574364],[6.022752,48.577413],[6.017955,48.580949],[6.013966,48.5849],[6.010866,48.589185],[6.008717,48.593719],[6.007564,48.598408],[6.007431,48.603158],[6.00832,48.607873],[6.010214,48.612456],[6.013075,48.616814],[6.016844,48.62086],[6.021445,48.624509],[6.026785,48.62769],[6.032755,48.630336],[6.039234,48.632394],[6.046091,48.633822],[6.053185,48.634591],[6.060373,48.634685],[6.067507,48.634103],[6.074444,48.632856],[6.081042,48.63097],[6.087167,48.628483],[6.092694,48.625445],[6.097511,48.621919],[6.10152,48.617976],[6.10464,48.613696],[6.106808,48.609166],[6.106667,48.609167]]]}},{"type":"Feature","properties":{"name":"211","nameV":"R 211","class":"R","type":"R","lower":"SFC","lowerM":0,"upper":"1000FT AGL","ordinalUpperM":304,"upperM":304,"groundEstimatedHeight":[0,0,0,0],"desc":"GAT IFR and VFR, OAT: avoidance mandatory throughout activity Activity known on: Luxeuil APP 129.925.","activationCode":"TIMSH","activationDesc":"Possible activation SR- 30 to SS+30 According to protocol","timeScheduling":{"1":["UTC(01/01->31/12)","ANY(SR/30/E->SS/30/L)"]},"UId":"1564657","id":"LFR211","stroke":"#800080","stroke-width":2,"stroke-opacity":0.8,"fill":"#ffb9dc","fill-opacity":0.6},"geometry":{"type":"Polygon","coordinates":[[[6.552869,47.837775],[6.552549,47.840447],[6.551595,47.84305],[6.55003,47.845516],[6.547897,47.847782],[6.545249,47.849789],[6.542155,47.851484],[6.538696,47.852825],[6.534962,47.853776],[6.531048,47.854312],[6.527057,47.85442],[6.523091,47.854097],[6.519254,47.853351],[6.515646,47.852201],[6.512359,47.850678],[6.509479,47.848821],[6.507081,47.846678],[6.505225,47.844304],[6.503962,47.841761],[6.503323,47.839116],[6.503324,47.836435],[6.503966,47.83379],[6.505231,47.831247],[6.507088,47.828874],[6.509487,47.826732],[6.512367,47.824876],[6.515653,47.823353],[6.51926,47.822205],[6.523094,47.821459],[6.527057,47.821136],[6.531046,47.821244],[6.534957,47.82178],[6.53869,47.82273],[6.542148,47.82407],[6.545241,47.825765],[6.547889,47.827771],[6.550024,47.830036],[6.55159,47.832501],[6.552547,47.835104],[6.552869,47.837775]]]}},{"type":"Feature","properties":{"name":"267 C","nameV":"R 267 C","class":"R","type":"R","lower":"3000FT AMSL","lowerM":914,"upper":"4500FT AMSL","upperM":1371,"desc":"Administrator: MARSAN APP. GAT IFR / OAT I, T: avoidance mandatory throughout activity GAT VFR / OAT V: unrestricted transit Zone activation possible during daytime only while LF-R 34 / TMA MARSAN are active. Activity known on: - MARSAN APP 119.700  - PYRENNEES INFO 126.525 This area substitutes itself to airspace parts it interferes with.","activationCode":"HO","activationDesc":"Activable SR-SS according to protocol.","UId":"17688607","id":"LFR267C","stroke":"#800080","stroke-width":2,"stroke-opacity":0.8,"fill":"#ffb9dc","fill-opacity":0.3},"geometry":{"type":"Polygon","coordinates":[[[0.553611,44.010833],[0.165278,43.895],[0.227778,43.755833],[-0.351944,43.736944],[-0.421111,43.715556],[-0.32,43.516389],[-0.013611,43.559722],[0.380278,43.685556],[0.553611,44.010833]]]}},{"type":"Feature","properties":{"name":"267 B","nameV":"R 267 B","class":"R","type":"R","lower":"1000FT AGL","ordinalLowerM":304,"lowerM":304,"upper":"4500FT AMSL","upperM":1371,"groundEstimatedHeight":[0,0,0,0],"desc":"Administrator: MARSAN APP. GAT IFR / OAT I,T: avoidance mandatory throughout activity GAT VFR / OAT V: unrestricted transit Zone activation possible during daytime only while LF-R 34 / TMA MARSAN are active. Activity known on: - MARSAN APP 119.700  - PYRENNEES INFO 126.525 This area substitutes itself to airspace parts it interferes with.","activationCode":"HO","activationDesc":"Activable SR-SS according to protocol.","UId":"17688595","id":"LFR267B","stroke":"#800080","stroke-width":2,"stroke-opacity":0.8,"fill":"#ffb9dc","fill-opacity":0.3},"geometry":{"type":"Polygon","coordinates":[[[0.227778,43.755833],[0.017222,43.749167],[-0.011389,43.841389],[0.165278,43.895],[0.227778,43.755833]]]}},{"type":"Feature","properties":{"name":"267 A","nameV":"R 267 A","class":"R","type":"R","lower":"1000FT AGL","ordinalLowerM":304,"lowerM":304,"upper":"4500FT AMSL","upperM":1371,"groundEstimatedHeight":[0,0,0,0],"desc":"Administrator: MARSAN APP. GAT IFR / OAT I,T: avoidance mandatory throughout activity GAT VFR / OAT V: unrestricted transit Zone activation possible during daytime only while LF-R 34 / TMA MARSAN are active. Activity known on: - MARSAN APP 119.700  - PYRENNEES INFO 126.525 This area substitutes itself to airspace parts it interferes with.","activationCode":"HO","activationDesc":"Activation possible SR-SS according to protocol.","UId":"17688261","id":"LFR267A","stroke":"#800080","stroke-width":2,"stroke-opacity":0.8,"fill":"#ffb9dc","fill-opacity":0.3},"geometry":{"type":"Polygon","coordinates":[[[-0.011389,43.841389],[0.017222,43.749167],[-0.351944,43.736944],[-0.011389,43.841389]]]}},{"type":"Feature","properties":{"name":"1","nameV":"R 1","class":"R","type":"R","lower":"SFC","lowerM":0,"upper":"4300FT AMSL","upperM":1310,"activationCode":"H24","UId":"1564465","id":"NWR1","stroke":"#800080","stroke-width":2,"stroke-opacity":0.8,"fill":"#ffb9dc","fill-opacity":0.6},"geometry":{"type":"Point","coordinates":[166.566667,-22.133889]}},{"type":"Feature","properties":{"name":"3201 A","nameV":"R 3201 A","class":"R","type":"R","lower":"2500FT AMSL","lowerM":762,"upper":"4500FT AMSL","upperM":1371,"desc":"Administrator: LYON APP OAT/GAT: entry after radio contact with LYON APP, mandatory radio listening watch and transponder. Services provided: flight information and alert services. When active, this area substitutes itself to class C airspace part which it interferes with. Activity known on LYON APP and LYON INFO.","activationCode":"HO","activationDesc":"Activable selon protocole SR-30 à SS+30. \\\\Possible activation SR-30 to SS+30 according to protocol.","UId":"20202042","id":"LFR3201A","stroke":"#800080","stroke-width":2,"stroke-opacity":0.8,"fill":"#ffb9dc","fill-opacity":0.3},"geometry":{"type":"Polygon","coordinates":[[[4.736667,45.97],[4.730556,45.933056],[4.703889,45.789167],[4.709722,45.720833],[4.687222,45.726667],[4.646667,45.869444],[4.645604,45.869333],[4.646437,45.870789],[4.647281,45.872243],[4.648134,45.873694],[4.648997,45.875142],[4.64987,45.876587],[4.650753,45.878029],[4.651645,45.879468],[4.652547,45.880905],[4.653459,45.882338],[4.654381,45.883768],[4.655312,45.885196],[4.656253,45.88662],[4.657204,45.888041],[4.658164,45.889459],[4.659134,45.890874],[4.660113,45.892286],[4.661102,45.893695],[4.662101,45.8951],[4.663109,45.896502],[4.664126,45.8979],[4.665153,45.899296],[4.66619,45.900688],[4.667236,45.902076],[4.668291,45.903461],[4.669356,45.904843],[4.67043,45.906221],[4.671513,45.907595],[4.672606,45.908966],[4.673708,45.910334],[4.674819,45.911697],[4.675939,45.913058],[4.677069,45.914414],[4.678208,45.915767],[4.679356,45.917116],[4.680513,45.918461],[4.68168,45.919802],[4.682855,45.92114],[4.68404,45.922473],[4.685233,45.923803],[4.686436,45.925129],[4.687647,45.926451],[4.688868,45.927769],[4.690097,45.929083],[4.691336,45.930393],[4.692583,45.931698],[4.693839,45.933],[4.695104,45.934298],[4.696378,45.935591],[4.69766,45.93688],[4.698952,45.938165],[4.700252,45.939446],[4.70156,45.940722],[4.702878,45.941995],[4.704204,45.943262],[4.705538,45.944526],[4.706881,45.945785],[4.708233,45.94704],[4.709593,45.94829],[4.710962,45.949536],[4.712339,45.950777],[4.713725,45.952014],[4.715119,45.953246],[4.716521,45.954474],[4.717932,45.955697],[4.719351,45.956915],[4.720778,45.958129],[4.722214,45.959338],[4.723658,45.960542],[4.725109,45.961742],[4.72657,45.962936],[4.728038,45.964126],[4.729514,45.965312],[4.730998,45.966492],[4.732491,45.967667],[4.733991,45.968838],[4.735499,45.970004],[4.736667,45.97]]]}},{"type":"Feature","properties":{"name":"3102 A","nameV":"R 3102 A","class":"R","type":"R","lower":"2500FT AMSL","lowerM":762,"upper":"4500FT AMSL","upperM":1371,"desc":"Administrator: DE GAULLE APP. Throughout activation: - IFR and OAT: avoidance mandatory. - VFR: entry strictly reserved for pilots of flying clubs which signed a protocol with the managing authority and their duly informed guests.  This area substitutes itself to Class A airspace parts which it interferes with. Except LF-R 3102V area when active. Activity known on DE GAULLE APP.","activationCode":"HJ","activationDesc":"Possible activation SR-30 to SS+30 according to protocol.","UId":"1565719","id":"LFR3102A","stroke":"#800080","stroke-width":2,"stroke-opacity":0.8,"fill":"#ffb9dc","fill-opacity":0.3},"geometry":{"type":"Polygon","coordinates":[[[2.740833,49.433333],[2.933333,49.433333],[2.797778,49.392222],[2.757222,49.406111],[2.740833,49.433333]]]}},{"type":"Feature","properties":{"name":"106","nameV":"R 106","class":"R","type":"R","lower":"SFC","lowerM":0,"upper":"3300FT AMSL","upperM":1005,"desc":"Monegasque civil Aviation. Entry subject to prior authorisation through MONACO TWR 124.0","activationCode":"H24","UId":"1563183","id":"LFR106","stroke":"#800080","stroke-width":2,"stroke-opacity":0.8,"fill":"#ffb9dc","fill-opacity":0.6},"geometry":{"type":"Polygon","coordinates":[[[7.436111,43.751111],[7.452778,43.742222],[7.455556,43.733333],[7.420833,43.718056],[7.418611,43.724722],[7.405556,43.731389],[7.436111,43.751111]]]}},{"type":"Feature","properties":{"name":"131","nameV":"R 131","class":"R","type":"R","lower":"FL115","lowerM":3505,"upper":"FL145","upperM":4419,"desc":"Administrator: LYON APP. GAT IFR / OAT I and T: avoidance mandatory during activity. GAT/VFR and OAT/V: entry authorised Constant listening watch mandatory LYON INFO 135.525 Actual activity on LYON INFO 135.525.","activationCode":"HX","activationDesc":"Possible activation SR - SS According to protocol.","UId":"1561389","id":"LFR131","stroke":"#800080","stroke-width":2,"stroke-opacity":0.8,"fill":"#ffb9dc","fill-opacity":0.1},"geometry":{"type":"Polygon","coordinates":[[[5.669167,45.2475],[5.896389,45.275],[5.773611,45.106667],[5.638056,45.049722],[5.641111,45.208333],[5.65,45.216667],[5.669167,45.2475]]]}},{"type":"Feature","properties":{"name":"173 A","nameV":"R 173 A","class":"R","type":"R","lower":"FL115","lowerM":3505,"upper":"FL195","upperM":5943,"desc":"Except for parts interfering with LF- R 138T when active. Administrator: NICE APP (< FL175). MARSEILLE ACC (> FL175 GAT IFR/OAT I and T: avoidance mandatory throughout activity. GAT VFR: -Gliders: entry authorised according to protocol -Other ACFT: entry after mandatory radio contact with MARSEILLE INFO 120.550 (> FL175) or NICE INFO 120.850 (< FL175). -Mandatory radio listening watch. OAT V: entry after radio contact with MARSEILLE INFO 120.550 (> FL175) or NICE INFO 120.850 (< FL175). - Mandatory radio listening watch Services provided: Flight Information and alerting services Activity known on: MARSEILLE ACC/FIC NICE INFO.","activationCode":"HX","activationDesc":"Activable de SR à SS selon protocole. \\\\Activation from SR to SS according to protocol.","UId":"1564281","id":"LFR173A","stroke":"#800080","stroke-width":2,"stroke-opacity":0.8,"fill":"#ffb9dc","fill-opacity":0.1},"geometry":{"type":"Polygon","coordinates":[[[6.671944,43.727778],[6.713333,43.690556],[6.746389,43.581944],[6.705833,43.575833],[6.631944,43.655556],[6.618056,43.668056],[6.669444,43.727778],[6.671944,43.727778]]]}},{"type":"Feature","properties":{"name":"3102 B","nameV":"R 3102 B","class":"R","type":"R","lower":"2500FT AMSL","lowerM":762,"upper":"4500FT AMSL","upperM":1371,"desc":"Administrator: DE GAULLE APP. Throughout activation: - IFR and OAT: avoidance mandatory. - VFR: entry strictly reserved for pilots of flying clubs which signed a protocol with the managing authority and their duly informed guests.  This area substitutes itself to Class A airspace parts which it interferes with. Except LF-R 3102V area when active. Activity known on DE GAULLE APP.","activationCode":"HJ","activationDesc":"Possible activation SR-30 to SS+30 according to protocol.","UId":"1565733","id":"LFR3102B","stroke":"#800080","stroke-width":2,"stroke-opacity":0.8,"fill":"#ffb9dc","fill-opacity":0.3},"geometry":{"type":"Polygon","coordinates":[[[2.708889,49.510556],[2.933333,49.433333],[2.740833,49.433333],[2.716667,49.433333],[2.695278,49.460833],[2.708889,49.510556]]]}},{"type":"Feature","properties":{"name":"180 A","nameV":"R 180 A","class":"R","type":"R","lower":"FL195","lowerM":5943,"upper":"FL220","upperM":6705,"desc":"Administrator: MARSEILLE UAC. Only for gliders according to protocol. Service provided: Flight Information and alerting services. Radio listening watch mandatory. MARSEILLE UAC frequencies. GAT IFR / OAT I and T: avoidance mandatory throughout activity Activity known on MARSEILLE UAC.","activationCode":"HX","activationDesc":"Activable de SR à SS selon protocole. Possible activation from SR to SS according to protocol.","UId":"1562545","id":"LFR180A","stroke":"#800080","stroke-width":2,"stroke-opacity":0.8,"fill":"#ffb9dc","fill-opacity":0.1},"geometry":{"type":"Polygon","coordinates":[[[5.678333,44.252778],[5.983333,44.104167],[5.983333,44.016667],[5.716667,44.016667],[5.612778,44.133056],[5.678333,44.252778]]]}},{"type":"Feature","properties":{"name":"180 B","nameV":"R 180 B","class":"R","type":"R","lower":"FL220","lowerM":6705,"upper":"FL280","upperM":8534,"desc":"Administrator: MARSEILLE UAC. Only for gliders according to protocol. Service provided: Flight Information and alerting services. Radio listening watch mandatory. MARSEILLE UAC frequencies. GAT IFR / OAT I and T: avoidance mandatory throughout activity Activity known on MARSEILLE UAC.","activationCode":"HX","activationDesc":"Activable de SR à SS selon protocole. Possible activation from SR to SS according to protocol.","UId":"1562547","id":"LFR180B","stroke":"#800080","stroke-width":2,"stroke-opacity":0.8,"fill":"#ffb9dc","fill-opacity":0.1},"geometry":{"type":"Polygon","coordinates":[[[5.716667,44.234167],[5.983333,44.104167],[5.983333,44.016667],[5.716667,44.016667],[5.716667,44.234167]]]}},{"type":"Feature","properties":{"name":"173 B","nameV":"R 173 B","class":"R","type":"R","lower":"FL195","lowerM":5943,"upper":"FL235","upperM":7162,"desc":"Administrator: MARSEILLE ACC. Only for gliders according to protocol. Service provided: Flight Information and alerting services. GAT IFR/OAT I and T: avoidance mandatory throughout activity Activity known on: MARSEILLE ACC/FIC","activationCode":"HX","activationDesc":"Activable de SR à SS selon protocole. Possible activation from SR to SS according to protocol.","UId":"1564173","id":"LFR173B","stroke":"#800080","stroke-width":2,"stroke-opacity":0.8,"fill":"#ffb9dc","fill-opacity":0.1},"geometry":{"type":"Polygon","coordinates":[[[6.671944,43.727778],[6.713333,43.690556],[6.746389,43.581944],[6.705833,43.575833],[6.631944,43.655556],[6.618056,43.668056],[6.669444,43.727778],[6.671944,43.727778]]]}},{"type":"Feature","properties":{"name":"130 C","nameV":"R 130 C","class":"R","type":"R","lower":"FL125","lowerM":3810,"upper":"FL155","upperM":4724,"desc":"Administrator: MARSEILLE ACC GAT IFR / OAT I and T: avoidance mandatory during activity GAT VFR / OAT V: entry after radio contact with MARSEILLE Info 120.550 - 124.500. Constant listening watch mandatory. Services provided: flight information and alerting services. Activity known on: - MARSEILLE Control - MARSEILLE Info 120.550 - 124.500. - PROVENCE APP/INFO: 132.3","activationCode":"HJ","activationDesc":"Activable SR-SS selon protocole Possible activation SR - SS According to protocol","UId":"1562813","id":"LFR130C","stroke":"#800080","stroke-width":2,"stroke-opacity":0.8,"fill":"#ffb9dc","fill-opacity":0.1},"geometry":{"type":"Polygon","coordinates":[[[5.299167,44.966667],[5.539722,44.706944],[5.688056,44.706944],[5.763333,44.667778],[5.7025,44.613056],[5.732778,44.428333],[5.672778,44.456389],[5.344167,44.526667],[5.023333,44.594167],[5.023333,44.666667],[5.299167,44.966667]]]}},{"type":"Feature","properties":{"name":"130 A","nameV":"R 130 A","class":"R","type":"R","lower":"FL115","lowerM":3505,"upper":"FL195","upperM":5943,"desc":"Except for LF- R 71 A when active. Administrator: MARSEILLE ACC GAT IFR / OAT I and T: avoidance mandatory during activity GAT VFR / OAT V: entry after radio contact with MARSEILLE Info 120.550 - 124.500. Constant listening watch mandatory Services provided: flight information and alerting services. Activity known on: - MARSEILLE Control - MARSEILLE Info 120.550 - 124.500 - PROVENCE APP/INFO: 132.3","activationCode":"HJ","activationDesc":"Activable SR-SS selon protocole Possible activation SR - SS According to protocol.","UId":"1562809","id":"LFR130A","stroke":"#800080","stroke-width":2,"stroke-opacity":0.8,"fill":"#ffb9dc","fill-opacity":0.1},"geometry":{"type":"Polygon","coordinates":[[[5.4325,44.333611],[5.574167,44.303611],[5.985,44.109444],[5.983333,44.0],[5.716667,44.0],[5.4325,44.333611]]]}},{"type":"Feature","properties":{"name":"130 B","nameV":"R 130 B","class":"R","type":"R","lower":"FL115","lowerM":3505,"upper":"FL155","upperM":4724,"desc":"Administrator: MARSEILLE ACC GAT IFR / OAT I and T: avoidance mandatory during activity. GAT VFR / OAT V: entry after radio contact with MARSEILLE Info 120.550 - 124.500. Constant listening watch mandatory Services provided: flight information and alerting services. Activity known on: - MARSEILLE Control - MARSEILLE Info 120.550 - 124.500 - PROVENCE APP/INFO: 132.3","activationCode":"HJ","activationDesc":"Activable SR-SS selon protocole Possible activation SR - SS According to protocol","UId":"1562807","id":"LFR130B","stroke":"#800080","stroke-width":2,"stroke-opacity":0.8,"fill":"#ffb9dc","fill-opacity":0.1},"geometry":{"type":"Polygon","coordinates":[[[5.344167,44.526667],[5.672778,44.456389],[5.732778,44.428333],[6.1375,44.236944],[5.985,44.109444],[5.574167,44.303611],[5.4325,44.333611],[5.344167,44.526667]]]}},{"type":"Feature","properties":{"name":"170 A","nameV":"R 170 A","class":"R","type":"R","lower":"SFC","lowerM":0,"upper":"4000FT AMSL","upperM":1219,"desc":"Manager: DGA EV Operations office Cazaux: 05 57 15 40 29 CAM/CAG: bypassing mandatory Real activity known on: CAZAUX APP or RAI 119.6 AQUITAINE INFO BLW FL145 BORDEAUX ACC ABV FL145","activationCode":"HO","activationDesc":"Activable H24","UId":"27272256","id":"LFR170A","stroke":"#800080","stroke-width":2,"stroke-opacity":0.8,"fill":"#ffb9dc","fill-opacity":0.6},"geometry":{"type":"Polygon","coordinates":[[[-1.016667,44.580556],[-0.977778,44.580556],[-0.977778,44.580508],[-0.971286,44.58036],[-0.96482,44.579915],[-0.958408,44.579176],[-0.952076,44.578145],[-0.945849,44.576827],[-0.939755,44.575227],[-0.933817,44.573352],[-0.928061,44.57121],[-0.922509,44.568809],[-0.917185,44.566159],[-0.912111,44.563272],[-0.907308,44.560158],[-0.902795,44.556832],[-0.89859,44.553306],[-0.894712,44.549596],[-0.891176,44.545715],[-0.887997,44.541682],[-0.885187,44.537511],[-0.882758,44.53322],[-0.88072,44.528828],[-0.879082,44.524351],[-0.877849,44.519809],[-0.877027,44.515219],[-0.87662,44.510602],[-0.876628,44.505975],[-0.877051,44.501358],[-0.877889,44.49677],[-0.879136,44.49223],[-0.880789,44.487756],[-0.88284,44.483367],[-0.88528,44.47908],[-0.8881,44.474914],[-0.891288,44.470885],[-0.89483,44.46701],[-0.898713,44.463305],[-0.902919,44.459785],[-0.907433,44.456464],[-0.912235,44.453357],[-0.917305,44.450475],[-0.922624,44.447831],[-0.928168,44.445435],[-0.933915,44.443297],[-0.939842,44.441426],[-0.945924,44.43983],[-0.952137,44.438515],[-0.958455,44.437487],[-0.964852,44.43675],[-0.971302,44.436306],[-0.977778,44.436158],[-0.977778,44.436111],[-0.977778,44.436111],[-1.175,44.436111],[-1.175,44.508333],[-1.016667,44.580556]]]}},{"type":"Feature","properties":{"name":"108 E3","nameV":"R 108 E3","class":"R","type":"R","lower":"FL075","lowerM":2286,"upper":"FL195","upperM":5943,"desc":"Administrator: CCER Istres. GAT IFR: entry upon control authorisation. GAT VFR: airspace interfering with parts of MONTPELLIER TMA: entry authorized through MONTPELLIER APP. OAT: mandatory bypassing if FL< or = FL135, upon MARIUS Radar authorization above FL135. Activity known by: - MARSEILLE CONTROLE/INFO - MONTPELLIER INFO - CAMARGUE Contrôle.","activationCode":"HX","activationDesc":"Possible activation H24.","UId":"27272758","id":"LFR108E3","stroke":"#800080","stroke-width":2,"stroke-opacity":0.8,"fill":"#ffb9dc","fill-opacity":0.3},"geometry":{"type":"Polygon","coordinates":[[[3.431667,44.101667],[3.546944,43.955278],[3.276389,43.889444],[3.3,44.1],[3.431667,44.101667]]]}},{"type":"Feature","properties":{"name":"190 A","nameV":"R 190 A","class":"R","type":"R","lower":"SFC","lowerM":0,"upper":"3300FT AMSL","upperM":1005,"desc":"Administrator: 2ème REI, camp des Garrigues. GAT/OAT: Avoidance mandatory throughout activity. Activity schedule available on: Officier de tirs TEL: 04 66 02 50 01. Activity known on: GARONS TWR RHONE CTL CAMARGUE CTL MONTPELLIER APP MONTPELLIER INFO","activationCode":"H24","UId":"1610752","id":"LFR190A","stroke":"#800080","stroke-width":2,"stroke-opacity":0.8,"fill":"#ffb9dc","fill-opacity":0.6},"geometry":{"type":"Polygon","coordinates":[[[4.387778,43.9175],[4.393333,43.8975],[4.376111,43.880278],[4.315278,43.875833],[4.300278,43.891111],[4.311944,43.912222],[4.323056,43.919167],[4.333611,43.913611],[4.366944,43.927778],[4.379722,43.938333],[4.391389,43.924444],[4.387778,43.9175]]]}},{"type":"Feature","properties":{"name":"208","nameV":"R 208","class":"R","type":"R","lower":"SFC","lowerM":0,"upper":"3750FT AMSL","upperM":1143,"desc":"Administrator: 1er Régiment de Chasseurs. GAT: avoidance mandatory during activity. OAT: avoidance mandatory during activity except for flights authorised by the administrator. Activity known on: - ETAIN APP or RAI 120.125 MHz - Bureau de garnison de VERDUN: 03 29 73 54 61 - 1er Régiment de Chasseurs: 03 29 73 56 59","activationCode":"HX","activationDesc":"Possible activation H24 except SAT, SUN and HOL.","UId":"1564621","id":"LFR208","stroke":"#800080","stroke-width":2,"stroke-opacity":0.8,"fill":"#ffb9dc","fill-opacity":0.6},"geometry":{"type":"Polygon","coordinates":[[[5.343056,49.14],[5.36,49.129167],[5.316389,49.118333],[5.310278,49.132222],[5.310278,49.134722],[5.343056,49.14]]]}},{"type":"Feature","properties":{"name":"209","nameV":"R 209 Upper(4100FT AMSL-2700FT AGL)","class":"R","type":"R","lower":"SFC","lowerM":0,"upper":"4100FT AMSL","upperMax":"2700FT AGL","upperM":1249,"desc":"Administrator: 35ème régiment d'infanterie (RI) Belfort - 03 84 98 43 69 IFR and VFR GAT, OAT: avoidance mandatory. Activity known on: - 35ème RI Belfort - 03 84 98 43 69 / 43 29 - BALE INFO","activationCode":"HX","activationDesc":"Possible activation: TUE, WED, THU and FRI except HOL: - 01/11-31/03: 0600-1600 and 2100-0100 - 01/04-31/10: 0400-1600 and 2100-0100 SUM: - 1HR","UId":"1564637","id":"LFR209","stroke":"#800080","stroke-width":2,"stroke-opacity":0.8,"fill":"#ffb9dc","fill-opacity":0.6},"geometry":{"type":"Polygon","coordinates":[[[6.915833,47.701389],[6.9275,47.68],[6.914722,47.674444],[6.865,47.669167],[6.863056,47.678333],[6.881111,47.691111],[6.913889,47.700556],[6.915833,47.701389]]]}},{"type":"Feature","properties":{"name":"210","nameV":"R 210 Upper(2100FT AMSL-1400FT AGL)","class":"R","type":"R","lower":"SFC","lowerM":0,"upper":"2100FT AMSL","upperMax":"1400FT AGL","upperM":640,"desc":"GAT IFR and VFR, OAT: avoidance mandatory Administrator: 3ème régiment de génie: 03 24 41 34 33 or 34 12.","activationCode":"TIMSH","activationDesc":"MON-FRI except HOL: Possible activation from SR- 30 to SS+30","timeScheduling":{"1":["UTC(01/01->31/12)","WD(SR/30/E->SS/30/L)"]},"UId":"1564645","id":"LFR210","stroke":"#800080","stroke-width":2,"stroke-opacity":0.8,"fill":"#ffb9dc","fill-opacity":0.6},"geometry":{"type":"Polygon","coordinates":[[[4.601377,49.616665],[4.601108,49.618829],[4.600307,49.620937],[4.598994,49.622935],[4.597204,49.62477],[4.594982,49.626395],[4.592386,49.627768],[4.589484,49.628854],[4.58635,49.629624],[4.583066,49.630058],[4.579717,49.630146],[4.57639,49.629884],[4.573171,49.62928],[4.570143,49.628349],[4.567385,49.627116],[4.564968,49.625611],[4.562956,49.623876],[4.561399,49.621953],[4.560339,49.619894],[4.559802,49.617751],[4.559803,49.61558],[4.560341,49.613437],[4.561403,49.611378],[4.562961,49.609456],[4.564974,49.607721],[4.567391,49.606217],[4.570148,49.604984],[4.573175,49.604054],[4.576392,49.60345],[4.579718,49.603188],[4.583065,49.603276],[4.586347,49.60371],[4.58948,49.604479],[4.592381,49.605564],[4.594976,49.606937],[4.597198,49.608562],[4.59899,49.610397],[4.600304,49.612394],[4.601106,49.614501],[4.601377,49.616665]]]}},{"type":"Feature","properties":{"name":"217 /1.1","nameV":"R 217 /1.1","class":"R","type":"R","lower":"SFC","lowerM":0,"upper":"3500FT AMSL","upperM":1066,"desc":"Administrator: CMC Istres. Airspace defined except for LF-R 108 AF1/AF2 ISTRES and LF-R 191 A, when active. Airspace shared with CTR ISTRES part 1.1 (see AIP AD 2 LFMI.17). GAT VFR /OAT V: entry with authorization from CAMARGUE CONTROLE 127.925 MHz. GAT IFR /OAT I and T: entry with authorization from control. Activity known on CAMARGUE Control or announced by RAI 127.925 MHz. When active, this airspace coexists with LF-P 13 FOS SUR MER and LF-P 41 ISTRES areas. Entry within LF-P 13 FOS SUR MER and LF-P 41 ISTRES authorized for ACFT operating under OAT. ","activationCode":"HX","activationDesc":"Activable H24.","timeScheduling":{"1":["UTC(01/01->31/12)","ANY(00:00->23:59)"]},"UId":"1565903","id":"LFR21710","stroke":"#800080","stroke-width":2,"stroke-opacity":0.8,"fill":"#ffb9dc","fill-opacity":0.6},"geometry":{"type":"Polygon","coordinates":[[[4.643889,43.8],[4.787778,43.710278],[4.930833,43.618056],[5.003333,43.571389],[5.003615,43.571373],[5.004446,43.570672],[5.005266,43.569963],[5.006075,43.569248],[5.006873,43.568526],[5.00766,43.567798],[5.008436,43.567064],[5.0092,43.566324],[5.009953,43.565577],[5.010694,43.564825],[5.011424,43.564067],[5.012143,43.563302],[5.012849,43.562532],[5.013544,43.561757],[5.014227,43.560976],[5.014898,43.560189],[5.015556,43.559397],[5.016203,43.5586],[5.016837,43.557798],[5.017459,43.556991],[5.018069,43.556178],[5.018666,43.555361],[5.01925,43.55454],[5.019822,43.553713],[5.020382,43.552882],[5.020928,43.552046],[5.021462,43.551207],[5.021983,43.550363],[5.022491,43.549514],[5.022985,43.548662],[5.023467,43.547806],[5.023936,43.546946],[5.024391,43.546082],[5.024833,43.545215],[5.025262,43.544344],[5.025678,43.54347],[5.02608,43.542593],[5.026469,43.541712],[5.026844,43.540828],[5.027206,43.539942],[5.027554,43.539052],[5.027888,43.53816],[5.028209,43.537265],[5.028516,43.536368],[5.02881,43.535468],[5.029089,43.534566],[5.029355,43.533661],[5.029607,43.532755],[5.029845,43.531847],[5.030069,43.530937],[5.03028,43.530025],[5.030476,43.529111],[5.030658,43.528196],[5.030826,43.527279],[5.030981,43.526361],[5.031121,43.525442],[5.031247,43.524522],[5.031359,43.523601],[5.031111,43.523611],[5.031111,43.523611],[5.030556,43.4125],[5.0525,43.387222],[5.036389,43.252778],[4.688056,43.252778],[4.486111,43.252778],[4.494444,43.433889],[4.496111,43.47],[4.500278,43.561389],[4.643889,43.8]]]}},{"type":"Feature","properties":{"name":"230","nameV":"R 230","class":"R","type":"R","lower":"SFC","lowerM":0,"upper":"5200FT AMSL","upperM":1584,"desc":"GAT IFR and VFR, OAT: avoidance mandatory during activity. Administrator 53rd RT: - Shooting officer: 03 83 77 63 51 or 62 22 - Permanence: 03 83 77 63 46","activationCode":"HO","activationDesc":"Active except HOL: TUE and THU: 0600 - 2300 WED: 0600 - 1600. (SUM - 1HR)","UId":"1565259","id":"LFR230","stroke":"#800080","stroke-width":2,"stroke-opacity":0.8,"fill":"#ffb9dc","fill-opacity":0.6},"geometry":{"type":"Polygon","coordinates":[[[6.743333,48.425],[6.748056,48.416667],[6.754444,48.388333],[6.738889,48.39],[6.729444,48.3925],[6.736389,48.419444],[6.743333,48.425]]]}},{"type":"Feature","properties":{"name":"108 B","nameV":"R 108 B","class":"R","type":"R","lower":"SFC","lowerM":0,"upper":"2500FT AGL","ordinalUpperM":762,"upperM":762,"groundEstimatedHeight":[0,0,0,0],"desc":"Administrator: CCER Istres or CMC Istres GAT VFR: entry with clearance from CAMARGUE Control 127.925 MHz. Actual activity known on: - RHONE Control, - CAMARGUE Control, - GARONS TWR, - MONTPELLIER APP/INFO.","activationCode":"HX","activationDesc":"Activable H24.","timeScheduling":{"1":["UTC(01/01->31/12)","ANY(00:00->23:59)"]},"UId":"1613228","id":"LFR108B","stroke":"#800080","stroke-width":2,"stroke-opacity":0.8,"fill":"#ffb9dc","fill-opacity":0.6},"geometry":{"type":"Polygon","coordinates":[[[4.537778,43.623889],[4.500278,43.561389],[4.494444,43.433889],[4.264444,43.453611],[4.308333,43.5],[4.251111,43.548611],[4.384722,43.600833],[4.384641,43.601004],[4.38742,43.600727],[4.390203,43.600474],[4.392991,43.600246],[4.395782,43.600042],[4.398577,43.599863],[4.401374,43.599709],[4.404173,43.599579],[4.406975,43.599474],[4.409778,43.599394],[4.412582,43.599338],[4.415387,43.599307],[4.418193,43.599301],[4.420998,43.599319],[4.423803,43.599363],[4.426606,43.59943],[4.429409,43.599523],[4.432209,43.59964],[4.435008,43.599782],[4.437804,43.599949],[4.440597,43.60014],[4.443386,43.600356],[4.446172,43.600596],[4.448953,43.600861],[4.45173,43.60115],[4.454502,43.601464],[4.457268,43.601802],[4.460028,43.602165],[4.462782,43.602552],[4.46553,43.602963],[4.46827,43.603398],[4.471003,43.603857],[4.473728,43.60434],[4.476445,43.604848],[4.479153,43.605379],[4.481852,43.605934],[4.484541,43.606513],[4.48722,43.607115],[4.48989,43.607741],[4.492548,43.608391],[4.495195,43.609064],[4.497831,43.60976],[4.500455,43.610479],[4.503067,43.611221],[4.505666,43.611987],[4.508253,43.612775],[4.510825,43.613586],[4.513384,43.614419],[4.515929,43.615275],[4.518459,43.616153],[4.520975,43.617054],[4.523475,43.617977],[4.525959,43.618921],[4.528428,43.619888],[4.53088,43.620876],[4.533315,43.621885],[4.535733,43.622916],[4.538134,43.623968],[4.537778,43.623889]]]}},{"type":"Feature","properties":{"name":"20 H1","nameV":"R 20 H1","class":"R","type":"R","lower":"FL065","lowerM":1981,"upper":"FL195","upperM":5943,"desc":"Administrator: AVORD APP. TEL: 02 48 69 25 72 or 02 34 34 71 36. GAT/OAT: with AVORD APP authorization. Follow AVORD APP instructions. (1) Above FL115.","activationCode":"HX","activationDesc":"Activable H24 Activité connue de: AVORD APP ou RAI 119.7 PARIS ACC/FIC NEVERS AFIS SEINE APP ST YAN APP.  \\\\Possible activation H24 Activity known on: AVORD APP or RAI 119.7 PARIS ACC/FIC NEVERS AFIS SEINE APP ST YAN APP.","UId":"16474879","id":"LFR20H1","stroke":"#800080","stroke-width":2,"stroke-opacity":0.8,"fill":"#ffb9dc","fill-opacity":0.3},"geometry":{"type":"Polygon","coordinates":[[[3.333333,47.540278],[3.440833,47.161111],[3.184167,47.1075],[3.19,47.121389],[3.236111,47.189444],[3.185556,47.261389],[2.991667,47.353611],[2.930556,47.540278],[3.333333,47.540278]]]}},{"type":"Feature","properties":{"name":"11 A","nameV":"R 11 A","class":"R","type":"R","lower":"SFC","lowerM":0,"upper":"1000FT AGL","ordinalUpperM":304,"upperM":304,"groundEstimatedHeight":[0,0,0,0],"desc":"Administrator: NIL. Avoidance mandatory.","activationCode":"H24","UId":"1566519","id":"LFR11A","stroke":"#800080","stroke-width":2,"stroke-opacity":0.8,"fill":"#ffb9dc","fill-opacity":0.6},"geometry":{"type":"Polygon","coordinates":[[[5.580213,44.06971],[5.579543,44.075722],[5.577539,44.081578],[5.574253,44.087128],[5.569769,44.092227],[5.564203,44.096743],[5.5577,44.100559],[5.550428,44.103576],[5.542576,44.105716],[5.534347,44.106923],[5.525955,44.107166],[5.517617,44.106439],[5.50955,44.10476],[5.501963,44.102173],[5.495053,44.098745],[5.488999,44.094566],[5.483958,44.089742],[5.48006,44.084401],[5.477407,44.078679],[5.476065,44.072726],[5.47607,44.066695],[5.477422,44.060743],[5.480084,44.055023],[5.483988,44.049685],[5.489032,44.044865],[5.495086,44.040689],[5.501992,44.037265],[5.509572,44.034681],[5.51763,44.033004],[5.525957,44.032278],[5.534339,44.03252],[5.542558,44.033726],[5.550403,44.035863],[5.557669,44.038877],[5.56417,44.042689],[5.569737,44.047202],[5.574225,44.052297],[5.577519,44.057844],[5.579533,44.063699],[5.580213,44.06971]]]}},{"type":"Feature","properties":{"name":"105 A","nameV":"R 105 A","class":"R","type":"R","lower":"SFC","lowerM":0,"upper":"1500FT AMSL","upperM":457,"desc":"Administrator: Régiment d'infanterie de chars de marine. IFR/VFR: Avoidance mandatory during activity. Live firing activity schedule available on: officier tirs 05 49 00 21 08 or permanence RICM 05 49 00 21 43 Actual activity known on: POITIERS INFO, POITIERS TWR, POITIERS APP, and broadcasted on POITIERS ATIS.","activationCode":"TIMSH","activationDesc":"Possible activation on MON, WED, SAT 0600- 1600 TUE 0600- 2300 SUN and HOL 0600- 1000 (SUM: - 1 HR)","timeScheduling":{"1":["UTCW(01/01->31/12)","SUN(06:00->10:00)"],"2":["UTCW(01/01->31/12)","WED(06:00->16:00)"],"3":["UTCW(01/01->31/12)","TUE(06:00->23:00)"],"4":["UTCW(01/01->31/12)","LH(06:00->10:00)"],"5":["UTCW(01/01->31/12)","MON(06:00->16:00)"],"6":["UTCW(01/01->31/12)","SAT(06:00->16:00)"]},"UId":"1563697","id":"LFR105A","stroke":"#800080","stroke-width":2,"stroke-opacity":0.8,"fill":"#ffb9dc","fill-opacity":0.6},"geometry":{"type":"Polygon","coordinates":[[[0.266667,46.598611],[0.262222,46.599167],[0.245833,46.601111],[0.245833,46.581667],[0.254167,46.5825],[0.266667,46.589167],[0.266667,46.598611]]]}},{"type":"Feature","properties":{"name":"105 B","nameV":"R 105 B","class":"R","type":"R","lower":"SFC","lowerM":0,"upper":"5000FT AMSL","upperM":1524,"desc":"Administrator: Régiment d'infanterie de chars de marine. IFR/VFR: Avoidance mandatory during activity. Live firing activity schedule available on: officier tirs 05 49 00 21 08 or permanence RICM 05 49 00 21 43 Actual activity known on: POITIERS INFO, POITIERS TWR, POITIERS APP, and broadcasted on POITIERS ATIS.","activationCode":"TIMSH","activationDesc":"Possible activation MON, WED- SAT 0600- 1600 TUE 0600- 2300 SUN and HOL 0600- 1000 (SUM: - 1 HR)","timeScheduling":{"1":["UTCW(01/01->31/12)","LH(06:00->10:00)"],"2":["UTCW(01/01->31/12)","SUN(06:00->10:00)"],"3":["UTCW(01/01->31/12)","SAT(06:00->16:00)"],"4":["UTCW(01/01->31/12)","MON(06:00->16:00)"],"5":["UTCW(01/01->31/12)","TUE(06:00->23:00)"],"6":["UTCW(01/01->31/12)","WED(06:00->16:00)"]},"UId":"1563685","id":"LFR105B","stroke":"#800080","stroke-width":2,"stroke-opacity":0.8,"fill":"#ffb9dc","fill-opacity":0.6},"geometry":{"type":"Polygon","coordinates":[[[0.262222,46.599167],[0.245833,46.601111],[0.166667,46.611111],[0.166667,46.575],[0.245833,46.581667],[0.254167,46.5825],[0.262222,46.599167]]]}},{"type":"Feature","properties":{"name":"108 A F1","nameV":"R 108 A F1","class":"R","type":"R","lower":"SFC","lowerM":0,"upper":"FL195","upperM":5943,"desc":"Administrator: CCER Istres or CMC Istres GAT IFR/OAT: entry with clearance from control. GAT VFR: entry with clearance from CAMARGUE Control 127.925 MHz. Actual activity known on: - RHONE CONTROLE, - MARSEILLE CONTROLE/FIC, - PROVENCE APP/INFO, - MONTPELLIER APP/INFO.","activationCode":"HX","activationDesc":"Activable H24.","timeScheduling":{"1":["UTC(01/01->31/12)","ANY(00:00->23:59)"]},"UId":"1610762","id":"LFR108AF1","stroke":"#800080","stroke-width":2,"stroke-opacity":0.8,"fill":"#ffb9dc","fill-opacity":0.6},"geometry":{"type":"Polygon","coordinates":[[[4.643889,43.8],[4.818056,43.361667],[4.763333,43.364444],[4.496111,43.47],[4.500278,43.561389],[4.643889,43.8]]]}},{"type":"Feature","properties":{"name":"108 A F2","nameV":"R 108 A F2","class":"R","type":"R","lower":"SFC","lowerM":0,"upper":"FL195","upperM":5943,"desc":"Administrator: CCER Istres or CMC Istres GAT IFR/OAT: entry with clearance from control. GAT VFR: entry with clearance from CAMARGUE Control 127.925 MHz. Actual activity known on: - RHONE CONTROLE, - MARSEILLE CONTROLE/FIC, - PROVENCE APP/INFO, - MONTPELLIER APP/INFO. When active, this area coexists with LF-P 13 FOS SUR MER. Entry in LF-P 13 FOS SUR MER approved for ACFT operating OAT. ","activationCode":"HX","activationDesc":"Activable H24.","timeScheduling":{"1":["UTC(01/01->31/12)","ANY(00:00->23:59)"]},"UId":"1610764","id":"LFR108AF2","stroke":"#800080","stroke-width":2,"stroke-opacity":0.8,"fill":"#ffb9dc","fill-opacity":0.6},"geometry":{"type":"Polygon","coordinates":[[[4.643889,43.8],[4.787778,43.710278],[5.018611,43.490278],[4.993611,43.443333],[4.994129,43.443404],[4.993581,43.442884],[4.993031,43.442366],[4.992477,43.44185],[4.991921,43.441336],[4.991362,43.440823],[4.9908,43.440311],[4.990236,43.439801],[4.989669,43.439293],[4.989099,43.438786],[4.988526,43.438281],[4.987951,43.437778],[4.987373,43.437276],[4.986792,43.436776],[4.986209,43.436277],[4.985622,43.435781],[4.985034,43.435285],[4.984442,43.434792],[4.983848,43.4343],[4.983251,43.43381],[4.982652,43.433322],[4.98205,43.432835],[4.981445,43.43235],[4.980838,43.431867],[4.980228,43.431385],[4.979616,43.430906],[4.979001,43.430428],[4.978383,43.429951],[4.977763,43.429477],[4.977141,43.429004],[4.976516,43.428533],[4.975888,43.428064],[4.975258,43.427596],[4.974625,43.427131],[4.97399,43.426667],[4.973352,43.426205],[4.972712,43.425745],[4.972069,43.425286],[4.971424,43.42483],[4.970776,43.424375],[4.970126,43.423922],[4.969474,43.423471],[4.968819,43.423022],[4.968162,43.422575],[4.967502,43.42213],[4.96684,43.421686],[4.966175,43.421244],[4.965509,43.420805],[4.964839,43.420367],[4.964168,43.419931],[4.963494,43.419497],[4.962818,43.419065],[4.962139,43.418634],[4.961458,43.418206],[4.960775,43.41778],[4.96009,43.417355],[4.959402,43.416933],[4.958712,43.416513],[4.958333,43.416389],[4.958333,43.416389],[4.95,43.411944],[4.861111,43.359444],[4.818056,43.361667],[4.643889,43.8]]]}},{"type":"Feature","properties":{"name":"14","nameV":"R 14 (SeeNotam)","class":"R","type":"R","lower":"SFC","lowerM":0,"upper":"3000FT AMSL","upperM":914,"desc":"Administrator: BASEFUSCO Groupement des champs de tirs Linès-Bégo. Tel: 02 97 12 30 48 OAT/GAT: Avoidance mandatory except for ACFT: -Scheduled by BASEFUSCO Groupement des champs de tirs Linès-Bégo. -SAR and public safety after LORIENT APP authorisation. Activation known on: -\tLORIENT APP 123.0 -LORIENT TWR 122.7 - ATIS 129.125 -NANTES INFO - IROISE INFO","activationCode":"HX","activationDesc":"From 15th SEP to 15TH jun Except HOL: MON to THU: 0830 to 1100 and 1300 to 1530. FRI: 0830 to 1300. SUM:-1HR. Other times, possible activation by NOTAM.","UId":"1563135","id":"LFR14","stroke":"#800080","stroke-width":2,"stroke-opacity":0.8,"fill":"#ffb9dc","fill-opacity":0.6},"geometry":{"type":"Polygon","coordinates":[[[-3.142222,47.663333],[-3.044444,47.65],[-3.041667,47.603889],[-3.116667,47.576111],[-3.135556,47.563333],[-3.135556,47.544167],[-3.146111,47.533611],[-3.161111,47.530278],[-3.193611,47.502222],[-3.293333,47.581944],[-3.198889,47.623333],[-3.142222,47.663333]]]}},{"type":"Feature","properties":{"name":"20 B4","nameV":"R 20 B4","class":"R","type":"R","lower":"4500FT AMSL","lowerM":1371,"upper":"FL065","upperM":1981,"desc":"Administrator: AVORD APP. TEL: 02 48 69 25 72 or 02 34 34 71 36. IFR: with AVORD APP authorization. Power driven VFR: entry allowed after radio contact, follow AVORD APP instructions. Not power driven VFR: entry allowed after radio contact with AVORD APP.","activationCode":"HX","activationDesc":"Activable H24 Activité connue de: AVORD APP ou RAI 119.7 PARIS ACC/FIC BORDEAUX ACC LIMOGES INFO POITIERS INFO SEINE INFO BOURGES AFIS. \\\\Possible activation H24 Activity known on: AVORD APP or RAI 119.7 PARIS ACC/FIC BORDEAUX ACC LIMOGES INFO POITIERS INFO SEINE INFO BOURGES AFIS.","timeScheduling":{"1":["UTC(01/01->31/12)","ANY(00:00->23:59)"]},"UId":"1563353","id":"LFR20B4","stroke":"#800080","stroke-width":2,"stroke-opacity":0.8,"fill":"#ffb9dc","fill-opacity":0.3},"geometry":{"type":"Polygon","coordinates":[[[1.906667,47.581667],[1.957778,47.566389],[2.091944,47.524722],[2.080556,47.361111],[1.859722,47.141667],[1.813333,47.133056],[1.536111,47.011111],[1.185,47.261667],[1.188056,47.398056],[1.906667,47.581667]]]}},{"type":"Feature","properties":{"name":"20 H3","nameV":"R 20 H3","class":"R","type":"R","lower":"FL065","lowerM":1981,"upper":"FL195","upperM":5943,"desc":"Administrator: AVORD APP. TEL: 02 48 69 25 72 or 02 34 34 71 36. GAT/OAT: with AVORD APP authorization. Follow AVORD APP instructions. Except for LF-R 9 B and D when active.","activationCode":"HX","activationDesc":"Activable H24 Activité connue de: AVORD APP ou RAI 119.7 PARIS ACC/FIC BORDEAUX ACC POITIERS INFO SEINE INFO BOURGES AFIS. \\\\Possible activation H24 Activity known on: AVORD APP or RAI 119.7 PARIS ACC/FIC BORDEAUX ACC POITIERS INFO SEINE INFO BOURGES AFIS.","UId":"16474897","id":"LFR20H3","stroke":"#800080","stroke-width":2,"stroke-opacity":0.8,"fill":"#ffb9dc","fill-opacity":0.3},"geometry":{"type":"Polygon","coordinates":[[[2.378056,47.353611],[2.623611,47.223611],[2.8125,47.111111],[2.879444,46.542222],[2.602778,46.45],[1.658333,46.536111],[1.690278,46.572222],[2.038889,46.954167],[2.047222,47.034722],[2.257222,47.238333],[2.378056,47.353611]]]}},{"type":"Feature","properties":{"name":"174","nameV":"R 174 (SeeNotam)","class":"R","type":"R","lower":"SFC","lowerM":0,"upper":"1700FT AMSL","upperM":518,"desc":"GAT/OAT: avoidance mandatory throughout activity. Administrator: Régiment de Marche du Tchad. Tel: 03 69 21 25 27. Activity known on BASEL INFO 130.9 MHz.","activationCode":"NOTAM","activationDesc":"Activable par NOTAM sauf SAT, SUN et HOL. \\\\Possible activation by NOTAM except SAT, SUN and HOL","timeScheduling":{"1":["UTC(01/01->31/12)","WD(00:00->23:59)"]},"UId":"1610734","id":"LFR174","stroke":"#800080","stroke-width":2,"stroke-opacity":0.8,"fill":"#ffb9dc","fill-opacity":0.6},"geometry":{"type":"Polygon","coordinates":[[[7.402778,47.935278],[7.415556,47.9325],[7.404722,47.907222],[7.383333,47.908889],[7.387222,47.915],[7.393611,47.914444],[7.402778,47.935278]]]}},{"type":"Feature","properties":{"name":"172","nameV":"R 172 Upper(2700FT AMSL-1200FT AGL)","class":"R","type":"R","lower":"SFC","lowerM":0,"upper":"2700FT AMSL","upperMax":"1200FT AGL","upperM":822,"desc":"Administrator: 1er régiment de tirailleurs - TEL: 03 29 69 82 37 or 82 19. GAT/OAT: avoidance mandatory throughout activity.","activationCode":"HX","activationDesc":"Possible activation: MON-FRI 0500-2300 except HOL. (SUM -1 HR).","UId":"26372691","id":"LFR172","stroke":"#800080","stroke-width":2,"stroke-opacity":0.8,"fill":"#ffb9dc","fill-opacity":0.6},"geometry":{"type":"Polygon","coordinates":[[[6.502382,48.163611],[6.502304,48.164252],[6.502074,48.164877],[6.501696,48.165469],[6.50118,48.166012],[6.500541,48.166494],[6.499794,48.166901],[6.498958,48.167222],[6.498056,48.16745],[6.497111,48.167579],[6.496148,48.167605],[6.49519,48.167528],[6.494264,48.167349],[6.493392,48.167073],[6.492599,48.166707],[6.491903,48.166262],[6.491324,48.165747],[6.490875,48.165178],[6.49057,48.164567],[6.490415,48.163932],[6.490416,48.163289],[6.49057,48.162654],[6.490876,48.162044],[6.491324,48.161474],[6.491903,48.16096],[6.492599,48.160515],[6.493393,48.160149],[6.494264,48.159873],[6.49519,48.159694],[6.496148,48.159617],[6.497111,48.159643],[6.498056,48.159772],[6.498958,48.16],[6.499793,48.160321],[6.50054,48.160728],[6.50118,48.16121],[6.501695,48.161753],[6.502073,48.162345],[6.502304,48.16297],[6.502382,48.163611]]]}},{"type":"Feature","properties":{"name":"66 A2","nameV":"R 66 A2","class":"R","type":"R","lower":"SFC","lowerM":0,"upper":"FL130","upperM":3962,"desc":"Administrator SOLENZARA APP. GAT and OAT upon SOLENZARA APP 119.9 authorisation. Activity known on : -SOLENZARA APP 119.9 -MARSEILLE ACC/FIC 120.550 -BASTIA APP 123.825 -RAI 119.9 Officier de tir 04.95.38.90.99","activationCode":"HX","activationDesc":"Activable LUN-VEN: H24 Hors activité de la LF-R 66 A1. \\\\ Possible activation MON- FRI: H24 Outside LF-R 66 A1 activity.","UId":"4313497","id":"LFR66A2","stroke":"#800080","stroke-width":2,"stroke-opacity":0.8,"fill":"#ffb9dc","fill-opacity":0.6},"geometry":{"type":"Polygon","coordinates":[[[9.530833,42.189444],[9.542222,42.1925],[9.544167,42.191667],[9.557778,42.192778],[9.616667,42.192778],[9.616667,42.141667],[9.558056,42.141667],[9.553889,42.162778],[9.529167,42.174444],[9.530833,42.189444]]]}},{"type":"Feature","properties":{"name":"20 H4","nameV":"R 20 H4","class":"R","type":"R","lower":"FL065","lowerM":1981,"upper":"FL115","upperM":3505,"desc":"Administrator: AVORD APP. TEL: 02 48 69 25 72 or 02 34 34 71 36. GAT/OAT: with AVORD APP authorization. Follow AVORD APP instructions.","activationCode":"HX","activationDesc":"Activable H24 Activité connue de: AVORD APP ou RAI 119.7 PARIS ACC/FIC BORDEAUX ACC LIMOGES INFO POITIERS INFO SEINE INFO BOURGES AFIS. \\\\Possible activation H24 Activity known on: AVORD APP or RAI 119.7 PARIS ACC/FIC BORDEAUX ACC LIMOGES INFO POITIERS INFO SEINE INFO BOURGES AFIS.","UId":"16474914","id":"LFR20H4","stroke":"#800080","stroke-width":2,"stroke-opacity":0.8,"fill":"#ffb9dc","fill-opacity":0.3},"geometry":{"type":"Polygon","coordinates":[[[1.906667,47.581667],[1.957778,47.566389],[2.091944,47.524722],[2.080556,47.361111],[1.859722,47.141667],[1.813333,47.133056],[1.536111,47.011111],[1.185,47.261667],[1.188056,47.398056],[1.906667,47.581667]]]}},{"type":"Feature","properties":{"name":"24","nameV":"R 24 (SeeNotam)","class":"R","type":"R","lower":"SFC","lowerM":0,"upper":"4500FT AMSL","upperM":1371,"desc":"IFR/VFR/OAT Avoidance mandatory during activity Administrator: RICM POITIERS: 05 49 00 21 08 or permanence RICM 05 49 00 21 43 Activity known on POITIERS INFO 124.0 MHz LIMOGES INFO 124.050 MHz","activationCode":"HX","activationDesc":"From MON 0500 to SAT 2200 Except public HOL SUM:-1HR Other times, activation by NOTAM.","UId":"1566297","id":"LFR24","stroke":"#800080","stroke-width":2,"stroke-opacity":0.8,"fill":"#ffb9dc","fill-opacity":0.6},"geometry":{"type":"Polygon","coordinates":[[[0.911667,46.434722],[0.97,46.444722],[0.992222,46.429722],[0.990278,46.425],[0.976111,46.418056],[0.968889,46.403889],[0.963333,46.398333],[0.952778,46.396389],[0.945556,46.399167],[0.945556,46.399722],[0.944444,46.4],[0.942778,46.402778],[0.936667,46.404444],[0.916111,46.423889],[0.911667,46.434722]]]}},{"type":"Feature","properties":{"name":"31 H","nameV":"R 31 H","class":"R","type":"R","lower":"FL195","lowerM":5943,"upper":"FL999","upperM":30449,"desc":"CAZAUX APP IFR: upon authorisation. Activity known on CAZAUX APP or RAI 119.6, BORDEAUX UAC.","activationCode":"HX","activationDesc":"Possible activation H24.","timeScheduling":{"1":["UTC(01/01->31/12)","ANY(00:00->23:59)"]},"UId":"1563317","id":"LFR31H","stroke":"#800080","stroke-width":2,"stroke-opacity":0.8,"fill":"#ffb9dc","fill-opacity":0.1},"geometry":{"type":"Polygon","coordinates":[[[-1.183333,45.561111],[-0.95,44.75],[-0.892222,44.75],[-0.949722,44.431944],[-1.575,43.754167],[-1.730853,43.72195],[-1.7285,43.735253],[-1.727469,43.741314],[-1.72615,43.747347],[-1.724567,43.753358],[-1.672536,43.934878],[-1.597067,44.205558],[-1.565089,44.372603],[-1.549661,44.466828],[-1.547539,44.506206],[-1.550453,44.521561],[-1.552869,44.546111],[-1.550817,44.570686],[-1.550489,44.591217],[-1.551022,44.593467],[-1.552961,44.602142],[-1.555419,44.616706],[-1.556311,44.631342],[-1.555611,44.645983],[-1.550414,44.697078],[-1.549969,44.700867],[-1.549425,44.704661],[-1.548778,44.708439],[-1.517647,44.875172],[-1.488722,45.094986],[-1.488603,45.095847],[-1.488486,45.096714],[-1.488353,45.097583],[-1.45595,45.312114],[-1.454528,45.356061],[-1.455308,45.40385],[-1.454881,45.417183],[-1.453131,45.430467],[-1.450092,45.443636],[-1.449269,45.446556],[-1.451258,45.466978],[-1.449639,45.491558],[-1.443592,45.515822],[-1.430767724141459,45.561092508588196],[-1.430833,45.561111],[-1.183333,45.561111]]]}},{"type":"Feature","properties":{"name":"34 B","nameV":"R 34 B","class":"R","type":"R","lower":"SFC","lowerM":0,"upper":"3000FT AMSL","upperM":914,"desc":"MARSAN APP IFR/VFR/OAT: upon MARSAN APP authorisation. Activity known on:  - MARSAN APP or RAI 119.700  - PYRENEES INFO 126.525","activationCode":"HX","activationDesc":"Possible activation H24. Exceptional activity SAT and SUN.","timeScheduling":{"1":["UTC(01/01->31/12)","ANY(00:00->23:59)"]},"UId":"1608529","id":"LFR34B","stroke":"#800080","stroke-width":2,"stroke-opacity":0.8,"fill":"#ffb9dc","fill-opacity":0.6},"geometry":{"type":"Polygon","coordinates":[[[-0.253092,43.910839],[-0.254338,43.929337],[-0.25822,43.947645],[-0.264699,43.965568],[-0.273709,43.982916],[-0.285155,43.999504],[-0.298919,44.015156],[-0.314855,44.029705],[-0.332795,44.042996],[-0.352549,44.054887],[-0.373907,44.065251],[-0.396641,44.073979],[-0.42051,44.080975],[-0.445259,44.086166],[-0.470622,44.089496],[-0.49633,44.09093],[-0.522106,44.090452],[-0.547676,44.088067],[-0.572765,44.0838],[-0.597106,44.077698],[-0.620439,44.069826],[-0.642515,44.060267],[-0.663098,44.049124],[-0.68197,44.036516],[-0.69893,44.022578],[-0.7138,44.007457],[-0.726422,43.991316],[-0.736663,43.974325],[-0.744418,43.956666],[-0.749605,43.938527],[-0.752172,43.9201],[-0.752094,43.90158],[-0.749375,43.883164],[-0.744046,43.865047],[-0.736165,43.847421],[-0.725818,43.830471],[-0.713116,43.814378],[-0.698196,43.79931],[-0.681216,43.785427],[-0.662356,43.772874],[-0.641816,43.761785],[-0.619813,43.752276],[-0.59658,43.744447],[-0.57236,43.738379],[-0.54741,43.734138],[-0.52199,43.731767],[-0.496368,43.731292],[-0.470814,43.732717],[-0.445596,43.736027],[-0.420979,43.741188],[-0.397221,43.748146],[-0.374573,43.756827],[-0.353274,43.767139],[-0.333548,43.778976],[-0.315604,43.792211],[-0.299632,43.806705],[-0.285802,43.822307],[-0.274263,43.83885],[-0.265136,43.856161],[-0.258522,43.874056],[-0.254492,43.892347],[-0.253092,43.910839]]]}},{"type":"Feature","properties":{"name":"183","nameV":"R 183","class":"R","type":"R","lower":"SFC","lowerM":0,"upper":"1200FT AMSL","upperM":365,"desc":"GAT IFR/VFR, OAT I, T, V: Avoidance mandatory except for ACFT authorized by LORIENT LANN BIHOUE or with following public assignment: -Defence -Home affairs -Police -Custom -Civil protection -MEDEVAC Exemption request must be submitted to LANN BIHOUE CLA TEL: 02 97 12 90 25 Email: bia.lbh@wanadoo.fr","activationCode":"HX","activationDesc":"Active hors HOR ATS CTR LORIENT \\\\Active outside LORIENT CTR ATS SKED","UId":"1610742","id":"LFR183","stroke":"#800080","stroke-width":2,"stroke-opacity":0.8,"fill":"#ffb9dc","fill-opacity":0.6},"geometry":{"type":"Polygon","coordinates":[[[-3.415224,47.760553],[-3.415543,47.763225],[-3.416496,47.765828],[-3.418058,47.768294],[-3.420189,47.77056],[-3.422833,47.772567],[-3.425922,47.774262],[-3.429375,47.775603],[-3.433105,47.776554],[-3.437013,47.77709],[-3.440998,47.777198],[-3.444957,47.776875],[-3.448788,47.776129],[-3.452392,47.774979],[-3.455674,47.773456],[-3.458549,47.771599],[-3.460944,47.769456],[-3.462797,47.767082],[-3.464058,47.764539],[-3.464697,47.761894],[-3.464695,47.759213],[-3.464055,47.756568],[-3.462791,47.754025],[-3.460937,47.751652],[-3.458541,47.74951],[-3.455666,47.747654],[-3.452385,47.746131],[-3.448783,47.744983],[-3.444954,47.744237],[-3.440997,47.743914],[-3.437014,47.744022],[-3.433109,47.744558],[-3.429382,47.745508],[-3.425929,47.746848],[-3.422841,47.748543],[-3.420197,47.750549],[-3.418065,47.752814],[-3.416501,47.755279],[-3.415546,47.757882],[-3.415224,47.760553]]]}},{"type":"Feature","properties":{"name":"185","nameV":"R 185 (SeeNotam)","class":"R","type":"R","lower":"SFC","lowerM":0,"upper":"6000FT AMSL","upperM":1828,"desc":"GAT/OAT avoidance mandatory during activity. Administrator: 27 ème BCA. Officier de tir: TEL: 04 50 33 46 13","activationCode":"NOTAM","activationDesc":"Activable par NOTAM: MON, WED: 0600-SS (SUM-1HR) TUE, THU: 0600-2400 (SUM-1HR). 1 samedi par mois sauf HOL. \\\\Activation by NOTAM: MON, WED: 0600- SS (SUM-1HR) TUE, THU: 0600- 2400 (SUM -1HR). 1 SAT per month except HOL.","timeScheduling":{"1":["UTCW(01/01->31/12)","TUE(06:00->23:59)"],"2":["UTCW(01/01->31/12)","WED(06:00->SS)"],"3":["UTCW(01/01->31/12)","MON(06:00->SS)"],"4":["UTCW(01/01->31/12)","THU(06:00->23:59)"]},"UId":"1613170","id":"LFR185","stroke":"#800080","stroke-width":2,"stroke-opacity":0.8,"fill":"#ffb9dc","fill-opacity":0.6},"geometry":{"type":"Polygon","coordinates":[[[6.113763,45.866667],[6.113646,45.867676],[6.113298,45.86866],[6.112727,45.869592],[6.11195,45.870449],[6.110985,45.871207],[6.109858,45.871848],[6.108598,45.872354],[6.107238,45.872714],[6.105812,45.872916],[6.104358,45.872957],[6.102913,45.872835],[6.101516,45.872553],[6.100201,45.872119],[6.099004,45.871543],[6.097954,45.870841],[6.097081,45.870031],[6.096404,45.869134],[6.095944,45.868173],[6.095711,45.867173],[6.095711,45.86616],[6.095944,45.86516],[6.096405,45.864199],[6.097081,45.863302],[6.097956,45.862492],[6.099005,45.861791],[6.100202,45.861215],[6.101516,45.860781],[6.102914,45.860499],[6.104358,45.860377],[6.105812,45.860418],[6.107237,45.86062],[6.108597,45.860979],[6.109857,45.861486],[6.110984,45.862127],[6.111949,45.862885],[6.112727,45.863741],[6.113297,45.864673],[6.113645,45.865657],[6.113763,45.866667]]]}},{"type":"Feature","properties":{"name":"188","nameV":"R 188","class":"R","type":"R","lower":"SFC","lowerM":0,"upper":"500FT AGL","ordinalUpperM":152,"upperM":152,"groundEstimatedHeight":[0,0,0,0],"desc":"Administrator EADS. Technical manager: 06 86 06 07 41 IFR/VFR: Avoidance mandatory throughout activity. Activitt known on RAI tel: 06 31 02 41 74","activationCode":"HO","activationDesc":"Activable de SR à SS. Hors horaires activité réelle LF D 227B. \\\\Activation from SR to SS. Outside LF-D 227B activity.","UId":"1566301","id":"LFR188","stroke":"#800080","stroke-width":2,"stroke-opacity":0.8,"fill":"#ffb9dc","fill-opacity":0.6},"geometry":{"type":"Polygon","coordinates":[[[1.602505,48.831388],[1.602293,48.833119],[1.601662,48.834805],[1.600629,48.836403],[1.599219,48.837871],[1.597469,48.839172],[1.595426,48.84027],[1.59314,48.841139],[1.590673,48.841755],[1.588088,48.842102],[1.585451,48.842172],[1.582831,48.841963],[1.580296,48.841479],[1.577912,48.840735],[1.575741,48.839748],[1.573838,48.838545],[1.572253,48.837156],[1.571027,48.835618],[1.570192,48.833971],[1.56977,48.832256],[1.56977,48.830519],[1.570194,48.828805],[1.57103,48.827158],[1.572256,48.82562],[1.573842,48.824232],[1.575744,48.823029],[1.577915,48.822043],[1.580299,48.821298],[1.582832,48.820815],[1.585451,48.820606],[1.588087,48.820676],[1.590671,48.821023],[1.593138,48.821639],[1.595422,48.822507],[1.597466,48.823605],[1.599215,48.824905],[1.600626,48.826373],[1.60166,48.827971],[1.602292,48.829657],[1.602505,48.831388]]]}},{"type":"Feature","properties":{"name":"190 B","nameV":"R 190 B","class":"R","type":"R","lower":"SFC","lowerM":0,"upper":"8300FT AMSL","upperM":2529,"desc":"Administrator: 2ème REI, camp des Garrigues. GAT/OAT: Avoidance mandatory throughout activity. Activity schedule available on: Officier de tirs TEL: 04 66 02 50 01. Activity known on: GARONS TWR RHONE CTL CAMARGUE CTL MONTPELLIER APP MONTPELLIER INFO","activationCode":"HX","activationDesc":"Activation H24 except SUN and HOL.","UId":"1610754","id":"LFR190B","stroke":"#800080","stroke-width":2,"stroke-opacity":0.8,"fill":"#ffb9dc","fill-opacity":0.6},"geometry":{"type":"Polygon","coordinates":[[[4.387778,43.9175],[4.393333,43.8975],[4.376111,43.880278],[4.315278,43.875833],[4.300278,43.891111],[4.311944,43.912222],[4.323056,43.919167],[4.333611,43.913611],[4.366944,43.927778],[4.379722,43.938333],[4.391389,43.924444],[4.387778,43.9175]]]}},{"type":"Feature","properties":{"name":"190 C","nameV":"R 190 C","class":"R","type":"R","lower":"SFC","lowerM":0,"upper":"FL195","upperM":5943,"desc":"Administrator: 2ème REI, camp des Garrigues. GAT/OAT: Avoidance mandatory throughout activity. Activity schedule available on: Officier de tirs TEL: 04 66 02 50 01. Activity known on: GARONS TWR RHONE CTL CAMARGUE CTL MONTPELLIER APP MONTPELLIER INFO","activationCode":"HX","activationDesc":"Activation H24 except SUN and HOL.","UId":"1610756","id":"LFR190C","stroke":"#800080","stroke-width":2,"stroke-opacity":0.8,"fill":"#ffb9dc","fill-opacity":0.6},"geometry":{"type":"Polygon","coordinates":[[[4.387778,43.9175],[4.393333,43.8975],[4.376111,43.880278],[4.315278,43.875833],[4.300278,43.891111],[4.311944,43.912222],[4.323056,43.919167],[4.333611,43.913611],[4.366944,43.927778],[4.379722,43.938333],[4.391389,43.924444],[4.387778,43.9175]]]}},{"type":"Feature","properties":{"name":"228 A","nameV":"R 228 A","class":"R","type":"R","lower":"SFC","lowerM":0,"upper":"6500FT AMSL","upperM":1981,"desc":"Administrator: 16st BC GAT: avoidance mandatory throughout activity. OAT: upon PC tir authorization Actual activity known on: - STRASBOURG APP -Officier tir du camp: 03 87 06 33 91","activationCode":"H24","activationDesc":"Possible activation H24","UId":"1565369","id":"LFR228A","stroke":"#800080","stroke-width":2,"stroke-opacity":0.8,"fill":"#ffb9dc","fill-opacity":0.6},"geometry":{"type":"Polygon","coordinates":[[[7.529468786429067,49.10166142405453],[7.528444,49.097106],[7.537789,49.096436],[7.535633,49.093683],[7.549836,49.085839],[7.561077787654157,49.08130662245407],[7.561111,49.081389],[7.561265,49.081381],[7.565073,49.0754],[7.567528,49.069123],[7.56858,49.062679],[7.568207,49.056203],[7.566418,49.04983],[7.563251,49.043691],[7.558771,49.037915],[7.553072,49.03262],[7.546272,49.027917],[7.538513,49.023903],[7.529956,49.020662],[7.520778,49.01826],[7.51117,49.016747],[7.501331,49.016155],[7.491463,49.016497],[7.481773,49.017764],[7.47246,49.01993],[7.463718,49.022952],[7.455728,49.026765],[7.448656,49.031292],[7.442648,49.036438],[7.437829,49.042096],[7.434301,49.04815],[7.432136,49.054473],[7.43138,49.060934],[7.432049,49.067399],[7.434131,49.073735],[7.437581,49.079808],[7.44233,49.085493],[7.448278,49.090672],[7.455303,49.095237],[7.463257,49.099092],[7.471977,49.102158],[7.48128,49.104371],[7.490973,49.105685],[7.500855,49.106071],[7.510718,49.105524],[7.520358,49.104052],[7.529574,49.101689],[7.529468786429067,49.10166142405453]]]}},{"type":"Feature","properties":{"name":"228 B","nameV":"R 228 B (SeeNotam)","class":"R","type":"R","lower":"6500FT AMSL","lowerM":1981,"upper":"FL165","upperM":5029,"desc":"Administrator: 16st BC. GAT, OAT: avoidance mandatory throughout actual activity. Actual activity known on: - STRASBOURG APP - Officier tir du camp: 03 87 06 33 91","activationCode":"NOTAM","activationDesc":"Possible activation by NOTAM from MON 0100 to SAT 1100 (SUM - 1 HR) Except public HOL.","timeScheduling":{"1":["UTCW(01/01->31/12)","WD(01:00->11:00)"],"2":["UTCW(01/01->31/12)","SAT(01:00->11:00)"]},"UId":"1565367","id":"LFR228B","stroke":"#800080","stroke-width":2,"stroke-opacity":0.8,"fill":"#ffb9dc","fill-opacity":0.3},"geometry":{"type":"Polygon","coordinates":[[[7.529468786429067,49.10166142405453],[7.528444,49.097106],[7.537789,49.096436],[7.535633,49.093683],[7.549836,49.085839],[7.561077787654157,49.08130662245407],[7.561111,49.081389],[7.561265,49.081381],[7.565073,49.0754],[7.567528,49.069123],[7.56858,49.062679],[7.568207,49.056203],[7.566418,49.04983],[7.563251,49.043691],[7.558771,49.037915],[7.553072,49.03262],[7.546272,49.027917],[7.538513,49.023903],[7.529956,49.020662],[7.520778,49.01826],[7.51117,49.016747],[7.501331,49.016155],[7.491463,49.016497],[7.481773,49.017764],[7.47246,49.01993],[7.463718,49.022952],[7.455728,49.026765],[7.448656,49.031292],[7.442648,49.036438],[7.437829,49.042096],[7.434301,49.04815],[7.432136,49.054473],[7.43138,49.060934],[7.432049,49.067399],[7.434131,49.073735],[7.437581,49.079808],[7.44233,49.085493],[7.448278,49.090672],[7.455303,49.095237],[7.463257,49.099092],[7.471977,49.102158],[7.48128,49.104371],[7.490973,49.105685],[7.500855,49.106071],[7.510718,49.105524],[7.520358,49.104052],[7.529574,49.101689],[7.529468786429067,49.10166142405453]]]}},{"type":"Feature","properties":{"name":"34 C","nameV":"R 34 C","class":"R","type":"R","lower":"1000FT AGL","ordinalLowerM":304,"lowerM":304,"upper":"3000FT AMSL","upperM":914,"groundEstimatedHeight":[0,0,0,0],"desc":"MARSAN APP IFR/VFR/OAT: upon MARSAN APP authorisation. Activity known on:  - MARSAN APP or RAI 119.700 - PYRENEES INFO 126.525 Lower limit 1650 ft ASFC within a circle of radius 2 NM, centred on AD NOGARO. Except for LF-R 267 A, B when active.","activationCode":"HX","activationDesc":"Possible activation H24. Exceptional activity SAT and SUN.","timeScheduling":{"1":["UTC(01/01->31/12)","ANY(00:00->23:59)"]},"UId":"1563297","id":"LFR34C","stroke":"#800080","stroke-width":2,"stroke-opacity":0.8,"fill":"#ffb9dc","fill-opacity":0.3},"geometry":{"type":"Polygon","coordinates":[[[-0.502778,44.091111],[-0.1,44.108333],[0.066667,44.114167],[0.227778,43.755833],[-0.468022,43.732861],[-0.467928,43.733005],[-0.455848,43.734455],[-0.44388,43.736331],[-0.432053,43.738628],[-0.420395,43.741342],[-0.408936,43.744466],[-0.397702,43.747992],[-0.38672,43.751911],[-0.376016,43.756216],[-0.365617,43.760894],[-0.355547,43.765935],[-0.345832,43.771326],[-0.336493,43.777056],[-0.327554,43.783109],[-0.319036,43.789472],[-0.31096,43.796129],[-0.303346,43.803064],[-0.296212,43.81026],[-0.289575,43.817701],[-0.283452,43.825368],[-0.277857,43.833242],[-0.272804,43.841305],[-0.268306,43.849538],[-0.264374,43.85792],[-0.261017,43.866431],[-0.258243,43.875051],[-0.256061,43.883758],[-0.254475,43.892533],[-0.253489,43.901353],[-0.253106,43.910197],[-0.253327,43.919044],[-0.254152,43.927873],[-0.255579,43.936662],[-0.257605,43.945389],[-0.260226,43.954034],[-0.263435,43.962576],[-0.267225,43.970994],[-0.271586,43.979267],[-0.276509,43.987376],[-0.281981,43.9953],[-0.28799,44.003021],[-0.294522,44.01052],[-0.301559,44.017778],[-0.309087,44.024778],[-0.317085,44.031502],[-0.325536,44.037936],[-0.334419,44.044061],[-0.343712,44.049865],[-0.353392,44.055333],[-0.363437,44.060451],[-0.373821,44.065206],[-0.38452,44.069588],[-0.395507,44.073586],[-0.406757,44.077189],[-0.41824,44.08039],[-0.42993,44.083179],[-0.441797,44.085552],[-0.453814,44.087501],[-0.46595,44.089021],[-0.478176,44.09011],[-0.490462,44.090764],[-0.502778,44.090983],[-0.502778,44.091111]]]}},{"type":"Feature","properties":{"name":"34 D","nameV":"R 34 D","class":"R","type":"R","lower":"1650FT AMSL","lowerM":502,"upper":"4500FT AMSL","upperM":1371,"desc":"MARSAN APP IFR: upon authorisation. VFR/OAT: upon MARSAN APP authorisation. Activity known on: MARSAN APP or RAI 119.7 PYRENEES INFO BIARRITZ INFO.","activationCode":"HX","activationDesc":"Possible activation H24. Exceptional activity SAT and SUN.","timeScheduling":{"1":["UTC(01/01->31/12)","ANY(00:00->23:59)"]},"UId":"1563293","id":"LFR34D","stroke":"#800080","stroke-width":2,"stroke-opacity":0.8,"fill":"#ffb9dc","fill-opacity":0.3},"geometry":{"type":"Polygon","coordinates":[[[-0.502778,44.091111],[-0.515833,44.091111],[-0.858333,44.075],[-0.883333,44.0],[-0.890833,43.894167],[-0.655556,43.769444],[-0.656096,43.769439],[-0.663943,43.774041],[-0.671526,43.778869],[-0.678833,43.783915],[-0.685851,43.789171],[-0.692569,43.794627],[-0.698975,43.800276],[-0.70506,43.806107],[-0.710813,43.812112],[-0.716224,43.81828],[-0.721285,43.824601],[-0.725986,43.831065],[-0.730321,43.837661],[-0.734282,43.844379],[-0.737863,43.851207],[-0.741056,43.858134],[-0.743858,43.865149],[-0.746262,43.87224],[-0.748266,43.879396],[-0.749866,43.886604],[-0.751058,43.893853],[-0.751841,43.901132],[-0.752213,43.908427],[-0.752174,43.915727],[-0.751723,43.923019],[-0.750862,43.930293],[-0.74959,43.937535],[-0.747911,43.944734],[-0.745827,43.951878],[-0.743341,43.958956],[-0.740457,43.965954],[-0.73718,43.972863],[-0.733515,43.979669],[-0.729468,43.986363],[-0.725045,43.992934],[-0.720255,43.999369],[-0.715104,44.005659],[-0.709601,44.011792],[-0.703755,44.01776],[-0.697575,44.023552],[-0.691073,44.029158],[-0.684258,44.034569],[-0.677141,44.039777],[-0.669736,44.044772],[-0.662052,44.049546],[-0.654105,44.054091],[-0.645905,44.0584],[-0.637468,44.062466],[-0.628807,44.066281],[-0.619936,44.06984],[-0.610871,44.073136],[-0.601625,44.076165],[-0.592216,44.07892],[-0.582657,44.081398],[-0.572965,44.083594],[-0.563157,44.085505],[-0.553248,44.087127],[-0.543255,44.088458],[-0.533195,44.089495],[-0.523084,44.090238],[-0.51294,44.090684],[-0.502778,44.090832],[-0.502778,44.091111]]]}},{"type":"Feature","properties":{"name":"61 H","nameV":"R 61 H","class":"R","type":"R","lower":"FL195","lowerM":5943,"upper":"FL999","upperM":30449,"desc":"CCER BORDEAUX IFR: entry upon authorisation, follow UAC instructions. Not AMC-manageable.","activationCode":"HX","activationDesc":"Possible activation H24 Activity known on BORDEAUX UAC and BREST UAC.","timeScheduling":{"1":["UTC(01/01->31/12)","ANY(00:00->23:59)"]},"UId":"1566443","id":"LFR61H","stroke":"#800080","stroke-width":2,"stroke-opacity":0.8,"fill":"#ffb9dc","fill-opacity":0.1},"geometry":{"type":"Polygon","coordinates":[[[-1.633333,46.5],[-1.431111,46.5],[-0.909444,46.046111],[-0.487778,45.555556],[-0.892222,44.75],[-0.95,44.75],[-1.183333,45.561111],[-1.933333,45.561111],[-1.891111,45.683333],[-1.633333,46.5]]]}},{"type":"Feature","properties":{"name":"234 A","nameV":"R 234 A","class":"R","type":"R","lower":"SFC","lowerM":0,"upper":"2000FT AMSL","upperM":609,"desc":"Administrator: DGA SITE DE TOURRIS. TEL: 04 22 43 80 08 / 80 07 / 80 13. GAT/OAT: avoidance mandatory.","activationCode":"H24","activationDesc":"H24.","UId":"11047920","id":"LFR234A","stroke":"#800080","stroke-width":2,"stroke-opacity":0.8,"fill":"#ffb9dc","fill-opacity":0.6},"geometry":{"type":"Polygon","coordinates":[[[6.010833,43.191389],[5.984167,43.161667],[5.984169,43.161686],[5.980854,43.161753],[5.977569,43.162089],[5.974356,43.162691],[5.971255,43.16355],[5.968304,43.164656],[5.965541,43.165995],[5.963,43.16755],[5.960713,43.169302],[5.958708,43.17123],[5.95701,43.173308],[5.95564,43.175512],[5.954616,43.177813],[5.95395,43.180184],[5.953651,43.182593],[5.953723,43.185012],[5.954164,43.18741],[5.954969,43.189757],[5.956129,43.192025],[5.957628,43.194183],[5.959448,43.196206],[5.961567,43.198069],[5.963957,43.199747],[5.96659,43.201221],[5.969432,43.202471],[5.972447,43.203482],[5.975599,43.204242],[5.978847,43.20474],[5.982151,43.204972],[5.98547,43.204933],[5.988762,43.204624],[5.991986,43.204049],[5.995103,43.203216],[5.998072,43.202135],[6.000857,43.200819],[6.003423,43.199284],[6.005738,43.19755],[6.007773,43.195639],[6.009503,43.193574],[6.010907,43.191382],[6.010833,43.191389]]]}},{"type":"Feature","properties":{"name":"234 B","nameV":"R 234 B","class":"R","type":"R","lower":"2000FT AMSL","lowerM":609,"upper":"5000FT AMSL","upperM":1524,"desc":"Administrator: DGA SITE DE TOURRIS. TEL: 04 22 43 80 08 / 80 07 / 80 13. GAT/OAT: avoidance mandatory.","activationCode":"HX","activationDesc":"Possible activation: - 0600-1500 (SUM: - 1HR) - from 1st OCT to 31st MAY: MON-THU except HOL","UId":"11047929","id":"LFR234B","stroke":"#800080","stroke-width":2,"stroke-opacity":0.8,"fill":"#ffb9dc","fill-opacity":0.3},"geometry":{"type":"Polygon","coordinates":[[[6.010833,43.191389],[5.984167,43.161667],[5.984169,43.161686],[5.980854,43.161753],[5.977569,43.162089],[5.974356,43.162691],[5.971255,43.16355],[5.968304,43.164656],[5.965541,43.165995],[5.963,43.16755],[5.960713,43.169302],[5.958708,43.17123],[5.95701,43.173308],[5.95564,43.175512],[5.954616,43.177813],[5.95395,43.180184],[5.953651,43.182593],[5.953723,43.185012],[5.954164,43.18741],[5.954969,43.189757],[5.956129,43.192025],[5.957628,43.194183],[5.959448,43.196206],[5.961567,43.198069],[5.963957,43.199747],[5.96659,43.201221],[5.969432,43.202471],[5.972447,43.203482],[5.975599,43.204242],[5.978847,43.20474],[5.982151,43.204972],[5.98547,43.204933],[5.988762,43.204624],[5.991986,43.204049],[5.995103,43.203216],[5.998072,43.202135],[6.000857,43.200819],[6.003423,43.199284],[6.005738,43.19755],[6.007773,43.195639],[6.009503,43.193574],[6.010907,43.191382],[6.010833,43.191389]]]}},{"type":"Feature","properties":{"name":"246","nameV":"R 246","class":"R","type":"R","lower":"SFC","lowerM":0,"upper":"5300FT AMSL","upperM":1615,"desc":"GAT: Avoidance mandatory throughout activity OAT: upon administrator authorisation. Administrator: 8ème RPIMa: 05 63 51 43 24. Activity known on: - CASTRES INFO 118.5 MHz  - TOULOUSE INFO 121.250 MHz","activationCode":"H24","UId":"1564967","id":"LFR246","stroke":"#800080","stroke-width":2,"stroke-opacity":0.8,"fill":"#ffb9dc","fill-opacity":0.6},"geometry":{"type":"Polygon","coordinates":[[[2.298611,43.563889],[2.35,43.54],[2.347222,43.523611],[2.290278,43.558333],[2.298611,43.563889]]]}},{"type":"Feature","properties":{"name":"116","nameV":"R 116","class":"R","type":"R","lower":"SFC","lowerM":0,"upper":"9400FT AMSL","upperM":2865,"desc":"Administrator: Centre national d'entrainement commando - 1 CHOC. Firing officer - 1 Choc: 04 68 06 45 83. GAT: avoidance mandatory during activity. OAT: entry with authorisation from administrator.","activationCode":"HX","activationDesc":"Activation: From 16th of JAN to 14th of DEC: MON, TUE, THU, FRI: 0500-2300 (SUM -1HR).","UId":"27272676","id":"LFR116","stroke":"#800080","stroke-width":2,"stroke-opacity":0.8,"fill":"#ffb9dc","fill-opacity":0.6},"geometry":{"type":"Polygon","coordinates":[[[2.175278,42.552778],[2.188333,42.529722],[2.151667,42.520278],[2.143056,42.522778],[2.140556,42.525],[2.144444,42.5375],[2.150278,42.5425],[2.175278,42.552778]]]}},{"type":"Feature","properties":{"name":"331","nameV":"R 331","class":"R","type":"R","lower":"SFC","lowerM":0,"upper":"FL085","upperM":2590,"desc":"Administrator: 13ème Bataillon de Chasseurs Alpins. GAT: avoidance mandatory during activity. OAT: avoidance mandatory except aircraft authorized by administrator. Activity known by: - 13ème BCA firing division, TEL: 04 79 71 22 21 - 13ème BCA on-call duty, TEL: 04 79 71 22 59","activationCode":"HX","activationDesc":"Activable: - 01/10-30/04: H24 - 01/05-30/09: MAR-JEU 0600-1000, 1200-1700, CS-LS Possible activation: - 01/10-30/04: H24 - 01/05-30/09: TUE-THU 0600-1000, 1200-1700, SS-SR","UId":"25090681","id":"LFR331","stroke":"#800080","stroke-width":2,"stroke-opacity":0.8,"fill":"#ffb9dc","fill-opacity":0.6},"geometry":{"type":"Polygon","coordinates":[[[6.7525,45.614444],[6.75,45.613333],[6.720556,45.610833],[6.6775,45.632222],[6.748333,45.632222],[6.751944,45.623333],[6.7525,45.614444]]]}},{"type":"Feature","properties":{"name":"332 A","nameV":"R 332 A","class":"R","type":"R","lower":"SFC","lowerM":0,"upper":"FL115","upperM":3505,"desc":"Administrator: 13ème Bataillon de Chasseurs Alpins. GAT: avoidance mandatory during activity. OAT: avoidance mandatory except aircraft authorized by administrator. Activity known by: - 13ème BCA firing division, TEL: 04 79 71 22 21 - 13ème BCA on-call duty, TEL: 04 79 71 22 59","activationCode":"HX","activationDesc":"Activable: - 15/05-15/07: LS-CS - 16/08-30/11: LS-CS - sauf WE et JF. Possible activation: - 15/05-15/07: SR-SS - 16/08-30/11: SR-SS - except WE and public HOL. ","UId":"25090693","id":"LFR332A","stroke":"#800080","stroke-width":2,"stroke-opacity":0.8,"fill":"#ffb9dc","fill-opacity":0.6},"geometry":{"type":"Polygon","coordinates":[[[6.6775,45.632222],[6.633333,45.659167],[6.695,45.6875],[6.712778,45.697778],[6.745,45.673889],[6.748611,45.645278],[6.745,45.638333],[6.748333,45.632222],[6.6775,45.632222]]]}},{"type":"Feature","properties":{"name":"73","nameV":"R 73","class":"R","type":"R","lower":"SFC","lowerM":0,"upper":"1650FT AGL","ordinalUpperM":502,"upperM":502,"groundEstimatedHeight":[0,0,0,0],"desc":"Administrator: NIL CAG: Avoidance mandatory.","activationCode":"H24","UId":"1566481","id":"LFR73","stroke":"#800080","stroke-width":2,"stroke-opacity":0.8,"fill":"#ffb9dc","fill-opacity":0.6},"geometry":{"type":"Polygon","coordinates":[[[3.00996,42.79361],[3.009813,42.794946],[3.009376,42.796248],[3.00866,42.797481],[3.007684,42.798613],[3.006473,42.799617],[3.005058,42.800464],[3.003477,42.801135],[3.001769,42.80161],[2.999979,42.801878],[2.998154,42.801932],[2.996341,42.80177],[2.994586,42.801397],[2.992936,42.800823],[2.991433,42.800061],[2.990116,42.799133],[2.989019,42.798061],[2.98817,42.796875],[2.987592,42.795603],[2.987299,42.794281],[2.987299,42.79294],[2.987592,42.791618],[2.988171,42.790346],[2.98902,42.78916],[2.990117,42.788088],[2.991434,42.78716],[2.992937,42.786399],[2.994587,42.785824],[2.996341,42.785452],[2.998154,42.78529],[2.999979,42.785344],[3.001768,42.785612],[3.003475,42.786087],[3.005057,42.786757],[3.006472,42.787605],[3.007683,42.788608],[3.008659,42.78974],[3.009375,42.790973],[3.009812,42.792275],[3.00996,42.79361]]]}},{"type":"Feature","properties":{"name":"264","nameV":"R 264 Upper(2000FT AMSL-1700FT AGL)","class":"R","type":"R","lower":"SFC","lowerM":0,"upper":"2000FT AMSL","upperMax":"1700FT AGL","upperM":609,"desc":"GAT/OAT: Avoidance mandatory throughout activity Administrator: Creil Air Force base. TEL: 03 65 36 69 19 Activity known of Creil Air Force base and Paris Info.","activationCode":"HO","activationDesc":"Possible activation: MON - FRI: 0500-2300 SUM: -1 HR","UId":"17782478","id":"LFR264","stroke":"#800080","stroke-width":2,"stroke-opacity":0.8,"fill":"#ffb9dc","fill-opacity":0.6},"geometry":{"type":"Polygon","coordinates":[[[2.611197,49.176606],[2.616814,49.177672],[2.6232,49.178122],[2.641419,49.174017],[2.632358,49.162133],[2.616408,49.169342],[2.613186,49.1729],[2.611197,49.176606]]]}},{"type":"Feature","properties":{"name":"276","nameV":"R 276 (SeeNotam)","class":"R","type":"R","lower":"SFC","lowerM":0,"upper":"FL060","upperM":1828,"desc":"Administrator: SALON APP Avoidance mandatory. Actual activity known on: - SALON TWR - PROVENCE INFO - MARSEILLE INFO - AIX TWR","activationCode":"HX","activationDesc":"Possible activation: MON-FRI 0830-0945, 1125-1240, 1440-1555 Outside these SKED: possible activation by NOTAM SUM: - 1HR","UId":"13555250","id":"LFR276","stroke":"#800080","stroke-width":2,"stroke-opacity":0.8,"fill":"#ffb9dc","fill-opacity":0.6},"geometry":{"type":"Polygon","coordinates":[[[5.094328,43.546103],[5.317211,43.587503],[5.364458,43.610767],[5.356286,43.707586],[5.273889,43.710278],[5.000278,43.710556],[5.033333,43.65],[5.054167,43.581944],[5.094328,43.546103]]]}},{"type":"Feature","properties":{"name":"281","nameV":"R 281","class":"R","type":"R","lower":"SFC","lowerM":0,"upper":"1500FT AMSL","upperM":457,"desc":"GAT/OAT: avoidance mandatory except for ACFT OAT coordonated with CIRP. Administrator: CIRP Excluding LF-R268 CERCOTTES when active Actual activity known on: BRICY APP (activité transfered by RAIZ outside ATS SKED) SEINE INFO during ATS SKED PARIS INFO","activationCode":"HX","activationDesc":"Possible activation H24","UId":"23812800","id":"LFR281","stroke":"#800080","stroke-width":2,"stroke-opacity":0.8,"fill":"#ffb9dc","fill-opacity":0.6},"geometry":{"type":"Polygon","coordinates":[[[1.866667,48.013611],[1.991111,48.018611],[1.991229,48.018601],[1.991363,48.016723],[1.991434,48.014843],[1.991441,48.012963],[1.991386,48.011083],[1.991267,48.009205],[1.991084,48.007329],[1.990839,48.005456],[1.990531,48.003587],[1.99016,48.001724],[1.989726,47.999866],[1.98923,47.998016],[1.988672,47.996173],[1.988052,47.994339],[1.98737,47.992515],[1.986628,47.990702],[1.985824,47.988901],[1.984961,47.987112],[1.984037,47.985336],[1.983054,47.983575],[1.982012,47.981829],[1.980911,47.980099],[1.979753,47.978387],[1.978537,47.976692],[1.977265,47.975016],[1.975937,47.973359],[1.974553,47.971723],[1.973115,47.970108],[1.971623,47.968515],[1.970078,47.966946],[1.96848,47.965399],[1.966831,47.963878],[1.965132,47.962381],[1.963382,47.960911],[1.961584,47.959467],[1.959738,47.958051],[1.957844,47.956662],[1.955905,47.955303],[1.95392,47.953973],[1.951892,47.952674],[1.94982,47.951405],[1.947706,47.950168],[1.945551,47.948963],[1.943357,47.947791],[1.941123,47.946653],[1.938852,47.945548],[1.936545,47.944477],[1.934202,47.943442],[1.931825,47.942442],[1.929415,47.941479],[1.926973,47.940552],[1.924501,47.939662],[1.922,47.938809],[1.919471,47.937994],[1.916915,47.937218],[1.914334,47.93648],[1.911729,47.935782],[1.9091,47.935122],[1.908889,47.935278],[1.908889,47.935278],[1.866667,48.013611]]]}},{"type":"Feature","properties":{"name":"77 A","nameV":"R 77 A","class":"R","type":"R","lower":"SFC","lowerM":0,"upper":"1700FT AMSL","upperM":518,"desc":"Administrator: ESCA SALON Actual activity known on: - SALON APP or announced on RAI 135.150 MHz - PROVENCE APP/INFO: 132.3 / 124.350 MHz GAT: entry upon authorization; follow instructions of SALON APP","activationCode":"HX","activationDesc":"Possible activation: 0500-2359 SUM: -1HR","UId":"21372739","id":"LFR77A","stroke":"#800080","stroke-width":2,"stroke-opacity":0.8,"fill":"#ffb9dc","fill-opacity":0.6},"geometry":{"type":"Polygon","coordinates":[[[4.966667,43.772222],[4.9725,43.802778],[5.220833,43.861111],[5.273889,43.710278],[5.000278,43.710556],[4.966667,43.772222]]]}},{"type":"Feature","properties":{"name":"9 H3","nameV":"R 9 H3","class":"R","type":"R","lower":"FL195","lowerM":5943,"upper":"FL525","upperM":16002,"desc":"Administrator: DGA Techniques Terrestres Bourges (PC TIR) Tel: 02 48 27 65 00 - 02 48 25 00 29. IFR/VFR: Avoidance mandatory during activity. Not AMC-manageable.","activationCode":"HX","activationDesc":"Activable: LUN-VEN sauf JF: 0600-1130, 1230-1730, 1900-0100. ETE:-1HR. Activité connue de: AVORD APP 119.7 (HOR ATS) PARIS ACC BORDEAUX UAC. \\\\Possible activation: MON-FRI except public HOL: 0600-1130, 1230-1730, 1900-0100.SUM: -1HR. Activity known on: AVORD APP 119.7 (ATS SKED) PARIS ACC BORDEAUX UAC.","timeScheduling":{"1":["UTCW(01/01->31/12)","SAT(00:00->01:00)"],"2":["UTCW(01/01->31/12)","WD(19:00->23:59)"],"3":["UTCW(01/01->31/12)","WD(12:30->17:30)"],"4":["UTCW(01/01->31/12)","WD(06:00->11:30)"]},"UId":"1609857","id":"LFR9H3","stroke":"#800080","stroke-width":2,"stroke-opacity":0.8,"fill":"#ffb9dc","fill-opacity":0.1},"geometry":{"type":"Polygon","coordinates":[[[2.446667,47.081389],[2.583333,47.040833],[2.652222,47.031944],[2.733889,47.012222],[2.729722,46.995556],[2.800556,46.965],[2.7875,46.940556],[2.563333,47.015556],[2.553333,47.005278],[2.4925,47.026389],[2.446667,47.051667],[2.446667,47.081389]]]}},{"type":"Feature","properties":{"name":"217 /1.2","nameV":"R 217 /1.2","class":"R","type":"R","lower":"SFC","lowerM":0,"upper":"3000FT AMSL","upperM":914,"desc":"Administrator: CMC Istres. Airspace defined except for the interfering part of LF-R 269 FLYBOARD-AIR when active. Airspace shared with CTR ISTRES part 1.2 (see AIP AD 2 LFMI.17). GAT VFR /OAT V: entry with authorization from CAMARGUE CONTROL 127.925 MHz. GAT IFR /OAT I and T: entry with authorization from control. Activity known on CAMARGUE Control or announced by RAI 127.925 MHz.","activationCode":"HX","activationDesc":"Activable H24.","timeScheduling":{"1":["UTC(01/01->31/12)","ANY(00:00->23:59)"]},"UId":"1565885","id":"LFR21720","stroke":"#800080","stroke-width":2,"stroke-opacity":0.8,"fill":"#ffb9dc","fill-opacity":0.6},"geometry":{"type":"Polygon","coordinates":[[[5.0525,43.387222],[5.179722,43.252778],[5.036389,43.252778],[5.0525,43.387222]]]}},{"type":"Feature","properties":{"name":"217 /1.3","nameV":"R 217 /1.3","class":"R","type":"R","lower":"SFC","lowerM":0,"upper":"2100FT AMSL","upperM":640,"desc":"Administrator: CMC Istres. Airspace shared with CTR ISTRES part 1.3 (see AIP AD 2 LFMI.17). GAT VFR /OAT V: entry with authorization from CAMARGUE CONTROL 127.925 MHz. GAT IFR /OAT I and T: entry with authorization from control. Activity known on CAMARGUE Control or announced by RAI 127.925 MHz.","activationCode":"HX","activationDesc":"Activable H24.","timeScheduling":{"1":["UTC(01/01->31/12)","ANY(00:00->23:59)"]},"UId":"1610750","id":"LFR21730","stroke":"#800080","stroke-width":2,"stroke-opacity":0.8,"fill":"#ffb9dc","fill-opacity":0.6},"geometry":{"type":"Polygon","coordinates":[[[5.031111,43.523611],[5.058333,43.4],[5.091389,43.346111],[5.0525,43.387222],[5.030556,43.4125],[5.031111,43.523611]]]}},{"type":"Feature","properties":{"name":"217 /2","nameV":"R 217 /2","class":"R","type":"R","lower":"2000FT AMSL","lowerM":609,"upper":"FL195","upperM":5943,"desc":"Administrator: CMC Istres. Airspace defined except for the interfering parts of LF-R 217/1, R 217/3 RHONE and LF-R 108 C when active. Airspace shared with CTA RHONE part 2 (see AIP ENR 2.1). GAT VFR / OAT V: upon CAMARGUE CONTROLE authorization 127.925 MHz. GAT IFR: upon authorization according to protocol. OAT I and T: upon control authorization. Activity known on CAMARGUE Control or announced by RAI 127.925 MHz. Ceiling: FL055 within lateral limits of AWY Y25. ","activationCode":"HX","activationDesc":"Activable H24.","timeScheduling":{"1":["UTC(01/01->31/12)","ANY(00:00->23:59)"]},"UId":"1564473","id":"LFR217/2","stroke":"#800080","stroke-width":2,"stroke-opacity":0.8,"fill":"#ffb9dc","fill-opacity":0.3},"geometry":{"type":"Polygon","coordinates":[[[4.264444,43.453611],[4.494444,43.433889],[4.486111,43.252778],[4.688056,43.252778],[4.549722,43.166667],[4.283333,43.0],[4.283333,43.364722],[4.208333,43.393889],[4.264444,43.453611]]]}},{"type":"Feature","properties":{"name":"217 /3","nameV":"R 217 /3","class":"R","type":"R","lower":"2500FT AMSL","lowerM":762,"upper":"FL195","upperM":5943,"desc":"Administrator: CMCI Istres. Airspace defined except for the interfering parts of LF-R 190 A, 190 B and 190 C NIMES, and LF-R 108 C ISTRES when active. Airspace shared with CTA RHONE part 3 (see AIP ENR 2.1). GAT VFR / OAT V: upon CAMARGUE CONTROLE authorization 127.925 MHz. CAG IFR: upon authorization accoding to protocols. OAT I and T: upon control authorization. Activity known on CAMARGUE Control 127.925 MHz. Ceiling: FL055 within lateral limits of AWY Y25. ","activationCode":"HX","activationDesc":"Activable H24.","timeScheduling":{"1":["UTC(01/01->31/12)","ANY(00:00->23:59)"]},"UId":"1564475","id":"LFR217/3","stroke":"#800080","stroke-width":2,"stroke-opacity":0.8,"fill":"#ffb9dc","fill-opacity":0.3},"geometry":{"type":"Polygon","coordinates":[[[4.24625,44.033306],[4.336353,44.033311],[4.520597,44.031425],[4.550039,43.945833],[4.551864,43.858128],[4.643736,43.800278],[4.500153,43.561386],[4.487778,43.285],[4.208333,43.393889],[4.308333,43.5],[4.160556,43.625278],[4.066619,43.704953],[4.215236,43.872956],[4.223664,44.02285],[4.24625,44.033306]]]}},{"type":"Feature","properties":{"name":"217 /4","nameV":"R 217 /4","class":"R","type":"R","lower":"3500FT AMSL","lowerM":1066,"upper":"FL195","upperM":5943,"desc":"Administrator: CMC Istres. Airspace shared with CTA RHONE part 4 (see AIP ENR 2.1). GAT VFR /OAT V: entry upon CAMARGUE CONTROLE authorization 127.925 MHz. GAT IFR: upon authorization according to protocols. OAT I and T: upon control authorization. Activity known on CAMARGUE Control or announced by RAI 127.925 MHz.","activationCode":"HX","activationDesc":"Activable H24.","timeScheduling":{"1":["UTC(01/01->31/12)","ANY(00:00->23:59)"]},"UId":"1564471","id":"LFR217/4","stroke":"#800080","stroke-width":2,"stroke-opacity":0.8,"fill":"#ffb9dc","fill-opacity":0.3},"geometry":{"type":"Polygon","coordinates":[[[4.223664,44.02285],[4.215236,43.872956],[4.066619,43.704953],[3.883056,43.864167],[4.223664,44.02285]]]}},{"type":"Feature","properties":{"name":"217 /6","nameV":"R 217 /6","class":"R","type":"R","lower":"FL145","lowerM":4419,"upper":"FL195","upperM":5943,"desc":"Administrator: CMC Istres. Airspace shared with CTA RHONE part 6 (see AIP ENR 2.1). GAT VFR /OAT V: entry upon CAMARGUE CONTROLE authorization 127.925 MHz. GAT IFR: upon authorization according to protocol. OAT I and T: upon control authorization. Activity known on CAMARGUE Control or announced by RAI 127.925 MHz.","activationCode":"HX","activationDesc":"Activable H24","UId":"23811916","id":"LFR217/6","stroke":"#800080","stroke-width":2,"stroke-opacity":0.8,"fill":"#ffb9dc","fill-opacity":0.1},"geometry":{"type":"Polygon","coordinates":[[[3.522222,44.655556],[3.776667,44.466944],[3.453333,44.407222],[3.348889,44.539167],[3.358333,44.5875],[3.522222,44.655556]]]}},{"type":"Feature","properties":{"name":"158 B","nameV":"R 158 B","class":"R","type":"R","lower":"1500FT AGL","ordinalLowerM":457,"lowerM":457,"upper":"5000FT AGL","ordinalUpperM":1524,"upperM":1524,"groundEstimatedHeight":[0,0,0,0],"desc":"CDC of cinq Mars la Pile (RAKI) or replacement CDC. IFR/VFR: upon RAKI RADAR authorisation or replacement CDC. Except for Mâconnais Nord-Est LF-R 45 S6.1 and Jura LF-R 45 S7 when active. Actual activity known on: - RAKI RADAR or replacement CDC: 119.700 - BASEL INFO","activationCode":"HX","activationDesc":"Possible activation H24","timeScheduling":{"1":["UTC(01/01->31/12)","ANY(00:00->23:59)"]},"UId":"1562995","id":"LFR158B","stroke":"#800080","stroke-width":2,"stroke-opacity":0.8,"fill":"#ffb9dc","fill-opacity":0.3},"geometry":{"type":"Polygon","coordinates":[[[6.003611,47.66],[6.246944,47.611111],[6.444722,47.556944],[6.000278,47.356111],[6.0,47.148611],[6.25,46.97],[6.266389,46.758889],[6.2025,46.726111],[5.608333,47.083333],[5.608333,47.469444],[6.003611,47.66]]]}},{"type":"Feature","properties":{"name":"9 H1","nameV":"R 9 H1","class":"R","type":"R","lower":"FL195","lowerM":5943,"upper":"FL205","upperM":6248,"desc":"Administrator: DGA Techniques Terrestres Bourges (PC TIR) Phone: 02 48 27 65 00 - 02 48 25 00 29. IFR/VFR: Avoidance mandatory during activity. Not AMC-manageable.","activationCode":"HX","activationDesc":"Activable: LUN-VEN sauf JF: 0600-1130, 1230-1730, 1900-0100. ETE:-1HR. Activité connue de: AVORD APP 119.7 (HOR ATS) PARIS ACC BORDEAUX UAC. \\\\Possible activation: MON-FRI except public HOL: 0600-1130, 1230-1730, 1900-0100.SUM: -1HR. Activity known on: AVORD APP 119.7 (ATS SKED) PARIS ACC BORDEAUX UAC.","timeScheduling":{"1":["UTCW(01/01->31/12)","WD(19:00->23:59)"],"2":["UTCW(01/01->31/12)","WD(06:00->11:30)"],"3":["UTCW(01/01->31/12)","WD(12:30->17:30)"],"4":["UTCW(01/01->31/12)","SAT(00:00->01:00)"]},"UId":"1609853","id":"LFR9H1","stroke":"#800080","stroke-width":2,"stroke-opacity":0.8,"fill":"#ffb9dc","fill-opacity":0.1},"geometry":{"type":"Polygon","coordinates":[[[2.446667,47.081389],[2.583333,47.040833],[2.652222,47.031944],[2.733889,47.012222],[2.729722,46.995556],[2.800556,46.965],[2.7875,46.940556],[2.563333,47.015556],[2.553333,47.005278],[2.4925,47.026389],[2.446667,47.051667],[2.446667,47.081389]]]}},{"type":"Feature","properties":{"name":"9 H2","nameV":"R 9 H2","class":"R","type":"R","lower":"FL195","lowerM":5943,"upper":"FL265","upperM":8077,"desc":"Administrator: DGA Techniques Terrestres Bourges (PC TIR) Phone: 02 48 27 65 00 - 02 48 25 00 29. IFR/VFR: Avoidance mandatory during activity. Not AMC-manageable.","activationCode":"HX","activationDesc":"Activable: LUN-VEN sauf JF: 0600-1130, 1230-1730, 1900-0100. ETE:-1HR. Activité connue de: AVORD APP 119.7 (HOR ATS) PARIS ACC BORDEAUX UAC. \\\\Possible activation: MON-FRI except public HOL: 0600-1130, 1230-1730, 1900-0100.SUM: -1HR. Activity known on: AVORD APP 119.7 (ATS SKED) PARIS ACC BORDEAUX UAC.","timeScheduling":{"1":["UTCW(01/01->31/12)","WD(06:00->11:30)"],"2":["UTCW(01/01->31/12)","WD(12:30->17:30)"],"3":["UTCW(01/01->31/12)","WD(19:00->23:59)"],"4":["UTCW(01/01->31/12)","SAT(00:00->01:00)"]},"UId":"1609855","id":"LFR9H2","stroke":"#800080","stroke-width":2,"stroke-opacity":0.8,"fill":"#ffb9dc","fill-opacity":0.1},"geometry":{"type":"Polygon","coordinates":[[[2.446667,47.081389],[2.583333,47.040833],[2.652222,47.031944],[2.733889,47.012222],[2.729722,46.995556],[2.800556,46.965],[2.7875,46.940556],[2.563333,47.015556],[2.553333,47.005278],[2.4925,47.026389],[2.446667,47.051667],[2.446667,47.081389]]]}},{"type":"Feature","properties":{"name":"332 B","nameV":"R 332 B (SeeNotam)","class":"R","type":"R","lower":"SFC","lowerM":0,"upper":"FL125","upperM":3810,"desc":"Administrator: 13ème Bataillon de Chasseurs Alpins. GAT: avoidance mandatory during activity. OAT: avoidance mandatory except aircraft authorized by administrator. When active, LF-R 332B replaces LF-R 332A. Activity known by: - 13ème BCA firing division, TEL: 04 79 71 22 21 - 13ème BCA on-call duty, TEL: 04 79 71 22 59","activationCode":"HX","activationDesc":"Activable CS-LS par NOTAM. 15/06-15/09: LUN-DIM 0500-1000, 1200-1500. Possible activation SS-SR by NOTAM. 15/06-15/09: LUN-DIM 0500-1000, 1200-1500. ","UId":"25090707","id":"LFR332B","stroke":"#800080","stroke-width":2,"stroke-opacity":0.8,"fill":"#ffb9dc","fill-opacity":0.6},"geometry":{"type":"Polygon","coordinates":[[[6.6775,45.632222],[6.633333,45.659167],[6.695,45.6875],[6.712778,45.697778],[6.745,45.673889],[6.748611,45.645278],[6.745,45.638333],[6.748333,45.632222],[6.6775,45.632222]]]}},{"type":"Feature","properties":{"name":"249","nameV":"R 249 (SeeNotam)","class":"R","type":"R","lower":"SFC","lowerM":0,"upper":"3000FT AMSL","upperM":914,"desc":"IFR/VFR: Avoidance mandatory throughout activity OAT: upon administrator authorisation. Administrator:515ème RT: 05.45.64.86.36. Activity known on: AQUITAINE INFO 120.575 MHz.","activationCode":"NOTAM","activationDesc":"Activity announced by NOTAM","timeScheduling":{"1":["UTC(01/01->31/12)","ANY(00:00->23:59)"]},"UId":"1564961","id":"LFR249","stroke":"#800080","stroke-width":2,"stroke-opacity":0.8,"fill":"#ffb9dc","fill-opacity":0.6},"geometry":{"type":"Polygon","coordinates":[[[-0.360556,45.207222],[-0.326667,45.196389],[-0.324722,45.180556],[-0.333056,45.1725],[-0.366667,45.173889],[-0.3675,45.183611],[-0.369722,45.1925],[-0.363056,45.190833],[-0.360556,45.207222]]]}},{"type":"Feature","properties":{"name":"250","nameV":"R 250 (SeeNotam)","class":"R","type":"R","lower":"SFC","lowerM":0,"upper":"2000FT AMSL","upperM":609,"desc":"IFR/VFR: Avoidance mandatory throughout activity OAT: upon administrator authorisation. Administrator:école nationale des sous- officiers d'active: 05. 49.76.82.49. Activity known on POITIERS INFO 124.0 Mhz.","activationCode":"NOTAM","activationDesc":"Activity announced by NOTAM","timeScheduling":{"1":["UTC(01/01->31/12)","ANY(00:00->23:59)"]},"UId":"1564965","id":"LFR250","stroke":"#800080","stroke-width":2,"stroke-opacity":0.8,"fill":"#ffb9dc","fill-opacity":0.6},"geometry":{"type":"Polygon","coordinates":[[[0.027222,46.367778],[0.014167,46.356389],[-0.042222,46.365833],[-0.041667,46.383333],[-0.014444,46.384167],[0.000833,46.398889],[0.025,46.393889],[0.027222,46.367778]]]}},{"type":"Feature","properties":{"name":"256","nameV":"R 256","class":"R","type":"R","lower":"SFC","lowerM":0,"upper":"3400FT AMSL","upperM":1036,"desc":"GAT: avoidance mandatory during activity. CAM: avoidance mandatory during activity except flights authorised by the administrator. Administrator: 511ème Régiment du Train 03 80 77 42 28/10. Activity known by BALE Info 135.850 MHz.","activationCode":"HX","activationDesc":"Possible activation in the daytime: - MON-TUE except HOL: 0700-1700 - WED-THU except HOL: 0700-2100 - FRI except HOL: 0700-1100 SUM: - 1HR","UId":"11007016","id":"LFR256","stroke":"#800080","stroke-width":2,"stroke-opacity":0.8,"fill":"#ffb9dc","fill-opacity":0.6},"geometry":{"type":"Polygon","coordinates":[[[5.428056,47.188611],[5.459167,47.181944],[5.450556,47.163889],[5.426389,47.173056],[5.424722,47.181389],[5.428056,47.188611]]]}},{"type":"Feature","properties":{"name":"77 B","nameV":"R 77 B","class":"R","type":"R","lower":"SFC","lowerM":0,"upper":"2000FT AGL","ordinalUpperM":609,"upperM":609,"groundEstimatedHeight":[0,0,0,0],"desc":"Same as SALON LF- R 77A.","activationCode":"TIMSH","activationDesc":"Possible daily activation: 0500- 2359. SUM:-1HR. Activityknown on MARSEILLE ACC/FIC 119, 75. Inactivity announced on RAI 135,15.","timeScheduling":{"1":["UTCW(01/01->31/12)","ANY(05:00->23:59)"]},"UId":"1563459","id":"LFR77B","stroke":"#800080","stroke-width":2,"stroke-opacity":0.8,"fill":"#ffb9dc","fill-opacity":0.6},"geometry":{"type":"Polygon","coordinates":[[[5.036667,43.639722],[4.970833,43.64],[5.019444,43.552778],[5.054167,43.581944],[5.036667,43.639722]]]}},{"type":"Feature","properties":{"name":"113","nameV":"R 113","class":"R","type":"R","lower":"SFC","lowerM":0,"upper":"1500FT AGL","ordinalUpperM":457,"upperM":457,"groundEstimatedHeight":[0,0,0,0],"desc":"Entry conditions: GAT/OAT: avoidance mandatory except for: - ACFT conducting assistance, rescue or public safety missions, when they can't avoid the area. - ACFT on IFR procedure under radio contact with ORLY. - flights related to model ACFT activity NR8360 (see AIP ENR 5.5). This area coexists with the Class D CTR PARIS part which it interferes with.","activationCode":"H24","UId":"25090646","id":"LFR113","stroke":"#800080","stroke-width":2,"stroke-opacity":0.8,"fill":"#ffb9dc","fill-opacity":0.6},"geometry":{"type":"Polygon","coordinates":[[[2.345716,48.586667],[2.345646,48.587244],[2.345436,48.587806],[2.345093,48.588339],[2.344626,48.588828],[2.344045,48.589261],[2.343367,48.589627],[2.342609,48.589917],[2.341791,48.590122],[2.340934,48.590238],[2.340059,48.590261],[2.33919,48.590192],[2.338349,48.590031],[2.337559,48.589782],[2.336838,48.589453],[2.336207,48.589052],[2.335682,48.58859],[2.335275,48.588077],[2.334998,48.587528],[2.334857,48.586956],[2.334857,48.586377],[2.334998,48.585806],[2.335275,48.585257],[2.335682,48.584744],[2.336208,48.584281],[2.336839,48.58388],[2.337559,48.583552],[2.33835,48.583303],[2.33919,48.583142],[2.340059,48.583073],[2.340933,48.583096],[2.341791,48.583212],[2.342609,48.583417],[2.343367,48.583706],[2.344045,48.584073],[2.344625,48.584506],[2.345093,48.584995],[2.345436,48.585528],[2.345646,48.58609],[2.345716,48.586667]]]}},{"type":"Feature","properties":{"name":"83","nameV":"R 83","class":"R","type":"R","lower":"SFC","lowerM":0,"upper":"1000FT AGL","ordinalUpperM":304,"upperM":304,"groundEstimatedHeight":[0,0,0,0],"desc":"Administrator: NIL. Avoidance mandatory for Ultra light gliders.","activationCode":"H24","UId":"1562025","id":"LFR83","stroke":"#800080","stroke-width":2,"stroke-opacity":0.8,"fill":"#ffb9dc","fill-opacity":0.6},"geometry":{"type":"Polygon","coordinates":[[[7.436533,43.771388],[7.436383,43.772724],[7.43594,43.774026],[7.435212,43.775259],[7.43422,43.776391],[7.43299,43.777395],[7.431552,43.778242],[7.429945,43.778913],[7.428209,43.779388],[7.42639,43.779656],[7.424536,43.77971],[7.422693,43.779548],[7.42091,43.779175],[7.419233,43.778601],[7.417706,43.777839],[7.416367,43.776911],[7.415252,43.775839],[7.41439,43.774653],[7.413802,43.773381],[7.413505,43.772059],[7.413505,43.770718],[7.413803,43.769396],[7.414391,43.768124],[7.415254,43.766938],[7.416369,43.765866],[7.417707,43.764938],[7.419234,43.764177],[7.420911,43.763602],[7.422694,43.76323],[7.424536,43.763068],[7.42639,43.763122],[7.428208,43.76339],[7.429943,43.763865],[7.43155,43.764535],[7.432988,43.765383],[7.434219,43.766386],[7.435211,43.767518],[7.435939,43.768751],[7.436383,43.770053],[7.436533,43.771388]]]}},{"type":"Feature","properties":{"name":"95 C","nameV":"R 95 C","class":"R","type":"R","lower":"2000FT AMSL","lowerM":609,"upper":"3500FT AMSL","upperM":1066,"desc":"Adminitrator: LE LUC APP GAT/OAT: with authorization of LE LUC APP. Activity known on: -PROVENCE INFO -NICE INFO -MARSEILLE ACC/FIC. Actual activity known on LE LUC APP or announced on RAI 122.2 MHz.","activationCode":"HX","activationDesc":"Activable H24","timeScheduling":{"1":["UTC(01/01->31/12)","ANY(00:00->23:59)"]},"UId":"1563415","id":"LFR95C","stroke":"#800080","stroke-width":2,"stroke-opacity":0.8,"fill":"#ffb9dc","fill-opacity":0.3},"geometry":{"type":"Polygon","coordinates":[[[6.611111,43.5],[6.683333,43.48],[6.683333,43.344444],[6.611111,43.302778],[6.611111,43.5]]]}},{"type":"Feature","properties":{"name":"119 B","nameV":"R 119 B","class":"R","type":"R","lower":"SFC","lowerM":0,"upper":"650FT AMSL","upperM":198,"desc":"GAT IFR/VFR, OAT (I, V, T): Avoidance mandatory during scheduled activition. Administrator: CPA 10 Tél: 02 38 42 67 90. Actual activity known on BRICY APP 122.7","activationCode":"HX","activationDesc":"Working days. Possible activation H 24.","timeScheduling":{"1":["UTC(01/01->31/12)","WD(00:00->23:59)"]},"UId":"1610738","id":"LFR119B","stroke":"#800080","stroke-width":2,"stroke-opacity":0.8,"fill":"#ffb9dc","fill-opacity":0.6},"geometry":{"type":"Polygon","coordinates":[[[1.637491,48.188888],[1.63733,48.190224],[1.636849,48.191526],[1.636061,48.192759],[1.634987,48.193891],[1.633654,48.194895],[1.632097,48.195742],[1.630356,48.196413],[1.628476,48.196888],[1.626506,48.197156],[1.624497,48.19721],[1.622501,48.197048],[1.62057,48.196675],[1.618753,48.196101],[1.617099,48.195339],[1.615649,48.194411],[1.614441,48.193339],[1.613507,48.192153],[1.612871,48.190881],[1.612549,48.189558],[1.612549,48.188218],[1.612872,48.186895],[1.613509,48.185624],[1.614443,48.184438],[1.615651,48.183366],[1.617101,48.182438],[1.618755,48.181677],[1.620571,48.181102],[1.622502,48.18073],[1.624497,48.180568],[1.626505,48.180622],[1.628475,48.18089],[1.630354,48.181365],[1.632095,48.182035],[1.633652,48.182883],[1.634985,48.183886],[1.63606,48.185018],[1.636848,48.186251],[1.637329,48.187552],[1.637491,48.188888]]]}},{"type":"Feature","properties":{"name":"258","nameV":"R 258","class":"R","type":"R","lower":"SFC","lowerM":0,"upper":"3500FT AMSL","upperM":1066,"desc":"Administrator: Detachment Air 278 of Ambérieu en Bugey. GAT/OAT: avoidance mandatory during activity.","activationCode":"HJ","activationDesc":"SR-SS","UId":"16475057","id":"LFR258","stroke":"#800080","stroke-width":2,"stroke-opacity":0.8,"fill":"#ffb9dc","fill-opacity":0.6},"geometry":{"type":"Polygon","coordinates":[[[5.331111,45.994167],[5.333889,45.994167],[5.335278,45.99],[5.328889,45.99],[5.331111,45.994167]]]}},{"type":"Feature","properties":{"name":"259","nameV":"R 259","class":"R","type":"R","lower":"SFC","lowerM":0,"upper":"4200FT AMSL","upperM":1280,"desc":"During activity: GAT IFR/VFR: avoidance mandatory. OAT: avoidance mandatory except authorized flights by administrator. Administrator: Shooting officer of 17th GA: 05 58 82 27 25 or 05 58 82 27 88. Actual activity known on: CAZAUX APP or RAI: 119.600 BISCARROSSE TWR: 118.950 AQUITAINE INFO: 120.575","activationCode":"HX","activationDesc":"Activable H24","UId":"16475024","id":"LFR259","stroke":"#800080","stroke-width":2,"stroke-opacity":0.8,"fill":"#ffb9dc","fill-opacity":0.6},"geometry":{"type":"Polygon","coordinates":[[[-1.275556,44.246389],[-1.281111,44.251667],[-1.328333,44.260278],[-1.331111,44.239722],[-1.288333,44.240278],[-1.275556,44.246389]]]}},{"type":"Feature","properties":{"name":"325","nameV":"R 325","class":"R","type":"R","lower":"SFC","lowerM":0,"upper":"1900FT AMSL","upperM":579,"desc":"Administrator: Firing officer Air Force base 126 TEL 04 95 56 84 84 extension 24036 GAT / OAT: mandatory avoidance Actual activity known on: - SOLENZARA APP 119.9 MHz - RAI 119.9 MHz - BASTIA APP 123.825 MHz - AJACCIO APP 121.5 MHz","activationCode":"HX","activationDesc":"Possible activation H24","UId":"21232921","id":"LFR325","stroke":"#800080","stroke-width":2,"stroke-opacity":0.8,"fill":"#ffb9dc","fill-opacity":0.6},"geometry":{"type":"Polygon","coordinates":[[[9.394722,41.937778],[9.402222,41.937778],[9.402222,41.931944],[9.394722,41.931944],[9.394722,41.937778]]]}},{"type":"Feature","properties":{"name":"327","nameV":"R 327","class":"R","type":"R","lower":"SFC","lowerM":0,"upper":"2000FT AMSL","upperM":609,"desc":"Administrator: 17ème régiment de génie parachutiste Instruction office: 05 63 21. 73 12 or 73 27 Permanence: 05 63 21 73 34 CAG: avoidance mandatory during activity. CAM: avoidance mandatory except for ACFT authorized by administrator. Actual activity known on TOULOUSE INFO 121.25 MHz.","activationCode":"H24","activationDesc":"Possible activation H24","UId":"25090597","id":"LFR327","stroke":"#800080","stroke-width":2,"stroke-opacity":0.8,"fill":"#ffb9dc","fill-opacity":0.6},"geometry":{"type":"Polygon","coordinates":[[[1.25,43.95],[1.283333,43.958333],[1.291667,43.95],[1.258333,43.916667],[1.25,43.95]]]}},{"type":"Feature","properties":{"name":"122","nameV":"R 122","class":"R","type":"R","lower":"FL115","lowerM":3505,"upper":"FL195","upperM":5943,"desc":"IFR/VFR: Avoidance mandatory throughout activity. Except for R 228 when active. Activity known on: - REIMS ACC - STRASBOURG APP ","activationCode":"HX","activationDesc":"Activable H24. Horaires d'activation planifiés spécifiés dans l'AUP France. \\\\Possible activation H24 Activation schedules stated in France AUP.","UId":"1566355","id":"LFR122","stroke":"#800080","stroke-width":2,"stroke-opacity":0.8,"fill":"#ffb9dc","fill-opacity":0.1},"geometry":{"type":"Polygon","coordinates":[[[7.150560306686122,49.12500654861792],[7.155947,49.121464],[7.159467,49.120464],[7.159547,49.122186],[7.165114,49.128617],[7.167797,49.127378],[7.174492,49.129222],[7.178242,49.128583],[7.17745,49.130272],[7.183567,49.129961],[7.183939,49.131433],[7.185425,49.131244],[7.187175,49.127806],[7.190211,49.128022],[7.191561,49.126386],[7.190525,49.125836],[7.196336,49.121625],[7.198133,49.115172],[7.201303,49.117303],[7.203675,49.120303],[7.203806,49.122622],[7.205461,49.1236],[7.228764,49.126169],[7.235647,49.128692],[7.245047,49.130086],[7.248828,49.127372],[7.265617,49.122658],[7.271669,49.124272],[7.279819,49.122161],[7.281592,49.124375],[7.283831,49.123439],[7.282333,49.116908],[7.293164,49.114947],[7.298408,49.117275],[7.304175,49.123189],[7.305608,49.127072],[7.310172,49.129467],[7.313806,49.137114],[7.32115,49.141289],[7.329889,49.144792],[7.341558,49.145228],[7.345325,49.143283],[7.362722,49.143194],[7.361508,49.144733],[7.362986,49.145236],[7.361308,49.152917],[7.362464,49.156403],[7.366683,49.160697],[7.368956,49.161656],[7.365789,49.164214],[7.364756,49.166942],[7.365189,49.171861],[7.381128,49.175053],[7.445614,49.184189],[7.443664,49.182206],[7.436,49.18005],[7.4361,49.176936],[7.439375,49.175822],[7.441792,49.172186],[7.440428,49.1704],[7.433081,49.168086],[7.432572,49.165653],[7.439142,49.164222],[7.446189,49.168317],[7.448739,49.168497],[7.453903,49.166903],[7.457653,49.163069],[7.459758,49.162803],[7.465517,49.164989],[7.467414,49.167339],[7.482219,49.169633],[7.493964,49.169508],[7.492572,49.164336],[7.495953,49.155178],[7.506436,49.154719],[7.505939,49.150617],[7.497728,49.146314],[7.495231,49.143622],[7.496758,49.142456],[7.495381,49.141408],[7.489878,49.142292],[7.489531,49.136564],[7.495489,49.135828],[7.4977,49.134539],[7.505489,49.1224],[7.511775,49.122419],[7.515347,49.121047],[7.519053,49.116464],[7.521839,49.108047],[7.525194,49.103947],[7.528311,49.103644],[7.529558,49.102058],[7.528444,49.097106],[7.537789,49.096436],[7.535633,49.093683],[7.549836,49.085839],[7.563706,49.080247],[7.569336,49.079769],[7.600989,49.083233],[7.620214,49.074153],[7.629392,49.073583],[7.630942,49.072644],[7.630617,49.065725],[7.6326,49.063819],[7.632653,49.058589],[7.631208,49.054889],[7.674697,49.044992],[7.680703,49.048928],[7.683858,49.048278],[7.685653,49.049197],[7.697314,49.049625],[7.697194,49.051808],[7.692478,49.054144],[7.695947,49.057803],[7.698047,49.055847],[7.700811,49.056975],[7.705664,49.056158],[7.708247,49.052486],[7.717575,49.053928],[7.720225,49.051611],[7.722789,49.051178],[7.727083,49.054942],[7.731464,49.055553],[7.732247,49.043972],[7.737417,49.044803],[7.74075,49.047347],[7.747039,49.046369],[7.751578,49.047897],[7.756736,49.045506],[7.761078,49.045514],[7.768778,49.047697],[7.76985,49.050472],[7.776494,49.056711],[7.779889,49.0583],[7.788967,49.058403],[7.794422,49.065711],[7.810456,49.061286],[7.812644,49.057094],[7.815689,49.054961],[7.825931,49.052189],[7.830536,49.047297],[7.836294,49.047272],[7.844067,49.044739],[7.8437,49.043169],[7.845711,49.042606],[7.849836,49.044047],[7.851569,49.042283],[7.852225,49.037747],[7.85465,49.035531],[7.860808,49.034958],[7.8674,49.033011],[7.874469,49.040547],[7.880378,49.043761],[7.881308,49.046036],[7.884367,49.046486],[7.888739,49.049028],[7.9026,49.044522],[7.910667,49.045156],[7.91075,49.043728],[7.91385,49.041947],[7.913525,49.039997],[7.923153,49.043722],[7.926533,49.049822],[7.931194,49.054267],[7.931747,49.058089],[7.940289,49.056356],[7.940947,49.0544],[7.945464,49.055486],[7.946497,49.051611],[7.945661,49.04975],[7.949739,49.048617],[7.949053,49.047228],[7.95745,49.044964],[7.956894,49.043081],[7.965117,49.042986],[7.966761,49.041589],[7.966856,49.036369],[7.972189,49.035964],[7.9722,49.034136],[7.974069,49.031797],[7.972958,49.030733],[7.974683,49.029878],[7.975181,49.026553],[7.978678,49.027228],[7.982386,49.025844],[7.989672,49.028628],[8.000397,49.028558],[8.002275,49.026342],[8.007253,49.025033],[8.010678,49.025397],[8.012614,49.024042],[8.013667,49.020761],[8.016339,49.020103],[8.018528,49.021381],[8.022817,49.018114],[8.031486,49.018464],[8.0449,49.013664],[8.049608,49.014292],[8.058828,49.006789],[8.064,49.005481],[8.065231,49.002936],[8.064161,49.000972],[8.069164,48.999039],[8.068992,48.997611],[8.071625,48.996317],[8.087617,48.991772],[8.088025,48.990483],[8.091431,48.98935],[8.096667,48.989703],[8.097642,48.988847],[8.100728,48.989922],[8.106575,48.989056],[8.108728,48.987022],[8.115106,48.986908],[8.11985,48.984711],[8.123503,48.986422],[8.128094,48.982519],[8.131081,48.983158],[8.132886,48.981175],[8.135672,48.981156],[8.136533,48.979564],[8.139586,48.978481],[8.144656,48.978556],[8.148608,48.977319],[8.153831,48.977183],[8.160808,48.978614],[8.162153,48.97755],[8.166981,48.977692],[8.170122,48.976397],[8.171625,48.979072],[8.180319,48.978283],[8.180456,48.977539],[8.184644,48.978519],[8.187633,48.976592],[8.19455,48.977114],[8.197583,48.972364],[8.195536,48.969228],[8.199767,48.9669],[8.203836,48.969642],[8.207789,48.970125],[8.214361,48.974961],[8.223311,48.975833],[8.226761,48.973928],[8.229592,48.968789],[8.232572,48.966508],[8.203267,48.959828],[8.197353,48.957261],[8.192078,48.951975],[8.179667,48.935094],[8.146672,48.902403],[8.134203,48.886142],[8.123578,48.868989],[8.109611,48.840039],[8.102211,48.817481],[8.088447,48.803214],[8.073036,48.792825],[8.063825,48.789522],[8.05845,48.7889],[8.042686,48.790692],[8.036403,48.789736],[8.030439,48.787389],[8.02605,48.782789],[8.022564,48.767911],[8.019211,48.764125],[8.013122,48.760497],[8.002206,48.758853],[7.983239,48.761125],[7.973147,48.758639],[7.96895,48.753889],[7.967375,48.747586],[7.967258,48.727075],[7.962436,48.720811],[7.891472,48.663583],[7.884122,48.659644],[7.862839,48.651161],[7.845389,48.645922],[7.839778,48.641422],[7.833283,48.625444],[7.828933,48.617917],[7.8055,48.593439],[7.8007,48.585236],[7.800508,48.577522],[7.804142,48.567036],[7.805658,48.558125],[7.80565,48.549242],[7.803636,48.537119],[7.806669,48.523364],[7.805392,48.5141],[7.801128,48.507361],[7.799554016909683,48.50598514065532],[7.799444,48.506111],[7.778056,48.516389],[7.643056,48.578889],[7.187222,48.835556],[7.068889,48.899444],[6.965833,48.956111],[6.912222,48.987222],[6.965556,49.018333],[6.993056,49.033889],[7.150560306686122,49.12500654861792]]]}},{"type":"Feature","properties":{"name":"123","nameV":"R 123","class":"R","type":"R","lower":"FL145","lowerM":4419,"upper":"FL195","upperM":5943,"desc":"IFR: Avoidance mandatory throughout activity via V17 AWY. VFR: Avoidance mandatory throughout activity. Activity known on: - REIMS ACC - STRASBOURG APP","activationCode":"HX","activationDesc":"Activable H24. Horaires d'activation planifiés spécifiés dans l'AUP France.\\\\ Possible activation H24. Activation schedules stated in France AUP.","UId":"1566357","id":"LFR123","stroke":"#800080","stroke-width":2,"stroke-opacity":0.8,"fill":"#ffb9dc","fill-opacity":0.1},"geometry":{"type":"Polygon","coordinates":[[[6.912222,48.987222],[6.965833,48.956111],[7.068889,48.899444],[7.187222,48.835556],[7.643056,48.578889],[7.778056,48.516389],[7.107778,48.550278],[6.867222,48.960833],[6.912222,48.987222]]]}},{"type":"Feature","properties":{"name":"287","nameV":"R 287 (SeeNotam)","class":"R","type":"R","lower":"SFC","lowerM":0,"upper":"1700FT AMSL","upperM":518,"desc":"Administrator: 5th régiment d'hélicoptères de combat: - 05 59 40 41 20 or 05 59 40 41 40 - 05 59 40 03 72 or 06 29 34 24 72 GAT: avoidance mandatory OAT: entry with authorization from administrator Actual activity known on: MADIRAN: 129.900 MHz RAIZ: 129.900 MHz PYRENEES INFO ATIS PYRENEES","activationCode":"NOTAM","activationDesc":"Activation by NOTAM: TUE and THU: 1100-2300 SUM: - 1 HR","UId":"29827813","id":"LFR287","stroke":"#800080","stroke-width":2,"stroke-opacity":0.8,"fill":"#ffb9dc","fill-opacity":0.6},"geometry":{"type":"Polygon","coordinates":[[[-0.651667,43.528333],[-0.615833,43.472778],[-0.498333,43.489722],[-0.525833,43.56],[-0.643611,43.551111],[-0.651667,43.528333]]]}},{"type":"Feature","properties":{"name":"194 A","nameV":"R 194 A","class":"R","type":"R","lower":"SFC","lowerM":0,"upper":"2400FT AMSL","upperM":731,"desc":"Administrator: 68 ème régiment d'artillerie d'Afrique GAT: avoidance mandatory during activity. OAT: authorized after contact with the administrator. When active, this area substitutes itself to the part of ST EXUPERY CTR wich it interferes with. Actual activity known on: LYON TWR and LYON INFO PC TIR LA VALBONNE: 04 26 22 81 78 - 06 14 54 25 85 Officier tir 68ème RAA: 04 26 22 86 48 - 06 75 49 91 84","activationCode":"H24","activationDesc":"Possible activation H24","UId":"29827759","id":"LFR194A","stroke":"#800080","stroke-width":2,"stroke-opacity":0.8,"fill":"#ffb9dc","fill-opacity":0.6},"geometry":{"type":"Polygon","coordinates":[[[5.15,45.85],[5.189167,45.844167],[5.191667,45.841667],[5.191667,45.825],[5.145278,45.821111],[5.116667,45.825],[5.116667,45.838889],[5.133889,45.846667],[5.15,45.85]]]}},{"type":"Feature","properties":{"name":"194 B","nameV":"R 194 B","class":"R","type":"R","lower":"2400FT AMSL","lowerM":731,"upper":"3200FT AMSL","upperM":975,"desc":"Administrator: 68 ème régiment d'artillerie d'Afrique GAT: avoidance mandatory during activity. OAT: authorized after contact with the administrator. When active, this area substitutes itself to the part of ST EXUPERY CTR and to the part of TMA LYON part 01 wich it interferes with. Actual activity known on: LYON TWR and LYON INFO PC TIR LA VALBONNE: 04 26 22 81 78 - 06 14 54 25 85 Officier tir 68ème RAA: 04 26 22 86 48 - 06 75 49 91 84","activationCode":"H24","activationDesc":"Possible activation H24","UId":"29827778","id":"LFR194B","stroke":"#800080","stroke-width":2,"stroke-opacity":0.8,"fill":"#ffb9dc","fill-opacity":0.3},"geometry":{"type":"Polygon","coordinates":[[[5.15,45.85],[5.189167,45.844167],[5.191667,45.841667],[5.191667,45.825],[5.145278,45.821111],[5.116667,45.825],[5.116667,45.838889],[5.133889,45.846667],[5.15,45.85]]]}},{"type":"Feature","properties":{"name":"44 A","nameV":"R 44 A","class":"R","type":"R","lower":"SFC","lowerM":0,"upper":"FL105","upperM":3200,"desc":"Administrator: 1er Régiment de Hussards parachutistes. GAT IFR/VFR, OAT: Avoidance mandatory during activity. Live firing activity schedule available on: cellule tir 05 62 56 85 51 or officier de tir 05 62 56 85 41. Actual activity known on LOURDES TWR and PYRENEES INFO","activationCode":"HX","activationDesc":"MON-FRI possible activation H24 Except public HOL","timeScheduling":{"1":["UTC(01/01->31/12)","WD(00:00->23:59)"]},"UId":"1563257","id":"LFR44A","stroke":"#800080","stroke-width":2,"stroke-opacity":0.8,"fill":"#ffb9dc","fill-opacity":0.6},"geometry":{"type":"Polygon","coordinates":[[[-0.075556,43.181111],[-0.078611,43.220833],[-0.0725,43.227778],[-0.025833,43.236667],[-0.048611,43.189722],[-0.049444,43.188611],[-0.075556,43.181111]]]}},{"type":"Feature","properties":{"name":"44 C","nameV":"R 44 C","class":"R","type":"R","lower":"SFC","lowerM":0,"upper":"2500FT AMSL","upperM":762,"desc":"Administrator: 1er Régiment de Hussards parachutistes. GAT IFR/VFR, OAT: Avoidance mandatory during activity. Live firing activity schedule available on: Cellule tir 05 62 56 85 51 or Officier de tir 05 62 56 85 41. Actual activity known on LOURDES TWR and PYRENEES INFO.","activationCode":"HX","activationDesc":"Possible activation: MON and WED: 0700-1600","UId":"29827875","id":"LFR44C","stroke":"#800080","stroke-width":2,"stroke-opacity":0.8,"fill":"#ffb9dc","fill-opacity":0.6},"geometry":{"type":"Polygon","coordinates":[[[-0.048611,43.189722],[-0.025833,43.236667],[-0.020278,43.248056],[-0.103056,43.248889],[-0.111667,43.233889],[-0.137222,43.238333],[-0.138056,43.195278],[-0.048611,43.189722]]]}},{"type":"Feature","properties":{"name":"44 B","nameV":"R 44 B","class":"R","type":"R","lower":"SFC","lowerM":0,"upper":"4000FT AMSL","upperM":1219,"desc":"Administrator: 1er Régiment de Hussards parachutistes. GAT IFR/VFR, OAT: Avoidance mandatory during activity. Live firing activity schedule available on: cellule tir 05 62 56 85 51 or officier de tir 05 62 56 85 41. Actual activity known on LOURDES TWR and PYRENEES INFO.","activationCode":"HX","activationDesc":"MON-FRI possible activation H24 Except public HOL","timeScheduling":{"1":["UTC(01/01->31/12)","WD(00:00->23:59)"]},"UId":"1563261","id":"LFR44B","stroke":"#800080","stroke-width":2,"stroke-opacity":0.8,"fill":"#ffb9dc","fill-opacity":0.6},"geometry":{"type":"Polygon","coordinates":[[[-0.075556,43.181111],[-0.078611,43.220833],[-0.0725,43.227778],[-0.025833,43.236667],[-0.048611,43.189722],[-0.049444,43.188611],[-0.075556,43.181111]]]}},{"type":"Feature","properties":{"name":"65","nameV":"R 65","class":"R","type":"R","lower":"SFC","lowerM":0,"upper":"FL195","upperM":5943,"desc":"Administrator: SOLENZARA APP Except for LF-R325 and LF-R 66 A, B and/or C when active GAT / OAT: upon SOLENZARA APP 119.9 authorisation For parts shared with BASTIA class D TMA, authorisation from:  -BASTIA APP if BLW FL 145 -MARSEILLE ACC if ABV FL 145 Flying over AD BLW 1000ft ASFC prohibited","activationCode":"HX","activationDesc":"Activable H24","timeScheduling":{"1":["UTC(01/01->31/12)","ANY(00:00->23:59)"]},"UId":"1563475","id":"LFR65","stroke":"#800080","stroke-width":2,"stroke-opacity":0.8,"fill":"#ffb9dc","fill-opacity":0.6},"geometry":{"type":"Polygon","coordinates":[[[9.25,42.333333],[9.7,42.333333],[9.7,41.583333],[9.5,41.583333],[9.25,41.8],[9.25,42.333333]]]}},{"type":"Feature","properties":{"name":"39","nameV":"R 39 (SeeNotam)","class":"R","type":"R","lower":"SFC","lowerM":0,"upper":"4700FT AMSL","upperM":1432,"desc":"Administrator: 3è RPIMA-Carcassonne TEL 04 68 26 75 46 /75 11 Activable only outside activity SKED of LF-R 46 F1; LF-R 46 N1 VFR GAT / OAT: mandatory bypassing during activity except with authorization of the administrator IFR GAT: entry according to protocol Actual activity known on: CARCASSONNE TOULOUSE INFO","activationCode":"HO","activationDesc":"MON: 0700-2359 TUE, WED, THU: 0000-0100, 0700-2359 FRI: 0000-0100, 0700-1600 (SUM: - 1HR) Outside activity SKED: announced by NOTAM","UId":"21232851","id":"LFR39","stroke":"#800080","stroke-width":2,"stroke-opacity":0.8,"fill":"#ffb9dc","fill-opacity":0.6},"geometry":{"type":"Polygon","coordinates":[[[2.370278,43.158333],[2.383333,43.155556],[2.419722,43.139167],[2.393056,43.124444],[2.373056,43.149444],[2.370278,43.158333]]]}},{"type":"Feature","properties":{"name":"235","nameV":"R 235 (SeeNotam)","class":"R","type":"R","lower":"SFC","lowerM":0,"upper":"3500FT AMSL","upperM":1066,"desc":"Administrator: 7ème bataillon de chasseurs alpins. GAT/OAT: avoidance mandatory during activity. Actual activity known by officier de tirs, TEL: 04 56 85 77 79 ou 04 56 85 77 80.","activationCode":"HX","activationDesc":"MON-FRI except public HOL: 0630-1830. TUE-THU except public HOL: 0630-2200. SAT: possible activation via NOTAM. SUM: - 1HR.","UId":"7122779","id":"LFR235","stroke":"#800080","stroke-width":2,"stroke-opacity":0.8,"fill":"#ffb9dc","fill-opacity":0.6},"geometry":{"type":"Polygon","coordinates":[[[5.684167,45.145556],[5.682222,45.136667],[5.690833,45.139722],[5.691667,45.142778],[5.684167,45.145556]]]}},{"type":"Feature","properties":{"name":"1A","nameV":"R 1A (SeeNotam)","class":"R","type":"R","lower":"SFC","lowerM":0,"upper":"FL120","upperM":3657,"desc":"Administrator: RIMaP-P oerations chief TEL: 68989715870 IFR/VFR: pilot's attention is drawn to particularly dangerous activity in this area for human life.","activationCode":"HX","activationDesc":"Activable par NOTAM. Activité annoncé sur ATIS TAHITI. \\\\Activation by NOTAM. Announced on TAHITI ATIS.","UId":"33237266","id":"NTR1A","stroke":"#800080","stroke-width":2,"stroke-opacity":0.8,"fill":"#ffb9dc","fill-opacity":0.6},"geometry":{"type":"Polygon","coordinates":[[[-149.288333,-17.746944],[-149.285833,-17.748611],[-149.288333,-17.751667],[-149.290556,-17.75],[-149.288333,-17.746944]]]}},{"type":"Feature","properties":{"name":"1B","nameV":"R 1B (SeeNotam)","class":"R","type":"R","lower":"SFC","lowerM":0,"upper":"FL120","upperM":3657,"desc":"Administrator: RIMaP-P oerations chief TEL: 68989715870 IFR/VFR: pilot's attention is drawn to particularly dangerous activity in this area for human life.","activationCode":"NOTAM","activationDesc":"Activable par NOTAM. Activité annoncé sur ATIS TAHITI. \\\\Activation by NOTAM. Announced on TAHITI ATIS.","UId":"33237269","id":"NTR1B","stroke":"#800080","stroke-width":2,"stroke-opacity":0.8,"fill":"#ffb9dc","fill-opacity":0.6},"geometry":{"type":"Polygon","coordinates":[[[-149.295556,-17.747778],[-149.292778,-17.748333],[-149.293889,-17.754444],[-149.296667,-17.753889],[-149.295556,-17.747778]]]}},{"type":"Feature","properties":{"name":"13 A1","nameV":"R 13 A1 (SeeNotam)","class":"R","type":"R","lower":"SFC","lowerM":0,"upper":"FL999","upperM":30449,"desc":"Administrator: BASEFUSCO Groupement des champs de tirs Linès-Bégo. Tel: 02 97 12 30 48 Airspace defined except for the interfering part of LF-R 14, when active. OAT/GAT: Avoidance mandatory BLW Upper limit announced except for ACFT: -Scheduled by BASEFUSCO Groupement des champs de tirs Linès-Bégo. -SAR and public safety after LORIENT APP authorisation during ATS SKED. Activation and upper limit known on: -\tLORIENT APP 123.0 -LORIENT TWR 122.7 - ATIS 129.125 -CCMAR Atlantique ARMOR -BREST ACC -NANTES INFO -IROISE INFO","activationCode":"OTHER","activationDesc":"Activity: MON-THU except HOL: 0700- 2359. FRI: 0700- 1600.Other times, possible activation by NOTAM. SUM:-1HR.","timeScheduling":{"1":["UTCW(01/01->31/12)","MON(07:00->23:59)"],"2":["UTCW(01/01->31/12)","THU(07:00->23:59)"],"3":["UTCW(01/01->31/12)","WED(07:00->23:59)"],"4":["UTCW(01/01->31/12)","TUE(07:00->23:59)"],"5":["UTCW(01/01->31/12)","FRI(07:00->16:00)"]},"UId":"1563599","id":"LFR13A1","stroke":"#800080","stroke-width":2,"stroke-opacity":0.8,"fill":"#ffb9dc","fill-opacity":0.6},"geometry":{"type":"Polygon","coordinates":[[[-3.315556,47.710278],[-3.203056,47.658333],[-3.118611,47.603611],[-3.131111,47.596944],[-3.134722,47.5825],[-3.135556,47.544167],[-3.146111,47.533611],[-3.161111,47.530278],[-3.358333,47.686111],[-3.315556,47.710278]]]}},{"type":"Feature","properties":{"name":"13 A2","nameV":"R 13 A2 (SeeNotam)","class":"R","type":"R","lower":"SFC","lowerM":0,"upper":"FL999","upperM":30449,"desc":"Administrator: BASEFUSCO Groupement des champs de tirs Linès-Bégo. Tel: 02 97 12 30 48 Airspace defined except for the interfering part of LF-R 14, when active. OAT/GAT: Avoidance mandatory BLW Upper limit announced except for ACFT: - Scheduled by BASEFUSCO Groupement des champs de tirs Linès-Bégo. - SAR and public safety after LORIENT APP authorisation during ATS SKED. Activation and upper limit known on: - LORIENT APP 123.0 - LORIENT TWR 122.7 - ATIS 129.125 - CCMAR Atlantique ARMOR - BREST ACC - NANTES INFO - IROISE INFO","activationCode":"HX","activationDesc":"Activity: MON-THU except HOL: 0700-2359. FRI: 0700-1600. Other times possible activation by NOTAM SUM: - 1HR","UId":"21326114","id":"LFR13A2","stroke":"#800080","stroke-width":2,"stroke-opacity":0.8,"fill":"#ffb9dc","fill-opacity":0.6},"geometry":{"type":"Polygon","coordinates":[[[-3.358333,47.686111],[-3.161111,47.530278],[-3.422778,47.583333],[-3.422222,47.620556],[-3.4,47.655556],[-3.358333,47.686111]]]}},{"type":"Feature","properties":{"name":"13 B1","nameV":"R 13 B1 (SeeNotam)","class":"R","type":"R","lower":"SFC","lowerM":0,"upper":"FL999","upperM":30449,"desc":"Administrator: BASEFUSCO Groupement des champs de tirs Linès-Bégo. Tel: 02 97 12 30 48 Airspace defined except for the interfering part of LF-R 14, when active. OAT/GAT: Avoidance mandatory BLW Upper limit announced except for ACFT: - Scheduled by BASEFUSCO Groupement des champs de tirs Linès-Bégo. - SAR and public safety after LORIENT APP authorisation during ATS SKED. Activation and upper limit known on: - LORIENT APP 123.0 - LORIENT TWR 122.7 - ATIS 129.125 - CCMAR Atlantique ARMOR - BREST ACC - NANTES INFO - IROISE INFO","activationCode":"HX","activationDesc":"Activity: MON-THU except HOL: 0700-2359. FRI: 0700-1600. Other times possible activation by NOTAM SUM: - 1HR","UId":"21326125","id":"LFR13B1","stroke":"#800080","stroke-width":2,"stroke-opacity":0.8,"fill":"#ffb9dc","fill-opacity":0.6},"geometry":{"type":"Polygon","coordinates":[[[-3.422778,47.583333],[-3.161111,47.530278],[-3.160556,47.523333],[-3.145278,47.483611],[-3.223056,47.413611],[-3.4275,47.418056],[-3.422778,47.583333]]]}},{"type":"Feature","properties":{"name":"13 B2","nameV":"R 13 B2 (SeeNotam)","class":"R","type":"R","lower":"SFC","lowerM":0,"upper":"FL999","upperM":30449,"desc":"Administrator: BASEFUSCO Groupement des champs de tirs Linès-Bégo. Tel: 02 97 12 30 48 OAT/GAT: Avoidance mandatory BLW Upper limit announced except for ACFT: - Scheduled by BASEFUSCO Groupement des champs de tirs Linès-Bégo. - SAR and public safety after LORIENT APP authorisation during ATS SKED. Activation and upper limit known on: - LORIENT APP 123.0 - LORIENT TWR 122.7 - ATIS 129.125 - CCMAR Atlantique ARMOR - BREST ACC - NANTES INFO - IROISE INFO","activationCode":"HX","activationDesc":"Activity: MON-THU except HOL: 0700-2359. FRI: 0700-1600. Other times possible activation by NOTAM SUM: - 1HR","UId":"21326136","id":"LFR13B2","stroke":"#800080","stroke-width":2,"stroke-opacity":0.8,"fill":"#ffb9dc","fill-opacity":0.6},"geometry":{"type":"Polygon","coordinates":[[[-3.4275,47.418056],[-3.223056,47.413611],[-3.250278,47.389167],[-3.427778,47.389167],[-3.4275,47.418056]]]}},{"type":"Feature","properties":{"name":"13 C","nameV":"R 13 C (SeeNotam)","class":"R","type":"R","lower":"SFC","lowerM":0,"upper":"FL999","upperM":30449,"desc":"Administrator: BASEFUSCO Groupement des champs de tirs Linès-Bégo. Tel: 02 97 12 30 48 OAT/GAT: Avoidance mandatory BLW Upper limit announced except for ACFT: -Scheduled by BASEFUSCO Groupement des champs de tirs Linès-Bégo. -SAR and public safety after LORIENT APP authorisation during ATS SKED. Activation and upper limit known on: -\tLORIENT APP 123.0 -LORIENT TWR 122.7 - ATIS 129.125 -CCMAR Atlantique ARMOR -BREST ACC -NANTES INFO Upper level announced by NOTAM.","activationCode":"NOTAM","activationDesc":"Possible activation by NOTAM.","timeScheduling":{"1":["UTC(01/01->31/12)","ANY(00:00->23:59)"]},"UId":"1563579","id":"LFR13C","stroke":"#800080","stroke-width":2,"stroke-opacity":0.8,"fill":"#ffb9dc","fill-opacity":0.6},"geometry":{"type":"Polygon","coordinates":[[[-3.427778,47.389167],[-3.250278,47.389167],[-3.262778,47.371389],[-3.263889,47.351944],[-3.251389,47.310833],[-3.235,47.299167],[-3.221944,47.293333],[-3.194444,47.291667],[-3.133333,47.233333],[-3.433333,47.147778],[-3.427778,47.389167]]]}},{"type":"Feature","properties":{"name":"49 L1","nameV":"R 49 L1 (SeeNotam)","class":"R","type":"R","lower":"3000FT AMSL","lowerM":914,"upper":"4000FT AMSL","upperM":1219,"desc":"Administrator: COGNAC APP Except for COGNAC CTA or LF-R 49 E2 when active. IFR: with authorisation. VFR/OAT: upon COGNAC APP authorisation. Actual activity known on: - COGNAC APP or RAI 132.450 MHz - AQUITAINE INFO - POITIERS INFO - LA ROCHELLE INFO - NANTES INFO","activationCode":"HX","activationDesc":"Possible activation: - MON-FRI except public HOL: 0700-2300, - SAT: 0700-1100. SUM: - 1HR Other hours: activity announced by NOTAM.","UId":"29827908","id":"LFR49L1","stroke":"#800080","stroke-width":2,"stroke-opacity":0.8,"fill":"#ffb9dc","fill-opacity":0.3},"geometry":{"type":"Polygon","coordinates":[[[-1.11,46.5],[0.100556,46.5],[0.100082,46.500063],[0.100505,46.499579],[0.10093,46.499095],[0.101359,46.498613],[0.101789,46.498132],[0.102223,46.497651],[0.102658,46.497172],[0.103096,46.496694],[0.103537,46.496217],[0.10398,46.495741],[0.104426,46.495266],[0.104874,46.494792],[0.105324,46.494319],[0.105777,46.493848],[0.106232,46.493377],[0.10669,46.492908],[0.10715,46.49244],[0.107613,46.491972],[0.108078,46.491506],[0.108545,46.491042],[0.109015,46.490578],[0.109487,46.490115],[0.109961,46.489654],[0.110438,46.489194],[0.110918,46.488735],[0.111399,46.488277],[0.111883,46.48782],[0.11237,46.487365],[0.112858,46.48691],[0.113349,46.486457],[0.113843,46.486005],[0.114338,46.485555],[0.114836,46.485105],[0.115337,46.484657],[0.115839,46.48421],[0.116344,46.483764],[0.116852,46.48332],[0.117361,46.482876],[0.117873,46.482434],[0.118387,46.481993],[0.118903,46.481554],[0.119422,46.481116],[0.119943,46.480679],[0.120466,46.480243],[0.120991,46.479809],[0.121519,46.479375],[0.122049,46.478944],[0.122581,46.478513],[0.123115,46.478084],[0.123652,46.477656],[0.12419,46.477229],[0.124731,46.476804],[0.125274,46.47638],[0.12582,46.475957],[0.126367,46.475536],[0.126944,46.475556],[0.126944,46.475556],[0.076111,46.417222],[0.075508,46.417339],[0.077272,46.416219],[0.079047,46.415108],[0.080833,46.414006],[0.08263,46.412911],[0.084437,46.411825],[0.086255,46.410748],[0.088083,46.409679],[0.089922,46.408619],[0.091772,46.407568],[0.093632,46.406525],[0.095502,46.405491],[0.097382,46.404466],[0.099272,46.403449],[0.101172,46.402442],[0.103082,46.401443],[0.105002,46.400454],[0.106931,46.399473],[0.10887,46.398502],[0.110819,46.39754],[0.112777,46.396587],[0.114744,46.395643],[0.11672,46.394708],[0.118706,46.393783],[0.120701,46.392867],[0.122705,46.39196],[0.124717,46.391063],[0.126739,46.390176],[0.128769,46.389297],[0.130807,46.388429],[0.132854,46.38757],[0.13491,46.38672],[0.136974,46.385881],[0.139046,46.385051],[0.141126,46.384231],[0.143214,46.38342],[0.14531,46.38262],[0.147414,46.381829],[0.149526,46.381048],[0.151645,46.380277],[0.153772,46.379516],[0.155906,46.378765],[0.158048,46.378024],[0.160196,46.377293],[0.162352,46.376573],[0.164515,46.375862],[0.166685,46.375162],[0.168862,46.374472],[0.171045,46.373792],[0.173236,46.373122],[0.175432,46.372463],[0.177635,46.371814],[0.179845,46.371175],[0.18206,46.370547],[0.184282,46.369929],[0.18651,46.369321],[0.188743,46.368724],[0.190983,46.368138],[0.193228,46.367562],[0.195479,46.366997],[0.197735,46.366442],[0.199997,46.365898],[0.202264,46.365364],[0.204536,46.364841],[0.206813,46.364329],[0.209095,46.363828],[0.211382,46.363337],[0.213674,46.362857],[0.215971,46.362388],[0.218272,46.361929],[0.220577,46.361482],[0.222887,46.361045],[0.225201,46.360619],[0.22752,46.360204],[0.229842,46.3598],[0.232168,46.359407],[0.234498,46.359025],[0.236832,46.358653],[0.239169,46.358293],[0.24151,46.357944],[0.243854,46.357605],[0.246201,46.357278],[0.248552,46.356962],[0.250905,46.356656],[0.251111,46.356667],[0.251111,46.356667],[0.289444,46.423056],[0.325556,46.424167],[-0.157778,45.694167],[-0.508333,45.5],[-0.725,45.5],[-0.789167,45.666667],[-1.076944,46.416667],[-1.11,46.5]]]}},{"type":"Feature","properties":{"name":"49 S","nameV":"R 49 S","class":"R","type":"R","lower":"SFC","lowerM":0,"upper":"1500FT AGL","ordinalUpperM":457,"upperM":457,"groundEstimatedHeight":[0,0,0,0],"desc":"Administrator: COGNAC APP Activity announced by COGNAC APP 132,450.","activationCode":"TIMSH","activationDesc":"MON-FRI except public HOL: 0800- 1600 SUM - 1HR.","timeScheduling":{"1":["UTCW(01/01->31/12)","WD(08:00->16:00)"]},"UId":"1563547","id":"LFR49S","stroke":"#800080","stroke-width":2,"stroke-opacity":0.8,"fill":"#ffb9dc","fill-opacity":0.6},"geometry":{"type":"Polygon","coordinates":[[[-0.574722,45.728611],[-0.574545,45.728603],[-0.57144,45.725206],[-0.568737,45.721644],[-0.566453,45.717943],[-0.564604,45.714125],[-0.563201,45.710215],[-0.562254,45.70624],[-0.561768,45.702224],[-0.561747,45.698194],[-0.562189,45.694175],[-0.563094,45.690195],[-0.564454,45.686278],[-0.566261,45.68245],[-0.568502,45.678737],[-0.571164,45.675161],[-0.574229,45.671747],[-0.577677,45.668516],[-0.581485,45.665489],[-0.585629,45.662687],[-0.590082,45.660126],[-0.594815,45.657824],[-0.599798,45.655795],[-0.604998,45.654053],[-0.610381,45.652609],[-0.615912,45.651473],[-0.621557,45.650651],[-0.627277,45.650149],[-0.633037,45.64997],[-0.638799,45.650115],[-0.644525,45.650584],[-0.650179,45.651374],[-0.655724,45.652478],[-0.661124,45.653891],[-0.666344,45.655603],[-0.67135,45.657603],[-0.67611,45.659878],[-0.680594,45.662412],[-0.684771,45.665191],[-0.688615,45.668196],[-0.6921,45.671407],[-0.691944,45.671389],[-0.691944,45.671389],[-0.574722,45.728611]]]}},{"type":"Feature","properties":{"name":"3107","nameV":"R 3107","class":"R","type":"R","lower":"2500FT AMSL","lowerM":762,"upper":"3500FT AMSL","upperM":1066,"desc":"DE GAULLE APP, ORLY APP and VILLACOUBLAY APP Throughout activation: - IFR and OAT: Avoidance mandatory - VFR: entry strictly reserved for users authorised by French Aviation Authority DSAC Nord, which signed a protocol with managing authorities This area substitute itself to class A airspace parts which it interferes with.","activationCode":"HX","activationDesc":"Activable HJ exclusivement. LUN-VEN: 0800-1830 SAM, DIM, JF: 1000-1830 (ETE - 1 HR) et selon modalités protocolaires. Activité connue de: DE GAULLE APP ORLY APP VILLACOUBLAY APP CHAVENAY TWR \\\\Only HJ activation. MON- FRI: 0800- 1830 SAT, SUN, HOL: 1000- 1830 (SUM - 1 HR) according to protocol. Activity known on : DE GAULLE APP ORLY APP VILLACOUBLAY APP CHAVENAY TWR","UId":"1613154","id":"LFR3107","stroke":"#800080","stroke-width":2,"stroke-opacity":0.8,"fill":"#ffb9dc","fill-opacity":0.3},"geometry":{"type":"Polygon","coordinates":[[[1.960278,48.840833],[1.961389,48.844444],[1.992222,48.839444],[1.990833,48.835833],[1.960278,48.840833]]]}},{"type":"Feature","properties":{"name":"260","nameV":"R 260","class":"R","type":"R","lower":"FL125","lowerM":3810,"upper":"FL135","upperM":4114,"desc":"Administrator: Bordeaux (MARENGO) or Mont de Marsan (MARINA) or substitute CDC. GAT/OAT: avoidance mandatory. Actual activity known on: COGNAC APP 132.450 AQUITAINE APP 129.875 AQUITAINE INFO 120.575 CAZAUX APP 119.600 BORDEAUX CTL 125.100 BORDEAUX ESSAI 122.900 ","activationCode":"HX","activationDesc":"Activable H24","UId":"16474973","id":"LFR260","stroke":"#800080","stroke-width":2,"stroke-opacity":0.8,"fill":"#ffb9dc","fill-opacity":0.1},"geometry":{"type":"Polygon","coordinates":[[[-1.162222,45.485],[-0.789444,45.665278],[-0.576667,45.666944],[-1.137778,45.395],[-1.162222,45.485]]]}},{"type":"Feature","properties":{"name":"49 D","nameV":"R 49 D (SeeNotam)","class":"R","type":"R","lower":"FL125","lowerM":3810,"upper":"FL135","upperM":4114,"desc":"Administrator: COGNAC APP. GAT/OAT: avoidance mandatory. Activity known on: COGNAC APP or RAI 132.450 POITIERS INFO 124.0 BORDEAUX CTL 127.675","activationCode":"HX","activationDesc":"MON-FRI Except public HOL: 0700-2300 SAT: 0700-1100 SUM: -1HR. Other times, announced by NOTAM","UId":"1561103","id":"LFR49D","stroke":"#800080","stroke-width":2,"stroke-opacity":0.8,"fill":"#ffb9dc","fill-opacity":0.1},"geometry":{"type":"Polygon","coordinates":[[[-0.097222,46.186667],[-0.1475,46.111111],[0.071667,46.043056],[0.121944,46.118889],[-0.097222,46.186667]]]}},{"type":"Feature","properties":{"name":"49 H3","nameV":"R 49 H3 (SeeNotam)","class":"R","type":"R","lower":"FL065","lowerM":1981,"upper":"FL155","upperM":4724,"desc":"Administrator: COGNAC APP IFR: with authorisation. VFR/OAT: with COGNAC APP authorisation. Actual activity known on: - COGNAC APP or RAI 132.450 MHz - AQUITAINE INFO - POITIERS INFO - LA ROCHELLE INFO - BREST ACC - BORDEAUX ACC - MARINA INFO 140.9 MHz","activationCode":"HX","activationDesc":"Possible activation: - MON-FRI except HOL: 0700-2300, - SAT: 0700-1100. SUM: - 1HR Other hours: activity announced by NOTAM.","UId":"10834036","id":"LFR49H3","stroke":"#800080","stroke-width":2,"stroke-opacity":0.8,"fill":"#ffb9dc","fill-opacity":0.3},"geometry":{"type":"Polygon","coordinates":[[[0.093611,45.5],[0.546389,45.5],[0.166667,45.132778],[0.166667,45.45],[0.093611,45.5]]]}},{"type":"Feature","properties":{"name":"261","nameV":"R 261","class":"R","type":"R","lower":"FL125","lowerM":3810,"upper":"FL135","upperM":4114,"desc":"Administrator: CMCC Bordeaux (MARENGO) or CDC Mont de Marsan (MARINA) or substitute CDC. GAT/OAT: avoidance mandatory. Actual activity known on: COGNAC APP 132.450 LIMOGESAPP 118.075 LIMOGES INFO 124.050 BORDEAUX CTL 127.675 ","activationCode":"HX","activationDesc":"Activable H24","UId":"16475000","id":"LFR261","stroke":"#800080","stroke-width":2,"stroke-opacity":0.8,"fill":"#ffb9dc","fill-opacity":0.1},"geometry":{"type":"Polygon","coordinates":[[[0.875833,45.814167],[0.906667,45.840556],[0.906944,45.850833],[1.366944,45.708056],[1.341667,45.696389],[1.327222,45.674167],[1.305278,45.635833],[0.839444,45.78],[0.875833,45.814167]]]}},{"type":"Feature","properties":{"name":"335","nameV":"R 335 (SeeNotam)","class":"R","type":"R","lower":"SFC","lowerM":0,"upper":"2800FT AMSL","upperM":853,"desc":"Administrator: 2ème régiment étranger parachutiste (REP). Firing cell 2ème  REP: 04 95 60 92 70 Helpline 2ème REP: 04 95 60 92 85 GAT: mandatory avoidance during activity. OAT: mandatory avoidance except for ACFT authorised by administrator.","activationCode":"HX","activationDesc":"Activation: MON-FRI: 0600-2300 (SUM: -1 HR) WE and HOL: activation by NOTAM","UId":"27272784","id":"LFR335","stroke":"#800080","stroke-width":2,"stroke-opacity":0.8,"fill":"#ffb9dc","fill-opacity":0.6},"geometry":{"type":"Polygon","coordinates":[[[8.673611,42.55],[8.722222,42.543889],[8.723333,42.5325],[8.673056,42.523889],[8.673611,42.55]]]}},{"type":"Feature","properties":{"name":"66 A1","nameV":"R 66 A1 (SeeNotam)","class":"R","type":"R","lower":"SFC","lowerM":0,"upper":"FL195","upperM":5943,"desc":"Administrator SOLENZARA APP. GAT and OAT upon SOLENZARA APP 119.900 authorisation. Activity known on : -SOLENZARA APP 119.900 -MARSEILLE ACC/FIC 120.550 -BASTIA APP 123.825 Inactivity announced on RAI 119.900","activationCode":"HX","activationDesc":"Activable LUN-VEN sauf JF: 0700-1630. (ETE:-1HR.) En dehors de ces horaires, activation par NOTAM. Hors activité de la LF-R 66 A2. \\\\ Possible activation MON- FRI EXC public HOL: 0700- 1630. (SUM:-1HR). Other times, activation by NOTAM. Outside LF-R 66 A2 activity.","UId":"1563465","id":"LFR66A1","stroke":"#800080","stroke-width":2,"stroke-opacity":0.8,"fill":"#ffb9dc","fill-opacity":0.6},"geometry":{"type":"Polygon","coordinates":[[[9.633333,42.266667],[9.633333,42.097222],[9.466667,42.097222],[9.466667,42.183333],[9.516667,42.266667],[9.633333,42.266667]]]}},{"type":"Feature","properties":{"name":"66 B","nameV":"R 66 B (SeeNotam)","class":"R","type":"R","lower":"3000FT AGL","ordinalLowerM":914,"lowerM":914,"upper":"FL195","upperM":5943,"groundEstimatedHeight":[0,0,0,0],"desc":"Administrator SOLENZARA APP. IFR/VFR and OAT upon SOLENZARA APP 119.900 authorisation. Activity known on : -SOLENZARA APP 119.900 -MARSEILLE ACC/FIC 120.550 -BASTIA APP 123.825 Inactivity announced on RAI 119.900","activationCode":"HX","activationDesc":"Possible activation MON- FRI except public HOL: 0700- 1630. SUM:-1HR. Other times, activation by NOTAM.","UId":"1563565","id":"LFR66B","stroke":"#800080","stroke-width":2,"stroke-opacity":0.8,"fill":"#ffb9dc","fill-opacity":0.3},"geometry":{"type":"Polygon","coordinates":[[[9.516667,42.266667],[9.466667,42.183333],[9.466667,42.097222],[9.366667,42.097222],[9.366667,42.266667],[9.516667,42.266667]]]}},{"type":"Feature","properties":{"name":"66 C","nameV":"R 66 C (SeeNotam)","class":"R","type":"R","lower":"SFC","lowerM":0,"upper":"FL195","upperM":5943,"desc":"Administrator SOLENZARA APP. Except for LF R 66 A when active. IFR/VFR and OAT upon SOLENZARA APP 119.900 authorisation. Activity known on: -SOLENZARA APP 119.900 -MARSEILLE ACC/FIC 120.550 -BASTIA APP 123.825 Inactivity announced on RAI 119.900","activationCode":"HX","activationDesc":"Possible activation MON- FRI except public HOL: 0700- 1630. SUM:-1HR. Other times, activation by NOTAM.","UId":"1563569","id":"LFR66C","stroke":"#800080","stroke-width":2,"stroke-opacity":0.8,"fill":"#ffb9dc","fill-opacity":0.6},"geometry":{"type":"Polygon","coordinates":[[[9.7,42.266667],[9.7,41.966667],[9.583333,41.966667],[9.466667,42.097222],[9.466667,42.183333],[9.516667,42.266667],[9.7,42.266667]]]}},{"type":"Feature","properties":{"name":"115 A","nameV":"R 115 A","class":"R","type":"R","lower":"SFC","lowerM":0,"upper":"FL120","upperM":3657,"desc":"Administrator: champ de tir de Captieux TEL: 05 33 94 01 50 GAT: avoidance mandatory throughout activity Activity known on:  - MARSAN APP - AQUITAINE INFO - PYRENEES INFO","activationCode":"HX","activationDesc":"Possible activation H24","timeScheduling":{"1":["UTC(01/01->31/12)","ANY(00:00->23:59)"]},"UId":"1563109","id":"LFR115A","stroke":"#800080","stroke-width":2,"stroke-opacity":0.8,"fill":"#ffb9dc","fill-opacity":0.6},"geometry":{"type":"Polygon","coordinates":[[[-0.414444,44.317222],[-0.502222,44.24],[-0.502778,44.091111],[-0.1,44.108333],[-0.116667,44.166667],[-0.166667,44.316667],[-0.414444,44.317222]]]}},{"type":"Feature","properties":{"name":"115 C","nameV":"R 115 C","class":"R","type":"R","lower":"SFC","lowerM":0,"upper":"7800FT AMSL","upperM":2377,"desc":"Administrator: champ de tir de Captieux TEL: 05 33 94 01 50 Possible activation when LF-R 115 A not active OAT/GAT: avoidance mandatory throughout activity Activity known on:  - MARSAN APP - AQUITAINE INFO - PYRENEES INFO","activationCode":"HX","activationDesc":"Possible activation H24","UId":"23812475","id":"LFR115C","stroke":"#800080","stroke-width":2,"stroke-opacity":0.8,"fill":"#ffb9dc","fill-opacity":0.6},"geometry":{"type":"Polygon","coordinates":[[[-0.421944,44.195833],[-0.3475,44.176667],[-0.270556,44.220278],[-0.281667,44.2475],[-0.404444,44.2775],[-0.440833,44.269167],[-0.421944,44.195833]]]}},{"type":"Feature","properties":{"name":"115 B","nameV":"R 115 B","class":"R","type":"R","lower":"1000FT AGL","ordinalLowerM":304,"lowerM":304,"upper":"3000FT AMSL","upperM":914,"groundEstimatedHeight":[0,0,0,0],"desc":"Administrator: champ de tir de Captieux TEL: 05 33 94 01 50 GAT: avoidance mandatory throughout activity Activity known on: - MARSAN APP - AQUITAINE INFO - PYRENEES INFO","activationCode":"HX","activationDesc":"Possible activation H24","timeScheduling":{"1":["UTC(01/01->31/12)","ANY(00:00->23:59)"]},"UId":"1563103","id":"LFR115B","stroke":"#800080","stroke-width":2,"stroke-opacity":0.8,"fill":"#ffb9dc","fill-opacity":0.3},"geometry":{"type":"Polygon","coordinates":[[[-0.162778,44.5375],[-0.414444,44.317222],[-0.166667,44.316667],[-0.116667,44.166667],[0.116667,44.333333],[-0.162778,44.5375]]]}},{"type":"Feature","properties":{"name":"294 A","nameV":"R 294 A","class":"R","type":"R","lower":"SFC","lowerM":0,"upper":"1500FT AMSL","upperM":457,"desc":"IFR / VFR / OAT: entry upon LANDI APP authorization. Activity known on: LANDI APP, IROISE INFO, IROISE APP.","activationCode":"H24","activationDesc":"Possible activation H24.","UId":"35963150","id":"LFR294A","stroke":"#800080","stroke-width":2,"stroke-opacity":0.8,"fill":"#ffb9dc","fill-opacity":0.6},"geometry":{"type":"Polygon","coordinates":[[[-4.158611,48.678333],[-4.158626,48.678466],[-4.150256,48.678459],[-4.141893,48.678249],[-4.133547,48.677834],[-4.125229,48.677217],[-4.116953,48.676397],[-4.108727,48.675376],[-4.100565,48.674155],[-4.092477,48.672736],[-4.084473,48.671121],[-4.076566,48.669312],[-4.068765,48.667312],[-4.061082,48.665123],[-4.053527,48.662748],[-4.04611,48.660191],[-4.038841,48.657454],[-4.03173,48.654543],[-4.024787,48.65146],[-4.018022,48.64821],[-4.011443,48.644797],[-4.005059,48.641227],[-3.99888,48.637503],[-3.992912,48.633631],[-3.987166,48.629616],[-3.981648,48.625464],[-3.976365,48.621181],[-3.971326,48.616772],[-3.966536,48.612242],[-3.962002,48.6076],[-3.957731,48.602849],[-3.953728,48.597998],[-3.949998,48.593053],[-3.946546,48.58802],[-3.943378,48.582907],[-3.940497,48.57772],[-3.937906,48.572466],[-3.93561,48.567152],[-3.933612,48.561786],[-3.931914,48.556376],[-3.930518,48.550927],[-3.929426,48.545448],[-3.92864,48.539946],[-3.92816,48.534429],[-3.927987,48.528904],[-3.928121,48.523378],[-3.928562,48.517859],[-3.929309,48.512355],[-3.930361,48.506873],[-3.931717,48.50142],[-3.933375,48.496004],[-3.935331,48.490632],[-3.937584,48.485311],[-3.938056,48.485278],[-3.938056,48.485278],[-4.175278,48.393056],[-4.196389,48.433611],[-4.24,48.434444],[-4.366667,48.596111],[-4.158611,48.678333]]]}},{"type":"Feature","properties":{"name":"294 B","nameV":"R 294 B (SeeNotam)","class":"R","type":"R","lower":"1500FT AMSL","lowerM":457,"upper":"FL070","upperM":2133,"desc":"GAT / OAT: avoidance mandatory except for the following ACFT upon LANDIVISIAU APP authorization: - ACFT conducting assistance, rescue or public safety missions, - ACFT taking part in exercises, -ACFT on IFR procedure inbound LFRB and LFRU. Activity known on: LANDI APP, IROISE INFO, IROISE APP.","activationCode":"HX","activationDesc":"MON-FRI except public HOL: Possible activation H24. SAT, SUN and public HOL: activation by NOTAM with PN 48 HR.","UId":"35963161","id":"LFR294B","stroke":"#800080","stroke-width":2,"stroke-opacity":0.8,"fill":"#ffb9dc","fill-opacity":0.3},"geometry":{"type":"Polygon","coordinates":[[[-4.158611,48.678333],[-4.158626,48.678466],[-4.150256,48.678459],[-4.141893,48.678249],[-4.133547,48.677834],[-4.125229,48.677217],[-4.116953,48.676397],[-4.108727,48.675376],[-4.100565,48.674155],[-4.092477,48.672736],[-4.084473,48.671121],[-4.076566,48.669312],[-4.068765,48.667312],[-4.061082,48.665123],[-4.053527,48.662748],[-4.04611,48.660191],[-4.038841,48.657454],[-4.03173,48.654543],[-4.024787,48.65146],[-4.018022,48.64821],[-4.011443,48.644797],[-4.005059,48.641227],[-3.99888,48.637503],[-3.992912,48.633631],[-3.987166,48.629616],[-3.981648,48.625464],[-3.976365,48.621181],[-3.971326,48.616772],[-3.966536,48.612242],[-3.962002,48.6076],[-3.957731,48.602849],[-3.953728,48.597998],[-3.949998,48.593053],[-3.946546,48.58802],[-3.943378,48.582907],[-3.940497,48.57772],[-3.937906,48.572466],[-3.93561,48.567152],[-3.933612,48.561786],[-3.931914,48.556376],[-3.930518,48.550927],[-3.929426,48.545448],[-3.92864,48.539946],[-3.92816,48.534429],[-3.927987,48.528904],[-3.928121,48.523378],[-3.928562,48.517859],[-3.929309,48.512355],[-3.930361,48.506873],[-3.931717,48.50142],[-3.933375,48.496004],[-3.935331,48.490632],[-3.937584,48.485311],[-3.938056,48.485278],[-3.938056,48.485278],[-4.175278,48.393056],[-4.196389,48.433611],[-4.24,48.434444],[-4.366667,48.596111],[-4.158611,48.678333]]]}},{"type":"Feature","properties":{"name":"55 B","nameV":"R 55 B","class":"R","type":"R","lower":"SFC","lowerM":0,"upper":"FL195","upperM":5943,"desc":"Except for part interfering with T 121 AWY. Administrator: ORANGE APP. GAT / OAT: upon authorisation by ORANGE APP. Transponder mandatory. Activity known on: - ORANGE APP 118.925 MHz, - MARSEILLE ACC/FIC, - PROVENCE INFO.","activationCode":"HX","activationDesc":"Possible activation H24.","timeScheduling":{"1":["UTC(01/01->31/12)","ANY(00:00->23:59)"]},"UId":"1563559","id":"LFR55B","stroke":"#800080","stroke-width":2,"stroke-opacity":0.8,"fill":"#ffb9dc","fill-opacity":0.6},"geometry":{"type":"Polygon","coordinates":[[[4.516667,44.616667],[4.65,44.416667],[4.6,44.125],[4.516667,44.15],[4.427778,44.172222],[4.183333,44.233333],[4.416667,44.383333],[4.516667,44.616667]]]}},{"type":"Feature","properties":{"name":"187 A","nameV":"R 187 A (SeeNotam)","class":"R","type":"R","lower":"SFC","lowerM":0,"upper":"500FT AGL","ordinalUpperM":152,"upperM":152,"groundEstimatedHeight":[0,0,0,0],"desc":"Activity manager: 06 30 32 20 97 or 09 71 16 99 46 OAT / GAT: avoidance mandatory.","activationCode":"HX","activationDesc":"0700-1700 (SUM: -1HR) except SUN and public HOL. Possible activation at night by NOTAM.","UId":"35912710","id":"LFR187A","stroke":"#800080","stroke-width":2,"stroke-opacity":0.8,"fill":"#ffb9dc","fill-opacity":0.6},"geometry":{"type":"Polygon","coordinates":[[[1.772946,43.455555],[1.772786,43.456998],[1.772309,43.458403],[1.771527,43.459735],[1.770462,43.460959],[1.76914,43.462042],[1.767595,43.462958],[1.765868,43.463681],[1.764004,43.464195],[1.76205,43.464484],[1.760057,43.464543],[1.758077,43.464368],[1.756162,43.463965],[1.75436,43.463345],[1.752719,43.462522],[1.751281,43.46152],[1.750083,43.460362],[1.749157,43.459081],[1.748526,43.457708],[1.748206,43.456279],[1.748206,43.454832],[1.748527,43.453403],[1.749158,43.45203],[1.750085,43.450749],[1.751283,43.449592],[1.752721,43.448589],[1.754362,43.447767],[1.756163,43.447146],[1.758078,43.446744],[1.760057,43.446569],[1.762049,43.446628],[1.764003,43.446917],[1.765867,43.44743],[1.767593,43.448154],[1.769138,43.449069],[1.77046,43.450153],[1.771526,43.451376],[1.772308,43.452707],[1.772785,43.454113],[1.772946,43.455555]]]}},{"type":"Feature","properties":{"name":"187 B","nameV":"R 187 B (SeeNotam) Upper(1700FT AMSL-1000FT AGL)","class":"R","type":"R","lower":"500FT AGL","ordinalLowerM":152,"lowerM":152,"upper":"1700FT AMSL","upperMax":"1000FT AGL","upperM":518,"groundEstimatedHeight":[0,0,0,0],"desc":"Activity manager: 06 30 32 20 97 or 09 71 16 99 46 OAT / GAT: avoidance mandatory.","activationCode":"NOTAM","activationDesc":"Possible activation by NOTAM.","UId":"35912730","id":"LFR187B","stroke":"#800080","stroke-width":2,"stroke-opacity":0.8,"fill":"#ffb9dc","fill-opacity":0.3},"geometry":{"type":"Polygon","coordinates":[[[1.772946,43.455555],[1.772786,43.456998],[1.772309,43.458403],[1.771527,43.459735],[1.770462,43.460959],[1.76914,43.462042],[1.767595,43.462958],[1.765868,43.463681],[1.764004,43.464195],[1.76205,43.464484],[1.760057,43.464543],[1.758077,43.464368],[1.756162,43.463965],[1.75436,43.463345],[1.752719,43.462522],[1.751281,43.46152],[1.750083,43.460362],[1.749157,43.459081],[1.748526,43.457708],[1.748206,43.456279],[1.748206,43.454832],[1.748527,43.453403],[1.749158,43.45203],[1.750085,43.450749],[1.751283,43.449592],[1.752721,43.448589],[1.754362,43.447767],[1.756163,43.447146],[1.758078,43.446744],[1.760057,43.446569],[1.762049,43.446628],[1.764003,43.446917],[1.765867,43.44743],[1.767593,43.448154],[1.769138,43.449069],[1.77046,43.450153],[1.771526,43.451376],[1.772308,43.452707],[1.772785,43.454113],[1.772946,43.455555]]]}},{"type":"Feature","properties":{"name":"292","nameV":"R 292","class":"R","type":"R","lower":"SFC","lowerM":0,"upper":"2000FT AMSL","upperM":609,"desc":"IFR / VFR /OAT: avoidance mandatory during activity. Activity known on OCHEY APP.","activationCode":"HJ","activationDesc":"From SR-30 to SS+30: possible activation according to protocol.","UId":"35912814","id":"LFR292","stroke":"#800080","stroke-width":2,"stroke-opacity":0.8,"fill":"#ffb9dc","fill-opacity":0.6},"geometry":{"type":"Polygon","coordinates":[[[5.798333,48.350556],[5.761111,48.365556],[5.781111,48.386667],[5.817778,48.371667],[5.798333,48.350556]]]}},{"type":"Feature","properties":{"name":"55 AE","nameV":"R 55 AE (SeeNotam)","class":"R","type":"R","lower":"SFC","lowerM":0,"upper":"4500FT AMSL","upperM":1371,"desc":"Administrator: ORANGE APP. GAT / OAT: Avoidance mandatory during activity. Transponder mandatory. Activity known on: - ORANGE APP 118.925 MHz - PROVENCE APP/INFO.","activationCode":"HX","activationDesc":"Possible activation from 15th OCT to 15th MAY except public HOL: - from MON to FRI: 0830-0945. Other slots by NOTAM: - TUE and WED: 1450-1600 - THU: 1130-1245 (SUM: - 1HR).","timeScheduling":{"1":["UTCW(01/10->15/04)","MON(08:30->09:45)"],"2":["UTCW(01/10->15/04)","TUE(11:30->12:45)"],"3":["UTCW(01/10->15/04)","FRI(08:30->09:45)"],"4":["UTCW(01/10->15/04)","THU(11:30->12:45)"],"5":["UTCW(01/10->15/04)","TUE(08:30->09:45)"],"6":["UTCW(01/10->15/04)","MON(11:30->12:45)"],"7":["UTCW(01/10->15/04)","WED(11:30->12:45)"],"8":["UTCW(01/10->15/04)","WED(08:30->09:45)"]},"UId":"1563713","id":"LFR55AE","stroke":"#800080","stroke-width":2,"stroke-opacity":0.8,"fill":"#ffb9dc","fill-opacity":0.6},"geometry":{"type":"Polygon","coordinates":[[[5.096111,44.375833],[5.1625,44.275],[5.166667,44.183333],[5.175,44.125],[5.1,44.075],[5.0425,44.075833],[5.046944,44.238889],[5.047147,44.238643],[5.045673,44.239931],[5.044181,44.241208],[5.042671,44.242474],[5.041144,44.24373],[5.039599,44.244974],[5.038036,44.246207],[5.036457,44.247429],[5.03486,44.24864],[5.033247,44.249839],[5.031617,44.251027],[5.02997,44.252202],[5.028307,44.253366],[5.026628,44.254518],[5.024932,44.255658],[5.023221,44.256786],[5.021495,44.257901],[5.019752,44.259004],[5.017994,44.260095],[5.016222,44.261172],[5.014434,44.262237],[5.012631,44.26329],[5.010814,44.264329],[5.008982,44.265355],[5.007136,44.266368],[5.005276,44.267367],[5.003402,44.268354],[5.001514,44.269326],[4.999613,44.270286],[4.997698,44.271231],[4.99577,44.272163],[4.99383,44.273081],[4.991876,44.273985],[4.98991,44.274875],[4.987932,44.275751],[4.985941,44.276612],[4.983939,44.27746],[4.981924,44.278293],[4.979898,44.279111],[4.977861,44.279915],[4.975813,44.280704],[4.973753,44.281479],[4.971683,44.282238],[4.969603,44.282983],[4.967512,44.283713],[4.96541,44.284428],[4.963299,44.285128],[4.961179,44.285813],[4.959048,44.286482],[4.956909,44.287136],[4.95476,44.287775],[4.952603,44.288399],[4.950437,44.289006],[4.948263,44.289599],[4.94608,44.290175],[4.943889,44.290737],[4.941691,44.291282],[4.939485,44.291811],[4.939167,44.291667],[4.939167,44.291667],[5.096111,44.375833]]]}},{"type":"Feature","properties":{"name":"289","nameV":"R 289","class":"R","type":"R","lower":"SFC","lowerM":0,"upper":"1800FT AMSL","upperM":548,"desc":"During activity: GAT/OAT: avoidance mandatory except for flights authorised by CAZAUX APP. Administrator: permanence Officer. TEL: 05 57 15 50 05 or 06 87 71 83 80. Activity known on CAZAUX APP / RAIZ. Restricted area that coexists with LF-R170 when active.","activationCode":"H24","activationDesc":"Possible activation H24.","UId":"35912791","id":"LFR289","stroke":"#800080","stroke-width":2,"stroke-opacity":0.8,"fill":"#ffb9dc","fill-opacity":0.6},"geometry":{"type":"Polygon","coordinates":[[[-1.150833,44.5275],[-1.146111,44.520556],[-1.147222,44.499167],[-1.170556,44.502222],[-1.159722,44.5225],[-1.150833,44.5275]]]}},{"type":"Feature","properties":{"name":"154 LOW","nameV":"R 154 LOW","class":"R","type":"R","lower":"SFC","lowerM":0,"upper":"FL195","upperM":5943,"desc":"Administrator: CCMAR ATLANTIQUE (ARMOR). IFR / VFR: avoidance mandatory during activity. Except for Toulbroc'h LF- R 195 when active. Activity known on: - BREST ACC, - IROISE INFO, - LANDIVISIAU APP, - LANVEOC APP.","activationCode":"HX","activationDesc":"Possible activation H24.","timeScheduling":{"1":["UTC(01/01->31/12)","ANY(00:00->23:59)"]},"UId":"1563095","id":"LFR154LOW","stroke":"#800080","stroke-width":2,"stroke-opacity":0.8,"fill":"#ffb9dc","fill-opacity":0.6},"geometry":{"type":"Polygon","coordinates":[[[-4.616667,48.344444],[-4.616667,48.166667],[-4.883333,48.166667],[-4.883333,48.328889],[-4.809444,48.328889],[-4.715833,48.328889],[-4.664444,48.333611],[-4.616667,48.344444]]]}},{"type":"Feature","properties":{"name":"55 BE","nameV":"R 55 BE","class":"R","type":"R","lower":"3000FT AMSL","lowerM":914,"upper":"FL075","upperM":2286,"desc":"Administrator: ORANGE APP. GAT: mandatory avoidance during activity. OAT: on authorisation by ORANGE APP. Transponder mandatory. Non activable when LF R 55 AE area is active. Activity known on: - ORANGE APP 118.925 MHz, - PROVENCE APP/INFO.","activationCode":"HX","activationDesc":"Activation: MON-THU: 0730-0900, 1430-1600. FRI: 0730-0900. (SUM: -1 HR).","UId":"27272806","id":"LFR55BE","stroke":"#800080","stroke-width":2,"stroke-opacity":0.8,"fill":"#ffb9dc","fill-opacity":0.3},"geometry":{"type":"Polygon","coordinates":[[[5.096111,44.375833],[5.133889,44.319167],[5.035417,44.248889],[5.035418,44.248491],[5.034028,44.249531],[5.032625,44.250562],[5.031209,44.251585],[5.029781,44.252599],[5.028341,44.253603],[5.026889,44.254599],[5.025424,44.255586],[5.023948,44.256564],[5.02246,44.257532],[5.020961,44.258492],[5.01945,44.259442],[5.017928,44.260382],[5.016394,44.261313],[5.014849,44.262235],[5.013293,44.263147],[5.011726,44.26405],[5.010148,44.264942],[5.008559,44.265825],[5.00696,44.266698],[5.00535,44.267561],[5.00373,44.268414],[5.0021,44.269257],[5.000459,44.27009],[4.998809,44.270913],[4.997148,44.271725],[4.995478,44.272527],[4.993798,44.273319],[4.992109,44.274101],[4.99041,44.274872],[4.988702,44.275632],[4.986985,44.276382],[4.985259,44.277121],[4.983524,44.277849],[4.98178,44.278567],[4.980028,44.279274],[4.978267,44.27997],[4.976498,44.280655],[4.974721,44.281329],[4.972935,44.281992],[4.971142,44.282644],[4.96934,44.283285],[4.967531,44.283914],[4.965715,44.284533],[4.963891,44.28514],[4.962059,44.285736],[4.960221,44.286321],[4.958376,44.286894],[4.956523,44.287455],[4.954664,44.288006],[4.952799,44.288544],[4.950927,44.289071],[4.949048,44.289587],[4.947164,44.290091],[4.945273,44.290583],[4.943377,44.291064],[4.941475,44.291532],[4.939567,44.291989],[4.939167,44.291667],[4.939167,44.291667],[5.096111,44.375833]]]}},{"type":"Feature","properties":{"name":"238","nameV":"R 238 (SeeNotam)","class":"R","type":"R","lower":"SFC","lowerM":0,"upper":"500FT AGL","ordinalUpperM":152,"upperM":152,"groundEstimatedHeight":[0,0,0,0],"desc":"Activity manager: 06 30 32 20 97 or 09 71 16 99 46 OAT / GAT: avoidance mandatory.","activationCode":"HX","activationDesc":"0700-1700 (SUM: -1HR) except SUN and public HOL. Possible activation at night by NOTAM.","UId":"35912663","id":"LFR238","stroke":"#800080","stroke-width":2,"stroke-opacity":0.8,"fill":"#ffb9dc","fill-opacity":0.6},"geometry":{"type":"Polygon","coordinates":[[[1.23098,43.351666],[1.23082,43.353109],[1.230344,43.354514],[1.229564,43.355846],[1.2285,43.35707],[1.22718,43.358153],[1.225638,43.359069],[1.223914,43.359792],[1.222053,43.360306],[1.220102,43.360595],[1.218113,43.360654],[1.216137,43.360479],[1.214224,43.360076],[1.212426,43.359456],[1.210788,43.358633],[1.209352,43.357631],[1.208156,43.356473],[1.207231,43.355192],[1.206601,43.353819],[1.206282,43.35239],[1.206283,43.350943],[1.206602,43.349514],[1.207233,43.348141],[1.208158,43.34686],[1.209354,43.345703],[1.210789,43.3447],[1.212427,43.343878],[1.214226,43.343257],[1.216137,43.342855],[1.218113,43.34268],[1.220102,43.342739],[1.222052,43.343028],[1.223913,43.343541],[1.225636,43.344265],[1.227178,43.34518],[1.228498,43.346264],[1.229562,43.347487],[1.230343,43.348818],[1.230819,43.350224],[1.23098,43.351666]]]}},{"type":"Feature","properties":{"name":"7 C","nameV":"R 7 C","class":"R","type":"R","lower":"FL115","lowerM":3505,"upper":"FL195","upperM":5943,"desc":"CDC CINQ MARS LA PILE. Except for LF-R 25 C when active. IFR: Avoidance mandatory during activity except for AWY G54 and G28, follow ACC instructions. VFR: avoidance mandatory during activity.","activationCode":"HX","activationDesc":"Possible activation H24 MON 0800 to FRI 1600, except from 0600 to 0800 and public HOL (SUM: -1HR)","timeScheduling":{"1":["UTCW(01/01->31/12)","MON(08:00->23:59)"],"2":["UTCW(01/01->31/12)","THU(00:00->05:59)"],"3":["UTCW(01/01->31/12)","THU to TUE(08:00->23:59)"],"4":["UTCW(01/01->31/12)","TUE(08:00->23:59)"],"5":["UTCW(01/01->31/12)","FRI(08:00->16:00)"],"6":["UTCW(01/01->31/12)","WED(00:00->05:59)"],"7":["UTCW(01/01->31/12)","FRI(00:00->05:59)"],"8":["UTCW(01/01->31/12)","WED(08:00->23:59)"],"9":["UTCW(01/01->31/12)","TUE(00:00->05:59)"]},"UId":"1563483","id":"LFR7C","stroke":"#800080","stroke-width":2,"stroke-opacity":0.8,"fill":"#ffb9dc","fill-opacity":0.1},"geometry":{"type":"Polygon","coordinates":[[[1.358611,47.749444],[1.906667,47.581667],[1.957778,47.566389],[2.047222,47.034722],[2.038889,46.954167],[1.690278,46.572222],[1.658333,46.536111],[1.165,46.582778],[1.188056,47.398056],[1.358611,47.749444]]]}},{"type":"Feature","properties":{"name":"7 B","nameV":"R 7 B (SeeNotam)","class":"R","type":"R","lower":"FL115","lowerM":3505,"upper":"FL195","upperM":5943,"desc":"CDC CINQ MARS LA PILE. IFR/VFR: avoidance mandatory during activity except for AWY V20, follow ACC instructions. Activity known on: PARIS ACC/FIC and BREST ACC.","activationCode":"OTHER","activationDesc":"Possible activation except public HOL: Overall area: MON-FRI: 0800 - 1600 North of AWY V20 northerly limit: MON-THU: 1600 - 0600 and other times by NOTAM (SUM: -1HR)","UId":"1563479","id":"LFR7B","stroke":"#800080","stroke-width":2,"stroke-opacity":0.8,"fill":"#ffb9dc","fill-opacity":0.1},"geometry":{"type":"Polygon","coordinates":[[[-1.366389,48.81],[0.221667,48.726389],[-1.025,48.0175],[-1.298333,47.848056],[-1.366389,48.81]]]}},{"type":"Feature","properties":{"name":"293","nameV":"R 293 (SeeNotam)","class":"R","type":"R","lower":"SFC","lowerM":0,"upper":"2500FT AMSL","upperM":762,"desc":"Administrator: Groupement munitions Le Rozelier. Permanence: 06 88 23 41 14 or 03 29 73 53 93. On-call officer: 06 88 23 41 15. Activity known on: - ETAIN TWR, - STRASBOURG INFO. GAT / OAT: avoidance mandatory during activity except for ACFT conducting assistance, rescue or public safety missions after administrator agreement.","activationCode":"HX","activationDesc":"Possible activation by NOTAM. MON-FRI except public HOL: 0630-1530 (SUM: -1 HR)","UId":"35962826","id":"LFR293","stroke":"#800080","stroke-width":2,"stroke-opacity":0.8,"fill":"#ffb9dc","fill-opacity":0.6},"geometry":{"type":"Polygon","coordinates":[[[5.491056,49.151389],[5.490985,49.151966],[5.490773,49.152528],[5.490426,49.153061],[5.489953,49.15355],[5.489366,49.153983],[5.48868,49.154349],[5.487914,49.154639],[5.487086,49.154844],[5.486219,49.15496],[5.485335,49.154983],[5.484456,49.154914],[5.483606,49.154753],[5.482806,49.154504],[5.482077,49.154175],[5.481439,49.153774],[5.480907,49.153312],[5.480496,49.152799],[5.480216,49.15225],[5.480074,49.151678],[5.480074,49.151099],[5.480216,49.150528],[5.480496,49.149979],[5.480908,49.149466],[5.481439,49.149003],[5.482078,49.148602],[5.482806,49.148274],[5.483606,49.148025],[5.484456,49.147864],[5.485335,49.147795],[5.486219,49.147818],[5.487086,49.147934],[5.487914,49.148139],[5.48868,49.148428],[5.489366,49.148795],[5.489953,49.149228],[5.490426,49.149717],[5.490773,49.15025],[5.490985,49.150812],[5.491056,49.151389]]]}},{"type":"Feature","properties":{"name":"251 A","nameV":"R 251 A","class":"R","type":"R","lower":"SFC","lowerM":0,"upper":"1000FT AGL","ordinalUpperM":304,"upperM":304,"groundEstimatedHeight":[0,0,0,0],"desc":"Avoidance mandatory throughout activity. Administrator: Centre National d'Entrainement des Forces de Gendarmerie: 05 53 02 37 06","activationCode":"H24","UId":"35962861","id":"LFR251A","stroke":"#800080","stroke-width":2,"stroke-opacity":0.8,"fill":"#ffb9dc","fill-opacity":0.6},"geometry":{"type":"Polygon","coordinates":[[[0.531111,45.15],[0.526167,45.151647],[0.516478,45.160528],[0.521431,45.169444],[0.546775,45.160278],[0.538064,45.156944],[0.533892,45.154722],[0.531944,45.1525],[0.531111,45.15]]]}},{"type":"Feature","properties":{"name":"251 E","nameV":"R 251 E","class":"R","type":"R","lower":"SFC","lowerM":0,"upper":"2500FT AMSL","upperM":762,"desc":"Avoidance mandatory throughout activity. Administrator: Centre National d'Entrainement des Forces de Gendarmerie: 05.53.02.37.06 Activity known on: AQUITAINE SIV 1. Except for LF-R 251A. ","activationCode":"H24","activationDesc":"Possible activation H24.","UId":"35962877","id":"LFR251E","stroke":"#800080","stroke-width":2,"stroke-opacity":0.8,"fill":"#ffb9dc","fill-opacity":0.6},"geometry":{"type":"Polygon","coordinates":[[[0.5436,45.209953],[0.492786,45.117278],[0.492694,45.117301],[0.498221,45.11549],[0.503949,45.11402],[0.509833,45.112903],[0.515832,45.112147],[0.521901,45.111758],[0.527995,45.111738],[0.534069,45.112087],[0.540077,45.112804],[0.545977,45.113882],[0.551723,45.115314],[0.557274,45.117089],[0.562589,45.119194],[0.567627,45.121613],[0.572353,45.124329],[0.576731,45.127322],[0.580728,45.130568],[0.584315,45.134046],[0.587465,45.137727],[0.590155,45.141587],[0.592365,45.145595],[0.594079,45.149722],[0.595283,45.153938],[0.595969,45.158211],[0.596131,45.16251],[0.595769,45.166803],[0.594884,45.171058],[0.593483,45.175244],[0.591577,45.179329],[0.589179,45.183283],[0.586307,45.187078],[0.582982,45.190684],[0.579229,45.194075],[0.575076,45.197226],[0.570553,45.200114],[0.565695,45.202717],[0.560536,45.205015],[0.555115,45.206992],[0.549473,45.208633],[0.543651,45.209926],[0.5436,45.209953]]]}},{"type":"Feature","properties":{"name":"157 LOW","nameV":"R 157 LOW","class":"R","type":"R","lower":"SFC","lowerM":0,"upper":"FL195","upperM":5943,"desc":"Administrator: CCMAR ATLANTIQUE (ARMOR). IFR / VFR: avoidance mandatory during activity. Activity known on: - BREST ACC, - IROISE INFO, - LANDIVISIAU APP, - LANVEOC APP.","activationCode":"HX","activationDesc":"Possible activation H24.","timeScheduling":{"1":["UTC(01/01->31/12)","ANY(00:00->23:59)"]},"UId":"1562989","id":"LFR157LOW","stroke":"#800080","stroke-width":2,"stroke-opacity":0.8,"fill":"#ffb9dc","fill-opacity":0.6},"geometry":{"type":"Polygon","coordinates":[[[-5.333333,48.35],[-4.883333,48.35],[-4.883333,48.083333],[-5.333333,48.083333],[-5.333333,48.35]]]}},{"type":"Feature","properties":{"name":"10","nameV":"R 10","class":"R","type":"R","lower":"FL115","lowerM":3505,"upper":"FL195","upperM":5943,"desc":"CDC CINQ MARS LA PILE (RAKI RADAR) IFR/VFR allowed, follow PARIS ACC, RENNES APP instructions. Unmanned aircraft defence operations according to protocol","activationCode":"HX","activationDesc":"Possible activation H24 except HOL: MON 0800 to FRI 1600 SUM:-1HR.","UId":"1562817","id":"LFR10","stroke":"#800080","stroke-width":2,"stroke-opacity":0.8,"fill":"#ffb9dc","fill-opacity":0.1},"geometry":{"type":"Polygon","coordinates":[[[-1.217222,49.598611],[0.365,49.494167],[0.458889,49.385278],[0.35,49.191667],[-0.443056,49.255],[-1.298889,49.283611],[-1.475556,49.400833],[-1.39,49.493611],[-1.217222,49.598611]]]}},{"type":"Feature","properties":{"name":"324","nameV":"R 324","class":"R","type":"R","lower":"SFC","lowerM":0,"upper":"2500FT AMSL","upperM":762,"desc":"Entry conditions: GAT / OAT: for purposes of identification, for radio-equipped ACFT, except during listening or trafic period on a frequency A/A, ATS or ATC required for conduct of the flight, standby of frequency 120.075 MHz is mandatory. Unmanned aircrafts are allowed in strict compliance with reglementary requirements that apply to flights of unmanned aircraft outside restricted area. The area is defined excluding interfering parts of CTR, TMA and restricted area when active. The area coexists with interfering parts of areas D or P when active.","activationCode":"H24","UId":"16474756","id":"LFR324","stroke":"#800080","stroke-width":2,"stroke-opacity":0.8,"fill":"#ffb9dc","fill-opacity":0.6},"geometry":{"type":"Polygon","coordinates":[[[2.708889,49.510556],[3.157778,49.4375],[3.164722,49.383333],[3.238889,48.848333],[3.093056,48.845833],[2.98,48.777778],[2.911667,48.647222],[2.847222,48.522222],[2.685278,48.483333],[2.489167,48.505],[2.395833,48.406389],[1.885278,48.429444],[1.676111,48.546667],[1.695833,48.621667],[1.739444,48.7875],[1.768889,48.899167],[1.742222,49.021111],[1.777778,49.104167],[1.899167,49.389444],[2.055833,49.32],[2.165833,49.3125],[2.2425,49.340556],[2.5,49.433333],[2.602778,49.471389],[2.708889,49.510556]]]}},{"type":"Feature","properties":{"name":"62 B","nameV":"R 62 B (SeeNotam)","class":"R","type":"R","lower":"500FT AGL","ordinalLowerM":152,"lowerM":152,"upper":"1000FT AGL","ordinalUpperM":304,"upperM":304,"groundEstimatedHeight":[0,0,0,0],"desc":"GAT/OAT: avoidance mandatory. Administrator: ONERA. 05.62.25.25.61 (secreterial) 05.62.25.27.78 (pilot) ressac@onera.fr","activationCode":"NOTAM","activationDesc":"Possible activation by NOTAM MON-FRI (EXC public HOL): 0700-1900 (SUM -1HR)","UId":"4278275","id":"LFR62B","stroke":"#800080","stroke-width":2,"stroke-opacity":0.8,"fill":"#ffb9dc","fill-opacity":0.3},"geometry":{"type":"Polygon","coordinates":[[[1.415971,43.31611],[1.415812,43.317553],[1.415336,43.318958],[1.414556,43.32029],[1.413493,43.321513],[1.412174,43.322597],[1.410633,43.323512],[1.408911,43.324236],[1.40705,43.324749],[1.405101,43.325039],[1.403113,43.325097],[1.401138,43.324922],[1.399227,43.32452],[1.39743,43.323899],[1.395793,43.323077],[1.394358,43.322074],[1.393163,43.320917],[1.392239,43.319635],[1.391609,43.318263],[1.39129,43.316834],[1.391291,43.315387],[1.39161,43.313958],[1.39224,43.312585],[1.393165,43.311304],[1.39436,43.310147],[1.395795,43.309145],[1.397432,43.308322],[1.399229,43.307702],[1.401139,43.3073],[1.403113,43.307125],[1.405101,43.307183],[1.407049,43.307473],[1.408909,43.307986],[1.410632,43.30871],[1.412172,43.309625],[1.413492,43.310708],[1.414555,43.311931],[1.415335,43.313263],[1.415811,43.314668],[1.415971,43.31611]]]}},{"type":"Feature","properties":{"name":"62 A","nameV":"R 62 A","class":"R","type":"R","lower":"SFC","lowerM":0,"upper":"500FT AGL","ordinalUpperM":152,"upperM":152,"groundEstimatedHeight":[0,0,0,0],"desc":"GAT/OAT: avoidance mandatory. Administrator: ONERA. 05.62.25.25.61 (secreterial) 05.62.25.27.78 (pilot) ressac@onera.fr","activationCode":"TIMSH","activationDesc":"MON-FRI (EXC public HOL): 0700-1900 (SUM -1HR)","UId":"4278267","id":"LFR62A","stroke":"#800080","stroke-width":2,"stroke-opacity":0.8,"fill":"#ffb9dc","fill-opacity":0.6},"geometry":{"type":"Polygon","coordinates":[[[1.415971,43.31611],[1.415812,43.317553],[1.415336,43.318958],[1.414556,43.32029],[1.413493,43.321513],[1.412174,43.322597],[1.410633,43.323512],[1.408911,43.324236],[1.40705,43.324749],[1.405101,43.325039],[1.403113,43.325097],[1.401138,43.324922],[1.399227,43.32452],[1.39743,43.323899],[1.395793,43.323077],[1.394358,43.322074],[1.393163,43.320917],[1.392239,43.319635],[1.391609,43.318263],[1.39129,43.316834],[1.391291,43.315387],[1.39161,43.313958],[1.39224,43.312585],[1.393165,43.311304],[1.39436,43.310147],[1.395795,43.309145],[1.397432,43.308322],[1.399229,43.307702],[1.401139,43.3073],[1.403113,43.307125],[1.405101,43.307183],[1.407049,43.307473],[1.408909,43.307986],[1.410632,43.30871],[1.412172,43.309625],[1.413492,43.310708],[1.414555,43.311931],[1.415335,43.313263],[1.415811,43.314668],[1.415971,43.31611]]]}},{"type":"Feature","properties":{"name":"506 B","nameV":"R 506 B (SeeNotam)","class":"R","type":"R","lower":"FL115","lowerM":3505,"upper":"FL195","upperM":5943,"desc":"Administrator: camp de Coëtquidan TEL: 02 97 70 77 67 OAT/GAT: Avoidance mandatory throughout activity, except for ACFT flying for Coëtquidan camp. Activity known on: - ARMOR (CCMAR): 124.725 MHz - RENNES INFO: 134.000 MHz - RAKI INFO: 317.500 MHz, 143.550 MHz - BREST ACC, RENNES APP, NANTES APP.","activationCode":"NOTAM","activationDesc":"Possible activation H24 by NOTAM except SUN and public HOL","timeScheduling":{"1":["UTC(01/01->31/12)","SAT(00:00->23:59)"],"2":["UTC(01/01->31/12)","WD(00:00->23:59)"]},"UId":"1613150","id":"LFR506B","stroke":"#800080","stroke-width":2,"stroke-opacity":0.8,"fill":"#ffb9dc","fill-opacity":0.1},"geometry":{"type":"Polygon","coordinates":[[[-2.128315,47.95275],[-2.129345,47.961407],[-2.132437,47.969841],[-2.13751,47.977834],[-2.144435,47.985178],[-2.153032,47.991683],[-2.163079,47.99718],[-2.174315,48.001526],[-2.186449,48.004609],[-2.199167,48.006348],[-2.212137,48.006698],[-2.225022,48.00565],[-2.237489,48.003231],[-2.249212,47.999505],[-2.259889,47.994567],[-2.269241,47.988547],[-2.277027,47.9816],[-2.283045,47.973906],[-2.287141,47.965666],[-2.289208,47.957092],[-2.289195,47.948408],[-2.287102,47.939837],[-2.282985,47.931602],[-2.276951,47.923916],[-2.269157,47.916978],[-2.259806,47.910966],[-2.249139,47.906037],[-2.237433,47.902318],[-2.224989,47.899904],[-2.21213,47.898858],[-2.199187,47.899207],[-2.186494,47.900943],[-2.17438,47.904019],[-2.163157,47.908358],[-2.153116,47.913846],[-2.144515,47.920342],[-2.137579,47.927678],[-2.132487,47.935664],[-2.129372,47.944094],[-2.128315,47.95275]]]}},{"type":"Feature","properties":{"name":"506 A","nameV":"R 506 A","class":"R","type":"R","lower":"SFC","lowerM":0,"upper":"FL115","upperM":3505,"desc":"Administrator: camp de Coëtquidan TEL: 02 97 70 77 67 Except for LF-R 239 COETQUIDAN SUD when active. OAT/GAT: Avoidance mandatory throughout activity, except for ACFT flying for Coëtquidan camp. Activity known on: - ARMOR (CCMAR): 124.725 MHz - RAKI INFO: 317.5 MHz, 143.550 MHz - RENNES APP/INFO: 134.0 MHz","activationCode":"HX","activationDesc":"Possible activation H24 except SUN and public HOL","UId":"1613148","id":"LFR506A","stroke":"#800080","stroke-width":2,"stroke-opacity":0.8,"fill":"#ffb9dc","fill-opacity":0.6},"geometry":{"type":"Polygon","coordinates":[[[-2.128315,47.95275],[-2.129345,47.961407],[-2.132437,47.969841],[-2.13751,47.977834],[-2.144435,47.985178],[-2.153032,47.991683],[-2.163079,47.99718],[-2.174315,48.001526],[-2.186449,48.004609],[-2.199167,48.006348],[-2.212137,48.006698],[-2.225022,48.00565],[-2.237489,48.003231],[-2.249212,47.999505],[-2.259889,47.994567],[-2.269241,47.988547],[-2.277027,47.9816],[-2.283045,47.973906],[-2.287141,47.965666],[-2.289208,47.957092],[-2.289195,47.948408],[-2.287102,47.939837],[-2.282985,47.931602],[-2.276951,47.923916],[-2.269157,47.916978],[-2.259806,47.910966],[-2.249139,47.906037],[-2.237433,47.902318],[-2.224989,47.899904],[-2.21213,47.898858],[-2.199187,47.899207],[-2.186494,47.900943],[-2.17438,47.904019],[-2.163157,47.908358],[-2.153116,47.913846],[-2.144515,47.920342],[-2.137579,47.927678],[-2.132487,47.935664],[-2.129372,47.944094],[-2.128315,47.95275]]]}},{"type":"Feature","properties":{"name":"108 A/U","nameV":"R 108 A/U","class":"R","type":"R","lower":"FL195","lowerM":5943,"upper":"FL999","upperM":30449,"desc":"Administrator: CCER Istres  GAT IFR/OAT: entry with clearance from control. Actual activity known on: - MARSEILLE CONTROLE, - BORDEAUX CONTROLE, - MARIUS Radar, - RAMBERT Radar. Not AMC manageable.","activationCode":"HX","activationDesc":"Possible activation H24. Activation schedules stated in France AUP.","timeScheduling":{"1":["UTC(01/01->31/12)","ANY(00:00->23:59)"]},"UId":"1610768","id":"LFR108A/U","stroke":"#800080","stroke-width":2,"stroke-opacity":0.8,"fill":"#ffb9dc","fill-opacity":0.1},"geometry":{"type":"Polygon","coordinates":[[[4.643889,43.8],[4.787778,43.710278],[4.930833,43.618056],[5.026389,43.504444],[5.018611,43.490278],[4.993611,43.443333],[4.994129,43.443404],[4.993581,43.442884],[4.993031,43.442366],[4.992477,43.44185],[4.991921,43.441336],[4.991362,43.440823],[4.9908,43.440311],[4.990236,43.439801],[4.989669,43.439293],[4.989099,43.438786],[4.988526,43.438281],[4.987951,43.437778],[4.987373,43.437276],[4.986792,43.436776],[4.986209,43.436277],[4.985622,43.435781],[4.985034,43.435285],[4.984442,43.434792],[4.983848,43.4343],[4.983251,43.43381],[4.982652,43.433322],[4.98205,43.432835],[4.981445,43.43235],[4.980838,43.431867],[4.980228,43.431385],[4.979616,43.430906],[4.979001,43.430428],[4.978383,43.429951],[4.977763,43.429477],[4.977141,43.429004],[4.976516,43.428533],[4.975888,43.428064],[4.975258,43.427596],[4.974625,43.427131],[4.97399,43.426667],[4.973352,43.426205],[4.972712,43.425745],[4.972069,43.425286],[4.971424,43.42483],[4.970776,43.424375],[4.970126,43.423922],[4.969474,43.423471],[4.968819,43.423022],[4.968162,43.422575],[4.967502,43.42213],[4.96684,43.421686],[4.966175,43.421244],[4.965509,43.420805],[4.964839,43.420367],[4.964168,43.419931],[4.963494,43.419497],[4.962818,43.419065],[4.962139,43.418634],[4.961458,43.418206],[4.960775,43.41778],[4.96009,43.417355],[4.959402,43.416933],[4.958712,43.416513],[4.958333,43.416389],[4.958333,43.416389],[4.95,43.411944],[4.861111,43.359444],[4.818056,43.361667],[4.763333,43.364444],[4.496111,43.47],[4.500278,43.561389],[4.643889,43.8]]]}},{"type":"Feature","properties":{"name":"157 HIGH","nameV":"R 157 HIGH","class":"R","type":"R","lower":"FL195","lowerM":5943,"upper":"FL999","upperM":30449,"desc":"Administrator: CCMAR ATLANTIQUE (ARMOR). IFR / VFR: avoidance mandatory during activity. Activity known on: - BREST ACC, - IROISE INFO, - LANDIVISIAU APP, - LANVEOC APP. Not AMC manageable.","activationCode":"HX","activationDesc":"Possible activation H24. Activation SKED specified in AUP France.","UId":"35963111","id":"LFR157HIG","stroke":"#800080","stroke-width":2,"stroke-opacity":0.8,"fill":"#ffb9dc","fill-opacity":0.1},"geometry":{"type":"Polygon","coordinates":[[[-5.333333,48.35],[-4.883333,48.35],[-4.883333,48.083333],[-5.333333,48.083333],[-5.333333,48.35]]]}},{"type":"Feature","properties":{"name":"108 HW","nameV":"R 108 HW","class":"R","type":"R","lower":"FL195","lowerM":5943,"upper":"FL999","upperM":30449,"desc":"Administrator: CCER Istres GAT IFR: entry as per protocol. OAT: entry with clearance from MARENGO Radar. Actual activity known on: - BORDEAUX CONTROLE/UAC, - MARENGO Radar. Not AMC-manageable.","activationCode":"HX","activationDesc":"Possible activation H24. Activation schedules stated in France AUP.","timeScheduling":{"1":["UTC(01/01->31/12)","ANY(00:00->23:59)"]},"UId":"1563191","id":"LFR108HW","stroke":"#800080","stroke-width":2,"stroke-opacity":0.8,"fill":"#ffb9dc","fill-opacity":0.1},"geometry":{"type":"Polygon","coordinates":[[[2.728889,44.297222],[2.736667,43.886667],[2.739167,43.714444],[2.755,42.751111],[2.693666488749747,42.4121110162574],[2.685556,42.408056],[2.666389,42.393889],[2.658333,42.389722],[2.654167,42.384722],[2.659444,42.371667],[2.674722,42.359444],[2.678889,42.354167],[2.68,42.35],[2.678056,42.347222],[2.671389,42.344167],[2.659167,42.342778],[2.647222,42.343889],[2.638333,42.345],[2.604167,42.353611],[2.575556,42.357222],[2.5625,42.357222],[2.535833,42.344444],[2.521944,42.343056],[2.510833,42.345],[2.4975,42.345278],[2.4875,42.349722],[2.455833,42.363611],[2.449167,42.366389],[2.446667,42.37],[2.440556,42.373611],[2.417222,42.394167],[2.4013891125923834,42.39833342786353],[2.401389,42.398333],[2.057222,42.705833],[1.948333,43.913056],[2.728889,44.297222]]]}},{"type":"Feature","properties":{"name":"25 C","nameV":"R 25 C","class":"R","type":"R","lower":"FL115","lowerM":3505,"upper":"FL205","upperM":6248,"desc":"CDC CINQ MARS LA PILE VFR: Avoidance mandatory during activity. IFR: Follow ACC instructions. Activity known on ORLEANS APP or RAI, RAKI, PARIS ACC/FIC, BORDEAUX ACC and SEINE INFO. Not AMC-manageable.","activationCode":"HX","activationDesc":"Possible activation H24. Activation schedules stated in France AUP.","timeScheduling":{"1":["UTC(01/01->31/12)","ANY(00:00->23:59)"]},"UId":"1563329","id":"LFR25C","stroke":"#800080","stroke-width":2,"stroke-opacity":0.8,"fill":"#ffb9dc","fill-opacity":0.1},"geometry":{"type":"Polygon","coordinates":[[[1.478889,47.868333],[1.478246,47.868334],[1.47875,47.872899],[1.479486,47.87745],[1.480455,47.881981],[1.481653,47.886488],[1.483081,47.890964],[1.484737,47.895405],[1.486618,47.899805],[1.488723,47.90416],[1.491048,47.908464],[1.493593,47.912712],[1.496353,47.916899],[1.499325,47.92102],[1.502507,47.925071],[1.505893,47.929046],[1.509481,47.932942],[1.513267,47.936753],[1.517245,47.940475],[1.521411,47.944103],[1.52576,47.947634],[1.530288,47.951063],[1.534988,47.954386],[1.539856,47.957599],[1.544886,47.960699],[1.550072,47.963682],[1.555407,47.966544],[1.560886,47.969282],[1.566502,47.971892],[1.572249,47.974373],[1.57812,47.97672],[1.584107,47.978931],[1.590205,47.981003],[1.596405,47.982935],[1.6027,47.984723],[1.609084,47.986366],[1.615548,47.987861],[1.622085,47.989207],[1.628688,47.990403],[1.635347,47.991446],[1.642057,47.992336],[1.648808,47.993072],[1.655593,47.993652],[1.662404,47.994076],[1.669232,47.994344],[1.676071,47.994456],[1.682911,47.99441],[1.689744,47.994207],[1.696563,47.993848],[1.70336,47.993333],[1.710126,47.992662],[1.716854,47.991837],[1.723536,47.990857],[1.730163,47.989725],[1.736728,47.988442],[1.743224,47.987009],[1.749642,47.985427],[1.755975,47.9837],[1.762216,47.981828],[1.768357,47.979814],[1.774392,47.977661],[1.780312,47.97537],[1.786111,47.972945],[1.791783,47.970388],[1.79732,47.967703],[1.802716,47.964893],[1.807965,47.96196],[1.813061,47.958909],[1.817997,47.955742],[1.822769,47.952465],[1.827369,47.94908],[1.831794,47.945591],[1.836037,47.942003],[1.840094,47.938319],[1.84396,47.934545],[1.847631,47.930684],[1.851103,47.926742],[1.85437,47.922722],[1.85743,47.918629],[1.86028,47.914469],[1.862915,47.910246],[1.865332,47.905965],[1.86753,47.901631],[1.869505,47.897249],[1.871255,47.892824],[1.872778,47.888362],[1.874072,47.883868],[1.875137,47.879346],[1.87597,47.874803],[1.876572,47.870243],[1.87694,47.865672],[1.877075,47.861096],[1.876978,47.856519],[1.876647,47.851946],[1.876111,47.851944],[1.876111,47.851944],[1.844722,47.519444],[1.845125,47.519449],[1.844721,47.514898],[1.844088,47.510359],[1.843227,47.505838],[1.842138,47.501338],[1.840823,47.496867],[1.839283,47.492428],[1.837521,47.488027],[1.835538,47.483669],[1.833337,47.47936],[1.830921,47.475103],[1.828291,47.470905],[1.825452,47.46677],[1.822406,47.462702],[1.819158,47.458707],[1.81571,47.454789],[1.812068,47.450952],[1.808235,47.447202],[1.804216,47.443542],[1.800015,47.439976],[1.795638,47.436509],[1.791089,47.433145],[1.786373,47.429888],[1.781497,47.426741],[1.776466,47.423708],[1.771286,47.420792],[1.765962,47.417998],[1.760501,47.415327],[1.75491,47.412784],[1.749194,47.410371],[1.74336,47.408091],[1.737416,47.405946],[1.731367,47.40394],[1.725222,47.402073],[1.718986,47.40035],[1.712668,47.39877],[1.706274,47.397337],[1.699812,47.396053],[1.693289,47.394917],[1.686713,47.393932],[1.680092,47.393099],[1.673433,47.392419],[1.666743,47.391893],[1.660031,47.391521],[1.653305,47.391304],[1.646571,47.391241],[1.639838,47.391333],[1.633114,47.391581],[1.626406,47.391983],[1.619721,47.392539],[1.613069,47.393249],[1.606456,47.394111],[1.59989,47.395125],[1.593378,47.396289],[1.586929,47.397603],[1.580549,47.399064],[1.574246,47.400672],[1.568027,47.402423],[1.5619,47.404317],[1.555871,47.40635],[1.549947,47.408521],[1.544136,47.410827],[1.538443,47.413266],[1.532877,47.415834],[1.527442,47.418528],[1.522145,47.421347],[1.516993,47.424285],[1.511992,47.42734],[1.507146,47.430509],[1.502463,47.433787],[1.497947,47.437172],[1.493603,47.440658],[1.489437,47.444242],[1.485453,47.44792],[1.481657,47.451687],[1.478052,47.45554],[1.474643,47.459473],[1.471433,47.463483],[1.468427,47.467564],[1.465628,47.471712],[1.46304,47.475922],[1.460664,47.480189],[1.458505,47.484508],[1.456565,47.488875],[1.454846,47.493283],[1.453349,47.497729],[1.452078,47.502206],[1.451033,47.50671],[1.450216,47.511236],[1.449627,47.515777],[1.449268,47.52033],[1.449138,47.524888],[1.449239,47.529447],[1.45,47.529444],[1.45,47.529444],[1.478889,47.868333]]]}},{"type":"Feature","properties":{"name":"25 H","nameV":"R 25 H","class":"R","type":"R","lower":"FL205","lowerM":6248,"upper":"FL420","upperM":12801,"desc":"CDC CINQ MARS LA PILE IFR: Follow ACC instructions. Activity known on ORLEANS APP or RAI, RAKI, PARIS UAC, BORDEAUX UAC and BREST UAC. Not AMC-manageable.","activationCode":"HX","activationDesc":"Possible activation H24. Activation schedules stated in France AUP.","timeScheduling":{"1":["UTC(01/01->31/12)","ANY(00:00->23:59)"]},"UId":"1566445","id":"LFR25H","stroke":"#800080","stroke-width":2,"stroke-opacity":0.8,"fill":"#ffb9dc","fill-opacity":0.1},"geometry":{"type":"Polygon","coordinates":[[[1.363056,47.734444],[1.362406,47.73444],[1.36349,47.743627],[1.365325,47.752761],[1.367908,47.761813],[1.371229,47.770755],[1.375281,47.77956],[1.38005,47.788202],[1.385522,47.796654],[1.391681,47.80489],[1.398509,47.812885],[1.405985,47.820614],[1.414086,47.828055],[1.422788,47.835184],[1.432065,47.841979],[1.441888,47.84842],[1.452227,47.854487],[1.463052,47.860161],[1.474328,47.865425],[1.486022,47.870263],[1.498098,47.87466],[1.510518,47.878603],[1.523246,47.882079],[1.536241,47.885078],[1.549465,47.88759],[1.562876,47.889608],[1.576433,47.891125],[1.590095,47.892138],[1.60382,47.892643],[1.617566,47.892638],[1.63129,47.892123],[1.64495,47.8911],[1.658505,47.889572],[1.671913,47.887544],[1.685132,47.885022],[1.698122,47.882014],[1.710844,47.878529],[1.723259,47.874577],[1.735327,47.870171],[1.747013,47.865325],[1.758281,47.860052],[1.769096,47.85437],[1.779425,47.848295],[1.789238,47.841847],[1.798503,47.835045],[1.807194,47.82791],[1.815283,47.820463],[1.822746,47.812728],[1.82956,47.804728],[1.835706,47.796487],[1.841164,47.788032],[1.845919,47.779386],[1.849956,47.770578],[1.853263,47.761633],[1.855831,47.75258],[1.857651,47.743445],[1.85872,47.734256],[1.859033,47.725042],[1.858592,47.71583],[1.857778,47.715833],[1.857778,47.715833],[1.815,47.217778],[1.815697,47.21778],[1.814581,47.208593],[1.812721,47.199462],[1.810123,47.190414],[1.806797,47.181478],[1.802751,47.172679],[1.798,47.164046],[1.792557,47.155603],[1.78644,47.147377],[1.779667,47.139393],[1.772259,47.131674],[1.764239,47.124245],[1.755631,47.117127],[1.746462,47.110342],[1.736759,47.103911],[1.726553,47.097852],[1.715873,47.092186],[1.704753,47.086927],[1.693226,47.082093],[1.681328,47.077698],[1.669093,47.073755],[1.656559,47.070277],[1.643764,47.067272],[1.630747,47.064752],[1.617547,47.062723],[1.604203,47.061191],[1.590756,47.060161],[1.577246,47.059636],[1.563715,47.059618],[1.550203,47.060107],[1.53675,47.061101],[1.523398,47.062597],[1.510186,47.064591],[1.497154,47.067077],[1.484342,47.070047],[1.471789,47.073493],[1.459531,47.077403],[1.447607,47.081766],[1.436053,47.08657],[1.424903,47.091798],[1.414191,47.097437],[1.40395,47.103468],[1.39421,47.109873],[1.385002,47.116633],[1.376354,47.123728],[1.368291,47.131137],[1.360839,47.138835],[1.35402,47.146802],[1.347856,47.155011],[1.342364,47.163439],[1.337563,47.17206],[1.333467,47.180848],[1.330089,47.189775],[1.32744,47.198816],[1.325527,47.207942],[1.324358,47.217125],[1.323935,47.226339],[1.324262,47.235554],[1.325,47.235556],[1.325,47.235556],[1.363056,47.734444]]]}},{"type":"Feature","properties":{"name":"6 C","nameV":"R 6 C (SeeNotam)","class":"R","type":"R","lower":"FL145","lowerM":4419,"upper":"FL195","upperM":5943,"desc":"Administrator: CENTAC Mailly. - 3D Cell: 03 10 10 81 58 (81 75) - Firing Cell: 03 10 10 82 22 (82 23)  IFR/VFR: avoidance mandatory during activity. Activity known on: - PARIS FIC - PARIS ACC - Seine APP","activationCode":"NOTAM","activationDesc":"Possible activation by NOTAM","timeScheduling":{"1":["UTC(01/01->31/12)","ANY(00:00->23:59)"]},"UId":"1563517","id":"LFR6C","stroke":"#800080","stroke-width":2,"stroke-opacity":0.8,"fill":"#ffb9dc","fill-opacity":0.1},"geometry":{"type":"Polygon","coordinates":[[[4.43919,48.649935],[4.438413,48.659163],[4.436049,48.668272],[4.432126,48.677144],[4.426696,48.685662],[4.419829,48.693716],[4.411613,48.7012],[4.402156,48.708017],[4.39158,48.714077],[4.380024,48.7193],[4.367639,48.723619],[4.354586,48.726977],[4.341037,48.729331],[4.327169,48.730648],[4.313163,48.730912],[4.299202,48.73012],[4.285471,48.728282],[4.272148,48.725422],[4.259408,48.721577],[4.247418,48.716797],[4.236334,48.711147],[4.226301,48.704698],[4.217451,48.697536],[4.209897,48.689754],[4.203738,48.681454],[4.199054,48.672745],[4.195906,48.66374],[4.194333,48.654556],[4.194356,48.645314],[4.195972,48.636134],[4.199161,48.627135],[4.203879,48.618435],[4.210065,48.610147],[4.217638,48.602379],[4.226497,48.595232],[4.236529,48.588798],[4.247601,48.583161],[4.259571,48.578395],[4.272281,48.574561],[4.285568,48.57171],[4.299258,48.569877],[4.313174,48.569088],[4.327135,48.569351],[4.340961,48.570664],[4.354471,48.57301],[4.367491,48.576358],[4.379851,48.580665],[4.39139,48.585875],[4.401959,48.59192],[4.411421,48.598722],[4.41965,48.606192],[4.426541,48.614233],[4.432002,48.622741],[4.435962,48.631605],[4.438369,48.640709],[4.43919,48.649935]]]}},{"type":"Feature","properties":{"name":"94 B","nameV":"R 94 B","class":"R","type":"R","lower":"FL075","lowerM":2286,"upper":"FL095","upperM":2895,"desc":"Administrator: 3ème RIMa- Camp de MEUCON: 02 97 44 42 22. IFR/VFR/OAT: avoidance mandatory during activity. Actual activity known on: - VANNES INFO (ATS SKED) - NANTES INFO / APP","activationCode":"TIMSH","activationDesc":"Possible activation: MON and FRI except HOL: 0630-0930, 1130-1500 SUM: - 1HR.","timeScheduling":{"1":["UTCW(01/01->31/12)","MON(11:30->15:00)"],"2":["UTCW(01/01->31/12)","FRI(11:30->15:00)"],"3":["UTCW(01/01->31/12)","THU(11:30->15:00)"],"4":["UTCW(01/01->31/12)","TUE(11:30->15:00)"],"5":["UTCW(01/01->31/12)","FRI(06:30->09:30)"],"6":["UTCW(01/01->31/12)","THU(06:30->09:30)"],"7":["UTCW(01/01->31/12)","MON(06:30->09:30)"],"8":["UTCW(01/01->31/12)","WED(11:30->15:00)"],"9":["UTCW(01/01->31/12)","WED(06:30->09:30)"],"10":["UTCW(01/01->31/12)","TUE(06:30->09:30)"]},"UId":"13555777","id":"LFR94B","stroke":"#800080","stroke-width":2,"stroke-opacity":0.8,"fill":"#ffb9dc","fill-opacity":0.3},"geometry":{"type":"Polygon","coordinates":[[[-2.826389,47.752778],[-2.772222,47.752778],[-2.761111,47.740278],[-2.772222,47.733333],[-2.826389,47.733333],[-2.826389,47.752778]]]}},{"type":"Feature","properties":{"name":"6 D","nameV":"R 6 D (SeeNotam)","class":"R","type":"R","lower":"2000FT AGL","ordinalLowerM":609,"lowerM":609,"upper":"FL145","upperM":4419,"groundEstimatedHeight":[0,0,0,0],"desc":"Administrator: CENTAC Mailly. - 3D Cell: 03 10 10 81 58 (81 75) - Firing Cell: 03 10 10 82 22 (82 23)  IFR/VFR: avoidance mandatory during activity. Activity known on: - PARIS ACC/FIC - St Dizier APP","activationCode":"NOTAM","activationDesc":"Possible activation by NOTAM Maximum two weeks per month Except SAT, SUN and public HOL.","timeScheduling":{"1":["UTC(01/01->31/12)","WD(00:00->23:59)"]},"UId":"1564641","id":"LFR6D","stroke":"#800080","stroke-width":2,"stroke-opacity":0.8,"fill":"#ffb9dc","fill-opacity":0.3},"geometry":{"type":"Polygon","coordinates":[[[4.5325,48.643333],[4.526389,48.541111],[4.526568,48.541181],[4.522383,48.542388],[4.518123,48.543475],[4.513796,48.544439],[4.50941,48.545279],[4.504973,48.545993],[4.500494,48.546579],[4.495981,48.547036],[4.491442,48.547365],[4.486886,48.547563],[4.482322,48.547631],[4.477757,48.547569],[4.4732,48.547376],[4.46866,48.547054],[4.464146,48.546601],[4.459665,48.546021],[4.455226,48.545313],[4.450838,48.544479],[4.446508,48.54352],[4.442245,48.542438],[4.438056,48.541236],[4.43395,48.539915],[4.429934,48.538478],[4.426015,48.536928],[4.422201,48.535267],[4.418499,48.533499],[4.414915,48.531627],[4.411457,48.529654],[4.408131,48.527584],[4.404943,48.525421],[4.401899,48.523169],[4.399004,48.520833],[4.396265,48.518415],[4.393685,48.515922],[4.391271,48.513357],[4.389025,48.510726],[4.386953,48.508033],[4.385059,48.505283],[4.383345,48.502482],[4.381815,48.499635],[4.380472,48.496746],[4.379318,48.493822],[4.378355,48.490867],[4.377586,48.487888],[4.377011,48.484889],[4.376631,48.481877],[4.376448,48.478857],[4.376461,48.475835],[4.376667,48.475833],[4.376667,48.475833],[4.376667,48.45],[4.259722,48.45],[4.155556,48.583333],[4.198889,48.672778],[4.198576,48.672771],[4.196558,48.667556],[4.195068,48.662263],[4.194112,48.656917],[4.193694,48.651541],[4.193816,48.646159],[4.194477,48.640793],[4.195674,48.635469],[4.197402,48.630208],[4.199652,48.625034],[4.202415,48.619971],[4.205679,48.615039],[4.209429,48.610261],[4.213648,48.605657],[4.218318,48.601248],[4.223419,48.597052],[4.228928,48.59309],[4.23482,48.589376],[4.241071,48.585929],[4.247652,48.582763],[4.254534,48.579891],[4.261688,48.577327],[4.269083,48.575081],[4.276685,48.573164],[4.284462,48.571583],[4.29238,48.570346],[4.300404,48.569458],[4.308499,48.568923],[4.316629,48.568744],[4.32476,48.56892],[4.332855,48.569452],[4.34088,48.570336],[4.348799,48.57157],[4.356578,48.573148],[4.364182,48.575062],[4.371578,48.577305],[4.378735,48.579866],[4.38562,48.582735],[4.392204,48.585898],[4.398458,48.589343],[4.404353,48.593054],[4.409866,48.597015],[4.41497,48.601208],[4.419645,48.605615],[4.423868,48.610217],[4.427623,48.614994],[4.430891,48.619924],[4.433659,48.624987],[4.435914,48.63016],[4.437646,48.63542],[4.438848,48.640744],[4.439514,48.646109],[4.439641,48.651492],[4.439228,48.656868],[4.438277,48.662214],[4.436792,48.667507],[4.436389,48.6675],[4.436389,48.6675],[4.5325,48.643333]]]}},{"type":"Feature","properties":{"name":"333","nameV":"R 333","class":"R","type":"R","lower":"SFC","lowerM":0,"upper":"500FT AGL","ordinalUpperM":152,"upperM":152,"groundEstimatedHeight":[0,0,0,0],"desc":"Administrator: Systematic Paris Région. TEL: 06 63 97 69 09.  Activity known on ORLY APP and PARIS INFO.  Avoidance mandatory except for: - aircraft operating assistance, rescue or public safety missions, when area bypassing is not possible after phone contact with administrator - flights related to model ACFT activity NR8360 (see AIP ENR 5.5) according protocol - authorized aircraft after contact with administrator.","activationCode":"HO","activationDesc":"MON-FRI Except HOL: SR-30 to SS+30","UId":"25090447","id":"LFR333","stroke":"#800080","stroke-width":2,"stroke-opacity":0.8,"fill":"#ffb9dc","fill-opacity":0.6},"geometry":{"type":"Polygon","coordinates":[[[2.3425,48.589944],[2.342507,48.589945],[2.341915,48.590094],[2.341301,48.590197],[2.340673,48.590252],[2.340039,48.590258],[2.339408,48.590215],[2.33879,48.590124],[2.338192,48.589986],[2.337622,48.589803],[2.337088,48.589577],[2.336597,48.589311],[2.336157,48.58901],[2.335773,48.588677],[2.33545,48.588316],[2.335192,48.587933],[2.335004,48.587533],[2.334888,48.587121],[2.334844,48.586703],[2.334875,48.586284],[2.334979,48.58587],[2.335156,48.585468],[2.335401,48.585082],[2.335714,48.584717],[2.336088,48.584379],[2.336519,48.584071],[2.337001,48.5838],[2.337528,48.583567],[2.338093,48.583376],[2.338687,48.58323],[2.339302,48.583131],[2.339931,48.58308],[2.340565,48.583078],[2.341194,48.583124],[2.341812,48.583219],[2.342408,48.58336],[2.342976,48.583547],[2.343506,48.583776],[2.343993,48.584044],[2.34443,48.584348],[2.344809,48.584683],[2.344797,48.584683],[2.344797,48.584683],[2.358056,48.577778],[2.3675,48.5675],[2.3475,48.559167],[2.290556,48.572222],[2.290278,48.581111],[2.308333,48.600833],[2.3425,48.591944],[2.3425,48.589944]]]}},{"type":"Feature","properties":{"name":"119 A","nameV":"R 119 A (SeeNotam)","class":"R","type":"R","lower":"SFC","lowerM":0,"upper":"5000FT AMSL","upperM":1524,"desc":"GAT IFR/ VFR, OAT (I, V, T): Avoidance mandatory during activity except for aircraft operating for para-dropping activities. Administrator: CIRP PARIS. Actual activity known on BRICY APP 122.7 (activity broadcasted on RAIZ 122.7 outside ATS hours) - SEINE INFO throughout ATS schedule.","activationCode":"NOTAM","activationDesc":"Possible activation by NOTAM.","timeScheduling":{"1":["UTC(01/01->31/12)","ANY(00:00->23:59)"]},"UId":"1610736","id":"LFR119A","stroke":"#800080","stroke-width":2,"stroke-opacity":0.8,"fill":"#ffb9dc","fill-opacity":0.6},"geometry":{"type":"Polygon","coordinates":[[[1.563889,48.17],[1.56365,48.169983],[1.56073,48.174942],[1.558707,48.180096],[1.557611,48.185373],[1.557456,48.1907],[1.558245,48.196002],[1.559968,48.201205],[1.5626,48.206235],[1.566105,48.211024],[1.570435,48.215503],[1.575528,48.21961],[1.581314,48.223287],[1.587711,48.226484],[1.594632,48.229155],[1.601977,48.231263],[1.609645,48.232778],[1.617528,48.233679],[1.625516,48.233953],[1.633497,48.233598],[1.641359,48.232616],[1.648991,48.231024],[1.656287,48.228841],[1.663145,48.2261],[1.669469,48.222839],[1.67517,48.219103],[1.680168,48.214944],[1.684395,48.210422],[1.68779,48.205598],[1.690306,48.200541],[1.69191,48.195322],[1.692577,48.190013],[1.692301,48.184688],[1.691083,48.179423],[1.688943,48.17429],[1.68591,48.169361],[1.682026,48.164705],[1.677347,48.160387],[1.671937,48.156468],[1.665872,48.153001],[1.659237,48.150036],[1.659167,48.15],[1.659167,48.15],[1.629722,48.15],[1.563889,48.17]]]}},{"type":"Feature","properties":{"name":"3","nameV":"R 3","class":"R","type":"R","lower":"500FT AGL","ordinalLowerM":152,"lowerM":152,"upper":"10000FT AMSL","upperM":3048,"groundEstimatedHeight":[0,0,0,0],"desc":"Managing authority: Direction de la Sécurité de l'Aviation Civile Océan Indien. TEL: 02 62 72 87 00 FAX: 02 62 72 87 77 E-mail: ana.dsacoi@aviation-civile.gouv.fr Mandatory radio messages A/A on 122.3 MHz when entering and leaving the area. Pilot will transmit any other message considered relevant for traffic safety, and communicate: - callsign and type of aircraft, - position and altitude (AMSL), - flight intentions. In case of radiocommunication failure, the aircraft will leave the area. Avoidance mandatory for IFR traffic and non radio-equipped aircraft except when an exemption is granted by the managing authority. Penetration by unmanned aircraft is subject to prior agreement from the managing authority.","activationCode":"H24","UId":"20950652","id":"FMR3","stroke":"#800080","stroke-width":2,"stroke-opacity":0.8,"fill":"#ffb9dc","fill-opacity":0.3},"geometry":{"type":"Polygon","coordinates":[[[55.568056,-21.376667],[55.635861,-21.189556],[55.82719289780246,-21.14875930002415],[55.827208,-21.148803],[55.827303,-21.14885],[55.827544,-21.14885],[55.827639,-21.148942],[55.827542,-21.149122],[55.827542,-21.149258],[55.827731,-21.149567],[55.827692,-21.149703],[55.827639,-21.150197],[55.827783,-21.150333],[55.827686,-21.150425],[55.827694,-21.150606],[55.827886,-21.150786],[55.827692,-21.150922],[55.827642,-21.151103],[55.827739,-21.151239],[55.827792,-21.151781],[55.827694,-21.151914],[55.827692,-21.152186],[55.827642,-21.152411],[55.827747,-21.152503],[55.827986,-21.15255],[55.828364,-21.152372],[55.828847,-21.152367],[55.829383,-21.152775],[55.829381,-21.153092],[55.829475,-21.153139],[55.829531,-21.153536],[55.829672,-21.153764],[55.829719,-21.154033],[55.830111,-21.154533],[55.830686,-21.154664],[55.830925,-21.1548],[55.830781,-21.154936],[55.830922,-21.155208],[55.830969,-21.155389],[55.830833,-21.155478],[55.830783,-21.155839],[55.830925,-21.156067],[55.831269,-21.156383],[55.831269,-21.156431],[55.831414,-21.156567],[55.831458,-21.156964],[55.831889,-21.157256],[55.831994,-21.157508],[55.831722,-21.157633],[55.83175,-21.157886],[55.831931,-21.158214],[55.832428,-21.158542],[55.832697,-21.158489],[55.832697,-21.158644],[55.832619,-21.158761],[55.832925,-21.159069],[55.833214,-21.159053],[55.833628,-21.159128],[55.8338,-21.159339],[55.833883,-21.159644],[55.833767,-21.159744],[55.833928,-21.160025],[55.834178,-21.160208],[55.834533,-21.160192],[55.834658,-21.160383],[55.834986,-21.160439],[55.834956,-21.160611],[55.834839,-21.160756],[55.834519,-21.160761],[55.834528,-21.161058],[55.834756,-21.161278],[55.834917,-21.161578],[55.835189,-21.161569],[55.835147,-21.161758],[55.834897,-21.161747],[55.834697,-21.162542],[55.835089,-21.163206],[55.835,-21.163519],[55.835231,-21.163603],[55.835247,-21.163792],[55.834864,-21.163708],[55.834747,-21.163817],[55.835111,-21.164136],[55.834858,-21.164414],[55.834358,-21.164319],[55.834242,-21.164428],[55.834461,-21.164744],[55.834275,-21.164861],[55.834064,-21.165031],[55.833792,-21.165092],[55.833328,-21.16545],[55.832817,-21.165564],[55.832667,-21.166161],[55.832914,-21.166578],[55.832978,-21.168403],[55.833239,-21.169408],[55.833397,-21.170186],[55.833694,-21.170358],[55.833269,-21.170528],[55.833478,-21.170708],[55.833097,-21.171367],[55.833242,-21.172731],[55.833697,-21.173539],[55.833706,-21.173756],[55.833964,-21.173803],[55.833597,-21.174206],[55.833697,-21.174767],[55.8344,-21.174853],[55.834131,-21.174978],[55.833744,-21.175075],[55.833894,-21.176839],[55.834536,-21.178214],[55.834831,-21.179953],[55.835361,-21.180044],[55.835594,-21.180933],[55.835844,-21.181089],[55.836161,-21.181125],[55.835986,-21.181514],[55.836378,-21.181842],[55.836281,-21.182075],[55.836681,-21.182594],[55.836625,-21.183406],[55.835617,-21.184211],[55.835125,-21.184336],[55.834969,-21.184497],[55.834914,-21.184333],[55.834739,-21.184333],[55.834622,-21.184494],[55.834442,-21.184439],[55.834392,-21.184583],[55.8342,-21.184536],[55.833789,-21.185267],[55.833625,-21.185272],[55.833303,-21.185733],[55.832269,-21.185978],[55.831881,-21.186453],[55.831342,-21.186378],[55.830842,-21.186247],[55.82985,-21.186439],[55.828683,-21.186422],[55.827156,-21.185989],[55.826628,-21.185714],[55.825836,-21.186097],[55.825386,-21.187944],[55.824775,-21.189739],[55.824972,-21.190389],[55.824731,-21.193144],[55.824842,-21.193533],[55.824819,-21.193886],[55.825097,-21.194058],[55.825339,-21.194078],[55.825394,-21.194331],[55.825228,-21.194619],[55.825561,-21.195281],[55.825511,-21.195408],[55.825289,-21.195369],[55.825197,-21.196039],[55.824728,-21.195908],[55.824656,-21.196586],[55.82485,-21.1974],[55.825244,-21.197475],[55.825125,-21.197944],[55.825403,-21.1981],[55.825256,-21.19865],[55.824956,-21.1988],[55.825092,-21.199786],[55.825319,-21.200122],[55.825253,-21.200211],[55.825528,-21.200486],[55.825033,-21.200897],[55.825194,-21.201386],[55.824878,-21.202322],[55.824708,-21.203253],[55.824064,-21.204242],[55.824128,-21.204831],[55.823683,-21.204817],[55.823178,-21.205483],[55.823644,-21.205964],[55.823356,-21.205944],[55.823156,-21.205753],[55.822747,-21.206175],[55.822783,-21.206483],[55.822531,-21.206814],[55.822797,-21.207322],[55.822164,-21.207011],[55.822228,-21.207428],[55.821883,-21.207189],[55.821994,-21.207742],[55.821658,-21.207386],[55.821222,-21.207736],[55.821211,-21.208025],[55.820764,-21.208439],[55.820653,-21.208111],[55.819647,-21.208583],[55.818731,-21.208767],[55.818436,-21.209153],[55.817556,-21.209761],[55.817486,-21.210131],[55.817472,-21.210403],[55.816583,-21.210803],[55.8159,-21.211936],[55.814061,-21.214289],[55.813775,-21.2151],[55.813906,-21.2156],[55.813931,-21.216086],[55.814033,-21.216619],[55.813442,-21.217122],[55.813378,-21.217925],[55.813342,-21.218647],[55.812997,-21.219442],[55.812678,-21.219928],[55.812894,-21.220317],[55.813317,-21.220644],[55.812756,-21.220958],[55.812506,-21.222031],[55.812044,-21.222036],[55.812081,-21.222208],[55.811356,-21.2226],[55.810333,-21.224833],[55.810025,-21.225119],[55.808522,-21.227531],[55.808117,-21.229967],[55.808133,-21.230231],[55.807856,-21.232522],[55.808044,-21.233961],[55.808225,-21.234431],[55.808558,-21.234758],[55.808306,-21.235036],[55.808556,-21.235272],[55.808389,-21.235481],[55.808647,-21.235664],[55.808344,-21.236139],[55.808308,-21.237322],[55.808197,-21.238],[55.808056,-21.238831],[55.807486,-21.239883],[55.807025,-21.240844],[55.805842,-21.242111],[55.805336,-21.243617],[55.804892,-21.246089],[55.805125,-21.246172],[55.804822,-21.246458],[55.804975,-21.246667],[55.8048,-21.246872],[55.804717,-21.247694],[55.804847,-21.24925],[55.804656,-21.250586],[55.804797,-21.250811],[55.80445,-21.252067],[55.804275,-21.2523],[55.804231,-21.252886],[55.804083,-21.253119],[55.803839,-21.25375],[55.803361,-21.254333],[55.803217,-21.254558],[55.803175,-21.254875],[55.802931,-21.255153],[55.802928,-21.255425],[55.802956,-21.255858],[55.803214,-21.255958],[55.803403,-21.256483],[55.802967,-21.256806],[55.802486,-21.256631],[55.802436,-21.256858],[55.802306,-21.257361],[55.802022,-21.257822],[55.801922,-21.258317],[55.801931,-21.258678],[55.801781,-21.259039],[55.801692,-21.259444],[55.801594,-21.259714],[55.801589,-21.260258],[55.801689,-21.260936],[55.801783,-21.261117],[55.801886,-21.261478],[55.801836,-21.26175],[55.801739,-21.261931],[55.801744,-21.262292],[55.801936,-21.262508],[55.801983,-21.262869],[55.802322,-21.263594],[55.802417,-21.263867],[55.802472,-21.264139],[55.802711,-21.264547],[55.80305,-21.265308],[55.803194,-21.265536],[55.803289,-21.265897],[55.803436,-21.266756],[55.803439,-21.267433],[55.803342,-21.267706],[55.803342,-21.268653],[55.803681,-21.26965],[55.803733,-21.270272],[55.803883,-21.271042],[55.804072,-21.271494],[55.804172,-21.272128],[55.804075,-21.272308],[55.804033,-21.272669],[55.803692,-21.273028],[55.803503,-21.273714],[55.803403,-21.274389],[55.803411,-21.274617],[55.803214,-21.275022],[55.803222,-21.276422],[55.803269,-21.276603],[55.803397,-21.2773],[55.803472,-21.277606],[55.803781,-21.278864],[55.804133,-21.279417],[55.804614,-21.279475],[55.804925,-21.280308],[55.804944,-21.281519],[55.805342,-21.282472],[55.805892,-21.283558],[55.806242,-21.284492],[55.806286,-21.2849],[55.806553,-21.285353],[55.807564,-21.286489],[55.808281,-21.287306],[55.808303,-21.288031],[55.808056,-21.288814],[55.807858,-21.289436],[55.807747,-21.290022],[55.807561,-21.290617],[55.807228,-21.291075],[55.806847,-21.291625],[55.806092,-21.292097],[55.805636,-21.292544],[55.805547,-21.292844],[55.805467,-21.293178],[55.805433,-21.293856],[55.805378,-21.294531],[55.805278,-21.295108],[55.805661,-21.295247],[55.805622,-21.295336],[55.805283,-21.295517],[55.805331,-21.295922],[55.805425,-21.296058],[55.805383,-21.296239],[55.805383,-21.296464],[55.805478,-21.296647],[55.805428,-21.296917],[55.805425,-21.297142],[55.805481,-21.297414],[55.805383,-21.297594],[55.805528,-21.297731],[55.805622,-21.297731],[55.805631,-21.298092],[55.805386,-21.298542],[55.805336,-21.298767],[55.8051,-21.299128],[55.80505,-21.299625],[55.804903,-21.299894],[55.804906,-21.300528],[55.804619,-21.301528],[55.804578,-21.301933],[55.804817,-21.302106],[55.804817,-21.302153],[55.804914,-21.302153],[55.804961,-21.302244],[55.804958,-21.302514],[55.804867,-21.302919],[55.804961,-21.303147],[55.804961,-21.303464],[55.804872,-21.303733],[55.804819,-21.30405],[55.804917,-21.304139],[55.805397,-21.304278],[55.805444,-21.304325],[55.805444,-21.304414],[55.805442,-21.304506],[55.805297,-21.304594],[55.804672,-21.304589],[55.804536,-21.304733],[55.804581,-21.304961],[55.804967,-21.305044],[55.805111,-21.305136],[55.805067,-21.305722],[55.8054,-21.306175],[55.805303,-21.306311],[55.805061,-21.306308],[55.804919,-21.306217],[55.804725,-21.306217],[55.804675,-21.306486],[55.804539,-21.306675],[55.804731,-21.30685],[55.804681,-21.307075],[55.805114,-21.306986],[55.805161,-21.307078],[55.805161,-21.307214],[55.804822,-21.3073],[55.804828,-21.307797],[55.804683,-21.307889],[55.804681,-21.308114],[55.804294,-21.308119],[55.804247,-21.3083],[55.804444,-21.308617],[55.804444,-21.308844],[55.803872,-21.309103],[55.803819,-21.309753],[55.804028,-21.310294],[55.804586,-21.310397],[55.804603,-21.310706],[55.804275,-21.310747],[55.804281,-21.311236],[55.804408,-21.312158],[55.804503,-21.312339],[55.80425,-21.312511],[55.804733,-21.313725],[55.804781,-21.313761],[55.804672,-21.314058],[55.804772,-21.314583],[55.804769,-21.315133],[55.804914,-21.315261],[55.804719,-21.315342],[55.805239,-21.315533],[55.804611,-21.315639],[55.804944,-21.317283],[55.80555,-21.317353],[55.805856,-21.317778],[55.805294,-21.317992],[55.805703,-21.318872],[55.805442,-21.318958],[55.805389,-21.319383],[55.804975,-21.319625],[55.806211,-21.326292],[55.808667,-21.330167],[55.80925,-21.330839],[55.809142,-21.331289],[55.808211,-21.332864],[55.807428,-21.335714],[55.807569,-21.336203],[55.807461,-21.336156],[55.807375,-21.336336],[55.807219,-21.336533],[55.807294,-21.336761],[55.806186,-21.337736],[55.805611,-21.338483],[55.804511,-21.339667],[55.804,-21.340875],[55.803614,-21.341017],[55.801889,-21.343453],[55.801669,-21.344064],[55.800444,-21.345311],[55.799944,-21.346411],[55.799761,-21.346617],[55.799161,-21.347906],[55.7982,-21.348872],[55.797444,-21.349247],[55.797158,-21.349822],[55.797397,-21.350122],[55.796931,-21.350581],[55.796903,-21.350489],[55.796925,-21.3503],[55.796633,-21.350514],[55.796169,-21.350619],[55.796506,-21.350739],[55.796053,-21.350844],[55.795658,-21.350689],[55.794292,-21.351339],[55.793275,-21.352008],[55.793131,-21.351881],[55.792819,-21.352158],[55.792764,-21.352033],[55.792481,-21.352372],[55.792525,-21.352897],[55.792253,-21.353194],[55.791933,-21.353281],[55.791514,-21.353722],[55.791331,-21.353972],[55.791147,-21.353981],[55.789581,-21.354511],[55.788836,-21.354542],[55.7886,-21.355281],[55.787425,-21.356267],[55.787336,-21.356483],[55.786306,-21.357433],[55.786008,-21.357233],[55.784203,-21.358744],[55.783222,-21.359389],[55.782886,-21.360525],[55.783336,-21.360789],[55.783283,-21.361467],[55.782936,-21.361583],[55.782675,-21.361589],[55.782169,-21.360836],[55.781764,-21.360978],[55.781772,-21.361158],[55.781894,-21.361386],[55.781586,-21.3613],[55.781447,-21.361761],[55.781239,-21.361597],[55.780967,-21.361739],[55.780533,-21.3618],[55.780269,-21.362006],[55.779894,-21.361911],[55.779603,-21.362261],[55.779525,-21.362136],[55.778817,-21.362644],[55.779008,-21.363108],[55.778431,-21.362914],[55.7781,-21.363328],[55.777822,-21.362992],[55.777608,-21.363278],[55.777319,-21.363222],[55.776767,-21.363497],[55.776464,-21.363847],[55.776031,-21.363908],[55.775767,-21.364347],[55.775811,-21.364575],[55.775581,-21.3645],[55.775011,-21.364586],[55.775036,-21.365003],[55.774825,-21.365072],[55.775244,-21.365519],[55.774533,-21.36545],[55.774186,-21.36525],[55.774328,-21.365667],[55.773681,-21.365769],[55.773606,-21.365617],[55.773925,-21.365328],[55.773281,-21.365133],[55.772864,-21.365294],[55.772589,-21.364931],[55.772308,-21.365028],[55.772131,-21.365533],[55.771433,-21.365708],[55.771419,-21.365283],[55.770933,-21.365525],[55.770714,-21.36525],[55.770742,-21.365494],[55.770808,-21.365694],[55.770242,-21.365311],[55.769797,-21.365433],[55.769356,-21.36525],[55.769128,-21.364833],[55.768914,-21.365094],[55.768692,-21.364883],[55.768717,-21.365581],[55.768342,-21.365433],[55.767858,-21.3656],[55.767783,-21.365267],[55.767186,-21.365253],[55.76695,-21.365514],[55.767011,-21.365206],[55.767111,-21.364944],[55.766908,-21.364825],[55.766642,-21.364436],[55.76615,-21.364486],[55.765936,-21.364611],[55.765947,-21.364431],[55.765322,-21.364325],[55.765153,-21.363872],[55.764553,-21.36415],[55.764233,-21.364028],[55.763992,-21.3641],[55.764044,-21.363611],[55.763619,-21.3638],[55.763342,-21.363533],[55.762111,-21.36415],[55.761681,-21.364],[55.761197,-21.364025],[55.760286,-21.364406],[55.759664,-21.364086],[55.759492,-21.363706],[55.758811,-21.363456],[55.757722,-21.363339],[55.756394,-21.362994],[55.754689,-21.363697],[55.753981,-21.364397],[55.753236,-21.365583],[55.75295,-21.366347],[55.751364,-21.366978],[55.751214,-21.367564],[55.7505,-21.367794],[55.74975,-21.367417],[55.748436,-21.367669],[55.747436,-21.368519],[55.746125,-21.368339],[55.744281,-21.368633],[55.743708,-21.368881],[55.742839,-21.369075],[55.741153,-21.369033],[55.740053,-21.369153],[55.739789,-21.369339],[55.737144,-21.368725],[55.735678,-21.36875],[55.734669,-21.369203],[55.734508,-21.368903],[55.733922,-21.368808],[55.732806,-21.369603],[55.732783,-21.369819],[55.73155,-21.369864],[55.731425,-21.369739],[55.731569,-21.370958],[55.730956,-21.370475],[55.731008,-21.369861],[55.730281,-21.369331],[55.728233,-21.369586],[55.727936,-21.369486],[55.72745,-21.369889],[55.727083,-21.36985],[55.726783,-21.370225],[55.726569,-21.370242],[55.726442,-21.370514],[55.726144,-21.370447],[55.725939,-21.370581],[55.725844,-21.370517],[55.725642,-21.370614],[55.725581,-21.370806],[55.725028,-21.371206],[55.724939,-21.371594],[55.724561,-21.371547],[55.724486,-21.371339],[55.724417,-21.371572],[55.724119,-21.371589],[55.723739,-21.371803],[55.723492,-21.371475],[55.723306,-21.371736],[55.723183,-21.371653],[55.723342,-21.372197],[55.722994,-21.372247],[55.722736,-21.372003],[55.722606,-21.372581],[55.72155,-21.373042],[55.721222,-21.372958],[55.721192,-21.373292],[55.721219,-21.373444],[55.720739,-21.373169],[55.719306,-21.373792],[55.718292,-21.374019],[55.717194,-21.374869],[55.714433,-21.375236],[55.712311,-21.375167],[55.711272,-21.374922],[55.710794,-21.375453],[55.710942,-21.376267],[55.710694,-21.376019],[55.710706,-21.375586],[55.71035,-21.375414],[55.709461,-21.375694],[55.709192,-21.375783],[55.708789,-21.376567],[55.708108,-21.375892],[55.708075,-21.376389],[55.707614,-21.376475],[55.707183,-21.376067],[55.706331,-21.376492],[55.706083,-21.376039],[55.705094,-21.376428],[55.704075,-21.37635],[55.703608,-21.376689],[55.703194,-21.376639],[55.702544,-21.376889],[55.701525,-21.3766],[55.701408,-21.376789],[55.700897,-21.376678],[55.700503,-21.376556],[55.700167,-21.376517],[55.699733,-21.376289],[55.698089,-21.375797],[55.697803,-21.375614],[55.697175,-21.375753],[55.695969,-21.375664],[55.695825,-21.375753],[55.695631,-21.37575],[55.695436,-21.375883],[55.694761,-21.375889],[55.694183,-21.375847],[55.693661,-21.376069],[55.693467,-21.376114],[55.693325,-21.375986],[55.692642,-21.3758],[55.691386,-21.3758],[55.690906,-21.37585],[55.690325,-21.375853],[55.689458,-21.375622],[55.688978,-21.375536],[55.688642,-21.375397],[55.687872,-21.375311],[55.687439,-21.375172],[55.686767,-21.374906],[55.686428,-21.374903],[55.686039,-21.375178],[55.6858,-21.375086],[55.685647,-21.374769],[55.685503,-21.374722],[55.685069,-21.374683],[55.68425,-21.374775],[55.682467,-21.374725],[55.68155,-21.374728],[55.680689,-21.374911],[55.679964,-21.375186],[55.678947,-21.375458],[55.678378,-21.375769],[55.6776,-21.37645],[55.677267,-21.376953],[55.677214,-21.377358],[55.677508,-21.377894],[55.677411,-21.378119],[55.677417,-21.378525],[55.677511,-21.378708],[55.677461,-21.378842],[55.677411,-21.379203],[55.676789,-21.379614],[55.675869,-21.378847],[55.675678,-21.378847],[55.675581,-21.378936],[55.675628,-21.379161],[55.675578,-21.379253],[55.675336,-21.379206],[55.675239,-21.379303],[55.675244,-21.3797],[55.675003,-21.379933],[55.674903,-21.380206],[55.674431,-21.380336],[55.674428,-21.380425],[55.674811,-21.3807],[55.674811,-21.380836],[55.674569,-21.380878],[55.674617,-21.381061],[55.674669,-21.381467],[55.674619,-21.381603],[55.674569,-21.382008],[55.674425,-21.382008],[55.674378,-21.381781],[55.674331,-21.381736],[55.674186,-21.381733],[55.673847,-21.381922],[55.673656,-21.381739],[55.673606,-21.381739],[55.673461,-21.381872],[55.673028,-21.381925],[55.672744,-21.382192],[55.672694,-21.382372],[55.671633,-21.383367],[55.671536,-21.383592],[55.6713,-21.383997],[55.671156,-21.384042],[55.670858,-21.383822],[55.670378,-21.383772],[55.669364,-21.383775],[55.668553,-21.383911],[55.668131,-21.383683],[55.667561,-21.383669],[55.667244,-21.383486],[55.667175,-21.382772],[55.666944,-21.382644],[55.666519,-21.383553],[55.666183,-21.383594],[55.665703,-21.383419],[55.664739,-21.38315],[55.66455,-21.382922],[55.663769,-21.382656],[55.663531,-21.382472],[55.663289,-21.382514],[55.662469,-21.382564],[55.661794,-21.382656],[55.661272,-21.382789],[55.660203,-21.382697],[55.659197,-21.382833],[55.658519,-21.383156],[55.657889,-21.383383],[55.657561,-21.383653],[55.654617,-21.384831],[55.652833,-21.385828],[55.650667,-21.386597],[55.649989,-21.386917],[55.649842,-21.387094],[55.649897,-21.387411],[55.649847,-21.387547],[55.649992,-21.387639],[55.649939,-21.387864],[55.649892,-21.387953],[55.64985,-21.388181],[55.649606,-21.388675],[55.649167,-21.388986],[55.648675,-21.388964],[55.648511,-21.389117],[55.648394,-21.389125],[55.648339,-21.388872],[55.647856,-21.388922],[55.647908,-21.388625],[55.6479,-21.388569],[55.647831,-21.388489],[55.647736,-21.388542],[55.647831,-21.388614],[55.647792,-21.388814],[55.647653,-21.389003],[55.647528,-21.389072],[55.647247,-21.389169],[55.646811,-21.389356],[55.646372,-21.38985],[55.646228,-21.38985],[55.646183,-21.389578],[55.645944,-21.389314],[55.645606,-21.3894],[55.645606,-21.389219],[55.645511,-21.389175],[55.645125,-21.389125],[55.645031,-21.389081],[55.645025,-21.388583],[55.644783,-21.388592],[55.644686,-21.388681],[55.644542,-21.388678],[55.64435,-21.388586],[55.644017,-21.387997],[55.644011,-21.3876],[55.643867,-21.387644],[55.643672,-21.387822],[55.643528,-21.387731],[55.643383,-21.387594],[55.643192,-21.387547],[55.64305,-21.387319],[55.64305,-21.387186],[55.643436,-21.387053],[55.643525,-21.386919],[55.643286,-21.386781],[55.643336,-21.386511],[55.643764,-21.386017],[55.644056,-21.385883],[55.644056,-21.385794],[55.643383,-21.385653],[55.642703,-21.384978],[55.641842,-21.384394],[55.640536,-21.383806],[55.639044,-21.383269],[55.638025,-21.382997],[55.635664,-21.382725],[55.634219,-21.382633],[55.6334,-21.3825],[55.631231,-21.382592],[55.628722,-21.382597],[55.627517,-21.382642],[55.625633,-21.382825],[55.624,-21.383144],[55.622742,-21.38355],[55.622025,-21.384006],[55.620814,-21.384636],[55.620581,-21.384861],[55.620192,-21.385128],[55.619611,-21.385314],[55.619089,-21.385581],[55.618653,-21.385631],[55.618606,-21.385675],[55.617928,-21.385814],[55.617542,-21.385811],[55.617058,-21.385897],[55.615417,-21.386356],[55.614306,-21.386353],[55.613778,-21.386222],[55.613583,-21.386267],[55.613439,-21.386267],[55.613197,-21.386353],[55.612,-21.386497],[55.611369,-21.386719],[55.610883,-21.387175],[55.6107,-21.387264],[55.610411,-21.387306],[55.609928,-21.387311],[55.609342,-21.387125],[55.609006,-21.386906],[55.607903,-21.386275],[55.607028,-21.385869],[55.606403,-21.385819],[55.606117,-21.385592],[55.605828,-21.385461],[55.605436,-21.385097],[55.605242,-21.38505],[55.604725,-21.384847],[55.603944,-21.384561],[55.603753,-21.384425],[55.603408,-21.384239],[55.602975,-21.384111],[55.602544,-21.383836],[55.601914,-21.383208],[55.601628,-21.382844],[55.601294,-21.382433],[55.601142,-21.382208],[55.601144,-21.381856],[55.600808,-21.381717],[55.600322,-21.381169],[55.600328,-21.380719],[55.599744,-21.380092],[55.599556,-21.379592],[55.599356,-21.379364],[55.598633,-21.379142],[55.598061,-21.378603],[55.597722,-21.378692],[55.597192,-21.378697],[55.596758,-21.378783],[55.596517,-21.378692],[55.596372,-21.378781],[55.595986,-21.378742],[55.59565,-21.378647],[55.595603,-21.378511],[55.595017,-21.378108],[55.594683,-21.377836],[55.594531,-21.377517],[55.59405,-21.377342],[55.592703,-21.377022],[55.592078,-21.376936],[55.591886,-21.376889],[55.591253,-21.376486],[55.590917,-21.37635],[55.590631,-21.376122],[55.590483,-21.376211],[55.590336,-21.376481],[55.590431,-21.376833],[55.59035,-21.377022],[55.590206,-21.377047],[55.590247,-21.376706],[55.590183,-21.37645],[55.589953,-21.376306],[55.589739,-21.376367],[55.589692,-21.376483],[55.589567,-21.376436],[55.589617,-21.376211],[55.589861,-21.375808],[55.589861,-21.375672],[55.589719,-21.375581],[55.589619,-21.374856],[55.589469,-21.374403],[55.5887,-21.374272],[55.588414,-21.373908],[55.588408,-21.373319],[55.588267,-21.373192],[55.587883,-21.372964],[55.587444,-21.372417],[55.586669,-21.371697],[55.586236,-21.371522],[55.585706,-21.371653],[55.585425,-21.371831],[55.584986,-21.372197],[55.584503,-21.372375],[55.583392,-21.372556],[55.583103,-21.372561],[55.582622,-21.372511],[55.582003,-21.372653],[55.580403,-21.373414],[55.579542,-21.373822],[55.578533,-21.374456],[55.578244,-21.374464],[55.577753,-21.374278],[55.577272,-21.374283],[55.575972,-21.374958],[55.575778,-21.375136],[55.575639,-21.375633],[55.574719,-21.375814],[55.574403,-21.375694],[55.573911,-21.375736],[55.573528,-21.376283],[55.573167,-21.375992],[55.572656,-21.375942],[55.571969,-21.376],[55.572033,-21.376333],[55.571572,-21.376239],[55.571297,-21.375678],[55.570478,-21.375681],[55.569564,-21.375364],[55.568553,-21.375183],[55.568553,-21.375183],[55.568056,-21.376667]]]}},{"type":"Feature","properties":{"name":"269","nameV":"R 269","class":"R","type":"R","lower":"SFC","lowerM":0,"upper":"200FT AGL","ordinalUpperM":60,"upperM":60,"groundEstimatedHeight":[0,0,0,0],"desc":"Administrator: Z AIR TEL: 06 80 50 98 09 GAT/OAT: Avoidance mandatory including unmanned aircraft, except for ACFT performing air security, fire fighting, search and rescue missions as part of their missions when the area avoidance is not possible.","activationCode":"HX","activationDesc":"Possible activation: MON-FRI, SR-SS","UId":"26372462","id":"LFR269","stroke":"#800080","stroke-width":2,"stroke-opacity":0.8,"fill":"#ffb9dc","fill-opacity":0.6},"geometry":{"type":"Polygon","coordinates":[[[5.088333,43.333056],[5.093611,43.333056],[5.093611,43.325],[5.151944,43.322222],[5.151667,43.305],[5.088056,43.307778],[5.088333,43.333056]]]}},{"type":"Feature","properties":{"name":"88","nameV":"R 88","class":"R","type":"R","lower":"SFC","lowerM":0,"upper":"1300FT AMSL","upperM":396,"desc":"Administrator: NIL. GAT/IFR, OAT I/T: Avoidance mandatory. CAG/VFR and CAM V: reserved for aircraft outbound or inbound BERRE LA FARE AD. Unmanned aircraft: authorization for entering and flying in the area according to protocol with AD operator of BERRE LA FARE.","activationCode":"H24","UId":"1562439","id":"LFR88","stroke":"#800080","stroke-width":2,"stroke-opacity":0.8,"fill":"#ffb9dc","fill-opacity":0.6},"geometry":{"type":"Polygon","coordinates":[[[5.228333,43.561667],[5.232222,43.545],[5.231667,43.510833],[5.135833,43.510278],[5.120556,43.5225],[5.125278,43.536667],[5.154444,43.551667],[5.228333,43.561667]]]}},{"type":"Feature","properties":{"name":"107","nameV":"R 107","class":"R","type":"R","lower":"SFC","lowerM":0,"upper":"3000FT AMSL","upperM":914,"desc":"GAT IFR/VFR, OAT: Avoidance mandatory Activity provided by: PROVENCE INFO PROVENCE TWR","activationCode":"TIMSH","activationDesc":"Possible activation from 02 MAY to 30 OCT: SR-SS and from 31 OCT to 01 MAY: 0900-1600 (SUM: -1H).","timeScheduling":{"1":["UTCW(01/01->31/12)","WD(13:00->16:00)"],"2":["UTCW(01/01->31/12)","WD(08:00->11:00)"]},"UId":"1606075","id":"LFR107","stroke":"#800080","stroke-width":2,"stroke-opacity":0.8,"fill":"#ffb9dc","fill-opacity":0.6},"geometry":{"type":"Polygon","coordinates":[[[5.418056,43.423333],[5.5225,43.404722],[5.555833,43.381111],[5.551389,43.35],[5.515,43.311667],[5.501389,43.311667],[5.501592,43.311663],[5.501482,43.313736],[5.501302,43.315806],[5.501052,43.317873],[5.50073,43.319934],[5.500339,43.321989],[5.499877,43.324036],[5.499345,43.326074],[5.498744,43.328102],[5.498074,43.330118],[5.497335,43.332122],[5.496528,43.334111],[5.495653,43.336086],[5.49471,43.338044],[5.493701,43.339984],[5.492626,43.341905],[5.491486,43.343807],[5.490281,43.345687],[5.489011,43.347545],[5.487679,43.349379],[5.486284,43.351189],[5.484828,43.352973],[5.483311,43.35473],[5.481735,43.356459],[5.4801,43.358159],[5.478407,43.359828],[5.476657,43.361467],[5.474852,43.363074],[5.472992,43.364647],[5.471079,43.366186],[5.469114,43.36769],[5.467098,43.369159],[5.465033,43.37059],[5.462918,43.371983],[5.460757,43.373338],[5.45855,43.374653],[5.456299,43.375928],[5.454005,43.377162],[5.451669,43.378354],[5.449293,43.379504],[5.446878,43.38061],[5.444426,43.381672],[5.441939,43.382689],[5.439417,43.383661],[5.436863,43.384587],[5.434278,43.385467],[5.431664,43.386299],[5.429021,43.387084],[5.426353,43.387821],[5.42366,43.38851],[5.420945,43.38915],[5.418208,43.38974],[5.415452,43.390281],[5.412679,43.390771],[5.409889,43.391211],[5.407085,43.391601],[5.404269,43.39194],[5.401442,43.392228],[5.401389,43.392222],[5.401389,43.392222],[5.418056,43.423333]]]}},{"type":"Feature","properties":{"name":"40 A","nameV":"R 40 A","class":"R","type":"R","lower":"SFC","lowerM":0,"upper":"2000FT AMSL","upperM":609,"desc":"Administrator: EALAT 05 58 35 95 50 Point of Contact for UAS flights: be-6rhc-esa-env.resp.fct@intradef.gouv.fr IFR: upon BIARRITZ APP authorisation. VFR/OAT: upon DAX TWR 118.325.authorisation. Actual activity known on BIARRITZ INFO 119.175 or DAX APP 122.05 or RAI 122.05. Except for LF-R328 Cagnotte.","activationCode":"HX","activationDesc":"Activable H24.","timeScheduling":{"1":["UTC(01/01->31/12)","ANY(00:00->23:59)"]},"UId":"1563273","id":"LFR40A","stroke":"#800080","stroke-width":2,"stroke-opacity":0.8,"fill":"#ffb9dc","fill-opacity":0.6},"geometry":{"type":"Polygon","coordinates":[[[-1.145,44.001389],[-1.088889,43.969444],[-0.991667,43.891667],[-0.844444,43.825],[-0.669444,43.555556],[-0.766667,43.491667],[-0.807778,43.464722],[-0.9,43.471111],[-1.123611,43.454722],[-1.172222,43.483333],[-1.172222,43.591667],[-1.361111,43.636111],[-1.295,43.8075],[-1.247222,43.922222],[-1.145,44.001389]]]}},{"type":"Feature","properties":{"name":"49 E1","nameV":"R 49 E1","class":"R","type":"R","lower":"SFC","lowerM":0,"upper":"3000FT AMSL","upperM":914,"desc":"Administrator: COGNAC APP. IFR/VFR/OAT: upon COGNAC APP authorisation during activity hours. Activity known on COGNAC APP 132.450 / 362.3 LF R 49 E1 deactivation announced on: RAI 132.450 or on AQUITAINE INFO, LA ROCHELLE INFO, LIMOGES INFO, POITIERS INFO. Flying over COGNAC AD BLW 1000ft ASFC prohibited H24","activationCode":"HX","activationDesc":"Possible activation H24","timeScheduling":{"1":["UTC(01/01->31/12)","ANY(00:00->23:59)"]},"UId":"1564425","id":"LFR49E1","stroke":"#800080","stroke-width":2,"stroke-opacity":0.8,"fill":"#ffb9dc","fill-opacity":0.6},"geometry":{"type":"Polygon","coordinates":[[[-0.14986,45.657935],[-0.150347,45.667083],[-0.15186,45.676176],[-0.15439,45.685158],[-0.157922,45.693974],[-0.162435,45.702569],[-0.1679,45.710889],[-0.174286,45.718885],[-0.181552,45.726505],[-0.189654,45.733704],[-0.198543,45.740435],[-0.208163,45.746659],[-0.218455,45.752336],[-0.229355,45.75743],[-0.240797,45.761912],[-0.25271,45.765751],[-0.265018,45.768926],[-0.277648,45.771416],[-0.290519,45.773206],[-0.303552,45.774284],[-0.316667,45.774644],[-0.329782,45.774284],[-0.342815,45.773206],[-0.355686,45.771416],[-0.368316,45.768926],[-0.380624,45.765751],[-0.392537,45.761912],[-0.403979,45.75743],[-0.414879,45.752336],[-0.425171,45.746659],[-0.434791,45.740435],[-0.44368,45.733704],[-0.451782,45.726505],[-0.459048,45.718885],[-0.465434,45.710889],[-0.470899,45.702569],[-0.475412,45.693974],[-0.478944,45.685158],[-0.481474,45.676176],[-0.482987,45.667083],[-0.483474,45.657935],[-0.482933,45.648788],[-0.481367,45.639699],[-0.478786,45.630724],[-0.475208,45.621919],[-0.470654,45.613336],[-0.465153,45.60503],[-0.458739,45.597051],[-0.451452,45.589448],[-0.443337,45.582268],[-0.434444,45.575555],[-0.424828,45.569351],[-0.414549,45.563692],[-0.403669,45.558615],[-0.392256,45.55415],[-0.380379,45.550325],[-0.368111,45.547163],[-0.355529,45.544683],[-0.342708,45.5429],[-0.329727,45.541827],[-0.316667,45.541468],[-0.303607,45.541827],[-0.290626,45.5429],[-0.277805,45.544683],[-0.265223,45.547163],[-0.252955,45.550325],[-0.241078,45.55415],[-0.229665,45.558615],[-0.218785,45.563692],[-0.208506,45.569351],[-0.19889,45.575555],[-0.189997,45.582268],[-0.181882,45.589448],[-0.174595,45.597051],[-0.168181,45.60503],[-0.16268,45.613336],[-0.158126,45.621919],[-0.154548,45.630724],[-0.151967,45.639699],[-0.150401,45.648788],[-0.14986,45.657935]]]}},{"type":"Feature","properties":{"name":"175 B","nameV":"R 175 B (SeeNotam)","class":"R","type":"R","lower":"FL195","lowerM":5943,"upper":"FL590","upperM":17983,"desc":"Administrator: CAPCIA-51e RI TEL: 03 26 67 81 00 / 81 02 / 82 31 GAT IFR/VFR: avoidance mandatory during activity. RAI 118.625 MHz. Activité known on: PARIS ACC REIMS ACC Area not AMC-manageable by CNGE.","activationCode":"NOTAM","activationDesc":"Possible activation by NOTAM. Activated simultaneously with LF-R 175 A SUIPPES. Activation SKED specified in AUP France.","UId":"29827738","id":"LFR175B","stroke":"#800080","stroke-width":2,"stroke-opacity":0.8,"fill":"#ffb9dc","fill-opacity":0.1},"geometry":{"type":"Polygon","coordinates":[[[4.75,49.246667],[4.75,49.155],[4.452222,49.035],[4.358333,49.108333],[4.416667,49.191667],[4.75,49.246667]]]}},{"type":"Feature","properties":{"name":"206","nameV":"R 206","class":"R","type":"R","lower":"SFC","lowerM":0,"upper":"4200FT AMSL","upperM":1280,"desc":"Administrator: 1er régiment de tirailleurs - TEL: 03 29 69 82 78 GAT, OAT: avoidance mandatory. Activity known on: - OCHEY APP (ATS SKED), - STRASBOURG INFO, - 1er régiment de tirailleurs - 03 29 69 82 37","activationCode":"HX","activationDesc":"Possible activation: Except HOL: - MON, TUE and FRI: 0600- 1600 - THU: 0600- 2300 SUM: - 1HR","UId":"1564609","id":"LFR206","stroke":"#800080","stroke-width":2,"stroke-opacity":0.8,"fill":"#ffb9dc","fill-opacity":0.6},"geometry":{"type":"Polygon","coordinates":[[[5.563611,48.768056],[5.5675,48.763611],[5.559722,48.754167],[5.512778,48.743889],[5.5075,48.754167],[5.563611,48.768056]]]}},{"type":"Feature","properties":{"name":"60","nameV":"R 60 (SeeNotam)","class":"R","type":"R","lower":"SFC","lowerM":0,"upper":"1500FT AMSL","upperM":457,"desc":"Administrator: BRICY APP. TEL 02 38 42 66 45 Except LF-R 149 A when active. GAT/OAT: avoidance mandatory, except for the following ACFT which must comply with BRICY APP instructions: - ACFT training in the area, - ACFT going to or departing from Orléans Bricy. These ACFT could be subject to specific air traffic flow regulation measures which could go as far as a temporary suspension of flights, - ACFT conducting assistance, rescue or public safety missions, when the avoidance is not compatible with their missions, - AEM 8500 Baccon according to protocol. Activity known on: - BRICY APP/TWR, - SEINE INFO.","activationCode":"HX","activationDesc":"Possible activation by NOTAM: MON-FRI H24 except HOL","UId":"40502985","id":"LFR60","stroke":"#800080","stroke-width":2,"stroke-opacity":0.8,"fill":"#ffb9dc","fill-opacity":0.6},"geometry":{"type":"Polygon","coordinates":[[[1.158889,47.928056],[1.235,47.946944],[1.609167,48.035278],[1.561389,47.961944],[1.56119,47.961954],[1.561616,47.959292],[1.562169,47.95664],[1.562849,47.954002],[1.563655,47.951379],[1.564586,47.948776],[1.565642,47.946193],[1.56682,47.943635],[1.56812,47.941103],[1.569541,47.9386],[1.571081,47.936129],[1.572738,47.933693],[1.574511,47.931293],[1.576398,47.928933],[1.578397,47.926614],[1.580505,47.92434],[1.582721,47.922112],[1.585043,47.919933],[1.587467,47.917805],[1.589992,47.91573],[1.592615,47.91371],[1.595332,47.911748],[1.598143,47.909845],[1.601042,47.908004],[1.604028,47.906225],[1.607098,47.904512],[1.610248,47.902866],[1.613474,47.901288],[1.616775,47.89978],[1.620146,47.898344],[1.623583,47.896981],[1.627084,47.895693],[1.630644,47.894481],[1.634261,47.893345],[1.63793,47.892288],[1.641647,47.891311],[1.645409,47.890413],[1.649212,47.889597],[1.653052,47.888864],[1.656925,47.888213],[1.660827,47.887645],[1.664755,47.887162],[1.668703,47.886763],[1.672668,47.88645],[1.676646,47.886221],[1.680633,47.886079],[1.684625,47.886022],[1.688617,47.886051],[1.692606,47.886165],[1.696588,47.886366],[1.700558,47.886651],[1.704512,47.887022],[1.708447,47.887478],[1.712357,47.888018],[1.71624,47.888642],[1.720092,47.889348],[1.723907,47.890138],[1.727683,47.891008],[1.7275,47.891111],[1.7275,47.891111],[1.263333,47.769167],[1.106389,47.850556],[1.158889,47.928056]]]}},{"type":"Feature","properties":{"name":"146 B","nameV":"R 146 B","class":"R","type":"R","lower":"FL115","lowerM":3505,"upper":"FL195","upperM":5943,"desc":"Administrator: CCMAR Atlantique (ARMOR) 124.725 MHz. Except for R 506 B when active. Outside LF-R 270 ARGOAT activation GAT/OAT: upon ARMOR authorisation. Actual activity known on BREST ACC, IROISE APP/INFO, NANTES APP, RENNES APP.","activationCode":"HX","activationDesc":"MON toFRI except HOL: 0800-2359. TUE-SAT except HOL: 0000-0059 SUM: -1HR.","UId":"1566441","id":"LFR146B","stroke":"#800080","stroke-width":2,"stroke-opacity":0.8,"fill":"#ffb9dc","fill-opacity":0.1},"geometry":{"type":"Polygon","coordinates":[[[-2.346389,48.456667],[-2.206944,48.35],[-2.206944,47.742778],[-2.4475,47.764444],[-3.259167,48.244167],[-3.05,48.338611],[-2.798056,48.381389],[-2.346389,48.456667]]]}},{"type":"Feature","properties":{"name":"295","nameV":"R 295","class":"R","type":"R","lower":"SFC","lowerM":0,"upper":"4500FT AMSL","upperM":1371,"desc":"Administrator: BRICY APP. TEL: 02 38 42 66 45 GAT/OAT: avoidance mandatory during the activity. Activity known on: BRICY APP / TWR.","activationCode":"HX","activationDesc":"Possible activation: SR-SS.","UId":"40502964","id":"LFR295","stroke":"#800080","stroke-width":2,"stroke-opacity":0.8,"fill":"#ffb9dc","fill-opacity":0.6},"geometry":{"type":"Polygon","coordinates":[[[1.860097,47.987735],[1.859146,47.997008],[1.856275,48.006102],[1.851539,48.01484],[1.845029,48.023051],[1.836872,48.030576],[1.827226,48.037268],[1.816278,48.042996],[1.804243,48.047649],[1.791354,48.051135],[1.777863,48.053386],[1.764034,48.054359],[1.750138,48.054034],[1.736445,48.052418],[1.723223,48.049543],[1.71073,48.045463],[1.69921,48.04026],[1.688888,48.034035],[1.679964,48.026909],[1.672613,48.019021],[1.666977,48.010526],[1.663164,48.001588],[1.661249,47.992383],[1.661266,47.983088],[1.663216,47.973885],[1.667059,47.964954],[1.67272,47.956467],[1.680087,47.948591],[1.689016,47.941476],[1.699335,47.935263],[1.710841,47.930071],[1.723312,47.926001],[1.736505,47.923133],[1.750164,47.921521],[1.764025,47.921197],[1.777819,47.922167],[1.791278,47.924413],[1.804141,47.927891],[1.816159,47.932533],[1.827098,47.938249],[1.836746,47.944929],[1.844914,47.952443],[1.851444,47.960645],[1.856207,47.969375],[1.859111,47.978464],[1.860097,47.987735]]]}},{"type":"Feature","properties":{"name":"28","nameV":"R 28","class":"R","type":"R","lower":"SFC","lowerM":0,"upper":"1100FT AMSL","upperM":335,"desc":"Administrator: Beynes security and support group (Gendarmerie). GAT/OAT: avoidance mandatory during activity.. Activity known on: Beynes camp duty office. TEL: +33(0)1 34 91 21 64","activationCode":"HX","activationDesc":"Possible activation H24","UId":"40503004","id":"LFR28","stroke":"#800080","stroke-width":2,"stroke-opacity":0.8,"fill":"#ffb9dc","fill-opacity":0.6},"geometry":{"type":"Polygon","coordinates":[[[1.901944,48.871389],[1.908333,48.869722],[1.908889,48.864444],[1.900833,48.856944],[1.885556,48.858333],[1.881944,48.869722],[1.901944,48.871389]]]}},{"type":"Feature","properties":{"name":"30 B","nameV":"R 30 B Upper(FL115-3300FT AGL)","class":"R","type":"R","lower":"SFC","lowerM":0,"upper":"FL115","upperMax":"3300FT AGL","upperM":3505,"desc":"Area defined except for LF-R 30 C MONT-BLANC. Administrator:NIL Avoidance mandatory for Ultra light gliders. The North-West border of the area follows the railway line between the Gaillands lake at the South and Tines station at the North. From Tines station to Gigord's peak, the area limit follows a line of ridges.","activationCode":"HX","activationDesc":"H24 from 01st JUL to 31st AUG.","UId":"1566573","id":"LFR30B","stroke":"#800080","stroke-width":2,"stroke-opacity":0.8,"fill":"#ffb9dc","fill-opacity":0.6},"geometry":{"type":"Polygon","coordinates":[[[6.782222,45.846111],[6.796667,45.868056],[6.835278,45.879444],[6.851667,45.914722],[6.875,45.923333],[6.876667,45.928056],[6.889444,45.934444],[6.888889,45.940278],[6.899167,45.950556],[6.916944,45.948333],[6.945,45.926667],[6.956944,45.931944],[6.970278,45.934722],[6.965833,45.942778],[6.992222,45.973333],[7.001944,45.968889],[7.009220110560653,45.96921942639588],[7.017767,45.960561],[7.037311,45.954828],[7.038508,45.944928],[7.035744,45.938378],[7.042508,45.9302],[7.043878,45.924483],[7.044686,45.922331],[7.044686,45.922331],[7.039364,45.921817],[7.0367,45.920739],[7.032017,45.920439],[7.023078,45.916428],[7.019853,45.915172],[7.015814,45.910714],[7.013408,45.906317],[7.007261,45.903083],[7.002878,45.896111],[7.006186,45.886628],[7.002275,45.881511],[6.999053,45.877711],[6.999311,45.873819],[6.990372,45.868133],[6.981433,45.869033],[6.969358,45.865981],[6.966692,45.864394],[6.956292,45.860983],[6.951136,45.860833],[6.948386,45.856375],[6.942711,45.851708],[6.941722,45.850242],[6.941636,45.847189],[6.935364,45.845633],[6.932611,45.845333],[6.926639,45.847367],[6.921225,45.846978],[6.915767,45.843269],[6.913186,45.840875],[6.906797,45.843614],[6.901842,45.842461],[6.893247,45.843328],[6.881514,45.849492],[6.875497,45.847158],[6.874078,45.844914],[6.873197,45.840258],[6.869997,45.838333],[6.872103,45.835764],[6.869136,45.832617],[6.871972,45.830433],[6.868364,45.824658],[6.865828,45.825494],[6.859597,45.833186],[6.850828,45.838183],[6.841117,45.840547],[6.833253,45.837494],[6.822378,45.837525],[6.819433693368203,45.835851129167295],[6.819444,45.835833],[6.782222,45.846111]]]}},{"type":"Feature","properties":{"name":"30 A","nameV":"R 30 A Upper(FL115-3300FT AGL)","class":"R","type":"R","lower":"SFC","lowerM":0,"upper":"FL115","upperMax":"3300FT AGL","upperM":3505,"desc":"Administrator:NIL Avoidance mandatory for Ultra light gliders.","activationCode":"HX","activationDesc":"H24 from 01 JAN to 30 JUN and from 01 SEP to 31 DEC","UId":"1566571","id":"LFR30A","stroke":"#800080","stroke-width":2,"stroke-opacity":0.8,"fill":"#ffb9dc","fill-opacity":0.6},"geometry":{"type":"Polygon","coordinates":[[[6.899167,45.950556],[6.916944,45.948333],[6.917222,45.931389],[6.892222,45.926111],[6.888889,45.940278],[6.899167,45.950556]]]}},{"type":"Feature","properties":{"name":"64 B","nameV":"R 64 B","class":"R","type":"R","lower":"SFC","lowerM":0,"upper":"3000FT AMSL","upperM":914,"desc":"Administrator: CUERS TWR 122.7. Except for LF-R 234 A and B TOURRIS when active. Entry: prior contact mandatory on RAI 118.275, to comply with requirements.Radio watchkeeping 122.7 mandatory in R 64 B whatever the activity announced is. VFR: follow instructions announced on RAI. On published route, authorised after radio contact with TOULON APP.","activationCode":"HX","activationDesc":"Possible activation H24; Activity known on MARSEILLE ACC; Activity announced by RAI 118,275.","timeScheduling":{"1":["UTC(01/01->31/12)","ANY(00:00->23:59)"]},"UId":"1563471","id":"LFR64B","stroke":"#800080","stroke-width":2,"stroke-opacity":0.8,"fill":"#ffb9dc","fill-opacity":0.6},"geometry":{"type":"Polygon","coordinates":[[[6.0,43.175],[6.0,43.258333],[6.1,43.3],[6.2,43.283333],[6.371111,43.163889],[6.266667,43.175],[6.0,43.175]]]}},{"type":"Feature","properties":{"name":"330 A","nameV":"R 330 A (SeeNotam)","class":"R","type":"R","lower":"SFC","lowerM":0,"upper":"2500FT AMSL","upperM":762,"desc":"Administrator: ESCA Salon. GAT/OAT: Entry upon authorization. Follow SALON APP instructions. Area activated outside LF-R 276 PATROUILLE DE FRANCE activity hours. See ENR 5.1. Actual activity known on: - SALON TWR - SALON APP or announced on RAI 135.150 MHz - PROVENCE INFO This area substitutes itself to the part of SALON CTR which it interferes with.","activationCode":"HX","activationDesc":"Activable LUN-VEN 0600-2300 (ETE: - 1HR) Activable par NOTAM en dehors de ces HOR. Possible activation MON-FRI 0600-2300 (SUM: - 1HR) Possible activation by NOTAM outside these SKED.","UId":"25090654","id":"LFR330A","stroke":"#800080","stroke-width":2,"stroke-opacity":0.8,"fill":"#ffb9dc","fill-opacity":0.6},"geometry":{"type":"Polygon","coordinates":[[[5.273889,43.710278],[5.296667,43.645],[5.1225,43.59],[5.105833,43.619722],[5.115,43.641667],[5.166667,43.710556],[5.273889,43.710278]]]}},{"type":"Feature","properties":{"name":"330 B","nameV":"R 330 B (SeeNotam)","class":"R","type":"R","lower":"2500FT AMSL","lowerM":762,"upper":"4500FT AMSL","upperM":1371,"desc":"Administrator: ESCA Salon. GAT/OAT: Entry upon authorization. Follow SALON APP instructions. Area activated outside LF-R 276 PATROUILLE DE FRANCE activity hours. See ENR 5.1. Actual activity known on: - SALON TWR - SALON APP or announced on RAI 135.150 MHz - PROVENCE INFO This area substitutes itself to the part of SALON CTA part 1 which it interferes with.","activationCode":"HX","activationDesc":"Activable LUN-VEN 0600-2300 (ETE: - 1HR) Activable par NOTAM en dehors de ces HOR. Possible activation MON-FRI 0600-2300 (SUM: - 1HR) Possible activation by NOTAM outside these SKED.","UId":"25090666","id":"LFR330B","stroke":"#800080","stroke-width":2,"stroke-opacity":0.8,"fill":"#ffb9dc","fill-opacity":0.3},"geometry":{"type":"Polygon","coordinates":[[[5.273889,43.710278],[5.296667,43.645],[5.1225,43.59],[5.105833,43.619722],[5.115,43.641667],[5.166667,43.710556],[5.273889,43.710278]]]}},{"type":"Feature","properties":{"name":"1274","nameV":"R 1274 Upper(7700FT AMSL-3300FT AGL)","class":"R","type":"R","lower":"SFC","lowerM":0,"upper":"7700FT AMSL","upperMax":"3300FT AGL","upperM":2346,"desc":"OAT/GAT: Avoidance mandatory.","activationCode":"OTHER","activationDesc":"SR-SS","UId":"1565249","id":"LFR1274","stroke":"#800080","stroke-width":2,"stroke-opacity":0.8,"fill":"#ffb9dc","fill-opacity":0.6},"geometry":{"type":"Polygon","coordinates":[[[2.798811,45.614442],[2.798504,45.617113],[2.797588,45.619716],[2.796087,45.622182],[2.794039,45.624448],[2.791498,45.626455],[2.78853,45.62815],[2.78521,45.629491],[2.781627,45.630442],[2.777871,45.630978],[2.774041,45.631086],[2.770236,45.630763],[2.766554,45.630017],[2.763091,45.628867],[2.759937,45.627344],[2.757174,45.625487],[2.754872,45.623344],[2.753092,45.62097],[2.751879,45.618428],[2.751266,45.615782],[2.751267,45.613101],[2.751882,45.610456],[2.753097,45.607914],[2.754878,45.60554],[2.757181,45.603398],[2.759944,45.601542],[2.763098,45.600019],[2.766559,45.598871],[2.770239,45.598125],[2.774042,45.597802],[2.777869,45.59791],[2.781623,45.598446],[2.785205,45.599396],[2.788523,45.600736],[2.791491,45.602431],[2.794032,45.604437],[2.796081,45.606702],[2.797584,45.609168],[2.798502,45.61177],[2.798811,45.614442]]]}},{"type":"Feature","properties":{"name":"138","nameV":"R 138","class":"R","type":"R","lower":"SFC","lowerM":0,"upper":"FL540","upperM":16459,"desc":"Administrator: 1er Régiment de chasseur d'Afrique. Live firing helpdesk: 04 94 99 16 74 or 04 94 39 23 21 Officier de tir: 04 94 39 23 09 GAT/IFR: according to protocol OAT-GAT VFR: avoidance mandatory during activity, except for ACFT authorized by administrator or according to protocol. Activity known on: MARSEILLE ACC MARSEILLE INFO. Not AMC-manageable.","activationCode":"HX","activationDesc":"Possible activation H24. Activation schedules stated in France AUP.","timeScheduling":{"1":["UTC(01/01->31/12)","ANY(00:00->23:59)"]},"UId":"1563143","id":"LFR138","stroke":"#800080","stroke-width":2,"stroke-opacity":0.8,"fill":"#ffb9dc","fill-opacity":0.6},"geometry":{"type":"Polygon","coordinates":[[[6.222222,43.761111],[6.669444,43.727778],[6.618056,43.668056],[6.631944,43.655556],[6.505556,43.625],[6.320833,43.625],[6.222222,43.675],[6.222222,43.761111]]]}},{"type":"Feature","properties":{"name":"30 C","nameV":"R 30 C","class":"R","type":"R","lower":"SFC","lowerM":0,"upper":"1000FT AGL","ordinalUpperM":304,"upperM":304,"groundEstimatedHeight":[0,0,0,0],"desc":"Administrator: NIL The East border of the area follows the line of ridges between Aiguille du Midi and Mont Maudit. Entry conditions: exceptional exemption granted by DSAC Centre-Est, after advice from Haute Savoie Préfet. 1) Power driven ACFT: Avoidance mandatory except for: - state ACFT - ACFT operating rescue or public safety flights, when avoidance is not possible - refuges refuelling operations in the area - aerial work in the area - electric power driven ACFT with aircrew on board. 2) PUL: - From 01 JUL to 31 AUG, avoidance mandatory - From 01 to 30 JUN and from 01 SEP to 15 OCT: entry allowed, landing forbidden except for the sequence alpinism-paragliders and the paralpinism. 3) Not power driven ACFT: entry allowed, landings forbidden.","activationCode":"HX","activationDesc":"H24 from 01 JUN to 15 OCT","UId":"40351399","id":"LFR30C","stroke":"#800080","stroke-width":2,"stroke-opacity":0.8,"fill":"#ffb9dc","fill-opacity":0.6},"geometry":{"type":"Polygon","coordinates":[[[6.782222,45.846111],[6.796667,45.868056],[6.835278,45.879444],[6.891944,45.901667],[6.8875,45.879444],[6.881389,45.867222],[6.889167,45.864444],[6.887778,45.856667],[6.881389164409428,45.849443576156155],[6.875497,45.847158],[6.874078,45.844914],[6.873197,45.840258],[6.869997,45.838333],[6.872103,45.835764],[6.869136,45.832617],[6.871972,45.830433],[6.868364,45.824658],[6.865828,45.825494],[6.859597,45.833186],[6.850828,45.838183],[6.841117,45.840547],[6.833253,45.837494],[6.822378,45.837525],[6.819433693368203,45.835851129167295],[6.819444,45.835833],[6.782222,45.846111]]]}},{"type":"Feature","properties":{"name":"20 B3 W","nameV":"R 20 B3 W","class":"R","type":"R","lower":"3000FT AMSL","lowerM":914,"upper":"FL065","upperM":1981,"desc":"Administrator: AVORD APP. TEL: 02 48 69 25 72 or 02 34 34 71 36. IFR: with AVORD APP authorization. Power driven VFR: entry allowed after radio contact, follow AVORD APP instructions. Not power driven VFR: entry allowed after radio contact with AVORD APP.","activationCode":"HX","activationDesc":"Activable H24 Activité connue de: AVORD APP ou RAI 119.7 PARIS ACC/FIC BORDEAUX ACC POITIERS INFO SEINE INFO BOURGES AFIS. \\\\Possible activation H24 Activity known on: AVORD APP or RAI 119.7 PARIS ACC/FIC BORDEAUX ACC POITIERS INFO SEINE INFO BOURGES AFIS.","timeScheduling":{"1":["UTC(01/01->31/12)","ANY(00:00->23:59)"]},"UId":"16474205","id":"LFR20B3W","stroke":"#800080","stroke-width":2,"stroke-opacity":0.8,"fill":"#ffb9dc","fill-opacity":0.3},"geometry":{"type":"Polygon","coordinates":[[[2.374167,46.7975],[1.94,46.511389],[1.658333,46.536111],[1.690278,46.572222],[2.038889,46.954167],[2.047222,47.034722],[2.257222,47.238333],[2.256592,47.238067],[2.250888,47.232345],[2.24537,47.22654],[2.240041,47.220655],[2.234904,47.214692],[2.22996,47.208654],[2.225213,47.202543],[2.220663,47.196364],[2.216314,47.190119],[2.212168,47.183811],[2.208225,47.177442],[2.204489,47.171017],[2.200961,47.164538],[2.197642,47.158007],[2.194534,47.15143],[2.191639,47.144807],[2.188957,47.138143],[2.18649,47.131441],[2.184239,47.124703],[2.182205,47.117934],[2.180389,47.111137],[2.178792,47.104314],[2.177414,47.097469],[2.176255,47.090605],[2.175317,47.083725],[2.1746,47.076833],[2.174104,47.069932],[2.173829,47.063026],[2.173775,47.056117],[2.173942,47.049209],[2.17433,47.042304],[2.174939,47.035408],[2.175768,47.028522],[2.176817,47.02165],[2.178085,47.014795],[2.179572,47.007961],[2.181276,47.00115],[2.183197,46.994366],[2.185334,46.987613],[2.187686,46.980892],[2.190252,46.974209],[2.19303,46.967565],[2.196018,46.960963],[2.199216,46.954408],[2.202622,46.947902],[2.206234,46.941448],[2.210051,46.935049],[2.21407,46.928708],[2.218289,46.922429],[2.222707,46.916214],[2.227321,46.910065],[2.232129,46.903987],[2.237129,46.897982],[2.242318,46.892052],[2.247694,46.886201],[2.253255,46.88043],[2.258996,46.874744],[2.264917,46.869145],[2.271013,46.863635],[2.277283,46.858216],[2.283722,46.852892],[2.290329,46.847665],[2.297099,46.842538],[2.304029,46.837512],[2.311117,46.83259],[2.318359,46.827774],[2.325752,46.823068],[2.333291,46.818472],[2.340973,46.813989],[2.348796,46.809622],[2.356754,46.805371],[2.364844,46.80124],[2.373063,46.79723],[2.374167,46.7975]]]}},{"type":"Feature","properties":{"name":"154 HIGH","nameV":"R 154 HIGH","class":"R","type":"R","lower":"FL195","lowerM":5943,"upper":"FL999","upperM":30449,"desc":"Administrator: CCMAR ATLANTIQUE (ARMOR). IFR / VFR: avoidance mandatory during activity. Activity known on: - BREST ACC, - IROISE INFO, - LANDIVISIAU APP, - LANVEOC APP. Not AMC manageable.","activationCode":"H24","activationDesc":"Possible activation H24. Activation SKED specified in AUP France.","UId":"35963099","id":"LFR154HIG","stroke":"#800080","stroke-width":2,"stroke-opacity":0.8,"fill":"#ffb9dc","fill-opacity":0.1},"geometry":{"type":"Polygon","coordinates":[[[-4.616667,48.344444],[-4.616667,48.166667],[-4.883333,48.166667],[-4.883333,48.328889],[-4.809444,48.328889],[-4.715833,48.328889],[-4.664444,48.333611],[-4.616667,48.344444]]]}},{"type":"Feature","properties":{"name":"5","nameV":"R 5","class":"R","type":"R","lower":"500FT AGL","ordinalLowerM":152,"lowerM":152,"upper":"3000FT AMSL","upperM":914,"groundEstimatedHeight":[0,0,0,0],"desc":"Administrator: SNA Nouvelle-Calédonie e-mail: dac-nc-sna-de-ops@aviation-civile.gouv.fr GAT IFR / OAT I and T, and GAT VFR / OAT V without radio: compulsory avoidance, except with derogation from managing authority, with 3 working days prior notice. Unmanned aircraft: entry into the area is subject to prior agreement of managing authority, with 3 working days prior notice.  For all other flights: compulsory A/A radio messages on 123.100 MHz on entering and leaving the area. The pilot makes any other position report that he considers useful for traffic safety, and communicates the following information: - aircraft call sign and type, - position and flight altitude of aircraft (AMSL), - flight intentions of the aircraft. In case of radio communication failure, the aircraft leaves the area. VFR reporting points: see AD 2 NWWD.22.","activationCode":"H24","UId":"42860800","id":"NWR5","stroke":"#800080","stroke-width":2,"stroke-opacity":0.8,"fill":"#ffb9dc","fill-opacity":0.3},"geometry":{"type":"Polygon","coordinates":[[[164.521944,-20.886389],[164.694167,-20.925833],[164.673611,-21.026667],[164.737778,-21.096944],[164.682778,-21.176389],[164.492222,-20.915556],[164.521944,-20.886389]]]}},{"type":"Feature","properties":{"name":"148","nameV":"R 148","class":"R","type":"R","lower":"SFC","lowerM":0,"upper":"1650FT AGL","ordinalUpperM":502,"upperM":502,"groundEstimatedHeight":[0,0,0,0],"desc":"Missile launching test range centres activity, included in R 31 A when active. Except for LF-R259 Lamanchs when active. - GAT IFR/VFR: Avoidance mandatory H24. - OAT: Avoidance mandatory except for ACFT autorized by CAZAUX APP.","activationCode":"H24","activationDesc":"H24.","UId":"1563045","id":"LFR148","stroke":"#800080","stroke-width":2,"stroke-opacity":0.8,"fill":"#ffb9dc","fill-opacity":0.6},"geometry":{"type":"Polygon","coordinates":[[[-1.281111,44.4375],[-1.255556,44.4375],[-1.180556,44.416667],[-1.180556,44.222222],[-1.318056,44.222222],[-1.281111,44.4375]]]}},{"type":"Feature","properties":{"name":"124","nameV":"R 124","class":"R","type":"R","lower":"FL115","lowerM":3505,"upper":"FL195","upperM":5943,"desc":"CDC of Cinq Mars la Pile or replacement CDC. IFR: upon PARIS ACC or BASEL INFO authorisation. VFR: upon Raki or replacement CDC authorisation. Coexists with G 21. Actual activity known on: Raki or replacement CDC 119.700 MHZ PARIS ACC BASEL INFO unmanned aircraft defence operations according to protocol. Not AMC-manageable.","activationCode":"HX","activationDesc":"Possible activation: MON, TUE, WED except HOL 0700- SS+3HR, THU 1100-SS+3HR and FRI 0700-1500 (SUM: -1 HR).","UId":"1563123","id":"LFR124","stroke":"#800080","stroke-width":2,"stroke-opacity":0.8,"fill":"#ffb9dc","fill-opacity":0.1},"geometry":{"type":"Polygon","coordinates":[[[4.0,47.855556],[4.958333,47.252778],[4.833333,46.5],[4.683333,46.5],[4.65,46.583333],[4.283333,46.966667],[3.938889,47.569444],[4.0,47.855556]]]}},{"type":"Feature","properties":{"name":"3100 J","nameV":"R 3100 J","class":"R","type":"R","lower":"2500FT AMSL","lowerM":762,"upper":"3500FT AMSL","upperM":1066,"desc":"Administrators: DE GAULLE APP, ORLY APP, VILLACOUBLAY APP. Throughout activation: - IFR and OAT: avoidance mandatory - VFR: entry strictly reserved for pilots of flying clubs which signed a protocol with the managing authority and their duly informed guests. This area substitutes itself to Class A airspace parts which it interferes with. Activity known on: - DE GAULLE APP - ORLY APP - VILLACOUBLAY APP - LE BOURGET INFO/APP","activationCode":"HJ","activationDesc":"Possible activation SR-30 to SS+30 according to protocol.","UId":"1566005","id":"LFR3100J","stroke":"#800080","stroke-width":2,"stroke-opacity":0.8,"fill":"#ffb9dc","fill-opacity":0.3},"geometry":{"type":"Polygon","coordinates":[[[1.768889,48.899167],[1.796389,48.893611],[1.8825,48.845],[1.870556,48.828889],[1.739444,48.7875],[1.768889,48.899167]]]}},{"type":"Feature","properties":{"name":"3100 H","nameV":"R 3100 H","class":"R","type":"R","lower":"3500FT AMSL","lowerM":1066,"upper":"4500FT AMSL","upperM":1371,"desc":"Administrators: DE GAULLE APP, ORLY APP, VILLACOUBLAY APP. Throughout activation: - IFR and OAT: avoidance mandatory - VFR: entry strictly reserved for pilots of flying clubs which signed a protocol with the managing authority and their duly informed guests. This area substitutes itself to Class A airspace parts which it interferes with. Activity known on: - DE GAULLE APP - ORLY APP - VILLACOUBLAY APP - LE BOURGET INFO/APP","activationCode":"HJ","activationDesc":"Possible activation SR-30 to SS+30 according to protocol.","UId":"1566007","id":"LFR3100H","stroke":"#800080","stroke-width":2,"stroke-opacity":0.8,"fill":"#ffb9dc","fill-opacity":0.3},"geometry":{"type":"Polygon","coordinates":[[[1.575,48.999722],[1.754444,48.964167],[1.768889,48.899167],[1.546111,48.942778],[1.575,48.999722]]]}},{"type":"Feature","properties":{"name":"3100 C","nameV":"R 3100 C","class":"R","type":"R","lower":"3500FT AMSL","lowerM":1066,"upper":"4500FT AMSL","upperM":1371,"desc":"Administrators: DE GAULLE APP, ORLY APP, VILLACOUBLAY APP. Throughout activation: - IFR and OAT: avoidance mandatory - VFR: entry strictly reserved for pilots of flying clubs which signed a protocol with the managing authority and their duly informed guests. This area substitutes itself to Class A airspace parts which it interferes with. Activity known on: - DE GAULLE APP - ORLY APP - VILLACOUBLAY APP - LE BOURGET INFO/APP","activationCode":"HJ","activationDesc":"Possible activation SR-30 to SS+30 according to protocol.","UId":"1566019","id":"LFR3100C","stroke":"#800080","stroke-width":2,"stroke-opacity":0.8,"fill":"#ffb9dc","fill-opacity":0.3},"geometry":{"type":"Polygon","coordinates":[[[1.762778,48.875833],[1.739444,48.7875],[1.676389,48.791389],[1.762778,48.875833]]]}},{"type":"Feature","properties":{"name":"3100 B","nameV":"R 3100 B","class":"R","type":"R","lower":"2500FT AMSL","lowerM":762,"upper":"4500FT AMSL","upperM":1371,"desc":"Administrators: DE GAULLE APP, ORLY APP, VILLACOUBLAY APP. Throughout activation: - IFR and OAT: avoidance mandatory - VFR: entry strictly reserved for pilots of flying clubs which signed a protocol with the managing authority and their duly informed guests. This area substitutes itself to Class A airspace parts which it interferes with. Activity known on: - DE GAULLE APP - ORLY APP - VILLACOUBLAY APP - LE BOURGET INFO/APP","activationCode":"HJ","activationDesc":"Possible activation SR-30 to SS+30 according to protocol.","UId":"1566023","id":"LFR3100B","stroke":"#800080","stroke-width":2,"stroke-opacity":0.8,"fill":"#ffb9dc","fill-opacity":0.3},"geometry":{"type":"Polygon","coordinates":[[[1.768889,48.899167],[1.796389,48.893611],[1.739444,48.7875],[1.768889,48.899167]]]}},{"type":"Feature","properties":{"name":"3100 A","nameV":"R 3100 A","class":"R","type":"R","lower":"2500FT AMSL","lowerM":762,"upper":"3500FT AMSL","upperM":1066,"desc":"Administrators: DE GAULLE APP, ORLY APP, VILLACOUBLAY APP. Throughout activation: - IFR and OAT: avoidance mandatory - VFR: entry strictly reserved for pilots of flying clubs which signed a protocol with the managing authority and their duly informed guests. This area substitutes itself to Class A airspace parts which it interferes with. Activity known on: - DE GAULLE APP - ORLY APP - VILLACOUBLAY APP - LE BOURGET INFO/APP","activationCode":"HJ","activationDesc":"Possible activation SR-30 to SS+30 according to protocol.","UId":"1566021","id":"LFR3100A","stroke":"#800080","stroke-width":2,"stroke-opacity":0.8,"fill":"#ffb9dc","fill-opacity":0.3},"geometry":{"type":"Polygon","coordinates":[[[1.796389,48.893611],[1.8825,48.845],[1.870556,48.828889],[1.739444,48.7875],[1.796389,48.893611]]]}},{"type":"Feature","properties":{"name":"1 A","nameV":"R 1 A","class":"R","type":"R","lower":"SFC","lowerM":0,"upper":"300FT AMSL","upperM":91,"desc":"Administrator: Bureau OPS BFMC (Base des Fusiliers Marins et des Commandos) +33 (0)2 97 12 67 20. GAT/OAT: avoidance mandatory. Activity known on LORIENT TWR.","activationCode":"HX","activationDesc":"Possible activation: MON-FRI except HOL: H24.","UId":"26372276","id":"LFR1A","stroke":"#800080","stroke-width":2,"stroke-opacity":0.8,"fill":"#ffb9dc","fill-opacity":0.6},"geometry":{"type":"Polygon","coordinates":[[[-3.345833,47.752778],[-3.344444,47.753056],[-3.333333,47.750556],[-3.331111,47.742222],[-3.346667,47.738889],[-3.349722,47.749444],[-3.345833,47.752778]]]}},{"type":"Feature","properties":{"name":"1 C","nameV":"R 1 C","class":"R","type":"R","lower":"SFC","lowerM":0,"upper":"300FT AMSL","upperM":91,"desc":"Administrator: Bureau OPS BFMC (Base des Fusiliers Marins et des Commandos) +33 (0)2 97 12 67 20. GAT/OAT: avoidance mandatory. Activity known on LORIENT TWR.","activationCode":"HX","activationDesc":"Possible activation: MON-FRI except HOL: H24.","UId":"26372360","id":"LFR1C","stroke":"#800080","stroke-width":2,"stroke-opacity":0.8,"fill":"#ffb9dc","fill-opacity":0.6},"geometry":{"type":"Polygon","coordinates":[[[-3.358056,47.728611],[-3.354167,47.7275],[-3.358333,47.723889],[-3.360833,47.725],[-3.358056,47.728611]]]}},{"type":"Feature","properties":{"name":"1 D","nameV":"R 1 D","class":"R","type":"R","lower":"SFC","lowerM":0,"upper":"800FT AMSL","upperM":243,"desc":"Administrator: Bureau OPS BFMC (Base des Fusiliers Marins et des Commandos) +33 (0)2 97 12 67 20. GAT/OAT: avoidance mandatory. Activity known on: - LORIENT TWR, - IROISE APP/INFO.","activationCode":"HX","activationDesc":"Possible activation: MON-FRI, except HOL: H24.","UId":"40502934","id":"LFR1D","stroke":"#800080","stroke-width":2,"stroke-opacity":0.8,"fill":"#ffb9dc","fill-opacity":0.6},"geometry":{"type":"Polygon","coordinates":[[[-3.324722,47.730556],[-3.303889,47.7425],[-3.302222,47.7625],[-3.307778,47.764722],[-3.321389,47.748889],[-3.331111,47.742222],[-3.346667,47.738889],[-3.324722,47.730556]]]}},{"type":"Feature","properties":{"name":"1 E","nameV":"R 1 E","class":"R","type":"R","lower":"SFC","lowerM":0,"upper":"1000FT AMSL","upperM":304,"desc":"Administrator: Bureau OPS BFMC (Base des Fusiliers Marins et des Commandos) +33 (0)2 97 12 67 20. GAT/OAT: avoidance mandatory. Activity known on: - LORIENT TWR, - IROISE APP/INFO.","activationCode":"HX","activationDesc":"Possible activation: MON-FRI, except HOL: H24.","UId":"40502946","id":"LFR1E","stroke":"#800080","stroke-width":2,"stroke-opacity":0.8,"fill":"#ffb9dc","fill-opacity":0.6},"geometry":{"type":"Polygon","coordinates":[[[-3.312222,47.737778],[-3.303889,47.7425],[-3.255278,47.6825],[-3.275833,47.691944],[-3.312222,47.737778]]]}},{"type":"Feature","properties":{"name":"3104 C","nameV":"R 3104 C","class":"R","type":"R","lower":"2500FT AMSL","lowerM":762,"upper":"4500FT AMSL","upperM":1371,"desc":"Administrator: DE GAULLE APP Throughout activation: - IFR and OAT: Avoidance mandatory -VFR: Entry strictly reserved for pilots of flying clubs which signed a protocol with the managing authority and their duly informed guests. This area substitute itself to Cass A airspace parts which it interferes with. Activity known on: - DE GAULLE APP - ORLY APP - VILLACOUBLAY APP - LE BOURGET INFO/APP","activationCode":"HJ","activationDesc":"Possible activation SR-30 to SS+30 according to protocol.","UId":"1565761","id":"LFR3104C","stroke":"#800080","stroke-width":2,"stroke-opacity":0.8,"fill":"#ffb9dc","fill-opacity":0.3},"geometry":{"type":"Polygon","coordinates":[[[1.829722,49.226111],[1.889722,49.188056],[1.802222,49.106111],[1.819444,49.039722],[1.752778,49.046389],[1.829722,49.226111]]]}},{"type":"Feature","properties":{"name":"3104 F","nameV":"R 3104 F","class":"R","type":"R","lower":"3500FT AMSL","lowerM":1066,"upper":"4500FT AMSL","upperM":1371,"desc":"Administrator: DE GAULLE APP Throughout activation: - IFR and OAT: Avoidance mandatory -VFR: Entry strictly reserved for pilots of flying clubs which signed a protocol with the managing authority and their duly informed guests. This area substitute itself to Cass A airspace parts which it interferes with. Activity known on: - DE GAULLE APP - ORLY APP - VILLACOUBLAY APP - LE BOURGET INFO/APP","activationCode":"HJ","activationDesc":"Possible activation SR-30 to SS+30 according to protocol.","UId":"1565741","id":"LFR3104F","stroke":"#800080","stroke-width":2,"stroke-opacity":0.8,"fill":"#ffb9dc","fill-opacity":0.3},"geometry":{"type":"Polygon","coordinates":[[[1.769167,49.387778],[1.804722,49.248611],[1.679444,49.258611],[1.723056,49.375278],[1.769167,49.387778]]]}},{"type":"Feature","properties":{"name":"3100 N","nameV":"R 3100 N","class":"R","type":"R","lower":"FL055","lowerM":1676,"upper":"FL065","upperM":1981,"desc":"Administrators: DE GAULLE APP, ORLY APP, VILLACOUBLAY APP. Throughout activation: - IFR and OAT: avoidance mandatory - VFR: entry strictly reserved for pilots of flying clubs which signed a protocol with the managing authority and their duly informed guests. This area substitutes itself to class A airspace parts which it interferes with. Activity known on: - DE GAULLE APP - ORLY APP - VILLACOUBLAY APP - LE BOURGET INFO/APP","activationCode":"HX","activationDesc":"Possible activation SR-30 to SS+30 according to protocol.","UId":"27272246","id":"LFR3100N","stroke":"#800080","stroke-width":2,"stroke-opacity":0.8,"fill":"#ffb9dc","fill-opacity":0.3},"geometry":{"type":"Polygon","coordinates":[[[1.462222,49.021944],[1.575,48.999722],[1.546111,48.942778],[1.438333,48.963611],[1.462222,49.021944]]]}},{"type":"Feature","properties":{"name":"3104 A","nameV":"R 3104 A","class":"R","type":"R","lower":"3500FT AMSL","lowerM":1066,"upper":"4500FT AMSL","upperM":1371,"desc":"Administrator: DE GAULLE APP. Throughout activation: - IFR and OAT: avoidance mandatory. - VFR: entry strictly reserved for pilots of flying clubs which signed a protocol with the managing authority and their duly informed guests. Except LF-R 3104V area when active. This area substitutes itself to Class A airspace parts which it interferes with. Activity provided by: - DE GAULLE APP - ORLY APP - VILLACOUBLAY APP - LE BOURGET INFO/APP","activationCode":"HJ","activationDesc":"Possible activation SR-30 to SS+30 according to protocol.","UId":"1565667","id":"LFR3104A","stroke":"#800080","stroke-width":2,"stroke-opacity":0.8,"fill":"#ffb9dc","fill-opacity":0.3},"geometry":{"type":"Polygon","coordinates":[[[1.606111,49.059722],[1.752778,49.046389],[1.742222,49.021111],[1.754444,48.964167],[1.575,48.999722],[1.606111,49.059722]]]}},{"type":"Feature","properties":{"name":"66 D","nameV":"R 66 D (SeeNotam)","class":"R","type":"R","lower":"FL195","lowerM":5943,"upper":"FL450","upperM":13716,"desc":"Administrator SOLENZARA APP. Except for TRA 44 when active. IFR: avoidance mandatory during activity. OAT upon SOLENZARA APP authorisation. Activity known on: - SOLENZARA APP, - MARSEILLE UAC. Not AMC-manageable.","activationCode":"HX","activationDesc":"Possible activation MON-FRI except HOL: 0700-1630. SUM: -1HR. Other times, activation by NOTAM. Activation schedules stated in France AUP.","UId":"1563573","id":"LFR66D","stroke":"#800080","stroke-width":2,"stroke-opacity":0.8,"fill":"#ffb9dc","fill-opacity":0.1},"geometry":{"type":"Polygon","coordinates":[[[9.7,42.266667],[9.7,41.966667],[9.583333,41.966667],[9.466667,42.097222],[9.366667,42.097222],[9.366667,42.266667],[9.7,42.266667]]]}},{"type":"Feature","properties":{"name":"3104 G","nameV":"R 3104 G","class":"R","type":"R","lower":"3500FT AMSL","lowerM":1066,"upper":"4500FT AMSL","upperM":1371,"desc":"Administrator: DE GAULLE APP. Throughout activation: - IFR and OAT: avoidance mandatory. - VFR: entry strictly reserved for pilots of flying clubs which signed a protocol with the managing authority and their duly informed guests. Except LF-R 3104V area when active. This area substitutes itself to Class A airspace parts which it interferes with. Activity known on: - DE GAULLE APP - ORLY APP - VILLACOUBLAY APP - LE BOURGET INFO/APP","activationCode":"HJ","activationDesc":"Possible activation SR-30 to SS+30 according to protocol.","UId":"1565739","id":"LFR3104G","stroke":"#800080","stroke-width":2,"stroke-opacity":0.8,"fill":"#ffb9dc","fill-opacity":0.3},"geometry":{"type":"Polygon","coordinates":[[[1.769167,49.387778],[1.806667,49.240556],[1.829722,49.226111],[1.734167,49.002778],[1.582222,49.013611],[1.606111,49.059722],[1.632778,49.1325],[1.665556,49.220833],[1.723056,49.375278],[1.769167,49.387778]]]}},{"type":"Feature","properties":{"name":"20 B1","nameV":"R 20 B1 (SeeNotam)","class":"R","type":"R","lower":"3000FT AMSL","lowerM":914,"upper":"FL065","upperM":1981,"desc":"Administrator: AVORD APP. TEL: 02 48 69 25 72 or 02 34 34 71 36. Except for LF-R 142 A when active. IFR: with AVORD APP authorization. Power driven VFR: entry allowed after radio contact, follow AVORD APP instructions. Not power driven VFR: entry allowed after radio contact with AVORD APP. Entry conditions change announced by NOTAM: GAT/OAT: with AVORD APP authorization. Follow AVORD APP instructions.","activationCode":"HX","activationDesc":"Activable H24 Activité connue de: AVORD APP ou RAI 119.7 PARIS ACC/FIC NEVERS AFIS SEINE APP ST YAN APP.  \\\\Possible activation H24 Activity known on: AVORD APP or RAI 119.7 PARIS ACC/FIC NEVERS AFIS SEINE APP ST YAN APP.","timeScheduling":{"1":["UTC(01/01->31/12)","ANY(00:00->23:59)"]},"UId":"1563361","id":"LFR20B1","stroke":"#800080","stroke-width":2,"stroke-opacity":0.8,"fill":"#ffb9dc","fill-opacity":0.3},"geometry":{"type":"Polygon","coordinates":[[[3.333333,47.540278],[3.440833,47.161111],[3.184167,47.1075],[3.19,47.121389],[3.236111,47.189444],[3.185556,47.261389],[2.991667,47.353611],[2.930556,47.540278],[3.333333,47.540278]]]}},{"type":"Feature","properties":{"name":"20 B2 S","nameV":"R 20 B2 S (SeeNotam)","class":"R","type":"R","lower":"3000FT AMSL","lowerM":914,"upper":"FL065","upperM":1981,"desc":"Administrator: AVORD APP. TEL: 02 48 69 25 72 or 02 34 34 71 36. Except for LF-R 144 A and B when active. IFR: with AVORD APP authorization. Power driven VFR: entry allowed after radio contact, follow AVORD APP instructions. Not power driven VFR: entry allowed after radio contact with AVORD APP. Entry conditions change announced by NOTAM: GAT/OAT: with AVORD APP authorization. Follow AVORD APP instructions.","activationCode":"HX","activationDesc":"Activable H24 Activité connue de: AVORD APP ou RAI 119.7 PARIS ACC/FIC BORDEAUX ACC NEVERS AFIS ST YAN APP. \\\\Possible activation H24 Activity known on: AVORD APP or RAI 119.7 PARIS ACC/FIC BORDEAUX ACC NEVERS AFIS ST YAN APP.","timeScheduling":{"1":["UTC(01/01->31/12)","ANY(00:00->23:59)"]},"UId":"16474097","id":"LFR20B2S","stroke":"#800080","stroke-width":2,"stroke-opacity":0.8,"fill":"#ffb9dc","fill-opacity":0.3},"geometry":{"type":"Polygon","coordinates":[[[3.313056,46.728056],[3.25,46.5],[2.75,46.5],[2.879444,46.542222],[2.852222,46.775833],[3.313056,46.728056]]]}},{"type":"Feature","properties":{"name":"251 W","nameV":"R 251 W (SeeNotam)","class":"R","type":"R","lower":"SFC","lowerM":0,"upper":"2500FT AMSL","upperM":762,"desc":"Avoidance mandatory throughout activity. Administrator: Centre National d'Entrainement des Forces de Gendarmerie: 05.53.02.37.06 Activity known on: AQUITAINE SIV 1. Except for LF-R 166 A2 GIRONDE NORD and LF-R 166 B PERIGORD when active.","activationCode":"HX","activationDesc":"Possible activation by NOTAM, except SUN and public HOL.","UId":"35962887","id":"LFR251W","stroke":"#800080","stroke-width":2,"stroke-opacity":0.8,"fill":"#ffb9dc","fill-opacity":0.6},"geometry":{"type":"Polygon","coordinates":[[[0.5436,45.209953],[0.492786,45.117278],[0.492694,45.117301],[0.488073,45.119147],[0.483661,45.121233],[0.479483,45.123546],[0.475561,45.126073],[0.471919,45.1288],[0.468576,45.131712],[0.465552,45.134792],[0.462863,45.138024],[0.460525,45.141389],[0.45855,45.144867],[0.456951,45.148441],[0.455735,45.152088],[0.45491,45.15579],[0.454481,45.159525],[0.454451,45.163272],[0.454818,45.16701],[0.455582,45.170719],[0.456738,45.174376],[0.45828,45.177962],[0.460198,45.181457],[0.462484,45.18484],[0.465123,45.188093],[0.4681,45.191197],[0.4714,45.194136],[0.475003,45.196891],[0.47889,45.199449],[0.483038,45.201794],[0.487424,45.203913],[0.492023,45.205794],[0.49681,45.207427],[0.501757,45.208803],[0.506837,45.209913],[0.512021,45.210752],[0.51728,45.211314],[0.522583,45.211597],[0.527902,45.211599],[0.533207,45.21132],[0.538466,45.210761],[0.543651,45.209926],[0.5436,45.209953]]]}},{"type":"Feature","properties":{"name":"20 B3 E","nameV":"R 20 B3 E (SeeNotam)","class":"R","type":"R","lower":"3000FT AMSL","lowerM":914,"upper":"FL065","upperM":1981,"desc":"Administrator: AVORD APP. TEL: 02 48 69 25 72 or 02 34 34 71 36. Except for LF-R 144 A and LF-R 145 B when active. IFR: with AVORD APP authorization. Power driven VFR: entry allowed after radio contact, follow AVORD APP instructions. Not power driven VFR: entry allowed after radio contact with AVORD APP. Entry conditions change announced by NOTAM: GAT/OAT: with AVORD APP authorization. Follow AVORD APP instructions.","activationCode":"HX","activationDesc":"Activable H24 Activité connue de: AVORD APP ou RAI 119.7 PARIS ACC/FIC BORDEAUX ACC POITIERS INFO SEINE INFO BOURGES AFIS. \\\\Possible activation H24 Activity known on: AVORD APP or RAI 119.7 PARIS ACC/FIC BORDEAUX ACC POITIERS INFO SEINE INFO BOURGES AFIS.","timeScheduling":{"1":["UTC(01/01->31/12)","ANY(00:00->23:59)"]},"UId":"16474320","id":"LFR20B3E","stroke":"#800080","stroke-width":2,"stroke-opacity":0.8,"fill":"#ffb9dc","fill-opacity":0.3},"geometry":{"type":"Polygon","coordinates":[[[2.852222,46.775833],[2.879444,46.542222],[2.75,46.5],[2.602778,46.45],[1.94,46.511389],[2.374167,46.7975],[2.373273,46.797436],[2.379063,46.79472],[2.384911,46.792064],[2.390817,46.789469],[2.396779,46.786935],[2.402796,46.784463],[2.408867,46.782053],[2.414989,46.779707],[2.421163,46.777424],[2.427386,46.775205],[2.433657,46.773051],[2.439974,46.770962],[2.446337,46.768938],[2.452743,46.76698],[2.459191,46.765089],[2.46568,46.763265],[2.472208,46.761508],[2.478774,46.759818],[2.485377,46.758197],[2.492014,46.756644],[2.498684,46.75516],[2.505386,46.753745],[2.512118,46.7524],[2.518879,46.751124],[2.525667,46.749919],[2.532481,46.748783],[2.539319,46.747719],[2.546179,46.746725],[2.553061,46.745802],[2.559961,46.74495],[2.56688,46.74417],[2.573815,46.743461],[2.580765,46.742824],[2.587727,46.742259],[2.594702,46.741766],[2.601686,46.741346],[2.608679,46.740997],[2.615679,46.740721],[2.622683,46.740517],[2.629692,46.740386],[2.636703,46.740327],[2.643714,46.740341],[2.650724,46.740427],[2.657731,46.740585],[2.664734,46.740816],[2.671732,46.74112],[2.678721,46.741495],[2.685702,46.741943],[2.692672,46.742463],[2.69963,46.743055],[2.706575,46.743719],[2.713504,46.744455],[2.720416,46.745262],[2.727309,46.746141],[2.734183,46.74709],[2.741035,46.748111],[2.747864,46.749202],[2.754668,46.750364],[2.761446,46.751596],[2.768197,46.752898],[2.774918,46.75427],[2.781608,46.755711],[2.788266,46.757221],[2.79489,46.758799],[2.801479,46.760446],[2.808031,46.762161],[2.814545,46.763944],[2.821018,46.765793],[2.827451,46.767709],[2.833841,46.769692],[2.840187,46.77174],[2.846487,46.773854],[2.85274,46.776033],[2.852222,46.775833]]]}},{"type":"Feature","properties":{"name":"151","nameV":"R 151","class":"R","type":"R","lower":"SFC","lowerM":0,"upper":"3500FT AMSL","upperM":1066,"desc":"Administrator: 11ème RAMA LA LANDE D'OUEE: TEL 02 99 39 75 15 / 76 27 GAT/OAT: avoidance mandatory during activity. Activation possible only outside LF-R 57 BRETAGNE actual activity hours. Activity provided by RENNES INFO.","activationCode":"H24","activationDesc":"Possible activation H24.","UId":"1563085","id":"LFR151","stroke":"#800080","stroke-width":2,"stroke-opacity":0.8,"fill":"#ffb9dc","fill-opacity":0.6},"geometry":{"type":"Polygon","coordinates":[[[-1.475556,48.285278],[-1.445,48.273889],[-1.446944,48.268333],[-1.475,48.264722],[-1.483333,48.266667],[-1.488056,48.270556],[-1.488333,48.279722],[-1.475556,48.285278]]]}},{"type":"Feature","properties":{"name":"240","nameV":"R 240","class":"R","type":"R","lower":"2500FT AMSL","lowerM":762,"upper":"5000FT AMSL","upperM":1524,"desc":"Administrator: PYRENEES APP GAT IFR, VFR, OAT flights: avoidance mandatory throughout activity except for paradropping activity and ACFT to and from TARBES- LALOUBERE. Activity known on: - LOURDES ATIS and TWR - PYRENEES INFO","activationCode":"HO","activationDesc":"Possible activation SR- SS. As per protocol.","UId":"1564321","id":"LFR240","stroke":"#800080","stroke-width":2,"stroke-opacity":0.8,"fill":"#ffb9dc","fill-opacity":0.3},"geometry":{"type":"Polygon","coordinates":[[[0.055556,43.178056],[0.055556,43.216667],[0.117778,43.249167],[0.136389,43.248889],[0.150556,43.212778],[0.118889,43.188889],[0.055556,43.178056]]]}},{"type":"Feature","properties":{"name":"3110","nameV":"R 3110","class":"R","type":"R","lower":"2500FT AMSL","lowerM":762,"upper":"3000FT AMSL","upperM":914,"desc":"Administrator: DE GAULLE APP. Throughout activation: - IFR and OAT: avoidance mandatory  - VFR: entry strictly reserved for pilots of flying clubs which signed a protocol with the managing authority and their duty informed guests. This area substitutes itself to Class A airspace parts which it interferes with. Activity provided by: - DE GAULLE APP - LE BOURGET INFO/APP","activationCode":"HX","activationDesc":"Possible activation: SUM: MON-FRI: 0700-1000, 1100-1800. SAT: 0700-1000, 1200-1700. SUN: 0800-1000, 1300-1700. WIN: MON-FRI: 0800-1100, 1200-SS. SAT: 0800-1100, 1200-SS. SUN: 0900-1100, 1300-SS.  and according to protocol.","UId":"11049099","id":"LFR3110","stroke":"#800080","stroke-width":2,"stroke-opacity":0.8,"fill":"#ffb9dc","fill-opacity":0.3},"geometry":{"type":"Polygon","coordinates":[[[2.287778,49.182222],[2.297222,49.195],[2.338611,49.206111],[2.366944,49.185833],[2.342222,49.171667],[2.299444,49.164444],[2.287778,49.182222]]]}},{"type":"Feature","properties":{"name":"271","nameV":"R 271","class":"R","type":"R","lower":"SFC","lowerM":0,"upper":"2100FT AMSL","upperM":640,"desc":"Administrator: French Air Force base 701 of Salon de Provence.  GAT/OAT: mandatory avoidance during activity except for ACFT authorized by: - during ATS SKED SALON APP / SALON TWR - outside ATS SKED OPC (04 13 93 82 00).","activationCode":"H24","UId":"21232869","id":"LFR271","stroke":"#800080","stroke-width":2,"stroke-opacity":0.8,"fill":"#ffb9dc","fill-opacity":0.6},"geometry":{"type":"Polygon","coordinates":[[[5.130278,43.574444],[5.130278,43.562222],[5.112778,43.559444],[5.106111,43.560833],[5.103333,43.569444],[5.109167,43.576389],[5.130278,43.574444]]]}},{"type":"Feature","properties":{"name":"341","nameV":"R 341","class":"R","type":"R","lower":"SFC","lowerM":0,"upper":"1000FT AGL","ordinalUpperM":304,"upperM":304,"groundEstimatedHeight":[0,0,0,0],"desc":"Administrator: French Air Force base 701 of Salon de Provence. OPC: 04 13 93 82 00. GAT / OAT: mandatory avoidance during activity except for unmanned ACFT authorized according to protocol. Actual activity known by the administrator.","activationCode":"OTHER","activationDesc":"Possible activation H24.","UId":"44381751","id":"LFR341","stroke":"#800080","stroke-width":2,"stroke-opacity":0.8,"fill":"#ffb9dc","fill-opacity":0.6},"geometry":{"type":"Polygon","coordinates":[[[5.140504,43.611387],[5.140207,43.614058],[5.139322,43.616661],[5.137871,43.619127],[5.135893,43.621393],[5.133438,43.6234],[5.130571,43.625095],[5.127364,43.626436],[5.123902,43.627387],[5.120274,43.627923],[5.116573,43.628031],[5.112897,43.627708],[5.109341,43.626962],[5.105995,43.625812],[5.102948,43.624289],[5.100278,43.622432],[5.098055,43.620289],[5.096335,43.617915],[5.095163,43.615373],[5.09457,43.612727],[5.094571,43.610047],[5.095166,43.607401],[5.096339,43.604859],[5.09806,43.602486],[5.100285,43.600343],[5.102955,43.598487],[5.106001,43.596964],[5.109345,43.595816],[5.1129,43.59507],[5.116574,43.594747],[5.120272,43.594855],[5.123898,43.595391],[5.127359,43.596341],[5.130565,43.597681],[5.133432,43.599376],[5.135887,43.601382],[5.137866,43.603647],[5.139318,43.606113],[5.140205,43.608715],[5.140504,43.611387]]]}},{"type":"Feature","properties":{"name":"1 F","nameV":"R 1 F","class":"R","type":"R","lower":"SFC","lowerM":0,"upper":"1500FT AMSL","upperM":457,"desc":"Administrator: Bureau OPS BFMC (Base des Fusiliers Marins et des Commandos) +33 (0)2 97 12 67 20. GAT/OAT: avoidance mandatory except for ACFT in assistance and rescue missions when the avoidance is not compatible with the execution of their missions after contact with LORIENT TWR, IROISE APP/INFO or CCMAR ATL ARMOR. When active, this area coexists with the LF-R13 A1 part with which it interferes. Activity provided by LORIENT TWR, IROISE APP/INFO.","activationCode":"HX","activationDesc":"Possible activation: MON-FRI, except HOL: H24.","UId":"44502339","id":"LFR1F","stroke":"#800080","stroke-width":2,"stroke-opacity":0.8,"fill":"#ffb9dc","fill-opacity":0.6},"geometry":{"type":"Polygon","coordinates":[[[-3.323183,47.697777],[-3.323343,47.699113],[-3.323819,47.700415],[-3.324599,47.701648],[-3.325663,47.70278],[-3.326984,47.703784],[-3.328526,47.704631],[-3.330251,47.705302],[-3.332113,47.705777],[-3.334064,47.706045],[-3.336054,47.706099],[-3.338031,47.705937],[-3.339944,47.705564],[-3.341743,47.70499],[-3.343382,47.704228],[-3.344819,47.7033],[-3.346015,47.702228],[-3.34694,47.701042],[-3.34757,47.69977],[-3.347889,47.698447],[-3.347889,47.697107],[-3.347569,47.695784],[-3.346938,47.694513],[-3.346013,47.693327],[-3.344817,47.692255],[-3.34338,47.691327],[-3.341742,47.690566],[-3.339943,47.689991],[-3.338031,47.689619],[-3.336054,47.689457],[-3.334065,47.689511],[-3.332114,47.689779],[-3.330252,47.690254],[-3.328528,47.690924],[-3.326986,47.691772],[-3.325665,47.692775],[-3.324601,47.693907],[-3.32382,47.69514],[-3.323343,47.696441],[-3.323183,47.697777]]]}},{"type":"Feature","properties":{"name":"1250 B","nameV":"R 1250 B","class":"R","type":"R","lower":"3000FT AMSL","lowerM":914,"upper":"3500FT AMSL","upperM":1066,"desc":"Manager: ALTHEA 04 12 39 04 65 directeurvol@altheafrance.fr OAT/GAT: Avoidance mandatory throughout activity. Activity known on: LE LUC APP (LF- R 95 A active) MARSEILLE INFO (LF- R 95 A inactive).","activationCode":"OTHER","activationDesc":"Activable H24 selon protocole. \\\\Possible activation H24 according to protocol.","UId":"44381730","id":"LFR1250B","stroke":"#800080","stroke-width":2,"stroke-opacity":0.8,"fill":"#ffb9dc","fill-opacity":0.3},"geometry":{"type":"Polygon","coordinates":[[[5.768454,43.544443],[5.768301,43.545814],[5.767848,43.547149],[5.767104,43.548414],[5.766091,43.549576],[5.764833,43.550605],[5.763363,43.551475],[5.761721,43.552163],[5.759947,43.55265],[5.758088,43.552925],[5.756192,43.552981],[5.754309,43.552815],[5.752487,43.552432],[5.750773,43.551843],[5.749212,43.551062],[5.747844,43.550109],[5.746704,43.54901],[5.745823,43.547792],[5.745222,43.546488],[5.744918,43.545131],[5.744919,43.543756],[5.745223,43.542399],[5.745824,43.541095],[5.746706,43.539877],[5.747845,43.538778],[5.749213,43.537826],[5.750774,43.537045],[5.752488,43.536456],[5.75431,43.536073],[5.756192,43.535907],[5.758088,43.535963],[5.759946,43.536238],[5.761719,43.536725],[5.763362,43.537413],[5.764831,43.538282],[5.766089,43.539311],[5.767103,43.540473],[5.767847,43.541738],[5.768301,43.543073],[5.768454,43.544443]]]}},{"type":"Feature","properties":{"name":"1250 A","nameV":"R 1250 A","class":"R","type":"R","lower":"SFC","lowerM":0,"upper":"3000FT AMSL","upperM":914,"desc":"Manager: ALTHEA 04 12 39 04 65 directeurvol@altheafrance.fr OAT/GAT: Avoidance mandatory throughout activity. Activity known on: LE LUC APP (LF- R 95 A active) MARSEILLE INFO (LF- R 95 A inactive).","activationCode":"OTHER","activationDesc":"Activable H24 selon protocole. \\\\Possible activation H24 according to protocol.","UId":"1563735","id":"LFR1250A","stroke":"#800080","stroke-width":2,"stroke-opacity":0.8,"fill":"#ffb9dc","fill-opacity":0.6},"geometry":{"type":"Polygon","coordinates":[[[5.768454,43.544443],[5.768301,43.545814],[5.767848,43.547149],[5.767104,43.548414],[5.766091,43.549576],[5.764833,43.550605],[5.763363,43.551475],[5.761721,43.552163],[5.759947,43.55265],[5.758088,43.552925],[5.756192,43.552981],[5.754309,43.552815],[5.752487,43.552432],[5.750773,43.551843],[5.749212,43.551062],[5.747844,43.550109],[5.746704,43.54901],[5.745823,43.547792],[5.745222,43.546488],[5.744918,43.545131],[5.744919,43.543756],[5.745223,43.542399],[5.745824,43.541095],[5.746706,43.539877],[5.747845,43.538778],[5.749213,43.537826],[5.750774,43.537045],[5.752488,43.536456],[5.75431,43.536073],[5.756192,43.535907],[5.758088,43.535963],[5.759946,43.536238],[5.761719,43.536725],[5.763362,43.537413],[5.764831,43.538282],[5.766089,43.539311],[5.767103,43.540473],[5.767847,43.541738],[5.768301,43.543073],[5.768454,43.544443]]]}},{"type":"Feature","properties":{"name":"158 A","nameV":"R 158 A","class":"R","type":"R","lower":"5000FT AGL","ordinalLowerM":1524,"lowerM":1524,"upper":"FL115","upperM":3505,"groundEstimatedHeight":[0,0,0,0],"desc":"CDC of cinq Mars la Pile (RAKI) or replacement CDC. IFR/VFR: upon RAKI RADAR authorisation or replacement CDC. Except for Valdahon LF- R 231 A, Maconnais Nord-Est LF-R 45 S6.1 and Jura LF-R 45 S7 when active. Actual activity known on: - RAKI RADAR or replacement CDC: 119.700 - BASEL INFO","activationCode":"HX","activationDesc":"Possible activation H24","timeScheduling":{"1":["UTC(01/01->31/12)","ANY(00:00->23:59)"]},"UId":"1562985","id":"LFR158A","stroke":"#800080","stroke-width":2,"stroke-opacity":0.8,"fill":"#ffb9dc","fill-opacity":0.3},"geometry":{"type":"Polygon","coordinates":[[[6.003611,47.66],[6.246944,47.611111],[6.344722,47.583333],[6.333333,47.533333],[6.613889,47.488889],[6.964718151047104,47.29223859584432],[6.961831,47.291569],[6.949861,47.292258],[6.940578,47.286678],[6.940714,47.284897],[6.945414,47.281122],[6.944917,47.279339],[6.952011,47.269617],[6.949653,47.265939],[6.951478,47.262753],[6.9493,47.256833],[6.946442,47.254411],[6.947242,47.250583],[6.955447,47.243422],[6.942683,47.238006],[6.942108,47.233247],[6.939356,47.230922],[6.932633,47.231117],[6.927403,47.228422],[6.925939,47.224125],[6.921322,47.22085],[6.910022,47.218],[6.906908,47.215125],[6.880197,47.200544],[6.878267,47.195794],[6.874747,47.193078],[6.873342,47.1897],[6.874081,47.186122],[6.872878,47.185172],[6.868017,47.185606],[6.866058,47.184797],[6.863786,47.180286],[6.840642,47.171119],[6.843617,47.167053],[6.848508,47.165944],[6.853194,47.166886],[6.858536,47.165753],[6.858289,47.16415],[6.84905,47.156447],[6.840622,47.154147],[6.839592,47.150742],[6.830475,47.1465],[6.827956,47.146714],[6.824947,47.142414],[6.819289,47.140136],[6.815608,47.135833],[6.807914,47.135486],[6.806386,47.131042],[6.800858,47.129133],[6.796825,47.129344],[6.793158,47.127264],[6.779339,47.123622],[6.776058,47.1214],[6.765247,47.120653],[6.752394,47.114839],[6.747942,47.110664],[6.745342,47.109886],[6.740836,47.109947],[6.739931,47.108647],[6.741383,47.104356],[6.746681,47.099089],[6.744561,47.092897],[6.736092,47.089986],[6.729717,47.090044],[6.726144,47.092244],[6.7227,47.089658],[6.7161,47.088889],[6.713722,47.087425],[6.713736,47.086436],[6.712853,47.086414],[6.710339,47.084508],[6.708744,47.084569],[6.707747,47.083242],[6.702417,47.081975],[6.703053,47.080747],[6.707633,47.079158],[6.705269,47.076703],[6.706539,47.074364],[6.703833,47.073897],[6.701014,47.070111],[6.692764,47.068761],[6.691761,47.066253],[6.695364,47.062625],[6.695681,47.063644],[6.698808,47.062189],[6.701358,47.058489],[6.704286,47.059128],[6.708814,47.058078],[6.711558,47.053742],[6.719858,47.052275],[6.711478,47.048119],[6.708783,47.045],[6.705947,47.044478],[6.696522,47.037192],[6.686028,47.037522],[6.675742,47.034683],[6.659728,47.027386],[6.654042,47.022356],[6.648603,47.014644],[6.646181,47.009528],[6.640389,47.002794],[6.6337,46.998142],[6.61815,46.991789],[6.610814,46.990936],[6.596364,46.992683],[6.571911,46.982119],[6.537667,46.973714],[6.515439,46.970039],[6.504881,46.965822],[6.496058,46.97435],[6.476458,46.960739],[6.460403,46.944058],[6.444428,46.933422],[6.432658,46.928706],[6.435886,46.921761],[6.440914,46.918308],[6.458056,46.900642],[6.464647,46.890425],[6.459794,46.851378],[6.442661,46.832617],[6.439583,46.823989],[6.440811,46.815867],[6.430964,46.812586],[6.434967,46.801675],[6.458272,46.788769],[6.451561,46.778475],[6.452306,46.774217],[6.448942,46.773394],[6.438331,46.766692],[6.437833,46.76315],[6.439397,46.762761],[6.430372,46.756833],[6.424486,46.75445],[6.403378,46.750042],[6.4009,46.750972],[6.3998,46.749711],[6.394967,46.748472],[6.38835,46.743453],[6.392061,46.739097],[6.389383,46.734881],[6.383972,46.73115],[6.370089,46.730589],[6.367825,46.729336],[6.371581,46.729236],[6.371731,46.724317],[6.364275,46.72235],[6.360097,46.723128],[6.357406,46.719811],[6.353967,46.7184],[6.352167,46.714903],[6.349464,46.714606],[6.341364,46.710272],[6.327308,46.706367],[6.325,46.706686],[6.297508,46.694431],[6.292436,46.693122],[6.282419,46.690725],[6.279336,46.687572],[6.27305330099412,46.68444943047687],[6.273056,46.684444],[5.608333,47.083333],[5.608333,47.469444],[6.003611,47.66]]]}},{"type":"Feature","properties":{"name":"41","nameV":"R 41","class":"R","type":"R","lower":"1700FT AMSL","lowerM":518,"upper":"3000FT AMSL","upperM":914,"desc":"Manager: 5th Régiment d'Hélicoptères de Combat (5ème RHC): 05 59 40 41 35 or 05 59 40 41 40 GAT/OAT: entry subject to MADIRAN authorization 129.900 MHz (during activity, ACFT without radio bypassing mandatory). Actual activity known of: Madiran: 129.900 MHz RAIZ: 129.900 MHz Pyrénées INFO ATIS Pyrénées Marsan APP: 119.700 MHz","activationCode":"HO","activationDesc":"MON, TUE, THU: 0900-1100, 1200-1600 WED: 0700-1100 FRI: 0900-1100 SUM -1HR","UId":"27271408","id":"LFR41","stroke":"#800080","stroke-width":2,"stroke-opacity":0.8,"fill":"#ffb9dc","fill-opacity":0.3},"geometry":{"type":"Polygon","coordinates":[[[-0.778056,43.721944],[-0.351944,43.736944],[-0.178889,43.536111],[-0.399444,43.504167],[-0.615833,43.472778],[-0.716667,43.458333],[-0.766667,43.491667],[-0.669444,43.555556],[-0.778056,43.721944]]]}},{"type":"Feature","properties":{"name":"42","nameV":"R 42","class":"R","type":"R","lower":"SFC","lowerM":0,"upper":"1700FT AMSL","upperM":518,"desc":"Manager: 5th Régiment d'Hélicoptères de Combat (5ème RHC): 05 59 40 41 35 or 05 59 40 41 40 Except LF-R287 SAINT MEDARD when active. GAT/OAT: entry subject to MADIRAN authorization 129.900 MHz (during activity, ACFT without radio bypassing mandatory). Actual activity known of: Madiran: 129.900 MHz RAIZ: 129.900 MHz Pyrénées INFO ATIS Pyrénées Marsan APP: 119.700 MHz","activationCode":"HO","activationDesc":"MON, TUE, THU: 0900-1100, 1200-1600 WED: 0700-1100 FRI: 0900-1100 SUM -1HR","UId":"27271410","id":"LFR42","stroke":"#800080","stroke-width":2,"stroke-opacity":0.8,"fill":"#ffb9dc","fill-opacity":0.6},"geometry":{"type":"Polygon","coordinates":[[[-0.608333,43.65],[-0.399444,43.504167],[-0.615833,43.472778],[-0.651667,43.528333],[-0.608333,43.65]]]}},{"type":"Feature","properties":{"name":"576 B","nameV":"R 576 B (SeeNotam)","class":"R","type":"R","lower":"SFC","lowerM":0,"upper":"FL165","upperM":5029,"desc":"Administrator: 13ème Bataillon de Chasseurs Alpins (13ème BCA): +33(0)4 79 71 22 21 Duty phone: +33 (0)4 79 71 22 59 GAT: Avoidance mandatory during activity. OAT: aircraft approved by administrator. Activity known on MARSEILLE INFO. ","activationCode":"HX","activationDesc":"Possible activation by NOTAM","UId":"46895699","id":"LFR576B","stroke":"#800080","stroke-width":2,"stroke-opacity":0.8,"fill":"#ffb9dc","fill-opacity":0.6},"geometry":{"type":"Polygon","coordinates":[[[6.645278,45.214722],[6.633611,45.234444],[6.618611,45.240278],[6.623333,45.246111],[6.637778,45.2525],[6.645278,45.244722],[6.643611,45.234167],[6.646667,45.215],[6.645278,45.214722]]]}},{"type":"Feature","properties":{"name":"576 A","nameV":"R 576 A","class":"R","type":"R","lower":"SFC","lowerM":0,"upper":"8500FT AMSL","upperM":2590,"desc":"Administrator: 13ème Bataillon de Chasseurs Alpins (13ème BCA): +33(0)4 79 71 22 21 Duty phone: +33 (0)4 79 71 22 59 GAT: Avoidance mandatory during activity OAT: aircraft approved by administrator. Activity known on MARSEILLE INFO.","activationCode":"H24","activationDesc":"Possible activation H24","UId":"46895688","id":"LFR576A","stroke":"#800080","stroke-width":2,"stroke-opacity":0.8,"fill":"#ffb9dc","fill-opacity":0.6},"geometry":{"type":"Polygon","coordinates":[[[6.643611,45.234167],[6.633611,45.234444],[6.618611,45.240278],[6.623333,45.246111],[6.637778,45.2525],[6.645278,45.244722],[6.643611,45.234167]]]}},{"type":"Feature","properties":{"name":"570","nameV":"R 570","class":"R","type":"R","lower":"SFC","lowerM":0,"upper":"200FT AGL","ordinalUpperM":60,"upperM":60,"groundEstimatedHeight":[0,0,0,0],"desc":"Unmanned remotely piloted aircraft Administrator 1er Régiment de SPAHIS: +33 (0)4 75 78 62 44 or +33 (0)6 75 92 12 30 GAT: Avoidance mandatory during activity OAT: aircraft approved by administrator Activity known on VALENCE INFO during ATS SKED or by administrator.","activationCode":"H24","activationDesc":"Possible activation H24","UId":"46895671","id":"LFR570","stroke":"#800080","stroke-width":2,"stroke-opacity":0.8,"fill":"#ffb9dc","fill-opacity":0.6},"geometry":{"type":"Polygon","coordinates":[[[4.921944,44.897778],[4.927778,44.900833],[4.932778,44.900833],[4.936667,44.8925],[4.928889,44.889722],[4.921944,44.897778]]]}},{"type":"Feature","properties":{"name":"571","nameV":"R 571","class":"R","type":"R","lower":"SFC","lowerM":0,"upper":"800FT AGL","ordinalUpperM":243,"upperM":243,"groundEstimatedHeight":[0,0,0,0],"desc":"Unmanned remotely piloted aircraft Administrator: 28ème Régiment de Transmissions (28ème RT): +33 (0)4 73 55 75 00 or +33 (0)6 50 69 87 31 GAT: Avoidance mandatory during activity OAT: aircraft approved by administrator Activity known on CLERMONT INFO.","activationCode":"HX","activationDesc":"Possible activation From MON 0700 to FRI 1100","UId":"46895681","id":"LFR571","stroke":"#800080","stroke-width":2,"stroke-opacity":0.8,"fill":"#ffb9dc","fill-opacity":0.6},"geometry":{"type":"Polygon","coordinates":[[[3.25479,45.526902],[3.254636,45.528238],[3.254179,45.52954],[3.253429,45.530773],[3.252407,45.531905],[3.251138,45.532909],[3.249656,45.533756],[3.248,45.534427],[3.246211,45.534902],[3.244336,45.53517],[3.242424,45.535224],[3.240525,45.535062],[3.238687,45.534689],[3.236959,45.534115],[3.235384,45.533353],[3.234005,45.532425],[3.232855,45.531353],[3.231967,45.530167],[3.231361,45.528895],[3.231054,45.527572],[3.231055,45.526232],[3.231362,45.524909],[3.231968,45.523638],[3.232857,45.522452],[3.234006,45.52138],[3.235386,45.520452],[3.23696,45.519691],[3.238688,45.519116],[3.240526,45.518744],[3.242424,45.518582],[3.244336,45.518636],[3.24621,45.518904],[3.247998,45.519379],[3.249655,45.520049],[3.251137,45.520897],[3.252405,45.5219],[3.253428,45.523032],[3.254178,45.524265],[3.254636,45.525567],[3.25479,45.526902]]]}},{"type":"Feature","properties":{"name":"265","nameV":"R 265","class":"R","type":"R","lower":"SFC","lowerM":0,"upper":"1600FT AMSL","upperM":487,"desc":"Administrator: 12th RC TEL: 02 38 82 25 19 or 31 67 or 25 12 GAT/OAT: avoidance mandatory during activity","activationCode":"HJ","activationDesc":"Activation SR-SS","UId":"17782463","id":"LFR265","stroke":"#800080","stroke-width":2,"stroke-opacity":0.8,"fill":"#ffb9dc","fill-opacity":0.6},"geometry":{"type":"Polygon","coordinates":[[[1.901111,47.822222],[1.902222,47.822778],[1.903611,47.821944],[1.901111,47.822222]]]}},{"type":"Feature","properties":{"name":"268","nameV":"R 268","class":"R","type":"R","lower":"SFC","lowerM":0,"upper":"2000FT AMSL","upperM":609,"desc":"Administrator: 12ème RC TEL: 02 38 82 25 19 or 31 67 or 25 12 OAT/GAT: avoidance mandatory except for ACFT coordinated with the firing range.","activationCode":"HX","activationDesc":"Active LUN-JEU sauf JF: - 01/11-31/03: 0400-2300 - 01/04 - 31/10: 0400-0100 (ETE -1HR)\\\\ active MON-THU except public HOL: - 01/11-31/03: 0400-2300 - 01/04 - 31/10: 0400-0100 (SUM -1HR)","UId":"20201919","id":"LFR268","stroke":"#800080","stroke-width":2,"stroke-opacity":0.8,"fill":"#ffb9dc","fill-opacity":0.6},"geometry":{"type":"Polygon","coordinates":[[[1.926944,47.963056],[1.937222,47.994722],[1.911944,47.998333],[1.908889,47.989167],[1.909444,47.971111],[1.911389,47.965833],[1.926944,47.963056]]]}},{"type":"Feature","properties":{"name":"590 A","nameV":"R 590 A (SeeNotam)","class":"R","type":"R","lower":"800FT AGL","ordinalLowerM":243,"lowerM":243,"upper":"6400FT AMSL","upperM":1950,"groundEstimatedHeight":[0,0,0,0],"desc":"Administrator: CDPGE Athis-Mons. Avoidance mandatory during activation hours. Activation timetable available on: - Internet: https://www.sia.aviation-civile.gouv.fr (section Preflight briefing/AZBA charts), SOFIA Briefing https://sofia-briefing.aviation-civile.gouv.fr (AZBA charts section). Actual activity provided by: - MONTPELLIER INFORMATION - neighbouring AD.","activationCode":"NOTAM","activationDesc":"Activation by NOTAM. Except HOL: - MON: 0830-1100 - TUE : 0830-1100 and SS+30 - 2359 - WED: SS+30 - 2359 - THU : 0830-1100 and SS+30 - 2359 - FRI: 0830-1100 SUM: - 1HR","UId":"1563539","id":"LFR590A","stroke":"#800080","stroke-width":2,"stroke-opacity":0.8,"fill":"#ffb9dc","fill-opacity":0.3},"geometry":{"type":"Polygon","coordinates":[[[3.270278,44.483333],[3.110556,44.434444],[2.964444,44.721667],[3.116667,44.783056],[3.270278,44.483333]]]}},{"type":"Feature","properties":{"name":"590 B","nameV":"R 590 B (SeeNotam)","class":"R","type":"R","lower":"800FT AGL","ordinalLowerM":243,"lowerM":243,"upper":"5800FT AMSL","upperM":1767,"groundEstimatedHeight":[0,0,0,0],"desc":"Administrator: CDPGE Athis-Mons. Avoidance mandatory during activation hours. Activation timetable available on: - Internet: https://www.sia.aviation-civile.gouv.fr (section Preflight briefing/AZBA charts), SOFIA Briefing https://sofia-briefing.aviation-civile.gouv.fr (AZBA charts section). Actual activity provided by: - CLERMONT INFORMATION - neighbouring AD.","activationCode":"NOTAM","activationDesc":"Activation by NOTAM. Except HOL: - MON: 0830-1100 - TUE : 0830-1100 and SS+30 - 2359 - WED: SS+30 - 2359 - THU : 0830-1100 and SS+30 - 2359 - FRI: 0830-1100 SUM: - 1HR","UId":"1563535","id":"LFR590B","stroke":"#800080","stroke-width":2,"stroke-opacity":0.8,"fill":"#ffb9dc","fill-opacity":0.3},"geometry":{"type":"Polygon","coordinates":[[[2.916667,44.933333],[3.116667,44.783056],[2.964444,44.721667],[2.753889,44.880833],[2.916667,44.933333]]]}},{"type":"Feature","properties":{"name":"45 S1","nameV":"R 45 S1 (SeeNotam)","class":"R","type":"R","lower":"800FT AGL","ordinalLowerM":243,"lowerM":243,"upper":"4500FT AMSL","upperM":1371,"groundEstimatedHeight":[0,0,0,0],"desc":"Administrator: CDPGE Athis-Mons. Avoidance mandatory during activation hours. Activation timetable available on: - Internet: https://www.sia.aviation-civile.gouv.fr (section Preflight briefing/AZBA charts), SOFIA Briefing https://sofia-briefing.aviation-civile.gouv.fr (AZBA charts section). Actual activity provided by: - BASEL FIS - SEINE FIS - BALE, LUXEUIL, SAINT-DIZIER and EPINAL MIRECOURT AD.","activationCode":"NOTAM","activationDesc":"Activation by NOTAM. Except public HOL: - MON: 0830-1100 and 1230-1600 - TUE: 0830-1100 and 1230-2359 - WED: 0000-0059, 0830-1100 and SS+30-2359 Except July and August: WED: SS+30-2359 - THU: 0000-0059, 0830-1100 and 1230-2359 - FRI: 0000-0059 and 0830-1100. SUM: - 1HR","UId":"1563887","id":"LFR45S1","stroke":"#800080","stroke-width":2,"stroke-opacity":0.8,"fill":"#ffb9dc","fill-opacity":0.3},"geometry":{"type":"Polygon","coordinates":[[[6.041667,47.975],[5.878056,48.010278],[5.701389,48.089444],[5.800833,48.175556],[5.876667,48.180833],[6.088056,48.161111],[6.161944,48.133889],[6.215556,48.082222],[6.041667,47.975]]]}},{"type":"Feature","properties":{"name":"45 C","nameV":"R 45 C (SeeNotam)","class":"R","type":"R","lower":"SFC","lowerM":0,"upper":"800FT AGL","ordinalUpperM":243,"upperM":243,"groundEstimatedHeight":[0,0,0,0],"desc":"Administrator: CDPGE Athis-Mons. Avoidance mandatory during activation hours. Activation timetable available on: - Internet: https://www.sia.aviation-civile.gouv.fr (section Preflight briefing/AZBA charts), SOFIA Briefing https://sofia-briefing.aviation-civile.gouv.fr (AZBA charts section). Actual activity provided by: - BASEL FIS - DOLE, LUXEUIL, LYON SAINT-EXUPERY, SAINT-YAN and BASEL AD.","activationCode":"NOTAM","activationDesc":"Activation by NOTAM. Except public HOL MON: 0900-1100, 1230-1330 and 1430-1600 TUE, THU: 0900-1100, 1230-1330, 1430-1600 and SS+30-2359 WED: 0900-1100 Except July and August: WED: NIL FRI: 0900-1100 SUM: -1HR","UId":"1563243","id":"LFR45C","stroke":"#800080","stroke-width":2,"stroke-opacity":0.8,"fill":"#ffb9dc","fill-opacity":0.6},"geometry":{"type":"Polygon","coordinates":[[[5.975833,47.165278],[5.791944,47.054167],[6.0,46.909444],[6.015556,46.786111],[5.878056,46.713889],[5.354444,46.561389],[5.459722,46.408889],[5.747222,46.463889],[6.006944,46.625278],[6.266389,46.758889],[6.25,46.97],[5.975833,47.165278]]]}},{"type":"Feature","properties":{"name":"591","nameV":"R 591 (SeeNotam)","class":"R","type":"R","lower":"800FT AGL","ordinalLowerM":243,"lowerM":243,"upper":"6600FT AMSL","upperM":2011,"groundEstimatedHeight":[0,0,0,0],"desc":"Administrator: CDPGE Athis-Mons. Avoidance mandatory during activation hours. Activation timetable available on: - Internet: https://www.sia.aviation-civile.gouv.fr (section Preflight briefing/AZBA charts), SOFIA Briefing https://sofia-briefing.aviation-civile.gouv.fr (AZBA charts section). Actual activity provided by: - MARSEILLE INFORMATION - neighbouring AD.","activationCode":"NOTAM","activationDesc":"Activation by NOTAM. Except HOL: - MON: 0830-1100 - TUE : 0830-1100 and SS+30 - 2400 - WED: SS+30 - 2400 - THU : 0830-1100 and SS+30 - 2400 - FRI: 0830-1100 SUM: - 1HR","UId":"1563533","id":"LFR591","stroke":"#800080","stroke-width":2,"stroke-opacity":0.8,"fill":"#ffb9dc","fill-opacity":0.3},"geometry":{"type":"Polygon","coordinates":[[[3.286111,44.816667],[3.833333,44.658333],[4.230833,44.600278],[3.912778,44.381667],[3.833333,44.425],[3.286111,44.816667]]]}},{"type":"Feature","properties":{"name":"45 B","nameV":"R 45 B (SeeNotam)","class":"R","type":"R","lower":"SFC","lowerM":0,"upper":"800FT AGL","ordinalUpperM":243,"upperM":243,"groundEstimatedHeight":[0,0,0,0],"desc":"Administrator: CDPGE Athis-Mons. Avoidance mandatory during activation hours. Activation timetable available on: - Internet: https://www.sia.aviation-civile.gouv.fr (section Preflight briefing/AZBA charts), SOFIA Briefing https://sofia-briefing.aviation-civile.gouv.fr (AZBA charts section). Actual activity provided by: - BASEL FIS - SEINE FIS - AVORD, AUXERRE, SAINT-YAN and DOLE AD.","activationCode":"NOTAM","activationDesc":"Activation by NOTAM. Except public HOL MON: 0900-1100, 1230-1330 and 1430-1600 TUE, THU: 0900-1100, 1230-1330, 1430-1600 and SS+30-2359 WED: 0900-1100 Except July and August: WED: NIL FRI: 0900-1100 SUM: -1HR","UId":"1563239","id":"LFR45B","stroke":"#800080","stroke-width":2,"stroke-opacity":0.8,"fill":"#ffb9dc","fill-opacity":0.6},"geometry":{"type":"Polygon","coordinates":[[[4.352778,47.212222],[4.684722,47.136389],[4.697222,46.815278],[4.528889,46.751944],[4.278333,47.013056],[3.666667,47.077222],[3.602778,47.366389],[3.995278,47.488056],[4.096667,47.385278],[4.246944,47.3575],[4.183056,47.197222],[4.352778,47.212222]]]}},{"type":"Feature","properties":{"name":"166 C","nameV":"R 166 C (SeeNotam)","class":"R","type":"R","lower":"800FT AGL","ordinalLowerM":243,"lowerM":243,"upper":"FL065","upperM":1981,"groundEstimatedHeight":[0,0,0,0],"desc":"Administrator: CDPGE Athis-Mons. Avoidance mandatory during activation hours. Activation timetable available on: - Internet: https://www.sia.aviation-civile.gouv.fr (section Preflight briefing/AZBA charts), SOFIA Briefing https://sofia-briefing.aviation-civile.gouv.fr (AZBA charts section). Actual activity provided by: - FIS - neighbouring AD.","activationCode":"NOTAM","activationDesc":"Activation by NOTAM. Except public HOL: - TUE: 0830-1100 and SS-2359 - WED: 0000-0059 and SS-2359 - THU: 0000-0059 and SS-2359 - FRI: 0000-0059 and 0830-1100 SUM: - 1HR","UId":"1563401","id":"LFR166C","stroke":"#800080","stroke-width":2,"stroke-opacity":0.8,"fill":"#ffb9dc","fill-opacity":0.3},"geometry":{"type":"Polygon","coordinates":[[[1.301667,45.510833],[1.419444,45.333056],[1.666667,45.383333],[1.977778,45.789167],[1.966667,45.833333],[1.716667,45.8],[1.695556,45.871389],[1.301667,45.510833]]]}},{"type":"Feature","properties":{"name":"45 A","nameV":"R 45 A (SeeNotam)","class":"R","type":"R","lower":"SFC","lowerM":0,"upper":"800FT AGL","ordinalUpperM":243,"upperM":243,"groundEstimatedHeight":[0,0,0,0],"desc":"Administrator: CDPGE Athis-Mons. Avoidance mandatory during activation hours. Activation timetable available on: - Internet: https://www.sia.aviation-civile.gouv.fr (section Preflight briefing/AZBA charts), SOFIA Briefing https://sofia-briefing.aviation-civile.gouv.fr (AZBA charts section). Actual activity provided by: - BASEL FIS - SEINE FIS - TROYES AD.","activationCode":"NOTAM","activationDesc":"Activation by NOTAM. Except public HOL MON: 0900-1100, 1230-1330 and 1430-1600 TUE, THU: 0900-1100, 1230-1330, 1430-1600 and SS+30-2359 WED: 0900-1100 Except July and August: WED: NIL FRI: 0900-1100 SUM: -1HR","UId":"1563265","id":"LFR45A","stroke":"#800080","stroke-width":2,"stroke-opacity":0.8,"fill":"#ffb9dc","fill-opacity":0.6},"geometry":{"type":"Polygon","coordinates":[[[4.622222,47.634444],[4.481111,47.768333],[5.2,47.874444],[5.310833,47.724722],[4.622222,47.634444]]]}},{"type":"Feature","properties":{"name":"139 A","nameV":"R 139 A (SeeNotam)","class":"R","type":"R","lower":"800FT AGL","ordinalLowerM":243,"lowerM":243,"upper":"3000FT AMSL","upperM":914,"groundEstimatedHeight":[0,0,0,0],"desc":"Administrator: CDPGE Athis-Mons. Avoidance mandatory during activation hours. Activation timetable available on: - Internet: https://www.sia.aviation-civile.gouv.fr (section Preflight briefing/AZBA charts), SOFIA Briefing https://sofia-briefing.aviation-civile.gouv.fr (AZBA charts section). Actual activity provided by: - LIMOGES APP and AVORD APP.","activationCode":"NOTAM","activationDesc":"Activation by NOTAM. Except public HOL: - MON: 0830-1100 - TUE: 0830-1100 and SS-2359 - WED: 0000-0059 and 0930-1100, except JUL-AUG and school HOL: WED 0000-0059 - THU: 0830-1100 and SS-2359 - FRI: 0000-0059 and 0830-1100 SUM: - 1HR","UId":"1563139","id":"LFR139A","stroke":"#800080","stroke-width":2,"stroke-opacity":0.8,"fill":"#ffb9dc","fill-opacity":0.3},"geometry":{"type":"Polygon","coordinates":[[[2.471667,46.605556],[2.249444,46.715833],[2.374167,46.7975],[2.373364,46.797526],[2.377261,46.795688],[2.381185,46.793878],[2.385135,46.792094],[2.389111,46.790339],[2.393114,46.788611],[2.397141,46.786911],[2.401194,46.78524],[2.405271,46.783597],[2.409372,46.781982],[2.413497,46.780396],[2.417645,46.778839],[2.421816,46.777311],[2.426009,46.775812],[2.430224,46.774342],[2.434461,46.772902],[2.438719,46.771491],[2.442998,46.770111],[2.447296,46.76876],[2.451615,46.767439],[2.455952,46.766148],[2.460309,46.764888],[2.464684,46.763658],[2.469077,46.762458],[2.473487,46.76129],[2.477915,46.760152],[2.482359,46.759045],[2.486819,46.757969],[2.491295,46.756924],[2.495786,46.755911],[2.500291,46.754928],[2.504812,46.753978],[2.509345,46.753059],[2.513893,46.752171],[2.518453,46.751316],[2.523025,46.750492],[2.52761,46.7497],[2.532205,46.74894],[2.536812,46.748212],[2.54143,46.747516],[2.546057,46.746853],[2.550694,46.746222],[2.55534,46.745623],[2.559995,46.745057],[2.564657,46.744523],[2.569328,46.744022],[2.574005,46.743553],[2.57869,46.743117],[2.58338,46.742713],[2.588076,46.742343],[2.592777,46.742005],[2.597484,46.7417],[2.602194,46.741427],[2.606908,46.741188],[2.611626,46.740981],[2.616346,46.740808],[2.621068,46.740667],[2.625793,46.740559],[2.630518,46.740484],[2.635245,46.740443],[2.639972,46.740434],[2.644699,46.740458],[2.649425,46.740515],[2.65415,46.740605],[2.658874,46.740727],[2.663596,46.740883],[2.668315,46.741072],[2.673031,46.741294],[2.677743,46.741548],[2.682452,46.741835],[2.687156,46.742156],[2.691855,46.742509],[2.696548,46.742894],[2.696389,46.742778],[2.696389,46.742778],[2.471667,46.605556]]]}},{"type":"Feature","properties":{"name":"144 A","nameV":"R 144 A (SeeNotam)","class":"R","type":"R","lower":"800FT AGL","ordinalLowerM":243,"lowerM":243,"upper":"4500FT AMSL","upperM":1371,"groundEstimatedHeight":[0,0,0,0],"desc":"Administrator: CDPGE Athis-Mons. Avoidance mandatory during activation hours. Activation timetable available on: - Internet: https://www.sia.aviation-civile.gouv.fr (section Preflight briefing/AZBA charts), SOFIA Briefing https://sofia-briefing.aviation-civile.gouv.fr (AZBA charts section). Actual activity provided by: - LIMOGES INFO, CLERMONT INFO, PARIS INFO - neighbouring AD.","activationCode":"NOTAM","activationDesc":"Activation by NOTAM. Except public HOL: - MON: 0830-1100 - TUE: 0830-1100 and SS-2359 - WED: 0000-0059 and 0930-1100, except JUL-AUG and school HOL: WED 0000-0059 - THU: 0830-1100 and SS-2359 - FRI: 0000-0059 and 0830-1100 SUM: - 1HR.","UId":"1563149","id":"LFR144A","stroke":"#800080","stroke-width":2,"stroke-opacity":0.8,"fill":"#ffb9dc","fill-opacity":0.3},"geometry":{"type":"Polygon","coordinates":[[[3.083333,46.751389],[3.033611,46.719167],[2.588889,46.259722],[2.936389,46.177778],[3.289722,46.646389],[3.083333,46.751389]]]}},{"type":"Feature","properties":{"name":"145 A","nameV":"R 145 A (SeeNotam)","class":"R","type":"R","lower":"SFC","lowerM":0,"upper":"5500FT AMSL","upperM":1676,"desc":"Administrator: CDPGE Athis-Mons. Avoidance mandatory during activation hours. Activation timetable available on: - Internet: https://www.sia.aviation-civile.gouv.fr (section Preflight briefing/AZBA charts), SOFIA Briefing https://sofia-briefing.aviation-civile.gouv.fr (AZBA charts section). Actual activity provided by: - LIMOGES INFO - neighbouring AD.","activationCode":"NOTAM","activationDesc":"Activation by NOTAM. Except public HOL: - MON: 0830-1100 - TUE: 0830-1100 and SS-2359 - WED: 0000-0059 and 0930-1100, except JUL-AUG and school HOL: WED 0000-0059 - THU: 0830-1100 and SS-2359 - FRI: 0000-0059 and 0830-1100 SUM: - 1HR","UId":"1563145","id":"LFR145A","stroke":"#800080","stroke-width":2,"stroke-opacity":0.8,"fill":"#ffb9dc","fill-opacity":0.6},"geometry":{"type":"Polygon","coordinates":[[[1.804167,46.225],[2.269167,46.481389],[1.94,46.511389],[1.579167,46.261111],[1.804167,46.225]]]}},{"type":"Feature","properties":{"name":"69","nameV":"R 69 (SeeNotam)","class":"R","type":"R","lower":"800FT AGL","ordinalLowerM":243,"lowerM":243,"upper":"2700FT AGL","ordinalUpperM":822,"upperM":822,"groundEstimatedHeight":[0,0,0,0],"desc":"Administrator: CDPGE Athis-Mons. Except for Vouziers Séchault LF- R3 A and B when active and LF- R 175A. Maximum upper limit 4400ft AMSL. Avoidance mandatory during activation hours. Activation timetable available on: - Internet: https://www.sia.aviation-civile.gouv.fr (section Preflight briefing/AZBA charts), SOFIA Briefing https://sofia-briefing.aviation-civile.gouv.fr (AZBA charts section). Actual activity provided by: - PARIS FIC - SEINE FIS - BASEL FIS - LFSI, LFSO, LFSG, LFQB and LFOK AD.","activationCode":"NOTAM","activationDesc":"Activation by NOTAM MON: 0830 - 1100 and 1230 - 1600. TUE: 0830 - 1100 and 1230 - 2359. WED: 0000 - 0059 and 0830 - 1100 and SS+30 - 2359. THU: 0000 - 0059 and 0830 - 1100 and 1230 - 2359. FRI: 0000 - 0059 and 0830 - 1100. SUM: -1HR. Except HOL.","UId":"1563469","id":"LFR69","stroke":"#800080","stroke-width":2,"stroke-opacity":0.8,"fill":"#ffb9dc","fill-opacity":0.3},"geometry":{"type":"Polygon","coordinates":[[[4.666667,49.377778],[4.775,49.316667],[5.000833,48.966944],[5.000726,48.966806],[5.001823,48.964705],[5.00286,48.962591],[5.003835,48.960465],[5.004748,48.958327],[5.005599,48.956178],[5.006387,48.954019],[5.007112,48.95185],[5.007775,48.949672],[5.008374,48.947487],[5.008909,48.945294],[5.009381,48.943095],[5.009789,48.940891],[5.010134,48.938682],[5.010414,48.936469],[5.010629,48.934253],[5.010781,48.932035],[5.010868,48.929815],[5.010891,48.927594],[5.01085,48.925374],[5.010744,48.923154],[5.010574,48.920937],[5.01034,48.918721],[5.010041,48.91651],[5.009679,48.914302],[5.009253,48.912099],[5.008763,48.909902],[5.00821,48.907711],[5.007593,48.905528],[5.006914,48.903353],[5.006171,48.901187],[5.005366,48.89903],[5.004499,48.896884],[5.00357,48.894749],[5.002579,48.892626],[5.001527,48.890516],[5.000415,48.888419],[4.999242,48.886337],[4.998009,48.88427],[4.996716,48.882218],[4.995365,48.880183],[4.993955,48.878166],[4.992486,48.876166],[4.990961,48.874185],[4.989378,48.872224],[4.987739,48.870282],[4.986045,48.868362],[4.984295,48.866463],[4.982491,48.864586],[4.980633,48.862732],[4.978721,48.860902],[4.976758,48.859096],[4.974742,48.857315],[4.972676,48.855559],[4.970559,48.85383],[4.968393,48.852127],[4.966178,48.850452],[4.963915,48.848804],[4.961605,48.847186],[4.959249,48.845596],[4.956847,48.844036],[4.954401,48.842507],[4.951911,48.841008],[4.949378,48.839541],[4.946804,48.838106],[4.944189,48.836703],[4.941534,48.835333],[4.938839,48.833997],[4.936107,48.832694],[4.933338,48.831426],[4.930533,48.830193],[4.927692,48.828995],[4.924818,48.827833],[4.921911,48.826707],[4.918972,48.825618],[4.916002,48.824565],[4.913002,48.82355],[4.909974,48.822573],[4.906918,48.821633],[4.903835,48.820732],[4.900727,48.81987],[4.900278,48.820278],[4.900278,48.820278],[4.958333,48.645833],[4.999722,48.631389],[5.076944,48.373056],[5.555,48.253056],[5.701389,48.089444],[5.151944,48.221389],[4.906944,48.290556],[4.834722,48.568056],[4.7825,48.61],[4.723333,48.791389],[4.433333,49.244444],[4.666667,49.377778]]]}},{"type":"Feature","properties":{"name":"46 F1","nameV":"R 46 F1 (SeeNotam)","class":"R","type":"R","lower":"800FT AGL","ordinalLowerM":243,"lowerM":243,"upper":"4000FT AMSL","upperM":1219,"groundEstimatedHeight":[0,0,0,0],"desc":"Administrator: CDPGE Athis-Mons. Avoidance mandatory during activation hours. Activation timetable available on: - Internet: https://www.sia.aviation-civile.gouv.fr (section Preflight briefing/AZBA charts), SOFIA Briefing https://sofia-briefing.aviation-civile.gouv.fr (AZBA charts section). Actual activity provided by: Neighbouring FIS or AD.","activationCode":"NOTAM","activationDesc":"Activation by NOTAM Except public HOL: - MON: 0900-1100 and 1300-1500 - TUE: 0900-1100, 1300-1500 and SS+30 - 2359 - WED, THU: 0900-1100 and SS+30 - 2359 - FRI: 0900-1100 SUM: - 1HR","UId":"1564603","id":"LFR46F1","stroke":"#800080","stroke-width":2,"stroke-opacity":0.8,"fill":"#ffb9dc","fill-opacity":0.3},"geometry":{"type":"Polygon","coordinates":[[[2.188889,43.148611],[2.4025,43.132222],[2.8075,43.13],[2.921667,43.002222],[2.283333,43.033333],[2.188889,43.148611]]]}},{"type":"Feature","properties":{"name":"46 F2","nameV":"R 46 F2 (SeeNotam)","class":"R","type":"R","lower":"800FT AGL","ordinalLowerM":243,"lowerM":243,"upper":"3400FT AMSL","upperM":1036,"groundEstimatedHeight":[0,0,0,0],"desc":"Administrator: CDPGE Athis-Mons. Avoidance mandatory during activation hours. Activation timetable available on: - Internet: https://www.sia.aviation-civile.gouv.fr (section Preflight briefing/AZBA charts), SOFIA Briefing https://sofia-briefing.aviation-civile.gouv.fr (AZBA charts section). Actual activity provided by: Neighbouring FIS or AD.","activationCode":"NOTAM","activationDesc":"Activation by NOTAM Except public HOL: - MON: 0900-1100 and 1300-1500 - TUE: 0900-1100, 1300-1500 and SS+30 - 2359 - WED, THU: 0900-1100 and SS+30 - 2359 - FRI: 0900-1100 SUM:- 1HR","UId":"1564605","id":"LFR46F2","stroke":"#800080","stroke-width":2,"stroke-opacity":0.8,"fill":"#ffb9dc","fill-opacity":0.3},"geometry":{"type":"Polygon","coordinates":[[[2.283333,43.033333],[1.638889,43.15],[1.483333,43.156667],[1.483333,43.2775],[1.65,43.266667],[2.097778,43.155833],[2.188889,43.148611],[2.283333,43.033333]]]}},{"type":"Feature","properties":{"name":"45 N2","nameV":"R 45 N2 (SeeNotam)","class":"R","type":"R","lower":"800FT AGL","ordinalLowerM":243,"lowerM":243,"upper":"2400FT AGL","ordinalUpperM":731,"upperM":731,"groundEstimatedHeight":[0,0,0,0],"desc":"Administrator: CDPGE Athis-Mons. Maximum upper limit: 3600ft AMSL. Avoidance mandatory during activation hours. Activation timetable available on: - Internet: https://www.sia.aviation-civile.gouv.fr (section Preflight briefing/AZBA charts), SOFIA Briefing https://sofia-briefing.aviation-civile.gouv.fr (AZBA charts section). Actual activity provided by: - PARIS FIC - SAINT-DIZIER, ETAIN and CHARLEVILLE AD.","activationCode":"NOTAM","activationDesc":"Activation by NOTAM. Except public HOL: - MON: 0830-1100 and 1230-1600 - TUE, THU: 0830-1100 and 1230-2359 - WED: 0000-SR-30, 0830-1100 and SS+30-2359 - FRI: 0000-SR-30 and 0830-1100 SUM: - 1HR","UId":"1563935","id":"LFR45N2","stroke":"#800080","stroke-width":2,"stroke-opacity":0.8,"fill":"#ffb9dc","fill-opacity":0.3},"geometry":{"type":"Polygon","coordinates":[[[4.695,49.574722],[5.228333,49.497222],[5.091667,49.369444],[4.775,49.316667],[4.666667,49.377778],[4.586111,49.477778],[4.695,49.574722]]]}},{"type":"Feature","properties":{"name":"149 A","nameV":"R 149 A (SeeNotam)","class":"R","type":"R","lower":"800FT AGL","ordinalLowerM":243,"lowerM":243,"upper":"2000FT AGL","ordinalUpperM":609,"upperM":609,"groundEstimatedHeight":[0,0,0,0],"desc":"Administrator: CDPGE Athis-Mons. Except for ORLEANS TMA parts 1.1 and 7 when activated. Section maximum altitude: 2500ft AMSL. When this area is activated, it coexists with LF-P 34 SAINT LAURENT DES EAUX. Entry within LF-P 34 autorised for ACFT manoeuvring in OAT inside LF-R 149 A area, according to scheduling organised by CDPGE. Avoidance mandatory during activation hours. Activation timetable available on: - Internet: https://www.sia.aviation-civile.gouv.fr (section Preflight briefing/AZBA charts), SOFIA Briefing https://sofia-briefing.aviation-civile.gouv.fr (AZBA charts section). Actual activity provided by: - PARIS INFO - SEINE APP, AVORD APP, ORLEANS APP.","activationCode":"NOTAM","activationDesc":"Activation by NOTAM. Except public HOL: - MON: 0830-1100 - TUE: 0830-1100 and SS-2359 - WED: 0000-0059 and 0930-1100, except JUL-AUG and school HOL: WED 0000-0059 - THU: 0830-1100 and SS-2359 - FRI: 0000-0059 and 0830-1100 SUM: - 1HR","UId":"1563049","id":"LFR149A","stroke":"#800080","stroke-width":2,"stroke-opacity":0.8,"fill":"#ffb9dc","fill-opacity":0.3},"geometry":{"type":"Polygon","coordinates":[[[1.235,47.946944],[2.131944,47.479167],[2.008889,47.376944],[1.106389,47.850556],[1.158889,47.928056],[1.235,47.946944]]]}},{"type":"Feature","properties":{"name":"149 B","nameV":"R 149 B (SeeNotam)","class":"R","type":"R","lower":"800FT AGL","ordinalLowerM":243,"lowerM":243,"upper":"3000FT AMSL","upperM":914,"groundEstimatedHeight":[0,0,0,0],"desc":"Administrator: CDPGE Athis-Mons. Maximum altitude: 2100ft AMSL within AVORD TMA part 1.1 lateral limits. Avoidance mandatory during activation hours. Activation timetable available on: - Internet: https://www.sia.aviation-civile.gouv.fr (section Preflight briefing/AZBA charts), SOFIA Briefing https://sofia-briefing.aviation-civile.gouv.fr (AZBA charts section). Actual activity provided by: - PARIS INFO - AVORD APP.","activationCode":"NOTAM","activationDesc":"Activation by NOTAM. Except public HOL: - MON: 0830-1100 - TUE: 0830-1100 and SS-2359 - WED: 0000-0059 and 0930-1100, except JUL-AUG and school HOL: WED 0000-0059 - THU: 0830-1100 and SS-2359 - FRI: 0000-0059 and 0830-1100 SUM: - 1HR","UId":"1563053","id":"LFR149B","stroke":"#800080","stroke-width":2,"stroke-opacity":0.8,"fill":"#ffb9dc","fill-opacity":0.3},"geometry":{"type":"Polygon","coordinates":[[[2.131944,47.479167],[2.623611,47.223611],[2.536389,47.189722],[2.535973,47.189845],[2.533175,47.188825],[2.5304,47.187776],[2.527647,47.186701],[2.524917,47.185599],[2.522211,47.184471],[2.519529,47.183316],[2.516872,47.182134],[2.51424,47.180927],[2.511634,47.179695],[2.509055,47.178437],[2.506502,47.177154],[2.503977,47.175846],[2.501481,47.174513],[2.499012,47.173156],[2.496573,47.171776],[2.494163,47.170371],[2.491783,47.168943],[2.489434,47.167492],[2.487116,47.166018],[2.48483,47.164521],[2.482575,47.163003],[2.480353,47.161462],[2.478163,47.1599],[2.476008,47.158316],[2.473885,47.156712],[2.471798,47.155087],[2.469744,47.153442],[2.467726,47.151776],[2.465744,47.150092],[2.463797,47.148388],[2.461887,47.146665],[2.460013,47.144923],[2.458176,47.143164],[2.456377,47.141386],[2.454616,47.139592],[2.452893,47.13778],[2.451208,47.135951],[2.449563,47.134107],[2.447956,47.132246],[2.446389,47.13037],[2.444863,47.128478],[2.443376,47.126572],[2.44193,47.124652],[2.440524,47.122717],[2.43916,47.120769],[2.437837,47.118808],[2.436555,47.116834],[2.435316,47.114848],[2.434119,47.11285],[2.432964,47.11084],[2.431851,47.10882],[2.432222,47.108889],[2.432222,47.108889],[2.133333,47.25],[2.008889,47.376944],[2.131944,47.479167]]]}},{"type":"Feature","properties":{"name":"142 B","nameV":"R 142 B (SeeNotam)","class":"R","type":"R","lower":"800FT AGL","ordinalLowerM":243,"lowerM":243,"upper":"2200FT AGL","ordinalUpperM":670,"upperM":670,"groundEstimatedHeight":[0,0,0,0],"desc":"Administrator: CDPGE Athis-Mons. Upper limit: 2100 ft AMSL when AVORD TMA 1.1 is active. Avoidance mandatory during activation hours. Activation timetable available on: - Internet: https://www.sia.aviation-civile.gouv.fr (section Preflight briefing/AZBA charts), SOFIA Briefing https://sofia-briefing.aviation-civile.gouv.fr (AZBA charts section). Actual activity provided by: - PARIS INFO, CLERMONT INFO - SAINT-YAN, AUXERRE, AVORD, CHATEAUROUX and NEVERS AD. Live activity provided by AVORD APP.","activationCode":"NOTAM","activationDesc":"Activation by NOTAM. Except public HOL: - MON: 0830-1100 - TUE: 0830-1100 and SS-2359 - WED: 0000-0059 and 0930-1100, except JUL-AUG and school HOL: WED 0000-0059 - THU: 0830-1100 and SS-2359 - FRI: 0000-0059 and 0830-1100 SUM: - 1HR","UId":"44502182","id":"LFR142B","stroke":"#800080","stroke-width":2,"stroke-opacity":0.8,"fill":"#ffb9dc","fill-opacity":0.3},"geometry":{"type":"Polygon","coordinates":[[[2.677222,47.191667],[3.144722,47.280833],[3.185556,47.261389],[3.236111,47.189444],[3.19,47.121389],[3.184167,47.1075],[2.976389,47.070833],[2.821667,47.041389],[2.8125,47.111111],[2.677222,47.191667]]]}},{"type":"Feature","properties":{"name":"45 N3","nameV":"R 45 N3 (SeeNotam)","class":"R","type":"R","lower":"800FT AGL","ordinalLowerM":243,"lowerM":243,"upper":"2700FT AGL","ordinalUpperM":822,"upperM":822,"groundEstimatedHeight":[0,0,0,0],"desc":"Administrator: CDPGE Athis-Mons. Maximum upper limit 4200ft AMSL. When active this area coexists with LF-P39 CATTENOM area. Entry in LF-P39 CATTENOM area approved for ACFT in OAT circulation within LF-R45 N3 Luxembourg area limits, acoording to CDPGE established program. Avoidance mandatory during activation hours. Activation timetable available on: - Internet: https://www.sia.aviation-civile.gouv.fr (section Preflight briefing/AZBA charts), SOFIA Briefing https://sofia-briefing.aviation-civile.gouv.fr (AZBA charts section). Actual activity provided by: - PARIS FIC - STRASBOURG FIS - SAINT-DIZIER and ETAIN AD. ","activationCode":"NOTAM","activationDesc":"Activation by NOTAM Except public HOL. MON: 0830-1100 and 1230-1600 TUE, THU: 0830-1100 and 1230-2359 WED 0000-SR-30, 0830-1100 and SS+30 -2359. FRI: 0000-SR-30 and 0830 - 1100.SUM -1HR.","UId":"1563927","id":"LFR45N3","stroke":"#800080","stroke-width":2,"stroke-opacity":0.8,"fill":"#ffb9dc","fill-opacity":0.3},"geometry":{"type":"Polygon","coordinates":[[[6.216667,49.5],[6.366667,49.455],[6.480278,49.455556],[6.518611,49.379167],[6.391389,49.3725],[6.216667,49.416667],[6.1,49.371111],[5.2,49.369444],[5.091667,49.369444],[5.228333,49.497222],[5.533333,49.452778],[5.980034179897893,49.45281730625588],[5.982047,49.451067],[5.997547,49.456536],[6.001369,49.456253],[6.008447,49.452189],[6.012122,49.453072],[6.028983,49.455419],[6.027025,49.452033],[6.027103,49.448706],[6.032914,49.449336],[6.042156,49.447803],[6.0454241382243055,49.45286316374785],[6.045556,49.452778],[6.100833,49.452778],[6.216667,49.5]]]}},{"type":"Feature","properties":{"name":"45 N4","nameV":"R 45 N4 (SeeNotam)","class":"R","type":"R","lower":"800FT AGL","ordinalLowerM":243,"lowerM":243,"upper":"3800FT AMSL","upperM":1158,"groundEstimatedHeight":[0,0,0,0],"desc":"Administrator: CDPGE Athis-Mons. Maximum upper limit: 3800ft AMSL. Avoidance mandatory during activation hours. Activation timetable available on: - Internet: https://www.sia.aviation-civile.gouv.fr (section Preflight briefing/AZBA charts), SOFIA Briefing https://sofia-briefing.aviation-civile.gouv.fr (AZBA charts section). Actual activity provided by: - STRASBOURG FIS - METZ-NANCY-LORRAINE, NANCY-OCHEY, EPINAL MIRECOURT, NANCY-ESSEY and STRASBOURG AD.","activationCode":"NOTAM","activationDesc":"Activation by NOTAM. Except public HOL: - MON: 0830-1100 and 1230-1600 - TUE, THU: 0830-1100 and 1230-2359 - WED: 0000-SR-30, 0830-1100 and SS+30-2359 - FRI: 0000-SR-30 and 0830-1100 SUM: - 1HR","UId":"1563883","id":"LFR45N4","stroke":"#800080","stroke-width":2,"stroke-opacity":0.8,"fill":"#ffb9dc","fill-opacity":0.3},"geometry":{"type":"Polygon","coordinates":[[[6.518611,49.379167],[6.687778,48.684167],[6.563333,48.671667],[6.391389,49.3725],[6.518611,49.379167]]]}},{"type":"Feature","properties":{"name":"45 N5.1","nameV":"R 45 N5.1 (SeeNotam)","class":"R","type":"R","lower":"800FT AGL","ordinalLowerM":243,"lowerM":243,"upper":"2700FT AGL","ordinalUpperM":822,"upperM":822,"groundEstimatedHeight":[0,0,0,0],"desc":"Administrator: CDPGE Athis-Mons. Maximum upper limit: 4500ft AMSL. Avoidance mandatory during activation hours. Activation timetable available on: - Internet: https://www.sia.aviation-civile.gouv.fr (section Preflight briefing/AZBA charts), SOFIA Briefing https://sofia-briefing.aviation-civile.gouv.fr (AZBA charts section). Actual activity provided by: - PARIS FIC - BASEL FIS - STRASBOURG FIS - LFSI, LFSO and LFSG AD.","activationCode":"NOTAM","activationDesc":"Activation by NOTAM. Except public HOL: - MON: 0830-1100 and 1230-1600 - TUE, THU: 0830-1100 and 1230-2359 - WED: 0000-SR-30, 0830-1100 and SS+30-2359 - FRI: 0000-SR-30 and 0830-1100 SUM: - 1HR","UId":"1563923","id":"LFR45N5.1","stroke":"#800080","stroke-width":2,"stroke-opacity":0.8,"fill":"#ffb9dc","fill-opacity":0.3},"geometry":{"type":"Polygon","coordinates":[[[5.091667,49.369444],[5.446111,48.772778],[5.284444,48.733333],[5.235278,48.882222],[4.998611,49.220833],[4.775,49.316667],[5.091667,49.369444]]]}},{"type":"Feature","properties":{"name":"144 B","nameV":"R 144 B (SeeNotam)","class":"R","type":"R","lower":"800FT AGL","ordinalLowerM":243,"lowerM":243,"upper":"2000FT AGL","ordinalUpperM":609,"upperM":609,"groundEstimatedHeight":[0,0,0,0],"desc":"Administrator: CDPGE Athis-Mons. Section maximum alitude: 4300 ft AMSL. Avoidance mandatory during activation hours. Activation timetable available on: - Internet: https://www.sia.aviation-civile.gouv.fr (section Preflight briefing/AZBA charts), SOFIA Briefing https://sofia-briefing.aviation-civile.gouv.fr (AZBA charts section). Actual activity provided by: - CLERMONT INFO, PARIS INFO - neighbouring AD.","activationCode":"NOTAM","activationDesc":"Activation by NOTAM. Except public HOL: - MON: 0830-1100 - TUE: 0830-1100 and SS-2359 - WED: 0000-0059 and 0930-1100, except JUL-AUG and school HOL: WED 0000-0059 - THU: 0830-1100 and SS-2359 - FRI: 0000-0059 and 0830-1100 SUM: - 1HR","UId":"44502224","id":"LFR144B","stroke":"#800080","stroke-width":2,"stroke-opacity":0.8,"fill":"#ffb9dc","fill-opacity":0.3},"geometry":{"type":"Polygon","coordinates":[[[3.383333,46.983333],[3.227222,46.837778],[3.083333,46.751389],[3.289722,46.646389],[3.666667,46.957778],[3.666667,47.077222],[3.325,47.134722],[3.383333,46.983333]]]}},{"type":"Feature","properties":{"name":"145 B","nameV":"R 145 B (SeeNotam)","class":"R","type":"R","lower":"SFC","lowerM":0,"upper":"4500FT AMSL","upperM":1371,"desc":"Administrator: CDPGE Athis-Mons. Avoidance mandatory during activation hours. Activation timetable available on: - Internet: https://www.sia.aviation-civile.gouv.fr (section Preflight briefing/AZBA charts), SOFIA Briefing https://sofia-briefing.aviation-civile.gouv.fr (AZBA charts section). Actual activity provided by: - LIMOGES INFO - LIMOGES APP, AVORD APP - neighbouring AD.","activationCode":"HX","activationDesc":"Activation by NOTAM. Except public HOL: - MON: 0830-1100 - TUE: 0830-1100 and SS-2359 - WED: 0000-0059 and 0930-1100, except JUL-AUG and school HOL: WED 0000-0059 - THU: 0830-1100 and SS-2359 - FRI: 0000-0059 and 0830-1100 SUM: - 1HR","UId":"44502054","id":"LFR145B","stroke":"#800080","stroke-width":2,"stroke-opacity":0.8,"fill":"#ffb9dc","fill-opacity":0.6},"geometry":{"type":"Polygon","coordinates":[[[1.94,46.511389],[2.249444,46.715833],[2.471667,46.605556],[2.269167,46.481389],[1.94,46.511389]]]}},{"type":"Feature","properties":{"name":"56","nameV":"R 56 (SeeNotam)","class":"R","type":"R","lower":"800FT AGL","ordinalLowerM":243,"lowerM":243,"upper":"2500FT AMSL","upperM":762,"groundEstimatedHeight":[0,0,0,0],"desc":"Administrator: CDPGE Athis-Mons. Avoidance mandatory during activation hours. Activation timetable available on: - Internet: https://www.sia.aviation-civile.gouv.fr (section Preflight briefing/AZBA charts), SOFIA Briefing https://sofia-briefing.aviation-civile.gouv.fr (AZBA charts section). Actual activity provided by: - IROISE INFO - IROISE APP, LANDIVISIAU APP and LORIENT APP.","activationCode":"NOTAM","activationDesc":"Activation by NOTAM. Except public HOL: - MON: 0900-1100 - TUE: 0900-1100 and SS-2359 - WED: 0000-0059 and 0900-1100 - THU: 0900-1100 and SS-2359 - FRI: 0000-0059 and 0900-1100 SUM: - 1HR","UId":"1563525","id":"LFR56","stroke":"#800080","stroke-width":2,"stroke-opacity":0.8,"fill":"#ffb9dc","fill-opacity":0.3},"geometry":{"type":"Polygon","coordinates":[[[-3.216667,48.266667],[-3.053889,48.216667],[-3.2475,47.993889],[-3.246997,47.99379],[-3.248887,47.99449],[-3.250782,47.995182],[-3.252683,47.995868],[-3.25459,47.996547],[-3.256502,47.997219],[-3.25842,47.997883],[-3.260343,47.998541],[-3.262272,47.999192],[-3.264205,47.999836],[-3.266144,48.000473],[-3.268089,48.001102],[-3.270038,48.001725],[-3.271992,48.00234],[-3.273951,48.002949],[-3.275916,48.00355],[-3.277885,48.004144],[-3.279859,48.004731],[-3.281838,48.00531],[-3.283821,48.005883],[-3.285809,48.006448],[-3.287802,48.007006],[-3.289799,48.007557],[-3.291801,48.0081],[-3.293807,48.008636],[-3.295817,48.009165],[-3.297832,48.009687],[-3.299851,48.010201],[-3.301874,48.010707],[-3.303902,48.011207],[-3.305933,48.011699],[-3.307968,48.012183],[-3.310008,48.012661],[-3.312051,48.01313],[-3.314098,48.013593],[-3.316148,48.014047],[-3.318203,48.014495],[-3.320261,48.014935],[-3.322322,48.015367],[-3.324388,48.015792],[-3.326456,48.016209],[-3.328528,48.016619],[-3.330603,48.017021],[-3.332682,48.017416],[-3.334763,48.017803],[-3.336848,48.018182],[-3.338936,48.018554],[-3.341027,48.018919],[-3.343121,48.019275],[-3.345218,48.019624],[-3.347317,48.019966],[-3.34942,48.020299],[-3.351525,48.020625],[-3.353632,48.020944],[-3.355743,48.021255],[-3.357855,48.021558],[-3.359971,48.021853],[-3.362088,48.022141],[-3.364208,48.02242],[-3.36633,48.022693],[-3.368455,48.022957],[-3.370581,48.023214],[-3.37271,48.023463],[-3.37484,48.023704],[-3.376973,48.023937],[-3.379107,48.024163],[-3.381244,48.024381],[-3.383381,48.024591],[-3.385521,48.024793],[-3.387662,48.024988],[-3.389805,48.025175],[-3.39195,48.025354],[-3.394095,48.025525],[-3.396242,48.025688],[-3.398391,48.025843],[-3.400541,48.025991],[-3.402691,48.026131],[-3.404843,48.026263],[-3.406996,48.026387],[-3.40915,48.026503],[-3.411305,48.026612],[-3.413461,48.026712],[-3.415618,48.026805],[-3.417775,48.02689],[-3.419933,48.026967],[-3.422092,48.027036],[-3.424251,48.027097],[-3.42641,48.027151],[-3.42857,48.027196],[-3.43073,48.027234],[-3.432891,48.027264],[-3.435052,48.027286],[-3.437213,48.0273],[-3.437222,48.027222],[-3.437222,48.027222],[-3.216667,48.266667]]]}},{"type":"Feature","properties":{"name":"57","nameV":"R 57 (SeeNotam)","class":"R","type":"R","lower":"800FT AGL","ordinalLowerM":243,"lowerM":243,"upper":"1800FT AGL","ordinalUpperM":548,"upperM":548,"groundEstimatedHeight":[0,0,0,0],"desc":"Administrator: CDPGE Athis-Mons. Upper limit 2500ft AMSL within IROISE TMA part 3. Section maximum altitude: 3000ft AMSL. Avoidance mandatory during activation hours. Activation timetable available on: - Internet: https://www.sia.aviation-civile.gouv.fr (section Preflight briefing/AZBA charts), SOFIA Briefing https://sofia-briefing.aviation-civile.gouv.fr (AZBA charts section). Actual activity provided by: - IROISE APP, RENNES APP, LANDIVISIAU APP and LORIENT APP.","activationCode":"NOTAM","activationDesc":"Activation by NOTAM. Except public HOL: - MON: 0900-1100 - TUE: 0900-1100 and SS-2359 - WED: 0000-0059 and 0900-1100 - THU: 0900-1100 and SS-2359 - FRI: 0000-0059 and 0900-1100 SUM: - 1HR.","UId":"1563523","id":"LFR57","stroke":"#800080","stroke-width":2,"stroke-opacity":0.8,"fill":"#ffb9dc","fill-opacity":0.3},"geometry":{"type":"Polygon","coordinates":[[[-1.448889,48.388056],[-1.158889,48.314167],[-0.955833,48.261944],[-0.953889,48.193056],[-1.151667,48.189444],[-1.398889,48.247778],[-1.691667,48.208333],[-3.053889,48.216667],[-3.216667,48.266667],[-3.815278,48.468889],[-3.677778,48.536389],[-3.0,48.366944],[-2.501111,48.335833],[-2.141667,48.3],[-1.7675,48.316944],[-1.448889,48.388056]]]}},{"type":"Feature","properties":{"name":"46 A","nameV":"R 46 A (SeeNotam)","class":"R","type":"R","lower":"800FT AGL","ordinalLowerM":243,"lowerM":243,"upper":"2100FT AMSL","upperM":640,"groundEstimatedHeight":[0,0,0,0],"desc":"Administrator: CDPGE Athis-Mons. Avoidance mandatory during activation hours. Activation timetable available on: - Internet: https://www.sia.aviation-civile.gouv.fr (section Preflight briefing/AZBA charts), SOFIA Briefing https://sofia-briefing.aviation-civile.gouv.fr (AZBA charts section). Actual activity provided by: Neighbouring FIS or AD and MARSAN APP.","activationCode":"NOTAM","activationDesc":"Activation by NOTAM Except public HOL: - MON: 0900-1100 and 1300-1500 - TUE: 0900-1100,1300-1500 and SS+30 - 2359 - WED, THU: 0900-1100 and SS+30 - 2359 - FRI: 0900- 1100 SUM: - 1HR.","UId":"1564583","id":"LFR46A","stroke":"#800080","stroke-width":2,"stroke-opacity":0.8,"fill":"#ffb9dc","fill-opacity":0.3},"geometry":{"type":"Polygon","coordinates":[[[-0.162778,44.5375],[-0.076111,44.515278],[0.133611,44.461389],[0.5,44.398611],[0.5,44.274722],[0.475278,44.278889],[0.3,44.293889],[0.066667,44.114167],[-0.1,44.108333],[-0.116667,44.166667],[0.116667,44.333333],[-0.162778,44.5375]]]}},{"type":"Feature","properties":{"name":"46 B","nameV":"R 46 B (SeeNotam)","class":"R","type":"R","lower":"800FT AGL","ordinalLowerM":243,"lowerM":243,"upper":"2400FT AMSL","upperM":731,"groundEstimatedHeight":[0,0,0,0],"desc":"Administrator: CDPGE Athis-Mons. Avoidance mandatory during activation hours. Activation timetable available on: - Internet: https://www.sia.aviation-civile.gouv.fr (section Preflight briefing/AZBA charts), SOFIA Briefing https://sofia-briefing.aviation-civile.gouv.fr (AZBA charts section). Actual activity provided by: Neighbouring FIS or AD.","activationCode":"NOTAM","activationDesc":"Activation by NOTAM Except public HOL: - MON: 0900-1100 and 1300-1500 - TUE:0900-1100, 1300-1500 and SS+30 - 2359 - WED, THU: 0900-1100 and SS+30 - 2359 - FRI: 0900-1100. SUM: - 1HR.","UId":"1564585","id":"LFR46B","stroke":"#800080","stroke-width":2,"stroke-opacity":0.8,"fill":"#ffb9dc","fill-opacity":0.3},"geometry":{"type":"Polygon","coordinates":[[[0.5,44.398611],[0.798056,44.347222],[1.021944,44.301667],[1.566667,44.208333],[1.538889,44.091667],[0.909722,44.197222],[0.759722,44.230278],[0.5,44.274722],[0.5,44.398611]]]}},{"type":"Feature","properties":{"name":"45 S5","nameV":"R 45 S5 (SeeNotam)","class":"R","type":"R","lower":"800FT AGL","ordinalLowerM":243,"lowerM":243,"upper":"5000FT AMSL","upperM":1524,"groundEstimatedHeight":[0,0,0,0],"desc":"Administrator: CDPGE Athis-Mons. Avoidance mandatory during activation hours. Activation timetable available on: - Internet: https://www.sia.aviation-civile.gouv.fr (section Preflight briefing/AZBA charts), SOFIA Briefing https://sofia-briefing.aviation-civile.gouv.fr (AZBA charts section). Actual activity provided by: - BASEL FIS - SAINT-YAN, LYON SAINT-EXUPERY, DOLE, LUXEUIL AD.","activationCode":"NOTAM","activationDesc":"Activation by NOTAM. Except public HOL: - MON: 0830-1100 and 1230-1600 - TUE: 0830-1100 and 1230-2359 - WED: 0000-0059, 0830-1100 and SS+30-2359 Except July and August: WED: SS+30-2359 - THU: 0000-0059, 0830-1100 and 1230-2359 - FRI: 0000-0059 and 0830-1100. SUM: - 1HR","UId":"1563903","id":"LFR45S5","stroke":"#800080","stroke-width":2,"stroke-opacity":0.8,"fill":"#ffb9dc","fill-opacity":0.3},"geometry":{"type":"Polygon","coordinates":[[[4.818056,46.402778],[4.843889,46.565278],[4.867222,46.525833],[5.34,46.557222],[5.354444,46.561389],[5.459722,46.408889],[5.337222,46.385278],[5.045833,46.402778],[4.818056,46.402778]]]}},{"type":"Feature","properties":{"name":"46 C","nameV":"R 46 C (SeeNotam)","class":"R","type":"R","lower":"800FT AGL","ordinalLowerM":243,"lowerM":243,"upper":"3400FT AMSL","upperM":1036,"groundEstimatedHeight":[0,0,0,0],"desc":"Administrator: CDPGE Athis-Mons. Avoidance mandatory during activation hours. Activation timetable available on: - Internet: https://www.sia.aviation-civile.gouv.fr (section Preflight briefing/AZBA charts), SOFIA Briefing https://sofia-briefing.aviation-civile.gouv.fr (AZBA charts section). Actual activity provided by: Neighbouring FIS or AD.","activationCode":"NOTAM","activationDesc":"Activation by NOTAM Except public HOL: - MON: 0900-1100 and 1300-1500 - TUE: 0900-1100, 1300-1500 and SS+30 - 2359 - WED, THU: 0900-1100 and SS+30 - 2359 - FRI: 0900-1100. SUM: - 1HR.","UId":"1564595","id":"LFR46C","stroke":"#800080","stroke-width":2,"stroke-opacity":0.8,"fill":"#ffb9dc","fill-opacity":0.3},"geometry":{"type":"Polygon","coordinates":[[[1.566667,44.208333],[2.416667,44.136111],[2.605556,44.058333],[2.475,43.961111],[2.375,44.011111],[1.538889,44.091667],[1.566667,44.208333]]]}},{"type":"Feature","properties":{"name":"46 D","nameV":"R 46 D (SeeNotam)","class":"R","type":"R","lower":"800FT AGL","ordinalLowerM":243,"lowerM":243,"upper":"5400FT AMSL","upperM":1645,"groundEstimatedHeight":[0,0,0,0],"desc":"Administrator: CDPGE Athis-Mons. Avoidance mandatory during activation hours. Activation timetable available on: - Internet: https://www.sia.aviation-civile.gouv.fr (section Preflight briefing/AZBA charts), SOFIA Briefing https://sofia-briefing.aviation-civile.gouv.fr (AZBA charts section). Actual activity provided by: Neighbouring FIS or AD.","activationCode":"NOTAM","activationDesc":"Activation by NOTAM Except public HOL: - MON: 0900-1100 and 1300-1500 - TUE: 0900- 1100, 1300-1500 and SS+30 - 2359 - WED, THU: 0900-1100 and SS+30 - 2359 - FRI: 0900-1100 SUM: - 1HR","UId":"1564597","id":"LFR46D","stroke":"#800080","stroke-width":2,"stroke-opacity":0.8,"fill":"#ffb9dc","fill-opacity":0.3},"geometry":{"type":"Polygon","coordinates":[[[2.475,43.961111],[2.605556,44.058333],[2.683333,43.9],[2.838889,43.55],[2.868611,43.460556],[2.708056,43.426389],[2.678889,43.515556],[2.475,43.961111]]]}},{"type":"Feature","properties":{"name":"46 E1","nameV":"R 46 E1 (SeeNotam)","class":"R","type":"R","lower":"800FT AGL","ordinalLowerM":243,"lowerM":243,"upper":"4700FT AMSL","upperM":1432,"groundEstimatedHeight":[0,0,0,0],"desc":"Administrator: CDPGE Athis-Mons. Avoidance mandatory during activation hours. Activation timetable available on: - Internet: https://www.sia.aviation-civile.gouv.fr (section Preflight briefing/AZBA charts), SOFIA Briefing https://sofia-briefing.aviation-civile.gouv.fr (AZBA charts section). Actual activity provided by: Neighbouring FIS or AD.","activationCode":"NOTAM","activationDesc":"Activation by NOTAM Except public HOL: - MON: 0900-1100 and 1300-1500 - TUE: 0900-1100, 1300-1500 and SS+30 - 2359 - WED, THU: 0900-1100 and SS+30 - 2359 - FRI: 0900-1100 SUM:- 1HR","UId":"1564591","id":"LFR46E1","stroke":"#800080","stroke-width":2,"stroke-opacity":0.8,"fill":"#ffb9dc","fill-opacity":0.3},"geometry":{"type":"Polygon","coordinates":[[[2.868611,43.460556],[2.916667,43.316667],[2.758333,43.281944],[2.708056,43.426389],[2.868611,43.460556]]]}},{"type":"Feature","properties":{"name":"46 E2","nameV":"R 46 E2 (SeeNotam)","class":"R","type":"R","lower":"800FT AGL","ordinalLowerM":243,"lowerM":243,"upper":"2800FT AMSL","upperM":853,"groundEstimatedHeight":[0,0,0,0],"desc":"Administrator: CDPGE Athis-Mons. Avoidance mandatory during activation hours. Activation timetable available on: - Internet: https://www.sia.aviation-civile.gouv.fr (section Preflight briefing/AZBA charts), SOFIA Briefing https://sofia-briefing.aviation-civile.gouv.fr (AZBA charts section). Actual activity provided by: Neighbouring FIS or AD.","activationCode":"NOTAM","activationDesc":"Activation by NOTAM Except public HOL: - MON: 0900-1100 and 1300-1500 - TUE: 0900-1100, 1300-1500 and SS+30 - 2359 - WED, THU: 0900-1100 and SS+30 - 2359 - FRI: 0900-1100. SUM: - 1HR","UId":"1564593","id":"LFR46E2","stroke":"#800080","stroke-width":2,"stroke-opacity":0.8,"fill":"#ffb9dc","fill-opacity":0.3},"geometry":{"type":"Polygon","coordinates":[[[2.758333,43.281944],[2.916667,43.316667],[2.98,43.126667],[3.141667,43.162222],[3.160833,43.0375],[2.966667,43.0],[2.921667,43.002222],[2.8075,43.13],[2.758333,43.281944]]]}},{"type":"Feature","properties":{"name":"46 F3","nameV":"R 46 F3 (SeeNotam)","class":"R","type":"R","lower":"800FT AGL","ordinalLowerM":243,"lowerM":243,"upper":"3300FT AMSL","upperM":1005,"groundEstimatedHeight":[0,0,0,0],"desc":"Administrator: CDPGE Athis-Mons. Avoidance mandatory during activation hours. Activation timetable available on: - Internet: https://www.sia.aviation-civile.gouv.fr (section Preflight briefing/AZBA charts), SOFIA Briefing https://sofia-briefing.aviation-civile.gouv.fr (AZBA charts section). Actual activity provided by: Neighbouring FIS or AD.","activationCode":"NOTAM","activationDesc":"Activation by NOTAM Except public HOL: - MON: 0900-1100 and 1300-1500 - TUE: 0900-1100, 1300-1500 and SS+30 - 2359 - WED, THU: 0900-1100 and SS+30 - 2359 - FRI: 0900-1100 SUM: - 1HR","UId":"1564599","id":"LFR46F3","stroke":"#800080","stroke-width":2,"stroke-opacity":0.8,"fill":"#ffb9dc","fill-opacity":0.3},"geometry":{"type":"Polygon","coordinates":[[[1.483333,43.2775],[1.483333,43.156667],[0.841667,43.183333],[0.556944,43.330556],[0.611389,43.470278],[0.980556,43.297778],[1.483333,43.2775]]]}},{"type":"Feature","properties":{"name":"45 S6.2","nameV":"R 45 S6.2 (SeeNotam)","class":"R","type":"R","lower":"800FT AGL","ordinalLowerM":243,"lowerM":243,"upper":"6700FT AMSL","upperM":2042,"groundEstimatedHeight":[0,0,0,0],"desc":"Administrator: CDPGE Athis-Mons. Avoidance mandatory during activation hours. Activation timetable available on: - Internet: https://www.sia.aviation-civile.gouv.fr (section Preflight briefing/AZBA charts), SOFIA Briefing https://sofia-briefing.aviation-civile.gouv.fr (AZBA charts section). Actual activity provided by: - BALE FIS - SAINT-YAN, LYON SAINT-EXUPERY, DOLE, LUXEUIL AD.","activationCode":"NOTAM","activationDesc":"Activation by NOTAM. Except public HOL: - MON: 0830-1100, 1230-1600 - TUE: 0830-1100, 1230-2359 - WED: 0000-0059, 0830-1100 and SS+30-2359 Except July and August: WED: SS+30-2359 - THU: 0000-0059, 0830-1100 and 1230-2359 - FRI: 0000-0059, 0830-1100. SUM: -1HR.","UId":"1606205","id":"LFR45S6.2","stroke":"#800080","stroke-width":2,"stroke-opacity":0.8,"fill":"#ffb9dc","fill-opacity":0.3},"geometry":{"type":"Polygon","coordinates":[[[5.878056,46.713889],[5.354444,46.561389],[5.459722,46.408889],[5.747222,46.463889],[6.006944,46.625278],[5.878056,46.713889]]]}},{"type":"Feature","properties":{"name":"165 A","nameV":"R 165 A (SeeNotam)","class":"R","type":"R","lower":"800FT AGL","ordinalLowerM":243,"lowerM":243,"upper":"5500FT AMSL","upperM":1676,"groundEstimatedHeight":[0,0,0,0],"desc":"Administrator: CDPGE Athis-Mons. Avoidance mandatory during activation hours. Activation timetable available on: - Internet: https://www.sia.aviation-civile.gouv.fr (section Preflight briefing/AZBA charts), SOFIA Briefing https://sofia-briefing.aviation-civile.gouv.fr (AZBA charts section). Actual activity provided by: - FIS - neighbouring AD.","activationCode":"NOTAM","activationDesc":"Activation by NOTAM. Except public HOL: - MON: 0830-1100 - TUE: 0830-1100 and SS-2359 - WED: 0000-0059 and 0930-1100 Except JUL-AUG and school HOL: 0000-0059 only. -THU: 0830-1100 and SS-2359 - FRI: 0000-0059 and 0830-1100 SUM: - 1HR","UId":"1563021","id":"LFR165A","stroke":"#800080","stroke-width":2,"stroke-opacity":0.8,"fill":"#ffb9dc","fill-opacity":0.3},"geometry":{"type":"Polygon","coordinates":[[[1.966667,45.833333],[1.866667,46.083333],[1.646389,46.036111],[1.716667,45.8],[1.966667,45.833333]]]}},{"type":"Feature","properties":{"name":"46 G","nameV":"R 46 G (SeeNotam)","class":"R","type":"R","lower":"800FT AGL","ordinalLowerM":243,"lowerM":243,"upper":"2500FT AMSL","upperM":762,"groundEstimatedHeight":[0,0,0,0],"desc":"Administrator: CDPGE Athis-Mons. Avoidance mandatory during activation hours. Activation timetable available on: - Internet: https://www.sia.aviation-civile.gouv.fr (section Preflight briefing/AZBA charts), SOFIA Briefing https://sofia-briefing.aviation-civile.gouv.fr (AZBA charts section). Actual activity provided by: Neighbouring FIS or AD and MARSAN APP.","activationCode":"NOTAM","activationDesc":"Activation by NOTAM Except public HOL: - MON: 0900-1100 and 1300-1500 - TUE: 0900-1100, 1300-1500 and SS+30 - 2359 - WED, THU: 0900-1100 and SS+30 - 2359 - FRI: 0900-1100 SUM: - 1HR","UId":"1564601","id":"LFR46G","stroke":"#800080","stroke-width":2,"stroke-opacity":0.8,"fill":"#ffb9dc","fill-opacity":0.3},"geometry":{"type":"Polygon","coordinates":[[[0.016667,43.75],[0.227778,43.755556],[0.258333,43.633333],[0.611389,43.470278],[0.556944,43.330556],[0.066667,43.583333],[0.016667,43.75]]]}},{"type":"Feature","properties":{"name":"46 N1","nameV":"R 46 N1 (SeeNotam)","class":"R","type":"R","lower":"SFC","lowerM":0,"upper":"800FT AGL","ordinalUpperM":243,"upperM":243,"groundEstimatedHeight":[0,0,0,0],"desc":"Administrator: CDPGE Athis-Mons. Combined use of LF-R 46 F. Emergency mission authorized after notifying Lyon CNOA (TEL: 04 78 14 31 35), with a minimum 20 minutes notice. Avoidance mandatory during activation hours. Activation timetable available on: - Internet: https://www.sia.aviation-civile.gouv.fr (section Preflight briefing/AZBA charts), SOFIA Briefing https://sofia-briefing.aviation-civile.gouv.fr (AZBA charts section). Actual activity provided by: Neighbouring FIS or AD.","activationCode":"NOTAM","activationDesc":"Activation by NOTAM Except public HOL: - MON: 0900-1100 and 1300-1500 - TUE: 0900-1100, 1300-1500 and SS+30 - 2359 - WED, THU: 0900-1100 and SS+30 - 2359 - FRI: 0900-1100 SUM: - 1HR","UId":"1563231","id":"LFR46N1","stroke":"#800080","stroke-width":2,"stroke-opacity":0.8,"fill":"#ffb9dc","fill-opacity":0.6},"geometry":{"type":"Polygon","coordinates":[[[1.65,43.266667],[2.097778,43.155833],[2.188889,43.148611],[2.4025,43.132222],[2.8075,43.13],[2.808333,43.1],[2.808333,43.008056],[2.283333,43.033333],[2.231944,43.042778],[2.231961,43.042796],[2.232847,43.043917],[2.23358,43.045095],[2.234152,43.04632],[2.234559,43.047579],[2.234797,43.048862],[2.234863,43.050156],[2.234756,43.051448],[2.234478,43.052726],[2.234031,43.053978],[2.23342,43.055193],[2.232649,43.056359],[2.231728,43.057464],[2.230663,43.058499],[2.229466,43.059453],[2.228148,43.060317],[2.226721,43.061084],[2.225198,43.061746],[2.223595,43.062296],[2.221926,43.06273],[2.220207,43.063043],[2.218454,43.063233],[2.216685,43.063297],[2.214915,43.063236],[2.213162,43.063049],[2.211443,43.062738],[2.209772,43.062306],[2.208168,43.061758],[2.206643,43.061099],[2.205214,43.060334],[2.203893,43.059471],[2.202694,43.058519],[2.201627,43.057486],[2.200702,43.056382],[2.199929,43.055217],[2.199314,43.054003],[2.198864,43.052751],[2.198582,43.051474],[2.198472,43.050182],[2.198534,43.048888],[2.198611,43.048889],[2.198611,43.048889],[1.638889,43.15],[1.65,43.266667]]]}},{"type":"Feature","properties":{"name":"46 N2","nameV":"R 46 N2 (SeeNotam)","class":"R","type":"R","lower":"SFC","lowerM":0,"upper":"800FT AGL","ordinalUpperM":243,"upperM":243,"groundEstimatedHeight":[0,0,0,0],"desc":"Administrator: CDPGE Athis-Mons. Combined use of LF-R 46 F. Emergency mission authorized after notifying Lyon CNOA (TEL: 04 78 14 31 35), with a minimum 20 minutes notice. Avoidance mandatory during activation hours. Activation timetable available on: - Internet: https://www.sia.aviation-civile.gouv.fr (section Preflight briefing/AZBA charts), SOFIA Briefing https://sofia-briefing.aviation-civile.gouv.fr (AZBA charts section). Actual activity provided by: Neighbouring FIS or AD.","activationCode":"NOTAM","activationDesc":"Activation by NOTAM Except public HOL: - MON: 0900-1100 and 1300-1500 - TUE: 0900-1100, 1300-1500 and SS+30 - 2359 - WED, THU: 0900-1100 and SS+30 - 2359 - FRI: 0900-1100 SUM: - 1HR.","UId":"1563235","id":"LFR46N2","stroke":"#800080","stroke-width":2,"stroke-opacity":0.8,"fill":"#ffb9dc","fill-opacity":0.6},"geometry":{"type":"Polygon","coordinates":[[[2.416667,44.136111],[2.605556,44.058333],[2.683333,43.9],[2.838889,43.55],[2.678889,43.515556],[2.475,43.961111],[2.375,44.011111],[2.166667,44.030556],[2.416667,44.136111]]]}},{"type":"Feature","properties":{"name":"147","nameV":"R 147 (SeeNotam)","class":"R","type":"R","lower":"800FT AGL","ordinalLowerM":243,"lowerM":243,"upper":"1500FT AGL","ordinalUpperM":457,"upperM":457,"groundEstimatedHeight":[0,0,0,0],"desc":"Administrator: CDPGE Athis-Mons. Section maximum altitude: 2400 ft AMSL. Avoidance mandatory during activation hours. Activation timetable available on: - Internet: https://www.sia.aviation-civile.gouv.fr (section Preflight briefing/AZBA charts), SOFIA Briefing https://sofia-briefing.aviation-civile.gouv.fr (AZBA charts section). Actual activity provided by: - LA ROCHELLE APP, NANTES APP.","activationCode":"NOTAM","activationDesc":"Activation by NOTAM Except HOL: - MON: 0930- 1100 - TUE, THU: 0930-1100 and SS- 2359 - WED, FRI: 0000-0059 and 0930 - 1100 SUM: -1HR","UId":"1563041","id":"LFR147","stroke":"#800080","stroke-width":2,"stroke-opacity":0.8,"fill":"#ffb9dc","fill-opacity":0.3},"geometry":{"type":"Polygon","coordinates":[[[-1.0,46.416667],[-1.25,46.416667],[-1.8349207208358165,46.55669918927215],[-1.855986,46.608581],[-1.877325,46.628597],[-1.908389,46.649625],[-1.909442,46.656867],[-1.947008,46.6948],[-1.965519,46.691311],[-1.979519,46.704764],[-1.980085193586775,46.713050178732566],[-1.98,46.713056],[-1.220833,46.536667],[-1.05,46.55],[-0.933333,46.65],[-0.689722,46.666389],[-1.0,46.416667]]]}},{"type":"Feature","properties":{"name":"149 D","nameV":"R 149 D (SeeNotam)","class":"R","type":"R","lower":"800FT AGL","ordinalLowerM":243,"lowerM":243,"upper":"2200FT AGL","ordinalUpperM":670,"upperM":670,"groundEstimatedHeight":[0,0,0,0],"desc":"Administrator: CDPGE Athis-Mons. Section maximum altitude: 3200ft AMSL. Avoidance mandatory during activation hours. Activation timetable available on: - Internet: https://www.sia.aviation-civile.gouv.fr (section Preflight briefing/AZBA charts), SOFIA Briefing https://sofia-briefing.aviation-civile.gouv.fr (AZBA charts section). Actual activity provided by: - NANTES APP.","activationCode":"NOTAM","activationDesc":"Possible activation by NOTAM. Except HOL: - MON: 0900-1100. - TUE, THU: 0900-1100 and SS-2359, - WED, FRI: 0000-0059 and 0900-1100. SUM: - 1HR.","UId":"1564543","id":"LFR149D","stroke":"#800080","stroke-width":2,"stroke-opacity":0.8,"fill":"#ffb9dc","fill-opacity":0.3},"geometry":{"type":"Polygon","coordinates":[[[-1.1975,47.1525],[-1.031111,47.110278],[-1.063333,47.021944],[-0.689722,46.666389],[-0.933333,46.65],[-1.25,47.0],[-1.1975,47.1525]]]}},{"type":"Feature","properties":{"name":"149 E","nameV":"R 149 E (SeeNotam)","class":"R","type":"R","lower":"800FT AGL","ordinalLowerM":243,"lowerM":243,"upper":"1800FT AGL","ordinalUpperM":548,"upperM":548,"groundEstimatedHeight":[0,0,0,0],"desc":"Administrator: CDPGE Athis-Mons. Section maximum altitude: 2500ft AMSL. Avoidance mandatory during activation hours. Activation timetable available on: - Internet: https://www.sia.aviation-civile.gouv.fr (section Preflight briefing/AZBA charts), SOFIA Briefing https://sofia-briefing.aviation-civile.gouv.fr (AZBA charts section). Actual activity provided by: - NANTES APP and RENNES APP.","activationCode":"NOTAM","activationDesc":"Possible activation by NOTAM. Except HOL: - MON: 0900-1100. - TUE, THU: 0900-1100 and SS-2359, - WED, FRI: 0000-0059 and 0900-1100. SUM: -1HR.","UId":"1564545","id":"LFR149E","stroke":"#800080","stroke-width":2,"stroke-opacity":0.8,"fill":"#ffb9dc","fill-opacity":0.3},"geometry":{"type":"Polygon","coordinates":[[[-0.953889,48.193056],[-0.929722,47.393611],[-1.031111,47.110278],[-1.1975,47.1525],[-1.108333,47.408333],[-1.151667,48.189444],[-0.953889,48.193056]]]}},{"type":"Feature","properties":{"name":"165 B","nameV":"R 165 B (SeeNotam)","class":"R","type":"R","lower":"800FT AGL","ordinalLowerM":243,"lowerM":243,"upper":"5500FT AMSL","upperM":1676,"groundEstimatedHeight":[0,0,0,0],"desc":"Administrator: CDPGE Athis-Mons. Avoidance mandatory during activation hours. Activation timetable available on: - Internet: https://www.sia.aviation-civile.gouv.fr (section Preflight briefing/AZBA charts), SOFIA Briefing https://sofia-briefing.aviation-civile.gouv.fr (AZBA charts section). Actual activity provided by: - FIS - neighbouring AD.","activationCode":"NOTAM","activationDesc":"Activation by NOTAM. Except public HOL: - MON: 0830-1100 - TUE: 0830-1100 and SS-2359 - WED: 0000-0059 and 0930-1100 Except JUL-AUG and school HOL: 0000-0059 only. -THU: 0830-1100 and SS-2359 - FRI: 0000-0059 and 0830-1100 SUM: - 1HR","UId":"44501051","id":"LFR165B","stroke":"#800080","stroke-width":2,"stroke-opacity":0.8,"fill":"#ffb9dc","fill-opacity":0.3},"geometry":{"type":"Polygon","coordinates":[[[1.804167,46.225],[1.579167,46.261111],[1.646389,46.036111],[1.866667,46.083333],[1.804167,46.225]]]}},{"type":"Feature","properties":{"name":"166 B","nameV":"R 166 B (SeeNotam)","class":"R","type":"R","lower":"SFC","lowerM":0,"upper":"4500FT AMSL","upperM":1371,"desc":"Administrator: CDPGE Athis-Mons. Avoidance mandatory during activation hours. Activation timetable available on: - Internet: https://www.sia.aviation-civile.gouv.fr (section Preflight briefing/AZBA charts), SOFIA Briefing https://sofia-briefing.aviation-civile.gouv.fr (AZBA charts section). Actual activity provided by: - FIS - neighbouring AD.","activationCode":"NOTAM","activationDesc":"Possible activation by NOTAM. Except public HOL: - TUE: 0830-1100 and SS-2359 - WED: 0000-0059 and SS-2359 - THU: 0000-0059 and SS-2359 - FRI: 0000-0059 and 0830-1100 SUM: - 1HR","UId":"1563029","id":"LFR166B","stroke":"#800080","stroke-width":2,"stroke-opacity":0.8,"fill":"#ffb9dc","fill-opacity":0.6},"geometry":{"type":"Polygon","coordinates":[[[0.361389,45.267778],[0.566667,45.5],[1.301667,45.510833],[1.419444,45.333056],[0.690833,45.340278],[0.543611,45.21],[0.5325,45.189722],[0.361389,45.267778]]]}},{"type":"Feature","properties":{"name":"143","nameV":"R 143 (SeeNotam)","class":"R","type":"R","lower":"SFC","lowerM":0,"upper":"5500FT AMSL","upperM":1676,"desc":"Administrator: CDPGE Athis-Mons. Avoidance mandatory during activation hours. Activation timetable available on: - Internet: https://www.sia.aviation-civile.gouv.fr (section Preflight briefing/AZBA charts), SOFIA Briefing https://sofia-briefing.aviation-civile.gouv.fr (AZBA charts section). Actual activity provided by: - FIS - neighbouring AD - BORDEAUX and MARSEILLE ACC.","activationCode":"NOTAM","activationDesc":"Activation by NOTAM. Except public HOL: - MON: 0830-1100 - TUE: 0830-1100 and SS-2359 - WED: 0000-0059 and 0930-1100 Except JUL-AUG and school HOL: 0000-0059 only. -THU: 0830-1100 and SS-2359 -FRI: 0000-0059 and 0830-1100 SUM: - 1HR","UId":"1563153","id":"LFR143","stroke":"#800080","stroke-width":2,"stroke-opacity":0.8,"fill":"#ffb9dc","fill-opacity":0.6},"geometry":{"type":"Polygon","coordinates":[[[2.936389,46.177778],[2.968889,45.955833],[2.775,45.747222],[2.591667,45.727778],[2.455556,45.712778],[2.171111,45.8175],[1.966667,45.833333],[1.908333,45.979167],[2.15,46.1],[2.558333,46.1],[2.588889,46.259722],[2.936389,46.177778]]]}},{"type":"Feature","properties":{"name":"166 A2","nameV":"R 166 A2 (SeeNotam)","class":"R","type":"R","lower":"800FT AGL","ordinalLowerM":243,"lowerM":243,"upper":"4500FT AMSL","upperM":1371,"groundEstimatedHeight":[0,0,0,0],"desc":"Administrator: CDPGE Athis-Mons. Avoidance mandatory during activation hours. Activation timetable available on: - Internet: https://www.sia.aviation-civile.gouv.fr (section Preflight briefing/AZBA charts), SOFIA Briefing https://sofia-briefing.aviation-civile.gouv.fr (AZBA charts section). Actual activity provided by: - FIS - neighbouring AD.","activationCode":"NOTAM","activationDesc":"Possible activation by NOTAM. Except public HOL: - TUE: 0830-1100 and SS-2359 - WED: 0000-0059 and SS-2359 - THU: 0000-0059 and SS-2359, - FRI: 0000-0059 and 0830-1100 SUM: - 1HR","UId":"44382205","id":"LFR166A2","stroke":"#800080","stroke-width":2,"stroke-opacity":0.8,"fill":"#ffb9dc","fill-opacity":0.3},"geometry":{"type":"Polygon","coordinates":[[[0.166667,45.132778],[0.316667,45.216667],[0.361389,45.267778],[0.5325,45.189722],[0.483333,45.1],[0.284444,44.973611],[0.166667,45.132778]]]}},{"type":"Feature","properties":{"name":"166 A1","nameV":"R 166 A1 (SeeNotam)","class":"R","type":"R","lower":"800FT AGL","ordinalLowerM":243,"lowerM":243,"upper":"2500FT AMSL","upperM":762,"groundEstimatedHeight":[0,0,0,0],"desc":"Administrator: CDPGE Athis-Mons. Avoidance mandatory during activation hours. Activation timetable available on: - Internet: https://www.sia.aviation-civile.gouv.fr (section Preflight briefing/AZBA charts), SOFIA Briefing https://sofia-briefing.aviation-civile.gouv.fr (AZBA charts section). Actual activity provided by: - FIS - neighbouring AD.","activationCode":"NOTAM","activationDesc":"Possible activation by NOTAM. Except public HOL: - TUE: 0830-1100 and SS-2359 - WED: 0000-0059 and SS-2359 - THU: 0000-0059 and SS-2359, - FRI: 0000-0059 and 0830-1100 SUM: - 1HR","UId":"1563033","id":"LFR166A1","stroke":"#800080","stroke-width":2,"stroke-opacity":0.8,"fill":"#ffb9dc","fill-opacity":0.3},"geometry":{"type":"Polygon","coordinates":[[[-0.076111,44.515278],[0.016667,44.533333],[-0.066667,44.966667],[0.166667,45.132778],[0.284444,44.973611],[0.116667,44.866667],[0.133611,44.461389],[-0.076111,44.515278]]]}},{"type":"Feature","properties":{"name":"142 A","nameV":"R 142 A (SeeNotam)","class":"R","type":"R","lower":"800FT AGL","ordinalLowerM":243,"lowerM":243,"upper":"4500FT AMSL","upperM":1371,"groundEstimatedHeight":[0,0,0,0],"desc":"Administrator: CDPGE Athis-Mons. Avoidance mandatory during activation hours. Activation timetable available on: - Internet: https://www.sia.aviation-civile.gouv.fr (section Preflight briefing/AZBA charts), SOFIA Briefing https://sofia-briefing.aviation-civile.gouv.fr (AZBA charts section). Actual activity provided by: - PARIS INFO, CLERMONT INFO - SAINT-YAN, AUXERRE, AVORD, CHATEAUROUX and NEVERS AD. Live activity provided by AVORD APP.","activationCode":"NOTAM","activationDesc":"Activation by NOTAM. Except public HOL: - MON: 0830-1100 - TUE: 0830-1100 and SS-2359 - WED: 0000-0059 and 0930-1100, except JUL-AUG and school HOL: WED 0000-0059 - THU: 0830-1100 and SS-2359 - FRI: 0000-0059 and 0830-1100 SUM: - 1HR","UId":"1563157","id":"LFR142A","stroke":"#800080","stroke-width":2,"stroke-opacity":0.8,"fill":"#ffb9dc","fill-opacity":0.3},"geometry":{"type":"Polygon","coordinates":[[[3.666667,47.077222],[3.325,47.134722],[3.184167,47.1075],[3.19,47.121389],[3.236111,47.189444],[3.185556,47.261389],[3.144722,47.280833],[3.602778,47.366389],[3.666667,47.077222]]]}},{"type":"Feature","properties":{"name":"193 A","nameV":"R 193 A (SeeNotam)","class":"R","type":"R","lower":"800FT AGL","ordinalLowerM":243,"lowerM":243,"upper":"4400FT AMSL","upperM":1341,"groundEstimatedHeight":[0,0,0,0],"desc":"Administrator: CDPGE Athis-Mons. Avoidance mandatory during activation hours. Activation timetable available on: - Internet: https://www.sia.aviation-civile.gouv.fr (section Preflight briefing/AZBA charts), SOFIA Briefing https://sofia-briefing.aviation-civile.gouv.fr (AZBA charts section). Actual activity provided by: - MONTPELLIER INFORMATION - neighbouring AD.","activationCode":"NOTAM","activationDesc":"Activation by NOTAM. Except HOL: - MON: 0830-1100 - TUE : 0830-1100 and SS+30 - 2359 - WED: SS+30 - 2359 - THU : 0830-1100 and SS+30 - 2359 - FRI: 0000-0059 and 0830-1100 SUM: - 1HR","UId":"1563377","id":"LFR193A","stroke":"#800080","stroke-width":2,"stroke-opacity":0.8,"fill":"#ffb9dc","fill-opacity":0.3},"geometry":{"type":"Polygon","coordinates":[[[3.391667,43.883333],[3.556667,43.935556],[3.579167,43.891667],[3.593889,43.7],[3.601111,43.687222],[3.525,43.652778],[3.391667,43.883333]]]}},{"type":"Feature","properties":{"name":"191 C","nameV":"R 191 C (SeeNotam)","class":"R","type":"R","lower":"800FT AGL","ordinalLowerM":243,"lowerM":243,"upper":"2500FT AMSL","upperM":762,"groundEstimatedHeight":[0,0,0,0],"desc":"Administrator: CDPGE Athis-Mons. Avoidance mandatory during activation hours. Activation timetable available on: - Internet: https://www.sia.aviation-civile.gouv.fr (section Preflight briefing/AZBA charts), SOFIA Briefing https://sofia-briefing.aviation-civile.gouv.fr (AZBA charts section). Actual activity provided by: - MONTPELLIER INFORMATION - neighbouring AD.","activationCode":"NOTAM","activationDesc":"Activation by NOTAM. Except HOL: - MON: 0830-1100 - TUE : 0830-1100 and SS+30 - 2400 - WED: SS+30 - 2400 - THU : 0830-1100 and SS+30 - 2400 - FRI: 0830-1100 SUM: - 1HR","UId":"1563381","id":"LFR191C","stroke":"#800080","stroke-width":2,"stroke-opacity":0.8,"fill":"#ffb9dc","fill-opacity":0.3},"geometry":{"type":"Polygon","coordinates":[[[3.525,43.652778],[3.601111,43.687222],[3.616667,43.658333],[3.658333,43.395833],[3.698889,43.305556],[3.563889,43.305556],[3.525,43.652778]]]}},{"type":"Feature","properties":{"name":"191 B","nameV":"R 191 B (SeeNotam)","class":"R","type":"R","lower":"800FT AGL","ordinalLowerM":243,"lowerM":243,"upper":"2500FT AMSL","upperM":762,"groundEstimatedHeight":[0,0,0,0],"desc":"Administrator: CDPGE Athis-Mons. Avoidance mandatory during activation hours. Activation timetable available on: - Internet: https://www.sia.aviation-civile.gouv.fr (section Preflight briefing/AZBA charts), SOFIA Briefing https://sofia-briefing.aviation-civile.gouv.fr (AZBA charts section). Actual activity provided by: - MONTPELLIER INFORMATION - neighbouring AD.","activationCode":"NOTAM","activationDesc":"Activation by NOTAM. Except HOL: - MON: 0830-1100 - TUE : 0830-1100 and SS+30 - 2400 - WED: SS+30 - 2400 - THU : 0830-1100 and SS+30 - 2400 - FRI: 0830-1100 SUM: - 1HR","UId":"1563385","id":"LFR191B","stroke":"#800080","stroke-width":2,"stroke-opacity":0.8,"fill":"#ffb9dc","fill-opacity":0.3},"geometry":{"type":"Polygon","coordinates":[[[3.141667,43.162222],[3.456111,43.202222],[3.563889,43.305556],[3.698889,43.305556],[3.652778,43.252778],[3.490278,43.144444],[3.4,43.083333],[3.160833,43.0375],[3.141667,43.162222]]]}},{"type":"Feature","properties":{"name":"191 A","nameV":"R 191 A (SeeNotam)","class":"R","type":"R","lower":"800FT AGL","ordinalLowerM":243,"lowerM":243,"upper":"1500FT AMSL","upperM":457,"groundEstimatedHeight":[0,0,0,0],"desc":"Administrator: CDPGE Athis-Mons. Avoidance mandatory during activation hours. Activation timetable available on: - Internet: https://www.sia.aviation-civile.gouv.fr (section Preflight briefing/AZBA charts), SOFIA Briefing https://sofia-briefing.aviation-civile.gouv.fr (AZBA charts section). Actual activity provided by: - MONTPELLIER INFORMATION - neighbouring AD.","activationCode":"NOTAM","activationDesc":"Activation by NOTAM. Except HOL: - MON: 0830-1100 - TUE : 0830-1100 and SS+30 - 2400 - WED: SS+30 - 2400 - THU : 0830-1100 and SS+30 - 2400 - FRI: 0830-1100 SUM: - 1HR","UId":"1563389","id":"LFR191A","stroke":"#800080","stroke-width":2,"stroke-opacity":0.8,"fill":"#ffb9dc","fill-opacity":0.3},"geometry":{"type":"Polygon","coordinates":[[[3.698889,43.305556],[4.744444,43.305556],[4.663889,43.252778],[3.652778,43.252778],[3.698889,43.305556]]]}},{"type":"Feature","properties":{"name":"592","nameV":"R 592 (SeeNotam)","class":"R","type":"R","lower":"SFC","lowerM":0,"upper":"6400FT AMSL","upperM":1950,"desc":"Administrator: CDPGE Athis-Mons. Avoidance mandatory during activation hours. Activation timetable available on: - Internet: https://www.sia.aviation-civile.gouv.fr (section Preflight briefing/AZBA charts), SOFIA Briefing https://sofia-briefing.aviation-civile.gouv.fr (AZBA charts section). Actual activity provided by: - CLERMONT INFORMATION - neighbouring AD.","activationCode":"NOTAM","activationDesc":"Activation by NOTAM. Except HOL: - MON: 0830-1100 - TUE : 0830-1100 and SS+30 - 2400 - WED: SS+30 - 2400 - THU : 0830-1100 and SS+30 - 2400 - FRI: 0830-1100 SUM: - 1HR","UId":"1563529","id":"LFR592","stroke":"#800080","stroke-width":2,"stroke-opacity":0.8,"fill":"#ffb9dc","fill-opacity":0.6},"geometry":{"type":"Polygon","coordinates":[[[3.516667,45.083333],[3.744444,44.844444],[3.833333,44.658333],[3.286111,44.816667],[3.116667,44.783056],[2.916667,44.933333],[3.383333,45.083333],[3.516667,45.083333]]]}},{"type":"Feature","properties":{"name":"193 B","nameV":"R 193 B (SeeNotam)","class":"R","type":"R","lower":"800FT AGL","ordinalLowerM":243,"lowerM":243,"upper":"4200FT AMSL","upperM":1280,"groundEstimatedHeight":[0,0,0,0],"desc":"Administrator: CDPGE Athis-Mons. Avoidance mandatory during activation hours. Activation timetable available on: - Internet: https://www.sia.aviation-civile.gouv.fr (section Preflight briefing/AZBA charts), SOFIA Briefing https://sofia-briefing.aviation-civile.gouv.fr (AZBA charts section). Actual activity provided by: - MONTPELLIER INFORMATION - neighbouring AD.","activationCode":"NOTAM","activationDesc":"Activation by NOTAM. Except HOL: - MON: 0830-1100 - TUE : 0830-1100 and SS+30 - 2359 - WED: SS+30 - 2359 - THU : 0830-1100 and SS+30 - 2359 - FRI: 0830-1100 SUM: - 1HR","UId":"1563375","id":"LFR193B","stroke":"#800080","stroke-width":2,"stroke-opacity":0.8,"fill":"#ffb9dc","fill-opacity":0.3},"geometry":{"type":"Polygon","coordinates":[[[2.605556,44.058333],[3.321389,43.842778],[3.391667,43.883333],[3.525,43.652778],[2.683333,43.9],[2.605556,44.058333]]]}},{"type":"Feature","properties":{"name":"152","nameV":"R 152 (SeeNotam)","class":"R","type":"R","lower":"800FT AGL","ordinalLowerM":243,"lowerM":243,"upper":"2800FT AGL","ordinalUpperM":853,"upperM":853,"groundEstimatedHeight":[0,0,0,0],"desc":"Administrator: CDPGE Athis-Mons. Excluding LF-R45 S1 FRANCHE-COMTE when active. Airspace defined except for LF-R 230 BACCARAT and LF-R 172 RAZIMONT when active. Maximum upper level: 4900ft AMSL. Avoidance mandatory during activation hours. Activation timetable available on: - Internet: https://www.sia.aviation-civile.gouv.fr (section Preflight briefing/AZBA charts), SOFIA Briefing https://sofia-briefing.aviation-civile.gouv.fr (AZBA charts section). Actual activity provided by: - BASEL FIS - STRASBOURG FIS - STRASBOURG, COLMAR, LUXEUIL, EPINAL, NANCY-ESSEY, NANCY-OCHEY and METZ-NANCY-LORRAINE AD.","activationCode":"NOTAM","activationDesc":"Possible activation by NOTAM. Except HOL: - TUE: SS+30 - 2359 - WED: 0000 - SR-30 and SS+30 - 2359 - THU: 0000-0059 and SS+30 - 2359 - FRI: 0000 - SR-30 SUM: - 1HR","UId":"1563087","id":"LFR152","stroke":"#800080","stroke-width":2,"stroke-opacity":0.8,"fill":"#ffb9dc","fill-opacity":0.3},"geometry":{"type":"Polygon","coordinates":[[[6.687778,48.684167],[6.766667,48.333333],[6.516667,48.033333],[5.989444,48.085278],[5.789444,48.180833],[6.45,48.116667],[6.633333,48.35],[6.563333,48.671667],[6.687778,48.684167]]]}},{"type":"Feature","properties":{"name":"589 A","nameV":"R 589 A (SeeNotam)","class":"R","type":"R","lower":"SFC","lowerM":0,"upper":"6000FT AMSL","upperM":1828,"desc":"Administrator: CDPGE Athis-Mons. Avoidance mandatory during activation hours. Activation timetable available on: - Internet: https://www.sia.aviation-civile.gouv.fr (section Preflight briefing/AZBA charts), SOFIA Briefing https://sofia-briefing.aviation-civile.gouv.fr (AZBA charts section). Actual activity provided by: - MONTPELLIER INFORMATION - neighbouring AD.","activationCode":"NOTAM","activationDesc":"Activation by NOTAM. Except HOL: - MON: 0830-1100 - TUE : 0830-1100 and SS+30 - 2400 - WED: SS+30 - 2400 - THU : 0830-1100 and SS+30 - 2400 - FRI: 0830-1100 SUM: - 1HR","UId":"1564607","id":"LFR589A","stroke":"#800080","stroke-width":2,"stroke-opacity":0.8,"fill":"#ffb9dc","fill-opacity":0.6},"geometry":{"type":"Polygon","coordinates":[[[3.262778,44.136667],[3.425833,44.189167],[3.556667,43.935556],[3.391667,43.883333],[3.262778,44.136667]]]}},{"type":"Feature","properties":{"name":"589 B","nameV":"R 589 B (SeeNotam)","class":"R","type":"R","lower":"SFC","lowerM":0,"upper":"4700FT AMSL","upperM":1432,"desc":"Administrator: CDPGE Athis-Mons. Avoidance mandatory during activation hours. Activation timetable available on: - Internet: https://www.sia.aviation-civile.gouv.fr (section Preflight briefing/AZBA charts), SOFIA Briefing https://sofia-briefing.aviation-civile.gouv.fr (AZBA charts section). Actual activity provided by: - MONTPELLIER INFORMATION - neighbouring AD.","activationCode":"NOTAM","activationDesc":"Activation by NOTAM. Except HOL: - MON: 0830-1100 - TUE : 0830-1100 and SS+30 - 2400 - WED: SS+30 - 2400 - THU : 0830-1100 and SS+30 - 2400 - FRI: 0830-1100 SUM: - 1HR","UId":"1564525","id":"LFR589B","stroke":"#800080","stroke-width":2,"stroke-opacity":0.8,"fill":"#ffb9dc","fill-opacity":0.6},"geometry":{"type":"Polygon","coordinates":[[[3.425833,44.189167],[3.262778,44.136667],[3.110556,44.434444],[3.270278,44.483333],[3.425833,44.189167]]]}},{"type":"Feature","properties":{"name":"12","nameV":"R 12","class":"R","type":"R","lower":"SFC","lowerM":0,"upper":"2000FT AMSL","upperM":609,"desc":"Administrator: 9e RIMA - TEL: 05 94 39 20 18. GAT/OAT: avoidance mandatory during activity. Activity known on: CAYENNE INFO.","activationCode":"H24","activationDesc":"Activable H24","UId":"45619299","id":"SOR12","stroke":"#800080","stroke-width":2,"stroke-opacity":0.8,"fill":"#ffb9dc","fill-opacity":0.6},"geometry":{"type":"Polygon","coordinates":[[[-54.086667,5.396667],[-54.072222,5.395833],[-54.079444,5.365417],[-54.100278,5.37],[-54.086667,5.396667]]]}},{"type":"Feature","properties":{"name":"203 C","nameV":"R 203 C (SeeNotam)","class":"R","type":"R","lower":"SFC","lowerM":0,"upper":"FL195","upperM":5943,"desc":"Administrator: Groupement de camp de la Courtine GAT: avoidance mandatory throughout activity OAT: upon Officier de tir authorization Actvity schedule available by NOTAM: SOFIA Briefing: https://sofia-briefing.aviation-civile.gouv.fr or Officier de tir du camp de La Courtine: 05 55 83 67 00 or 05 55 83 65 17 Actual activity known on: LIMOGES INFO 124.050 BORDEAUX CTL (outside Limoges ATS SKED). Paradropping, specific Defence activities.","activationCode":"NOTAM","activationDesc":"Possible activation H24 MON-SAT except HOL","UId":"1564443","id":"LFR203C","stroke":"#800080","stroke-width":2,"stroke-opacity":0.8,"fill":"#ffb9dc","fill-opacity":0.6},"geometry":{"type":"Polygon","coordinates":[[[2.413333,45.6575],[2.455556,45.712778],[2.171111,45.8175],[2.113889,45.747222],[2.25,45.716667],[2.413333,45.6575]]]}},{"type":"Feature","properties":{"name":"329","nameV":"R 329","class":"R","type":"R","lower":"SFC","lowerM":0,"upper":"500FT AGL","ordinalUpperM":152,"upperM":152,"groundEstimatedHeight":[0,0,0,0],"desc":"Administrator: Survey Copter. Activity subject to protocol with operator. GAT and OAT: avoidance mandatory except for aircraft authorized by operator. Actual activity: schedule known on RAI before 1800 local time, the day before. TEL: 04 75 00 30 33. AD operator (S.I.T.A): TEL: 04 75 96 97 00","activationCode":"HX","activationDesc":"MON: 1300-SS (MAX 1700)  TUE-FRI: SR (MNM 0700) -1100 SUM: -1 HR","UId":"25090632","id":"LFR329","stroke":"#800080","stroke-width":2,"stroke-opacity":0.8,"fill":"#ffb9dc","fill-opacity":0.6},"geometry":{"type":"Polygon","coordinates":[[[4.735592,44.397776],[4.735352,44.399914],[4.734634,44.401996],[4.733458,44.403969],[4.731854,44.405782],[4.729864,44.407387],[4.72754,44.408743],[4.72494,44.409816],[4.722133,44.410576],[4.719192,44.411005],[4.716193,44.411092],[4.713213,44.410833],[4.71033,44.410236],[4.707618,44.409317],[4.705148,44.408098],[4.702983,44.406613],[4.701181,44.404898],[4.699786,44.402999],[4.698836,44.400965],[4.698356,44.398849],[4.698356,44.396704],[4.698838,44.394588],[4.699789,44.392554],[4.701184,44.390656],[4.702988,44.388941],[4.705152,44.387456],[4.707622,44.386238],[4.710333,44.385319],[4.713215,44.384723],[4.716193,44.384464],[4.719191,44.384551],[4.722131,44.38498],[4.724937,44.38574],[4.727536,44.386812],[4.72986,44.388168],[4.73185,44.389773],[4.733455,44.391585],[4.734632,44.393557],[4.73535,44.395639],[4.735592,44.397776]]]}},{"type":"Feature","properties":{"name":"217 /5","nameV":"R 217 /5","class":"R","type":"R","lower":"FL065","lowerM":1981,"upper":"FL195","upperM":5943,"desc":"Administrator: CMC Istres. Airspace defined except for the interfering parts of LF-D 192 E RUN CEVENNES when active. Airspace shared with CTA RHONE part 5 (see AIP ENR 2.1). GAT VFR /OAT V: entry upon authorization CAMARGUE CONTROLE. GAT IFR: upon authorization according to protocol. OAT I and T: upon control authorization. Activity known on CAMARGUE Control or announced by RAI.","activationCode":"HX","activationDesc":"Activable H24.","timeScheduling":{"1":["UTC(01/01->31/12)","ANY(00:00->23:59)"]},"UId":"1564467","id":"LFR217/5","stroke":"#800080","stroke-width":2,"stroke-opacity":0.8,"fill":"#ffb9dc","fill-opacity":0.3},"geometry":{"type":"Polygon","coordinates":[[[3.776667,44.466944],[3.833333,44.425],[4.183333,44.233333],[4.516667,44.15],[4.520597,44.031425],[4.336353,44.033311],[4.24625,44.033306],[3.883056,43.864167],[3.453333,44.407222],[3.776667,44.466944]]]}},{"type":"Feature","properties":{"name":"303","nameV":"R 303","class":"R","type":"R","lower":"SFC","lowerM":0,"upper":"500FT AMSL","upperM":152,"desc":"Administrator: PROVENCE TWR. GAT/OAT: with authorization from Provence TWR. Actual activation known on PROVENCE TWR.","activationCode":"HX","activationDesc":"Possible activation from SR to SS.","UId":"48387586","id":"LFR303","stroke":"#800080","stroke-width":2,"stroke-opacity":0.8,"fill":"#ffb9dc","fill-opacity":0.6},"geometry":{"type":"Polygon","coordinates":[[[5.188725,43.477575],[5.205408,43.487239],[5.224008,43.465525],[5.221956,43.457297],[5.211989,43.461272],[5.188725,43.477575]]]}},{"type":"Feature","properties":{"name":"254","nameV":"R 254","class":"R","type":"R","lower":"2500FT AMSL","lowerM":762,"upper":"3500FT AMSL","upperM":1066,"desc":"- GAT IFR and OAT I and T: avoidance mandatory, except for ACFT carrying out assistance, rescue or law and order missions if their mission does not allow the avoidance of the zone; - OAT VFR/GAT V: allowed after radio contact with RENNES APP/FIS. Actual activity known by RENNES APP/FIS.","activationCode":"OTHER","activationDesc":"Activable selon protocole, tous les jours de SR-30 à SS+30. \\\\ Activation according to protocol, everyday from SR-30 to SS+30.","UId":"3958080","id":"LFR254","stroke":"#800080","stroke-width":2,"stroke-opacity":0.8,"fill":"#ffb9dc","fill-opacity":0.3},"geometry":{"type":"Polygon","coordinates":[[[0.320278,49.560556],[0.632778,49.668611],[0.644167,49.528611],[0.328333,49.523333],[0.320278,49.560556]]]}},{"type":"Feature","properties":{"name":"64 A1","nameV":"R 64 A1","class":"R","type":"R","lower":"1000FT AGL","ordinalLowerM":304,"lowerM":304,"upper":"3500FT AGL","ordinalUpperM":1066,"upperM":1066,"groundEstimatedHeight":[0,0,0,0],"desc":"Administrator: TOULON APP. Airspace defined except for CTR HYERES, LF-P 48 FORT DE BRÉGANÇON, LF-R 234 A and B TOURRIS, when active, and LF-P 62 TOULON and LF-P 63 ILE DU LEVANT. Airspace partly shared with CTA TOULON part 1.1. VFR GAT/V OAT: entry with authorization from TOULON TRANSIT. IFR GAT/ I and T OAT: entry with authorization from TOULON APP. Activity known on: - TOULON APP or TOULON TRANSIT, - MARSEILLE ACC/INFO, - PROVENCE APP/INFO, - NICE APP/INFO.","activationCode":"HX","activationDesc":"Possible activation H24","timeScheduling":{"1":["UTC(01/01->31/12)","ANY(00:00->23:59)"]},"UId":"1562485","id":"LFR64A1","stroke":"#800080","stroke-width":2,"stroke-opacity":0.8,"fill":"#ffb9dc","fill-opacity":0.3},"geometry":{"type":"Polygon","coordinates":[[[6.266667,43.175],[6.541667,43.141667],[6.666667,43.066667],[6.666667,42.833333],[6.25,42.783333],[6.0,42.783333],[5.633333,42.916667],[5.633333,43.033333],[5.866667,43.175],[6.266667,43.175]]]}},{"type":"Feature","properties":{"name":"64 A3","nameV":"R 64 A3","class":"R","type":"R","lower":"FL125","lowerM":3810,"upper":"FL195","upperM":5943,"desc":"Administrator: TOULON APP. Airspace defined except for LF-P 62 TOULON and LF-P 63 ILE DU LEVANT. Airspace shared with CTA TOULON part 1.3. VFR GAT/V OAT: entry with authorization from TOULON TRANSIT. IFR GAT/ I and T OAT: entry with authorization from TOULON APP. Activity known on: - TOULON APP or TOULON TRANSIT, - MARSEILLE ACC/INFO, - PROVENCE APP/INFO, - NICE APP/INFO.","activationCode":"HX","activationDesc":"Possible activation H24","timeScheduling":{"1":["UTC(01/01->31/12)","ANY(00:00->23:59)"]},"UId":"1562481","id":"LFR64A3","stroke":"#800080","stroke-width":2,"stroke-opacity":0.8,"fill":"#ffb9dc","fill-opacity":0.1},"geometry":{"type":"Polygon","coordinates":[[[6.266667,43.175],[6.541667,43.141667],[6.666667,43.066667],[6.666667,42.833333],[6.25,42.783333],[6.0,42.783333],[5.633333,42.916667],[5.633333,43.033333],[5.866667,43.175],[6.266667,43.175]]]}},{"type":"Feature","properties":{"name":"266","nameV":"R 266","class":"R","type":"R","lower":"SFC","lowerM":0,"upper":"2000FT AMSL","upperM":609,"desc":"GAT/OAT: upon authorisation of SAN SEBASTIAN TWR 119.855 MHz. Activity known on: - BIARRITZ TWR, - BIARRITZ INFO.","activationCode":"HO","activationDesc":"During ATS working hours of SAN SEBASTIAN TWR.","UId":"17688622","id":"LFR266","stroke":"#800080","stroke-width":2,"stroke-opacity":0.8,"fill":"#ffb9dc","fill-opacity":0.6},"geometry":{"type":"Polygon","coordinates":[[[-1.783333,43.476944],[-1.681389,43.401667],[-1.756097915642257,43.346334805868395],[-1.762778,43.344722],[-1.764167,43.344444],[-1.768889,43.345],[-1.769444,43.345],[-1.769722,43.345],[-1.770278,43.345278],[-1.779722,43.348889],[-1.783333,43.35],[-1.783333,43.35],[-1.783333,43.476944]]]}},{"type":"Feature","properties":{"name":"171","nameV":"R 171 (SeeNotam)","class":"R","type":"R","lower":"SFC","lowerM":0,"upper":"2800FT AMSL","upperM":853,"desc":"Administrator: 1er régiment d'artillerie. TEL: 03 84 57 52 41 / 75 - 03 84 57 53 69 GAT/OAT: Avoidance mandatory throughout activity. Activity known on BASEL INFO.","activationCode":"NOTAM","activationDesc":"Activation by NOTAM, except SAT, SUN and HOL.","timeScheduling":{"1":["UTC(01/01->31/12)","WD(00:00->23:59)"]},"UId":"1610732","id":"LFR171","stroke":"#800080","stroke-width":2,"stroke-opacity":0.8,"fill":"#ffb9dc","fill-opacity":0.6},"geometry":{"type":"Polygon","coordinates":[[[6.910833,47.589444],[6.923889,47.569167],[6.911111,47.564444],[6.912222,47.5375],[6.873889,47.536667],[6.873611,47.545833],[6.867778,47.564722],[6.883333,47.585278],[6.910833,47.589444]]]}},{"type":"Feature","properties":{"name":"175 A","nameV":"R 175 A","class":"R","type":"R","lower":"SFC","lowerM":0,"upper":"FL195","upperM":5943,"desc":"Managing authority: CAPCIA-51e RI TEL: 03 26 67 81 00 / 81 02 / 82 31 GAT IFR/VFR: avoidance mandatory throughout activity. Except for M163 AWY and Vouziers-Séchault LF-R 3 B and MOURMELON STAT LF-R 503 when active. RAI 118.625 MHz. Activity known on: SEINE INFO PARIS ACC","activationCode":"HX","activationDesc":"Activable H24. Possible activation H24.","timeScheduling":{"1":["UTC(01/01->31/12)","ANY(00:00->23:59)"]},"UId":"1563395","id":"LFR175A","stroke":"#800080","stroke-width":2,"stroke-opacity":0.8,"fill":"#ffb9dc","fill-opacity":0.6},"geometry":{"type":"Polygon","coordinates":[[[4.730278,49.278056],[4.730225,49.278054],[4.73006,49.277401],[4.729935,49.276744],[4.72985,49.276085],[4.729805,49.275424],[4.729799,49.274763],[4.729834,49.274101],[4.729908,49.273442],[4.730022,49.272784],[4.730176,49.27213],[4.730369,49.271481],[4.7306,49.270837],[4.730871,49.270199],[4.73118,49.269569],[4.731527,49.268947],[4.73191,49.268335],[4.732331,49.267733],[4.732787,49.267142],[4.733279,49.266564],[4.733805,49.265998],[4.734365,49.265447],[4.734958,49.26491],[4.735582,49.264389],[4.736238,49.263884],[4.736923,49.263397],[4.737638,49.262927],[4.73838,49.262477],[4.739148,49.262045],[4.739942,49.261634],[4.740761,49.261243],[4.741602,49.260874],[4.742465,49.260527],[4.743348,49.260202],[4.744249,49.2599],[4.745169,49.259621],[4.746104,49.259366],[4.747054,49.259136],[4.748018,49.25893],[4.748993,49.258749],[4.749978,49.258593],[4.75,49.258611],[4.75,49.258611],[4.75,49.155],[4.452222,49.035],[4.358333,49.108333],[4.416667,49.191667],[4.730278,49.278056]]]}},{"type":"Feature","properties":{"name":"513 W","nameV":"R 513 W","class":"R","type":"R","lower":"4500FT AMSL","lowerM":1371,"upper":"FL115","upperM":3505,"desc":"Administrator: PROVENCE APP. IFR GAT/I and T OAT: Avoidance compulsory unless further authorization from Provence approach. VFR GAT/V OAT: entry with authorization from Provence APP. Radio contact mandatory with Provence APP. Actual activation and ceiling known on PROVENCE APP.","activationCode":"HX","activationDesc":"Possible activation from SR-30 to SS+30. ","UId":"48547479","id":"LFR513W","stroke":"#800080","stroke-width":2,"stroke-opacity":0.8,"fill":"#ffb9dc","fill-opacity":0.3},"geometry":{"type":"Polygon","coordinates":[[[4.643736,43.800278],[4.780556,43.816667],[4.841667,43.805556],[4.900678,43.809794],[4.950419,43.710267],[4.787778,43.710278],[4.643736,43.800278]]]}},{"type":"Feature","properties":{"name":"233 B","nameV":"R 233 B","class":"R","type":"R","lower":"SFC","lowerM":0,"upper":"800FT AGL","ordinalUpperM":243,"upperM":243,"groundEstimatedHeight":[0,0,0,0],"desc":"Unmanned aircraft. Administrator: 92e Régiment d'Infanterie (92e RI): +33(0)4 73 21 78 92. GAT: Avoidance mandatory during activity. OAT: aircrafts approved by administrator. Activation known on CLERMONT INFO.","activationCode":"H24","activationDesc":"Possible activation H24","UId":"48547424","id":"LFR233B","stroke":"#800080","stroke-width":2,"stroke-opacity":0.8,"fill":"#ffb9dc","fill-opacity":0.6},"geometry":{"type":"Polygon","coordinates":[[[2.577778,45.683333],[2.64,45.705],[2.614444,45.717778],[2.586944,45.7125],[2.577778,45.683333]]]}},{"type":"Feature","properties":{"name":"509","nameV":"R 509","class":"R","type":"R","lower":"SFC","lowerM":0,"upper":"800FT AGL","ordinalUpperM":243,"upperM":243,"groundEstimatedHeight":[0,0,0,0],"desc":"Administrator: 3e RH TEL: 03 87 15 71 46 or 03 87 15 70 41 or 06 83 08 75 47 GAT/OAT: avoidance mandatory during activity except for aircraft conducting assistance, rescue or public safety missions, when the avoidance is not compatible with their mission; entry is possible after notification to the operator. Actual activity known on: - STRASBOURG INFO, - LORRAINE TWR/APP.","activationCode":"HX","activationDesc":"Possible activation: MON: 1100-1600 TUE-THU: 0700-1600 FRI: 0700-1100 (SUM -1HR)","UId":"48586045","id":"LFR509","stroke":"#800080","stroke-width":2,"stroke-opacity":0.8,"fill":"#ffb9dc","fill-opacity":0.6},"geometry":{"type":"Polygon","coordinates":[[[6.179444,49.1325],[6.179444,49.133611],[6.189444,49.135],[6.194444,49.136944],[6.195556,49.135278],[6.191944,49.133889],[6.192778,49.133611],[6.191944,49.1325],[6.185833,49.13],[6.179444,49.1325]]]}},{"type":"Feature","properties":{"name":"503","nameV":"R 503","class":"R","type":"R","lower":"SFC","lowerM":0,"upper":"2000FT AMSL","upperM":609,"desc":"Manager: STAT TEL: 03 26 67 81 00 or 03 26 67 81 02 or 03 26 67 82 31. GAT/OAT: avoidance mandatory during activity. When active, this area substitutes itself to the part of LF-R 175 A which it interferes with. Actual activity known on: - RAI: 118,625 MHz, - SEINE INFO, - SAINT-DIZIER APP, - PARIS INFO (1), - PARIS ACC (1). (1) information available only in case of non operative RAI.","activationCode":"H24","activationDesc":"Possible activation H24","UId":"48586072","id":"LFR503","stroke":"#800080","stroke-width":2,"stroke-opacity":0.8,"fill":"#ffb9dc","fill-opacity":0.6},"geometry":{"type":"Polygon","coordinates":[[[4.392386,49.108053],[4.392058,49.110725],[4.39108,49.113328],[4.389476,49.115794],[4.387288,49.11806],[4.384573,49.120067],[4.381401,49.121762],[4.377854,49.123103],[4.374025,49.124054],[4.370012,49.12459],[4.365919,49.124698],[4.361853,49.124375],[4.357919,49.123629],[4.354219,49.122479],[4.350849,49.120956],[4.347896,49.119099],[4.345437,49.116956],[4.343534,49.114582],[4.342239,49.112039],[4.341583,49.109393],[4.341585,49.106713],[4.342243,49.104067],[4.343541,49.101525],[4.345444,49.099152],[4.347904,49.09701],[4.350857,49.095153],[4.354227,49.093631],[4.357925,49.092483],[4.361857,49.091737],[4.36592,49.091414],[4.37001,49.091522],[4.37402,49.092058],[4.377848,49.093008],[4.381393,49.094348],[4.384564,49.096043],[4.38728,49.098049],[4.389469,49.100314],[4.391074,49.102779],[4.392056,49.105382],[4.392386,49.108053]]]}},{"type":"Feature","properties":{"name":"3109 A","nameV":"R 3109 A","class":"R","type":"R","lower":"1500FT AMSL","lowerM":457,"upper":"3000FT AMSL","upperM":914,"desc":"Administrator: ORLY APP. Throughout activation: - IFR and OAT: avoidance mandatory  - VFR: entry strictly reserved for pilots of flying clubs which signed a protocol with the managing authority and their duty informed guests. This area substitutes itself to Class A airspace parts which it interferes with. Activity known on ORLY APP.","activationCode":"HX","activationDesc":"Possible activation: 0800-1100 1300-1800 (SUM -1HR) and according to protocol Daytime only","UId":"43376439","id":"LFR3109A","stroke":"#800080","stroke-width":2,"stroke-opacity":0.8,"fill":"#ffb9dc","fill-opacity":0.3},"geometry":{"type":"Polygon","coordinates":[[[2.355135,48.499441],[2.354811,48.502113],[2.353844,48.504716],[2.35226,48.507182],[2.350098,48.509448],[2.347416,48.511455],[2.344282,48.51315],[2.340779,48.514491],[2.336995,48.515442],[2.333031,48.515978],[2.328988,48.516086],[2.324971,48.515763],[2.321084,48.515017],[2.317429,48.513867],[2.314099,48.512344],[2.311182,48.510487],[2.308752,48.508344],[2.306873,48.50597],[2.305593,48.503427],[2.304945,48.500781],[2.304947,48.498101],[2.305597,48.495456],[2.306879,48.492913],[2.308759,48.49054],[2.31119,48.488398],[2.314107,48.486542],[2.317436,48.485019],[2.32109,48.483871],[2.324974,48.483125],[2.328988,48.482802],[2.333029,48.48291],[2.336991,48.483446],[2.340772,48.484396],[2.344275,48.485736],[2.347408,48.487431],[2.35009,48.489437],[2.352253,48.491702],[2.353839,48.494167],[2.354809,48.49677],[2.355135,48.499441]]]}},{"type":"Feature","properties":{"name":"263","nameV":"R 263","class":"R","type":"R","lower":"SFC","lowerM":0,"upper":"500FT AGL","ordinalUpperM":152,"upperM":152,"groundEstimatedHeight":[0,0,0,0],"desc":"Administrator: ONERA. Contact TEL before activity: 05 62 25 27 78 or 05 62 25 25 63. Contact TEL during activity: 05 62 25 26 56 ou 06 71 40 28 81. OAT / GAT: avoidance mandatory.","activationCode":"HX","activationDesc":"Possible activation from MON to FRI except public HOL: 0700-1900 (SUM: -1HR) except when LF-R 46 C is active.","UId":"35912738","id":"LFR263","stroke":"#800080","stroke-width":2,"stroke-opacity":0.8,"fill":"#ffb9dc","fill-opacity":0.6},"geometry":{"type":"Polygon","coordinates":[[[1.609722,44.178056],[1.588333,44.173889],[1.5883,44.173888],[1.587455,44.174615],[1.586722,44.175402],[1.586108,44.17624],[1.58562,44.177119],[1.585263,44.178031],[1.585043,44.178964],[1.58496,44.179909],[1.585016,44.180854],[1.58521,44.18179],[1.58554,44.182707],[1.586003,44.183593],[1.586593,44.18444],[1.587304,44.185237],[1.588128,44.185977],[1.589056,44.18665],[1.590077,44.187249],[1.59118,44.187769],[1.592354,44.188202],[1.593585,44.188544],[1.594859,44.188792],[1.596162,44.188943],[1.59748,44.188994],[1.598798,44.188946],[1.600102,44.188798],[1.601377,44.188553],[1.602609,44.188214],[1.603785,44.187783],[1.60489,44.187266],[1.605914,44.186669],[1.606845,44.185998],[1.607672,44.185261],[1.608387,44.184465],[1.608981,44.18362],[1.609448,44.182734],[1.609782,44.181819],[1.609981,44.180883],[1.610041,44.179937],[1.609962,44.178993],[1.609745,44.178059],[1.609722,44.178056]]]}},{"type":"Feature","properties":{"name":"508","nameV":"R 508","class":"R","type":"R","lower":"SFC","lowerM":0,"upper":"600FT AGL","ordinalUpperM":182,"upperM":182,"groundEstimatedHeight":[0,0,0,0],"desc":"Administrator: 3e RH TEL: 03 87 15 71 46 or 03 87 15 70 41 or 06 83 08 75 47 GAT/OAT: avoidance mandatory during activity except for aircraft conducting assistance, rescue or public safety missions, when the avoidance is not compatible with their mission; entry is possible after notification to the operator. Actual activity known on: - STRASBOURG INFO, - LORRAINE TWR/APP.","activationCode":"HX","activationDesc":"Possible activation: MON: 1100-1600 TUE-THU: 0700-1600 FRI: 0700-1100 (SUM -1HR)","UId":"48586021","id":"LFR508","stroke":"#800080","stroke-width":2,"stroke-opacity":0.8,"fill":"#ffb9dc","fill-opacity":0.6},"geometry":{"type":"Polygon","coordinates":[[[6.043611,49.113889],[6.066389,49.121389],[6.071944,49.117222],[6.067222,49.114722],[6.067778,49.100556],[6.054444,49.097778],[6.043611,49.113889]]]}},{"type":"Feature","properties":{"name":"64 A2","nameV":"R 64 A2","class":"R","type":"R","lower":"3500FT AGL","ordinalLowerM":1066,"lowerM":1066,"upper":"FL125","upperM":3810,"groundEstimatedHeight":[0,0,0,0],"desc":"Administrator: TOULON APP. Airspace defined except for LF-R 234 B TOURRIS, when active, and LF-P 62 TOULON and LF-P 63 ILE DU LEVANT. Airspace shared with CTA TOULON part 1.2. VFR GAT/V OAT: entry with authorization from TOULON TRANSIT. IFR GAT/ I and T OAT: entry with authorization from TOULON APP. Activity known on: - TOULON APP or TOULON TRANSIT, - MARSEILLE ACC/INFO, - PROVENCE APP/INFO, - NICE APP/INFO.","activationCode":"HX","activationDesc":"Possible activation H24","timeScheduling":{"1":["UTC(01/01->31/12)","ANY(00:00->23:59)"]},"UId":"1562477","id":"LFR64A2","stroke":"#800080","stroke-width":2,"stroke-opacity":0.8,"fill":"#ffb9dc","fill-opacity":0.3},"geometry":{"type":"Polygon","coordinates":[[[6.266667,43.175],[6.541667,43.141667],[6.666667,43.066667],[6.666667,42.833333],[6.25,42.783333],[6.0,42.783333],[5.633333,42.916667],[5.633333,43.033333],[5.866667,43.175],[6.266667,43.175]]]}},{"type":"Feature","properties":{"name":"257","nameV":"R 257 Upper(1300FT AMSL-1000FT AGL)","class":"R","type":"R","lower":"SFC","lowerM":0,"upper":"1300FT AMSL","upperMax":"1000FT AGL","upperM":396,"desc":"GAT/OAT: avoidance mandatory except for flights related to the following public service missions: - Defence - Home affairs - Custom - Civil Protection - MEDEVAC Previous mandatory contact with duty service: 03 65 36 69 19. Coexist with LF-P 66 CREIL.","activationCode":"H24","UId":"11049262","id":"LFR257","stroke":"#800080","stroke-width":2,"stroke-opacity":0.8,"fill":"#ffb9dc","fill-opacity":0.6},"geometry":{"type":"Polygon","coordinates":[[[2.505833,49.257778],[2.498611,49.249444],[2.501667,49.245278],[2.520556,49.239167],[2.5425,49.253889],[2.537222,49.261667],[2.523056,49.261944],[2.505833,49.257778]]]}},{"type":"Feature","properties":{"name":"513 E","nameV":"R 513 E","class":"R","type":"R","lower":"4500FT AMSL","lowerM":1371,"upper":"FL115","upperM":3505,"desc":"Administrator: PROVENCE APP. IFR GAT/I and T OAT: Avoidance compulsory unless further authorization from Provence approach. VFR GAT/V OAT: entry with authorization from Provence APP. Radio contact mandatory with Provence APP. Non activable if LF-R 276 is active. Actual activation and ceiling known on PROVENCE APP.","activationCode":"HX","activationDesc":"Possible activation from SR-30 to SS+30.","UId":"48547510","id":"LFR513E","stroke":"#800080","stroke-width":2,"stroke-opacity":0.8,"fill":"#ffb9dc","fill-opacity":0.3},"geometry":{"type":"Polygon","coordinates":[[[4.900678,43.809794],[4.975,43.816667],[4.9725,43.802778],[5.054567,43.822131],[5.143489,43.603931],[5.04765,43.604164],[5.036667,43.639722],[4.985306,43.640167],[4.950419,43.710267],[4.900678,43.809794]]]}},{"type":"Feature","properties":{"name":"64 C","nameV":"R 64 C","class":"R","type":"R","lower":"SFC","lowerM":0,"upper":"1000FT AGL","ordinalUpperM":304,"upperM":304,"groundEstimatedHeight":[0,0,0,0],"desc":"Administrator: TOULON APP. Airspace defined except for LF-P 48 FORT DE BREGANÇON when active. Zone activation possible only outside LF-R 64 A0 TOULON and HYERES CTR actual activity hours. Avoidance compulsory when active unless further authorization from Toulon or for rescue and state missions. Activity known from: TOULON APP, TOULON TRANSIT.","activationCode":"HX","activationDesc":"Possible activation H24","UId":"32513090","id":"LFR64C","stroke":"#800080","stroke-width":2,"stroke-opacity":0.8,"fill":"#ffb9dc","fill-opacity":0.6},"geometry":{"type":"Polygon","coordinates":[[[6.043333,43.175],[6.2475,43.175278],[6.368611,43.106111],[6.395833,43.08],[6.249444,42.946389],[5.961389,42.946111],[5.906944,43.000833],[6.001944,43.067778],[6.001764,43.067844],[6.001224,43.069351],[6.000713,43.070864],[6.000232,43.072381],[5.99978,43.073904],[5.999359,43.075431],[5.998967,43.076963],[5.998605,43.078498],[5.998274,43.080037],[5.997972,43.081579],[5.997701,43.083125],[5.99746,43.084673],[5.99725,43.086223],[5.997069,43.087775],[5.996919,43.089329],[5.9968,43.090885],[5.996711,43.092441],[5.996652,43.093999],[5.996624,43.095556],[5.996627,43.097114],[5.99666,43.098672],[5.996723,43.100229],[5.996817,43.101786],[5.996942,43.103341],[5.997097,43.104895],[5.997282,43.106447],[5.997498,43.107997],[5.997744,43.109544],[5.99802,43.111089],[5.998327,43.112631],[5.998664,43.114169],[5.999031,43.115704],[5.999428,43.117235],[5.999855,43.118761],[6.000311,43.120283],[6.000798,43.1218],[6.001314,43.123311],[6.00186,43.124818],[6.002435,43.126318],[6.00304,43.127812],[6.003674,43.1293],[6.004337,43.13078],[6.005029,43.132254],[6.00575,43.133721],[6.0065,43.135179],[6.007278,43.13663],[6.008084,43.138073],[6.008919,43.139507],[6.009782,43.140932],[6.010672,43.142347],[6.011591,43.143754],[6.012537,43.145151],[6.01351,43.146537],[6.01451,43.147914],[6.015537,43.14928],[6.016591,43.150635],[6.017671,43.151978],[6.018778,43.153311],[6.019911,43.154631],[6.021069,43.15594],[6.022254,43.157237],[6.023463,43.158521],[6.024698,43.159792],[6.025957,43.16105],[6.027241,43.162295],[6.028549,43.163527],[6.029882,43.164744],[6.031238,43.165948],[6.032618,43.167137],[6.034021,43.168312],[6.035446,43.169472],[6.036895,43.170617],[6.038366,43.171747],[6.039859,43.172861],[6.041373,43.17396],[6.042909,43.175042],[6.043333,43.175]]]}},{"type":"Feature","properties":{"name":"102","nameV":"R 102 (SeeNotam)","class":"R","type":"R","lower":"SFC","lowerM":0,"upper":"3000FT AMSL","upperM":914,"desc":"Administrator: 515e RT: IFR/VFR/OAT Avoidance mandatory during activity. TEL: 05 45 64 86 17 (Helpdesk) Actual activity known on: ANGOULEME INFO, LIMOGES INFO.","activationCode":"HX","activationDesc":"Possible activation: From the 15th of MAR to the 15th of OCT: 0500-1700/2000- 0200 (SUM-1HR) From the 16th of OCT to the14th of MAR: 0700- 1600/1800- 2300 (SUM-1HR) except SUN and HOL. Possible activation on SAT by NOTAM.","UId":"1606159","id":"LFR102","stroke":"#800080","stroke-width":2,"stroke-opacity":0.8,"fill":"#ffb9dc","fill-opacity":0.6},"geometry":{"type":"Polygon","coordinates":[[[0.286667,45.730556],[0.295833,45.730833],[0.306944,45.747778],[0.301667,45.769444],[0.279444,45.761667],[0.274722,45.758889],[0.275833,45.750833],[0.286667,45.730556]]]}},{"type":"Feature","properties":{"name":"64 A0","nameV":"R 64 A0","class":"R","type":"R","lower":"SFC","lowerM":0,"upper":"1000FT AGL","ordinalUpperM":304,"upperM":304,"groundEstimatedHeight":[0,0,0,0],"desc":"Administrator: TOULON APP. Airspace defined except for CTR HYERES, LF-P 48 FORT DE BRÉGANÇON, LF-R 234 A TOURRIS, when active, and LF-P 62 TOULON and LF-P 63 ILE DU LEVANT. VFR GAT/V OAT: entry with authorization from TOULON TRANSIT.  IFR GAT/ I and T OAT: entry with authorization from TOULON APP. Activity known on: - TOULON APP or TOULON TRANSIT, - MARSEILLE ACC/INFO, - PROVENCE APP/INFO, - NICE APP/INFO.","activationCode":"H24","activationDesc":"Possible activation H24.","UId":"48547529","id":"LFR64A0","stroke":"#800080","stroke-width":2,"stroke-opacity":0.8,"fill":"#ffb9dc","fill-opacity":0.6},"geometry":{"type":"Polygon","coordinates":[[[6.266667,43.175],[6.541667,43.141667],[6.666667,43.066667],[6.666667,42.833333],[6.25,42.783333],[6.0,42.783333],[5.633333,42.916667],[5.633333,43.033333],[5.866667,43.175],[6.266667,43.175]]]}},{"type":"Feature","properties":{"name":"3109 B","nameV":"R 3109 B","class":"R","type":"R","lower":"3000FT AMSL","lowerM":914,"upper":"4000FT AMSL","upperM":1219,"desc":"Administrator: ORLY APP. Throughout activation: - IFR and OAT: avoidance mandatory  - VFR: entry strictly reserved for pilots of flying clubs which signed a protocol with the managing authority and their duty informed guests. This area substitutes itself to Class A airspace parts which it interferes with. Activity known on ORLY APP.","activationCode":"HX","activationDesc":"Possible activation: 0800-1100 1300-1800 (SUM -1HR) and according to protocol Daytime only","UId":"43376441","id":"LFR3109B","stroke":"#800080","stroke-width":2,"stroke-opacity":0.8,"fill":"#ffb9dc","fill-opacity":0.3},"geometry":{"type":"Polygon","coordinates":[[[2.355135,48.499441],[2.354811,48.502113],[2.353844,48.504716],[2.35226,48.507182],[2.350098,48.509448],[2.347416,48.511455],[2.344282,48.51315],[2.340779,48.514491],[2.336995,48.515442],[2.333031,48.515978],[2.328988,48.516086],[2.324971,48.515763],[2.321084,48.515017],[2.317429,48.513867],[2.314099,48.512344],[2.311182,48.510487],[2.308752,48.508344],[2.306873,48.50597],[2.305593,48.503427],[2.304945,48.500781],[2.304947,48.498101],[2.305597,48.495456],[2.306879,48.492913],[2.308759,48.49054],[2.31119,48.488398],[2.314107,48.486542],[2.317436,48.485019],[2.32109,48.483871],[2.324974,48.483125],[2.328988,48.482802],[2.333029,48.48291],[2.336991,48.483446],[2.340772,48.484396],[2.344275,48.485736],[2.347408,48.487431],[2.35009,48.489437],[2.352253,48.491702],[2.353839,48.494167],[2.354809,48.49677],[2.355135,48.499441]]]}},{"type":"Feature","properties":{"name":"2","nameV":"R 2","class":"R","type":"R","lower":"SFC","lowerM":0,"upper":"3100FT AMSL","upperM":944,"desc":"Administrator: EMS-CAMP MILITAIRE DU RUCHARD - TEL: +33(0)2 47 45 72 59/61. On-call: +33(0)6 70 01 31 01. OAT/GAT: Avoidance mandatory Actual activity known on SEINE APP/INFO.","activationCode":"HX","activationDesc":"Possible activation H24","timeScheduling":{"1":["UTC(01/01->31/12)","ANY(00:00->23:59)"]},"UId":"1563369","id":"LFR2","stroke":"#800080","stroke-width":2,"stroke-opacity":0.8,"fill":"#ffb9dc","fill-opacity":0.6},"geometry":{"type":"Polygon","coordinates":[[[0.386944,47.211389],[0.461944,47.211111],[0.473611,47.208611],[0.493889,47.197778],[0.482222,47.18],[0.363611,47.177222],[0.361389,47.189167],[0.383889,47.203056],[0.386944,47.211389]]]}},{"type":"Feature","properties":{"name":"593","nameV":"R 593 (SeeNotam)","class":"R","type":"R","lower":"800FT AGL","ordinalLowerM":243,"lowerM":243,"upper":"FL085","upperM":2590,"groundEstimatedHeight":[0,0,0,0],"desc":"Administrator: CDPGE Athis-Mons. Avoidance mandatory during activation hours. Activation timetable available on: - Internet: https://www.sia.aviation-civile.gouv.fr (section Preflight briefing/AZBA charts), SOFIA Briefing https://sofia-briefing.aviation-civile.gouv.fr (AZBA charts section). Actual activity provided by: - CLERMONT INFORMATION - neighbouring AD.","activationCode":"NOTAM","activationDesc":"Activation by NOTAM. Except HOL: - MON: 0830-1100 - TUE : 0830-1100 and SS+30 - 2400 - WED: SS+30 - 2400 - THU : 0830-1100 and SS+30 - 2400 - FRI: 0830-1100 SUM: - 1HR","UId":"44381783","id":"LFR593","stroke":"#800080","stroke-width":2,"stroke-opacity":0.8,"fill":"#ffb9dc","fill-opacity":0.3},"geometry":{"type":"Polygon","coordinates":[[[2.591667,45.727778],[2.775,45.747222],[2.723056,45.583333],[2.718164,45.136972],[2.75,45.058333],[2.916667,44.933333],[2.754783,44.8818],[2.5,45.076389],[2.466667,45.333333],[2.591667,45.727778]]]}},{"type":"Feature","properties":{"name":"5 C","nameV":"R 5 C","class":"R","type":"R","lower":"SFC","lowerM":0,"upper":"2500FT AMSL","upperM":762,"desc":"Administrator: 61st RA. TEL: C3D 03 25 35 96 05 OPS 06 71 28 66 07 CAM/CAG: mandatory avoidance. Activity known on: SEINE INFO PARIS INFO BALE INFO OCHEY APP SAINT-DIZIER APP","activationCode":"HO","activationDesc":"Possible activation from MON 0700 to FRI 1100 except public HOL. SUM: -1 HR.","UId":"32513678","id":"LFR5C","stroke":"#800080","stroke-width":2,"stroke-opacity":0.8,"fill":"#ffb9dc","fill-opacity":0.6},"geometry":{"type":"Polygon","coordinates":[[[5.053333,48.097778],[5.084167,48.098056],[5.083889,48.07],[5.048333,48.063611],[5.053333,48.097778]]]}},{"type":"Feature","properties":{"name":"339","nameV":"R 339","class":"R","type":"R","lower":"FL065","lowerM":1981,"upper":"FL145","upperM":4419,"desc":"Administrator: CCER Mont de Marsan. GAT IFR: entry upon control authorization. GAT VFR: airspace interfering with TMA BIARRITZ part 8; entry authorized through BIARRITZ APP. OAT: upon CCER Mont de Marsan authorization. Activity known by BIARRITZ APP or BIARRITZ ATIS.","activationCode":"HO","activationDesc":"Possible activation 0530-2200 (SUM: -1HR).","UId":"32513631","id":"LFR339","stroke":"#800080","stroke-width":2,"stroke-opacity":0.8,"fill":"#ffb9dc","fill-opacity":0.3},"geometry":{"type":"Polygon","coordinates":[[[-1.133333,43.483333],[-1.133333,43.515278],[-1.183333,43.616667],[-1.117222,43.700278],[-1.015833,43.791667],[-0.933611,43.865278],[-0.844444,43.825],[-0.803611,43.7625],[-0.9,43.471111],[-0.936111,43.4875],[-1.133333,43.483333]]]}},{"type":"Feature","properties":{"name":"108 HN","nameV":"R 108 HN","class":"R","type":"R","lower":"FL195","lowerM":5943,"upper":"FL999","upperM":30449,"desc":"Administrator: CCER Istres GAT IFR: penetration as per protocol. OAT: penetration with authorization from MARIUS Radar or MARENGO Radar. Actual activity known on: - MARSEILLE CONTROLE/UAC, - BORDEAUX CONTROLE/UAC, - MARIUS Radar, - RAMBERT Radar. Not AMC-manageable.","activationCode":"HO","activationDesc":"Possible activation H24. Activation schedules stated in France AUP.","UId":"32512748","id":"LFR108HN","stroke":"#800080","stroke-width":2,"stroke-opacity":0.8,"fill":"#ffb9dc","fill-opacity":0.1},"geometry":{"type":"Polygon","coordinates":[[[2.739167,43.714444],[2.728889,44.297222],[3.28,44.558333],[4.2,44.915278],[4.428611,44.634444],[4.635278,43.969722],[4.957222,43.396111],[4.617222,43.032778],[3.915278,43.505],[2.739167,43.714444]]]}},{"type":"Feature","properties":{"name":"108 HS","nameV":"R 108 HS","class":"R","type":"R","lower":"FL195","lowerM":5943,"upper":"FL999","upperM":30449,"desc":"Administrator: CCER Istres GAT IFR: penetration as per protocol. OAT: penetration with authorization from MARIUS Radar or MARENGO Radar. Except for LF-R 108 HN and LF-R 108 RT when active. Actual activity known on: - MARSEILLE CONTROLE/UAC, - BORDEAUX CONTROLE/UAC, - MARIUS Radar, - MARENGO Radar. Not AMC-manageable.","activationCode":"HO","activationDesc":"Possible activation H24. Activation schedules stated in France AUP.","UId":"32512777","id":"LFR108HS","stroke":"#800080","stroke-width":2,"stroke-opacity":0.8,"fill":"#ffb9dc","fill-opacity":0.1},"geometry":{"type":"Polygon","coordinates":[[[2.728889,44.297222],[3.28,44.558333],[3.323333,44.575556],[4.026667,43.657222],[4.896389,43.505833],[4.957222,43.396111],[3.924444,42.275833],[3.854167,42.2525],[3.2,42.45],[3.1747069621215407,42.43132867835768],[3.166667,42.433333],[3.158889,42.442222],[3.155,42.443333],[3.154722,42.443333],[3.144722,42.443611],[3.143611,42.443611],[3.129722,42.443889],[3.119167,42.445],[3.114167,42.444722],[3.108333,42.444722],[3.103056,42.441944],[3.098333,42.438611],[3.097222,42.436944],[3.092778,42.435278],[3.088333,42.436111],[3.083333,42.436667],[3.077778,42.438056],[3.068056,42.443889],[3.065,42.445],[3.058056,42.454167],[3.054444,42.455833],[3.0475,42.46],[3.045,42.461667],[3.040278,42.470278],[3.037222,42.476667],[3.034167,42.483333],[3.031944,42.484167],[3.0275,42.484167],[3.020833,42.481111],[3.010833,42.476667],[3.006667,42.476944],[3.003611,42.477222],[3.0,42.479444],[2.965,42.471667],[2.956389,42.474444],[2.942778,42.475],[2.919444,42.464444],[2.9125,42.463056],[2.901944,42.461944],[2.875833,42.465],[2.866389,42.466111],[2.858611,42.465278],[2.854722,42.463611],[2.849722,42.460833],[2.813333,42.435],[2.804167,42.420556],[2.797222,42.417222],[2.776667,42.416944],[2.744167,42.423056],[2.734722,42.422778],[2.715278,42.416667],[2.703333,42.416944],[2.693666488749747,42.4121110162574],[2.693611,42.412222],[2.755,42.751111],[2.728889,44.297222]]]}},{"type":"Feature","properties":{"name":"108 RM","nameV":"R 108 RM","class":"R","type":"R","lower":"FL195","lowerM":5943,"upper":"FL999","upperM":30449,"desc":"Administrator: CCER Istres GAT IFR: penetration as per protocol. OAT: penetration with authorization from MARIUS Radar or MARENGO Radar. Except for LF-R 108 HN and LF-R 108 RT when active. Actual activity known on: - MARSEILLE CONTROLE/UAC, - BORDEAUX CONTROLE/UAC, - MARIUS Radar, - MARENGO Radar. Not AMC-manageable.","activationCode":"HO","activationDesc":"Possible activation H24. Activation schedules stated in France AUP.","UId":"32513029","id":"LFR108RM","stroke":"#800080","stroke-width":2,"stroke-opacity":0.8,"fill":"#ffb9dc","fill-opacity":0.1},"geometry":{"type":"Polygon","coordinates":[[[2.728889,44.297222],[3.235556,44.5375],[3.28,44.558333],[3.323333,44.575556],[4.026667,43.657222],[4.896389,43.505833],[4.957222,43.396111],[4.617222,43.032778],[4.453611,42.914167],[3.718889,42.293611],[3.2,42.45],[3.1747069621215407,42.43132867835768],[3.166667,42.433333],[3.158889,42.442222],[3.155,42.443333],[3.154722,42.443333],[3.144722,42.443611],[3.143611,42.443611],[3.129722,42.443889],[3.119167,42.445],[3.114167,42.444722],[3.108333,42.444722],[3.103056,42.441944],[3.098333,42.438611],[3.097222,42.436944],[3.092778,42.435278],[3.088333,42.436111],[3.083333,42.436667],[3.077778,42.438056],[3.068056,42.443889],[3.065,42.445],[3.058056,42.454167],[3.054444,42.455833],[3.0475,42.46],[3.045,42.461667],[3.040278,42.470278],[3.037222,42.476667],[3.034167,42.483333],[3.031944,42.484167],[3.0275,42.484167],[3.020833,42.481111],[3.010833,42.476667],[3.006667,42.476944],[3.003611,42.477222],[3.0,42.479444],[2.965,42.471667],[2.956389,42.474444],[2.942778,42.475],[2.919444,42.464444],[2.9125,42.463056],[2.901944,42.461944],[2.875833,42.465],[2.866389,42.466111],[2.858611,42.465278],[2.854722,42.463611],[2.849722,42.460833],[2.813333,42.435],[2.804167,42.420556],[2.797222,42.417222],[2.776667,42.416944],[2.744167,42.423056],[2.734722,42.422778],[2.715278,42.416667],[2.703333,42.416944],[2.693666488749747,42.4121110162574],[2.693611,42.412222],[2.755,42.751111],[2.728889,44.297222]]]}},{"type":"Feature","properties":{"name":"108 RT","nameV":"R 108 RT","class":"R","type":"R","lower":"FL195","lowerM":5943,"upper":"FL999","upperM":30449,"desc":"Administrator: CCER Istres GAT IFR: penetration as per protocol. OAT: penetration with authorization from MARIUS Radar or MARENGO Radar. Actual activity known on: - MARSEILLE CONTROLE/UAC, - BORDEAUX CONTROLE/UAC, - MARIUS Radar, - MARENGO Radar. Not AMC-manageable.","activationCode":"HO","activationDesc":"Possible activation H24. Activation schedules stated in France AUP.","UId":"32513005","id":"LFR108RT","stroke":"#800080","stroke-width":2,"stroke-opacity":0.8,"fill":"#ffb9dc","fill-opacity":0.1},"geometry":{"type":"Polygon","coordinates":[[[2.728889,44.297222],[3.235556,44.5375],[4.062778,44.721111],[4.314167,44.775278],[4.428611,44.634444],[4.635278,43.969722],[4.957222,43.396111],[4.617222,43.032778],[3.915278,43.505],[2.739167,43.714444],[2.728889,44.297222]]]}},{"type":"Feature","properties":{"name":"1 B","nameV":"R 1 B","class":"R","type":"R","lower":"SFC","lowerM":0,"upper":"300FT AMSL","upperM":91,"desc":"Administrator: Bureau OPS BFMC (Base des Fusiliers Marins et des Commandos) +33 (0)2 97 12 67 20. GAT/OAT: avoidance mandatory. Simultaneous activity with LF R 1 A LANESTER and LF R 1 C SAINT MICHEL. Activity known on LORIENT TWR.","activationCode":"HO","activationDesc":"Possible activation: MON-FRI except HOL: H24.","UId":"32513220","id":"LFR1B","stroke":"#800080","stroke-width":2,"stroke-opacity":0.8,"fill":"#ffb9dc","fill-opacity":0.6},"geometry":{"type":"Polygon","coordinates":[[[-3.346667,47.738889],[-3.354167,47.7275],[-3.358056,47.728611],[-3.3475,47.742222],[-3.346667,47.738889]]]}},{"type":"Feature","properties":{"name":"270","nameV":"R 270","class":"R","type":"R","lower":"FL115","lowerM":3505,"upper":"FL195","upperM":5943,"desc":"CDC CINQ MARS LA PILE CCMAR Atlantique (ARMOR) IFR/VFR: avoidance mandatory during activity. Except for LF-R 506 B when active. Outside LF-R 146 B activation.","activationCode":"HO","activationDesc":"Possible activation H24","UId":"21326046","id":"LFR270","stroke":"#800080","stroke-width":2,"stroke-opacity":0.8,"fill":"#ffb9dc","fill-opacity":0.1},"geometry":{"type":"Polygon","coordinates":[[[-1.876389,48.803611],[-1.875278,48.065556],[-2.045278,47.732778],[-3.090556,47.821111],[-3.488611,48.063889],[-3.477778,48.293333],[-2.890556,48.633889],[-1.876389,48.803611]]]}},{"type":"Feature","properties":{"name":"3 A","nameV":"R 3 A","class":"R","type":"R","lower":"SFC","lowerM":0,"upper":"1800FT AMSL","upperM":548,"desc":"GAT: Avoidance mandatory throughout activity. OAT: entry upon administrator authorization. Administrator: 25ème régiment du génie de l'air. TEL: 03 51 73 12 69 - 03 51 73 12 94. Activity known on SAINT-DIZIER APP during ATS SKED.","activationCode":"HX","activationDesc":"From 01st JAN to 30th JUN: possible activation H24. From 01st JUL to 31st DEC, possible activation: MON-THU: H24 FRI: 0000-1900 SUM: -1HR. Outside LF-R 3 B Vouziers-Séchault activity.","timeScheduling":{"1":["UTCW(01/07->31/12)","THU(00:00->23:59)"],"2":["UTCW(01/07->31/12)","FRI(00:00->19:00)"],"3":["UTCW(01/07->31/12)","MON(00:00->23:59)"],"4":["UTCW(01/07->31/12)","WED(00:00->23:59)"],"5":["UTCW(01/01->30/06)","ANY(00:00->23:59)"],"6":["UTCW(01/07->31/12)","TUE(00:00->23:59)"]},"UId":"1563583","id":"LFR3A","stroke":"#800080","stroke-width":2,"stroke-opacity":0.8,"fill":"#ffb9dc","fill-opacity":0.6},"geometry":{"type":"Polygon","coordinates":[[[4.781084,49.274997],[4.780755,49.277669],[4.779773,49.280272],[4.778164,49.282738],[4.775969,49.285004],[4.773244,49.287011],[4.770062,49.288706],[4.766503,49.290047],[4.762661,49.290998],[4.758634,49.291534],[4.754528,49.291642],[4.750448,49.291319],[4.746501,49.290573],[4.742788,49.289423],[4.739406,49.2879],[4.736443,49.286043],[4.733976,49.2839],[4.732067,49.281526],[4.730767,49.278983],[4.73011,49.276337],[4.730111,49.273657],[4.730771,49.271011],[4.732074,49.268469],[4.733984,49.266096],[4.736452,49.263954],[4.739415,49.262097],[4.742796,49.260575],[4.746506,49.259427],[4.750451,49.258681],[4.754528,49.258358],[4.758632,49.258466],[4.762656,49.259002],[4.766496,49.259952],[4.770054,49.261292],[4.773236,49.262987],[4.77596,49.264993],[4.778157,49.267258],[4.779768,49.269723],[4.780752,49.272326],[4.781084,49.274997]]]}},{"type":"Feature","properties":{"name":"63","nameV":"R 63","class":"R","type":"R","lower":"SFC","lowerM":0,"upper":"FL065","upperM":1981,"desc":"OAT/GAT: avoidance mandatory during activity. Administrator: Centre d'Appui et de la Préparation au Combat Interarmées - 51e RI (CAPCIA-51RI). TEL: 03 26 67 81 02/82 31. Actual activity known on Permanence Tir: 03 26 67 81 00.","activationCode":"HX","activationDesc":"Possible activation H24.","timeScheduling":{"1":["UTC(01/01->31/12)","ANY(00:00->23:59)"]},"UId":"7163058","id":"LFR63","stroke":"#800080","stroke-width":2,"stroke-opacity":0.8,"fill":"#ffb9dc","fill-opacity":0.6},"geometry":{"type":"Polygon","coordinates":[[[4.300833,49.235],[4.335278,49.225833],[4.345833,49.215556],[4.339444,49.211944],[4.341389,49.206111],[4.276389,49.210278],[4.261389,49.225],[4.266389,49.231667],[4.287222,49.231667],[4.300833,49.235]]]}},{"type":"Feature","properties":{"name":"280","nameV":"R 280 Upper(1750FT AMSL-1000FT AGL)","class":"R","type":"R","lower":"SFC","lowerM":0,"upper":"1750FT AMSL","upperMax":"1000FT AGL","upperM":533,"desc":"Except for LF-R 149 D when active. Administrator: Parc du Puy du Fou P1: +33 (0)6 32 63 47 95 P2: +33 (0)2 51 64 23 28 Power-driven ACFT: avoidance mandatory except for: - ACFT operating rescue or public safety flights, when avoidance is not possible - ACFT authorized by administrator","activationCode":"HX","activationDesc":"Active du 1er MAR au 23 DEC: 0800-2359 ETE: - 1 HR Acitive from MAR the 1st to DEC the 23rd: 0800-2359 SUM: - 1 HR","UId":"23812778","id":"LFR280","stroke":"#800080","stroke-width":2,"stroke-opacity":0.8,"fill":"#ffb9dc","fill-opacity":0.6},"geometry":{"type":"Polygon","coordinates":[[[-0.911891,46.891942],[-0.912143,46.89408],[-0.912893,46.896162],[-0.914123,46.898135],[-0.915799,46.899947],[-0.91788,46.901553],[-0.920311,46.902909],[-0.923029,46.903982],[-0.925963,46.904742],[-0.929038,46.905171],[-0.932174,46.905258],[-0.93529,46.904999],[-0.938305,46.904402],[-0.94114,46.903483],[-0.943723,46.902264],[-0.945986,46.900779],[-0.947871,46.899064],[-0.949328,46.897165],[-0.950321,46.895131],[-0.950824,46.893015],[-0.950823,46.89087],[-0.950319,46.888754],[-0.949325,46.88672],[-0.947866,46.884821],[-0.945981,46.883107],[-0.943718,46.881622],[-0.941136,46.880404],[-0.938301,46.879485],[-0.935288,46.878889],[-0.932174,46.87863],[-0.929039,46.878717],[-0.925966,46.879146],[-0.923032,46.879906],[-0.920315,46.880978],[-0.917885,46.882334],[-0.915804,46.883938],[-0.914127,46.885751],[-0.912896,46.887723],[-0.912144,46.889805],[-0.911891,46.891942]]]}},{"type":"Feature","properties":{"name":"15","nameV":"R 15","class":"R","type":"R","lower":"SFC","lowerM":0,"upper":"400FT AGL","ordinalUpperM":121,"upperM":121,"groundEstimatedHeight":[0,0,0,0],"desc":"(FRENCH GUIANA) Manager: Base Aérienne 367 - E.T. 68 « Antilles Guyane » CONTACT:  - manager ahead of flight: 06 94 38 80 99 - Cayenne approach during flight GAT/OAT: avoidance mandatory during activity, except for ACFT performing assistance, rescue or public safety missions when bypass is not compatible with performance of these missions.  Actual activity known on:  - CAYENNE TWR - CAYENNE APPROACH","activationCode":"HX","activationDesc":"Activable de 10h00 à 02h00 UTC (J+1)","UId":"50303388","id":"SOR15","stroke":"#800080","stroke-width":2,"stroke-opacity":0.8,"fill":"#ffb9dc","fill-opacity":0.6},"geometry":{"type":"Polygon","coordinates":[[[-52.429722,4.761944],[-52.405833,4.773056],[-52.357778,4.66],[-52.373889,4.652778],[-52.429722,4.761944]]]}},{"type":"Feature","properties":{"name":"16","nameV":"R 16","class":"R","type":"R","lower":"SFC","lowerM":0,"upper":"1800FT AMSL","upperM":548,"desc":"(FRENCH GUIANA) Administrator: 9e RIMA Activity known on 05 94 27 95 14 GAT/OAT: avoidance mandatory during activity, except for ACFT performing assistance, rescue, or public safety missions when bypass is not compatible with performance of these missions after contact with administrator.","activationCode":"H24","activationDesc":"Activable H24","UId":"50303398","id":"SOR16","stroke":"#800080","stroke-width":2,"stroke-opacity":0.8,"fill":"#ffb9dc","fill-opacity":0.6},"geometry":{"type":"Polygon","coordinates":[[[-54.213555,5.230556],[-54.213815,5.233762],[-54.214588,5.236885],[-54.215854,5.239844],[-54.21758,5.242563],[-54.219722,5.24497],[-54.222224,5.247004],[-54.225021,5.248613],[-54.228041,5.249753],[-54.231206,5.250397],[-54.234433,5.250526],[-54.23764,5.250139],[-54.240742,5.249244],[-54.24366,5.247865],[-54.246319,5.246038],[-54.248648,5.243809],[-54.250588,5.241238],[-54.252089,5.23839],[-54.253112,5.235339],[-54.25363,5.232164],[-54.25363,5.228947],[-54.253112,5.225773],[-54.252089,5.222722],[-54.250588,5.219874],[-54.248647,5.217302],[-54.246318,5.215074],[-54.24366,5.213247],[-54.240742,5.211868],[-54.237639,5.210973],[-54.234433,5.210586],[-54.231206,5.210715],[-54.228041,5.211359],[-54.225021,5.212499],[-54.222224,5.214107],[-54.219722,5.216142],[-54.21758,5.218549],[-54.215854,5.221268],[-54.214588,5.224227],[-54.213815,5.22735],[-54.213555,5.230556]]]}},{"type":"Feature","properties":{"name":"4","nameV":"R 4 (SeeNotam)","class":"R","type":"R","lower":"FL245","lowerM":7467,"upper":"FL999","upperM":30449,"desc":"(FRENCH GUIANA) Managing authority: CENTRE SPATIAL GUYANAIS. Penetrating conditions decided by CALYPSO RADAR. Activity known on: CAYENNE ACC","activationCode":"HX","activationDesc":"By NOTAM","UId":"1561159","id":"SOR4","stroke":"#800080","stroke-width":2,"stroke-opacity":0.8,"fill":"#ffb9dc","fill-opacity":0.1},"geometry":{"type":"Polygon","coordinates":[[[-52.527778,5.108333],[-52.603889,4.991667],[-53.016667,5.225],[-53.016695,5.225514],[-53.018742,5.230386],[-53.020658,5.235311],[-53.02244,5.240285],[-53.024089,5.245305],[-53.025602,5.250367],[-53.026979,5.255467],[-53.028219,5.260602],[-53.02932,5.265769],[-53.030282,5.270963],[-53.031105,5.27618],[-53.031787,5.281418],[-53.032328,5.286672],[-53.032728,5.291938],[-53.032986,5.297214],[-53.033103,5.302494],[-53.033078,5.307775],[-53.032911,5.313054],[-53.032602,5.318327],[-53.032152,5.323589],[-53.031561,5.328838],[-53.030829,5.334069],[-53.029957,5.339278],[-53.028945,5.344463],[-53.027795,5.349619],[-53.026506,5.354742],[-53.02508,5.359829],[-53.023518,5.364877],[-53.021821,5.369881],[-53.019991,5.374838],[-53.018028,5.379744],[-53.015933,5.384597],[-53.013709,5.389392],[-53.011358,5.394126],[-53.008879,5.398796],[-53.006277,5.403398],[-53.003551,5.407929],[-53.000705,5.412386],[-52.99774,5.416766],[-52.994659,5.421065],[-52.991463,5.425281],[-52.988155,5.42941],[-52.984737,5.43345],[-52.981212,5.437397],[-52.977583,5.441249],[-52.973851,5.445003],[-52.970019,5.448656],[-52.966091,5.452206],[-52.962068,5.45565],[-52.957955,5.458986],[-52.953753,5.462211],[-52.949467,5.465323],[-52.945098,5.46832],[-52.94065,5.471199],[-52.936127,5.473959],[-52.931531,5.476598],[-52.926865,5.479113],[-52.922134,5.481504],[-52.91734,5.483767],[-52.912487,5.485902],[-52.907579,5.487907],[-52.902618,5.489781],[-52.897609,5.491522],[-52.892554,5.493129],[-52.887459,5.494601],[-52.882325,5.495937],[-52.877158,5.497135],[-52.87196,5.498196],[-52.866736,5.499118],[-52.866667,5.5],[-52.866667,5.5],[-52.588889,5.276389],[-52.527778,5.108333]]]}},{"type":"Feature","properties":{"name":"1","nameV":"R 1 (SeeNotam)","class":"R","type":"R","lower":"SFC","lowerM":0,"upper":"FL660","upperM":20116,"desc":"(FRENCH GUIANA) Managing authority: CCM CALYPSO RADAR 122.1 Mhz. VFR: avoidance mandatory during activity. IFR: avoidance mandatory during activity via TEKAD or REKIM. Follow ACC instructions. Activity known on: CAYENNE ACC 126.9 MHz / 8855 KHz.","activationCode":"HX","activationDesc":"Activation by NOTAM","UId":"1561161","id":"SOR1","stroke":"#800080","stroke-width":2,"stroke-opacity":0.8,"fill":"#ffb9dc","fill-opacity":0.6},"geometry":{"type":"Polygon","coordinates":[[[-52.483333,5.083333],[-52.482668,5.084057],[-52.486015,5.078424],[-52.489472,5.072859],[-52.493039,5.067362],[-52.496713,5.061937],[-52.500495,5.056585],[-52.504382,5.051308],[-52.508373,5.046109],[-52.512466,5.040989],[-52.516659,5.035951],[-52.520951,5.030996],[-52.525341,5.026126],[-52.529826,5.021344],[-52.534406,5.016651],[-52.539077,5.012048],[-52.543838,5.007539],[-52.548688,5.003124],[-52.553624,4.998805],[-52.558645,4.994584],[-52.563748,4.990462],[-52.568932,4.986442],[-52.574195,4.982524],[-52.579534,4.978711],[-52.584948,4.975003],[-52.590434,4.971402],[-52.59599,4.96791],[-52.601614,4.964528],[-52.607304,4.961257],[-52.613058,4.958098],[-52.618873,4.955054],[-52.624748,4.952124],[-52.630679,4.94931],[-52.636665,4.946614],[-52.642703,4.944035],[-52.64879,4.941576],[-52.654926,4.939237],[-52.661106,4.937019],[-52.667329,4.934923],[-52.673593,4.932949],[-52.679894,4.931099],[-52.686231,4.929374],[-52.6926,4.927773],[-52.699,4.926298],[-52.705428,4.924949],[-52.711882,4.923727],[-52.718358,4.922631],[-52.724855,4.921663],[-52.73137,4.920823],[-52.7379,4.920112],[-52.744443,4.919529],[-52.750996,4.919074],[-52.757557,4.918749],[-52.764123,4.918552],[-52.770691,4.918485],[-52.77726,4.918547],[-52.783826,4.918738],[-52.790387,4.919058],[-52.796941,4.919506],[-52.803484,4.920084],[-52.810015,4.92079],[-52.81653,4.921624],[-52.823028,4.922587],[-52.829505,4.923677],[-52.83596,4.924894],[-52.842389,4.926237],[-52.84879,4.927707],[-52.855161,4.929302],[-52.861499,4.931022],[-52.867802,4.932867],[-52.874067,4.934835],[-52.880292,4.936926],[-52.886474,4.939139],[-52.892612,4.941472],[-52.898702,4.943927],[-52.904742,4.9465],[-52.91073,4.949191],[-52.916664,4.952],[-52.916667,4.95],[-52.916667,4.95],[-53.058333,5.033333],[-53.166667,5.2],[-53.164969,5.201221],[-53.16757,5.209886],[-53.169942,5.218615],[-53.172083,5.227403],[-53.173992,5.236244],[-53.175668,5.245132],[-53.177108,5.25406],[-53.178313,5.263023],[-53.179282,5.272015],[-53.180013,5.281029],[-53.180506,5.290058],[-53.180762,5.299098],[-53.180779,5.308141],[-53.180557,5.317181],[-53.180098,5.326213],[-53.1794,5.335229],[-53.178465,5.344224],[-53.177294,5.353192],[-53.175886,5.362126],[-53.174244,5.371019],[-53.172367,5.379867],[-53.170258,5.388663],[-53.167918,5.397401],[-53.165348,5.406075],[-53.162551,5.414678],[-53.159527,5.423206],[-53.15628,5.431651],[-53.152811,5.440009],[-53.149123,5.448273],[-53.145218,5.456438],[-53.141099,5.464499],[-53.13677,5.472448],[-53.132231,5.480282],[-53.127488,5.487995],[-53.122543,5.495581],[-53.1174,5.503035],[-53.112062,5.510353],[-53.106532,5.517528],[-53.100816,5.524556],[-53.094915,5.531433],[-53.088836,5.538153],[-53.082581,5.544712],[-53.076155,5.551105],[-53.069563,5.557328],[-53.062809,5.563377],[-53.055897,5.569247],[-53.048833,5.574935],[-53.041622,5.580436],[-53.034267,5.585746],[-53.026776,5.590863],[-53.019151,5.595782],[-53.0114,5.600501],[-53.003526,5.605015],[-52.995536,5.609322],[-52.987436,5.613418],[-52.97923,5.617302],[-52.970924,5.62097],[-52.962524,5.624419],[-52.954036,5.627648],[-52.945466,5.630654],[-52.936819,5.633435],[-52.928102,5.635989],[-52.919321,5.638315],[-52.910481,5.64041],[-52.901589,5.642274],[-52.892651,5.643904],[-52.883673,5.645301],[-52.874661,5.646462],[-52.865622,5.647388],[-52.856561,5.648077],[-52.847485,5.648529],[-52.8384,5.648744],[-52.829313,5.648721],[-52.82023,5.648461],[-52.811156,5.647964],[-52.802099,5.64723],[-52.793064,5.646259],[-52.784058,5.645053],[-52.775087,5.643612],[-52.766158,5.641937],[-52.766667,5.641667],[-52.766667,5.641667],[-52.441667,5.416667],[-52.445553,5.412662],[-52.443702,5.410362],[-52.441884,5.408034],[-52.440102,5.40568],[-52.438355,5.4033],[-52.436644,5.400895],[-52.43497,5.398464],[-52.433331,5.396009],[-52.43173,5.393529],[-52.430165,5.391027],[-52.428638,5.388501],[-52.427149,5.385953],[-52.425699,5.383384],[-52.424287,5.380793],[-52.422913,5.378181],[-52.421579,5.37555],[-52.420285,5.372899],[-52.41903,5.370229],[-52.417815,5.367541],[-52.41664,5.364835],[-52.415506,5.362112],[-52.414413,5.359373],[-52.41336,5.356618],[-52.412349,5.353847],[-52.41138,5.351062],[-52.410452,5.348263],[-52.409566,5.34545],[-52.408722,5.342625],[-52.407921,5.339787],[-52.407162,5.336938],[-52.406446,5.334078],[-52.405772,5.331207],[-52.405141,5.328327],[-52.404554,5.325438],[-52.404009,5.322541],[-52.403508,5.319636],[-52.403051,5.316723],[-52.402636,5.313805],[-52.402266,5.31088],[-52.401939,5.30795],[-52.401656,5.305016],[-52.401417,5.302078],[-52.401222,5.299137],[-52.401071,5.296193],[-52.400963,5.293247],[-52.4009,5.2903],[-52.400881,5.287353],[-52.400905,5.284405],[-52.400974,5.281458],[-52.401087,5.278512],[-52.401243,5.275569],[-52.401444,5.272628],[-52.401688,5.26969],[-52.401977,5.266757],[-52.402309,5.263828],[-52.402684,5.260904],[-52.403104,5.257986],[-52.403567,5.255074],[-52.404073,5.25217],[-52.404622,5.249274],[-52.405215,5.246386],[-52.405851,5.243507],[-52.40653,5.240637],[-52.407251,5.237779],[-52.408015,5.234931],[-52.408821,5.232095],[-52.40967,5.229271],[-52.410561,5.22646],[-52.411493,5.223662],[-52.416667,5.225],[-52.416667,5.225],[-52.483333,5.083333]]]}},{"type":"Feature","properties":{"name":"3","nameV":"R 3","class":"R","type":"R","lower":"SFC","lowerM":0,"upper":"3000FT AMSL","upperM":914,"desc":"(FRENCH GUIANA) Administrator: 3e Régiment Etranger d'Infanterie TEL: 05 94 33 87 33 / 39 55 00 GAT: mandatory avoidance during activity. OAT: entry upon authorisation from administrator. Actual activity known on : -CALYPSO RADAR -CAYENNE ACC","activationCode":"H24","activationDesc":"Activable H24.","UId":"33607772","id":"SOR3","stroke":"#800080","stroke-width":2,"stroke-opacity":0.8,"fill":"#ffb9dc","fill-opacity":0.6},"geometry":{"type":"Polygon","coordinates":[[[-52.110411,4.239829],[-52.110917,4.24899],[-52.112431,4.25804],[-52.114933,4.266869],[-52.118395,4.27537],[-52.122773,4.28344],[-52.128015,4.29098],[-52.134057,4.2979],[-52.140826,4.304114],[-52.14824,4.309549],[-52.156208,4.314136],[-52.164634,4.317822],[-52.173415,4.320562],[-52.182446,4.322321],[-52.191616,4.323079],[-52.200814,4.322826],[-52.209928,4.321565],[-52.218847,4.319313],[-52.227464,4.316095],[-52.235674,4.311952],[-52.243376,4.306933],[-52.250478,4.3011],[-52.256894,4.294523],[-52.262544,4.287282],[-52.267362,4.279465],[-52.271288,4.271167],[-52.274274,4.262489],[-52.276285,4.253536],[-52.277296,4.244416],[-52.277295,4.235241],[-52.276282,4.226122],[-52.27427,4.217169],[-52.271281,4.208491],[-52.267354,4.200194],[-52.262536,4.192378],[-52.256885,4.185138],[-52.250469,4.178562],[-52.243368,4.17273],[-52.235666,4.167712],[-52.227458,4.163569],[-52.218842,4.160352],[-52.209924,4.1581],[-52.200812,4.15684],[-52.191616,4.156587],[-52.182448,4.157345],[-52.17342,4.159104],[-52.16464,4.161842],[-52.156215,4.165528],[-52.148248,4.170115],[-52.140835,4.175548],[-52.134066,4.181762],[-52.128024,4.18868],[-52.122781,4.19622],[-52.118401,4.204289],[-52.114939,4.212789],[-52.112434,4.221618],[-52.110919,4.230667],[-52.110411,4.239829]]]}},{"type":"Feature","properties":{"name":"5","nameV":"R 5 (SeeNotam)","class":"R","type":"R","lower":"SFC","lowerM":0,"upper":"FL130","upperM":3962,"desc":"(FRENCH GUIANA) Penetration prohibited during activity. Activity known on: CAYENNE ACC.","activationCode":"HX","activationDesc":"By NOTAM","UId":"1561165","id":"SOR5","stroke":"#800080","stroke-width":2,"stroke-opacity":0.8,"fill":"#ffb9dc","fill-opacity":0.6},"geometry":{"type":"Polygon","coordinates":[[[-52.69,4.863056],[-52.689723,4.864165],[-52.699735,4.86165],[-52.70982,4.859446],[-52.719969,4.857555],[-52.730171,4.855978],[-52.740418,4.854717],[-52.750699,4.853773],[-52.761005,4.853147],[-52.771325,4.852839],[-52.781649,4.852851],[-52.791969,4.853182],[-52.802273,4.853831],[-52.812552,4.854798],[-52.822796,4.856082],[-52.832995,4.857682],[-52.843139,4.859596],[-52.853219,4.861823],[-52.863225,4.86436],[-52.873147,4.867205],[-52.882976,4.870355],[-52.892702,4.873807],[-52.902317,4.877558],[-52.91181,4.881604],[-52.921172,4.885942],[-52.930395,4.890566],[-52.93947,4.895473],[-52.948388,4.900658],[-52.95714,4.906117],[-52.965719,4.911842],[-52.974115,4.917831],[-52.982321,4.924075],[-52.990328,4.93057],[-52.99813,4.937309],[-53.005718,4.944287],[-53.013086,4.951495],[-53.020226,4.958927],[-53.027131,4.966576],[-53.033795,4.974435],[-53.040211,4.982496],[-53.046373,4.990751],[-53.052276,4.999193],[-53.057913,5.007813],[-53.063279,5.016602],[-53.068369,5.025554],[-53.073177,5.034658],[-53.077701,5.043906],[-53.081934,5.05329],[-53.085873,5.0628],[-53.089514,5.072427],[-53.092854,5.082162],[-53.095889,5.091996],[-53.098616,5.101918],[-53.101034,5.11192],[-53.103138,5.121992],[-53.104928,5.132124],[-53.106402,5.142306],[-53.107558,5.152529],[-53.108395,5.162783],[-53.108913,5.173058],[-53.10911,5.183343],[-53.108987,5.19363],[-53.108543,5.203908],[-53.10778,5.214168],[-53.106697,5.224399],[-53.105296,5.234591],[-53.103579,5.244736],[-53.101546,5.254822],[-53.0992,5.264841],[-53.096542,5.274783],[-53.093577,5.284637],[-53.090306,5.294396],[-53.086732,5.304048],[-53.082859,5.313586],[-53.078691,5.322999],[-53.074231,5.332279],[-53.069485,5.341417],[-53.064455,5.350404],[-53.064722,5.351667],[-53.064722,5.351667],[-52.922222,5.268889],[-52.922222,5.166667],[-52.745278,5.069444],[-52.69,4.863056]]]}},{"type":"Feature","properties":{"name":"6","nameV":"R 6 (SeeNotam)","class":"R","type":"R","lower":"3500FT AMSL","lowerM":1066,"upper":"FL100","upperM":3048,"desc":"(FRENCH GUIANA) Activity known on: CAYENNE ACC.","activationCode":"HX","activationDesc":"Activation by NOTAM","UId":"1563491","id":"SOR6","stroke":"#800080","stroke-width":2,"stroke-opacity":0.8,"fill":"#ffb9dc","fill-opacity":0.3},"geometry":{"type":"Polygon","coordinates":[[[-52.144722,4.988889],[-52.013056,5.091944],[-52.012641,5.090418],[-52.010759,5.088001],[-52.008895,5.08557],[-52.007047,5.083128],[-52.005216,5.080672],[-52.003402,5.078205],[-52.001604,5.075725],[-51.999824,5.073233],[-51.99806,5.070729],[-51.996314,5.068213],[-51.994585,5.065685],[-51.992874,5.063146],[-51.991179,5.060595],[-51.989503,5.058033],[-51.987843,5.055459],[-51.986202,5.052874],[-51.984578,5.050279],[-51.982972,5.047672],[-51.981383,5.045054],[-51.979813,5.042426],[-51.978261,5.039787],[-51.976726,5.037138],[-51.97521,5.034478],[-51.973712,5.031808],[-51.972232,5.029128],[-51.970771,5.026438],[-51.969328,5.023738],[-51.967904,5.021029],[-51.966498,5.01831],[-51.96511,5.015581],[-51.963742,5.012843],[-51.962392,5.010096],[-51.961061,5.00734],[-51.959749,5.004575],[-51.958455,5.001801],[-51.957181,4.999018],[-51.955926,4.996227],[-51.954689,4.993427],[-51.953472,4.990619],[-51.952275,4.987803],[-51.951096,4.984978],[-51.949937,4.982146],[-51.948797,4.979306],[-51.947676,4.976458],[-51.946575,4.973603],[-51.945494,4.970741],[-51.944432,4.967871],[-51.94339,4.964994],[-51.942367,4.96211],[-51.941364,4.959219],[-51.940381,4.956322],[-51.939418,4.953417],[-51.938475,4.950507],[-51.937551,4.94759],[-51.936648,4.944667],[-51.935764,4.941738],[-51.9349,4.938802],[-51.934057,4.935862],[-51.933234,4.932915],[-51.93243,4.929963],[-51.931647,4.927006],[-51.930884,4.924043],[-51.930142,4.921075],[-51.929419,4.918102],[-51.928717,4.915125],[-51.928036,4.912143],[-51.927375,4.909156],[-51.926734,4.906165],[-51.926113,4.903169],[-51.925513,4.900169],[-51.924934,4.897166],[-51.924375,4.894158],[-51.923836,4.891147],[-51.923319,4.888132],[-51.922821,4.885114],[-51.922345,4.882093],[-51.921889,4.879068],[-51.921454,4.87604],[-51.921944,4.876389],[-51.921944,4.876389],[-52.087222,4.853333],[-52.086973,4.853104],[-52.08719,4.854616],[-52.087416,4.856127],[-52.08765,4.857637],[-52.087892,4.859146],[-52.088142,4.860653],[-52.0884,4.862159],[-52.088666,4.863663],[-52.088941,4.865166],[-52.089224,4.866668],[-52.089515,4.868168],[-52.089814,4.869666],[-52.090121,4.871163],[-52.090436,4.872658],[-52.090759,4.874151],[-52.091091,4.875643],[-52.09143,4.877133],[-52.091778,4.878621],[-52.092133,4.880107],[-52.092497,4.881591],[-52.092868,4.883073],[-52.093248,4.884553],[-52.093636,4.886031],[-52.094031,4.887507],[-52.094435,4.888981],[-52.094847,4.890452],[-52.095266,4.891922],[-52.095694,4.893389],[-52.096129,4.894854],[-52.096573,4.896316],[-52.097024,4.897776],[-52.097483,4.899234],[-52.09795,4.900689],[-52.098425,4.902141],[-52.098908,4.903591],[-52.099399,4.905039],[-52.099897,4.906483],[-52.100404,4.907925],[-52.100918,4.909365],[-52.10144,4.910801],[-52.101969,4.912235],[-52.102507,4.913666],[-52.103052,4.915093],[-52.103605,4.916518],[-52.104166,4.91794],[-52.104734,4.919359],[-52.10531,4.920775],[-52.105894,4.922188],[-52.106485,4.923597],[-52.107084,4.925004],[-52.10769,4.926407],[-52.108305,4.927806],[-52.108926,4.929203],[-52.109556,4.930596],[-52.110192,4.931986],[-52.110837,4.933372],[-52.111488,4.934755],[-52.112148,4.936134],[-52.112815,4.93751],[-52.113489,4.938882],[-52.11417,4.94025],[-52.114859,4.941615],[-52.115556,4.942976],[-52.11626,4.944334],[-52.116971,4.945687],[-52.117689,4.947037],[-52.118415,4.948382],[-52.119148,4.949724],[-52.119888,4.951062],[-52.120636,4.952396],[-52.12139,4.953726],[-52.122152,4.955052],[-52.122921,4.956373],[-52.123698,4.957691],[-52.124481,4.959004],[-52.125272,4.960313],[-52.126069,4.961618],[-52.126874,4.962919],[-52.127685,4.964215],[-52.128504,4.965506],[-52.12933,4.966794],[-52.130162,4.968077],[-52.131002,4.969355],[-52.131848,4.970629],[-52.132702,4.971898],[-52.133562,4.973163],[-52.134429,4.974423],[-52.135303,4.975678],[-52.136183,4.976929],[-52.137071,4.978175],[-52.137965,4.979416],[-52.138866,4.980652],[-52.139773,4.981884],[-52.140688,4.98311],[-52.141608,4.984332],[-52.142536,4.985549],[-52.14347,4.98676],[-52.14441,4.987967],[-52.144722,4.988889]]]}},{"type":"Feature","properties":{"name":"14","nameV":"R 14","class":"R","type":"R","lower":"SFC","lowerM":0,"upper":"400FT AGL","ordinalUpperM":121,"upperM":121,"groundEstimatedHeight":[0,0,0,0],"desc":"(FRENCH GUIANA) Manager: Base Aérienne 367 - E.T. 68 « Antilles Guyane » CONTACT: - manager Ahead of flight: 06 94 38 80 99 - Cayenne Approach during flight GAT/OAT: avoidance mandatory during activity, except for aircraft performing assistance, rescue or public safety missions when bypass is not compatible with performance of these missions.  Actual activity known on:  - CAYENNE TWR - CAYENNE APPROACH","activationCode":"HX","activationDesc":"Activable de 10h00 UTC à 02h00 (J+1)","UId":"50303373","id":"SOR14","stroke":"#800080","stroke-width":2,"stroke-opacity":0.8,"fill":"#ffb9dc","fill-opacity":0.6},"geometry":{"type":"Polygon","coordinates":[[[-52.5225,4.865],[-52.453333,4.836944],[-52.493611,4.815],[-52.527778,4.840556],[-52.5225,4.865]]]}},{"type":"Feature","properties":{"name":"13","nameV":"R 13","class":"R","type":"R","lower":"SFC","lowerM":0,"upper":"500FT AGL","ordinalUpperM":152,"upperM":152,"groundEstimatedHeight":[0,0,0,0],"desc":"(FRENCH GUIANA) Avoidance mandatory for any unmanned ACFT except for unmanned ACFT carrying out a mission for the benefit of the State services (Defence, police services, customs, civil security and emergency services). Derogation subject to the agreement of the administrator with a minimum prior notice of 5 working days. Contact: capitainerie@portdeguyane.fr TEL:05 94 35 44 90 / 06 94 23 59 65","activationCode":"H24","UId":"45619313","id":"SOR13","stroke":"#800080","stroke-width":2,"stroke-opacity":0.8,"fill":"#ffb9dc","fill-opacity":0.6},"geometry":{"type":"Polygon","coordinates":[[[-52.263841,4.856944],[-52.264057,4.859616],[-52.264701,4.862218],[-52.265755,4.864684],[-52.267193,4.866949],[-52.268977,4.868956],[-52.27106,4.870651],[-52.27339,4.871991],[-52.275905,4.872942],[-52.278541,4.873478],[-52.281229,4.873586],[-52.2839,4.873263],[-52.286484,4.872517],[-52.288914,4.871368],[-52.291128,4.869845],[-52.293068,4.867988],[-52.294684,4.865846],[-52.295934,4.863472],[-52.296786,4.86093],[-52.297217,4.858284],[-52.297217,4.855604],[-52.296786,4.852958],[-52.295934,4.850415],[-52.294684,4.848042],[-52.293067,4.845899],[-52.291127,4.844043],[-52.288914,4.84252],[-52.286483,4.841371],[-52.283899,4.840625],[-52.281229,4.840302],[-52.278541,4.84041],[-52.275906,4.840946],[-52.27339,4.841897],[-52.271061,4.843237],[-52.268977,4.844932],[-52.267193,4.846938],[-52.265755,4.849204],[-52.264701,4.85167],[-52.264057,4.854272],[-52.263841,4.856944]]]}},{"type":"Feature","properties":{"name":"45 NS","nameV":"R 45 NS (SeeNotam)","class":"R","type":"R","lower":"800FT AGL","ordinalLowerM":243,"lowerM":243,"upper":"2800FT AGL","ordinalUpperM":853,"upperM":853,"groundEstimatedHeight":[0,0,0,0],"desc":"Administrator: CDPGE Athis-Mons. Maximum upper limit: 4500 ft AMSL. Avoidance mandatory during activation hours. Activation timetable available on: - Internet: https://www.sia.aviation-civile.gouv.fr (section Preflight briefing/AZBA charts), SOFIA Briefing https://sofia-briefing.aviation-civile.gouv.fr (AZBA charts section). Actual activity provided by: - PARIS FIC - BASEL FIS - SAINT-DIZIER, NANCY OCHEY and EPINAL MIRECOURT AD.","activationCode":"NOTAM","activationDesc":"Activation by NOTAM. Except public HOL: - MON: 0830-1100 and 1230-1600 - TUE: 0830-1100 and 1230-2359 - WED: 0000-0059, 0830-1100 and SS+30-2359 - THU: 0000-0059, 0830-1100 and 1230-2359 - FRI: 0000-0059 and 0830-1100. SUM: - 1HR","UId":"1565631","id":"LFR45NS","stroke":"#800080","stroke-width":2,"stroke-opacity":0.8,"fill":"#ffb9dc","fill-opacity":0.3},"geometry":{"type":"Polygon","coordinates":[[[5.605833,48.196389],[5.789444,48.180833],[5.989444,48.085278],[5.878056,48.010278],[5.701389,48.089444],[5.605833,48.196389]]]}},{"type":"Feature","properties":{"name":"45 N5.2","nameV":"R 45 N5.2 (SeeNotam)","class":"R","type":"R","lower":"800FT AGL","ordinalLowerM":243,"lowerM":243,"upper":"2700FT AGL","ordinalUpperM":822,"upperM":822,"groundEstimatedHeight":[0,0,0,0],"desc":"Administrator: CDPGE Athis-Mons. Maximum upper limit: 4500 ft AMSL. Avoidance mandatory during activation hours. Activation timetable available on: - Internet: https://www.sia.aviation-civile.gouv.fr (section Preflight briefing/AZBA charts), SOFIA Briefing https://sofia-briefing.aviation-civile.gouv.fr (AZBA charts section). Actual activity provided by: - PARIS FIC - BASEL FIS - STRASBOURG FIS - LFSI, LFSO and LFSG AD.","activationCode":"NOTAM","activationDesc":"Activation by NOTAM. Except public HOL: - MON: 0830-1100 and 1230-1600 - TUE, THU: 0830-1100 and 1230-2359 - WED: 0000-SR-30, 0830-1100 and SS+30-2359 - FRI: 0000-SR-30 and 0830-1100 SUM: - 1HR","UId":"21206849","id":"LFR45N5.2","stroke":"#800080","stroke-width":2,"stroke-opacity":0.8,"fill":"#ffb9dc","fill-opacity":0.3},"geometry":{"type":"Polygon","coordinates":[[[5.446111,48.772778],[5.789444,48.180833],[5.605833,48.196389],[5.555,48.253056],[5.531111,48.296944],[5.2975,48.693333],[5.284444,48.733333],[5.446111,48.772778]]]}},{"type":"Feature","properties":{"name":"328","nameV":"R 328","class":"R","type":"R","lower":"SFC","lowerM":0,"upper":"2500FT AMSL","upperM":762,"desc":"Administrator: Base école - 6ème régiment d'hélicoptères de combat de Dax. Permanence: 05 58 35 92 58 GAT/OAT: Avoidance mandatory.","activationCode":"H24","UId":"25090539","id":"LFR328","stroke":"#800080","stroke-width":2,"stroke-opacity":0.8,"fill":"#ffb9dc","fill-opacity":0.6},"geometry":{"type":"Polygon","coordinates":[[[-1.082109,43.614166],[-1.082257,43.615502],[-1.0827,43.616804],[-1.083426,43.618037],[-1.084415,43.619169],[-1.085642,43.620173],[-1.087076,43.62102],[-1.088679,43.621691],[-1.09041,43.622166],[-1.092224,43.622434],[-1.094074,43.622488],[-1.095912,43.622326],[-1.09769,43.621953],[-1.099363,43.621379],[-1.100886,43.620617],[-1.102221,43.619689],[-1.103333,43.618617],[-1.104194,43.617431],[-1.104779,43.616159],[-1.105076,43.614837],[-1.105076,43.613496],[-1.104779,43.612174],[-1.104192,43.610902],[-1.103332,43.609716],[-1.10222,43.608644],[-1.100885,43.607716],[-1.099361,43.606955],[-1.097689,43.60638],[-1.095911,43.606008],[-1.094074,43.605846],[-1.092225,43.6059],[-1.090411,43.606168],[-1.088681,43.606643],[-1.087078,43.607313],[-1.085644,43.608161],[-1.084416,43.609164],[-1.083427,43.610296],[-1.082701,43.611529],[-1.082258,43.612831],[-1.082109,43.614166]]]}},{"type":"Feature","properties":{"name":"11 B","nameV":"R 11 B","class":"R","type":"R","lower":"1000FT AGL","ordinalLowerM":304,"lowerM":304,"upper":"4200FT AGL","ordinalUpperM":1280,"upperM":1280,"groundEstimatedHeight":[0,0,0,0],"desc":"GAT/OAT: avoidance mandatory during activity Activity known by administrator. Administrator: 2ème Régiment Etranger de Génie Firing unit: 04 90 74 84 37 On call manager: 04 90 74 83 34","activationCode":"HX","activationDesc":"Possible activation MON-FRI: 0600-2300 (SUM: -1 HR)","timeScheduling":{"1":["UTCW(01/01->31/12)","WD(06:00->23:00)"]},"UId":"4238574","id":"LFR11B","stroke":"#800080","stroke-width":2,"stroke-opacity":0.8,"fill":"#ffb9dc","fill-opacity":0.3},"geometry":{"type":"Polygon","coordinates":[[[5.476389,44.066667],[5.476391,44.066626],[5.477715,44.067191],[5.4791,44.067677],[5.480535,44.06808],[5.482011,44.068397],[5.483518,44.068627],[5.485047,44.068767],[5.486586,44.068817],[5.488126,44.068776],[5.489656,44.068646],[5.491166,44.068425],[5.492646,44.068117],[5.494086,44.067723],[5.495476,44.067246],[5.496808,44.066689],[5.498071,44.066055],[5.499258,44.06535],[5.500361,44.064577],[5.501373,44.063741],[5.502286,44.06285],[5.503094,44.061907],[5.503793,44.060921],[5.504377,44.059896],[5.504843,44.058841],[5.505187,44.057762],[5.505407,44.056666],[5.505502,44.055561],[5.505471,44.054454],[5.505314,44.053353],[5.505033,44.052264],[5.504629,44.051196],[5.504105,44.050155],[5.503464,44.049148],[5.502711,44.048182],[5.50185,44.047264],[5.500889,44.046399],[5.499832,44.045594],[5.498687,44.044853],[5.497462,44.044182],[5.496164,44.043586],[5.496111,44.043611],[5.496111,44.043611],[5.476389,44.066667]]]}},{"type":"Feature","properties":{"name":"26","nameV":"R 26","class":"R","type":"R","lower":"SFC","lowerM":0,"upper":"4500FT AMSL","upperM":1371,"desc":"IFR/VFR/OAT: avoidance mandatory during activity. Administrator: 31è Régiment du génie. On call or firing unit: 0563328720 Actual activity known on Toulouse Info.","activationCode":"HO","activationDesc":"MON-THU except public HOL From 01st OCT to 31st MAR 0700- 1900 (SUM -1HR) From 01st APR to 30th SEP 0700- 2100","UId":"1566309","id":"LFR26","stroke":"#800080","stroke-width":2,"stroke-opacity":0.8,"fill":"#ffb9dc","fill-opacity":0.6},"geometry":{"type":"Polygon","coordinates":[[[1.163193,43.980833],[1.163112,43.981554],[1.162872,43.982257],[1.162477,43.982923],[1.16194,43.983534],[1.161273,43.984076],[1.160494,43.984534],[1.159623,43.984895],[1.158683,43.985152],[1.157697,43.985297],[1.156692,43.985326],[1.155694,43.985239],[1.154728,43.985037],[1.153819,43.984727],[1.152992,43.984316],[1.152266,43.983815],[1.151662,43.983236],[1.151195,43.982595],[1.150876,43.981909],[1.150715,43.981195],[1.150715,43.980471],[1.150877,43.979757],[1.151195,43.97907],[1.151663,43.97843],[1.152267,43.977851],[1.152992,43.97735],[1.15382,43.976939],[1.154728,43.976629],[1.155694,43.976427],[1.156692,43.97634],[1.157697,43.976369],[1.158682,43.976514],[1.159623,43.976771],[1.160494,43.977132],[1.161273,43.97759],[1.161939,43.978132],[1.162477,43.978743],[1.162871,43.979409],[1.163112,43.980112],[1.163193,43.980833]]]}},{"type":"Feature","properties":{"name":"3111 B","nameV":"R 3111 B","class":"R","type":"R","lower":"5000FT AMSL","lowerM":1524,"upper":"FL090","upperM":2743,"desc":"Administrators: CDG APP, ORLY APP and VILLA APP. When active, GAT and OAT: avoidance mandatory except for ACFT: - taking part in the parachute activities according to protocol - in GAT IFR authorized by administrators - carrying out assistance, rescue or public safety missions when their mission does not allow the avoidance, after prior radio contact with one of the administrators. This area substitutes itself to A-class airspace parts it interferes with. Services corresponding to class C airspace and provided by ORLY APP. Activity known on: - CDG APP - ORLY APP - VILLA TWR - VILLA APP ","activationCode":"HJ","activationDesc":"Possible activation SR-SS","UId":"17782609","id":"LFR3111B","stroke":"#800080","stroke-width":2,"stroke-opacity":0.8,"fill":"#ffb9dc","fill-opacity":0.3},"geometry":{"type":"Polygon","coordinates":[[[2.234155,48.759997],[2.233829,48.762669],[2.232857,48.765272],[2.231264,48.767738],[2.229091,48.770004],[2.226395,48.772011],[2.223245,48.773706],[2.219723,48.775047],[2.215921,48.775998],[2.211935,48.776534],[2.207871,48.776642],[2.203834,48.776319],[2.199927,48.775573],[2.196253,48.774423],[2.192906,48.7729],[2.189973,48.771043],[2.187531,48.7689],[2.185642,48.766526],[2.184356,48.763983],[2.183705,48.761337],[2.183706,48.758657],[2.18436,48.756011],[2.185648,48.753469],[2.187539,48.751096],[2.189982,48.748954],[2.192914,48.747098],[2.19626,48.745575],[2.199932,48.744427],[2.203837,48.743681],[2.207872,48.743358],[2.211933,48.743466],[2.215916,48.744002],[2.219717,48.744952],[2.223238,48.746292],[2.226387,48.747987],[2.229083,48.749993],[2.231257,48.752258],[2.232852,48.754723],[2.233826,48.757326],[2.234155,48.759997]]]}},{"type":"Feature","properties":{"name":"3111 A","nameV":"R 3111 A","class":"R","type":"R","lower":"2000FT AMSL","lowerM":609,"upper":"5000FT AMSL","upperM":1524,"desc":"Administrators: ORLY APP and VILLA APP. When active, GAT and OAT: avoidance mandatory except for ACFT: - taking part in the parachute activities according to protocol - in GAT IFR authorized by administrators - carrying out assistance, rescue or public safety missions when their mission does not allow the avoidance, after prior radio contact with one of the administrators. This area substitutes itself to A-class airspace parts it interferes with. Services corresponding to C class airspace and provided by ORLY APP. Activity known on: - ORLY APP - VILLA TWR - VILLA APP - CDG APP","activationCode":"HJ","activationDesc":"Possible activation SR-SS","UId":"17782598","id":"LFR3111A","stroke":"#800080","stroke-width":2,"stroke-opacity":0.8,"fill":"#ffb9dc","fill-opacity":0.3},"geometry":{"type":"Polygon","coordinates":[[[2.234155,48.759997],[2.233829,48.762669],[2.232857,48.765272],[2.231264,48.767738],[2.229091,48.770004],[2.226395,48.772011],[2.223245,48.773706],[2.219723,48.775047],[2.215921,48.775998],[2.211935,48.776534],[2.207871,48.776642],[2.203834,48.776319],[2.199927,48.775573],[2.196253,48.774423],[2.192906,48.7729],[2.189973,48.771043],[2.187531,48.7689],[2.185642,48.766526],[2.184356,48.763983],[2.183705,48.761337],[2.183706,48.758657],[2.18436,48.756011],[2.185648,48.753469],[2.187539,48.751096],[2.189982,48.748954],[2.192914,48.747098],[2.19626,48.745575],[2.199932,48.744427],[2.203837,48.743681],[2.207872,48.743358],[2.211933,48.743466],[2.215916,48.744002],[2.219717,48.744952],[2.223238,48.746292],[2.226387,48.747987],[2.229083,48.749993],[2.231257,48.752258],[2.232852,48.754723],[2.233826,48.757326],[2.234155,48.759997]]]}},{"type":"Feature","properties":{"name":"3200 B","nameV":"R 3200 B","class":"R","type":"R","lower":"3500FT AMSL","lowerM":1066,"upper":"4500FT AMSL","upperM":1371,"desc":"Administrator: LYON APP OAT/GAT: entry after radio contact with LYON APP, mandatory radio listening watch and transponder. Services provided: flight information and alert services. When active, this area substitutes itself to class C airspace part which it interferes with. Activity known on LYON APP and LYON INFO.","activationCode":"HO","activationDesc":"Activable SR-30 à SS+30 \\\\Possible activation SR-30 to SS+30","UId":"20202147","id":"LFR3200B","stroke":"#800080","stroke-width":2,"stroke-opacity":0.8,"fill":"#ffb9dc","fill-opacity":0.3},"geometry":{"type":"Polygon","coordinates":[[[5.419722,45.553056],[5.462022,45.488889],[5.439167,45.488889],[5.38445,45.536467],[5.419722,45.553056]]]}},{"type":"Feature","properties":{"name":"3200 A","nameV":"R 3200 A","class":"R","type":"R","lower":"2500FT AMSL","lowerM":762,"upper":"4500FT AMSL","upperM":1371,"desc":"Administrator: LYON APP OAT/GAT: entry after radio contact with LYON APP, mandatory radio listening watch and transponder. Services provided: flight information and alert services. When active, this area substitutes itself to class C airspace part which it interferes with. Activity known on LYON APP and LYON INFO.","activationCode":"HO","activationDesc":"Activable SR-30 à SS+30 \\\\Possible activation SR-30 to SS+30","UId":"20202015","id":"LFR3200A","stroke":"#800080","stroke-width":2,"stroke-opacity":0.8,"fill":"#ffb9dc","fill-opacity":0.3},"geometry":{"type":"Polygon","coordinates":[[[5.398056,45.623611],[5.419722,45.553056],[5.38445,45.536467],[5.35,45.566667],[5.398056,45.623611]]]}},{"type":"Feature","properties":{"name":"162","nameV":"R 162","class":"R","type":"R","lower":"1000FT AMSL","lowerM":304,"upper":"2000FT AMSL","upperM":609,"desc":"Administrator: CCER Bordeaux Airspace defined except for LF-R 61 MEDOC and LF-R 290 CARCANS when active. GAT/OAT: upon BORDEAUX ESSAIS 122.9 authorisation. Activity known on: BORDEAUX ESSAIS 122.9 AQUITAINE APP/INFO","activationCode":"HX","activationDesc":"Possible activation MON-FRI except HOL:0800- 1700. (SUM -1HR)","UId":"1562999","id":"LFR162","stroke":"#800080","stroke-width":2,"stroke-opacity":0.8,"fill":"#ffb9dc","fill-opacity":0.3},"geometry":{"type":"Polygon","coordinates":[[[-0.761111,45.5],[-1.131944,44.788889],[-1.341667,44.844444],[-1.013889,45.5],[-0.761111,45.5]]]}},{"type":"Feature","properties":{"name":"322","nameV":"R 322","class":"R","type":"R","lower":"FL155","lowerM":4724,"upper":"FL195","upperM":5943,"desc":"CDC RAKI or replacement CDC. GAT VFR:Avoidance mandatory GAT IFR: -FL 160: upon notification. -FL >160: upon authorization. Follow ACC instructions. This area coexists with BASEL and STRASBOURG CTA. Activity known on: REIMS ACC, BASEL APP and STRASBOURG APP.","activationCode":"H24","activationDesc":"Activable H24. Horaires d'activation planifiés spécifiés dans l'AUP France. \\\\Possible activation H24. Activation schedules stated in France AUP. ","UId":"1566255","id":"LFR322","stroke":"#800080","stroke-width":2,"stroke-opacity":0.8,"fill":"#ffb9dc","fill-opacity":0.1},"geometry":{"type":"Polygon","coordinates":[[[6.867222,48.960833],[7.107778,48.550278],[7.778056,48.516389],[7.799554016909683,48.50598514065532],[7.794264,48.501361],[7.772875,48.493078],[7.768189,48.489619],[7.76715,48.4868],[7.766375,48.461733],[7.762964,48.450775],[7.733628,48.398997],[7.730997,48.385633],[7.733147,48.371092],[7.745522,48.333514],[7.744663460255988,48.32862127212183],[7.744722,48.328611],[7.69,48.353611],[7.258611,48.375556],[6.840556,48.021667],[6.801111,48.031944],[6.841111,48.9475],[6.867222,48.960833]]]}},{"type":"Feature","properties":{"name":"323","nameV":"R 323","class":"R","type":"R","lower":"FL145","lowerM":4419,"upper":"FL195","upperM":5943,"desc":"CDC RAKI or replacement CDC. GAT VFR: Avoidance mandatory. GAT IFR: upon authorization, follow ACC instructions. Except for LF-R 127 B Vosges when active. This area coexists with BASEL and STRASBOURG CTA. Activity known on: REIMS ACC, BASEL APP, STRASBOURG APP.","activationCode":"H24","activationDesc":"Activable H24. Horaires d'activation planifiés spécifiés dans l'AUP France. \\\\ Possible activation H24. Activation schedules stated in France AUP. ","UId":"1566249","id":"LFR323","stroke":"#800080","stroke-width":2,"stroke-opacity":0.8,"fill":"#ffb9dc","fill-opacity":0.1},"geometry":{"type":"Polygon","coordinates":[[[7.258611,48.375556],[7.69,48.353611],[7.744663460255988,48.32862127212183],[7.744436,48.327325],[7.740017,48.321728],[7.733817,48.318019],[7.705931,48.310231],[7.699164,48.306525],[7.693558,48.301769],[7.689406,48.293547],[7.688806,48.279128],[7.666283,48.221142],[7.6613,48.216872],[7.645533,48.208539],[7.642728,48.20555],[7.629378,48.183706],[7.602083,48.159417],[7.599811,48.156222],[7.598942,48.152017],[7.600564,48.140947],[7.598856,48.1357],[7.593486,48.130725],[7.580194,48.124492],[7.577147,48.119967],[7.579589,48.105653],[7.577586,48.096558],[7.571944,48.089097],[7.569169,48.080369],[7.573492,48.059517],[7.573903,48.052608],[7.572394,48.045778],[7.568917,48.038169],[7.568931,48.034681],[7.572633,48.029567],[7.609875,47.999111],[7.6185,47.985861],[7.621175,47.978586],[7.621822,47.972328],[7.620067,47.967481],[7.609389,47.954028],[7.588986,47.938008],[7.583478,47.931578],[7.580558,47.922142],[7.582919,47.901947],[7.579072,47.894144],[7.572092,47.889089],[7.562561,47.884856],[7.557078,47.879],[7.555561,47.873847],[7.555853,47.867189],[7.562608,47.854292],[7.563578,47.848758],[7.563128,47.843628],[7.560292,47.836792],[7.555621738426889,47.83078191657449],[7.555556,47.830833],[6.840556,48.021667],[7.258611,48.375556]]]}},{"type":"Feature","properties":{"name":"169 A","nameV":"R 169 A","class":"R","type":"R","lower":"SFC","lowerM":0,"upper":"FL105","upperM":3200,"desc":"Administrator: DEEN2 LARZAC. GAT: avoidance mandatory during activity. OAT: upon firing officer authorization. Activity known on:  - Firing officer: 05 65 58 48 44 / 05 Actual activation known on: MONTPELLIER INFO.","activationCode":"HX","activationDesc":"Possible activation H24 except SAT, SUN and public HOL.","UId":"1562427","id":"LFR169A","stroke":"#800080","stroke-width":2,"stroke-opacity":0.8,"fill":"#ffb9dc","fill-opacity":0.6},"geometry":{"type":"Polygon","coordinates":[[[3.2815,44.1],[3.296653,44.070306],[3.290636,44.016667],[3.163333,44.016667],[3.153889,44.025],[3.135278,44.033889],[3.116667,44.066667],[3.116667,44.1],[3.2815,44.1]]]}},{"type":"Feature","properties":{"name":"169 B","nameV":"R 169 B (SeeNotam)","class":"R","type":"R","lower":"FL105","lowerM":3200,"upper":"FL245","upperM":7467,"desc":"Administrator: DEEN2 LARZAC. GAT: avoidance mandatory during activity. OAT: upon firing officer authorization. Actual activity known on: - SOFIA-Briefing - Firing officer: 05 65 58 48 44 / 05 Actual activation known on: MONTPELLIER INFO. Not AMC-manageable by CNGE.","activationCode":"NOTAM","activationDesc":"Possible activation by NOTAM. Activation schedules stated in France AUP.","UId":"44382180","id":"LFR169B","stroke":"#800080","stroke-width":2,"stroke-opacity":0.8,"fill":"#ffb9dc","fill-opacity":0.3},"geometry":{"type":"Polygon","coordinates":[[[3.281389,44.1],[3.296667,44.070278],[3.290556,44.016667],[3.163333,44.016667],[3.153889,44.025],[3.135278,44.033889],[3.116667,44.066667],[3.116667,44.1],[3.281389,44.1]]]}},{"type":"Feature","properties":{"name":"231 A","nameV":"R 231 A (SeeNotam)","class":"R","type":"R","lower":"SFC","lowerM":0,"upper":"FL115","upperM":3505,"desc":"Administrator: 13th RG GAT/ OAT: avoidance mandatory throughout actual activity. Actual activity known on: BASEL INFO Officier de tir: 03 81 26 74 03 Helpdesk: 03 81 26 74 09 or 75 30","activationCode":"H24","activationDesc":"MON-SAT: possible activation H24. SUN and public HOL: possible activation by NOTAM.","UId":"1565251","id":"LFR231A","stroke":"#800080","stroke-width":2,"stroke-opacity":0.8,"fill":"#ffb9dc","fill-opacity":0.6},"geometry":{"type":"Polygon","coordinates":[[[6.395327,47.179148],[6.394479,47.186362],[6.391939,47.19339],[6.387772,47.200051],[6.382085,47.20617],[6.375026,47.21159],[6.366777,47.21617],[6.357551,47.219791],[6.347589,47.22236],[6.337148,47.223809],[6.326501,47.2241],[6.315922,47.223227],[6.305688,47.221212],[6.296063,47.218107],[6.287297,47.213993],[6.279617,47.208977],[6.273224,47.203188],[6.268281,47.196777],[6.264916,47.189911],[6.263217,47.182767],[6.263226,47.17553],[6.264942,47.168387],[6.268321,47.161524],[6.273274,47.155119],[6.279673,47.149336],[6.287352,47.144326],[6.296111,47.140217],[6.305725,47.137117],[6.315944,47.135105],[6.326505,47.134234],[6.337135,47.134525],[6.347559,47.135971],[6.357508,47.138536],[6.366724,47.142152],[6.37497,47.146726],[6.382031,47.15214],[6.387726,47.158254],[6.391906,47.164909],[6.394462,47.171935],[6.395327,47.179148]]]}},{"type":"Feature","properties":{"name":"231 B","nameV":"R 231 B","class":"R","type":"R","lower":"FL115","lowerM":3505,"upper":"FL165","upperM":5029,"desc":"Administrator: 13th RG GAT/ OAT: avoidance mandatory throughout actual activity Actual activity known on: BASEL APP Officier de tir: 03 81 26 74 03 Helpdesk: 03 81 26 74 09 or 75 30","activationCode":"H24","activationDesc":"Possible activation H24 except SUN and public HOL","UId":"1565265","id":"LFR231B","stroke":"#800080","stroke-width":2,"stroke-opacity":0.8,"fill":"#ffb9dc","fill-opacity":0.1},"geometry":{"type":"Polygon","coordinates":[[[6.395327,47.179148],[6.394479,47.186362],[6.391939,47.19339],[6.387772,47.200051],[6.382085,47.20617],[6.375026,47.21159],[6.366777,47.21617],[6.357551,47.219791],[6.347589,47.22236],[6.337148,47.223809],[6.326501,47.2241],[6.315922,47.223227],[6.305688,47.221212],[6.296063,47.218107],[6.287297,47.213993],[6.279617,47.208977],[6.273224,47.203188],[6.268281,47.196777],[6.264916,47.189911],[6.263217,47.182767],[6.263226,47.17553],[6.264942,47.168387],[6.268321,47.161524],[6.273274,47.155119],[6.279673,47.149336],[6.287352,47.144326],[6.296111,47.140217],[6.305725,47.137117],[6.315944,47.135105],[6.326505,47.134234],[6.337135,47.134525],[6.347559,47.135971],[6.357508,47.138536],[6.366724,47.142152],[6.37497,47.146726],[6.382031,47.15214],[6.387726,47.158254],[6.391906,47.164909],[6.394462,47.171935],[6.395327,47.179148]]]}},{"type":"Feature","properties":{"name":"35 B","nameV":"R 35 B (SeeNotam)","class":"R","type":"R","lower":"1500FT AMSL","lowerM":457,"upper":"2000FT AMSL","upperM":609,"desc":"Entry upon TOUSSUS TWR authorisation. Reserved for ACFT to and from PARIS SACLAY VERSAILLES AD, except for special agreement with TOUSSUS TWR. Mode 3/A transponder mandatory.","activationCode":"NOTAM","activationDesc":"HOR ATS annoncés par NOTAM dans le créneau 0500-2130 (ETE - 1HR) \\\\ATS SKED announced by NOTAM within 0500-2130 slot (SUM - 1 HR)","UId":"20201903","id":"LFR35B","stroke":"#800080","stroke-width":2,"stroke-opacity":0.8,"fill":"#ffb9dc","fill-opacity":0.3},"geometry":{"type":"Polygon","coordinates":[[[1.946667,48.763056],[1.979722,48.760556],[1.988611,48.760833],[1.992222,48.6775],[1.976667,48.6775],[1.9625,48.696667],[1.946667,48.763056]]]}},{"type":"Feature","properties":{"name":"35 A","nameV":"R 35 A (SeeNotam)","class":"R","type":"R","lower":"SFC","lowerM":0,"upper":"1500FT AMSL","upperM":457,"desc":"Entry upon TOUSSUS TWR authorisation. Reserved for ACFT to and from PARIS SACLAY VERSAILLES AD, except for special agreement with TOUSSUS TWR. Mode 3/A transponder mandatory.","activationCode":"NOTAM","activationDesc":"HOR ATS annoncés par NOTAM dans le créneau 0500-2130 (ETE - 1HR) \\\\ATS SKED announced by NOTAM within 0500-2130 slot (SUM - 1 HR)","UId":"20201889","id":"LFR35A","stroke":"#800080","stroke-width":2,"stroke-opacity":0.8,"fill":"#ffb9dc","fill-opacity":0.6},"geometry":{"type":"Polygon","coordinates":[[[1.988611,48.760833],[2.080556,48.761667],[2.117222,48.758333],[2.149167,48.764722],[2.160278,48.7275],[2.110556,48.681389],[1.992222,48.6775],[1.988611,48.760833]]]}},{"type":"Feature","properties":{"name":"4 A","nameV":"R 4 A","class":"R","type":"R","lower":"SFC","lowerM":0,"upper":"800FT AGL","ordinalUpperM":243,"upperM":243,"groundEstimatedHeight":[0,0,0,0],"desc":"IFR/VFR: Avoidance mandatory during activity. Administrator: Directeur de tir AIR SUIPPES TEL: 03 51 73 13 08 or 03 51 73 13 02 Activity known on: PARIS ACC RAI 118.625 MHz PARIS FIC SEINE INFO SAINT DIZIER APP","activationCode":"HX","activationDesc":"Possible activation MON, WED EXC public HOL: 0800-1600 TUE, THU EXC public HOL: 0800-2300 FRI EXC public HOL: 0800-1400 SUM: - 1HR","UId":"1563289","id":"LFR4A","stroke":"#800080","stroke-width":2,"stroke-opacity":0.8,"fill":"#ffb9dc","fill-opacity":0.6},"geometry":{"type":"Polygon","coordinates":[[[4.452222,49.035],[4.668611,49.122222],[4.774444,48.943333],[4.6475,48.91],[4.5875,49.005833],[4.452222,49.035]]]}},{"type":"Feature","properties":{"name":"4 D","nameV":"R 4 D","class":"R","type":"R","lower":"FL075","lowerM":2286,"upper":"FL115","upperM":3505,"desc":"IFR/VFR: Avoidance mandatory during activity. Administrator: Directeur de tir AIR SUIPPES TEL: 03 51 73 13 08 or 03 51 73 13 02 Activity known on: PARIS ACC RAI 118.625 MHz PARIS FIC SEINE INFO STRASBOURG INFO OCHEY APP","activationCode":"HX","activationDesc":"Possible activation, according to protocol: MON, WED EXC public HOL: 0800-1600 TUE, THU EXC public HOL: 0800-2300 FRI EXC public HOL: 0800-1400 SUM: - 1HR","UId":"52921036","id":"LFR4D","stroke":"#800080","stroke-width":2,"stroke-opacity":0.8,"fill":"#ffb9dc","fill-opacity":0.3},"geometry":{"type":"Polygon","coordinates":[[[4.8,48.95],[4.859444,48.905],[5.397778,48.756667],[5.398611,48.665278],[4.655,48.8625],[4.6,48.897222],[4.8,48.95]]]}},{"type":"Feature","properties":{"name":"4 B","nameV":"R 4 B","class":"R","type":"R","lower":"800FT AGL","ordinalLowerM":243,"lowerM":243,"upper":"FL195","upperM":5943,"groundEstimatedHeight":[0,0,0,0],"desc":"Except for LF-R 321 Saint Dizier when active. VFR: Avoidance mandatory during activity. IFR: Avoidance mandatory during activity except for authorized aircraft as per protocol. Administrator: Directeur de tir AIR SUIPPES TEL: 03 51 73 13 08 or 03 51 73 13 02 Activity known on: PARIS ACC RAI 118.625 MHz PARIS FIC SEINE INFO SAINT DIZIER APP","activationCode":"HX","activationDesc":"Possible activation MON, WED EXC public HOL: 0800-1600 TUE, THU EXC public HOL: 0800-2300 FRI EXC public HOL: 0800-1400 SUM: - 1HR","UId":"1563285","id":"LFR4B","stroke":"#800080","stroke-width":2,"stroke-opacity":0.8,"fill":"#ffb9dc","fill-opacity":0.3},"geometry":{"type":"Polygon","coordinates":[[[4.288056,48.9975],[4.288056,49.028889],[4.415556,49.063611],[4.452222,49.035],[4.75,49.155],[4.8,48.95],[4.6,48.897222],[4.288056,48.9975]]]}},{"type":"Feature","properties":{"name":"4 C2","nameV":"R 4 C2","class":"R","type":"R","lower":"FL055","lowerM":1676,"upper":"FL175","upperM":5334,"desc":"VFR: Avoidance mandatory during activity. IFR: Avoidance mandatory during activity except for authorized aircraft as per protocol. Administrator: Directeur de tir AIR SUIPPES TEL: 03 51 73 13 08 or 03 51 73 13 02 Activity known on: PARIS ACC  RAI 118.625 MHz PARIS FIC SEINE INFO SAINT DIZIER APP","activationCode":"HX","activationDesc":"Possible activation: MON, WED EXC public HOL: 0800-1600 TUE, THU EXC public HOL: 0800-2300 FRI EXC public HOL: 0800-1400 SUM: - 1HR","UId":"52921020","id":"LFR4C2","stroke":"#800080","stroke-width":2,"stroke-opacity":0.8,"fill":"#ffb9dc","fill-opacity":0.3},"geometry":{"type":"Polygon","coordinates":[[[4.178611,49.035],[4.176944,49.098611],[4.282222,49.155],[4.416667,49.191667],[4.358333,49.108333],[4.415556,49.063611],[4.288056,49.028889],[4.288056,48.9975],[4.178611,49.035]]]}},{"type":"Feature","properties":{"name":"4 C1","nameV":"R 4 C1","class":"R","type":"R","lower":"800FT AGL","ordinalLowerM":243,"lowerM":243,"upper":"FL055","upperM":1676,"groundEstimatedHeight":[0,0,0,0],"desc":"Except for LF-R 503 MOURMELON STAT when active. VFR: Avoidance mandatory during activity. IFR: Avoidance mandatory during activity except for authorized aircraft as per protocol. Administrator: Directeur de tir AIR SUIPPES TEL: 03 51 73 13 08 or 03 51 73 13 02 Activity known on:  PARIS ACC RAI 118.625 MHz PARIS FIC SEINE INFO SAINT DIZIER APP","activationCode":"HX","activationDesc":"Possible activation: MON, WED EXC public HOL: 0800-1600 TUE, THU EXC public HOL: 0800-2300 FRI EXC public HOL: 0800-1400 SUM: - 1HR","UId":"52921008","id":"LFR4C1","stroke":"#800080","stroke-width":2,"stroke-opacity":0.8,"fill":"#ffb9dc","fill-opacity":0.3},"geometry":{"type":"Polygon","coordinates":[[[4.178611,49.035],[4.176389,49.123056],[4.416667,49.191667],[4.358333,49.108333],[4.415556,49.063611],[4.288056,49.028889],[4.288056,48.9975],[4.178611,49.035]]]}},{"type":"Feature","properties":{"name":"163 A","nameV":"R 163 A (SeeNotam)","class":"R","type":"R","lower":"SFC","lowerM":0,"upper":"4000FT AMSL","upperM":1219,"desc":"Administrator: EA-CCPGE P1: 00 33 6 71 51 95 44 P2: 00 33 6 32 26 52 89 P3: 00 33 3 90 23 41 95  GAT/OAT: Compulsory avoidance except for ACFT involved in the exercises and ACFT conducting public safety, assistance, or rescue missions, when the avoidance is not compatible with these missions; entry possible after permission from the managing authority.  Actual activity information provided by: LORRAINE APP STRASBOURG INFO OCHEY APP PHALSBOURG APP ","activationCode":"HX","activationDesc":"Activation by NOTAM at H-48HR: MON-FRI except HOL according to protocol","UId":"1563009","id":"LFR163A","stroke":"#800080","stroke-width":2,"stroke-opacity":0.8,"fill":"#ffb9dc","fill-opacity":0.6},"geometry":{"type":"Polygon","coordinates":[[[6.599722,49.051944],[6.599321,49.051961],[6.604285,49.058791],[6.610172,49.065298],[6.616936,49.071429],[6.62452,49.077134],[6.632863,49.082365],[6.641896,49.087079],[6.651545,49.091238],[6.661731,49.094807],[6.672369,49.097758],[6.683372,49.100064],[6.69465,49.101709],[6.706109,49.102677],[6.717656,49.102962],[6.729194,49.10256],[6.740629,49.101475],[6.751866,49.099716],[6.762813,49.097298],[6.77338,49.09424],[6.78348,49.090567],[6.793029,49.086311],[6.801949,49.081505],[6.810167,49.07619],[6.817615,49.070409],[6.824232,49.06421],[6.829965,49.057644],[6.834766,49.050764],[6.838596,49.043628],[6.841425,49.036294],[6.843229,49.028822],[6.843995,49.021274],[6.843715,49.013712],[6.842394,49.006197],[6.840042,48.998791],[6.836679,48.991555],[6.832334,48.984548],[6.827041,48.977828],[6.820845,48.97145],[6.813797,48.965465],[6.805955,48.959922],[6.797383,48.954868],[6.788151,48.950343],[6.778335,48.946385],[6.768016,48.943025],[6.757277,48.940291],[6.746207,48.938205],[6.734896,48.936785],[6.723435,48.936042],[6.71192,48.935982],[6.700443,48.936605],[6.689099,48.937907],[6.677979,48.939877],[6.667176,48.942499],[6.656777,48.94575],[6.646867,48.949606],[6.637527,48.954034],[6.628834,48.958998],[6.620858,48.964458],[6.621111,48.964444],[6.621111,48.964444],[6.599722,49.051944]]]}},{"type":"Feature","properties":{"name":"163 B","nameV":"R 163 B (SeeNotam)","class":"R","type":"R","lower":"800FT AGL","ordinalLowerM":243,"lowerM":243,"upper":"4000FT AMSL","upperM":1219,"groundEstimatedHeight":[0,0,0,0],"desc":"Except for R163A and LORRAINE TMA 4 Administrator: EA-CCPGE P1: 00 33 6 71 51 95 44 P2: 00 33 6 32 26 52 89 P3: 00 33 3 90 23 41 95  GAT/OAT: Compulsory avoidance except for ACFT involved in the exercises and ACFT conducting public safety, assistance, or rescue missions, when the avoidance is not compatible with these missions; entry possible after permission from the managing authority.  Actual activity information provided by: LORRAINE APP STRASBOURG INFO OCHEY APP PHALSBOURG APP","activationCode":"HX","activationDesc":"Activation by NOTAM at H-48 HR: MON-FRI except HOL according to protocol","UId":"1563005","id":"LFR163B","stroke":"#800080","stroke-width":2,"stroke-opacity":0.8,"fill":"#ffb9dc","fill-opacity":0.3},"geometry":{"type":"Polygon","coordinates":[[[6.834722,49.151389],[6.993056,49.033889],[7.039722,49.015556],[7.0,48.916667],[6.632222,48.916667],[6.518611,49.379167],[6.586085446850691,49.37918306683321],[6.584367,49.37645],[6.584817,49.372072],[6.583147,49.368481],[6.594533,49.371503],[6.598961,49.369203],[6.599589,49.366578],[6.602261,49.3671],[6.597556,49.360753],[6.595792,49.360267],[6.596525,49.359269],[6.591906,49.3581],[6.592636,49.355425],[6.590078,49.354864],[6.589694,49.351106],[6.588075,49.349697],[6.584828,49.351275],[6.585503,49.352886],[6.581614,49.356328],[6.576967,49.356964],[6.574128,49.358675],[6.563622,49.355867],[6.565428,49.352239],[6.565708,49.3478],[6.570875,49.343397],[6.575753,49.341692],[6.576597,49.33935],[6.578469,49.338233],[6.577194,49.336336],[6.578464,49.334958],[6.581103,49.334269],[6.585906,49.337047],[6.58785,49.334814],[6.591028,49.3364],[6.591617,49.335753],[6.589672,49.334636],[6.595586,49.330039],[6.589075,49.322178],[6.5945,49.317631],[6.604836,49.312147],[6.609458,49.306589],[6.612497,49.305756],[6.615175,49.301347],[6.617372,49.302661],[6.622408,49.303142],[6.62495,49.302319],[6.629028,49.298278],[6.632267,49.297422],[6.631989,49.295808],[6.636122,49.295047],[6.636494,49.296283],[6.638833,49.295683],[6.6442,49.289844],[6.648156,49.288053],[6.650347,49.288558],[6.651931,49.286903],[6.651117,49.285736],[6.653425,49.281208],[6.66015,49.283642],[6.661292,49.282258],[6.670056,49.280331],[6.667878,49.277478],[6.665908,49.276917],[6.667803,49.270892],[6.666519,49.267936],[6.660489,49.261206],[6.66435,49.254461],[6.669936,49.255078],[6.675614,49.257578],[6.677275,49.255447],[6.683842,49.253431],[6.687986,49.249075],[6.689917,49.249583],[6.690653,49.247764],[6.685683,49.243778],[6.684872,49.241703],[6.685692,49.239606],[6.688675,49.238183],[6.689711,49.235564],[6.689356,49.232761],[6.690769,49.230006],[6.688297,49.224478],[6.689681,49.220433],[6.696103,49.215128],[6.701878,49.216711],[6.706361,49.216417],[6.719647,49.221183],[6.7232,49.218944],[6.731461,49.205936],[6.711153,49.188322],[6.720328,49.175356],[6.726811,49.172567],[6.729825,49.169242],[6.738333,49.163667],[6.749853,49.166733],[6.761192,49.164778],[6.773558,49.167533],[6.780664,49.168186],[6.789836,49.166372],[6.794253,49.1632],[6.802953,49.162011],[6.808033,49.158667],[6.816894,49.157736],[6.824417,49.154033],[6.834042,49.151072],[6.834726348783774,49.151379315876554],[6.834722,49.151389]]]}},{"type":"Feature","properties":{"name":"602","nameV":"R 602 (SeeNotam)","class":"R","type":"R","lower":"SFC","lowerM":0,"upper":"2500FT AMSL","upperM":762,"desc":"Administrator: Site d'Ablis. em-defense-aero.contact.fct@intradef.gouv.fr TEL: +33 (0)6 23 08 44 14 GAT/OAT: avoidance mandatory except for: - ACFT having beforehand obtained the authorization of the administrator - ACFT conducting assistance, rescue or public safety missions when the bypassing is not compatible with these missions, after prior contact with the administrator. Users' information: - PARIS INFO - CHEVREUSE INFO - SEINE INFO","activationCode":"HX","activationDesc":"Possible activation H24 by NOTAM with PN 72HR","UId":"52921851","id":"LFR602","stroke":"#800080","stroke-width":2,"stroke-opacity":0.8,"fill":"#ffb9dc","fill-opacity":0.6},"geometry":{"type":"Polygon","coordinates":[[[1.906667,48.5225],[1.903889,48.510278],[1.895833,48.499444],[1.861667,48.483889],[1.85,48.4825],[1.837222,48.507222],[1.850833,48.5125],[1.851944,48.516667],[1.906667,48.5225]]]}},{"type":"Feature","properties":{"name":"114 A","nameV":"R 114 A","class":"R","type":"R","lower":"SFC","lowerM":0,"upper":"4900FT AMSL","upperM":1493,"desc":"Administrator: CENZUB - 94ème RI 3D Officer: +33 (0)3 23 25 44 93/+33 (0)6 10 86 23 81 Helpdesk: +33 (0)3 23 25 42 06/+33 (0)6 64 34 82 50 GAT: Avoidance mandatory throughout activity except VFR flights authorized by administrator. OAT: upon administrator authorization. Users' information: - BEAUVAIS INFO - PARIS INFO - RAKI INFO or replacement CDC 119.700/143.550/317.500 MHz.","activationCode":"HX","activationDesc":"Possible activation H24","timeScheduling":{"1":["UTC(01/01->31/12)","ANY(00:00->23:59)"]},"UId":"1613212","id":"LFR114A","stroke":"#800080","stroke-width":2,"stroke-opacity":0.8,"fill":"#ffb9dc","fill-opacity":0.6},"geometry":{"type":"Polygon","coordinates":[[[3.905556,49.62],[4.016667,49.594444],[4.016667,49.475556],[4.01659,49.475458],[4.014304,49.475251],[4.012021,49.47503],[4.009741,49.474795],[4.007464,49.474548],[4.005192,49.474286],[4.002922,49.474012],[4.000657,49.473724],[3.998396,49.473423],[3.996139,49.473109],[3.993887,49.472782],[3.991639,49.472441],[3.989396,49.472087],[3.987158,49.47172],[3.984926,49.47134],[3.982699,49.470947],[3.980477,49.470541],[3.978261,49.470121],[3.976051,49.469689],[3.973847,49.469244],[3.971649,49.468786],[3.969458,49.468315],[3.967274,49.467831],[3.965096,49.467335],[3.962926,49.466825],[3.960762,49.466303],[3.958606,49.465768],[3.956458,49.465221],[3.954317,49.464661],[3.952184,49.464089],[3.950059,49.463504],[3.947942,49.462906],[3.945834,49.462296],[3.943734,49.461674],[3.941644,49.46104],[3.939562,49.460393],[3.937489,49.459734],[3.935425,49.459063],[3.933371,49.45838],[3.931326,49.457685],[3.929292,49.456978],[3.927267,49.456259],[3.925252,49.455528],[3.923247,49.454786],[3.921253,49.454031],[3.91927,49.453265],[3.917297,49.452488],[3.915335,49.451699],[3.913384,49.450898],[3.911445,49.450086],[3.909516,49.449263],[3.9076,49.448428],[3.905695,49.447582],[3.903802,49.446725],[3.90192,49.445857],[3.900051,49.444978],[3.898195,49.444088],[3.896351,49.443187],[3.896944,49.443056],[3.896944,49.443056],[3.822222,49.463889],[3.833333,49.491667],[3.858333,49.525],[3.905556,49.62]]]}},{"type":"Feature","properties":{"name":"49 N1","nameV":"R 49 N1","class":"R","type":"R","lower":"FL105","lowerM":3200,"upper":"FL195","upperM":5943,"desc":"Administrator: COGNAC APP. GAT/OAT: compulsory avoidance except for: - Cognac based-aircraft, on training missions and in contact with COGNAC APP, - aircraft performing assistance, rescue or public safety missions, when avoidance is not compatible with the execution of these missions and after notification to COGNAC APP, - IFR GAT aircraft on AWYs A53, R66 and G54, for which transit is guaranteed after notification to COGNAC APP, - parachuting activity 258 SAUMUR ST FLORENT Aerodrome for the benefit of \"Centre Ecole de Parachutisme de Saumur\" after agreement with COGNAC APP. Mandatory transponder. Actual activity known on: COGNAC APP 132.450 AQUITAINE APP AQUITAINE INFO CAZAUX APP 119.6 BORDEAUX CTL BORDEAUX ESSAIS 122.9.","activationCode":"HX","activationDesc":"Possible activation: MON to THU 0715-1700 (SUM: -1HR) FRI 0715-1430 (SUM: -1HR)","UId":"52922508","id":"LFR49N1","stroke":"#800080","stroke-width":2,"stroke-opacity":0.8,"fill":"#ffb9dc","fill-opacity":0.3},"geometry":{"type":"Polygon","coordinates":[[[-0.910556,47.2625],[0.276944,47.292222],[0.322222,47.083333],[0.190556,46.633889],[0.100556,46.5],[-0.57,46.5],[-0.580556,46.666667],[-0.805,46.666667],[-0.910556,47.2625]]]}},{"type":"Feature","properties":{"name":"49 N2","nameV":"R 49 N2","class":"R","type":"R","lower":"FL105","lowerM":3200,"upper":"FL195","upperM":5943,"desc":"Administrator: COGNAC APP. GAT/OAT: compulsory avoidance except for: - Cognac based-aircraft, on training missions and in contact with COGNAC APP, - aircraft performing assistance, rescue or public safety missions, when avoidance is not compatible with the execution of these missions and after notification to COGNAC APP, - IFR GAT aircraft on AWY A53 for which transit is guaranteed after notification to COGNAC APP. Mandatory transponder. Actual activity known on: COGNAC APP 132.450 AQUITAINE APP AQUITAINE INFO CAZAUX APP 119.6 BORDEAUX CTL BORDEAUX ESSAIS 122.9.","activationCode":"HX","activationDesc":"Possible activation: MON to THU 0715-1700 (SUM: -1HR) FRI 0715-1430 (SUM: -1HR)","UId":"52922575","id":"LFR49N2","stroke":"#800080","stroke-width":2,"stroke-opacity":0.8,"fill":"#ffb9dc","fill-opacity":0.3},"geometry":{"type":"Polygon","coordinates":[[[-1.240556,47.103056],[-1.055,47.255833],[-0.910556,47.2625],[-0.805,46.666667],[-1.245833,47.006389],[-1.240556,47.103056]]]}},{"type":"Feature","properties":{"name":"31 A3","nameV":"R 31 A3","class":"R","type":"R","lower":"1000FT AMSL","lowerM":304,"upper":"4000FT AMSL","upperM":1219,"desc":"Administrator: CAZAUX APP. GAT/OAT: upon CAZAUX APP authorisation. Activity known on: - CAZAUX APP or RAI 119.6, - AQUITAINE INFO. Except for Cozes Lège LF-R162 and Arcachon LF-R599 when active.","activationCode":"HX","activationDesc":"Possible activation H24.","timeScheduling":{"1":["UTC(01/01->31/12)","ANY(00:00->23:59)"]},"UId":"1566475","id":"LFR31A3","stroke":"#800080","stroke-width":2,"stroke-opacity":0.8,"fill":"#ffb9dc","fill-opacity":0.3},"geometry":{"type":"Polygon","coordinates":[[[-0.861111,44.690278],[-1.100556,44.578611],[-1.148333,44.578611],[-1.240556,44.558056],[-1.256389,44.571389],[-1.240556,44.704444],[-1.233056,44.711667],[-1.196111,44.877778],[-1.0,44.877778],[-1.0,44.825278],[-0.861111,44.690278]]]}},{"type":"Feature","properties":{"name":"31 A4","nameV":"R 31 A4","class":"R","type":"R","lower":"3300FT AMSL","lowerM":1005,"upper":"FL195","upperM":5943,"desc":"Administrator: CAZAUX APP. GAT/OAT: upon CAZAUX APP authorisation. Activity known on: - CAZAUX APP or RAI 119.6, - AQUITAINE INFO, - BORDEAUX ACC.","activationCode":"HX","activationDesc":"Possible activation H24","timeScheduling":{"1":["UTC(01/01->31/12)","ANY(00:00->23:59)"]},"UId":"1566469","id":"LFR31A4","stroke":"#800080","stroke-width":2,"stroke-opacity":0.8,"fill":"#ffb9dc","fill-opacity":0.3},"geometry":{"type":"Polygon","coordinates":[[[-1.598616233693447,44.200001459219784],[-1.672536,43.934878],[-1.724567,43.753358],[-1.72615,43.747347],[-1.727469,43.741314],[-1.7285,43.735253],[-1.730853,43.72195],[-1.730833,43.721944],[-1.472222,43.775],[-1.401111,43.835833],[-1.093889,44.116667],[-0.9,44.2],[-1.598616233693447,44.200001459219784]]]}},{"type":"Feature","properties":{"name":"31 A6","nameV":"R 31 A6","class":"R","type":"R","lower":"1000FT AMSL","lowerM":304,"upper":"4000FT AMSL","upperM":1219,"desc":"Administrator: CAZAUX APP. IFR: upon authorization. VFR/OAT: upon CAZAUX APP authorization. Actual activity known on: - CAZAUX APP or RAI 119.6, - AQUITAINE INFO.","activationCode":"HX","activationDesc":"Possible activation H24","UId":"52922727","id":"LFR31A6","stroke":"#800080","stroke-width":2,"stroke-opacity":0.8,"fill":"#ffb9dc","fill-opacity":0.3},"geometry":{"type":"Polygon","coordinates":[[[-1.079167,44.391667],[-0.922222,44.2],[-1.180556,44.2],[-1.180556,44.391667],[-1.079167,44.391667]]]}},{"type":"Feature","properties":{"name":"31 C","nameV":"R 31 C","class":"R","type":"R","lower":"SFC","lowerM":0,"upper":"3000FT AGL","ordinalUpperM":914,"upperM":914,"groundEstimatedHeight":[0,0,0,0],"desc":"GAT/OAT: avoidance mandatory except for: - ACFT to and from CAZAUX with PPR issued by the flight direction - For rescue, assistance, police or customs missions: radio contact mandatory on CAZAUX TWR. Services provided by CAZAUX TWR: AD control, flight information, alert. Activity known from CAZAUX TWR or on RAI 119.6, AQUITAINE INFO, BORDEAUX ACC. Excluding LF-P 200 L, LF-R 170 Calamar and LF-R 289 Sanguinet when active. AD overflight prohibited H24 below 1000 ft ASFC.","activationCode":"HX","activationDesc":"Possible activation H24 lorsque la CTR CAZAUX et la LF-R31 A1 CAZAUX ne sont pas actives. Possible activation H24 when CTR CAZAUX and LF-R31 A1 CAZAUX are not active.","UId":"43377354","id":"LFR31C","stroke":"#800080","stroke-width":2,"stroke-opacity":0.8,"fill":"#ffb9dc","fill-opacity":0.6},"geometry":{"type":"Polygon","coordinates":[[[-1.240556,44.558056],[-1.215556,44.453056],[-1.175,44.436111],[-1.1225,44.436111],[-0.898333,44.591667],[-0.96,44.625556],[-1.028889,44.611667],[-1.100556,44.578611],[-1.148333,44.578611],[-1.240556,44.558056]]]}},{"type":"Feature","properties":{"name":"48","nameV":"R 48 (SeeNotam) Upper(8000FT AMSL-3300FT AGL)","class":"R","type":"R","lower":"SFC","lowerM":0,"upper":"8000FT AMSL","upperMax":"3300FT AGL","upperM":2438,"desc":"Administrator: 13ème Bataillon de Chasseurs Alpins. Avoidance mandatory during activity. Actual activity known by: Officier de tir: 04 79 71 22 21 or 06 48 22 32 08. CHAMBERY INFO ATIS CHAMBERY and on answering machine 04 85 44 09 66 during ATS SKED CHAMBERY. ","activationCode":"TIMSH","activationDesc":"Activation by NOTAM: - from 16 JAN to 15 APR: MON PM, TUE, WED, THU except on school holidays. - from 16 APR to 19 DEC: MON to FRI, 1st SAT of the month.","timeScheduling":{"1":["UTCW(11/01->19/12)","TUE(07:00->11:00)"]},"UId":"1564207","id":"LFR48","stroke":"#800080","stroke-width":2,"stroke-opacity":0.8,"fill":"#ffb9dc","fill-opacity":0.6},"geometry":{"type":"Polygon","coordinates":[[[5.894722,45.508056],[5.9,45.513333],[5.904167,45.515833],[5.907222,45.512778],[5.91,45.507222],[5.909722,45.494722],[5.890833,45.496667],[5.894722,45.508056]]]}},{"type":"Feature","properties":{"name":"31 A1","nameV":"R 31 A1","class":"R","type":"R","lower":"SFC","lowerM":0,"upper":"4000FT AMSL","upperM":1219,"desc":"Administrator: CAZAUX APP GAT/OAT: upon CAZAUX APP authorisation. Activity known on: - CAZAUX APP or RAI 119.6, - AQUITAINE INFO. Except for Biscarrosse LF-R148 and Cozes Lège LF-R162, Calamar LF-R170 A, Lamanchs LF-R259 and Sanguinet LF-R289 when active. Flying over AD BLW 1000ft ASFC prohibited H24.","activationCode":"HX","activationDesc":"Possible activation H24.","timeScheduling":{"1":["UTC(01/01->31/12)","ANY(00:00->23:59)"]},"UId":"1563309","id":"LFR31A1","stroke":"#800080","stroke-width":2,"stroke-opacity":0.8,"fill":"#ffb9dc","fill-opacity":0.6},"geometry":{"type":"Polygon","coordinates":[[[-1.517222,44.877778],[-1.196111,44.877778],[-1.233056,44.711667],[-1.240556,44.704444],[-1.256389,44.571389],[-1.240556,44.558056],[-1.148333,44.578611],[-1.100556,44.578611],[-0.861111,44.690278],[-0.833333,44.666667],[-0.833333,44.433333],[-0.845833,44.391667],[-1.180556,44.391667],[-1.180556,44.2],[-1.598616233693447,44.200001459219784],[-1.597067,44.205558],[-1.565089,44.372603],[-1.549661,44.466828],[-1.547539,44.506206],[-1.550453,44.521561],[-1.552869,44.546111],[-1.550817,44.570686],[-1.550489,44.591217],[-1.551022,44.593467],[-1.552961,44.602142],[-1.555419,44.616706],[-1.556311,44.631342],[-1.555611,44.645983],[-1.550414,44.697078],[-1.549969,44.700867],[-1.549425,44.704661],[-1.548778,44.708439],[-1.517647,44.875172],[-1.5173026832305616,44.87778861698729],[-1.517222,44.877778]]]}},{"type":"Feature","properties":{"name":"31 A2","nameV":"R 31 A2","class":"R","type":"R","lower":"1000FT AMSL","lowerM":304,"upper":"4000FT AMSL","upperM":1219,"desc":"Administrator: CAZAUX APP. GAT/OAT: upon CAZAUX APP authorisation. Activity known on: - CAZAUX APP or RAI 119.6, - AQUITAINE INFO.","activationCode":"HX","activationDesc":"Possible activation H24","timeScheduling":{"1":["UTC(01/01->31/12)","ANY(00:00->23:59)"]},"UId":"1566473","id":"LFR31A2","stroke":"#800080","stroke-width":2,"stroke-opacity":0.8,"fill":"#ffb9dc","fill-opacity":0.3},"geometry":{"type":"Polygon","coordinates":[[[-1.079167,44.391667],[-0.922222,44.2],[-0.9,44.2],[-0.845833,44.391667],[-1.079167,44.391667]]]}},{"type":"Feature","properties":{"name":"599","nameV":"R 599","class":"R","type":"R","lower":"1000FT AMSL","lowerM":304,"upper":"4500FT AMSL","upperM":1371,"desc":"Administrator: CAZAUX APP. GAT IFR/OAT I, T: compulsory avoidance. GAT VFR/OAT V: free transit if IAS < 140 kt. Activation is possible in the daytime only when LF-R31 / TMA CAZAUX active. Actual activity known on ARCACHON INFO, CAZAUX APP or RAI 119.6. This area replaces the portions of airspace with which it interferes.","activationCode":"HX","activationDesc":"Possible activation selon protocole Possible activation according to protocol","UId":"52922752","id":"LFR599","stroke":"#800080","stroke-width":2,"stroke-opacity":0.8,"fill":"#ffb9dc","fill-opacity":0.3},"geometry":{"type":"Polygon","coordinates":[[[-1.048333,44.648333],[-1.048333,44.603056],[-1.100556,44.578611],[-1.148333,44.578611],[-1.223333,44.573056],[-1.2276990611084073,44.575469898134905],[-1.227375,44.575767],[-1.205478,44.612169],[-1.203956,44.640389],[-1.191517,44.660736],[-1.167625,44.664336],[-1.142269,44.659261],[-1.138819,44.653061],[-1.154889,44.645414],[-1.147631,44.639989],[-1.139819,44.647628],[-1.118072,44.646881],[-1.114603,44.64465],[-1.096267,44.642369],[-1.081267,44.640783],[-1.075686,44.646017],[-1.049606,44.64765],[-1.0483189752445146,44.64830546184879],[-1.048333,44.648333]]]}},{"type":"Feature","properties":{"name":"49 N3","nameV":"R 49 N3","class":"R","type":"R","lower":"FL105","lowerM":3200,"upper":"FL135","upperM":4114,"desc":"Administrator: COGNAC APP. GAT/OAT: compulsory avoidance except for: - Cognac based-aircraft, on training missions and in contact with COGNAC APP, - aircraft performing assistance, rescue or public safety missions, when avoidance is not compatible with the execution of these missions and after notification to COGNAC APP, - IFR GAT aircraft on AWYs R66 and G54, for which transit is guaranteed after notification to COGNAC APP. Mandatory transponder. Actual activity known on: COGNAC APP 132.450 AQUITAINE APP AQUITAINE INFO CAZAUX APP 119.6 BORDEAUX CTL BORDEAUX ESSAIS 122.9.","activationCode":"HX","activationDesc":"Possible activation: MON to THU 0715-1700 (SUM: -1HR) FRI 0715-1430 (SUM: -1HR)","UId":"52922627","id":"LFR49N3","stroke":"#800080","stroke-width":2,"stroke-opacity":0.8,"fill":"#ffb9dc","fill-opacity":0.3},"geometry":{"type":"Polygon","coordinates":[[[-0.805,46.666667],[-0.592222,46.5],[-0.57,46.5],[-0.580556,46.666667],[-0.805,46.666667]]]}},{"type":"Feature","properties":{"name":"282","nameV":"R 282 (SeeNotam)","class":"R","type":"R","lower":"SFC","lowerM":0,"upper":"3800FT AMSL","upperM":1158,"desc":"Administrator: 2nd foreign legion paratroopers regiment (REP). GAT: avoidance mandatory throughout activity. OAT: avoidance mandatory except for ACFT authorized by the Administrator. Activity known on: Firing cell 2nd REP: 04 95 60 92 70 Permanence 2nd REP: 04 95 60 92 85","activationCode":"HX","activationDesc":"LUN-VEN: 0500-2300 (ETE - 1 HR) SAM, DIM et JF: activable par NOTAM MON-FRI: 0500-2300 (SUM - 1HR) SAT, SUN and HOL: possible activation by NOTAM","UId":"23811986","id":"LFR282","stroke":"#800080","stroke-width":2,"stroke-opacity":0.8,"fill":"#ffb9dc","fill-opacity":0.6},"geometry":{"type":"Polygon","coordinates":[[[8.800833,42.476111],[8.815278,42.473333],[8.842222,42.459167],[8.822778,42.445],[8.793889,42.463889],[8.800833,42.476111]]]}},{"type":"Feature","properties":{"name":"283","nameV":"R 283","class":"R","type":"R","lower":"SFC","lowerM":0,"upper":"3500FT AMSL","upperM":1066,"desc":"Administrator: 1st foreign legion cavalry regiment (REC) GAT: avoidance mandatory throughout activity. OAT: avoidance mandatory except for ACFT authorized by the Administrator. Activity known on: 1st REC: 04 42 73 33 99 or 06 58 03 04 87  Permanence: 04 42 73 33 28","activationCode":"H24","UId":"23812039","id":"LFR283","stroke":"#800080","stroke-width":2,"stroke-opacity":0.8,"fill":"#ffb9dc","fill-opacity":0.6},"geometry":{"type":"Polygon","coordinates":[[[5.489167,43.240833],[5.455556,43.241389],[5.456389,43.246944],[5.45,43.249167],[5.461944,43.271667],[5.487222,43.264722],[5.491389,43.267778],[5.495833,43.268333],[5.544722,43.268056],[5.551111,43.263611],[5.543889,43.255833],[5.5475,43.246667],[5.532778,43.2375],[5.519444,43.240833],[5.501944,43.237222],[5.489167,43.240833]]]}},{"type":"Feature","properties":{"name":"31 A5","nameV":"R 31 A5","class":"R","type":"R","lower":"4000FT AMSL","lowerM":1219,"upper":"FL195","upperM":5943,"desc":"Administrator: CAZAUX APP. IFR: upon authorization. VFR/OAT: upon CAZAUX APP authorization. Actual activity known on: - CAZAUX APP or RAI 119.6, - AQUITAINE INFO, - BORDEAUX ACC. Except for Calamar LF-R170 B, Arcachon LF-R599, Lamanchs LF-R259 when active.","activationCode":"HX","activationDesc":"Possible activation H24","UId":"52922713","id":"LFR31A5","stroke":"#800080","stroke-width":2,"stroke-opacity":0.8,"fill":"#ffb9dc","fill-opacity":0.3},"geometry":{"type":"Polygon","coordinates":[[[-1.517222,44.877778],[-1.0,44.877778],[-1.0,44.825278],[-0.861111,44.690278],[-0.833333,44.666667],[-0.833333,44.433333],[-0.845833,44.391667],[-0.9,44.2],[-1.598616233693447,44.200001459219784],[-1.597067,44.205558],[-1.565089,44.372603],[-1.549661,44.466828],[-1.547539,44.506206],[-1.550453,44.521561],[-1.552869,44.546111],[-1.550817,44.570686],[-1.550489,44.591217],[-1.551022,44.593467],[-1.552961,44.602142],[-1.555419,44.616706],[-1.556311,44.631342],[-1.555611,44.645983],[-1.550414,44.697078],[-1.549969,44.700867],[-1.549425,44.704661],[-1.548778,44.708439],[-1.517647,44.875172],[-1.5173026832305616,44.87778861698729],[-1.517222,44.877778]]]}},{"type":"Feature","properties":{"name":"31 A7","nameV":"R 31 A7","class":"R","type":"R","lower":"SFC","lowerM":0,"upper":"3300FT AMSL","upperM":1005,"desc":"Administrator: CAZAUX APP. IFR: upon authorization. VFR/OAT: upon CAZAUX APP authorization. Actual activity known on: - CAZAUX APP or RAI 119.6, - AQUITAINE INFO.","activationCode":"HX","activationDesc":"Possible activation H24","UId":"52922736","id":"LFR31A7","stroke":"#800080","stroke-width":2,"stroke-opacity":0.8,"fill":"#ffb9dc","fill-opacity":0.6},"geometry":{"type":"Polygon","coordinates":[[[-1.598611,44.2],[-1.3013833975225246,44.19999892735992],[-1.30635,44.174058],[-1.383539,43.897194],[-1.401126817614466,43.83583753411575],[-1.401111,43.835833],[-1.472222,43.775],[-1.730853,43.72195],[-1.7285,43.735253],[-1.727469,43.741314],[-1.72615,43.747347],[-1.724567,43.753358],[-1.672536,43.934878],[-1.598616233693447,44.200001459219784],[-1.598611,44.2]]]}},{"type":"Feature","properties":{"name":"31 B","nameV":"R 31 B","class":"R","type":"R","lower":"3000FT AMSL","lowerM":914,"upper":"FL195","upperM":5943,"desc":"Administrator: CAZAUX APP. IFR: upon authorisation. VFR: upon CAZAUX APP authorisation. Except for LF-R290 Carcans when active. Activity known on CAZAUX APP or RAI 119.6, AQUITAINE INFO, BORDEAUX ACC.","activationCode":"HX","activationDesc":"Possible activation H24.","timeScheduling":{"1":["UTC(01/01->31/12)","ANY(00:00->23:59)"]},"UId":"1563305","id":"LFR31B","stroke":"#800080","stroke-width":2,"stroke-opacity":0.8,"fill":"#ffb9dc","fill-opacity":0.3},"geometry":{"type":"Polygon","coordinates":[[[-1.430833,45.561111],[-1.183333,45.561111],[-1.0,44.9],[-1.0,44.877778],[-1.5173026832305616,44.87778861698729],[-1.488722,45.094986],[-1.488603,45.095847],[-1.488486,45.096714],[-1.488353,45.097583],[-1.45595,45.312114],[-1.454528,45.356061],[-1.455308,45.40385],[-1.454881,45.417183],[-1.453131,45.430467],[-1.450092,45.443636],[-1.449269,45.446556],[-1.451258,45.466978],[-1.449639,45.491558],[-1.443592,45.515822],[-1.430767724141459,45.561092508588196],[-1.430833,45.561111]]]}},{"type":"Feature","properties":{"name":"61","nameV":"R 61","class":"R","type":"R","lower":"SFC","lowerM":0,"upper":"3000FT AMSL","upperM":914,"desc":"Administrator: BORDEAUX ESSAIS. Except LF-R290 Carcans when active. GAT/OAT: upon BORDEAUX ESSAIS authorization 122.9. Activity known on: BORDEAUX ESSAIS, AQUITAINE INFO.","activationCode":"TIMSH","activationDesc":"Possible activation: MON-FRI except public HOL: 0800- 1700. SUM:-1HR.","timeScheduling":{"1":["UTCW(01/01->31/12)","WD(08:00->17:00)"]},"UId":"1563507","id":"LFR61","stroke":"#800080","stroke-width":2,"stroke-opacity":0.8,"fill":"#ffb9dc","fill-opacity":0.6},"geometry":{"type":"Polygon","coordinates":[[[-1.5173026832305616,44.87778861698729],[-1.488722,45.094986],[-1.488603,45.095847],[-1.488486,45.096714],[-1.488353,45.097583],[-1.45595,45.312114],[-1.454528,45.356061],[-1.455308,45.40385],[-1.454881,45.417183],[-1.453131,45.430467],[-1.450092,45.443636],[-1.449269,45.446556],[-1.451258,45.466978],[-1.449639,45.491558],[-1.443592,45.515822],[-1.430767724141459,45.561092508588196],[-1.430833,45.561111],[-1.183333,45.561111],[-1.0,44.9],[-1.0,44.877778],[-1.5173026832305616,44.87778861698729]]]}},{"type":"Feature","properties":{"name":"502","nameV":"R 502","class":"R","type":"R","lower":"SFC","lowerM":0,"upper":"1000FT AGL","ordinalUpperM":304,"upperM":304,"groundEstimatedHeight":[0,0,0,0],"desc":"Administrator: 1er Régiment d'Infanterie de Marine (1er RIMa): 05 45 22 42 63 ou 06 44 19 13 77 GAT: Avoidance mandatory OAT: ACFT authorized by administrator Activity known on: LIMOGES INFO","activationCode":"HX","activationDesc":"Possible activation: MON-FRI: 0430-2130 (SUM -1HR)","UId":"46895658","id":"LFR502","stroke":"#800080","stroke-width":2,"stroke-opacity":0.8,"fill":"#ffb9dc","fill-opacity":0.6},"geometry":{"type":"Polygon","coordinates":[[[0.258056,45.598056],[0.277222,45.597222],[0.280556,45.590556],[0.261944,45.587222],[0.258056,45.598056]]]}},{"type":"Feature","properties":{"name":"326","nameV":"R 326","class":"R","type":"R","lower":"SFC","lowerM":0,"upper":"3500FT AMSL","upperM":1066,"desc":"Administrator: 1er régiment de SPAHIS de Valence GAT / OAT: mandatory avoidance during activity Actual activity available by TEL: 04 75 78 62 44 / 74 or 06 75 92 89 30.","activationCode":"H24","activationDesc":"Possible activation H24.","UId":"21232980","id":"LFR326","stroke":"#800080","stroke-width":2,"stroke-opacity":0.8,"fill":"#ffb9dc","fill-opacity":0.6},"geometry":{"type":"Polygon","coordinates":[[[4.801944,44.922222],[4.741667,44.922222],[4.738889,44.891667],[4.801944,44.891667],[4.801944,44.922222]]]}},{"type":"Feature","properties":{"name":"601","nameV":"R 601","class":"R","type":"R","lower":"SFC","lowerM":0,"upper":"FL110","upperM":3352,"desc":"Administrator: 2nd REG  TEL: 04 90 74 83 00 / 04 13 06 20 36 / 04 90 74 82 67 GAT/OAT: avoidance mandatory except for aircraft carrying out saving, rescue, customs, police or public safety missions, when avoidance is not compatible with these missions, after notification to the administrator. Activity known on MARSEILLE INFO.","activationCode":"HX","activationDesc":"Possible activation SR-SS from 01 DEC to 30 APR.","UId":"53144844","id":"LFR601","stroke":"#800080","stroke-width":2,"stroke-opacity":0.8,"fill":"#ffb9dc","fill-opacity":0.6},"geometry":{"type":"Polygon","coordinates":[[[6.496154,45.085829],[6.495774,45.089169],[6.49464,45.092422],[6.492781,45.095505],[6.490245,45.098338],[6.487099,45.100846],[6.483423,45.102966],[6.479312,45.104642],[6.474874,45.10583],[6.470223,45.1065],[6.465479,45.106635],[6.460767,45.106231],[6.456207,45.105299],[6.451919,45.103862],[6.448013,45.101958],[6.44459,45.099637],[6.44174,45.096957],[6.439536,45.09399],[6.438034,45.090812],[6.437275,45.087504],[6.437276,45.084154],[6.438039,45.080847],[6.439543,45.077669],[6.44175,45.074703],[6.444601,45.072025],[6.448023,45.069705],[6.451928,45.067802],[6.456214,45.066366],[6.460771,45.065434],[6.46548,45.065031],[6.47022,45.065165],[6.474868,45.065835],[6.479304,45.067023],[6.483413,45.068698],[6.487088,45.070816],[6.490235,45.073324],[6.492772,45.076155],[6.494633,45.079237],[6.495771,45.08249],[6.496154,45.085829]]]}},{"type":"Feature","properties":{"name":"217 /1","nameV":"R 217 /1","class":"R","type":"R","lower":"3500FT AMSL","lowerM":1066,"upper":"FL195","upperM":5943,"desc":"Administrator: CMC Istres. Airspace defined except for the interfering parts of LF-R 108 AF1/AF2/AF3 ISTRES, when active, and of TMA PROVENCE parts 4.2 et 5.2 and sections of CTA PROVENCE and CTA MARSEILLE part 7 which are above these part of TMA. Airspace shared with CTA RHONE part 1 (see AIP ENR 2.1). When active, this airspace coexists with LF-P 41 ISTRES. Entry within LF-P 41 ISTRES authorized for ACFT operating under OAT. Ceiling: FL055 within lateral limits of AWY Y25. GAT VFR /OAT V: entry with authorization from CAMARGUE CONTROLE 127.925 MHz. GAT IFR /OAT I and T: entry with authorization from control. Activity known on CAMARGUE Control or announced by RAI 127.925 MHz.","activationCode":"HX","activationDesc":"Activable H 24.","timeScheduling":{"1":["UTC(01/01->31/12)","ANY(00:00->23:59)"]},"UId":"1564479","id":"LFR217/1","stroke":"#800080","stroke-width":2,"stroke-opacity":0.8,"fill":"#ffb9dc","fill-opacity":0.3},"geometry":{"type":"Polygon","coordinates":[[[4.643889,43.8],[4.787778,43.710278],[4.930833,43.618056],[5.003333,43.571389],[5.003652,43.571396],[5.004888,43.570346],[5.0061,43.569281],[5.007288,43.568201],[5.008451,43.567108],[5.009588,43.566],[5.010701,43.564879],[5.011787,43.563745],[5.012847,43.562598],[5.013881,43.561439],[5.014889,43.560267],[5.015869,43.559083],[5.016822,43.557888],[5.017748,43.556681],[5.018646,43.555464],[5.019516,43.554236],[5.020358,43.552997],[5.021172,43.551749],[5.021957,43.550491],[5.022713,43.549224],[5.02344,43.547948],[5.024138,43.546664],[5.024806,43.545371],[5.025445,43.54407],[5.026054,43.542762],[5.026633,43.541447],[5.027182,43.540125],[5.027701,43.538797],[5.028189,43.537463],[5.028647,43.536123],[5.029074,43.534777],[5.029471,43.533427],[5.029836,43.532072],[5.030171,43.530713],[5.030475,43.52935],[5.030747,43.527984],[5.030988,43.526614],[5.031198,43.525242],[5.031377,43.523868],[5.031524,43.522491],[5.03164,43.521113],[5.031724,43.519734],[5.031777,43.518354],[5.031798,43.516974],[5.031788,43.515593],[5.031747,43.514213],[5.031674,43.512834],[5.031569,43.511455],[5.031433,43.510078],[5.031266,43.508703],[5.031068,43.50733],[5.030838,43.505959],[5.030577,43.504592],[5.030285,43.503228],[5.029962,43.501867],[5.029608,43.500511],[5.029223,43.499159],[5.028807,43.497812],[5.028611,43.497778],[5.028611,43.497778],[5.025278,43.484167],[5.025788,43.484236],[5.025042,43.48286],[5.024279,43.481488],[5.023499,43.480121],[5.022703,43.478759],[5.02189,43.477402],[5.02106,43.476051],[5.020214,43.474705],[5.019352,43.473364],[5.018474,43.472029],[5.017579,43.4707],[5.016668,43.469376],[5.015741,43.468059],[5.014798,43.466747],[5.013839,43.465442],[5.012864,43.464143],[5.011874,43.46285],[5.010867,43.461563],[5.009845,43.460283],[5.008808,43.45901],[5.007755,43.457743],[5.006686,43.456483],[5.005603,43.45523],[5.004504,43.453984],[5.00339,43.452746],[5.002261,43.451514],[5.001117,43.45029],[4.999958,43.449073],[4.998785,43.447863],[4.997597,43.446662],[4.996394,43.445467],[4.995176,43.444281],[4.993945,43.443102],[4.992699,43.441932],[4.991439,43.440769],[4.990164,43.439615],[4.988876,43.438469],[4.987574,43.437331],[4.986258,43.436202],[4.984928,43.435081],[4.983585,43.433968],[4.982229,43.432865],[4.980859,43.43177],[4.979475,43.430684],[4.978079,43.429607],[4.976669,43.428539],[4.975247,43.42748],[4.973812,43.42643],[4.972364,43.425389],[4.970903,43.424358],[4.96943,43.423336],[4.967945,43.422324],[4.966447,43.421321],[4.964938,43.420328],[4.963416,43.419345],[4.961882,43.418371],[4.960337,43.417408],[4.95878,43.416454],[4.958333,43.416389],[4.958333,43.416389],[4.95,43.411944],[4.861111,43.359444],[4.827222,43.338889],[4.688056,43.252778],[4.549722,43.166667],[4.482222,43.166111],[4.486111,43.252778],[4.494444,43.433889],[4.496111,43.47],[4.500278,43.561389],[4.643889,43.8]]]}},{"type":"Feature","properties":{"name":"114 B","nameV":"R 114 B (SeeNotam)","class":"R","type":"R","lower":"4900FT AMSL","lowerM":1493,"upper":"FL105","upperM":3200,"desc":"Administrator: CENZUB - 94ème RI 3D Officer: +33 (0)3 23 25 44 93/+33 (0)6 10 86 23 81 Helpdesk: +33 (0)3 23 25 42 06/+33 (0)6 64 34 82 50 GAT: Avoidance mandatory throughout activity except VFR flights authorized by administrator. OAT: upon administrator authorization. Actual activity known on: - BEAUVAIS INFO - PARIS INFO - PARIS ACC - RAKI INFO or replacement CDC 119.700/143.550/317.500 MHz.","activationCode":"NOTAM","activationDesc":"Possible activation by NOTAM.","timeScheduling":{"1":["UTC(01/01->31/12)","ANY(00:00->23:59)"]},"UId":"1563207","id":"LFR114B","stroke":"#800080","stroke-width":2,"stroke-opacity":0.8,"fill":"#ffb9dc","fill-opacity":0.3},"geometry":{"type":"Polygon","coordinates":[[[3.905556,49.62],[4.016667,49.594444],[4.016667,49.475556],[4.01659,49.475458],[4.014304,49.475251],[4.012021,49.47503],[4.009741,49.474795],[4.007464,49.474548],[4.005192,49.474286],[4.002922,49.474012],[4.000657,49.473724],[3.998396,49.473423],[3.996139,49.473109],[3.993887,49.472782],[3.991639,49.472441],[3.989396,49.472087],[3.987158,49.47172],[3.984926,49.47134],[3.982699,49.470947],[3.980477,49.470541],[3.978261,49.470121],[3.976051,49.469689],[3.973847,49.469244],[3.971649,49.468786],[3.969458,49.468315],[3.967274,49.467831],[3.965096,49.467335],[3.962926,49.466825],[3.960762,49.466303],[3.958606,49.465768],[3.956458,49.465221],[3.954317,49.464661],[3.952184,49.464089],[3.950059,49.463504],[3.947942,49.462906],[3.945834,49.462296],[3.943734,49.461674],[3.941644,49.46104],[3.939562,49.460393],[3.937489,49.459734],[3.935425,49.459063],[3.933371,49.45838],[3.931326,49.457685],[3.929292,49.456978],[3.927267,49.456259],[3.925252,49.455528],[3.923247,49.454786],[3.921253,49.454031],[3.91927,49.453265],[3.917297,49.452488],[3.915335,49.451699],[3.913384,49.450898],[3.911445,49.450086],[3.909516,49.449263],[3.9076,49.448428],[3.905695,49.447582],[3.903802,49.446725],[3.90192,49.445857],[3.900051,49.444978],[3.898195,49.444088],[3.896351,49.443187],[3.896944,49.443056],[3.896944,49.443056],[3.822222,49.463889],[3.833333,49.491667],[3.858333,49.525],[3.905556,49.62]]]}},{"type":"Feature","properties":{"name":"114 C","nameV":"R 114 C (SeeNotam)","class":"R","type":"R","lower":"2200FT AMSL","lowerM":670,"upper":"FL085","upperM":2590,"desc":"Administrator: CENZUB - 94ème RI Except for LF-R 114 A and LF-R 114 B areas when activated. 3D Officer: +33 (0)3 23 25 44 93/+33 (0)6 10 86 23 81 Helpdesk: +33 (0)3 23 25 42 06/+33 (0)6 64 34 82 50 Entry conditions: GAT: Avoidance mandatory throughout activity except VFR flights authorized by administrator. OAT: upon administrator authorization. Actual activity known on: - BEAUVAIS INFO - PARIS INFO - PARIS ACC - RAKI INFO or replacement CDC 119.700/143.550/317.500 MHz.","activationCode":"NOTAM","activationDesc":"Possible activation by NOTAM.","timeScheduling":{"1":["UTC(01/01->31/12)","ANY(00:00->23:59)"]},"UId":"7214691","id":"LFR114C","stroke":"#800080","stroke-width":2,"stroke-opacity":0.8,"fill":"#ffb9dc","fill-opacity":0.3},"geometry":{"type":"Polygon","coordinates":[[[3.679444,49.713333],[3.765556,49.556111],[3.819722,49.416944],[4.238056,49.517222],[4.010833,49.7875],[3.679444,49.713333]]]}},{"type":"Feature","properties":{"name":"3112","nameV":"R 3112","class":"R","type":"R","lower":"1500FT AMSL","lowerM":457,"upper":"FL100","upperM":3048,"desc":"Administrators: CDG APP, ORLY APP and VILLA APP. Except for LF-R 84 A Domaine de Versailles. When active, GAT and OAT: avoidance mandatory except for: - ACFT taking part in the parachuting activities according to protocol - ACFT in GAT IFR authorized by administrators - ACFT carrying out assistance, rescue or public safety missions when their mission does not allow the avoidance, after prior radio contact with one of the administrators. This area substitutes itself to A-class airspace parts it interferes with. Services corresponding to C-class airspace and provided by CDG APP and ORLY APP. Activity known on: - ORLY APP - VILLA TWR - VILLA APP - CDG APP - TOUSSUS TWR - SAINT CYR TWR - MOULINEAUX TWR","activationCode":"HX","activationDesc":"Possible activation SR-SS","UId":"52920736","id":"LFR3112","stroke":"#800080","stroke-width":2,"stroke-opacity":0.8,"fill":"#ffb9dc","fill-opacity":0.3},"geometry":{"type":"Polygon","coordinates":[[[2.139306,48.784994],[2.138818,48.789002],[2.137361,48.792906],[2.134971,48.796605],[2.131711,48.800004],[2.127665,48.803015],[2.122937,48.805559],[2.117651,48.80757],[2.111943,48.808996],[2.105962,48.809801],[2.099861,48.809963],[2.093801,48.809478],[2.087937,48.808359],[2.082422,48.806634],[2.077399,48.80435],[2.072998,48.801563],[2.069333,48.798348],[2.066499,48.794787],[2.064569,48.790973],[2.063593,48.787004],[2.063596,48.782984],[2.064578,48.779015],[2.066513,48.775202],[2.06935,48.771643],[2.073017,48.76843],[2.077418,48.765645],[2.082439,48.763362],[2.08795,48.76164],[2.093808,48.760521],[2.099863,48.760037],[2.105957,48.760199],[2.111933,48.761003],[2.117637,48.762428],[2.12292,48.764437],[2.127646,48.766979],[2.131693,48.769988],[2.134955,48.773385],[2.137349,48.777083],[2.138812,48.780986],[2.139306,48.784994]]]}},{"type":"Feature","properties":{"name":"205 /4","nameV":"R 205 /4","class":"R","type":"R","lower":"3500FT AMSL","lowerM":1066,"upper":"4500FT AMSL","upperM":1371,"desc":"Managers: DE GAULLE APP, ORLY APP. Entry conditions: - IFR GAT flights inbound to or outbound from BEAUVAIS TILLE, MELUN VILLAROCHE, PARIS CHARLES DE GAULLE, PARIS LE BOURGET, PARIS ORLY, PONTOISE CORMEILLES, TOUSSUS LE NOBLE, VILLACOUBLAY VELIZY: Entry authorized after radio contact with one of the managing authorities. - VFR/IFR GAT flights outbound from and IFR/VFR GAT flights inbound to aerodromes not featuring IFR procedures: With connection to the IFR procedures of BEAUVAIS TILLE, MELUN VILLAROCHE, PARIS LE BOURGET, PONTOISE CORMEILLES and TOUSSUS LE NOBLE and as per the instructions from the managing authorities. - Other IFR GAT flights: Compulsory avoidance except for aircraft having obtained prior permission from the Paris Region Air Navigation Services, with minimum advance notice of 5 working days. For safety reasons, constraints may be imposed on the route, level and time required depending on the need to manage the traffic inbound to and outbound from Paris airports. Authorities to be contacted: SNA-RP (lfff-sub-ctl-bf@aviation-civile.gouv.fr, lfpg-ctl@aviation-civile.gouv.fr, lfpo-sub-ctl@aviation-civile.gouv.fr). VFR GAT flights: Compulsory avoidance except for aircraft performing assistance, rescue or human safety operations, when these operations are not compatible with area avoidance, upon authorization from one of the managing authorities. OAT flights: Entry authorized after radio contact with one of the managing authorities. This restricted area coexists with the PARIS TMA part 4. Excluding: - areas LF-R 84 A, LF-R 3100 B-C-D-F-H, LF-R 3101 B-C-D, LF-R 3102 A-B-C-V, LF-R 3103 C-D-H-J-K-M, LF-R 3104 A-C-D-F-G-V, LF-R 3105 A-C-D, LF-R 3106 B-C-D, LF-R 3109 B (La Ferté-Alais), LF-R 3111 A and LF-R 3112 (Satory) when they are active. - LF-P 21 BRUYERES LE CHATEL, LF-P 23 PARIS and LF-P 25 FONTENAY AUX ROSES: entry prohibited. Exemptions: see AIP ENR 5.1.","activationCode":"H24","activationDesc":"H24.","UId":"26373290","id":"LFR205/4","stroke":"#800080","stroke-width":2,"stroke-opacity":0.8,"fill":"#ffb9dc","fill-opacity":0.3},"geometry":{"type":"Polygon","coordinates":[[[2.708889,49.510556],[3.157778,49.4375],[3.164722,49.383333],[3.373056,49.316667],[3.483333,49.033333],[3.500833,48.809722],[3.213056,48.790278],[3.084444,48.699167],[3.123889,48.6275],[2.813333,48.455833],[2.747222,48.377222],[1.871944,48.3775],[1.676111,48.546667],[1.576111,48.606667],[1.425278,48.705833],[1.606111,49.059722],[1.723056,49.375278],[1.8525,49.41],[1.899167,49.389444],[2.055833,49.32],[2.165833,49.3125],[2.2425,49.340556],[2.5,49.433333],[2.602778,49.471389],[2.708889,49.510556]]]}},{"type":"Feature","properties":{"name":"140","nameV":"R 140","class":"R","type":"R","lower":"SFC","lowerM":0,"upper":"FL065","upperM":1981,"desc":"Managing authority: BAN LANVEOC TEL: +33(0)2 98 23 30 11 Except for Brest LF-R154 LOW and Toulbroc'h LF-R195 when active. GAT/OAT: Entry upon LANVEOC APP authorization. Activity known on: - LANVEOC APP; - IROISE INFO; - LANDIVISIAU APP; - ARMOR.","activationCode":"HX","activationDesc":"Possible activation H24","UId":"52921532","id":"LFR140","stroke":"#800080","stroke-width":2,"stroke-opacity":0.8,"fill":"#ffb9dc","fill-opacity":0.6},"geometry":{"type":"Polygon","coordinates":[[[-4.616667,48.344444],[-4.616695881095394,48.070349005211625],[-4.621522,48.068386],[-4.630444,48.0731],[-4.630967,48.067508],[-4.644406,48.067978],[-4.665008,48.072778],[-4.671875,48.060142],[-4.689139,48.064353],[-4.694906,48.06035],[-4.714047,48.064786],[-4.71405168005988,48.064714456299804],[-4.714167,48.064722],[-4.883333,48.083333],[-4.883333,48.328889],[-4.715833,48.328889],[-4.664444,48.333611],[-4.616667,48.344444]]]}},{"type":"Feature","properties":{"name":"146 A","nameV":"R 146 A","class":"R","type":"R","lower":"4500FT AMSL","lowerM":1371,"upper":"FL115","upperM":3505,"desc":"Administrator: CCMAR Atlantique (ARMOR) 124.725 MHz. Except for LF-R 506 A COETQUIDAN and LF-R 239 COETQUIDAN SUD when active. VFR: upon ARMOR CCM authorisation. IFR: follow NANTES APP or IROISE APP instructions. Actual activity known on RENNES APP/INFO, NANTES APP/INFO and IROISE APP/INFO.","activationCode":"HX","activationDesc":"MON to FRI except HOL: 0800-2359. TUE-SAT except HOL: 0000-0059.SUM: -1HR.","UId":"1563037","id":"LFR146A","stroke":"#800080","stroke-width":2,"stroke-opacity":0.8,"fill":"#ffb9dc","fill-opacity":0.3},"geometry":{"type":"Polygon","coordinates":[[[-2.346389,48.456667],[-2.206944,48.35],[-2.206944,47.742778],[-2.4475,47.764444],[-3.259167,48.244167],[-3.05,48.338611],[-2.798056,48.381389],[-2.346389,48.456667]]]}},{"type":"Feature","properties":{"name":"195","nameV":"R 195","class":"R","type":"R","lower":"SFC","lowerM":0,"upper":"FL135","upperM":4114,"desc":"Administrator : CCMAR ATLANTIQUE ARMOR 124.725. OAT/GAT: avoidance mandatory. Activation known on: - IROISE APP/INFO - LANDIVISIAU APP - LANVEOC APP.","activationCode":"HX","activationDesc":"Activable du 01 octobre au 31 mai sauf HOL: MON au FRI: 0700 à SS+30. SUM: -1h. \\\\Possible activation from 01st OCT to 31st MAY except HOL: MON to FRI: 0700 to SS+30. SUM: -1h.","UId":"1563591","id":"LFR195","stroke":"#800080","stroke-width":2,"stroke-opacity":0.8,"fill":"#ffb9dc","fill-opacity":0.6},"geometry":{"type":"Polygon","coordinates":[[[-4.683333,48.344444],[-4.616667,48.344444],[-4.616667,48.333333],[-4.666667,48.316667],[-4.683333,48.316667],[-4.683333,48.344444]]]}},{"type":"Feature","properties":{"name":"205 /3","nameV":"R 205 /3","class":"R","type":"R","lower":"2500FT AMSL","lowerM":762,"upper":"3500FT AMSL","upperM":1066,"desc":"Managers:  DE GAULLE APP, ORLY APP. Entry conditions: - IFR GAT flights inbound to or outbound from BEAUVAIS TILLE, MELUN VILLAROCHE, PARIS CHARLES DE GAULLE, PARIS LE BOURGET, PARIS ORLY, PONTOISE CORMEILLES, TOUSSUS LE NOBLE, VILLACOUBLAY VELIZY: Entry authorized after radio contact with one of the managing authorities. - VFR/IFR GAT flights outbound from and IFR/VFR GAT flights inbound to aerodromes not featuring IFR procedures: With connection to the IFR procedures of BEAUVAIS TILLE, MELUN VILLAROCHE, PARIS LE BOURGET, PONTOISE CORMEILLES and TOUSSUS LE NOBLE and as per the instructions from the managing authorities. - Other IFR GAT flights:  Compulsory avoidance except for aircraft having obtained prior permission from the Paris Region Air Navigation Services, with minimum advance notice of 5 working days. For safety reasons, constraints may be imposed on the route, level and time required depending on the need to manage the traffic inbound to and outbound from Paris airports. Authorities to be contacted: SNA-RP (lfff-sub-ctl-bf@aviation-civile.gouv.fr, lfpg-ctl@aviation-civile.gouv.fr, lfpo-sub-ctl@aviation-civile.gouv.fr ). VFR GAT flights: Compulsory avoidance except for aircraft performing assistance, rescue or human safety operations, when these operations are not compatible with area avoidance, upon authorization from one of the managing authorities. OAT flights: Entry authorized after radio contact with one of the managing authorities. This restricted area coexists with the PARIS TMA part 3. Excluding:  - areas LF-R 84 A, LF-R 3100 A-B-J, LF-R 3102 A-B-C-V, LF-R 3103 A-B-F-G-H, LF-R 3104 C, LF-R 3107, LF-R 3109 A-B (La Ferté-Alais), LF-R 3110 (Persan), LF-R 3111 A and LF-R 3112 (Satory) when they are active. - LF-P 21 BRUYERES LE CHATEL, LF-P 23 PARIS and LF-P 25 FONTENAY AUX ROSES: entry prohibited. Exemptions: see AIP ENR 5.1.","activationCode":"H24","activationDesc":"H24.","UId":"26372765","id":"LFR205/3","stroke":"#800080","stroke-width":2,"stroke-opacity":0.8,"fill":"#ffb9dc","fill-opacity":0.3},"geometry":{"type":"Polygon","coordinates":[[[2.708889,49.510556],[3.157778,49.4375],[3.164722,49.383333],[3.238889,48.848333],[3.093056,48.845833],[2.98,48.777778],[2.911667,48.647222],[2.847222,48.522222],[2.685278,48.483333],[2.489167,48.505],[2.395833,48.406389],[1.885278,48.429444],[1.676111,48.546667],[1.695833,48.621667],[1.739444,48.7875],[1.768889,48.899167],[1.742222,49.021111],[1.777778,49.104167],[1.899167,49.389444],[2.055833,49.32],[2.165833,49.3125],[2.2425,49.340556],[2.5,49.433333],[2.602778,49.471389],[2.708889,49.510556]]]}},{"type":"Feature","properties":{"name":"275","nameV":"R 275","class":"R","type":"R","lower":"SFC","lowerM":0,"upper":"2000FT AMSL","upperM":609,"desc":"Administrators: DE GAULLE APP, ORLY APP, LE BOURGET APP, VILLACOUBLAY APP. IFR GAT / OAT: entry allowed when radio contact established with one of the administrators. VFR GAT: avoidance mandatory except for: - ACFT conducting assistance, rescue or public safety missions, when they can't avoid the area, and with one of the administrators' agreement, - flights performed as described in the December 17th 2015 amended statement, related to the use of airspace by unmanned aircraft, and with one of the administrators' agreement, - flights authorised according to procedures described in the following AIP parts: 1- AIP AD2 PARIS CHARLES DE GAULLE, ORLY, LE BOURGET, VILLACOUBLAY, 2- AIP AD3 PARIS ISSY LES MOULINEAUX, 3- traffic to or from ENGHIEN MOISSELLES (see AIP AD 2 LFFE TXT 01), 4- sporting and recreational activities published in ENR 5.5, 5- AIP ENR 1.2 and aeronautical charts 1/250 000 \"Région Parisienne\" and 1/100 000 \"Itinéraires Hélicoptères en CTR PARIS\" (appendix of the February 8th 1984 statement). This area coexists with: - CTR PARIS, - CTR VILLACOUBLAY when active. Except for LF-R 84A and B, LF-R 113, LF-R 262, LF-R 333 and LF-R 3112 (Satory) when active. LF-P 21, LF-P 23, LF-P 25, LF-P 47 and LF-P 82 areas: entry prohibited. Exemptions: see AIP ENR 5.1.","activationCode":"H24","UId":"11048005","id":"LFR275","stroke":"#800080","stroke-width":2,"stroke-opacity":0.8,"fill":"#ffb9dc","fill-opacity":0.6},"geometry":{"type":"Polygon","coordinates":[[[2.696667,49.11],[2.841389,48.993889],[2.838333,48.96],[2.83836,48.960102],[2.836649,48.960183],[2.834935,48.960225],[2.83322,48.960229],[2.831506,48.960195],[2.829794,48.960123],[2.828087,48.960013],[2.826387,48.959865],[2.824695,48.95968],[2.823014,48.959457],[2.821345,48.959196],[2.819691,48.958899],[2.818053,48.958565],[2.816433,48.958195],[2.814833,48.957789],[2.813255,48.957348],[2.811701,48.956872],[2.810172,48.956362],[2.80867,48.955818],[2.807198,48.955241],[2.805755,48.954632],[2.804345,48.953991],[2.802969,48.953319],[2.801629,48.952616],[2.800325,48.951885],[2.79906,48.951125],[2.797835,48.950337],[2.796651,48.949522],[2.795509,48.948681],[2.794412,48.947816],[2.79336,48.946927],[2.792355,48.946015],[2.791397,48.945081],[2.790487,48.944126],[2.789628,48.943152],[2.788819,48.942159],[2.788061,48.941148],[2.787357,48.940122],[2.786705,48.93908],[2.786108,48.938025],[2.786111,48.938056],[2.786111,48.938056],[2.646667,48.916667],[2.646869,48.916708],[2.644826,48.918388],[2.642623,48.919978],[2.64027,48.921472],[2.637774,48.922863],[2.635148,48.924146],[2.632402,48.925316],[2.629547,48.926367],[2.626595,48.927295],[2.623558,48.928097],[2.620449,48.928769],[2.617281,48.929308],[2.614066,48.929712],[2.610819,48.92998],[2.607552,48.93011],[2.604279,48.930102],[2.601014,48.929955],[2.597769,48.929671],[2.59456,48.929251],[2.591398,48.928695],[2.588297,48.928008],[2.585269,48.927191],[2.582328,48.926248],[2.579486,48.925182],[2.576753,48.923999],[2.574142,48.922702],[2.571663,48.921299],[2.569327,48.919793],[2.567143,48.918192],[2.56512,48.916502],[2.563267,48.914729],[2.561591,48.912883],[2.560098,48.910969],[2.558797,48.908996],[2.55769,48.906973],[2.556784,48.904907],[2.556082,48.902807],[2.555586,48.900681],[2.555299,48.898539],[2.555223,48.896389],[2.555278,48.896389],[2.555278,48.896389],[2.559444,48.821667],[2.559402,48.821668],[2.559427,48.820761],[2.559482,48.819854],[2.559566,48.818949],[2.559681,48.818045],[2.559825,48.817143],[2.559999,48.816243],[2.560202,48.815346],[2.560435,48.814452],[2.560698,48.813562],[2.56099,48.812675],[2.561311,48.811793],[2.561661,48.810916],[2.56204,48.810044],[2.562447,48.809178],[2.562884,48.808317],[2.563348,48.807464],[2.56384,48.806616],[2.564361,48.805777],[2.564909,48.804944],[2.565484,48.80412],[2.566086,48.803305],[2.566715,48.802498],[2.56737,48.8017],[2.568052,48.800912],[2.568759,48.800134],[2.569492,48.799366],[2.57025,48.798608],[2.571033,48.797862],[2.57184,48.797127],[2.572671,48.796404],[2.573526,48.795693],[2.574404,48.794995],[2.575305,48.794309],[2.576229,48.793636],[2.577174,48.792976],[2.578141,48.792331],[2.579129,48.791699],[2.580137,48.791081],[2.581166,48.790478],[2.581389,48.790556],[2.581389,48.790556],[2.611944,48.800556],[2.618889,48.698611],[2.488889,48.618889],[2.370833,48.571389],[2.268056,48.570833],[2.121389,48.609444],[2.115833,48.661111],[2.165833,48.708333],[2.159722,48.729167],[2.151667,48.755556],[2.149167,48.764722],[2.117222,48.758333],[2.080556,48.761667],[2.080556,48.786944],[2.089444,48.797222],[2.100556,48.809722],[2.077778,48.911111],[2.321111,49.103611],[2.696667,49.11]]]}},{"type":"Feature","properties":{"name":"205 /2","nameV":"R 205 /2","class":"R","type":"R","lower":"1500FT AMSL","lowerM":457,"upper":"2500FT AMSL","upperM":762,"desc":"Managers:  DE GAULLE APP, ORLY APP. Entry conditions: - IFR GAT flights inbound to or outbound from BEAUVAIS TILLE, MELUN VILLAROCHE, PARIS CHARLES DE GAULLE, PARIS LE BOURGET, PARIS ORLY, PONTOISE CORMEILLES, TOUSSUS LE NOBLE, VILLACOUBLAY VELIZY: Entry authorized after radio contact with one of the managing authorities. - VFR/IFR GAT flights outbound from and IFR/VFR GAT flights inbound to aerodromes not featuring IFR procedures: With connection to the IFR procedures of BEAUVAIS TILLE, MELUN VILLAROCHE, PARIS LE BOURGET, PONTOISE CORMEILLES and TOUSSUS LE NOBLE and as per the instructions from the managing authorities. - Other IFR GAT flights:  Compulsory avoidance except for aircraft having obtained prior permission from the Paris Region Air Navigation Services, with minimum advance notice of 5 working days. For safety reasons, constraints may be imposed on the route, level and time required depending on the need to manage the traffic inbound to and outbound from Paris airports. Authorities to be contacted: SNA-RP (lfff-sub-ctl-bf@aviation-civile.gouv.fr,  lfpg-ctl@aviation-civile.gouv.fr, lfpo-sub-ctl@aviation-civile.gouv.fr). VFR GAT flights: Compulsory avoidance except for aircraft performing assistance, rescue or human safety operations, when these operations are not compatible with area avoidance, upon authorization from one of the managing authorities. OAT flights: Entry authorized after radio contact with one of the managing authorities. This restricted area coexists with the PARIS TMA part 2. Excluding:  - areas LF-R 275 (Paris), LF-R 84 A, LF-R 3103 A-F, LF-R 3109 A (La Ferté-Alais), LF-R 3111 A and LF-R 3112 (Satory), - PARIS and VILLACOUBLAY CTRs, - VILLACOUBLAY TMA,  when they are active. - LF-P 21 BRUYERES LE CHATEL, LF-P 23 PARIS and LF-P 25 FONTENAY AUX ROSES, LF-P47 BALARD: entry prohibited. Exemptions: see AIP ENR 5.1.","activationCode":"H24","UId":"26372627","id":"LFR205/2","stroke":"#800080","stroke-width":2,"stroke-opacity":0.8,"fill":"#ffb9dc","fill-opacity":0.3},"geometry":{"type":"Polygon","coordinates":[[[2.866667,49.232778],[3.060833,48.907778],[2.857778,48.813889],[2.848333,48.728611],[2.721944,48.681389],[2.618889,48.698611],[2.488889,48.618889],[2.489167,48.556111],[2.368333,48.480556],[2.174444,48.490833],[2.025833,48.524167],[1.999167,48.633333],[1.994167,48.653889],[1.988889,48.754167],[1.986944,48.795833],[1.986667,48.798611],[1.996667,48.798889],[1.998333,48.890833],[2.000556,48.990278],[2.197222,49.121111],[2.314444,49.141111],[2.419444,49.16],[2.866667,49.232778]]]}},{"type":"Feature","properties":{"name":"604","nameV":"R 604","class":"R","type":"R","lower":"SFC","lowerM":0,"upper":"1500FT AMSL","upperM":457,"desc":"Administrator: SCI Aérodrome Salis. TEL: +33 (0)1 64 57 52 89/+33 (0)6 82 96 89 49. E-mail: aerodrome.lffq@gmail.com Avoidance mandatory except for: - based ACFT, - authorized ACFT after contact with administrator, - ACFT operating assistance, rescue or public safety missions, when area bypassing is not possible after prior contact on FREQ LA FERTE ALAIS A/A. Actual activity known on LA FERTE ALAIS A/A and PARIS INFO.","activationCode":"HX","activationDesc":"Possible activation: 0800-1100, 1300-1800 (SUM: -1HR) Daytime only","UId":"52920119","id":"LFR604","stroke":"#800080","stroke-width":2,"stroke-opacity":0.8,"fill":"#ffb9dc","fill-opacity":0.6},"geometry":{"type":"Polygon","coordinates":[[[2.355135,48.499441],[2.354811,48.502113],[2.353844,48.504716],[2.35226,48.507182],[2.350098,48.509448],[2.347416,48.511455],[2.344282,48.51315],[2.340779,48.514491],[2.336995,48.515442],[2.333031,48.515978],[2.328988,48.516086],[2.324971,48.515763],[2.321084,48.515017],[2.317429,48.513867],[2.314099,48.512344],[2.311182,48.510487],[2.308752,48.508344],[2.306873,48.50597],[2.305593,48.503427],[2.304945,48.500781],[2.304947,48.498101],[2.305597,48.495456],[2.306879,48.492913],[2.308759,48.49054],[2.31119,48.488398],[2.314107,48.486542],[2.317436,48.485019],[2.32109,48.483871],[2.324974,48.483125],[2.328988,48.482802],[2.333029,48.48291],[2.336991,48.483446],[2.340772,48.484396],[2.344275,48.485736],[2.347408,48.487431],[2.35009,48.489437],[2.352253,48.491702],[2.353839,48.494167],[2.354809,48.49677],[2.355135,48.499441]]]}},{"type":"Feature","properties":{"name":"279","nameV":"R 279","class":"R","type":"R","lower":"2500FT AMSL","lowerM":762,"upper":"FL145","upperM":4419,"desc":"Administrator: VANNES GOLFE DU MORBIHAN AD operator. Airspace defined except for the interfering LF-R 94 A and B MEUCON areas, when active. Avoidance mandatory during activity, except for: - ACFT departing from or arriving at VANNES GOLFE DU MORBIHAN AD, - ACFT dropping parachutists, - ACFT conducting assistance, rescue or public safety missions, when they can't avoid the area. Users' information: - VANNES INFO - NANTES INFO/APP","activationCode":"H24","activationDesc":"Possible activation: 0800-2000. SUM: - 1 HR","UId":"13555690","id":"LFR279","stroke":"#800080","stroke-width":2,"stroke-opacity":0.8,"fill":"#ffb9dc","fill-opacity":0.3},"geometry":{"type":"Polygon","coordinates":[[[-2.6925,47.778056],[-2.568611,47.741111],[-2.651944,47.6775],[-2.838889,47.660833],[-2.837052,47.660827],[-2.836623,47.661992],[-2.836198,47.663157],[-2.835779,47.664323],[-2.835364,47.66549],[-2.834954,47.666658],[-2.834549,47.667827],[-2.83415,47.668996],[-2.833755,47.670166],[-2.833365,47.671337],[-2.83298,47.672508],[-2.8326,47.673681],[-2.832226,47.674854],[-2.831856,47.676027],[-2.831491,47.677202],[-2.831131,47.678377],[-2.830776,47.679553],[-2.830426,47.680729],[-2.830081,47.681907],[-2.829741,47.683084],[-2.829406,47.684263],[-2.829076,47.685442],[-2.828752,47.686622],[-2.828432,47.687802],[-2.828117,47.688983],[-2.827807,47.690165],[-2.827502,47.691347],[-2.827203,47.69253],[-2.826908,47.693713],[-2.826618,47.694897],[-2.826334,47.696082],[-2.826054,47.697267],[-2.82578,47.698452],[-2.82551,47.699638],[-2.825246,47.700825],[-2.824986,47.702012],[-2.824732,47.7032],[-2.824483,47.704388],[-2.824239,47.705576],[-2.823999,47.706765],[-2.823765,47.707955],[-2.823536,47.709145],[-2.823312,47.710335],[-2.823094,47.711526],[-2.82288,47.712717],[-2.822671,47.713909],[-2.822467,47.715101],[-2.822269,47.716293],[-2.822075,47.717486],[-2.821887,47.718679],[-2.821704,47.719873],[-2.821526,47.721067],[-2.821352,47.722261],[-2.821184,47.723455],[-2.821021,47.72465],[-2.820864,47.725845],[-2.820711,47.727041],[-2.820563,47.728237],[-2.820421,47.729433],[-2.820283,47.730629],[-2.820151,47.731826],[-2.820024,47.733022],[-2.819901,47.734219],[-2.819784,47.735417],[-2.819672,47.736614],[-2.819566,47.737812],[-2.819464,47.73901],[-2.819367,47.740208],[-2.819276,47.741406],[-2.819189,47.742605],[-2.819108,47.743803],[-2.819032,47.745002],[-2.818961,47.746201],[-2.818895,47.7474],[-2.818834,47.748599],[-2.818779,47.749799],[-2.818728,47.750998],[-2.818683,47.752198],[-2.818642,47.753397],[-2.818607,47.754597],[-2.818577,47.755797],[-2.818552,47.756996],[-2.818532,47.758196],[-2.818518,47.759396],[-2.818508,47.760596],[-2.818504,47.761796],[-2.818504,47.762996],[-2.81851,47.764195],[-2.818521,47.765395],[-2.818537,47.766595],[-2.818558,47.767795],[-2.818585,47.768995],[-2.818616,47.770194],[-2.818653,47.771394],[-2.818695,47.772594],[-2.818741,47.773793],[-2.818793,47.774992],[-2.820556,47.775],[-2.820556,47.775],[-2.6925,47.778056]]]}},{"type":"Feature","properties":{"name":"278","nameV":"R 278","class":"R","type":"R","lower":"SFC","lowerM":0,"upper":"2500FT AMSL","upperM":762,"desc":"Administrator: VANNES GOLFE DU MORBIHAN AD operator. Defined except for the interfering part of the LF-R 94 A MEUCON, when active. Radio contact mandatory with VANNES INFO or A/A if no AFIS. Users' information on: - VANNES INFO - NANTES INFO","activationCode":"H24","UId":"13555652","id":"LFR278","stroke":"#800080","stroke-width":2,"stroke-opacity":0.8,"fill":"#ffb9dc","fill-opacity":0.6},"geometry":{"type":"Polygon","coordinates":[[[-2.6925,47.778056],[-2.568611,47.741111],[-2.651944,47.6775],[-2.838889,47.660833],[-2.837052,47.660827],[-2.836623,47.661992],[-2.836198,47.663157],[-2.835779,47.664323],[-2.835364,47.66549],[-2.834954,47.666658],[-2.834549,47.667827],[-2.83415,47.668996],[-2.833755,47.670166],[-2.833365,47.671337],[-2.83298,47.672508],[-2.8326,47.673681],[-2.832226,47.674854],[-2.831856,47.676027],[-2.831491,47.677202],[-2.831131,47.678377],[-2.830776,47.679553],[-2.830426,47.680729],[-2.830081,47.681907],[-2.829741,47.683084],[-2.829406,47.684263],[-2.829076,47.685442],[-2.828752,47.686622],[-2.828432,47.687802],[-2.828117,47.688983],[-2.827807,47.690165],[-2.827502,47.691347],[-2.827203,47.69253],[-2.826908,47.693713],[-2.826618,47.694897],[-2.826334,47.696082],[-2.826054,47.697267],[-2.82578,47.698452],[-2.82551,47.699638],[-2.825246,47.700825],[-2.824986,47.702012],[-2.824732,47.7032],[-2.824483,47.704388],[-2.824239,47.705576],[-2.823999,47.706765],[-2.823765,47.707955],[-2.823536,47.709145],[-2.823312,47.710335],[-2.823094,47.711526],[-2.82288,47.712717],[-2.822671,47.713909],[-2.822467,47.715101],[-2.822269,47.716293],[-2.822075,47.717486],[-2.821887,47.718679],[-2.821704,47.719873],[-2.821526,47.721067],[-2.821352,47.722261],[-2.821184,47.723455],[-2.821021,47.72465],[-2.820864,47.725845],[-2.820711,47.727041],[-2.820563,47.728237],[-2.820421,47.729433],[-2.820283,47.730629],[-2.820151,47.731826],[-2.820024,47.733022],[-2.819901,47.734219],[-2.819784,47.735417],[-2.819672,47.736614],[-2.819566,47.737812],[-2.819464,47.73901],[-2.819367,47.740208],[-2.819276,47.741406],[-2.819189,47.742605],[-2.819108,47.743803],[-2.819032,47.745002],[-2.818961,47.746201],[-2.818895,47.7474],[-2.818834,47.748599],[-2.818779,47.749799],[-2.818728,47.750998],[-2.818683,47.752198],[-2.818642,47.753397],[-2.818607,47.754597],[-2.818577,47.755797],[-2.818552,47.756996],[-2.818532,47.758196],[-2.818518,47.759396],[-2.818508,47.760596],[-2.818504,47.761796],[-2.818504,47.762996],[-2.81851,47.764195],[-2.818521,47.765395],[-2.818537,47.766595],[-2.818558,47.767795],[-2.818585,47.768995],[-2.818616,47.770194],[-2.818653,47.771394],[-2.818695,47.772594],[-2.818741,47.773793],[-2.818793,47.774992],[-2.820556,47.775],[-2.820556,47.775],[-2.6925,47.778056]]]}},{"type":"Feature","properties":{"name":"199","nameV":"R 199","class":"R","type":"R","lower":"2500FT AMSL","lowerM":762,"upper":"4500FT AMSL","upperM":1371,"desc":"GAT IFR, OAT A, B and V: upon STRASBOURG APP authorisation 120.410. GAT VFR: Radio listening watch mandatory STRASBOURG APP 120.410. Activity announced on STRASBOURG ATIS 126,930 and STRASBOURG APP 120.410.","activationCode":"HX","activationDesc":"Possible activation SR- 30 to SS+30 According to protocol.","UId":"1562329","id":"LFR199","stroke":"#800080","stroke-width":2,"stroke-opacity":0.8,"fill":"#ffb9dc","fill-opacity":0.3},"geometry":{"type":"Polygon","coordinates":[[[7.8020437453530045,48.57309056748167],[7.804142,48.567036],[7.805658,48.558125],[7.80565,48.549242],[7.803636,48.537119],[7.806669,48.523364],[7.805392,48.5141],[7.801128,48.507361],[7.794264,48.501361],[7.772875,48.493078],[7.768189,48.489619],[7.76715,48.4868],[7.766375,48.461733],[7.762964,48.450775],[7.733628,48.398997],[7.730997,48.385633],[7.733147,48.371092],[7.745522,48.333514],[7.744663460255988,48.32862127212183],[7.744722,48.328611],[7.69,48.353889],[7.6675,48.354722],[7.748889,48.5575],[7.8020437453530045,48.57309056748167]]]}},{"type":"Feature","properties":{"name":"252","nameV":"R 252","class":"R","type":"R","lower":"SFC","lowerM":0,"upper":"3500FT AMSL","upperM":1066,"desc":"Administrator: CFIM Dieuze, TEL: 03 87 05 87 02. OAT/GAT: Avoidance mandatory throughout activity. Activity known on: - PHALSBOURG APP 118.450 MHz, - STRASBOURG INFO 119.450 MHz, - STRASBOURG APP 120.410 MHz.","activationCode":"HX","activationDesc":"Possible activation: - MON-THU except HOL: 0600-1700, SUM: -1 HR, - from 01/10 to 31/03, TUE and WED: 1900-2100, SUM: -1 HR, - from 01/04 to 30/09, TUE and WED: 2000-2200.","UId":"1613158","id":"LFR252","stroke":"#800080","stroke-width":2,"stroke-opacity":0.8,"fill":"#ffb9dc","fill-opacity":0.6},"geometry":{"type":"Polygon","coordinates":[[[6.723611,48.7775],[6.717778,48.778056],[6.698889,48.788056],[6.711111,48.795278],[6.723333,48.783889],[6.723611,48.7775]]]}},{"type":"Feature","properties":{"name":"248","nameV":"R 248","class":"R","type":"R","lower":"SFC","lowerM":0,"upper":"1500FT AMSL","upperM":457,"desc":"Administrator: 1st infantry of marine parachute regiment (RPIMa): Shooting officer: 05 59 50 54 33 UAV cell: 05 59 50 54 45 Duty officer: 05 59 50 54 09 GAT: avoidance mandatory throughout activity. OAT: upon administrator authorization. Actual activity known on: - BIARRITZ TWR; - BIARRITZ INFO; - PYRENEES INFO outside BIARRITZ opening times.","activationCode":"HX","activationDesc":"Possible activation: - from 16/09 to 14/06:  from MON 0500 to FRI 1100, except public HOL. - from 15/06 to 15/09: TUE 0500-0900, except public HOL. SUM: - 1HR.","UId":"1564921","id":"LFR248","stroke":"#800080","stroke-width":2,"stroke-opacity":0.8,"fill":"#ffb9dc","fill-opacity":0.6},"geometry":{"type":"Polygon","coordinates":[[[-1.506389,43.5375],[-1.515556,43.538056],[-1.523056,43.5675],[-1.49,43.567222],[-1.506389,43.5375]]]}},{"type":"Feature","properties":{"name":"338","nameV":"R 338","class":"R","type":"R","lower":"SFC","lowerM":0,"upper":"2000FT AMSL","upperM":609,"desc":"Administrator: 1st infantry of marine parachute regiment (RPIMa): UAV cell: 05 59 50 54 45 Duty officer: 05 59 50 54 09 GAT/OAT: mandatory avoidance Actual activity known on: - BIARRITZ TWR; - BIARRITZ INFO; - PYRENEES INFO outside BIARRITZ opening times.","activationCode":"NOTAM","activationDesc":"Possible activation from MON 0500 to FRI 1100, except public HOL. SUM: - 1 HR","UId":"32513648","id":"LFR338","stroke":"#800080","stroke-width":2,"stroke-opacity":0.8,"fill":"#ffb9dc","fill-opacity":0.6},"geometry":{"type":"Polygon","coordinates":[[[-1.424417,43.546617],[-1.415278,43.588611],[-1.337778,43.570278],[-1.398333,43.533611],[-1.424417,43.546617]]]}},{"type":"Feature","properties":{"name":"337","nameV":"R 337","class":"R","type":"R","lower":"SFC","lowerM":0,"upper":"2000FT AMSL","upperM":609,"desc":"Administrator: 1st infantry of marine parachute regiment (RPIMa): UAV cell: 05 59 50 54 45 Duty officer: 05 59 50 54 09 GAT/OAT: mandatory avoidance Actual activity known on: - BIARRITZ TWR; - BIARRITZ INFO; - PYRENEES INFO outside BIARRITZ opening times.","activationCode":"NOTAM","activationDesc":"Possible activation from MON 0500 to FRI 1100, except public HOL. SUM: - 1 HR","UId":"32513659","id":"LFR337","stroke":"#800080","stroke-width":2,"stroke-opacity":0.8,"fill":"#ffb9dc","fill-opacity":0.6},"geometry":{"type":"Polygon","coordinates":[[[-1.561944,43.3775],[-1.484167,43.369167],[-1.481944,43.379167],[-1.514444,43.401389],[-1.536944,43.390556],[-1.565,43.392222],[-1.561944,43.3775]]]}},{"type":"Feature","properties":{"name":"112","nameV":"R 112","class":"R","type":"R","lower":"SFC","lowerM":0,"upper":"3000FT AMSL","upperM":914,"desc":"Administrator: DGA TA TEL: 06 17 13 15 58 / 07 72 07 83 15 / 06 80 45 73 44 / 06 17 13 15 50. Except for LF-D 178 area when activated. Avoidance mandatory, except with clearance from TOULOUSE APP 125.175 MHz, for: - IFR on DEP and ARR on Toulouse-Francazal AD, - IFR on DEP and ARR on Muret-Lherm AD, - ACFT performing rescue, assistance, police or customs missions, - ACFT whose mission justifies the need.","activationCode":"HX","activationDesc":"Possible activation H24.","timeScheduling":{"1":["UTC(01/01->31/12)","ANY(00:00->23:59)"]},"UId":"7118637","id":"LFR112","stroke":"#800080","stroke-width":2,"stroke-opacity":0.8,"fill":"#ffb9dc","fill-opacity":0.6},"geometry":{"type":"Polygon","coordinates":[[[1.339444,43.580278],[1.258333,43.477222],[1.213333,43.491944],[1.174167,43.442222],[1.100556,43.469167],[1.158056,43.5425],[1.140556,43.589444],[1.268889,43.603611],[1.339444,43.580278]]]}},{"type":"Feature","properties":{"name":"336 A","nameV":"R 336 A","class":"R","type":"R","lower":"SFC","lowerM":0,"upper":"2000FT AMSL","upperM":609,"desc":"Administrator: 1st infantry of marine parachute regiment (RPIMa): UAV cell: 05 59 50 54 45 Duty officer: 05 59 50 54 09 GAT/OAT: mandatory avoidance  Actual activity known on: - BIARRITZ TWR; - BIARRITZ INFO; - PYRENEES INFO outside BIARRITZ opening times.","activationCode":"NOTAM","activationDesc":"Possible activation from MON 0500 to FRI 1100, except public HOL. SUM: - 1 HR","UId":"32513428","id":"LFR336A","stroke":"#800080","stroke-width":2,"stroke-opacity":0.8,"fill":"#ffb9dc","fill-opacity":0.6},"geometry":{"type":"Polygon","coordinates":[[[-1.403636,43.408103],[-1.375447,43.426047],[-1.369167,43.392222],[-1.394444,43.396389],[-1.403636,43.408103]]]}},{"type":"Feature","properties":{"name":"336 B","nameV":"R 336 B","class":"R","type":"R","lower":"2000FT AMSL","lowerM":609,"upper":"3000FT AMSL","upperM":914,"desc":"Administrator: 1st infantry of marine parachute regiment (RPIMa): UAV cell: 05 59 50 54 45 Duty officer: 05 59 50 54 09 GAT/OAT: mandatory avoidance Actual activity known on: - BIARRITZ TWR; - BIARRITZ INFO; - PYRENEES INFO outside BIARRITZ opening times.","activationCode":"NOTAM","activationDesc":"Possible activation from MON 0500 to FRI 1100, except public HOL. SUM: - 1 HR","UId":"32513460","id":"LFR336B","stroke":"#800080","stroke-width":2,"stroke-opacity":0.8,"fill":"#ffb9dc","fill-opacity":0.3},"geometry":{"type":"Polygon","coordinates":[[[-1.403636,43.408103],[-1.375447,43.426047],[-1.369167,43.392222],[-1.394444,43.396389],[-1.403636,43.408103]]]}},{"type":"Feature","properties":{"name":"170 B","nameV":"R 170 B","class":"R","type":"R","lower":"4000FT AMSL","lowerM":1219,"upper":"FL195","upperM":5943,"desc":"Manager: DGA EV Operations office Cazaux: 05 57 15 40 29 Activable only within activity slots of LF-R 31 A5 CAM/CAG: bypassing mandatory CAZAUX APP or RAI 119.6 AQUITAINE INFO BLW FL145 BORDEAUX ACC ABV FL145","activationCode":"HO","activationDesc":"Activable H24","UId":"27272271","id":"LFR170B","stroke":"#800080","stroke-width":2,"stroke-opacity":0.8,"fill":"#ffb9dc","fill-opacity":0.3},"geometry":{"type":"Polygon","coordinates":[[[-1.016667,44.580556],[-0.977778,44.580556],[-0.977778,44.580508],[-0.971286,44.58036],[-0.96482,44.579915],[-0.958408,44.579176],[-0.952076,44.578145],[-0.945849,44.576827],[-0.939755,44.575227],[-0.933817,44.573352],[-0.928061,44.57121],[-0.922509,44.568809],[-0.917185,44.566159],[-0.912111,44.563272],[-0.907308,44.560158],[-0.902795,44.556832],[-0.89859,44.553306],[-0.894712,44.549596],[-0.891176,44.545715],[-0.887997,44.541682],[-0.885187,44.537511],[-0.882758,44.53322],[-0.88072,44.528828],[-0.879082,44.524351],[-0.877849,44.519809],[-0.877027,44.515219],[-0.87662,44.510602],[-0.876628,44.505975],[-0.877051,44.501358],[-0.877889,44.49677],[-0.879136,44.49223],[-0.880789,44.487756],[-0.88284,44.483367],[-0.88528,44.47908],[-0.8881,44.474914],[-0.891288,44.470885],[-0.89483,44.46701],[-0.898713,44.463305],[-0.902919,44.459785],[-0.907433,44.456464],[-0.912235,44.453357],[-0.917305,44.450475],[-0.922624,44.447831],[-0.928168,44.445435],[-0.933915,44.443297],[-0.939842,44.441426],[-0.945924,44.43983],[-0.952137,44.438515],[-0.958455,44.437487],[-0.964852,44.43675],[-0.971302,44.436306],[-0.977778,44.436158],[-0.977778,44.436111],[-0.977778,44.436111],[-1.175,44.436111],[-1.175,44.508333],[-1.016667,44.580556]]]}},{"type":"Feature","properties":{"name":"49 L2","nameV":"R 49 L2 (SeeNotam)","class":"R","type":"R","lower":"3300FT AMSL","lowerM":1005,"upper":"4000FT AMSL","upperM":1219,"desc":"Administrator: COGNAC APP Except for COGNAC CTA or LF-R 49 E2, LIMOGES TMA part 4, MONT-MORILLON LF-R 24 when active and except for CIVAUX LF-P 2. IFR: with authorisation. VFR/OAT: upon COGNAC APP authorisation. Actual activity known on: - COGNAC APP or RAI 132.450 MHz - AQUITAINE INFO - LIMOGES INFO - POITIERS INFO ","activationCode":"HX","activationDesc":"Possible activation: - MON-FRI except public HOL: 0700-2300, - SAT: 0700-1100. SUM: - 1HR Other hours: activity announced by NOTAM.","UId":"29827951","id":"LFR49L2","stroke":"#800080","stroke-width":2,"stroke-opacity":0.8,"fill":"#ffb9dc","fill-opacity":0.3},"geometry":{"type":"Polygon","coordinates":[[[0.325556,46.424167],[0.325656,46.424095],[0.328847,46.424376],[0.332032,46.424687],[0.33521,46.425029],[0.338381,46.425402],[0.341544,46.425805],[0.344699,46.426238],[0.347845,46.426702],[0.350981,46.427196],[0.354107,46.42772],[0.357222,46.428275],[0.360325,46.428859],[0.363416,46.429473],[0.366495,46.430116],[0.36956,46.430789],[0.372612,46.431492],[0.375648,46.432223],[0.37867,46.432984],[0.381676,46.433774],[0.384666,46.434593],[0.38764,46.43544],[0.390595,46.436316],[0.393533,46.437221],[0.396452,46.438153],[0.399352,46.439114],[0.402233,46.440102],[0.405093,46.441118],[0.407932,46.442161],[0.41075,46.443232],[0.413546,46.444329],[0.41632,46.445453],[0.41907,46.446604],[0.421797,46.447781],[0.424501,46.448985],[0.427179,46.450214],[0.429832,46.451469],[0.43246,46.452749],[0.435062,46.454054],[0.437637,46.455385],[0.440184,46.45674],[0.442705,46.458119],[0.445197,46.459522],[0.44766,46.460949],[0.450094,46.4624],[0.452499,46.463874],[0.454874,46.465371],[0.457218,46.466891],[0.459531,46.468433],[0.461813,46.469998],[0.464062,46.471584],[0.46628,46.473191],[0.468465,46.47482],[0.470616,46.476469],[0.472734,46.47814],[0.474818,46.47983],[0.474444,46.479722],[0.474444,46.479722],[0.919444,46.438889],[0.916667,46.153333],[0.908333,45.841667],[0.859722,45.798889],[0.685833,45.633333],[0.166667,45.132778],[0.166667,45.45],[0.093611,45.5],[-0.508333,45.5],[-0.157778,45.694167],[0.325556,46.424167]]]}},{"type":"Feature","properties":{"name":"93","nameV":"R 93","class":"R","type":"R","lower":"SFC","lowerM":0,"upper":"2000FT AMSL","upperM":609,"desc":"Administrator: 3rd RHC. IFR: upon ETAIN APP authorisation. VFR: Authorised after radio contact, follow ETAIN APP instructions. Inactivity announced on RAI 120.125.","activationCode":"HX","activationDesc":"Possible activation H24","timeScheduling":{"1":["UTCW(01/01->31/12)","WD(07:00->16:00)"]},"UId":"1613226","id":"LFR93","stroke":"#800080","stroke-width":2,"stroke-opacity":0.8,"fill":"#ffb9dc","fill-opacity":0.6},"geometry":{"type":"Polygon","coordinates":[[[5.533998,48.893045],[5.533348,48.898389],[5.531401,48.903594],[5.528209,48.908528],[5.523853,48.91306],[5.518447,48.917075],[5.51213,48.920467],[5.505066,48.923149],[5.497438,48.925051],[5.489444,48.926124],[5.481292,48.92634],[5.473192,48.925693],[5.465356,48.924201],[5.457986,48.921901],[5.451273,48.918854],[5.445393,48.915139],[5.440496,48.910852],[5.43671,48.906103],[5.434132,48.901017],[5.432829,48.895725],[5.432835,48.890365],[5.434148,48.885074],[5.436734,48.87999],[5.440526,48.875245],[5.445426,48.870961],[5.451306,48.867249],[5.458015,48.864205],[5.465378,48.861908],[5.473205,48.860418],[5.481294,48.859772],[5.489436,48.859988],[5.49742,48.861059],[5.50504,48.862959],[5.512099,48.865638],[5.518413,48.869027],[5.523821,48.873038],[5.528181,48.877567],[5.531381,48.882498],[5.533337,48.887702],[5.533998,48.893045]]]}},{"type":"Feature","properties":{"name":"196 C EST","nameV":"R 196 C EST (SeeNotam)","class":"R","type":"R","lower":"1000FT AGL","ordinalLowerM":304,"lowerM":304,"upper":"3300FT AGL","ordinalUpperM":1005,"upperM":1005,"groundEstimatedHeight":[0,0,0,0],"desc":"Administrator: CCMAR MED Simultaneous activation with LF-R196 A1 East Activity schedule available on: SOFIA Briefing: https://sofia-briefing.aviation-civile.gouv.fr GAT/OAT: Avoidance mandatory throughout activity except for: - ACFT taking part in exercises, - ACFT performing emergency assistance, rescue and public safety as part of their missions when the area avoidance is not possible, and after notification to the administrator. Activation known on: CCMAR MED MARSEILLE INFO NICE INFO.","activationCode":"HX","activationDesc":"Activation by NOTAM in accordance with letters of agreement, from 01st JAN to 30th JUN and from 16th SEP to 31st DEC Except: - WED from 1100 (SUM -1H) to SS+30 - SAT, SUN and public HOL SR-30 to SS+30.","UId":"1562577","id":"LFR19660","stroke":"#800080","stroke-width":2,"stroke-opacity":0.8,"fill":"#ffb9dc","fill-opacity":0.3},"geometry":{"type":"Polygon","coordinates":[[[6.233333,44.246667],[6.647778,44.081111],[6.721389,43.726111],[6.347222,43.753889],[6.348611,43.849444],[6.348861,43.849445],[6.348841,43.851749],[6.348731,43.854053],[6.348534,43.856353],[6.348249,43.858648],[6.347875,43.860937],[6.347414,43.863218],[6.346865,43.865488],[6.34623,43.867747],[6.345508,43.869992],[6.3447,43.872222],[6.343807,43.874435],[6.342829,43.876629],[6.341767,43.878803],[6.340622,43.880955],[6.339395,43.883083],[6.338087,43.885186],[6.336698,43.887262],[6.335231,43.889309],[6.333685,43.891327],[6.332062,43.893313],[6.330363,43.895265],[6.32859,43.897183],[6.326744,43.899065],[6.324826,43.90091],[6.322838,43.902715],[6.320782,43.90448],[6.318658,43.906204],[6.316469,43.907884],[6.314216,43.90952],[6.311901,43.911111],[6.309525,43.912655],[6.307092,43.914151],[6.304601,43.915597],[6.302056,43.916994],[6.299458,43.918339],[6.296809,43.919632],[6.294112,43.920871],[6.291368,43.922056],[6.288579,43.923186],[6.285748,43.92426],[6.282877,43.925277],[6.279967,43.926237],[6.277022,43.927138],[6.274043,43.927979],[6.271033,43.928762],[6.267994,43.929483],[6.264928,43.930144],[6.261838,43.930744],[6.258727,43.931281],[6.255595,43.931757],[6.252447,43.93217],[6.249284,43.932519],[6.246108,43.932806],[6.242923,43.933029],[6.23973,43.933188],[6.236533,43.933284],[6.233333,43.933316],[6.233333,43.933333],[6.233333,43.933333],[6.233333,44.246667]]]}},{"type":"Feature","properties":{"name":"196 C OUEST","nameV":"R 196 C OUEST (SeeNotam)","class":"R","type":"R","lower":"1000FT AGL","ordinalLowerM":304,"lowerM":304,"upper":"3300FT AGL","ordinalUpperM":1005,"upperM":1005,"groundEstimatedHeight":[0,0,0,0],"desc":"Administrator: CCMAR MED Simultaneous activation with LF-R196 A1 East Activity schedule available on: SOFIA Briefing: https://sofia-briefing.aviation-civile.gouv.fr GAT/OAT: Avoidance mandatory throughout activity except for: - ACFT taking part in exercises, - ACFT performing emergency assistance, rescue and public safety as part of their missions when the area avoidance is not possible, and after notification to the administrator. Activation known on: CCMAR MED MARSEILLE INFO NICE INFO.","activationCode":"HX","activationDesc":"Activation by NOTAM in accordance with letters of agreement, from 01st JAN to 30th JUN and from 16th SEP to 31st DEC Except: - WED from 1100 (SUM -1H) to SS+30 - SAT, SUN and public HOL SR-30 to SS+30.","UId":"1562563","id":"LFR19670","stroke":"#800080","stroke-width":2,"stroke-opacity":0.8,"fill":"#ffb9dc","fill-opacity":0.3},"geometry":{"type":"Polygon","coordinates":[[[5.983611,44.345],[6.233333,44.246667],[6.233333,43.933333],[6.233333,43.933315],[6.230147,43.933283],[6.226963,43.933188],[6.223784,43.93303],[6.220612,43.932809],[6.21745,43.932525],[6.2143,43.932178],[6.211164,43.931768],[6.208045,43.931297],[6.204946,43.930764],[6.201868,43.930169],[6.198815,43.929514],[6.195787,43.928798],[6.192788,43.928023],[6.18982,43.927188],[6.186885,43.926294],[6.183986,43.925343],[6.181124,43.924334],[6.178302,43.923269],[6.175522,43.922148],[6.172785,43.920972],[6.170095,43.919742],[6.167453,43.91846],[6.164862,43.917125],[6.162322,43.91574],[6.159836,43.914305],[6.157407,43.91282],[6.155035,43.911288],[6.152722,43.90971],[6.150471,43.908086],[6.148284,43.906418],[6.14616,43.904708],[6.144104,43.902956],[6.142115,43.901163],[6.140195,43.899332],[6.138346,43.897463],[6.13657,43.895559],[6.134867,43.893619],[6.133239,43.891647],[6.131687,43.889643],[6.130212,43.887609],[6.128816,43.885547],[6.127499,43.883457],[6.126262,43.881343],[6.125107,43.879204],[6.124034,43.877043],[6.123045,43.874862],[6.122139,43.872662],[6.121317,43.870445],[6.120581,43.868213],[6.11993,43.865966],[6.119365,43.863708],[6.118887,43.861439],[6.118496,43.859161],[6.118191,43.856877],[6.117975,43.854588],[6.117845,43.852295],[6.117804,43.85],[6.118056,43.85],[6.118056,43.85],[6.118333,43.77],[5.983611,43.779444],[5.983611,44.015],[5.98359,44.015033],[5.989016,44.014715],[5.994459,44.014737],[5.99988,44.015098],[6.005237,44.015797],[6.010489,44.016827],[6.015597,44.018181],[6.020523,44.019848],[6.025229,44.021817],[6.02968,44.024072],[6.033842,44.026596],[6.037683,44.02937],[6.041176,44.032374],[6.044293,44.035584],[6.04701,44.038977],[6.049308,44.042527],[6.051169,44.046206],[6.052578,44.049988],[6.053525,44.053843],[6.054003,44.057743],[6.054007,44.061658],[6.053539,44.065559],[6.0526,44.069415],[6.051199,44.073199],[6.049346,44.07688],[6.047055,44.080432],[6.044342,44.083828],[6.041229,44.087042],[6.037739,44.090049],[6.033898,44.092827],[6.029735,44.095354],[6.025282,44.097613],[6.020572,44.099585],[6.015642,44.101255],[6.010528,44.102612],[6.005269,44.103644],[5.999904,44.104344],[5.994476,44.104707],[5.989024,44.104729],[5.98359,44.104411],[5.983611,44.104444],[5.983611,44.104444],[5.983611,44.345]]]}},{"type":"Feature","properties":{"name":"196 C SUP","nameV":"R 196 C SUP (SeeNotam)","class":"R","type":"R","lower":"3300FT AGL","ordinalLowerM":1005,"lowerM":1005,"upper":"8500FT AMSL","upperM":2590,"groundEstimatedHeight":[0,0,0,0],"desc":"Administrator: CCMAR MED Simultaneous activation with LF-R196 A1 East Activity schedule available on: SOFIA Briefing: https://sofia-briefing.aviation-civile.gouv.fr GAT/OAT: Avoidance mandatory throughout activity except for: - ACFT taking part in exercises, - ACFT performing emergency assistance, rescue and public safety as part of their missions when the area avoidance is not possible, and after notification to the administrator. Activation known on: CCMAR MED MARSEILLE INFO NICE INFO.","activationCode":"HX","activationDesc":"Activation by NOTAM in accordance with letters of agreement, from 01st JAN to 30th JUN and from 16th SEP to 31st DEC Except: - WED from 1100 (SUM -1H) to SS+30 - SAT, SUN and public HOL SR-30 to SS+30.","UId":"1562603","id":"LFR19680","stroke":"#800080","stroke-width":2,"stroke-opacity":0.8,"fill":"#ffb9dc","fill-opacity":0.3},"geometry":{"type":"Polygon","coordinates":[[[5.983611,44.345],[6.233333,44.246667],[6.438611,44.165],[6.647778,44.081111],[6.721389,43.726111],[5.983611,43.779444],[5.983611,44.015],[5.98359,44.015033],[5.989016,44.014715],[5.994459,44.014737],[5.99988,44.015098],[6.005237,44.015797],[6.010489,44.016827],[6.015597,44.018181],[6.020523,44.019848],[6.025229,44.021817],[6.02968,44.024072],[6.033842,44.026596],[6.037683,44.02937],[6.041176,44.032374],[6.044293,44.035584],[6.04701,44.038977],[6.049308,44.042527],[6.051169,44.046206],[6.052578,44.049988],[6.053525,44.053843],[6.054003,44.057743],[6.054007,44.061658],[6.053539,44.065559],[6.0526,44.069415],[6.051199,44.073199],[6.049346,44.07688],[6.047055,44.080432],[6.044342,44.083828],[6.041229,44.087042],[6.037739,44.090049],[6.033898,44.092827],[6.029735,44.095354],[6.025282,44.097613],[6.020572,44.099585],[6.015642,44.101255],[6.010528,44.102612],[6.005269,44.103644],[5.999904,44.104344],[5.994476,44.104707],[5.989024,44.104729],[5.98359,44.104411],[5.983611,44.104444],[5.983611,44.104444],[5.983611,44.345]]]}},{"type":"Feature","properties":{"name":"221 B","nameV":"R 221 B (SeeNotam)","class":"R","type":"R","lower":"SFC","lowerM":0,"upper":"FL240","upperM":7315,"desc":"Administrator: 93rd mountain artillery regiment. GAT: avoidance mandatory. OAT: with authorization from administrator. Activity schedule available by answering machine (24/7): 04 56 85 77 05.  Actual activity known on: - MARSEILLE ACC/FIC - Safety officer: 06 73 90 50 33 Not AMC-manageable.","activationCode":"NOTAM","activationDesc":"Possible activation HN by NOTAM. Activation schedules stated in France AUP.","timeScheduling":{"1":["UTC(01/01->31/12)","ANY(SS->SR)"]},"UId":"1564515","id":"LFR221B","stroke":"#800080","stroke-width":2,"stroke-opacity":0.8,"fill":"#ffb9dc","fill-opacity":0.6},"geometry":{"type":"Polygon","coordinates":[[[6.486111,45.0],[6.666667,45.0],[6.666667,44.973611],[6.486111,44.973611],[6.486111,45.0]]]}},{"type":"Feature","properties":{"name":"196 A1 SUP","nameV":"R 196 A1 SUP (SeeNotam)","class":"R","type":"R","lower":"FL155","lowerM":4724,"upper":"FL195","upperM":5943,"desc":"Except for LF-R221 A and B when active. Administrator: CCMAR MED Simultaneous activation with LF-R196 A1 East. Activation simultanée avec LF-R196 A1 Est. Activity schedule available on: SOFIA Briefing: https://sofia-briefing.aviation-civile.gouv.fr GAT/OAT: Avoidance mandatory throughout activity except for: - ACFT taking part in exercises, - ACFT performing emergency assistance, rescue and public safety as part of their missions when the area avoidance is not possible, and after notification to the administrator. Activation known on: CCMAR MED MARSEILLE INFO NICE INFO.","activationCode":"HX","activationDesc":"Activation by NOTAM in accordance with letters of agreement, from 01st JAN to 30th JUN and from 16th SEP to 31st DEC Except: - WED from 1100 (SUM -1H) to SS+30 - SAT, SUN and public HOL SR-30 to SS+30.","UId":"1562555","id":"LFR19630","stroke":"#800080","stroke-width":2,"stroke-opacity":0.8,"fill":"#ffb9dc","fill-opacity":0.1},"geometry":{"type":"Polygon","coordinates":[[[5.889167,45.015833],[6.745648971950179,45.01056034956492],[6.745667,45.010175],[6.750008,45.002156],[6.751167,44.995867],[6.7372,44.993317],[6.737844,44.990125],[6.749364,44.984658],[6.750394,44.977183],[6.755722,44.975239],[6.763589,44.970561],[6.764792,44.95935],[6.756197,44.945892],[6.753489,44.9451],[6.751511,44.941578],[6.743603,44.936231],[6.746053,44.935561],[6.754133,44.937597],[6.758344,44.936447],[6.7609,44.931211],[6.754153,44.93135],[6.752522,44.926481],[6.748975,44.922586],[6.750739,44.920017],[6.751811,44.918464],[6.750414,44.906525],[6.753208,44.905078],[6.764339,44.902403],[6.772461,44.902933],[6.778758,44.897261],[6.780414,44.893731],[6.783658,44.893183],[6.785742,44.888758],[6.800417,44.890811],[6.800333,44.884042],[6.804672,44.877958],[6.808864,44.875508],[6.827836,44.868008],[6.831061,44.866853],[6.835208,44.863111],[6.842061,44.859581],[6.855406,44.857056],[6.864194,44.850394],[6.8718,44.850044],[6.878225,44.850653],[6.878351573711042,44.85060335699264],[6.878333,44.850556],[6.9375306202631215,44.602777254511174],[6.937425,44.598439],[6.933386,44.595925],[6.933622,44.585044],[6.931817,44.582608],[6.933064,44.573983],[6.929711,44.572092],[6.918453,44.569578],[6.9125,44.568528],[6.915464,44.562475],[6.91555,44.559094],[6.904569,44.556228],[6.901025,44.554003],[6.8972,44.555406],[6.891569,44.554247],[6.889186,44.552297],[6.882028,44.552419],[6.878636,44.554369],[6.876056,44.550225],[6.876636,44.546278],[6.87335,44.546094],[6.8689,44.536708],[6.857492,44.533522],[6.853514,44.528022],[6.857769,44.520967],[6.856825,44.514672],[6.859189,44.509278],[6.858886,44.506339],[6.862928,44.499525],[6.865117,44.496875],[6.868233,44.492836],[6.877108,44.487883],[6.876592,44.481422],[6.884822,44.475769],[6.892944,44.471944],[6.902958,44.469353],[6.906353,44.466747],[6.909297,44.458581],[6.911533,44.452667],[6.914047,44.44965],[6.922858,44.445503],[6.937103,44.438875],[6.939403,44.434225],[6.948083,44.429717],[6.945786,44.427339],[6.933472,44.429853],[6.932375,44.424639],[6.923803,44.422936],[6.917142,44.4272],[6.902958,44.421003],[6.898425,44.421692],[6.895503,44.420772],[6.892686,44.420036],[6.895094,44.408914],[6.897631,44.405217],[6.894514,44.400522],[6.895417,44.396808],[6.896447,44.394003],[6.895308,44.387789],[6.895725057706516,44.379175185318815],[6.895556,44.379167],[6.89441,44.379224],[6.888284,44.377786],[6.882172,44.37632],[6.876072,44.374828],[6.869986,44.373309],[6.863913,44.371762],[6.857854,44.370189],[6.851809,44.368588],[6.845778,44.366961],[6.839762,44.365307],[6.83376,44.363627],[6.827773,44.361919],[6.821801,44.360185],[6.815845,44.358425],[6.809904,44.356638],[6.803979,44.354825],[6.79807,44.352986],[6.792177,44.35112],[6.786301,44.349228],[6.780442,44.347311],[6.7746,44.345367],[6.768774,44.343397],[6.762967,44.341401],[6.757176,44.33938],[6.751404,44.337333],[6.74565,44.33526],[6.739914,44.333162],[6.734197,44.331038],[6.728498,44.328889],[6.722819,44.326715],[6.717158,44.324516],[6.711517,44.322291],[6.705896,44.320041],[6.700294,44.317767],[6.694713,44.315468],[6.689152,44.313143],[6.683611,44.310795],[6.678091,44.308421],[6.672592,44.306023],[6.667114,44.303601],[6.661658,44.301155],[6.656223,44.298684],[6.65081,44.296189],[6.645418,44.29367],[6.640049,44.291128],[6.634703,44.288561],[6.629379,44.285971],[6.624077,44.283357],[6.618799,44.28072],[6.613544,44.278059],[6.608312,44.275375],[6.603104,44.272668],[6.59792,44.269937],[6.59276,44.267184],[6.587623,44.264408],[6.582512,44.261609],[6.577425,44.258787],[6.572362,44.255943],[6.567325,44.253076],[6.562313,44.250188],[6.557326,44.247276],[6.552365,44.244343],[6.547429,44.241388],[6.54252,44.238411],[6.537636,44.235412],[6.532779,44.232392],[6.527948,44.22935],[6.523144,44.226286],[6.518367,44.223201],[6.513617,44.220096],[6.508894,44.216969],[6.504198,44.213821],[6.49953,44.210652],[6.49489,44.207463],[6.490278,44.204253],[6.485694,44.201023],[6.481138,44.197772],[6.47661,44.194502],[6.472111,44.191211],[6.467641,44.1879],[6.4632,44.184569],[6.458788,44.181219],[6.454405,44.177849],[6.450051,44.17446],[6.445728,44.171052],[6.441434,44.167624],[6.437169,44.164178],[6.438611,44.165],[6.438611,44.165],[6.233333,44.246667],[5.983611,44.345],[5.733889,44.442778],[5.889167,45.015833]]]}},{"type":"Feature","properties":{"name":"196 A2","nameV":"R 196 A2 (SeeNotam)","class":"R","type":"R","lower":"3300FT AGL","ordinalLowerM":1005,"lowerM":1005,"upper":"FL165","upperM":5029,"groundEstimatedHeight":[0,0,0,0],"desc":"Administrator: CCMAR MED Simultaneous activation with LF-R196 A1 East Activity schedule available on: SOFIA Briefing: https://sofia-briefing.aviation-civile.gouv.fr GAT/OAT: Avoidance mandatory throughout activity except for: - ACFT taking part in exercises, - ACFT performing emergency assistance, rescue and public safety as part of their missions when the area avoidance is not possible, and after notification to the administrator. Activation known on: CCMAR MED MARSEILLE INFO NICE INFO.","activationCode":"HX","activationDesc":"Activation by NOTAM in accordance with letters of agreement, from 01st JAN to 30th JUN and from 16th SEP to 31st DEC Except: - WED from 1100 (SUM -1H) to SS+30 - SAT, SUN and public HOL SR-30 to SS+30.","UId":"1562571","id":"LFR196A2","stroke":"#800080","stroke-width":2,"stroke-opacity":0.8,"fill":"#ffb9dc","fill-opacity":0.3},"geometry":{"type":"Polygon","coordinates":[[[6.895725057706516,44.379175185318815],[6.895825,44.377111],[6.896383,44.373628],[6.893783,44.369181],[6.887703,44.366497],[6.887744,44.360989],[6.901239,44.357828],[6.906397,44.357872],[6.913058,44.353256],[6.919719,44.352119],[6.922364,44.350294],[6.921483,44.345661],[6.922169,44.341858],[6.924103,44.339956],[6.927714,44.332208],[6.937039,44.328172],[6.939253,44.324536],[6.943272,44.323417],[6.947225,44.320258],[6.953133,44.318522],[6.954894,44.314642],[6.960567,44.310808],[6.959514,44.306894],[6.957989,44.30375],[6.957733,44.300236],[6.956336,44.296617],[6.960375,44.294053],[6.963856,44.294008],[6.967981,44.295114],[6.971333,44.292964],[6.969464,44.285953],[6.972708,44.283953],[6.980575,44.286783],[6.995219,44.280172],[6.995528,44.275722],[6.997142,44.272361],[6.995808,44.267789],[6.996367,44.264278],[6.998,44.257542],[6.997314,44.251375],[7.00075,44.246022],[7.001933,44.243353],[7.004403,44.241236],[7.008208,44.236142],[7.014225,44.233994],[7.01805,44.232214],[7.0234,44.234117],[7.025243984968985,44.232189459462106],[7.025278,44.232222],[7.02461,44.232226],[7.019283,44.231285],[7.013965,44.230318],[7.008656,44.229325],[7.003357,44.228305],[6.998067,44.227261],[6.992788,44.22619],[6.98752,44.225094],[6.982261,44.223972],[6.977014,44.222824],[6.971778,44.221651],[6.966553,44.220452],[6.96134,44.219228],[6.956139,44.217978],[6.95095,44.216704],[6.945773,44.215403],[6.940608,44.214078],[6.935457,44.212728],[6.930318,44.211352],[6.925193,44.209951],[6.920082,44.208526],[6.914984,44.207075],[6.9099,44.2056],[6.90483,44.2041],[6.899775,44.202575],[6.894735,44.201026],[6.889709,44.199452],[6.884699,44.197854],[6.879704,44.196231],[6.874725,44.194584],[6.869762,44.192913],[6.864815,44.191218],[6.859884,44.189498],[6.854969,44.187754],[6.850072,44.185987],[6.845191,44.184196],[6.840328,44.182381],[6.835482,44.180542],[6.830654,44.17868],[6.825844,44.176794],[6.821052,44.174885],[6.816278,44.172952],[6.811523,44.170996],[6.806787,44.169018],[6.80207,44.167016],[6.797372,44.164991],[6.792693,44.162943],[6.788034,44.160873],[6.783395,44.158779],[6.778776,44.156664],[6.774178,44.154525],[6.7696,44.152365],[6.765042,44.150182],[6.760506,44.147977],[6.755991,44.14575],[6.751497,44.143501],[6.747025,44.14123],[6.742574,44.138937],[6.738146,44.136623],[6.733739,44.134287],[6.729355,44.13193],[6.724994,44.129551],[6.720655,44.127151],[6.71634,44.12473],[6.712047,44.122288],[6.707778,44.119826],[6.703533,44.117342],[6.699311,44.114838],[6.695114,44.112313],[6.69094,44.109768],[6.686791,44.107203],[6.682666,44.104617],[6.678566,44.102012],[6.674491,44.099386],[6.670441,44.096741],[6.666417,44.094076],[6.662417,44.091391],[6.658444,44.088687],[6.654496,44.085964],[6.650574,44.083221],[6.646679,44.080459],[6.647778,44.081111],[6.647778,44.081111],[6.438611,44.165],[6.437185,44.164168],[6.44145,44.167615],[6.445745,44.171044],[6.45007,44.174453],[6.454425,44.177843],[6.458809,44.181214],[6.463223,44.184565],[6.467665,44.187897],[6.472137,44.191208],[6.476637,44.1945],[6.481166,44.197772],[6.485723,44.201023],[6.490309,44.204254],[6.494922,44.207465],[6.499564,44.210655],[6.504233,44.213824],[6.50893,44.216973],[6.513655,44.2201],[6.518406,44.223207],[6.523185,44.226293],[6.527991,44.229357],[6.532823,44.232399],[6.537682,44.235421],[6.542567,44.23842],[6.547478,44.241398],[6.552415,44.244354],[6.557378,44.247288],[6.562366,44.250199],[6.56738,44.253089],[6.572419,44.255956],[6.577483,44.258801],[6.582571,44.261623],[6.587685,44.264422],[6.592823,44.267199],[6.597984,44.269953],[6.60317,44.272684],[6.60838,44.275392],[6.613614,44.278076],[6.61887,44.280737],[6.62415,44.283375],[6.629453,44.285989],[6.634779,44.28858],[6.640128,44.291147],[6.645499,44.29369],[6.650892,44.296209],[6.656307,44.298705],[6.661743,44.301176],[6.667202,44.303623],[6.672681,44.306045],[6.678182,44.308443],[6.683704,44.310817],[6.689246,44.313166],[6.694809,44.31549],[6.700393,44.31779],[6.705996,44.320065],[6.711619,44.322315],[6.717262,44.324539],[6.722924,44.326739],[6.728606,44.328914],[6.734306,44.331063],[6.740026,44.333186],[6.745763,44.335285],[6.75152,44.337358],[6.757294,44.339405],[6.763086,44.341426],[6.768896,44.343422],[6.774723,44.345392],[6.780567,44.347336],[6.786429,44.349253],[6.792307,44.351145],[6.798201,44.353011],[6.804112,44.35485],[6.810039,44.356663],[6.815982,44.35845],[6.82194,44.36021],[6.827914,44.361944],[6.833903,44.363651],[6.839907,44.365332],[6.845925,44.366985],[6.851958,44.368612],[6.858005,44.370212],[6.864066,44.371786],[6.870141,44.373332],[6.876229,44.374851],[6.882331,44.376343],[6.888445,44.377808],[6.894573,44.379246],[6.895725057706516,44.379175185318815]]]}},{"type":"Feature","properties":{"name":"196 B","nameV":"R 196 B (SeeNotam)","class":"R","type":"R","lower":"3300FT AGL","ordinalLowerM":1005,"lowerM":1005,"upper":"FL125","upperM":3810,"groundEstimatedHeight":[0,0,0,0],"desc":"Except for LF-R221 A and B, when active. Administrator: CCMAR MED Activity schedule available on: SOFIA Briefing: https://sofia-briefing.aviation-civile.gouv.fr GAT/OAT: Avoidance mandatory throughout activity except for: - ACFT taking part in exercises, - ACFT performing emergency assistance, rescue and public safety as part of their missions when the area avoidance is not possible, and after notification to the administrator. Activation known on: CCMAR MED MARSEILLE INFO NICE INFO LYON INFO PROVENCE INFO.","activationCode":"HX","activationDesc":"Activation by NOTAM in accordance with letters of agreement, from 01st JAN to 30th JUN and from 16th SEP to 31st DEC Except: - WED from 1100 (SUM -1H) to SS+30 - SAT, SUN and public HOL SR-30 to SS+30.","UId":"1562573","id":"LFR196B","stroke":"#800080","stroke-width":2,"stroke-opacity":0.8,"fill":"#ffb9dc","fill-opacity":0.3},"geometry":{"type":"Polygon","coordinates":[[[5.889167,45.015833],[5.733889,44.442778],[5.344167,44.525556],[5.296944,44.963889],[5.345,45.015556],[5.889167,45.015833]]]}},{"type":"Feature","properties":{"name":"222 A","nameV":"R 222 A (SeeNotam)","class":"R","type":"R","lower":"SFC","lowerM":0,"upper":"FL230","upperM":7010,"desc":"Administrator: 93rd mountain artillery regiment. GAT: avoidance mandatory. OAT: with authorization from administrator. Activity schedule available by answering machine (24/7): 04 56 85 77 05.  Actual activity known on: - MARSEILLE ACC/FIC - Safety officer: 06 73 90 50 33 Not AMC-manageable.","activationCode":"NOTAM","activationDesc":"Possible activation by NOTAM. Activation schedules stated in France AUP.","timeScheduling":{"1":["UTC(01/01->31/12)","ANY(00:00->23:59)"]},"UId":"1564513","id":"LFR222A","stroke":"#800080","stroke-width":2,"stroke-opacity":0.8,"fill":"#ffb9dc","fill-opacity":0.6},"geometry":{"type":"Polygon","coordinates":[[[6.101111,45.209167],[6.429167,45.209167],[6.429167,45.049444],[6.101111,45.049444],[6.101111,45.209167]]]}},{"type":"Feature","properties":{"name":"222 B","nameV":"R 222 B (SeeNotam)","class":"R","type":"R","lower":"SFC","lowerM":0,"upper":"FL230","upperM":7010,"desc":"Administrator: 93rd mountain artillery regiment. GAT: avoidance mandatory. OAT: with authorization from administrator. Activity schedule available by answering machine (24/7): 04 56 85 77 05.  Actual activity known on: - MARSEILLE ACC/FIC - Safety officer: 06 73 90 50 33 Not AMC-manageable.","activationCode":"NOTAM","activationDesc":"Possible activation HN by NOTAM. Activation schedules stated in France AUP.","timeScheduling":{"1":["UTC(01/01->31/12)","ANY(SS->SR)"]},"UId":"1564511","id":"LFR222B","stroke":"#800080","stroke-width":2,"stroke-opacity":0.8,"fill":"#ffb9dc","fill-opacity":0.6},"geometry":{"type":"Polygon","coordinates":[[[6.101111,45.049444],[6.429167,45.049444],[6.429167258107186,45.03500047065745],[6.429097,45.035039],[6.428939,45.034803],[6.421082886593805,45.022239579775515],[6.421111,45.022222],[6.352067461166576,45.022213063501304],[6.352347,45.026075],[6.356314,45.0295],[6.356553,45.032786],[6.351808,45.035706],[6.342567,45.039328],[6.329625,45.043092],[6.318806,45.047597],[6.303589,45.042658],[6.302469,45.032817],[6.300258,45.024936],[6.297762046692303,45.022236751778216],[6.297778,45.022222],[6.101111,45.022222],[6.101111,45.049444]]]}},{"type":"Feature","properties":{"name":"222 C","nameV":"R 222 C (SeeNotam)","class":"R","type":"R","lower":"SFC","lowerM":0,"upper":"FL230","upperM":7010,"desc":"Administrator: 93rd mountain artillery regiment. GAT: avoidance mandatory. OAT: with authorization from administrator. Activity schedule available by answering machine (24/7): 04 56 85 77 05.  Actual activity known on: - MARSEILLE ACC/FIC - Safety officer: 06 73 90 50 33 Not AMC-manageable.","activationCode":"NOTAM","activationDesc":"Possible activation by NOTAM. Activation schedules stated in France AUP.","timeScheduling":{"1":["UTC(01/01->31/12)","ANY(00:00->23:59)"]},"UId":"1564509","id":"LFR222C","stroke":"#800080","stroke-width":2,"stroke-opacity":0.8,"fill":"#ffb9dc","fill-opacity":0.6},"geometry":{"type":"Polygon","coordinates":[[[6.063889,45.209167],[6.101111,45.209167],[6.101111,45.1],[6.063889,45.1],[6.063889,45.209167]]]}},{"type":"Feature","properties":{"name":"196 A1 EST","nameV":"R 196 A1 EST (SeeNotam)","class":"R","type":"R","lower":"3300FT AGL","ordinalLowerM":1005,"lowerM":1005,"upper":"FL155","upperM":4724,"groundEstimatedHeight":[0,0,0,0],"desc":"Except for LF-R221 A and B when active. Administrator: CCMAR MED Activity schedule available on: SOFIA Briefing: https://sofia-briefing.aviation-civile.gouv.fr GAT/OAT: Avoidance mandatory throughout activity except for: - ACFT taking part in exercises, - ACFT performing emergency assistance, rescue and public safety as part of their missions when the area avoidance is not possible, and after notification to the administrator. Activation known on: CCMAR MED MARSEILLE INFO NICE INFO.","activationCode":"HX","activationDesc":"Activation by NOTAM in accordance with letters of agreement, from 01st JAN to 30th JUN and from 16th SEP to 31st DEC Except: - WED from 1100 (SUM -1H) to SS+30 - SAT, SUN and public HOL SR-30 to SS+30.","UId":"1562423","id":"LFR19610","stroke":"#800080","stroke-width":2,"stroke-opacity":0.8,"fill":"#ffb9dc","fill-opacity":0.3},"geometry":{"type":"Polygon","coordinates":[[[5.983611,45.015556],[6.745648971950179,45.01056034956492],[6.745667,45.010175],[6.750008,45.002156],[6.751167,44.995867],[6.7372,44.993317],[6.737844,44.990125],[6.749364,44.984658],[6.750394,44.977183],[6.755722,44.975239],[6.763589,44.970561],[6.764792,44.95935],[6.756197,44.945892],[6.753489,44.9451],[6.751511,44.941578],[6.743603,44.936231],[6.746053,44.935561],[6.754133,44.937597],[6.758344,44.936447],[6.7609,44.931211],[6.754153,44.93135],[6.752522,44.926481],[6.748975,44.922586],[6.750739,44.920017],[6.751811,44.918464],[6.750414,44.906525],[6.753208,44.905078],[6.764339,44.902403],[6.772461,44.902933],[6.778758,44.897261],[6.780414,44.893731],[6.783658,44.893183],[6.785742,44.888758],[6.800417,44.890811],[6.800333,44.884042],[6.804672,44.877958],[6.808864,44.875508],[6.827836,44.868008],[6.831061,44.866853],[6.835208,44.863111],[6.842061,44.859581],[6.855406,44.857056],[6.864194,44.850394],[6.8718,44.850044],[6.878225,44.850653],[6.878351573711042,44.85060335699264],[6.878333,44.850556],[6.9375306202631215,44.602777254511174],[6.937425,44.598439],[6.933386,44.595925],[6.933622,44.585044],[6.931817,44.582608],[6.933064,44.573983],[6.929711,44.572092],[6.918453,44.569578],[6.9125,44.568528],[6.915464,44.562475],[6.91555,44.559094],[6.904569,44.556228],[6.901025,44.554003],[6.8972,44.555406],[6.891569,44.554247],[6.889186,44.552297],[6.882028,44.552419],[6.878636,44.554369],[6.876056,44.550225],[6.876636,44.546278],[6.87335,44.546094],[6.8689,44.536708],[6.857492,44.533522],[6.853514,44.528022],[6.857769,44.520967],[6.856825,44.514672],[6.859189,44.509278],[6.858886,44.506339],[6.862928,44.499525],[6.865117,44.496875],[6.868233,44.492836],[6.877108,44.487883],[6.876592,44.481422],[6.884822,44.475769],[6.892944,44.471944],[6.902958,44.469353],[6.906353,44.466747],[6.909297,44.458581],[6.911533,44.452667],[6.914047,44.44965],[6.922858,44.445503],[6.937103,44.438875],[6.939403,44.434225],[6.948083,44.429717],[6.945786,44.427339],[6.933472,44.429853],[6.932375,44.424639],[6.923803,44.422936],[6.917142,44.4272],[6.902958,44.421003],[6.898425,44.421692],[6.895503,44.420772],[6.892686,44.420036],[6.895094,44.408914],[6.897631,44.405217],[6.894514,44.400522],[6.895417,44.396808],[6.896447,44.394003],[6.895308,44.387789],[6.895725057706516,44.379175185318815],[6.895556,44.379167],[6.89441,44.379224],[6.888284,44.377786],[6.882172,44.37632],[6.876072,44.374828],[6.869986,44.373309],[6.863913,44.371762],[6.857854,44.370189],[6.851809,44.368588],[6.845778,44.366961],[6.839762,44.365307],[6.83376,44.363627],[6.827773,44.361919],[6.821801,44.360185],[6.815845,44.358425],[6.809904,44.356638],[6.803979,44.354825],[6.79807,44.352986],[6.792177,44.35112],[6.786301,44.349228],[6.780442,44.347311],[6.7746,44.345367],[6.768774,44.343397],[6.762967,44.341401],[6.757176,44.33938],[6.751404,44.337333],[6.74565,44.33526],[6.739914,44.333162],[6.734197,44.331038],[6.728498,44.328889],[6.722819,44.326715],[6.717158,44.324516],[6.711517,44.322291],[6.705896,44.320041],[6.700294,44.317767],[6.694713,44.315468],[6.689152,44.313143],[6.683611,44.310795],[6.678091,44.308421],[6.672592,44.306023],[6.667114,44.303601],[6.661658,44.301155],[6.656223,44.298684],[6.65081,44.296189],[6.645418,44.29367],[6.640049,44.291128],[6.634703,44.288561],[6.629379,44.285971],[6.624077,44.283357],[6.618799,44.28072],[6.613544,44.278059],[6.608312,44.275375],[6.603104,44.272668],[6.59792,44.269937],[6.59276,44.267184],[6.587623,44.264408],[6.582512,44.261609],[6.577425,44.258787],[6.572362,44.255943],[6.567325,44.253076],[6.562313,44.250188],[6.557326,44.247276],[6.552365,44.244343],[6.547429,44.241388],[6.54252,44.238411],[6.537636,44.235412],[6.532779,44.232392],[6.527948,44.22935],[6.523144,44.226286],[6.518367,44.223201],[6.513617,44.220096],[6.508894,44.216969],[6.504198,44.213821],[6.49953,44.210652],[6.49489,44.207463],[6.490278,44.204253],[6.485694,44.201023],[6.481138,44.197772],[6.47661,44.194502],[6.472111,44.191211],[6.467641,44.1879],[6.4632,44.184569],[6.458788,44.181219],[6.454405,44.177849],[6.450051,44.17446],[6.445728,44.171052],[6.441434,44.167624],[6.437169,44.164178],[6.438611,44.165],[6.438611,44.165],[6.233333,44.246667],[5.983611,44.345],[5.983611,44.381111],[5.983468,44.38117],[5.99105,44.37857],[5.998873,44.376366],[6.006897,44.37457],[6.015081,44.373191],[6.023383,44.372236],[6.031759,44.371711],[6.040166,44.371617],[6.04856,44.371956],[6.056899,44.372726],[6.065139,44.373922],[6.073238,44.375539],[6.081153,44.377568],[6.088844,44.379999],[6.09627,44.382818],[6.103394,44.386013],[6.110179,44.389565],[6.116588,44.393456],[6.12259,44.397667],[6.128152,44.402176],[6.133247,44.406959],[6.137846,44.411992],[6.141928,44.417248],[6.145469,44.4227],[6.148452,44.42832],[6.150861,44.434078],[6.152683,44.439946],[6.153909,44.445892],[6.154533,44.451886],[6.15455,44.457896],[6.15396,44.463892],[6.152767,44.469841],[6.150976,44.475714],[6.148597,44.48148],[6.145641,44.487108],[6.142125,44.492569],[6.138065,44.497836],[6.133483,44.50288],[6.128403,44.507676],[6.122852,44.512198],[6.116857,44.516422],[6.11045,44.520328],[6.103664,44.523894],[6.096535,44.527102],[6.0891,44.529935],[6.081397,44.532379],[6.073467,44.53442],[6.06535,44.536048],[6.05709,44.537254],[6.048729,44.538033],[6.040311,44.53838],[6.03188,44.538294],[6.02348,44.537774],[6.015154,44.536824],[6.006946,44.535448],[5.998899,44.533654],[5.991055,44.531451],[5.983454,44.52885],[5.983611,44.528889],[5.983611,44.528889],[5.983611,45.015556]]]}},{"type":"Feature","properties":{"name":"196 A1 OUEST","nameV":"R 196 A1 OUEST (SeeNotam)","class":"R","type":"R","lower":"3300FT AGL","ordinalLowerM":1005,"lowerM":1005,"upper":"FL155","upperM":4724,"groundEstimatedHeight":[0,0,0,0],"desc":"Administrator: CCMAR MED Simultaneous activation with LF-R196 A1 East Activity schedule available on: SOFIA Briefing: https://sofia-briefing.aviation-civile.gouv.fr GAT/OAT: Avoidance mandatory throughout activity except for: - ACFT taking part in exercises, - ACFT performing emergency assistance, rescue and public safety as part of their missions when the area avoidance is not possible, and after notification to the administrator. Activation known on: CCMAR MED MARSEILLE INFO NICE INFO.","activationCode":"HX","activationDesc":"Activation by NOTAM in accordance with letters of agreement, from 01st JAN to 30th JUN and from 16th SEP to 31st DEC Except: - WED from 1100 (SUM -1H) to SS+30 - SAT, SUN and public HOL SR-30 to SS+30.","UId":"1562567","id":"LFR19620","stroke":"#800080","stroke-width":2,"stroke-opacity":0.8,"fill":"#ffb9dc","fill-opacity":0.3},"geometry":{"type":"Polygon","coordinates":[[[5.889167,45.015833],[5.983611,45.015556],[5.983611,44.528889],[5.983454,44.52885],[5.979543,44.527317],[5.975717,44.525679],[5.971982,44.523938],[5.968343,44.522097],[5.964806,44.520157],[5.961375,44.518123],[5.958055,44.515997],[5.954852,44.513782],[5.95177,44.511482],[5.948814,44.509099],[5.945987,44.506638],[5.943294,44.504101],[5.94074,44.501493],[5.938326,44.498817],[5.936058,44.496078],[5.933938,44.493278],[5.93197,44.490424],[5.930155,44.487517],[5.928498,44.484563],[5.927,44.481567],[5.925663,44.478532],[5.92449,44.475462],[5.923482,44.472363],[5.92264,44.469239],[5.921966,44.466094],[5.92146,44.462933],[5.921124,44.45976],[5.920958,44.456581],[5.920962,44.453399],[5.921135,44.45022],[5.921479,44.447048],[5.921991,44.443887],[5.922672,44.440743],[5.923521,44.43762],[5.924535,44.434522],[5.925715,44.431454],[5.927057,44.42842],[5.92856,44.425425],[5.930221,44.422473],[5.932039,44.419568],[5.934011,44.416715],[5.936133,44.413918],[5.938403,44.411181],[5.940817,44.408507],[5.943372,44.405901],[5.946064,44.403367],[5.948889,44.400907],[5.951843,44.398527],[5.954922,44.396228],[5.95812,44.394015],[5.961435,44.391891],[5.96486,44.389858],[5.968391,44.38792],[5.972023,44.38608],[5.97575,44.38434],[5.979567,44.382702],[5.983468,44.38117],[5.983611,44.381111],[5.983611,44.381111],[5.983611,44.345],[5.733889,44.442778],[5.889167,45.015833]]]}},{"type":"Feature","properties":{"name":"221 A","nameV":"R 221 A (SeeNotam)","class":"R","type":"R","lower":"SFC","lowerM":0,"upper":"FL240","upperM":7315,"desc":"Administrator: 93rd mountain artillery regiment. GAT: avoidance mandatory. OAT: with authorization from administrator. Except for LF-R 601 NEVACHE when active. Activity schedule available by answering machine (24/7): 04 56 85 77 05.  Actual activity known on: - MARSEILLE ACC/FIC - Safety officer: 06 73 90 50 33 Not AMC-manageable.","activationCode":"NOTAM","activationDesc":"Possible activation by NOTAM. Activation schedules stated in France AUP.","timeScheduling":{"1":["UTC(01/01->31/12)","ANY(00:00->23:59)"]},"UId":"1564491","id":"LFR221A","stroke":"#800080","stroke-width":2,"stroke-opacity":0.8,"fill":"#ffb9dc","fill-opacity":0.6},"geometry":{"type":"Polygon","coordinates":[[[6.429167,45.183333],[6.666667,45.183333],[6.6666843960079545,45.122989937214506],[6.664539,45.122425],[6.661875,45.1205],[6.657814,45.121031],[6.653172,45.116739],[6.649992,45.115253],[6.634111,45.115467],[6.631897,45.110236],[6.629106,45.107536],[6.626828,45.102656],[6.631833,45.097833],[6.632542,45.095408],[6.639764,45.091042],[6.641267,45.087494],[6.647047,45.084008],[6.645931,45.075275],[6.654139,45.071408],[6.662089,45.071389],[6.6631,45.055725],[6.658911,45.05205],[6.666717,45.047578],[6.67,45.042311],[6.665042,45.039272],[6.664872,45.036325],[6.665,45.033078],[6.666736734695889,45.031174629582964],[6.666667,45.031111],[6.666667,45.0],[6.486111,45.0],[6.429167,45.049444],[6.429167,45.183333]]]}},{"type":"Feature","properties":{"name":"167 B","nameV":"R 167 B (SeeNotam)","class":"R","type":"R","lower":"SFC","lowerM":0,"upper":"FL060","upperM":1828,"desc":"IFR/OAT controlled. VFR/OAT V: avoidance mandatory throughout activity Activation request by area user to MONTLUCON AFIS according to protocol.","activationCode":"NOTAM","activationDesc":"Activation MON-FRI, except HOL and AUG, by NOTAM, throughout LIMOGES APP and MONTLUCON AFIS opening times. Activity known on MONTLUCON INFO (118.4 MHz), LIMOGES INFO (124.050 MHz) and LIMOGES APP (119.2 MHz).","UId":"1561921","id":"LFR167B","stroke":"#800080","stroke-width":2,"stroke-opacity":0.8,"fill":"#ffb9dc","fill-opacity":0.6},"geometry":{"type":"Polygon","coordinates":[[[2.0,46.276111],[2.25,46.276111],[2.291667,46.208333],[2.291667,46.176111],[2.291667,46.1],[2.0,46.1],[2.0,46.138333],[2.00002,46.138446],[2.00284,46.139904],[2.005555,46.141455],[2.008157,46.143097],[2.01064,46.144824],[2.012999,46.146634],[2.015228,46.148521],[2.017321,46.150481],[2.019274,46.15251],[2.021082,46.154602],[2.02274,46.156753],[2.024244,46.158957],[2.025592,46.16121],[2.026779,46.163505],[2.027803,46.165838],[2.028662,46.168203],[2.029352,46.170594],[2.029874,46.173005],[2.030225,46.175431],[2.030404,46.177866],[2.030411,46.180305],[2.030247,46.18274],[2.02991,46.185167],[2.029403,46.18758],[2.028727,46.189973],[2.027882,46.19234],[2.026871,46.194676],[2.025697,46.196975],[2.024361,46.199231],[2.022868,46.20144],[2.021221,46.203595],[2.019424,46.205692],[2.017481,46.207726],[2.015396,46.209692],[2.013175,46.211585],[2.010823,46.2134],[2.008345,46.215134],[2.005748,46.216782],[2.003038,46.21834],[2.00022,46.219805],[2.0,46.219722],[2.0,46.219722],[2.0,46.276111]]]}},{"type":"Feature","properties":{"name":"167 A","nameV":"R 167 A (SeeNotam)","class":"R","type":"R","lower":"SFC","lowerM":0,"upper":"FL060","upperM":1828,"desc":"IFR/OAT controlled. VFR/OAT V: avoidance mandatory throughout activity Activation request by area user to MONTLUCON AFIS according to protocol.","activationCode":"NOTAM","activationDesc":"Possible activation MON-FRI, except HOL and AUG, by NOTAM, throughout LIMOGES APP and MONTLUCON AFIS opening times. Activity known on MONTLUCON INFO (118.4 MHz), LIMOGES INFO (124.050 MHz) and LIMOGES APP (119.2 MHz).","UId":"1561927","id":"LFR167A","stroke":"#800080","stroke-width":2,"stroke-opacity":0.8,"fill":"#ffb9dc","fill-opacity":0.6},"geometry":{"type":"Polygon","coordinates":[[[2.25,46.276111],[2.362778,46.276111],[2.362778,46.276093],[2.368597,46.275931],[2.374378,46.275446],[2.380083,46.27464],[2.385676,46.273519],[2.391121,46.27209],[2.396381,46.270363],[2.401422,46.268349],[2.406212,46.266061],[2.41072,46.263513],[2.414917,46.260723],[2.418774,46.257708],[2.422268,46.254489],[2.425375,46.251085],[2.428076,46.247519],[2.430353,46.243815],[2.432191,46.239996],[2.433579,46.236087],[2.434507,46.232113],[2.43497,46.228101],[2.434965,46.224076],[2.434492,46.220064],[2.433553,46.216091],[2.432156,46.212184],[2.430309,46.208367],[2.428025,46.204665],[2.425318,46.201103],[2.422206,46.197702],[2.41871,46.194486],[2.414851,46.191475],[2.410655,46.188689],[2.406149,46.186145],[2.401363,46.18386],[2.396326,46.181849],[2.391073,46.180125],[2.385637,46.178699],[2.380053,46.17758],[2.374357,46.176775],[2.368586,46.176291],[2.362778,46.176129],[2.362778,46.176111],[2.362778,46.176111],[2.291667,46.176111],[2.291667,46.208333],[2.25,46.276111]]]}},{"type":"Feature","properties":{"name":"34 A2","nameV":"R 34 A2","class":"R","type":"R","lower":"FL065","lowerM":1981,"upper":"FL195","upperM":5943,"desc":"MARSAN APP IFR: upon authorisation. VFR/OAT: upon MARSAN APP authorisation. Activity known on: - MARSAN APP or RAI - PYRENEES INFO - BORDEAUX ACC. Not AMC-manageable.","activationCode":"HX","activationDesc":"Possible activation H24. Exceptional activity SAT and SUN. Activation schedules stated in France AUP.","UId":"1606197","id":"LFR34A2","stroke":"#800080","stroke-width":2,"stroke-opacity":0.8,"fill":"#ffb9dc","fill-opacity":0.3},"geometry":{"type":"Polygon","coordinates":[[[-0.162778,44.5375],[0.554167,44.013611],[0.38,43.685],[0.198611,43.6275],[0.066667,43.585556],[-0.013611,43.559722],[-0.176944,43.536111],[-0.399444,43.504167],[-0.550556,43.482222],[-0.716667,43.458333],[-0.9,43.471111],[-0.936111,43.4875],[-1.133333,43.483333],[-1.133333,43.515278],[-1.172222,43.591667],[-1.183333,43.616667],[-1.145278,43.664722],[-0.890833,43.894167],[-0.162778,44.5375]]]}},{"type":"Feature","properties":{"name":"40 B","nameV":"R 40 B","class":"R","type":"R","lower":"2000FT AMSL","lowerM":609,"upper":"FL065","upperM":1981,"desc":"Administrator: EALAT 05 58 35 95 50 Point of Contact for UAS flights: be-6rhc-esa-env.resp.fct@intradef.gouv.fr Upper limit 4500ft AMSL BLW BIARRITZ TMA 5 and TMA 6 VFR/OAT: upon DAX APP 122.050 authorisation. IFR: upon BIARRITZ APP authorisation. Actual activity known on BIARRITZ INFO 119.175 or DAX APP 122.05 or RAI 122.05. Except for LF-R328 Cagnotte.","activationCode":"HX","activationDesc":"Activable H24.","UId":"1563269","id":"LFR40B","stroke":"#800080","stroke-width":2,"stroke-opacity":0.8,"fill":"#ffb9dc","fill-opacity":0.3},"geometry":{"type":"Polygon","coordinates":[[[-1.145,44.001389],[-1.088889,43.969444],[-0.919444,43.936111],[-0.844444,43.825],[-0.669444,43.555556],[-0.766667,43.491667],[-0.807778,43.464722],[-0.9,43.471111],[-0.936111,43.4875],[-1.133333,43.483333],[-1.133333,43.515278],[-1.183333,43.616667],[-1.117222,43.700278],[-1.295,43.8075],[-1.247222,43.922222],[-1.145,44.001389]]]}},{"type":"Feature","properties":{"name":"49 E2","nameV":"R 49 E2","class":"R","type":"R","lower":"1500FT AMSL","lowerM":457,"upper":"FL065","upperM":1981,"desc":"Administrator: COGNAC APP. IFR/VFR/OAT: upon COGNAC APP authorisation during activity hours. Airspace defined except for parts of LF R 49 E1 COGNAC which it interferes with when active. Activity known on COGNAC APP 132.450 / 362.3 LF R 49 E2 deactivation announced on: RAI 132.450 or on AQUITAINE INFO, LA ROCHELLE INFO, LIMOGES INFO, POITIERS INFO.","activationCode":"HX","activationDesc":"Possible activation H24.","UId":"1564429","id":"LFR49E2","stroke":"#800080","stroke-width":2,"stroke-opacity":0.8,"fill":"#ffb9dc","fill-opacity":0.3},"geometry":{"type":"Polygon","coordinates":[[[-0.144444,45.910833],[-0.144784,45.910813],[-0.13964,45.9139],[-0.13432,45.91684],[-0.128833,45.919626],[-0.123188,45.922256],[-0.117394,45.924725],[-0.111461,45.927028],[-0.105398,45.929162],[-0.099216,45.931123],[-0.092924,45.932909],[-0.086533,45.934515],[-0.080053,45.93594],[-0.073495,45.937181],[-0.066871,45.938236],[-0.06019,45.939104],[-0.053464,45.939782],[-0.046704,45.94027],[-0.039921,45.940568],[-0.033126,45.940673],[-0.026331,45.940587],[-0.019546,45.94031],[-0.012783,45.939841],[-0.006053,45.939182],[0.000633,45.938334],[0.007263,45.937298],[0.013828,45.936076],[0.020316,45.93467],[0.026717,45.933082],[0.03302,45.931315],[0.039214,45.929371],[0.045289,45.927255],[0.051236,45.924969],[0.057045,45.922517],[0.062706,45.919903],[0.068209,45.917132],[0.073547,45.914208],[0.078709,45.911136],[0.083688,45.907921],[0.088475,45.904568],[0.093063,45.901083],[0.097444,45.897472],[0.101611,45.89374],[0.105556,45.889893],[0.109275,45.885939],[0.11276,45.881883],[0.116006,45.877731],[0.119007,45.873492],[0.121759,45.869172],[0.124258,45.864777],[0.126498,45.860316],[0.128478,45.855795],[0.130192,45.851222],[0.13164,45.846605],[0.132818,45.84195],[0.133724,45.837266],[0.134358,45.832561],[0.134717,45.827841],[0.134802,45.823115],[0.134613,45.818391],[0.13415,45.813676],[0.133413,45.808977],[0.132405,45.804303],[0.131126,45.799662],[0.129579,45.79506],[0.127766,45.790506],[0.125692,45.786007],[0.123358,45.78157],[0.120769,45.777202],[0.117929,45.772911],[0.114843,45.768703],[0.111516,45.764586],[0.107953,45.760566],[0.104161,45.75665],[0.100145,45.752843],[0.095912,45.749154],[0.091469,45.745586],[0.086824,45.742147],[0.081984,45.738842],[0.076956,45.735675],[0.07175,45.732653],[0.066373,45.729781],[0.066111,45.729722],[0.066111,45.729722],[-0.312778,45.508056],[-0.312529,45.50815],[-0.317594,45.504983],[-0.322839,45.501963],[-0.328255,45.499095],[-0.333832,45.496383],[-0.339561,45.493833],[-0.345434,45.491448],[-0.351439,45.489233],[-0.357569,45.487191],[-0.363811,45.485325],[-0.370156,45.483639],[-0.376593,45.482135],[-0.383113,45.480815],[-0.389703,45.479683],[-0.396353,45.478739],[-0.403052,45.477986],[-0.40979,45.477425],[-0.416554,45.477056],[-0.423334,45.47688],[-0.430119,45.476897],[-0.436897,45.477108],[-0.443658,45.477512],[-0.450389,45.478109],[-0.45708,45.478897],[-0.46372,45.479875],[-0.470299,45.481041],[-0.476804,45.482394],[-0.483225,45.483931],[-0.489552,45.485651],[-0.495775,45.487549],[-0.501882,45.489623],[-0.507865,45.491869],[-0.513712,45.494284],[-0.519414,45.496864],[-0.524963,45.499604],[-0.530348,45.5025],[-0.535561,45.505547],[-0.540593,45.508741],[-0.545436,45.512075],[-0.550081,45.515544],[-0.554521,45.519143],[-0.558749,45.522866],[-0.562758,45.526706],[-0.566541,45.530657],[-0.570091,45.534713],[-0.573402,45.538866],[-0.57647,45.543111],[-0.579289,45.547439],[-0.581854,45.551845],[-0.584161,45.556319],[-0.586207,45.560856],[-0.587986,45.565448],[-0.589498,45.570086],[-0.590738,45.574764],[-0.591706,45.579473],[-0.592398,45.584205],[-0.592815,45.588954],[-0.592954,45.59371],[-0.592817,45.598467],[-0.592403,45.603215],[-0.591713,45.607948],[-0.590747,45.612658],[-0.589508,45.617335],[-0.587997,45.621974],[-0.586217,45.626566],[-0.58417,45.631103],[-0.58186,45.635578],[-0.579292,45.639983],[-0.576468,45.644312],[-0.573394,45.648556],[-0.570075,45.652709],[-0.566515,45.656765],[-0.562722,45.660715],[-0.558701,45.664554],[-0.55446,45.668275],[-0.550004,45.671872],[-0.545341,45.675339],[-0.54048,45.67867],[-0.535428,45.68186],[-0.530194,45.684903],[-0.524786,45.687794],[-0.524444,45.687778],[-0.524444,45.687778],[-0.144444,45.910833]]]}},{"type":"Feature","properties":{"name":"6 A","nameV":"R 6 A","class":"R","type":"R","lower":"SFC","lowerM":0,"upper":"FL095","upperM":2895,"desc":"Administrator: CENTAC Mailly. - 3D Cell: 03 10 10 81 58 (81 75) - Firing Cell: 03 10 10 82 22 (82 23)  IFR/VFR: avoidance mandatory during activity. Activity known on: - PARIS FIC - PARIS ACC - Seine APP","activationCode":"HX","activationDesc":"Possible activation H24. Activity announced on PARIS ACC/FIC.","UId":"1563497","id":"LFR6A","stroke":"#800080","stroke-width":2,"stroke-opacity":0.8,"fill":"#ffb9dc","fill-opacity":0.6},"geometry":{"type":"Polygon","coordinates":[[[4.272778,48.725556],[4.3575,48.701667],[4.365556,48.689722],[4.436389,48.6675],[4.43655,48.667472],[4.438322,48.660848],[4.439257,48.65415],[4.439347,48.647424],[4.438594,48.640716],[4.437003,48.634072],[4.434584,48.627538],[4.431355,48.621159],[4.427338,48.614979],[4.422561,48.60904],[4.417058,48.603383],[4.410865,48.598047],[4.404027,48.593068],[4.396589,48.58848],[4.388604,48.584316],[4.380125,48.580603],[4.371212,48.577367],[4.361925,48.57463],[4.352328,48.572411],[4.342487,48.570725],[4.332469,48.569583],[4.322343,48.568994],[4.312178,48.568962],[4.302043,48.569486],[4.292009,48.570563],[4.282144,48.572186],[4.272515,48.574344],[4.263188,48.577021],[4.254228,48.5802],[4.245696,48.583858],[4.23765,48.587972],[4.230146,48.592511],[4.223235,48.597446],[4.216965,48.602743],[4.211379,48.608364],[4.206515,48.614273],[4.202408,48.620427],[4.199086,48.626785],[4.196572,48.633303],[4.194883,48.639936],[4.194031,48.646639],[4.194023,48.653365],[4.194859,48.660069],[4.196534,48.666704],[4.199036,48.673224],[4.202348,48.679585],[4.206449,48.685743],[4.211309,48.691655],[4.216896,48.69728],[4.223172,48.70258],[4.230093,48.707518],[4.237611,48.712061],[4.245676,48.716176],[4.25423,48.719835],[4.263217,48.723013],[4.272572,48.725688],[4.272778,48.725556]]]}},{"type":"Feature","properties":{"name":"6 B","nameV":"R 6 B (SeeNotam)","class":"R","type":"R","lower":"FL095","lowerM":2895,"upper":"FL145","upperM":4419,"desc":"Administrator: CENTAC Mailly. - 3D Cell: 03 10 10 81 58 (81 75) - Firing Cell: 03 10 10 82 22 (82 23)  IFR/VFR: avoidance mandatory during activity. Activity known on: - PARIS FIC - PARIS ACC - Seine APP","activationCode":"NOTAM","activationDesc":"Possible activation by NOTAM","UId":"1563513","id":"LFR6B","stroke":"#800080","stroke-width":2,"stroke-opacity":0.8,"fill":"#ffb9dc","fill-opacity":0.3},"geometry":{"type":"Polygon","coordinates":[[[4.43919,48.649935],[4.438413,48.659163],[4.436049,48.668272],[4.432126,48.677144],[4.426696,48.685662],[4.419829,48.693716],[4.411613,48.7012],[4.402156,48.708017],[4.39158,48.714077],[4.380024,48.7193],[4.367639,48.723619],[4.354586,48.726977],[4.341037,48.729331],[4.327169,48.730648],[4.313163,48.730912],[4.299202,48.73012],[4.285471,48.728282],[4.272148,48.725422],[4.259408,48.721577],[4.247418,48.716797],[4.236334,48.711147],[4.226301,48.704698],[4.217451,48.697536],[4.209897,48.689754],[4.203738,48.681454],[4.199054,48.672745],[4.195906,48.66374],[4.194333,48.654556],[4.194356,48.645314],[4.195972,48.636134],[4.199161,48.627135],[4.203879,48.618435],[4.210065,48.610147],[4.217638,48.602379],[4.226497,48.595232],[4.236529,48.588798],[4.247601,48.583161],[4.259571,48.578395],[4.272281,48.574561],[4.285568,48.57171],[4.299258,48.569877],[4.313174,48.569088],[4.327135,48.569351],[4.340961,48.570664],[4.354471,48.57301],[4.367491,48.576358],[4.379851,48.580665],[4.39139,48.585875],[4.401959,48.59192],[4.411421,48.598722],[4.41965,48.606192],[4.426541,48.614233],[4.432002,48.622741],[4.435962,48.631605],[4.438369,48.640709],[4.43919,48.649935]]]}},{"type":"Feature","properties":{"name":"6 E","nameV":"R 6 E (SeeNotam)","class":"R","type":"R","lower":"3000FT AGL","ordinalLowerM":914,"lowerM":914,"upper":"FL055","upperM":1676,"groundEstimatedHeight":[0,0,0,0],"desc":"Administrator: CENTAC Mailly. - 3D Cell: 03 10 10 81 58 (81 75) - Firing Cell: 03 10 10 82 22 (82 23)  IFR/VFR: avoidance mandatory during activity. Activity known on: - PARIS ACC/FIC - St Dizier APP","activationCode":"NOTAM","activationDesc":"Possible activation by NOTAM maximum two weeks per month Except SAT, SUN and public HOL.","UId":"1564647","id":"LFR6E","stroke":"#800080","stroke-width":2,"stroke-opacity":0.8,"fill":"#ffb9dc","fill-opacity":0.3},"geometry":{"type":"Polygon","coordinates":[[[4.5325,48.643333],[4.833333,48.566667],[4.766667,48.466667],[4.526389,48.541111],[4.5325,48.643333]]]}},{"type":"Feature","properties":{"name":"3106 V","nameV":"R 3106 V","class":"R","type":"R","lower":"4500FT AMSL","lowerM":1371,"upper":"FL065","upperM":1981,"desc":"Administrator: ORLY APP. Throughout activation: - IFR and OAT: avoidance mandatory. - VFR: entry strictly reserved for pilots of flying clubs which signed a protocol with the managing authority and their duly informed guests. This area substitutes itself to Class A airspace parts which it interferes with. Activity known on ORLY APP.","activationCode":"HX","activationDesc":"Possible activation SR-SS and according to protocol.","UId":"11049163","id":"LFR3106V","stroke":"#800080","stroke-width":2,"stroke-opacity":0.8,"fill":"#ffb9dc","fill-opacity":0.3},"geometry":{"type":"Polygon","coordinates":[[[1.663754,48.514719],[1.66343,48.517391],[1.662463,48.519994],[1.660877,48.52246],[1.658715,48.524726],[1.656032,48.526733],[1.652898,48.528428],[1.649393,48.529769],[1.645608,48.53072],[1.641643,48.531256],[1.637598,48.531364],[1.63358,48.531041],[1.629692,48.530295],[1.626036,48.529145],[1.622705,48.527622],[1.619787,48.525765],[1.617357,48.523622],[1.615477,48.521248],[1.614197,48.518705],[1.613549,48.516059],[1.61355,48.513379],[1.614201,48.510734],[1.615483,48.508191],[1.617364,48.505818],[1.619795,48.503676],[1.622713,48.50182],[1.626043,48.500297],[1.629698,48.499149],[1.633583,48.498403],[1.637599,48.49808],[1.641641,48.498188],[1.645604,48.498724],[1.649386,48.499674],[1.65289,48.501014],[1.656024,48.502709],[1.658707,48.504715],[1.660871,48.50698],[1.662458,48.509445],[1.663427,48.512048],[1.663754,48.514719]]]}},{"type":"Feature","properties":{"name":"3103 D","nameV":"R 3103 D","class":"R","type":"R","lower":"3500FT AMSL","lowerM":1066,"upper":"FL055","upperM":1676,"desc":"ORLY APP Throughout activation: - IFR and OAT: Avoidance mandatory -VFR: Entry strictly reserved for pilots of flying clubs which signed a protocol with the managing authority and their duly informed guests. This area substitute itself to Cass A airspace parts which it interferes with.","activationCode":"HX","activationDesc":"Activable SR-30 à SS+30 et selon modalité protocolaires. Activité connue de: DE GAULLE APP ORLY APP \\\\Possible activation SR- 30 to SS+30 according to protocol. Activity known on: DE GAULLE APP ORLY APP","UId":"1565781","id":"LFR3103D","stroke":"#800080","stroke-width":2,"stroke-opacity":0.8,"fill":"#ffb9dc","fill-opacity":0.3},"geometry":{"type":"Polygon","coordinates":[[[3.091389,48.686667],[3.123889,48.6275],[2.994722,48.556389],[2.976111,48.603333],[3.091389,48.686667]]]}},{"type":"Feature","properties":{"name":"3103 E","nameV":"R 3103 E","class":"R","type":"R","lower":"4500FT AMSL","lowerM":1371,"upper":"FL055","upperM":1676,"desc":"ORLY APP Throughout activation: - IFR and OAT: Avoidance mandatory -VFR: Entry strictly reserved for pilots of flying clubs which signed a protocol with the managing authority and their duly informed guests. This area substitute itself to Cass A airspace parts which it interferes with.","activationCode":"HX","activationDesc":"Activable SR-30 à SS+30 et selon modalité protocolaires. Activité connue de: DE GAULLE APP ORLY APP \\\\Possible activation SR- 30 to SS+30 according to protocol. Activity known on: DE GAULLE APP ORLY APP","UId":"1565669","id":"LFR3103E","stroke":"#800080","stroke-width":2,"stroke-opacity":0.8,"fill":"#ffb9dc","fill-opacity":0.3},"geometry":{"type":"Polygon","coordinates":[[[3.658333,48.82],[3.656944,48.736667],[3.509167,48.698889],[3.158611,48.608056],[3.020278,48.491111],[2.994722,48.556389],[3.123889,48.6275],[3.091389,48.686667],[3.084444,48.699167],[3.193333,48.776389],[3.224722,48.750833],[3.504444,48.758333],[3.500833,48.809722],[3.658333,48.82]]]}},{"type":"Feature","properties":{"name":"3103 K","nameV":"R 3103 K","class":"R","type":"R","lower":"3500FT AMSL","lowerM":1066,"upper":"FL055","upperM":1676,"desc":"ORLY APP Throughout activation: - IFR and OAT: Avoidance mandatory -VFR: Entry strictly reserved for pilots of flying clubs which signed a protocol with the managing authority and their duly informed guests. This area substitute itself to Cass A airspace parts which it interferes with.","activationCode":"HX","activationDesc":"Activable SR-30 à SS+30 et selon modalité protocolaires. Activité connue de: DE GAULLE APP ORLY APP \\\\Possible activation SR- 30 to SS+30 according to protocol. Activity known on: DE GAULLE APP ORLY APP","UId":"1565777","id":"LFR3103K","stroke":"#800080","stroke-width":2,"stroke-opacity":0.8,"fill":"#ffb9dc","fill-opacity":0.3},"geometry":{"type":"Polygon","coordinates":[[[3.453889,49.109722],[3.483333,49.033333],[3.500833,48.809722],[3.330833,48.798333],[3.213056,48.790278],[3.084444,48.699167],[2.973333,48.544722],[2.938611,48.698333],[2.98,48.777778],[3.093056,48.845833],[3.238889,48.848333],[3.366667,48.850278],[3.352778,48.995833],[3.295278,49.038333],[3.287778,49.100556],[3.453889,49.109722]]]}},{"type":"Feature","properties":{"name":"3103 L","nameV":"R 3103 L","class":"R","type":"R","lower":"4500FT AMSL","lowerM":1371,"upper":"FL055","upperM":1676,"desc":"ORLY APP Throughout activation: - IFR and OAT: Avoidance mandatory -VFR: Entry strictly reserved for pilots of flying clubs which signed a protocol with the managing authority and their duly informed guests. This area substitute itself to Cass A airspace parts which it interferes with.","activationCode":"HX","activationDesc":"Activable SR-30 à SS+30 et selon modalité protocolaires. Activité connue de: DE GAULLE APP ORLY APP \\\\Possible activation SR- 30 to SS+30 according to protocol. Activity known on: DE GAULLE APP ORLY APP","UId":"1565661","id":"LFR3103L","stroke":"#800080","stroke-width":2,"stroke-opacity":0.8,"fill":"#ffb9dc","fill-opacity":0.3},"geometry":{"type":"Polygon","coordinates":[[[3.330833,48.798333],[3.084444,48.699167],[3.213056,48.790278],[3.330833,48.798333]]]}},{"type":"Feature","properties":{"name":"94 A","nameV":"R 94 A","class":"R","type":"R","lower":"SFC","lowerM":0,"upper":"FL075","upperM":2286,"desc":"Administrator: 3ème RIMa- Camp de MEUCON: 02 97 44 42 22. IFR/VFR/OAT: avoidance mandatory during activity. Actual activity known on: - VANNES INFO (ATS SKED) - NANTES INFO /APP","activationCode":"TIMSH","activationDesc":"Possible activation: - MON-FRI except HOL: 0600-2300, - SAT, SUN and HOL: 0600-1800. SUM: - 1HR.","UId":"1565859","id":"LFR94A","stroke":"#800080","stroke-width":2,"stroke-opacity":0.8,"fill":"#ffb9dc","fill-opacity":0.6},"geometry":{"type":"Polygon","coordinates":[[[-2.826389,47.752778],[-2.772222,47.752778],[-2.761111,47.740278],[-2.772222,47.733333],[-2.826389,47.733333],[-2.826389,47.752778]]]}},{"type":"Feature","properties":{"name":"220 A","nameV":"R 220 A","class":"R","type":"R","lower":"SFC","lowerM":0,"upper":"FL075","upperM":2286,"desc":"Administrator: Camp de CHAMBARAN. GAT IFR/VFR, OAT: avoidance mandatory throughout activity Activity available on: officier de tir: 04 74 54 17 08. Activity known on: GRENOBLE TWR (BLW or = 3500ft AMSL) LYON INFO (ABV 3500ft AMSL).","activationCode":"HX","activationDesc":"From 01st MAY to 30th NOV: Activation H24 from MON to SAT. From 01st DEC to 30th APR: Activation H24 from MON to FRI.","UId":"1565853","id":"LFR220A","stroke":"#800080","stroke-width":2,"stroke-opacity":0.8,"fill":"#ffb9dc","fill-opacity":0.6},"geometry":{"type":"Polygon","coordinates":[[[5.102778,45.292222],[5.124444,45.295833],[5.189722,45.295833],[5.213056,45.283333],[5.211944,45.277778],[5.199444,45.275278],[5.177778,45.271111],[5.15,45.278056],[5.102778,45.2825],[5.102778,45.292222]]]}},{"type":"Feature","properties":{"name":"3100 G","nameV":"R 3100 G","class":"R","type":"R","lower":"4500FT AMSL","lowerM":1371,"upper":"FL055","upperM":1676,"desc":"Administrators: DE GAULLE APP, ORLY APP, VILLACOUBLAY APP. Throughout activation: - IFR and OAT: avoidance mandatory - VFR: entry strictly reserved for pilots of flying clubs which signed a protocol with the managing authority and their duly informed guests. This area substitutes itself to Class A airspace parts which it interferes with. Activity known on: - DE GAULLE APP - ORLY APP - VILLACOUBLAY APP - LE BOURGET INFO/APP","activationCode":"HJ","activationDesc":"Possible activation SR-30 to SS+30 according to protocol.","UId":"1566009","id":"LFR3100G","stroke":"#800080","stroke-width":2,"stroke-opacity":0.8,"fill":"#ffb9dc","fill-opacity":0.3},"geometry":{"type":"Polygon","coordinates":[[[1.4225,48.798056],[1.471667,48.796944],[1.445556,48.745833],[1.425278,48.705833],[1.4225,48.798056]]]}},{"type":"Feature","properties":{"name":"3103 M","nameV":"R 3103 M","class":"R","type":"R","lower":"3500FT AMSL","lowerM":1066,"upper":"FL065","upperM":1981,"desc":"ORLY APP Throughout activation: - IFR and OAT: Avoidance mandatory -VFR: Entry strictly reserved for pilots of flying clubs which signed a protocol with the managing authority and their duly informed guests. This area substitute itself to Cass A airspace parts which it interferes with.","activationCode":"HX","activationDesc":"Activable SR-30 à SS+30 et selon modalité protocolaires. Activité connue de: DE GAULLE APP ORLY APP \\\\Possible activation SR- 30 to SS+30 according to protocol. Activity known on: DE GAULLE APP ORLY APP","UId":"1565659","id":"LFR3103M","stroke":"#800080","stroke-width":2,"stroke-opacity":0.8,"fill":"#ffb9dc","fill-opacity":0.3},"geometry":{"type":"Polygon","coordinates":[[[3.084444,48.699167],[3.123889,48.6275],[2.973333,48.544722],[3.084444,48.699167]]]}},{"type":"Feature","properties":{"name":"3103 N","nameV":"R 3103 N","class":"R","type":"R","lower":"4500FT AMSL","lowerM":1371,"upper":"FL065","upperM":1981,"desc":"ORLY APP Throughout activation: - IFR and OAT: Avoidance mandatory -VFR: Entry strictly reserved for pilots of flying clubs which signed a protocol with the managing authority and their duly informed guests. This area substitute itself to Cass A airspace parts which it interferes with","activationCode":"HX","activationDesc":"Activable SR-30 à SS+30 et selon modalité protocolaires. Activité connue de: DE GAULLE APP ORLY APP \\\\Possible activation SR- 30 to SS+30 according to protocol. Activity known on: DE GAULLE APP ORLY APP","UId":"1565665","id":"LFR3103N","stroke":"#800080","stroke-width":2,"stroke-opacity":0.8,"fill":"#ffb9dc","fill-opacity":0.3},"geometry":{"type":"Polygon","coordinates":[[[3.661944,49.120833],[3.661667,49.105833],[3.656944,48.736667],[3.509167,48.698889],[3.158611,48.608056],[2.946111,48.428611],[2.902778,48.505556],[2.973333,48.544722],[3.123889,48.6275],[3.084444,48.699167],[3.330833,48.798333],[3.500833,48.809722],[3.483333,49.033333],[3.453889,49.109722],[3.661944,49.120833]]]}},{"type":"Feature","properties":{"name":"3103 P","nameV":"R 3103 P","class":"R","type":"R","lower":"4500FT AMSL","lowerM":1371,"upper":"FL055","upperM":1676,"desc":"ORLY APP Throughout activation: - IFR and OAT: Avoidance mandatory -VFR: Entry strictly reserved for pilots of flying clubs which signed a protocol with the managing authority and their duly informed guests. This area substitute itself to Cass A airspace parts which it interferes with","activationCode":"HX","activationDesc":"Activable SR-30 à SS+30 et selon modalité protocolaires. Activité connue de: DE GAULLE APP ORLY APP \\\\Possible activation SR- 30 to SS+30 according to protocol. Activity known on: DE GAULLE APP ORLY APP","UId":"1565663","id":"LFR3103P","stroke":"#800080","stroke-width":2,"stroke-opacity":0.8,"fill":"#ffb9dc","fill-opacity":0.3},"geometry":{"type":"Polygon","coordinates":[[[3.295278,49.038333],[3.352778,48.995833],[3.366667,48.850278],[3.238889,48.848333],[3.093056,48.845833],[3.046667,48.865556],[3.089722,48.8975],[3.173611,49.0325],[3.213333,49.034444],[3.295278,49.038333]]]}},{"type":"Feature","properties":{"name":"84 A","nameV":"R 84 A","class":"R","type":"R","lower":"SFC","lowerM":0,"upper":"FL040","upperM":1219,"desc":"Avoidance mandatory, unless exceptional exemption granted by Yvelines prefecture.","activationCode":"H24","UId":"1563443","id":"LFR84A","stroke":"#800080","stroke-width":2,"stroke-opacity":0.8,"fill":"#ffb9dc","fill-opacity":0.6},"geometry":{"type":"Polygon","coordinates":[[[2.107222,48.821667],[2.115278,48.819444],[2.111111,48.812222],[2.128611,48.808611],[2.123333,48.800556],[2.095833,48.8025],[2.107222,48.821667]]]}},{"type":"Feature","properties":{"name":"3100 F","nameV":"R 3100 F","class":"R","type":"R","lower":"3500FT AMSL","lowerM":1066,"upper":"FL055","upperM":1676,"desc":"Administrators: DE GAULLE APP, ORLY APP, VILLACOUBLAY APP. Throughout activation: - IFR and OAT: avoidance mandatory - VFR: entry strictly reserved for pilots of flying clubs which signed a protocol with the managing authority and their duly informed guests. This area substitutes itself to Class A airspace parts which it interferes with. Activity known on: - DE GAULLE APP - ORLY APP - VILLACOUBLAY APP - LE BOURGET INFO/APP","activationCode":"HJ","activationDesc":"Possible activation SR-30 to SS+30 according to protocol.","UId":"1566011","id":"LFR3100F","stroke":"#800080","stroke-width":2,"stroke-opacity":0.8,"fill":"#ffb9dc","fill-opacity":0.3},"geometry":{"type":"Polygon","coordinates":[[[1.471667,48.796944],[1.592222,48.793611],[1.445556,48.745833],[1.471667,48.796944]]]}},{"type":"Feature","properties":{"name":"3100 E","nameV":"R 3100 E","class":"R","type":"R","lower":"4500FT AMSL","lowerM":1371,"upper":"FL055","upperM":1676,"desc":"Administrators: DE GAULLE APP, ORLY APP, VILLACOUBLAY APP. Throughout activation: - IFR and OAT: avoidance mandatory - VFR: entry strictly reserved for pilots of flying clubs which signed a protocol with the managing authority and their duly informed guests. This area substitutes itself to Class A airspace parts which it interferes with. Activity known on: - DE GAULLE APP - ORLY APP - VILLACOUBLAY APP - LE BOURGET INFO/APP","activationCode":"HJ","activationDesc":"Possible activation SR-30 to SS+30 according to protocol.","UId":"1566013","id":"LFR3100E","stroke":"#800080","stroke-width":2,"stroke-opacity":0.8,"fill":"#ffb9dc","fill-opacity":0.3},"geometry":{"type":"Polygon","coordinates":[[[1.438333,48.963611],[1.546111,48.942778],[1.471667,48.796944],[1.4225,48.798056],[1.419167,48.917222],[1.438333,48.963611]]]}},{"type":"Feature","properties":{"name":"3100 D","nameV":"R 3100 D","class":"R","type":"R","lower":"3500FT AMSL","lowerM":1066,"upper":"FL055","upperM":1676,"desc":"Administrators: DE GAULLE APP, ORLY APP, VILLACOUBLAY APP. Throughout activation: - IFR and OAT: avoidance mandatory - VFR: entry strictly reserved for pilots of flying clubs which signed a protocol with the managing authority and their duly informed guests. This area substitutes itself to Class A airspace parts which it interferes with. Activity known on: - DE GAULLE APP - ORLY APP - VILLACOUBLAY APP - LE BOURGET INFO/APP","activationCode":"HJ","activationDesc":"Possible activation SR-30 to SS+30 according to protocol.","UId":"1566017","id":"LFR3100D","stroke":"#800080","stroke-width":2,"stroke-opacity":0.8,"fill":"#ffb9dc","fill-opacity":0.3},"geometry":{"type":"Polygon","coordinates":[[[1.546111,48.942778],[1.768889,48.899167],[1.762778,48.875833],[1.676389,48.791389],[1.592222,48.793611],[1.471667,48.796944],[1.546111,48.942778]]]}},{"type":"Feature","properties":{"name":"95 A","nameV":"R 95 A","class":"R","type":"R","lower":"SFC","lowerM":0,"upper":"FL055","upperM":1676,"desc":"Adminitrator: LE LUC APP Airspace defined except for the interfering LF-R 1250 A and B POURRIERES areas, when active. GAT/OAT: with authorization of LE LUC APP. Activity known on: -PROVENCE INFO -NICE INFO -MARSEILLE ACC/FIC. Actual activity known on LE LUC APP or announced on RAI 122.2 MHz.","activationCode":"HX","activationDesc":"Activable H24","UId":"1563413","id":"LFR95A","stroke":"#800080","stroke-width":2,"stroke-opacity":0.8,"fill":"#ffb9dc","fill-opacity":0.6},"geometry":{"type":"Polygon","coordinates":[[[5.909722,43.691667],[6.611111,43.5],[6.611111,43.302778],[6.5025,43.313889],[6.472222,43.276389],[6.1,43.3],[5.976389,43.25],[5.691667,43.471389],[5.716667,43.594444],[5.909722,43.691667]]]}},{"type":"Feature","properties":{"name":"3104 B","nameV":"R 3104 B","class":"R","type":"R","lower":"4500FT AMSL","lowerM":1371,"upper":"FL055","upperM":1676,"desc":"Administrator: DE GAULLE APP Throughout activation: - IFR and OAT: Avoidance mandatory -VFR: Entry strictly reserved for pilots of flying clubs which signed a protocol with the managing authority and their duly informed guests. This area substitute itself to class A airspace parts which it interferes with. Activity known on: - DE GAULLE APP - ORLY APP - VILLACOUBLAY APP - LE BOURGET INFO/APP","activationCode":"HJ","activationDesc":"Possible activation SR-30 to SS+30 according to protocol.","UId":"1565673","id":"LFR3104B","stroke":"#800080","stroke-width":2,"stroke-opacity":0.8,"fill":"#ffb9dc","fill-opacity":0.3},"geometry":{"type":"Polygon","coordinates":[[[1.483333,49.072778],[1.606111,49.059722],[1.575,48.999722],[1.462222,49.021944],[1.483333,49.072778]]]}},{"type":"Feature","properties":{"name":"3104 E","nameV":"R 3104 E","class":"R","type":"R","lower":"4500FT AMSL","lowerM":1371,"upper":"FL065","upperM":1981,"desc":"Administrator: DE GAULLE APP Throughout activation: - IFR and OAT: Avoidance mandatory -VFR: Entry strictly reserved for pilots of flying clubs which signed a protocol with the managing authority and their duly informed guests. This area substitute itself to Cass A airspace parts which it interferes with. Activity known on: - DE GAULLE APP - ORLY APP - VILLACOUBLAY APP - LE BOURGET INFO/APP","activationCode":"HJ","activationDesc":"Possible activation SR-30 to SS+30 according to protocol.","UId":"1565729","id":"LFR3104E","stroke":"#800080","stroke-width":2,"stroke-opacity":0.8,"fill":"#ffb9dc","fill-opacity":0.3},"geometry":{"type":"Polygon","coordinates":[[[1.510556,49.272222],[1.679444,49.258611],[1.606111,49.059722],[1.483333,49.072778],[1.495278,49.101111],[1.468056,49.2525],[1.510556,49.272222]]]}},{"type":"Feature","properties":{"name":"3102 D","nameV":"R 3102 D","class":"R","type":"R","lower":"FL065","lowerM":1981,"upper":"FL075","upperM":2286,"desc":"DE GAULLE APP Throughout activation: - IFR and OAT: Avoidance mandatory -VFR: Entry strictly reserved for pilots of flying clubs which signed a protocol with the managing authority and their duly informed guests. This area substitute itself to Cass A airspace parts which it interferes with.","activationCode":"HX","activationDesc":"Activable SR-30 à SS+30 et selon modalités protocolaires. Activité connue de: DE GAULLE APP \\\\Possible activation SR- 30 to SS+30 according to protocol. Activity known on: DE GAULLE APP","UId":"1566015","id":"LFR3102D","stroke":"#800080","stroke-width":2,"stroke-opacity":0.8,"fill":"#ffb9dc","fill-opacity":0.3},"geometry":{"type":"Polygon","coordinates":[[[3.484722,49.714722],[3.616944,49.477778],[3.442778,49.448056],[3.314722,49.468611],[3.157778,49.4375],[2.708889,49.510556],[2.743889,49.635278],[2.782778,49.674167],[2.976389,49.6025],[3.105833,49.611944],[3.236389,49.666667],[3.484722,49.714722]]]}},{"type":"Feature","properties":{"name":"3102 E","nameV":"R 3102 E","class":"R","type":"R","lower":"4500FT AMSL","lowerM":1371,"upper":"FL075","upperM":2286,"desc":"DE GAULLE APP Throughout activation: - IFR and OAT: Avoidance mandatory -VFR: Entry strictly reserved for pilots of flying clubs which signed a protocol with the managing authority and their duly informed guests. This area substitute itself to Cass A airspace parts which it interferes with.","activationCode":"HX","activationDesc":"Activable SR-30 à SS+30 et selon modalités protocolaires. Activité connue de: DE GAULLE APP \\\\Possible activation SR- 30 to SS+30 according to protocol. Activity known on: DE GAULLE APP","UId":"1565995","id":"LFR3102E","stroke":"#800080","stroke-width":2,"stroke-opacity":0.8,"fill":"#ffb9dc","fill-opacity":0.3},"geometry":{"type":"Polygon","coordinates":[[[3.314722,49.468611],[3.442778,49.448056],[3.33,49.428889],[3.1625,49.399722],[3.157778,49.4375],[3.314722,49.468611]]]}},{"type":"Feature","properties":{"name":"3102 V","nameV":"R 3102 V","class":"R","type":"R","lower":"2500FT AMSL","lowerM":762,"upper":"FL065","upperM":1981,"desc":"Administrator: DE GAULLE APP. Throughout activation: - IFR and OAT: avoidance mandatory. - VFR: entry strictly reserved for pilots of flying clubs which signed a protocol with the managing authority and their duly informed guests.  This area substitutes itself to Class A airspace parts which it interferes with. Activity known on DE GAULLE APP.","activationCode":"HJ","activationDesc":"Possible activation: SAT, SUN and HOL: 1000-SS (SUM: - 1HR) and according to protocol.","UId":"1565991","id":"LFR3102V","stroke":"#800080","stroke-width":2,"stroke-opacity":0.8,"fill":"#ffb9dc","fill-opacity":0.3},"geometry":{"type":"Polygon","coordinates":[[[2.740914,49.433525],[2.740719,49.433525],[2.740996,49.4375],[2.741856,49.441439],[2.74329,49.445307],[2.745286,49.449068],[2.747825,49.452688],[2.750885,49.456133],[2.754438,49.459373],[2.758451,49.462378],[2.762887,49.465119],[2.767706,49.467573],[2.772865,49.469716],[2.778314,49.471529],[2.784006,49.472996],[2.789888,49.474102],[2.795905,49.474838],[2.802003,49.475197],[2.808126,49.475175],[2.814218,49.474774],[2.820223,49.473996],[2.826086,49.472849],[2.831753,49.471343],[2.837173,49.469492],[2.842295,49.467313],[2.847074,49.464826],[2.851465,49.462054],[2.855428,49.459021],[2.858926,49.455757],[2.86193,49.45229],[2.864409,49.448653],[2.866343,49.444878],[2.867714,49.441],[2.868508,49.437055],[2.86872,49.433079],[2.868347,49.429108],[2.867393,49.425178],[2.865866,49.421325],[2.863781,49.417585],[2.861157,49.413991],[2.858018,49.410576],[2.857856,49.410581],[2.857856,49.410581],[2.797778,49.392222],[2.757222,49.406111],[2.740914,49.433525]]]}},{"type":"Feature","properties":{"name":"3106 A","nameV":"R 3106 A","class":"R","type":"R","lower":"4500FT AMSL","lowerM":1371,"upper":"FL065","upperM":1981,"desc":"Administrator: ORLY APP. Throughout activation: - IFR and OAT: Avoidance mandatory. - VFR: entry strictly reserved for pilots of flying clubs which signed a protocol with the managing authority and their duly informed guests. Except LF-R 3106V area when active. This area substitutes itself to Class A airspace parts which it interferes with. Activity known on: - ORLY APP - VILLACOUBLAY APP","activationCode":"HJ","activationDesc":"Possible activation from SR-30 to SS+30 and according to protocol.","UId":"1565757","id":"LFR3106A","stroke":"#800080","stroke-width":2,"stroke-opacity":0.8,"fill":"#ffb9dc","fill-opacity":0.3},"geometry":{"type":"Polygon","coordinates":[[[1.576111,48.606667],[1.676111,48.546667],[1.810556,48.430833],[1.789167,48.429722],[1.661111,48.432778],[1.552222,48.498333],[1.576111,48.606667]]]}},{"type":"Feature","properties":{"name":"3106 B","nameV":"R 3106 B","class":"R","type":"R","lower":"3500FT AMSL","lowerM":1066,"upper":"FL065","upperM":1981,"desc":"ORLY APP Throughout activation: - IFR and OAT: Avoidance mandatory -VFR: Entry strictly reseverved for pilots of flying clubs which signed a protocol with the managing authority and their duly informed guests. This area substitute itself to Cass A airspace parts which it interferes with.","activationCode":"NOTAM","activationDesc":"Activable SR-30 à SS+30 et selon modalités protocolaires. Activité connue de: ORLY APP VILLACOUBLAY APP \\\\Possible activation from SR- 30 to SS+30 and according to protocol. Activity known on: ORLY APP VILLACOUBLAY APP","UId":"1565751","id":"LFR3106B","stroke":"#800080","stroke-width":2,"stroke-opacity":0.8,"fill":"#ffb9dc","fill-opacity":0.3},"geometry":{"type":"Polygon","coordinates":[[[1.676111,48.546667],[1.8775,48.433611],[1.810556,48.430833],[1.676111,48.546667]]]}},{"type":"Feature","properties":{"name":"3105 A","nameV":"R 3105 A","class":"R","type":"R","lower":"3500FT AMSL","lowerM":1066,"upper":"FL055","upperM":1676,"desc":"DE GAULLE APP Throughout activation: - IFR and OAT: Avoidance mandatory -VFR: Entry strictly reserved for pilots of flying clubs which signed a protocol with the managing authority and their duly informed guests. This area substitute itself to Cass A airspace parts which it interferes with.","activationCode":"HX","activationDesc":"Activable SR-30 à SS+30 et selon modalités protocolaires. Activité connue de: DE GAULLE APP \\\\Possible activation from SR- 30 to SS+30 according to protocol. Activity known on: DE GAULLE APP","UId":"1565765","id":"LFR3105A","stroke":"#800080","stroke-width":2,"stroke-opacity":0.8,"fill":"#ffb9dc","fill-opacity":0.3},"geometry":{"type":"Polygon","coordinates":[[[3.164722,49.383333],[3.373056,49.316667],[3.387222,49.280833],[3.268333,49.260278],[3.183889,49.245556],[3.164722,49.383333]]]}},{"type":"Feature","properties":{"name":"3104 H","nameV":"R 3104 H","class":"R","type":"R","lower":"4500FT AMSL","lowerM":1371,"upper":"FL055","upperM":1676,"desc":"Administrator: DE GAULLE APP Throughout activation: - IFR and OAT: Avoidance mandatory -VFR: Entry strictly reserved for pilots of flying clubs which signed a protocol with the managing authority and their duly informed guests. This area substitute itself to Cass A airspace parts which it interferes with. Activity known on: - DE GAULLE APP - ORLY APP - VILLACOUBLAY APP - LE BOURGET INFO/APP","activationCode":"HJ","activationDesc":"Possible activation SR-30 to SS+30 according to protocol.","UId":"1565737","id":"LFR3104H","stroke":"#800080","stroke-width":2,"stroke-opacity":0.8,"fill":"#ffb9dc","fill-opacity":0.3},"geometry":{"type":"Polygon","coordinates":[[[1.539444,49.273333],[1.665556,49.220833],[1.632778,49.1325],[1.539444,49.273333]]]}},{"type":"Feature","properties":{"name":"3104 J","nameV":"R 3104 J","class":"R","type":"R","lower":"4500FT AMSL","lowerM":1371,"upper":"FL065","upperM":1981,"desc":"Administrator: DE GAULLE APP Throughout activation: - IFR and OAT: Avoidance mandatory -VFR: Entry strictly reserved for pilots of flying clubs which signed a protocol with the managing authority and their duly informed guests. This area substitute itself to Cass A airspace parts which it interferes with. Activity known on: - DE GAULLE APP - ORLY APP - VILLACOUBLAY APP - LE BOURGET INFO/APP","activationCode":"HJ","activationDesc":"Possible activation SR-30 to SS+30 according to protocol.","UId":"1565735","id":"LFR3104J","stroke":"#800080","stroke-width":2,"stroke-opacity":0.8,"fill":"#ffb9dc","fill-opacity":0.3},"geometry":{"type":"Polygon","coordinates":[[[1.533056,49.282778],[1.539444,49.273333],[1.632778,49.1325],[1.606111,49.059722],[1.582222,49.013611],[1.462222,49.021944],[1.495278,49.101111],[1.468056,49.2525],[1.533056,49.282778]]]}},{"type":"Feature","properties":{"name":"3104 K","nameV":"R 3104 K","class":"R","type":"R","lower":"4500FT AMSL","lowerM":1371,"upper":"FL055","upperM":1676,"desc":"Administrator: DE GAULLE APP Throughout activation: - IFR and OAT: Avoidance mandatory -VFR: Entry strictly reserved for pilots of flying clubs which signed a protocol with the managing authority and their duly informed guests. This area substitute itself to Cass A airspace parts which it interferes with. Activity known on: - DE GAULLE APP - ORLY APP - VILLACOUBLAY APP - LE BOURGET INFO/APP","activationCode":"HJ","activationDesc":"Possible activation SR-30 to SS+30 according to protocol.","UId":"1565749","id":"LFR3104K","stroke":"#800080","stroke-width":2,"stroke-opacity":0.8,"fill":"#ffb9dc","fill-opacity":0.3},"geometry":{"type":"Polygon","coordinates":[[[1.539444,49.273333],[1.806667,49.240556],[1.829722,49.226111],[1.791667,49.1375],[1.632778,49.1325],[1.665556,49.220833],[1.539444,49.273333]]]}},{"type":"Feature","properties":{"name":"3104 D","nameV":"R 3104 D","class":"R","type":"R","lower":"3500FT AMSL","lowerM":1066,"upper":"FL055","upperM":1676,"desc":"Administrator: DE GAULLE APP. Throughout activation: - IFR and OAT: avoidance mandatory. - VFR: entry strictly reserved for pilots of flying clubs which signed a protocol with the managing authority and their duly informed guests. Except LF-R 3104V area when active. This area substitutes itself to Class A airspace parts which it interferes with. Activity known on: - DE GAULLE APP - ORLY APP - VILLACOUBLAY APP - LE BOURGET INFO/APP","activationCode":"HJ","activationDesc":"Possible activation SR-30 to SS+30 according to protocol.","UId":"1565721","id":"LFR3104D","stroke":"#800080","stroke-width":2,"stroke-opacity":0.8,"fill":"#ffb9dc","fill-opacity":0.3},"geometry":{"type":"Polygon","coordinates":[[[1.679444,49.258611],[1.804722,49.248611],[1.806667,49.240556],[1.829722,49.226111],[1.752778,49.046389],[1.606111,49.059722],[1.679444,49.258611]]]}},{"type":"Feature","properties":{"name":"3104 V","nameV":"R 3104 V","class":"R","type":"R","lower":"3500FT AMSL","lowerM":1066,"upper":"FL065","upperM":1981,"desc":"Administrator: DE GAULLE APP. Throughout activation: - IFR and OAT: avoidance mandatory. - VFR: entry strictly reserved for pilots of flying clubs which signed a protocol with the managing authority and their duly informed guests. This area substitutes itself to Class A airspace parts which it interferes with. Activity known on: - DE GAULLE APP - ORLY APP - VILLACOUBLAY APP - LE BOURGET INFO/APP","activationCode":"HX","activationDesc":"Possible activation 0900-SS (SUM: -1HR) according to protocol.","UId":"1565747","id":"LFR3104V","stroke":"#800080","stroke-width":2,"stroke-opacity":0.8,"fill":"#ffb9dc","fill-opacity":0.3},"geometry":{"type":"Polygon","coordinates":[[[1.690833,49.086111],[1.703333,49.066667],[1.645,49.0375],[1.594444,49.037222],[1.606111,49.059722],[1.615556,49.085556],[1.690833,49.086111]]]}},{"type":"Feature","properties":{"name":"3105 B","nameV":"R 3105 B","class":"R","type":"R","lower":"4500FT AMSL","lowerM":1371,"upper":"FL055","upperM":1676,"desc":"DE GAULLE APP Throughout activation: -IFR and OAT: Avoidance mandatory -VFR: Entry strictly reseverved for pilots of flying clubs which signed a protocol with the managing authority and their duly informed guests. This area substitute itself to Cass A airspace parts which it interferes with. Except for R 3102 E when active","activationCode":"HX","activationDesc":"Activable SR-30 à SS+30 et selon modalités protocolaires. Activité connue de: DE GAULLE APP \\\\Possible activation from SR-30 to SS+30 according to protocol Activity known on: DE GAULLE APP","UId":"1565759","id":"LFR3105B","stroke":"#800080","stroke-width":2,"stroke-opacity":0.8,"fill":"#ffb9dc","fill-opacity":0.3},"geometry":{"type":"Polygon","coordinates":[[[3.314722,49.468611],[3.442778,49.448056],[3.461667,49.445],[3.662222,49.140556],[3.661944,49.120833],[3.453889,49.109722],[3.387222,49.280833],[3.373056,49.316667],[3.164722,49.383333],[3.1625,49.399722],[3.157778,49.4375],[3.314722,49.468611]]]}},{"type":"Feature","properties":{"name":"3105 D","nameV":"R 3105 D","class":"R","type":"R","lower":"3500FT AMSL","lowerM":1066,"upper":"FL055","upperM":1676,"desc":"DE GAULLE APP Throughout activation: - IFR and OAT: Avoidance mandatory -VFR: Entry strictly reserved for pilots of flying clubs which signed a protocol with the managing authority and their duly informed guests. This area substitute itself to Cass A airspace parts which it interferes with. Except for parts interfering with MANTES R 3103 K when active.","activationCode":"NOTAM","activationDesc":"Activable SR-30 à SS+30 et selon modalités protocolaires. Activité connue de: DE GAULLE APP. \\\\Possible activation from SR- 30 to SS+30 according to protocol. Activity known on: DE GAULLE APP","UId":"1565745","id":"LFR3105D","stroke":"#800080","stroke-width":2,"stroke-opacity":0.8,"fill":"#ffb9dc","fill-opacity":0.3},"geometry":{"type":"Polygon","coordinates":[[[3.164722,49.383333],[3.373056,49.316667],[3.453889,49.109722],[3.483333,49.033333],[3.500833,48.809722],[3.287778,49.100556],[3.268333,49.260278],[3.183889,49.245556],[3.164722,49.383333]]]}},{"type":"Feature","properties":{"name":"3105 E","nameV":"R 3105 E","class":"R","type":"R","lower":"4500FT AMSL","lowerM":1371,"upper":"FL055","upperM":1676,"desc":"DE GAULLE APP Throughout activation: - IFR and OAT: Avoidance mandatory -VFR: Entry strictly reserved for pilots of flying clubs which signed a protocol with the managing authority and their duly informed guests. This area substitute itself to Cass A airspace parts which it interferes with. Except for parts interfering with R 3102 E when active.","activationCode":"NOTAM","activationDesc":"Activable SR-30 à SS+30 et selon modalités protocolaires. Activité connue de: DE GAULLE APP. \\\\Possible activation from SR- 30 to SS+30 according to protocol. Activity known on: DE GAULLE APP","UId":"1565743","id":"LFR3105E","stroke":"#800080","stroke-width":2,"stroke-opacity":0.8,"fill":"#ffb9dc","fill-opacity":0.3},"geometry":{"type":"Polygon","coordinates":[[[3.314722,49.468611],[3.33,49.428889],[3.373056,49.316667],[3.164722,49.383333],[3.1625,49.399722],[3.157778,49.4375],[3.314722,49.468611]]]}},{"type":"Feature","properties":{"name":"3105 F","nameV":"R 3105 F","class":"R","type":"R","lower":"4500FT AMSL","lowerM":1371,"upper":"FL065","upperM":1981,"desc":"DE GAULLE APP Throughout activation: - IFR and OAT: Avoidance mandatory -VFR: Entry strictly reserved for pilots of flying clubs which signed a protocol with the managing authority and their duly informed guests. This area substitute itself to Cass A airspace parts which it interferes with. Except for parts interfering with R 3102 E and 3103 N when active.","activationCode":"NOTAM","activationDesc":"Activable SR-30 à SS+30 et selon modalités protocolaires. Activité connue de: DE GAULLE APP. \\\\Possible activation from SR- 30 to SS+30 according to protocol. Activity known on: DE GAULLE APP","UId":"1565755","id":"LFR3105F","stroke":"#800080","stroke-width":2,"stroke-opacity":0.8,"fill":"#ffb9dc","fill-opacity":0.3},"geometry":{"type":"Polygon","coordinates":[[[3.314722,49.468611],[3.442778,49.448056],[3.461667,49.445],[3.662222,49.140556],[3.661944,49.120833],[3.661667,49.105833],[3.656944,48.736667],[3.509167,48.698889],[3.500833,48.809722],[3.483333,49.033333],[3.453889,49.109722],[3.373056,49.316667],[3.33,49.428889],[3.314722,49.468611]]]}},{"type":"Feature","properties":{"name":"3101 B","nameV":"R 3101 B","class":"R","type":"R","lower":"3500FT AMSL","lowerM":1066,"upper":"FL055","upperM":1676,"desc":"ORLY APP Throughout activation: - IFR and OAT: Avoidance mandatory -VFR: Entry strictly reserved for pilots of flying clubs which signed a protocol with the managing authority and their duly informed guests. This area substitute itself to Cass A airspace parts which it interferes with.","activationCode":"HX","activationDesc":"Activable SR-30 à SS+30 et selon modalité protocolaires. Activité connue de: ORLY APP VILLACOUBLAY APP \\\\Possible activation SR- 30 to SS+30 according to protocol. Activity known on: ORLY APP VILLACOUBLAY APP","UId":"1565989","id":"LFR3101B","stroke":"#800080","stroke-width":2,"stroke-opacity":0.8,"fill":"#ffb9dc","fill-opacity":0.3},"geometry":{"type":"Polygon","coordinates":[[[2.813333,48.455833],[2.747222,48.377222],[2.136667,48.378056],[2.148889,48.378611],[2.7025,48.396667],[2.813333,48.455833]]]}},{"type":"Feature","properties":{"name":"3101 A","nameV":"R 3101 A","class":"R","type":"R","lower":"4500FT AMSL","lowerM":1371,"upper":"FL055","upperM":1676,"desc":"ORLY APP Throughout activation: - IFR and OAT: Avoidance mandatory -VFR: Entry strictly reserved for pilots of flying clubs which signed a protocol with the managing authority and their duly informed guests. This area substitute itself to Cass A airspace parts which it interferes with.","activationCode":"HX","activationDesc":"Activable SR-30 à SS+30 et selon modalité protocolaires. Activité connue de: ORLY APP VILLACOUBLAY APP \\\\Possible activation SR- 30 to SS+30 according to protocol. Activity known on: ORLY APP VILLACOUBLAY APP","UId":"1565997","id":"LFR3101A","stroke":"#800080","stroke-width":2,"stroke-opacity":0.8,"fill":"#ffb9dc","fill-opacity":0.3},"geometry":{"type":"Polygon","coordinates":[[[2.813333,48.455833],[2.978333,48.455833],[2.885,48.376667],[2.747222,48.377222],[2.813333,48.455833]]]}},{"type":"Feature","properties":{"name":"3100 K","nameV":"R 3100 K","class":"R","type":"R","lower":"4500FT AMSL","lowerM":1371,"upper":"FL055","upperM":1676,"desc":"Administrators: DE GAULLE APP, ORLY APP, VILLACOUBLAY APP. Throughout activation: - IFR and OAT: avoidance mandatory - VFR: entry strictly reserved for pilots of flying clubs which signed a protocol with the managing authority and their duly informed guests. This area substitutes itself to Class A airspace parts which it interferes with. Activity known on: - DE GAULLE APP - ORLY APP - VILLACOUBLAY APP - LE BOURGET INFO/APP","activationCode":"HJ","activationDesc":"Possible activation SR-30 to SS+30 according to protocol.","UId":"1566003","id":"LFR3100K","stroke":"#800080","stroke-width":2,"stroke-opacity":0.8,"fill":"#ffb9dc","fill-opacity":0.3},"geometry":{"type":"Polygon","coordinates":[[[1.462222,49.021944],[1.575,48.999722],[1.546111,48.942778],[1.438333,48.963611],[1.462222,49.021944]]]}},{"type":"Feature","properties":{"name":"20 B2 N","nameV":"R 20 B2 N","class":"R","type":"R","lower":"3000FT AMSL","lowerM":914,"upper":"FL065","upperM":1981,"desc":"Administrator: AVORD APP. TEL: 02 48 69 25 72 or 02 34 34 71 36. Except for LF-R 144 B when active. IFR: with AVORD APP authorization. Power driven VFR: entry allowed after radio contact, follow AVORD APP instructions. Not power driven VFR: entry allowed after radio contact with AVORD APP. Coexists with E class AVORD TMA 2.","activationCode":"HX","activationDesc":"Activable H24 Activité connue de: AVORD APP ou RAI 119.7 PARIS ACC/FIC BORDEAUX ACC NEVERS AFIS ST YAN APP \\\\Possible activation H24 Activity known on: AVORD APP or RAI 119.7 PARIS ACC/FIC BORDEAUX ACC NEVERS AFIS ST YAN APP","UId":"16474043","id":"LFR20B2N","stroke":"#800080","stroke-width":2,"stroke-opacity":0.8,"fill":"#ffb9dc","fill-opacity":0.3},"geometry":{"type":"Polygon","coordinates":[[[3.184167,47.1075],[3.383333,46.983333],[3.313056,46.728056],[2.852222,46.775833],[2.853092,46.775567],[2.859943,46.778049],[2.866733,46.780608],[2.873461,46.783245],[2.880124,46.785957],[2.88672,46.788746],[2.893248,46.791609],[2.899706,46.794546],[2.906092,46.797556],[2.912404,46.800639],[2.91864,46.803794],[2.924799,46.807019],[2.93088,46.810313],[2.936879,46.813677],[2.942797,46.817109],[2.94863,46.820607],[2.954377,46.824172],[2.960038,46.827801],[2.965609,46.831495],[2.971091,46.835252],[2.97648,46.839071],[2.981776,46.84295],[2.986977,46.84689],[2.992082,46.850888],[2.997089,46.854944],[3.001996,46.859056],[3.006803,46.863224],[3.011508,46.867446],[3.01611,46.871721],[3.020608,46.876048],[3.024999,46.880425],[3.029283,46.884852],[3.033459,46.889328],[3.037526,46.89385],[3.041482,46.898418],[3.045326,46.903031],[3.049057,46.907686],[3.052675,46.912384],[3.056177,46.917122],[3.059564,46.9219],[3.062833,46.926715],[3.065985,46.931567],[3.069018,46.936454],[3.071931,46.941375],[3.074723,46.946329],[3.077395,46.951314],[3.079944,46.956328],[3.08237,46.961371],[3.084673,46.966441],[3.086852,46.971537],[3.088905,46.976657],[3.090834,46.981799],[3.092636,46.986962],[3.094311,46.992146],[3.09586,46.997348],[3.097281,47.002566],[3.098574,47.007801],[3.099738,47.013049],[3.100774,47.018309],[3.10168,47.023581],[3.102458,47.028863],[3.103105,47.034152],[3.103623,47.039448],[3.104011,47.04475],[3.104268,47.050055],[3.104395,47.055362],[3.104392,47.06067],[3.104259,47.065977],[3.103995,47.071282],[3.1036,47.076583],[3.103076,47.081879],[3.102421,47.087168],[3.101636,47.092449],[3.100833,47.0925],[3.100833,47.0925],[3.184167,47.1075]]]}},{"type":"Feature","properties":{"name":"3100 L","nameV":"R 3100 L","class":"R","type":"R","lower":"4500FT AMSL","lowerM":1371,"upper":"FL055","upperM":1676,"desc":"Administrators: DE GAULLE APP, ORLY APP, VILLACOUBLAY APP. Throughout activation: - IFR and OAT: avoidance mandatory - VFR: entry strictly reserved for pilots of flying clubs which signed a protocol with the managing authority and their duly informed guests. This area substitutes itself to Class A airspace parts which it interferes with. Activity known on: - DE GAULLE APP - ORLY APP - VILLACOUBLAY APP - LE BOURGET INFO/APP","activationCode":"HJ","activationDesc":"Possible activation SR-30 to SS+30 according to protocol.","UId":"1566001","id":"LFR3100L","stroke":"#800080","stroke-width":2,"stroke-opacity":0.8,"fill":"#ffb9dc","fill-opacity":0.3},"geometry":{"type":"Polygon","coordinates":[[[1.4225,48.798056],[1.471667,48.796944],[1.466944,48.788333],[1.423611,48.7625],[1.4225,48.798056]]]}},{"type":"Feature","properties":{"name":"3100 M","nameV":"R 3100 M","class":"R","type":"R","lower":"4500FT AMSL","lowerM":1371,"upper":"FL055","upperM":1676,"desc":"Administrators: DE GAULLE APP, ORLY APP, VILLACOUBLAY APP. Throughout activation: - IFR and OAT: avoidance mandatory - VFR: entry strictly reserved for pilots of flying clubs which signed a protocol with the managing authority and their duly informed guests. This area substitutes itself to Class A airspace parts which it interferes with. Activity known on: - DE GAULLE APP - ORLY APP - VILLACOUBLAY APP - LE BOURGET INFO/APP","activationCode":"HJ","activationDesc":"Possible activation SR-30 to SS+30 according to protocol.","UId":"1565999","id":"LFR3100M","stroke":"#800080","stroke-width":2,"stroke-opacity":0.8,"fill":"#ffb9dc","fill-opacity":0.3},"geometry":{"type":"Polygon","coordinates":[[[1.462222,49.021944],[1.582222,49.013611],[1.546111,48.942778],[1.438333,48.963611],[1.462222,49.021944]]]}},{"type":"Feature","properties":{"name":"1","nameV":"R 1","class":"R","type":"R","lower":"SFC","lowerM":0,"upper":"4000FT AMSL","upperM":1219,"desc":"Outside SKED ATS OAT/GAT avoidance mandatory. When SKED ATS OAT/GAT entry granted by Mayotte TWR 119.2 MHz.","activationCode":"OTHER","activationDesc":"Possible activation MON-SAT: 0300-1500","UId":"10833721","id":"FMR1","stroke":"#800080","stroke-width":2,"stroke-opacity":0.8,"fill":"#ffb9dc","fill-opacity":0.6},"geometry":{"type":"Polygon","coordinates":[[[45.242978,-12.765058],[45.242938,-12.765086],[45.24313,-12.764118],[45.243352,-12.763156],[45.243605,-12.762202],[45.243889,-12.761255],[45.244202,-12.760318],[45.244546,-12.759391],[45.24492,-12.758475],[45.245322,-12.75757],[45.245754,-12.756679],[45.246214,-12.755801],[45.246701,-12.754937],[45.247217,-12.754089],[45.247759,-12.753257],[45.248328,-12.752442],[45.248923,-12.751645],[45.249543,-12.750866],[45.250187,-12.750106],[45.250856,-12.749367],[45.251548,-12.748648],[45.252263,-12.747951],[45.253,-12.747276],[45.253758,-12.746624],[45.254537,-12.745996],[45.255335,-12.745391],[45.256153,-12.744811],[45.256989,-12.744257],[45.257842,-12.743728],[45.258712,-12.743226],[45.259597,-12.74275],[45.260497,-12.742302],[45.261412,-12.741881],[45.262339,-12.741489],[45.263278,-12.741125],[45.264229,-12.74079],[45.26519,-12.740484],[45.26616,-12.740207],[45.267139,-12.739961],[45.268125,-12.739744],[45.269118,-12.739558],[45.269125,-12.7394],[45.269125,-12.7394],[45.273922,-12.766106],[45.273921,-12.766127],[45.274515,-12.766064],[45.275113,-12.766075],[45.275704,-12.766162],[45.276279,-12.766323],[45.276828,-12.766555],[45.277341,-12.766855],[45.27781,-12.767217],[45.278227,-12.767635],[45.278586,-12.768102],[45.278879,-12.76861],[45.279102,-12.769151],[45.279252,-12.769716],[45.279325,-12.770295],[45.279321,-12.770878],[45.27924,-12.771456],[45.279082,-12.772019],[45.278852,-12.772557],[45.278551,-12.773061],[45.278187,-12.773523],[45.277764,-12.773936],[45.27729,-12.774291],[45.276772,-12.774584],[45.27622,-12.774809],[45.275643,-12.774962],[45.275051,-12.775041],[45.274453,-12.775045],[45.273859,-12.774974],[45.27328,-12.774827],[45.272725,-12.77461],[45.272204,-12.774323],[45.271725,-12.773974],[45.271297,-12.773567],[45.270926,-12.773109],[45.270619,-12.772609],[45.270381,-12.772074],[45.270217,-12.771513],[45.270127,-12.770936],[45.270116,-12.770353],[45.270181,-12.769773],[45.270186,-12.769769],[45.270186,-12.769769],[45.242978,-12.765058]]]}},{"type":"Feature","properties":{"name":"204 T4","nameV":"R 204 T4","class":"R","type":"R","lower":"FL065","lowerM":1981,"upper":"FL080","upperM":2438,"desc":"Administrator: AQUITAINE INFO. GAT IFR and OAT A, B, C: avoidance mandatory. GAT VFR and OAT V: entry after radio contact with AQUITAINE INFO. Radio listening watch mandatory Service provided: flight information and alerting services. Activity known on AQUITAINE APP 129.875 MHz and AQUITAINE INFO 120.575 Mhz.","activationCode":"HO","activationDesc":"Activable LS+2HR - CS selon protocole \\\\Possible activation SR+2HR - SS according to protocol.","UId":"1564433","id":"LFR204T4","stroke":"#800080","stroke-width":2,"stroke-opacity":0.8,"fill":"#ffb9dc","fill-opacity":0.3},"geometry":{"type":"Polygon","coordinates":[[[-0.434722,44.303889],[-0.693333,44.08],[-0.9,44.2],[-0.723611,44.397778],[-0.434722,44.303889]]]}},{"type":"Feature","properties":{"name":"137 B","nameV":"R 137 B (SeeNotam)","class":"R","type":"R","lower":"FL085","lowerM":2590,"upper":"FL140","upperM":4267,"desc":"Administrator: CLERMONT APP. IFR, VFR and OAT: avoidance mandatory during activity Actual activation known on: - ST YAN APP (ATS SKED) - CLERMONT APP/INFO.","activationCode":"NOTAM","activationDesc":"Possible activation from 0700 to 0100 by NOTAM. SUM:-1HR.","UId":"1562883","id":"LFR137B","stroke":"#800080","stroke-width":2,"stroke-opacity":0.8,"fill":"#ffb9dc","fill-opacity":0.3},"geometry":{"type":"Polygon","coordinates":[[[3.616667,46.5],[3.749444,46.178056],[3.448056,46.218333],[3.5475,46.5],[3.616667,46.5]]]}},{"type":"Feature","properties":{"name":"55 D","nameV":"R 55 D","class":"R","type":"R","lower":"4000FT AMSL","lowerM":1219,"upper":"FL075","upperM":2286,"desc":"Except for part overlapping with LF-D 192 E when active. Managing authority: ORANGE APP. GAT/OAT: upon ORANGE APP authorization. Transponder mandatory. Actual activation known on: - ORANGE APP - PROVENCE INFO.","activationCode":"HX","activationDesc":"Possible activation H24.","UId":"1564495","id":"LFR55D","stroke":"#800080","stroke-width":2,"stroke-opacity":0.8,"fill":"#ffb9dc","fill-opacity":0.3},"geometry":{"type":"Polygon","coordinates":[[[4.335556,44.768056],[4.516667,44.616667],[4.416667,44.383333],[4.183333,44.233333],[3.833333,44.425],[4.230833,44.600278],[4.335556,44.768056]]]}},{"type":"Feature","properties":{"name":"138 TA","nameV":"R 138 TA","class":"R","type":"R","lower":"SFC","lowerM":0,"upper":"FL065","upperM":1981,"desc":"Administrator: 1er Régiment de chasseurs d'Afrique. Live firing helpdesk (ops): 04 94 99 16 74 or 04 94 39 23 21 Flight safety officer: 04 94 39 23 56 or 06 98 79 10 61 OAT-GAT: avoidance mandatory during activity, except for ACFT authorized by administrator. Actual activation known on: - MARSEILLE ACC and NICE APP - MARSEILLE INFO or NICE APP.","activationCode":"HO","activationDesc":"Possible activation H24","UId":"1565849","id":"LFR138TA","stroke":"#800080","stroke-width":2,"stroke-opacity":0.8,"fill":"#ffb9dc","fill-opacity":0.6},"geometry":{"type":"Polygon","coordinates":[[[6.669444,43.727778],[6.704167,43.725],[6.697778,43.704444],[6.683333,43.658333],[6.594444,43.625],[6.505556,43.625],[6.631944,43.655556],[6.618056,43.668056],[6.669444,43.727778]]]}},{"type":"Feature","properties":{"name":"137 A","nameV":"R 137 A (SeeNotam)","class":"R","type":"R","lower":"3000FT AMSL","lowerM":914,"upper":"FL085","upperM":2590,"desc":"Administrator: CLERMONT APP. IFR, VFR and OAT: avoidance mandatory during activity. Actual activation known on: - ST YAN APP (ATS SKED) - CLERMONT APP/INFO.","activationCode":"NOTAM","activationDesc":"Possible activation from 0700 to 0100 by NOTAM. SUM:-1HR.","UId":"1562887","id":"LFR137A","stroke":"#800080","stroke-width":2,"stroke-opacity":0.8,"fill":"#ffb9dc","fill-opacity":0.3},"geometry":{"type":"Polygon","coordinates":[[[3.566667,46.333333],[3.633333,46.308333],[3.633333,46.2],[3.594444,46.198889],[3.448056,46.218333],[3.488611,46.333333],[3.566667,46.333333]]]}},{"type":"Feature","properties":{"name":"45 S7","nameV":"R 45 S7 (SeeNotam)","class":"R","type":"R","lower":"800FT AGL","ordinalLowerM":243,"lowerM":243,"upper":"FL065","upperM":1981,"groundEstimatedHeight":[0,0,0,0],"desc":"Administrator: CDPGE Athis-Mons. Avoidance mandatory during activation hours. Activation timetable available on: - Internet: https://www.sia.aviation-civile.gouv.fr (section Preflight briefing/AZBA charts), SOFIA Briefing https://sofia-briefing.aviation-civile.gouv.fr (AZBA charts section). Actual activity provided by: - BASEL FIS - DOLE, LUXEUIL, LYON SAINT-EXUPERY, SAINT-YAN and BASEL AD.","activationCode":"NOTAM","activationDesc":"Activation by NOTAM. Except public HOL: - MON: 0830-1100, 1230-1600 - TUE: 0830-1100, 1230-2359 - WED: 0000-0059, 0830-1100 and SS+30 - 2359 Except July and August: WED: SS+30-2359 - THU: 0000-0059, 0830-1100 and 1230-2359 - FRI: 0000-0059, 0830-1100. SUM: -1HR.","UId":"1563895","id":"LFR45S7","stroke":"#800080","stroke-width":2,"stroke-opacity":0.8,"fill":"#ffb9dc","fill-opacity":0.3},"geometry":{"type":"Polygon","coordinates":[[[5.975833,47.165278],[5.791944,47.054167],[5.545833,47.239722],[5.611667,47.319167],[6.276667,47.631944],[6.53,47.562778],[5.882778,47.237222],[5.975833,47.165278]]]}},{"type":"Feature","properties":{"name":"45 S4","nameV":"R 45 S4 (SeeNotam)","class":"R","type":"R","lower":"800FT AGL","ordinalLowerM":243,"lowerM":243,"upper":"FL065","upperM":1981,"groundEstimatedHeight":[0,0,0,0],"desc":"Administrator: CDPGE Athis-Mons. Avoidance mandatory during activation hours. Activation timetable available on: - Internet: https://www.sia.aviation-civile.gouv.fr (section Preflight briefing/AZBA charts), SOFIA Briefing https://sofia-briefing.aviation-civile.gouv.fr (AZBA charts section). Actual activity provided by: - BASEL FIS - SAINT-YAN, LYON SAINT-EXUPERY, DOLE and LUXEUIL AD.","activationCode":"NOTAM","activationDesc":"Activation by NOTAM. Except public HOL: - MON: 0830-1100 and 1230-1600 - TUE: 0830-1100 and 1230-2359 - WED: 0000-0059, 0830-1100 and SS+30-2359 Except July and August: WED: SS+30 2359 - THU: 0000-0059, 0830-1100 and 1230-2359 - FRI: 0000-0059 and 0830-1100. SUM: - 1HR","UId":"1563899","id":"LFR45S4","stroke":"#800080","stroke-width":2,"stroke-opacity":0.8,"fill":"#ffb9dc","fill-opacity":0.3},"geometry":{"type":"Polygon","coordinates":[[[4.818056,46.402778],[4.843889,46.565278],[4.697222,46.815278],[4.528889,46.751944],[4.655556,46.566667],[4.715,46.402778],[4.818056,46.402778]]]}},{"type":"Feature","properties":{"name":"45 S6.1","nameV":"R 45 S6.1 (SeeNotam)","class":"R","type":"R","lower":"800FT AGL","ordinalLowerM":243,"lowerM":243,"upper":"FL085","upperM":2590,"groundEstimatedHeight":[0,0,0,0],"desc":"Administrator: CDPGE Athis-Mons. Avoidance mandatory during activation hours. Activation timetable available on: - Internet: https://www.sia.aviation-civile.gouv.fr (section Preflight briefing/AZBA charts), SOFIA Briefing https://sofia-briefing.aviation-civile.gouv.fr (AZBA charts section). Actual activity provided by: - BASEL FIS - SAINT-YAN, LYON SAINT-EXUPERY, DOLE, LUXEUIL AD.","activationCode":"NOTAM","activationDesc":"Activation by NOTAM. Except public HOL: - MON: 0830-1100, 1230-1600 - TUE: 0830-1100, 1230-2359 - WED: 0000-0059, 0830-1100 and SS+30 - 2359 Except July and August: WED: SS+30-2359 - THU: 0000-0059, 0830-1100 and 1230-2359 - FRI: 0000-0059, 0830-1100. SUM: -1HR.","UId":"1606203","id":"LFR45S6.1","stroke":"#800080","stroke-width":2,"stroke-opacity":0.8,"fill":"#ffb9dc","fill-opacity":0.3},"geometry":{"type":"Polygon","coordinates":[[[5.975833,47.165278],[5.791944,47.054167],[6.0,46.909444],[6.015556,46.786111],[5.878056,46.713889],[6.006944,46.625278],[6.266389,46.758889],[6.25,46.97],[5.975833,47.165278]]]}},{"type":"Feature","properties":{"name":"3205 A","nameV":"R 3205 A","class":"R","type":"R","lower":"4500FT AMSL","lowerM":1371,"upper":"FL065","upperM":1981,"desc":"Administrator: LYON APP OAT/GAT: entry after radio contact with LYON APP, mandatory radio listening watch and transponder. Services provided: flight information and alert services. When active, this area substitutes itself to class C airspace part which it interferes with. Activity known on LYON APP and LYON INFO.","activationCode":"HO","activationDesc":"Activable selon protocole SR-30 à SS+30. \\\\Possible activation SR-30 to SS+30 according to protocol.","UId":"20202100","id":"LFR3205A","stroke":"#800080","stroke-width":2,"stroke-opacity":0.8,"fill":"#ffb9dc","fill-opacity":0.3},"geometry":{"type":"Polygon","coordinates":[[[5.325,46.155556],[5.325845,46.155691],[5.326448,46.155524],[5.32705,46.155356],[5.327652,46.155188],[5.328253,46.155019],[5.328855,46.15485],[5.329456,46.154681],[5.330057,46.154511],[5.330657,46.15434],[5.331257,46.15417],[5.331858,46.153998],[5.332457,46.153827],[5.333057,46.153655],[5.333656,46.153482],[5.334255,46.153309],[5.334854,46.153136],[5.335453,46.152962],[5.336051,46.152788],[5.336649,46.152613],[5.337247,46.152438],[5.337844,46.152263],[5.338441,46.152087],[5.339038,46.15191],[5.339635,46.151734],[5.340231,46.151556],[5.340828,46.151379],[5.341423,46.151201],[5.342019,46.151022],[5.342614,46.150843],[5.34321,46.150664],[5.343804,46.150484],[5.344399,46.150304],[5.344993,46.150124],[5.345587,46.149943],[5.346181,46.149761],[5.346775,46.149579],[5.347368,46.149397],[5.347961,46.149215],[5.348553,46.149031],[5.349146,46.148848],[5.349738,46.148664],[5.35033,46.14848],[5.350921,46.148295],[5.351513,46.14811],[5.352104,46.147924],[5.352694,46.147738],[5.353285,46.147551],[5.353875,46.147365],[5.354465,46.147177],[5.355055,46.14699],[5.355644,46.146801],[5.356233,46.146613],[5.356822,46.146424],[5.35741,46.146234],[5.357998,46.146045],[5.358586,46.145854],[5.359174,46.145664],[5.359761,46.145473],[5.360349,46.145281],[5.360935,46.145089],[5.361522,46.144897],[5.362108,46.144704],[5.362694,46.144511],[5.36328,46.144318],[5.363865,46.144124],[5.36445,46.143929],[5.365035,46.143734],[5.365619,46.143539],[5.366204,46.143344],[5.366787,46.143147],[5.367371,46.142951],[5.367954,46.142754],[5.368537,46.142557],[5.36912,46.142359],[5.369703,46.142161],[5.370285,46.141962],[5.370867,46.141763],[5.370278,46.142222],[5.370278,46.142222],[5.4975,45.687778],[5.453611,45.687778],[5.325,46.155556]]]}},{"type":"Feature","properties":{"name":"3201 B","nameV":"R 3201 B","class":"R","type":"R","lower":"4500FT AMSL","lowerM":1371,"upper":"FL065","upperM":1981,"desc":"Administrator: LYON APP OAT/GAT: entry after radio contact with LYON APP, mandatory radio listening watch and transponder. Services provided: flight information and alert services. When active, this area substitutes itself to class C airspace part which it interferes with. Activity known on LYON APP and LYON INFO.","activationCode":"HO","activationDesc":"Activable selon protocole SR-30 à SS+30. \\\\Possible activation SR-30 to SS+30 according to protocol.","UId":"20202071","id":"LFR3201B","stroke":"#800080","stroke-width":2,"stroke-opacity":0.8,"fill":"#ffb9dc","fill-opacity":0.3},"geometry":{"type":"Polygon","coordinates":[[[4.7625,46.123611],[4.736667,45.97],[4.730556,45.933056],[4.703889,45.789167],[4.709722,45.720833],[4.687222,45.726667],[4.651111,45.853889],[4.552222,45.899444],[4.672778,46.078056],[4.671737,46.077797],[4.672838,46.078469],[4.673942,46.07914],[4.675048,46.079808],[4.676156,46.080475],[4.677267,46.08114],[4.678379,46.081803],[4.679494,46.082465],[4.680611,46.083124],[4.681731,46.083782],[4.682852,46.084438],[4.683976,46.085093],[4.685102,46.085745],[4.68623,46.086396],[4.68736,46.087044],[4.688493,46.087691],[4.689628,46.088337],[4.690764,46.08898],[4.691903,46.089621],[4.693045,46.090261],[4.694188,46.090899],[4.695333,46.091535],[4.696481,46.092169],[4.697631,46.092802],[4.698782,46.093432],[4.699936,46.094061],[4.701092,46.094687],[4.70225,46.095312],[4.703411,46.095935],[4.704573,46.096557],[4.705738,46.097176],[4.706904,46.097793],[4.708073,46.098409],[4.709243,46.099023],[4.710416,46.099634],[4.711591,46.100244],[4.712768,46.100852],[4.713946,46.101458],[4.715127,46.102063],[4.71631,46.102665],[4.717495,46.103265],[4.718682,46.103864],[4.719871,46.104461],[4.721062,46.105055],[4.722255,46.105648],[4.72345,46.106239],[4.724647,46.106828],[4.725846,46.107415],[4.727047,46.108],[4.72825,46.108583],[4.729454,46.109164],[4.730661,46.109744],[4.73187,46.110321],[4.733081,46.110897],[4.734293,46.11147],[4.735508,46.112042],[4.736724,46.112611],[4.737943,46.113179],[4.739163,46.113744],[4.740385,46.114308],[4.741609,46.11487],[4.742835,46.11543],[4.744063,46.115987],[4.745293,46.116543],[4.746524,46.117097],[4.747758,46.117649],[4.748993,46.118199],[4.75023,46.118747],[4.751469,46.119292],[4.75271,46.119836],[4.753952,46.120378],[4.755197,46.120918],[4.756443,46.121456],[4.757691,46.121992],[4.758941,46.122526],[4.760193,46.123058],[4.761446,46.123588],[4.7625,46.123611]]]}},{"type":"Feature","properties":{"name":"3204 A","nameV":"R 3204 A","class":"R","type":"R","lower":"4500FT AMSL","lowerM":1371,"upper":"FL065","upperM":1981,"desc":"Administrator: LYON APP OAT/GAT: entry after radio contact with LYON APP, mandatory radio listening watch and transponder. Services provided: flight information and alert services. When active, this area substitutes itself to class C airspace part which it interferes with. Activity known on LYON APP and LYON INFO.","activationCode":"HO","activationDesc":"Activable selon protocole SR-30 à SS+30. \\\\Possible activation SR-30 to SS+30 according to protocol.","UId":"20202061","id":"LFR3204A","stroke":"#800080","stroke-width":2,"stroke-opacity":0.8,"fill":"#ffb9dc","fill-opacity":0.3},"geometry":{"type":"Polygon","coordinates":[[[4.740833,45.605833],[4.803333,45.518333],[4.696111,45.467222],[4.651944,45.581111],[4.740833,45.605833]]]}},{"type":"Feature","properties":{"name":"3203","nameV":"R 3203","class":"R","type":"R","lower":"FL065","lowerM":1981,"upper":"FL070","upperM":2133,"desc":"Administrator: LYON APP OAT/GAT: entry after radio contact with LYON APP, mandatory radio listening watch and transponder. Services provided: flight information and alert services. When active, this area substitutes itself to class C airspace part which it interferes with. Activity known on LYON APP and LYON INFO.","activationCode":"HO","activationDesc":"Activable selon protocole SR-30 à SS+30. \\\\Possible activation SR-30 to SS+30 according to protocol.","UId":"20202135","id":"LFR3203","stroke":"#800080","stroke-width":2,"stroke-opacity":0.8,"fill":"#ffb9dc","fill-opacity":0.3},"geometry":{"type":"Polygon","coordinates":[[[4.434167,46.145556],[4.546944,45.853611],[4.318889,45.87],[4.203611,46.086111],[4.434167,46.145556]]]}},{"type":"Feature","properties":{"name":"3205 B","nameV":"R 3205 B","class":"R","type":"R","lower":"4500FT AMSL","lowerM":1371,"upper":"FL065","upperM":1981,"desc":"Administrator: LYON APP OAT/GAT: entry after radio contact with LYON APP, mandatory radio listening watch and transponder. Services provided: flight information and alert services. When active, this area substitutes itself to class C airspace part which it interferes with. Activity known on LYON APP and LYON INFO.","activationCode":"HO","activationDesc":"Activable selon protocole SR-30 à SS+30. \\\\Possible activation SR-30 to SS+30 according to protocol.","UId":"20202110","id":"LFR3205B","stroke":"#800080","stroke-width":2,"stroke-opacity":0.8,"fill":"#ffb9dc","fill-opacity":0.3},"geometry":{"type":"Polygon","coordinates":[[[5.4975,45.687778],[5.55,45.505833],[5.506944,45.505556],[5.453611,45.687778],[5.4975,45.687778]]]}},{"type":"Feature","properties":{"name":"3204 B","nameV":"R 3204 B","class":"R","type":"R","lower":"FL065","lowerM":1981,"upper":"FL100","upperM":3048,"desc":"Administrator: LYON APP OAT/GAT: entry after radio contact with LYON APP, mandatory radio listening watch and transponder. Services provided: flight information and alert services. When active, this area substitutes itself to class C airspace part which it interferes with. Activity known on LYON APP and LYON INFO.","activationCode":"HO","activationDesc":"Activable selon protocole SR-30 à SS+30. \\\\Possible activation SR-30 to SS+30 according to protocol.","UId":"20202126","id":"LFR3204B","stroke":"#800080","stroke-width":2,"stroke-opacity":0.8,"fill":"#ffb9dc","fill-opacity":0.3},"geometry":{"type":"Polygon","coordinates":[[[4.651944,45.581111],[4.696111,45.467222],[4.5575,45.400833],[4.489167,45.536111],[4.651944,45.581111]]]}},{"type":"Feature","properties":{"name":"3102 C","nameV":"R 3102 C","class":"R","type":"R","lower":"2500FT AMSL","lowerM":762,"upper":"FL075","upperM":2286,"desc":"Administrator: DE GAULLE APP. Throughout activation: - IFR and OAT: avoidance mandatory. - VFR: entry strictly reserved for pilots of flying clubs which signed a protocol with the managing authority and their duly informed guests.  This area substitutes itself to Class A airspace parts which it interferes with.  Except LF-R 3102V area when active. Activity known on DE GAULLE APP.","activationCode":"HJ","activationDesc":"Possible activation SR-30 to SS+30 according to protocol.","UId":"1566027","id":"LFR3102C","stroke":"#800080","stroke-width":2,"stroke-opacity":0.8,"fill":"#ffb9dc","fill-opacity":0.3},"geometry":{"type":"Polygon","coordinates":[[[2.708889,49.510556],[3.157778,49.4375],[3.1625,49.399722],[3.085556,49.386667],[2.933333,49.433333],[2.708889,49.510556]]]}},{"type":"Feature","properties":{"name":"229 B","nameV":"R 229 B","class":"R","type":"R","lower":"FL055","lowerM":1676,"upper":"FL100","upperM":3048,"desc":"Administrator: 1st RCh. GAT, OAT: avoidance mandatory throughout actual activity Actual activity known on: - ETAIN APP or RAI: 120.125 MHz - 1RCh: 03 29 73 56 59 or 56 53.","activationCode":"HO","activationDesc":"MON-FRI except public HOL: possible activation H24","UId":"1565371","id":"LFR229B","stroke":"#800080","stroke-width":2,"stroke-opacity":0.8,"fill":"#ffb9dc","fill-opacity":0.3},"geometry":{"type":"Polygon","coordinates":[[[5.416667,49.2775],[5.456667,49.273333],[5.460833,49.270556],[5.460278,49.231944],[5.446944,49.219444],[5.427222,49.218056],[5.405833,49.253056],[5.400556,49.268333],[5.407778,49.274444],[5.416667,49.2775]]]}},{"type":"Feature","properties":{"name":"108 A F3","nameV":"R 108 A F3","class":"R","type":"R","lower":"FL095","lowerM":2895,"upper":"FL195","upperM":5943,"desc":"Administrator: CCER Istres or CMC Istres GAT IFR/OAT: entry with clearance from control. GAT VFR: entry with clearance from CAMARGUE Control 127.925 MHz. Actual activity known on: - RHONE CONTROLE, - MARSEILLE CONTROLE/FIC, - PROVENCE APP/INFO, - MONTPELLIER APP/INFO.","activationCode":"HX","activationDesc":"Activable H24.","UId":"1610766","id":"LFR108AF3","stroke":"#800080","stroke-width":2,"stroke-opacity":0.8,"fill":"#ffb9dc","fill-opacity":0.3},"geometry":{"type":"Polygon","coordinates":[[[4.787778,43.710278],[4.930833,43.618056],[5.026389,43.504444],[5.018611,43.490278],[4.787778,43.710278]]]}},{"type":"Feature","properties":{"name":"45 S3","nameV":"R 45 S3 (SeeNotam)","class":"R","type":"R","lower":"800FT AGL","ordinalLowerM":243,"lowerM":243,"upper":"FL065","upperM":1981,"groundEstimatedHeight":[0,0,0,0],"desc":"Administrator: CDPGE Athis-Mons. Avoidance mandatory during activation hours. Activation timetable available on: - Internet: https://www.sia.aviation-civile.gouv.fr (section Preflight briefing/AZBA charts), SOFIA Briefing https://sofia-briefing.aviation-civile.gouv.fr (AZBA charts section). Actual activity provided by: - BASEL FIS - AUXERRE, SAINT-YAN and AVORD AD.","activationCode":"NOTAM","activationDesc":"Activation by NOTAM. Except public HOL: - MON: 0830-1100 and 1230-1600 - TUE: 0830-1100 and 1230-2359 - WED: 0000-0059, 0830-1100 and SS+30-2359 Except July and August: WED: SS+30-2359 - THU: 0000-0059, 0830-1100 and 1230-2359 - FRI: 0000-0059 and 0830-1100. SUM: - 1HR","UId":"1563879","id":"LFR45S3","stroke":"#800080","stroke-width":2,"stroke-opacity":0.8,"fill":"#ffb9dc","fill-opacity":0.3},"geometry":{"type":"Polygon","coordinates":[[[4.352778,47.212222],[4.684722,47.136389],[4.697222,46.815278],[4.528889,46.751944],[4.278333,47.013056],[3.666667,47.077222],[3.602778,47.366389],[3.995278,47.488056],[4.096667,47.385278],[4.246944,47.3575],[4.183056,47.197222],[4.352778,47.212222]]]}},{"type":"Feature","properties":{"name":"45 S2","nameV":"R 45 S2 (SeeNotam)","class":"R","type":"R","lower":"800FT AGL","ordinalLowerM":243,"lowerM":243,"upper":"FL065","upperM":1981,"groundEstimatedHeight":[0,0,0,0],"desc":"Administrator: CDPGE Athis-Mons. Avoidance mandatory during activation hours. Activation timetable available on: - Internet: https://www.sia.aviation-civile.gouv.fr (section Preflight briefing/AZBA charts), SOFIA Briefing https://sofia-briefing.aviation-civile.gouv.fr (AZBA charts section). Actual activity provided by: - BASEL FIS - SEINE FIS - BALE, LUXEUIL, SAINT-DIZIER and EPINAL MIRECOURT AD.","activationCode":"NOTAM","activationDesc":"Activation by NOTAM. Except public HOL: - MON: 0830-1100 and 1230-1600 - TUE: 0830-1100 and 1230-2359 - WED: 0000-0059, 0830-1100 and SS+30-2359 Except July and August: WED: SS+30-2359 - THU: 0000-0059, 0830-1100 and 1230-2359 - FRI: 0000-0059 and 0830-1100. SUM: - 1HR","UId":"1563875","id":"LFR45S2","stroke":"#800080","stroke-width":2,"stroke-opacity":0.8,"fill":"#ffb9dc","fill-opacity":0.3},"geometry":{"type":"Polygon","coordinates":[[[5.878056,48.010278],[5.701389,48.089444],[5.2,47.874444],[4.25,47.733333],[3.995278,47.488056],[4.096667,47.385278],[4.246944,47.3575],[4.280278,47.499167],[4.622222,47.634444],[5.310833,47.724722],[5.74,47.9075],[5.878056,48.010278]]]}},{"type":"Feature","properties":{"name":"33","nameV":"R 33","class":"R","type":"R","lower":"FL095","lowerM":2895,"upper":"FL105","upperM":3200,"desc":"MONT DE MARSAN APP IFR/OAT controlled- VFR/OAT V: avoidance mandatory during hours of activity. Actual activity known on MONT DE MARSAN APP:119.700/268.600. CAZAUX APP:119.600/284.850. BIARRITZ INFO AQUITAINE INFO PYRENEES INFO outside BIARRITZ INFO ATS SKED.","activationCode":"HX","activationDesc":"Possible activation H24.","UId":"1561707","id":"LFR33","stroke":"#800080","stroke-width":2,"stroke-opacity":0.8,"fill":"#ffb9dc","fill-opacity":0.3},"geometry":{"type":"Polygon","coordinates":[[[-0.9,44.2],[-0.686944,44.076111],[-0.833056,43.946111],[-1.098611,44.1125],[-1.093889,44.116667],[-0.9,44.2]]]}},{"type":"Feature","properties":{"name":"3202","nameV":"R 3202","class":"R","type":"R","lower":"4500FT AMSL","lowerM":1371,"upper":"FL065","upperM":1981,"desc":"Administrator: LYON APP OAT/GAT: entry after radio contact with LYON APP, mandatory radio listening watch and transponder. Services provided: flight information and alert services. When active, this area substitutes itself to class C airspace part which it interferes with. Activity known on LYON APP and LYON INFO.","activationCode":"HO","activationDesc":"Activable selon protocole SR-30 à SS+30. \\\\Possible activation SR-30 to SS+30 according to protocol.","UId":"20202087","id":"LFR3202","stroke":"#800080","stroke-width":2,"stroke-opacity":0.8,"fill":"#ffb9dc","fill-opacity":0.3},"geometry":{"type":"Polygon","coordinates":[[[4.552222,45.899444],[4.651111,45.853889],[4.687222,45.726667],[4.662778,45.681389],[4.615833,45.674722],[4.588056,45.747222],[4.537222,45.878333],[4.552222,45.899444]]]}},{"type":"Feature","properties":{"name":"108 C","nameV":"R 108 C","class":"R","type":"R","lower":"SFC","lowerM":0,"upper":"FL055","upperM":1676,"desc":"Administrator: CCER Istres Airspace defined except for the part interfering with LF-R 191 C, when active. Airspace shared with the interfering parts of RHONE CTA part 2 and MONTPELLIER TMA parts 1 and 3.  GAT IFR: entry with authorization from control. GATVFR: entry with authorization from: - MONTPELLIER APP, within the part interfering with MONTPELLIER TMA parts 1 and 3, - CAMARGUE Control 127.925 MHz, within the part interfering with the RHONE CTA part 2 and outside parts interfering with MONTPELLIER TMA. OAT: mandatory bypassing. Actual activity known on: - RHONE Control, - CAMARGUE Control, - MONTPELLIER APP/INFO.","activationCode":"HX","activationDesc":"Activable H24.","UId":"1563177","id":"LFR108C","stroke":"#800080","stroke-width":2,"stroke-opacity":0.8,"fill":"#ffb9dc","fill-opacity":0.6},"geometry":{"type":"Polygon","coordinates":[[[3.9,43.483333],[4.264444,43.453611],[4.494444,43.433889],[4.488333,43.305556],[3.563889,43.305556],[3.9,43.483333]]]}},{"type":"Feature","properties":{"name":"108 E1","nameV":"R 108 E1","class":"R","type":"R","lower":"FL045","lowerM":1371,"upper":"FL195","upperM":5943,"desc":"Administrator: CCER Istres. GAT IFR: entry upon control authorisation. GAT VFR: 1.\tAirspace interfering with MONTPELLIER TMA parts; entry authorized through MONTPELLIER APP. 2.\tAirspace outside MONTPELLIER TMA; entry authorized through CAMARGUE Control 127.925 MHz. OAT: mandatory bypassing if FL < ou = FL135, upon MARIUS Radar authorization above FL135. Activity known by: -\tMARSEILLE CONTROLE/INFO -\tMONTPELLIER APP/INFO -\tCAMARGUE Control Activity announced by RAI 127.925 MHz.","activationCode":"HX","activationDesc":"Activable H24.","UId":"1563195","id":"LFR108E1","stroke":"#800080","stroke-width":2,"stroke-opacity":0.8,"fill":"#ffb9dc","fill-opacity":0.3},"geometry":{"type":"Polygon","coordinates":[[[3.245833,43.614722],[3.9,43.483333],[4.078333,43.443611],[4.283333,43.363889],[4.283333,43.205833],[4.0,43.25],[3.325,43.0],[3.183333,43.05],[3.24,43.550278],[3.245833,43.614722]]]}},{"type":"Feature","properties":{"name":"108 E2","nameV":"R 108 E2","class":"R","type":"R","lower":"FL065","lowerM":1981,"upper":"FL195","upperM":5943,"desc":"Administrator: CCER Istres. GAT IFR: entry upon control authorisation. GAT VFR: airspace interfering with parts of MONTPELLIER TMA: entry authorised through MONTPELLIER APP. OAT: mandatory bypassing if FL< or = FL135, upon MARIUS Radar authorization above FL135. Activity known by: - MARSEILLE CONTROLE/INFO - MONTPELLIER INFO - CAMARGUE Contrôle","activationCode":"HX","activationDesc":"Possible activation H24.","UId":"1563199","id":"LFR108E2","stroke":"#800080","stroke-width":2,"stroke-opacity":0.8,"fill":"#ffb9dc","fill-opacity":0.3},"geometry":{"type":"Polygon","coordinates":[[[3.546944,43.955278],[3.690278,43.771667],[3.9,43.483333],[3.245833,43.614722],[3.276389,43.889444],[3.546944,43.955278]]]}},{"type":"Feature","properties":{"name":"125 A","nameV":"R 125 A","class":"R","type":"R","lower":"5000FT AMSL","lowerM":1524,"upper":"FL085","upperM":2590,"desc":"GAT VFR and OAT V: Constant listening watch mandatory on Basel Info 130.9 MHZ GAT IFR and OAT A B C: avoidance mandatory during activity Activity known on Basel Info 130.9 MHz Basel ATIS: 127.880 MHZ","activationCode":"HX","activationDesc":"Possible activation SR- 30 to SS+30 According to protocol","UId":"1562993","id":"LFR125A","stroke":"#800080","stroke-width":2,"stroke-opacity":0.8,"fill":"#ffb9dc","fill-opacity":0.3},"geometry":{"type":"Polygon","coordinates":[[[6.902778,47.743611],[7.029722,47.738333],[7.028366,47.738312],[7.028291,47.73816],[7.028217,47.738007],[7.028142,47.737855],[7.028068,47.737702],[7.027994,47.73755],[7.02792,47.737397],[7.027846,47.737245],[7.027772,47.737092],[7.027698,47.73694],[7.027625,47.736787],[7.027551,47.736634],[7.027478,47.736481],[7.027405,47.736329],[7.027331,47.736176],[7.027258,47.736023],[7.027185,47.73587],[7.027113,47.735718],[7.02704,47.735565],[7.026967,47.735412],[7.026895,47.735259],[7.026822,47.735106],[7.02675,47.734953],[7.026678,47.7348],[7.026606,47.734647],[7.026534,47.734494],[7.026462,47.734341],[7.02639,47.734188],[7.026318,47.734035],[7.026247,47.733882],[7.026175,47.733729],[7.026104,47.733576],[7.026033,47.733422],[7.025962,47.733269],[7.025891,47.733116],[7.02582,47.732963],[7.025749,47.73281],[7.025678,47.732656],[7.025608,47.732503],[7.025537,47.73235],[7.025467,47.732196],[7.025397,47.732043],[7.025327,47.73189],[7.025257,47.731736],[7.025187,47.731583],[7.025117,47.731429],[7.025047,47.731276],[7.024978,47.731122],[7.024908,47.730969],[7.024839,47.730815],[7.02477,47.730662],[7.024701,47.730508],[7.024632,47.730354],[7.024563,47.730201],[7.024494,47.730047],[7.024425,47.729893],[7.024357,47.72974],[7.024288,47.729586],[7.02422,47.729432],[7.024152,47.729278],[7.024084,47.729124],[7.024016,47.728971],[7.023948,47.728817],[7.02388,47.728663],[7.023812,47.728509],[7.023745,47.728355],[7.023677,47.728201],[7.02361,47.728047],[7.023543,47.727893],[7.023475,47.727739],[7.023408,47.727585],[7.023341,47.727431],[7.023275,47.727277],[7.023208,47.727123],[7.023141,47.726969],[7.023075,47.726815],[7.023009,47.726661],[7.024444,47.726667],[7.024444,47.726667],[6.886667,47.69],[6.884904,47.689985],[6.885017,47.69055],[6.885131,47.691115],[6.885247,47.69168],[6.885364,47.692245],[6.885481,47.692809],[6.8856,47.693374],[6.88572,47.693938],[6.885842,47.694502],[6.885964,47.695067],[6.886088,47.695631],[6.886212,47.696195],[6.886338,47.696758],[6.886465,47.697322],[6.886593,47.697886],[6.886722,47.698449],[6.886853,47.699013],[6.886984,47.699576],[6.887117,47.700139],[6.887251,47.700702],[6.887386,47.701265],[6.887522,47.701828],[6.887659,47.70239],[6.887798,47.702953],[6.887937,47.703515],[6.888078,47.704077],[6.88822,47.70464],[6.888363,47.705202],[6.888507,47.705763],[6.888652,47.706325],[6.888799,47.706887],[6.888946,47.707448],[6.889095,47.708009],[6.889245,47.708571],[6.889396,47.709132],[6.889548,47.709693],[6.889701,47.710253],[6.889856,47.710814],[6.890011,47.711374],[6.890168,47.711935],[6.890326,47.712495],[6.890485,47.713055],[6.890645,47.713615],[6.890806,47.714175],[6.890968,47.714734],[6.891132,47.715294],[6.891297,47.715853],[6.891462,47.716412],[6.891629,47.716971],[6.891797,47.71753],[6.891967,47.718089],[6.892137,47.718647],[6.892308,47.719206],[6.892481,47.719764],[6.892655,47.720322],[6.89283,47.72088],[6.893006,47.721437],[6.893183,47.721995],[6.893361,47.722552],[6.893541,47.72311],[6.893721,47.723667],[6.893903,47.724224],[6.894086,47.72478],[6.89427,47.725337],[6.894455,47.725893],[6.894641,47.72645],[6.894828,47.727006],[6.895017,47.727562],[6.895206,47.728117],[6.895397,47.728673],[6.895589,47.729228],[6.895782,47.729783],[6.895976,47.730338],[6.896172,47.730893],[6.896368,47.731448],[6.896566,47.732002],[6.896764,47.732557],[6.896964,47.733111],[6.897165,47.733665],[6.897367,47.734218],[6.89757,47.734772],[6.897774,47.735325],[6.89798,47.735879],[6.898186,47.736432],[6.898394,47.736984],[6.898603,47.737537],[6.898813,47.738089],[6.899024,47.738642],[6.899236,47.739194],[6.899449,47.739745],[6.899664,47.740297],[6.899879,47.740848],[6.900096,47.7414],[6.900314,47.741951],[6.900533,47.742502],[6.900753,47.743052],[6.900974,47.743603],[6.902778,47.743611]]]}},{"type":"Feature","properties":{"name":"125 B","nameV":"R 125 B","class":"R","type":"R","lower":"6500FT AMSL","lowerM":1981,"upper":"FL085","upperM":2590,"desc":"GAT VFR and OAT V: Constant listening watch mandatory on Basel Info 130.9 MHZ GAT IFR and OAT A B C: avoidance mandatory during activity Activity known on Basel Info 130.9 MHz Basel ATIS: 127.880 MHZ","activationCode":"HX","activationDesc":"Possible activation SR- 30 to SS+30 According to protocol","UId":"1562991","id":"LFR125B","stroke":"#800080","stroke-width":2,"stroke-opacity":0.8,"fill":"#ffb9dc","fill-opacity":0.3},"geometry":{"type":"Polygon","coordinates":[[[6.808333,47.75],[6.902778,47.743611],[6.900974,47.743603],[6.900753,47.743052],[6.900533,47.742502],[6.900314,47.741951],[6.900096,47.7414],[6.899879,47.740848],[6.899664,47.740297],[6.899449,47.739745],[6.899236,47.739194],[6.899024,47.738642],[6.898813,47.738089],[6.898603,47.737537],[6.898394,47.736984],[6.898186,47.736432],[6.89798,47.735879],[6.897774,47.735325],[6.89757,47.734772],[6.897367,47.734218],[6.897165,47.733665],[6.896964,47.733111],[6.896764,47.732557],[6.896566,47.732002],[6.896368,47.731448],[6.896172,47.730893],[6.895976,47.730338],[6.895782,47.729783],[6.895589,47.729228],[6.895397,47.728673],[6.895206,47.728117],[6.895017,47.727562],[6.894828,47.727006],[6.894641,47.72645],[6.894455,47.725893],[6.89427,47.725337],[6.894086,47.72478],[6.893903,47.724224],[6.893721,47.723667],[6.893541,47.72311],[6.893361,47.722552],[6.893183,47.721995],[6.893006,47.721437],[6.89283,47.72088],[6.892655,47.720322],[6.892481,47.719764],[6.892308,47.719206],[6.892137,47.718647],[6.891967,47.718089],[6.891797,47.71753],[6.891629,47.716971],[6.891462,47.716412],[6.891297,47.715853],[6.891132,47.715294],[6.890968,47.714734],[6.890806,47.714175],[6.890645,47.713615],[6.890485,47.713055],[6.890326,47.712495],[6.890168,47.711935],[6.890011,47.711374],[6.889856,47.710814],[6.889701,47.710253],[6.889548,47.709693],[6.889396,47.709132],[6.889245,47.708571],[6.889095,47.708009],[6.888946,47.707448],[6.888799,47.706887],[6.888652,47.706325],[6.888507,47.705763],[6.888363,47.705202],[6.88822,47.70464],[6.888078,47.704077],[6.887937,47.703515],[6.887798,47.702953],[6.887659,47.70239],[6.887522,47.701828],[6.887386,47.701265],[6.887251,47.700702],[6.887117,47.700139],[6.886984,47.699576],[6.886853,47.699013],[6.886722,47.698449],[6.886593,47.697886],[6.886465,47.697322],[6.886338,47.696758],[6.886212,47.696195],[6.886088,47.695631],[6.885964,47.695067],[6.885842,47.694502],[6.88572,47.693938],[6.8856,47.693374],[6.885481,47.692809],[6.885364,47.692245],[6.885247,47.69168],[6.885131,47.691115],[6.885017,47.69055],[6.884904,47.689985],[6.886667,47.69],[6.886667,47.69],[6.866667,47.688611],[6.722222,47.695556],[6.808333,47.75]]]}},{"type":"Feature","properties":{"name":"2","nameV":"R 2 (SeeNotam)","class":"R","type":"R","lower":"SFC","lowerM":0,"upper":"FL050","upperM":1524,"desc":"(FRENCH GUIANA) Managing authority: 3ème Régiment Etranger d'Infanterie. GAT/OAT: avoidance mandatory during activity. TEL: 05 94 33 87 33 / 39 55 00. Activity known on: - CALYPSO RADAR: 122.1 MHz, - CAYENNE ACC: 126.9 MHz.","activationCode":"HX","activationDesc":"Possible activation by NOTAM. MON-SAT except HOL: 0500-2100.","UId":"12172355","id":"SOR2","stroke":"#800080","stroke-width":2,"stroke-opacity":0.8,"fill":"#ffb9dc","fill-opacity":0.6},"geometry":{"type":"Polygon","coordinates":[[[-51.840167,3.871247],[-51.831764,3.869736],[-51.834997,3.862481],[-51.855269,3.842414],[-51.863969,3.860831],[-51.840167,3.871247]]]}},{"type":"Feature","properties":{"name":"202 A","nameV":"R 202 A (SeeNotam)","class":"R","type":"R","lower":"SFC","lowerM":0,"upper":"FL055","upperM":1676,"desc":"Administrator: CFIM 11e BP - 6e RPIMa  cfim-caylus.cellcoord.fct@intradef. gouv. fr  cfim-caylus.cmi.fct@intradef.gouv.fr OAT/GAT: avoidance mandatory throughout activity except flights scheduled and authorized by Officier de tir Activity schedule available through Officier de tir du camp de Caylus: 05 63 24 65 27. Permanence: 05 63 24 65 39. Activity known on: - TOULOUSE INFO,  - CLERMONT INFO.","activationCode":"HO","activationDesc":"MON-SAT: possible activation H24. SUN and HOL: possible activation H24 by NOTAM.","UId":"1565447","id":"LFR202A","stroke":"#800080","stroke-width":2,"stroke-opacity":0.8,"fill":"#ffb9dc","fill-opacity":0.6},"geometry":{"type":"Polygon","coordinates":[[[1.6375,44.333056],[1.7875,44.335],[1.791667,44.323889],[1.7825,44.246667],[1.6375,44.274722],[1.6375,44.333056]]]}},{"type":"Feature","properties":{"name":"233 A","nameV":"R 233 A","class":"R","type":"R","lower":"SFC","lowerM":0,"upper":"FL085","upperM":2590,"desc":"IFR/VFR/OAT: avoidance mandatory during activity. Actual activation known by administrator. Administrator: 92nd Regiment of Infantry: 04 73 21 78 92.","activationCode":"HX","activationDesc":"Possible activation H24 except SUN and public HOL and from the 1st to the 31st of AUG.","UId":"1562579","id":"LFR233A","stroke":"#800080","stroke-width":2,"stroke-opacity":0.8,"fill":"#ffb9dc","fill-opacity":0.6},"geometry":{"type":"Polygon","coordinates":[[[2.583056,45.7],[2.577778,45.683333],[2.526389,45.666944],[2.526389,45.688333],[2.583056,45.7]]]}},{"type":"Feature","properties":{"name":"202 B","nameV":"R 202 B","class":"R","type":"R","lower":"FL055","lowerM":1676,"upper":"FL085","upperM":2590,"desc":"Administrator: CFIM 11e BP - 6e RPIMa  cfim-caylus.cellcoord.fct@intradef. gouv. fr  cfim-caylus.cmi.fct@intradef.gouv.fr OAT/GAT: avoidance mandatory throughout activity except flights scheduled and authorized by Officier de tir Activity schedule available through Officier de tir du camp de Caylus: 05 63 24 65 27. Permanence: 05 63 24 65 39. Activity known on: - TOULOUSE INFO,  - CLERMONT INFO.","activationCode":"HO","activationDesc":"Possible activation H24 MON-SAT except HOL","UId":"1565451","id":"LFR202B","stroke":"#800080","stroke-width":2,"stroke-opacity":0.8,"fill":"#ffb9dc","fill-opacity":0.3},"geometry":{"type":"Polygon","coordinates":[[[1.6375,44.333056],[1.7875,44.335],[1.791667,44.323889],[1.7825,44.246667],[1.6375,44.274722],[1.6375,44.333056]]]}},{"type":"Feature","properties":{"name":"49 A2","nameV":"R 49 A2 (SeeNotam)","class":"R","type":"R","lower":"4000FT AMSL","lowerM":1219,"upper":"FL065","upperM":1981,"desc":"Administrator: COGNAC APP. Except for COGNAC CTA or LF-R 49 E2, LIMOGES TMA parts 4 and 5, MONT-MORILLON LF-R 24 when active. Except for CIVAUX.LF-P 2. IFR: With authorisation. VFR/OAT: upon COGNAC APP authorisation. IFF mandatory. Activity known on COGNAC APP or RAI 132.450, AQUITAINE INFO, LIMOGES INFO, POITIERS INFO.","activationCode":"HX","activationDesc":"MON-FRI Except public HOL: 0700-2300 SAT: 0700-1100 SUM: -1HR. Other times, announced by NOTAM.","UId":"1565715","id":"LFR49A2","stroke":"#800080","stroke-width":2,"stroke-opacity":0.8,"fill":"#ffb9dc","fill-opacity":0.3},"geometry":{"type":"Polygon","coordinates":[[[0.325556,46.424167],[0.325656,46.424095],[0.328847,46.424376],[0.332032,46.424687],[0.33521,46.425029],[0.338381,46.425402],[0.341544,46.425805],[0.344699,46.426238],[0.347845,46.426702],[0.350981,46.427196],[0.354107,46.42772],[0.357222,46.428275],[0.360325,46.428859],[0.363416,46.429473],[0.366495,46.430116],[0.36956,46.430789],[0.372612,46.431492],[0.375648,46.432223],[0.37867,46.432984],[0.381676,46.433774],[0.384666,46.434593],[0.38764,46.43544],[0.390595,46.436316],[0.393533,46.437221],[0.396452,46.438153],[0.399352,46.439114],[0.402233,46.440102],[0.405093,46.441118],[0.407932,46.442161],[0.41075,46.443232],[0.413546,46.444329],[0.41632,46.445453],[0.41907,46.446604],[0.421797,46.447781],[0.424501,46.448985],[0.427179,46.450214],[0.429832,46.451469],[0.43246,46.452749],[0.435062,46.454054],[0.437637,46.455385],[0.440184,46.45674],[0.442705,46.458119],[0.445197,46.459522],[0.44766,46.460949],[0.450094,46.4624],[0.452499,46.463874],[0.454874,46.465371],[0.457218,46.466891],[0.459531,46.468433],[0.461813,46.469998],[0.464062,46.471584],[0.46628,46.473191],[0.468465,46.47482],[0.470616,46.476469],[0.472734,46.47814],[0.474818,46.47983],[0.474444,46.479722],[0.474444,46.479722],[0.919444,46.438889],[0.916667,46.153333],[0.908333,45.841667],[0.859722,45.798889],[0.685833,45.633333],[0.166667,45.132778],[0.166667,45.45],[0.093611,45.5],[-0.508333,45.5],[-0.157778,45.694167],[0.325556,46.424167]]]}},{"type":"Feature","properties":{"name":"205 /9","nameV":"R 205 /9","class":"R","type":"R","lower":"FL085","lowerM":2590,"upper":"FL115","upperM":3505,"desc":"Managers:  DE GAULLE APP, ORLY APP. Entry conditions: - IFR GAT flights inbound to or outbound from BEAUVAIS TILLE, MELUN VILLAROCHE, PARIS CHARLES DE GAULLE, PARIS LE BOURGET, PARIS ORLY, PONTOISE CORMEILLES, TOUSSUS LE NOBLE, VILLACOUBLAY VELIZY: Entry authorized after radio contact with one of the managing authorities. - VFR/IFR GAT flights outbound from and IFR/VFR GAT flights inbound to aerodromes not featuring IFR procedures: With connection to the IFR procedures of BEAUVAIS TILLE, MELUN VILLAROCHE, PARIS LE BOURGET, PONTOISE CORMEILLES and TOUSSUS LE NOBLE and as per the instructions from the managing authorities. - Other IFR GAT flights:  Compulsory avoidance except for aircraft having obtained prior permission from the Paris Region Air Navigation Services, with minimum advance notice of 5 working days. For safety reasons, constraints may be imposed on the route, level and time required depending on the need to manage the traffic inbound to and outbound from Paris airports. Authorities to be contacted: SNA-RP (lfff-sub-ctl-bf@aviation-civile.gouv.fr, lfpg-ctl@aviation-civile.gouv.fr, lfpo-sub-ctl@aviation-civile.gouv.fr). VFR GAT flights: Compulsory avoidance except for aircraft performing assistance, rescue or human safety operations, when these operations are not compatible with area avoidance, upon authorization from one of the managing authorities. OAT flights: Entry authorized after radio contact with one of the managing authorities. This restricted area coexists with the PARIS TMA part 9, excluding areas TMA 2 Orléans, LF-R 3111 B and LF-R 3112 (Satory) when they are active.","activationCode":"H24","activationDesc":"H24.","UId":"26373409","id":"LFR205/9","stroke":"#800080","stroke-width":2,"stroke-opacity":0.8,"fill":"#ffb9dc","fill-opacity":0.3},"geometry":{"type":"Polygon","coordinates":[[[1.403889,49.836389],[1.536111,49.751667],[1.723889,49.630833],[1.665833,49.536944],[2.5,49.433333],[2.602778,49.471389],[2.708889,49.510556],[2.743889,49.635278],[2.782778,49.674167],[2.976389,49.6025],[3.105833,49.611944],[3.236389,49.666667],[3.660278,49.748333],[3.933333,49.8],[4.250833,49.505278],[3.8825,49.256667],[3.661667,49.105833],[3.656944,48.736667],[3.656389,48.700556],[3.73,48.683889],[3.781667,48.672222],[3.853056,48.639444],[3.915556,48.543889],[4.080833,48.455278],[3.794722,48.099722],[3.283889,47.890556],[3.053889,48.101389],[2.906667,48.273611],[1.897222,48.297222],[1.752778,48.090833],[1.726944,48.06],[1.709167,48.049444],[1.594722,48.015],[1.505278,48.008889],[1.439444,47.904444],[1.027222,47.848333],[0.740833,47.933333],[0.609167,48.268333],[0.755833,48.408611],[1.159444,48.547222],[1.207778,48.598611],[1.286111,48.657222],[1.425278,48.705833],[1.419167,48.917222],[1.495278,49.101111],[1.488611,49.138611],[1.316667,49.166667],[0.9125,49.231389],[1.255556,49.834444],[1.403889,49.836389]]]}},{"type":"Feature","properties":{"name":"15 B","nameV":"R 15 B","class":"R","type":"R","lower":"FL085","lowerM":2590,"upper":"FL195","upperM":5943,"desc":"Avoidance mandatory during activity except for ACFT to and from Brienne le Château AD and aircraft for air dropping after radio contact on 123.425 MHz. Activation known on: PARIS INFO: 126.1 MHz SEINE INFO: 120.325 MHz SAINT DIZIER APP: 134.775 MHz PARIS ACC: 120.950 MHz","activationCode":"HX","activationDesc":"Possible activation:SR-30 to SS+30","UId":"1566593","id":"LFR15B","stroke":"#800080","stroke-width":2,"stroke-opacity":0.8,"fill":"#ffb9dc","fill-opacity":0.3},"geometry":{"type":"Polygon","coordinates":[[[4.376667,48.4775],[4.376349,48.4775],[4.376571,48.482088],[4.377245,48.486657],[4.378368,48.491187],[4.379936,48.495659],[4.381942,48.500053],[4.384378,48.50435],[4.387233,48.508533],[4.390495,48.512584],[4.39415,48.516484],[4.398183,48.520217],[4.402576,48.523768],[4.407311,48.527121],[4.412368,48.530261],[4.417724,48.533175],[4.423357,48.535851],[4.429243,48.538277],[4.435357,48.540443],[4.441671,48.542339],[4.44816,48.543958],[4.454795,48.545292],[4.461548,48.546335],[4.46839,48.547084],[4.475291,48.547534],[4.482222,48.547684],[4.489153,48.547534],[4.496054,48.547084],[4.502896,48.546335],[4.509649,48.545292],[4.516284,48.543958],[4.522773,48.542339],[4.529087,48.540443],[4.535201,48.538277],[4.541087,48.535851],[4.54672,48.533175],[4.552076,48.530261],[4.557133,48.527121],[4.561868,48.523768],[4.566261,48.520217],[4.570294,48.516484],[4.573949,48.512584],[4.577211,48.508533],[4.580066,48.50435],[4.582502,48.500053],[4.584508,48.495659],[4.586076,48.491187],[4.587199,48.486657],[4.587873,48.482088],[4.588095,48.4775],[4.587778,48.4775],[4.587778,48.4775],[4.587778,48.429722],[4.588094,48.429722],[4.587863,48.425125],[4.587178,48.420549],[4.586044,48.416012],[4.584466,48.411534],[4.58245,48.407134],[4.580004,48.40283],[4.577141,48.398643],[4.573871,48.394588],[4.570209,48.390685],[4.566171,48.386948],[4.561775,48.383395],[4.557038,48.38004],[4.551981,48.376899],[4.546626,48.373983],[4.540997,48.371306],[4.535116,48.368879],[4.529009,48.366713],[4.522703,48.364817],[4.516223,48.363198],[4.509599,48.361864],[4.502858,48.360821],[4.496028,48.360072],[4.48914,48.359622],[4.482222,48.359472],[4.475304,48.359622],[4.468416,48.360072],[4.461586,48.360821],[4.454845,48.361864],[4.448221,48.363198],[4.441741,48.364817],[4.435435,48.366713],[4.429328,48.368879],[4.423447,48.371306],[4.417818,48.373983],[4.412463,48.376899],[4.407406,48.38004],[4.402669,48.383395],[4.398273,48.386948],[4.394235,48.390685],[4.390573,48.394588],[4.387303,48.398643],[4.38444,48.40283],[4.381994,48.407134],[4.379978,48.411534],[4.3784,48.416012],[4.377266,48.420549],[4.376581,48.425125],[4.37635,48.429722],[4.376667,48.429722],[4.376667,48.429722],[4.376667,48.4775]]]}},{"type":"Feature","properties":{"name":"15 A","nameV":"R 15 A","class":"R","type":"R","lower":"SFC","lowerM":0,"upper":"FL085","upperM":2590,"desc":"Avoidance mandatory during activity except for ACFT to and from Brienne le Château AD, helicopter to and from Blignicourt heliport and aircraft for air dropping after radio contact on 123.425 MHz. Activation known on: PARIS INFO: 126.1 MHz SEINE INFO: 120.325 MHz SAINT DIZIER APP: 134.775 PARIS ACC: 120.950 MHz.","activationCode":"HX","activationDesc":"Possible activation: SR-30 to SS+30","UId":"1566591","id":"LFR15A","stroke":"#800080","stroke-width":2,"stroke-opacity":0.8,"fill":"#ffb9dc","fill-opacity":0.6},"geometry":{"type":"Polygon","coordinates":[[[4.557525,48.429697],[4.556561,48.437713],[4.553672,48.445523],[4.54893,48.452923],[4.542458,48.459723],[4.534423,48.465746],[4.525034,48.470836],[4.514532,48.47486],[4.503192,48.477714],[4.491308,48.479324],[4.479187,48.479648],[4.467145,48.478678],[4.455495,48.476438],[4.444538,48.472988],[4.434561,48.468416],[4.42582,48.462842],[4.418543,48.45641],[4.412918,48.449286],[4.40909,48.441657],[4.407157,48.433718],[4.407169,48.425677],[4.409125,48.417741],[4.412972,48.410116],[4.41861,48.402999],[4.425894,48.396574],[4.434633,48.391008],[4.444603,48.386444],[4.455544,48.383],[4.467174,48.380764],[4.479193,48.379796],[4.49129,48.38012],[4.503153,48.381727],[4.514475,48.384575],[4.524964,48.388593],[4.534349,48.393674],[4.542387,48.399689],[4.548869,48.406482],[4.553627,48.413877],[4.556538,48.421683],[4.557525,48.429697]]]}},{"type":"Feature","properties":{"name":"219","nameV":"R 219","class":"R","type":"R","lower":"FL075","lowerM":2286,"upper":"FL085","upperM":2590,"desc":"Administrator: GENEVA APP. IFR GAT / OAT: Avoidance mandatory throughout activity. Activity known on GENEVA DELTA 119.175 MHz.","activationCode":"HX","activationDesc":"Possible activation from SR to SS according to protocol.","UId":"1564507","id":"LFR219","stroke":"#800080","stroke-width":2,"stroke-opacity":0.8,"fill":"#ffb9dc","fill-opacity":0.3},"geometry":{"type":"Polygon","coordinates":[[[5.963056,46.372778],[5.791111,46.254444],[5.743333,46.312222],[5.963056,46.372778]]]}},{"type":"Feature","properties":{"name":"135","nameV":"R 135","class":"R","type":"R","lower":"FL075","lowerM":2286,"upper":"FL085","upperM":2590,"desc":"Administrator: GENEVA APP. IFR GAT / OAT: Avoidance mandatory throughout activity. Activity known on GENEVA DELTA 119.175 MHz.","activationCode":"HX","activationDesc":"Possible activation SR - SS According to protocol.","UId":"1561393","id":"LFR135","stroke":"#800080","stroke-width":2,"stroke-opacity":0.8,"fill":"#ffb9dc","fill-opacity":0.3},"geometry":{"type":"Polygon","coordinates":[[[5.743333,46.312222],[5.778611,46.269444],[5.600833,46.148333],[5.573611,46.153611],[5.576389,46.237222],[5.743333,46.312222]]]}},{"type":"Feature","properties":{"name":"205 /7","nameV":"R 205 /7","class":"R","type":"R","lower":"FL065","lowerM":1981,"upper":"FL085","upperM":2590,"desc":"Managers:  DE GAULLE APP, ORLY APP. Entry conditions: - IFR GAT flights inbound to or outbound from BEAUVAIS TILLE, MELUN VILLAROCHE, PARIS CHARLES DE GAULLE, PARIS LE BOURGET, PARIS ORLY, PONTOISE CORMEILLES, TOUSSUS LE NOBLE, VILLACOUBLAY VELIZY: Entry authorized after radio contact with one of the managing authorities. - VFR/IFR GAT flights outbound from and IFR/VFR GAT flights inbound to aerodromes not featuring IFR procedures: With connection to the IFR procedures of BEAUVAIS TILLE, MELUN VILLAROCHE, PARIS LE BOURGET, PONTOISE CORMEILLES and TOUSSUS LE NOBLE and as per the instructions from the managing authorities. - Other IFR GAT flights:  Compulsory avoidance except for aircraft having obtained prior permission from the Paris Region Air Navigation Services, with minimum advance notice of 5 working days. For safety reasons, constraints may be imposed on the route, level and time required depending on the need to manage the traffic inbound to and outbound from Paris airports. Authorities to be contacted: SNA-RP (lfff-sub-ctl-bf@aviation-civile.gouv.fr, lfpg-ctl@aviation-civile.gouv.fr, lfpo-sub-ctl@aviation-civile.gouv.fr). VFR GAT flights: Compulsory avoidance except for aircraft performing assistance, rescue or human safety operations, when these operations are not compatible with area avoidance, upon authorization from one of the managing authorities. OAT flights: Entry authorized after radio contact with one of the managing authorities. This restricted area coexists with the PARIS TMA part 7. Excluding areas TMA 2 ORLEANS, LF-R 3102 C-D-E, LF-R 3111 B and LF-R 3112 (Satory) when they are active.","activationCode":"H24","UId":"26373358","id":"LFR205/7","stroke":"#800080","stroke-width":2,"stroke-opacity":0.8,"fill":"#ffb9dc","fill-opacity":0.3},"geometry":{"type":"Polygon","coordinates":[[[1.4,49.75],[1.536111,49.751667],[1.723889,49.630833],[1.665833,49.536944],[2.5,49.433333],[2.602778,49.471389],[2.708889,49.510556],[2.743889,49.635278],[2.782778,49.674167],[2.976389,49.6025],[3.105833,49.611944],[3.236389,49.666667],[3.484722,49.714722],[3.660278,49.748333],[3.765556,49.556111],[3.8825,49.256667],[3.661667,49.105833],[3.656944,48.736667],[3.656389,48.700556],[3.73,48.683889],[3.781667,48.672222],[3.853056,48.639444],[3.915556,48.543889],[3.780556,48.406111],[3.240556,48.089167],[3.053889,48.101389],[2.906667,48.273611],[1.897222,48.297222],[1.752778,48.090833],[1.726944,48.06],[1.709167,48.049444],[1.594722,48.015],[1.505278,48.008889],[1.403056,48.001667],[1.205556,48.083611],[1.159444,48.547222],[1.207778,48.598611],[1.286111,48.657222],[1.425278,48.705833],[1.419167,48.917222],[1.495278,49.101111],[1.488611,49.138611],[1.316667,49.166667],[1.233333,49.233333],[1.283333,49.566667],[1.4,49.75]]]}},{"type":"Feature","properties":{"name":"95 D3","nameV":"R 95 D3","class":"R","type":"R","lower":"FL055","lowerM":1676,"upper":"FL065","upperM":1981,"desc":"Adminitrator: LE LUC APP GAT/OAT: with authorization of LE LUC APP. Activity known on: -PROVENCE INFO -NICE INFO -MARSEILLE ACC/FIC. Actual activity known on LE LUC APP or announced on RAI 122.2 MHz.","activationCode":"HX","activationDesc":"Activable H24","UId":"1565445","id":"LFR95D3","stroke":"#800080","stroke-width":2,"stroke-opacity":0.8,"fill":"#ffb9dc","fill-opacity":0.3},"geometry":{"type":"Polygon","coordinates":[[[6.1,43.3],[6.015556,43.219444],[6.021111,43.175],[6.233333,43.175],[6.233333,43.291667],[6.1,43.3]]]}},{"type":"Feature","properties":{"name":"101","nameV":"R 101","class":"R","type":"R","lower":"3000FT AMSL","lowerM":914,"upper":"FL075","upperM":2286,"desc":"Administrator: SALON APP GAT: with authorization from SALON APP 135.150 MHz Actual activity known on: - MARSEILLE INFO 120.550 MHz - PROVENCE APP/INFO: 124.350 MHz","activationCode":"HX","activationDesc":"Possible activation: - MON-FRI: 0600- 2300 SUM: - 1HR ","UId":"1563979","id":"LFR101","stroke":"#800080","stroke-width":2,"stroke-opacity":0.8,"fill":"#ffb9dc","fill-opacity":0.3},"geometry":{"type":"Polygon","coordinates":[[[5.543611,43.783333],[5.613889,43.776389],[5.666667,43.713333],[5.666667,43.633333],[5.566667,43.65],[5.430833,43.710556],[5.401389,43.783333],[5.543611,43.783333]]]}},{"type":"Feature","properties":{"name":"20 B5","nameV":"R 20 B5","class":"R","type":"R","lower":"3000FT AMSL","lowerM":914,"upper":"FL065","upperM":1981,"desc":"Administrator: AVORD APP. TEL: 02 48 69 25 72 or 02 34 34 71 36. IFR: with AVORD APP authorization. Power driven VFR: entry allowed after radio contact, follow AVORD APP instructions. Not power driven VFR: entry allowed after radio contact with AVORD APP. Excluded Belleville sur loire LF-P 20 area.","activationCode":"HX","activationDesc":"Activable H24 Activité connue de: AVORD APP ou RAI 119.7 PARIS ACC/FIC BORDEAUX ACC LIMOGES INFO POITIERS INFO SEINE INFO BOURGES AFIS. \\\\Possible activation H24 Activity known on: AVORD APP or RAI 119.7 PARIS ACC/FIC BORDEAUX ACC LIMOGES INFO POITIERS INFO SEINE INFO BOURGES AFIS.","UId":"1563343","id":"LFR20B5","stroke":"#800080","stroke-width":2,"stroke-opacity":0.8,"fill":"#ffb9dc","fill-opacity":0.3},"geometry":{"type":"Polygon","coordinates":[[[2.091944,47.524722],[2.213333,47.486944],[2.625,47.540833],[2.930556,47.540278],[2.991667,47.353611],[2.378056,47.353611],[2.257222,47.238333],[2.047222,47.034722],[2.051944,47.081944],[1.919167,47.158889],[1.859722,47.141667],[2.080556,47.361111],[2.091944,47.524722]]]}},{"type":"Feature","properties":{"name":"138 TB","nameV":"R 138 TB","class":"R","type":"R","lower":"FL065","lowerM":1981,"upper":"FL195","upperM":5943,"desc":"Administrator: 1er Régiment de chasseurs d'Afrique. Live firing helpdesk (ops): 04 94 99 16 74 or 04 94 39 23 21 Flight safety officer: 04 94 39 23 56 or 06 98 79 10 61 OAT-GAT: avoidance mandatory during activity, except for ACFT authorized by administrator. Actual activation known on: - MARSEILLE ACC and NICE INFO - MARSEILLE INFO or NICE APP.","activationCode":"HX","activationDesc":"Possible activation H24","UId":"1565787","id":"LFR138TB","stroke":"#800080","stroke-width":2,"stroke-opacity":0.8,"fill":"#ffb9dc","fill-opacity":0.3},"geometry":{"type":"Polygon","coordinates":[[[6.669444,43.727778],[6.697778,43.704444],[6.683333,43.658333],[6.594444,43.625],[6.505556,43.625],[6.631944,43.655556],[6.618056,43.668056],[6.669444,43.727778]]]}},{"type":"Feature","properties":{"name":"205 /5","nameV":"R 205 /5","class":"R","type":"R","lower":"4500FT AMSL","lowerM":1371,"upper":"FL065","upperM":1981,"desc":"Managers:  DE GAULLE APP, ORLY APP. Entry conditions: - IFR GAT flights inbound to or outbound from BEAUVAIS TILLE, MELUN VILLAROCHE, PARIS CHARLES DE GAULLE, PARIS LE BOURGET, PARIS ORLY, PONTOISE CORMEILLES, TOUSSUS LE NOBLE, VILLACOUBLAY VELIZY: Entry authorized after radio contact with one of the managing authorities. - VFR/IFR GAT flights outbound from and IFR/VFR GAT flights inbound to aerodromes not featuring IFR procedures: With connection to the IFR procedures of BEAUVAIS TILLE, MELUN VILLAROCHE, PARIS LE BOURGET, PONTOISE CORMEILLES and TOUSSUS LE NOBLE and as per the instructions from the managing authorities. - Other IFR GAT flights:  Compulsory avoidance except for aircraft having obtained prior permission from the Paris Region Air Navigation Services, with minimum advance notice of 5 working days. For safety reasons, constraints may be imposed on the route, level and time required depending on the need to manage the traffic inbound to and outbound from Paris airports. Authorities to be contacted: SNA-RP (lfff-sub-ctl-bf@aviation-civile.gouv.fr, lfpg-ctl@aviation-civile.gouv.fr, lfpo-sub-ctl@aviation-civile.gouv.fr). VFR GAT flights: Compulsory avoidance except for aircraft performing assistance, rescue or human safety operations, when these operations are not compatible with area avoidance, upon authorization from one of the managing authorities. OAT flights: Entry authorized after radio contact with one of the managing authorities. This restricted area coexists with the PARIS TMA part 5. Excluding:  - areas LF-R 3100 D-E-F-G-K-L-M-N, LF-R 3101 A-B, LF-R 3102 C-E-V, LF-R 3103 D-E-K-L-M-N-P, LF-R 3104 B-D-E-H-J-K-V, LF-R 3105 A-B-D-E-F, LF-R 3106 A-B-V, LF-R 3111 A-B and LF-R 3112 (Satory) when they are active. - LF-P 23 PARIS: entry prohibited. Exemptions: see AIP ENR 5.1.","activationCode":"H24","activationDesc":"H24.","UId":"26373323","id":"LFR205/5","stroke":"#800080","stroke-width":2,"stroke-opacity":0.8,"fill":"#ffb9dc","fill-opacity":0.3},"geometry":{"type":"Polygon","coordinates":[[[2.708889,49.510556],[3.157778,49.4375],[3.314722,49.468611],[3.461667,49.445],[3.662222,49.140556],[3.661667,49.105833],[3.656944,48.736667],[3.509167,48.698889],[3.158611,48.608056],[2.885,48.376667],[2.747222,48.377222],[1.871944,48.3775],[1.753889,48.376944],[1.552222,48.498333],[1.576111,48.606667],[1.425278,48.705833],[1.419167,48.917222],[1.495278,49.101111],[1.488611,49.138611],[1.468056,49.2525],[1.570556,49.3],[1.613056,49.380278],[1.723056,49.375278],[1.8525,49.41],[1.941111,49.433889],[2.2425,49.340556],[2.5,49.433333],[2.602778,49.471389],[2.708889,49.510556]]]}},{"type":"Feature","properties":{"name":"243","nameV":"R 243","class":"R","type":"R","lower":"SFC","lowerM":0,"upper":"FL065","upperM":1981,"desc":"Administrator: Thales LAS France SAS. TEL: 02 38 51 63 63 / 68 49 Avoidance mandatory.","activationCode":"HX","activationDesc":"MON-FRI except public HOL: 0700- 1600 SUM: -1HR.","UId":"1565651","id":"LFR243","stroke":"#800080","stroke-width":2,"stroke-opacity":0.8,"fill":"#ffb9dc","fill-opacity":0.6},"geometry":{"type":"Polygon","coordinates":[[[1.936765,47.759165],[1.936509,47.761303],[1.935746,47.763385],[1.934496,47.765358],[1.932792,47.76717],[1.930677,47.768776],[1.928206,47.770132],[1.925443,47.771205],[1.92246,47.771965],[1.919334,47.772394],[1.916146,47.772481],[1.912978,47.772222],[1.909914,47.771625],[1.907032,47.770706],[1.904406,47.769487],[1.902106,47.768002],[1.90019,47.766287],[1.898708,47.764388],[1.897698,47.762354],[1.897187,47.760237],[1.897188,47.758093],[1.897701,47.755977],[1.898711,47.753943],[1.900194,47.752044],[1.902111,47.75033],[1.904411,47.748845],[1.907036,47.747627],[1.909917,47.746708],[1.91298,47.746112],[1.916146,47.745853],[1.919332,47.74594],[1.922457,47.746369],[1.925439,47.747129],[1.928201,47.748201],[1.930672,47.749557],[1.932787,47.751161],[1.934492,47.752974],[1.935743,47.754946],[1.936507,47.757028],[1.936765,47.759165]]]}},{"type":"Feature","properties":{"name":"34 A1","nameV":"R 34 A1","class":"R","type":"R","lower":"3000FT AMSL","lowerM":914,"upper":"FL065","upperM":1981,"desc":"MARSAN APP IFR/VFR/OAT: upon MARSAN APP authorisation. Activity known on:  - MARSAN APP or RAI 119.700 - PYRENEES INFO 126.525 Except for LF-R 267 A, B, C when active.","activationCode":"HX","activationDesc":"Possible activation H24. Exceptional activity SAT and SUN.","UId":"1606195","id":"LFR34A1","stroke":"#800080","stroke-width":2,"stroke-opacity":0.8,"fill":"#ffb9dc","fill-opacity":0.3},"geometry":{"type":"Polygon","coordinates":[[[-0.162778,44.5375],[0.553611,44.010833],[0.380278,43.685556],[-0.013611,43.559722],[-0.615833,43.472778],[-0.669444,43.555556],[-0.890833,43.894167],[-0.162778,44.5375]]]}},{"type":"Feature","properties":{"name":"108 K","nameV":"R 108 K (SeeNotam)","class":"R","type":"R","lower":"SFC","lowerM":0,"upper":"FL055","upperM":1676,"desc":"Administrator: CCER Istres GAT/OAT: avoidance mandatory Actual activity known on: RHONE CONTROLE: 119.475 MHz CAMARGUE CONTROLE: 127.925 MHz ISTRES APPROCHE: 278.675 MHz Area activated simultaneously with CTR ISTRES part 1.1 and CTA RHONE part 1 as well as LF-R 217/1.1 Istres and LF-R 217 /1 Rhône","activationCode":"HO","activationDesc":"MON to FRI except HOL 0800-1800 SUM -1HR Possible activation by NOTAM with PN 48 HR outside these SKED","UId":"21232801","id":"LFR108K","stroke":"#800080","stroke-width":2,"stroke-opacity":0.8,"fill":"#ffb9dc","fill-opacity":0.6},"geometry":{"type":"Polygon","coordinates":[[[4.493611,43.413889],[4.488333,43.301111],[4.764444,43.3],[4.827222,43.338889],[4.704167,43.3875],[4.493611,43.413889]]]}},{"type":"Feature","properties":{"name":"229 A","nameV":"R 229 A (SeeNotam)","class":"R","type":"R","lower":"SFC","lowerM":0,"upper":"FL055","upperM":1676,"desc":"Administrator: 1st RCh. GAT, OAT: avoidance mandatory throughout actual activity Actual activity known on: - ETAIN APP or RAI: 120.125 MHz - 1RCh: 03 29 73 56 59 or 56 53.","activationCode":"HO","activationDesc":"MON-FRI except public HOL: possible activation H24. SAT: Activation by NOTAM","UId":"1565373","id":"LFR229A","stroke":"#800080","stroke-width":2,"stroke-opacity":0.8,"fill":"#ffb9dc","fill-opacity":0.6},"geometry":{"type":"Polygon","coordinates":[[[5.416667,49.2775],[5.456667,49.273333],[5.460833,49.270556],[5.460278,49.231944],[5.446944,49.219444],[5.427222,49.218056],[5.405833,49.253056],[5.400556,49.268333],[5.407778,49.274444],[5.416667,49.2775]]]}},{"type":"Feature","properties":{"name":"245","nameV":"R 245","class":"R","type":"R","lower":"SFC","lowerM":0,"upper":"FL090","upperM":2743,"desc":"Administrator: EMS - camp de FONTEVRAUD TEL: 02 41 83 82 31 - 02 41 83 82 04 GAT: Avoidance mandatory throughout activity OAT: upon administrator authorisation Activity known on: NANTES INFO POITIERS INFO","activationCode":"HX","activationDesc":"Possible activation H 24.","UId":"1564939","id":"LFR245","stroke":"#800080","stroke-width":2,"stroke-opacity":0.8,"fill":"#ffb9dc","fill-opacity":0.6},"geometry":{"type":"Polygon","coordinates":[[[-0.031944,47.213889],[0.016667,47.208333],[0.052778,47.161111],[0.0375,47.143056],[-0.068056,47.176389],[-0.031944,47.213889]]]}},{"type":"Feature","properties":{"name":"71 E","nameV":"R 71 E (SeeNotam)","class":"R","type":"R","lower":"FL075","lowerM":2286,"upper":"FL115","upperM":3505,"desc":"Same as SALON LF-R 71 A.","activationCode":"NOTAM","activationDesc":"Possible activation: - MON-FRI: 0600- 2300 Activation by NOTAM - SAT: 0600-1100 SUM: - 1HR","UId":"1560929","id":"LFR71E","stroke":"#800080","stroke-width":2,"stroke-opacity":0.8,"fill":"#ffb9dc","fill-opacity":0.3},"geometry":{"type":"Polygon","coordinates":[[[5.983611,43.671667],[5.716111,43.562222],[5.423056,43.586667],[5.784167,43.687778],[5.983611,43.671667]]]}},{"type":"Feature","properties":{"name":"95 B1","nameV":"R 95 B1","class":"R","type":"R","lower":"3000FT AMSL","lowerM":914,"upper":"FL055","upperM":1676,"desc":"Adminitrator: LE LUC APP GAT/OAT: with authorization of LE LUC APP. Activity known on: -PROVENCE INFO -NICE INFO -MARSEILLE ACC/FIC. Actual activity known on LE LUC APP or announced on RAI 122.2 MHz.","activationCode":"HX","activationDesc":"Activable H24","UId":"1565437","id":"LFR95B1","stroke":"#800080","stroke-width":2,"stroke-opacity":0.8,"fill":"#ffb9dc","fill-opacity":0.3},"geometry":{"type":"Polygon","coordinates":[[[6.1,43.3],[6.472222,43.276389],[6.4,43.227778],[6.266667,43.175],[6.020833,43.175278],[6.015556,43.219444],[5.976389,43.25],[6.1,43.3]]]}},{"type":"Feature","properties":{"name":"95 D2","nameV":"R 95 D2","class":"R","type":"R","lower":"FL055","lowerM":1676,"upper":"FL065","upperM":1981,"desc":"Administrator: LE LUC APP GAT/OAT: upon LE LUC APP authorization. Activity known on: - PROVENCE INFO - NICE INFO - MARSEILLE ACC/FIC. Actual activity known on LE LUC APP or announced on RAI 122.2 MHz.","activationCode":"HX","activationDesc":"Activable H24","UId":"1565443","id":"LFR95D2","stroke":"#800080","stroke-width":2,"stroke-opacity":0.8,"fill":"#ffb9dc","fill-opacity":0.3},"geometry":{"type":"Polygon","coordinates":[[[5.700556,43.515],[5.691667,43.471389],[6.015556,43.219444],[5.983333,43.470556],[5.700556,43.515]]]}},{"type":"Feature","properties":{"name":"223","nameV":"R 223 (SeeNotam)","class":"R","type":"R","lower":"SFC","lowerM":0,"upper":"FL080","upperM":2438,"desc":"Administrator: 2ème Régiment Etranger Parachutiste. GAT: avoidance mandatory throughout activity OAT: upon administrator authorisation. Activity schedule available on -2ème REP: 04 95 60 92 70. Activation known on: - BASTIA APP/TWR","activationCode":"HN","activationDesc":"SFC-FL060 Du 16/09 au 14/06: Activable du LUN SR-30 au SAM 1200, sauf JF. Du 15/06 au 15/09: Activable du LUN au VEN de SR-30 à 2200 et SAM de SR-30 à 1200, sauf JF; Activable par NOTAM au-dessus du FL060. \\\\SFC- FL060 From 16thSEP to 14th JUN: Activation from MON SR- 30 to SAT 1200, except public HOL. From 15th JUN to 15th SEP: Activation from MON to FRI from SR- 30 to 2200 and SAT from SR- 30 to 1200,except public HOL: Activation by NOTAM ABV FL 060.","UId":"1564503","id":"LFR223","stroke":"#800080","stroke-width":2,"stroke-opacity":0.8,"fill":"#ffb9dc","fill-opacity":0.6},"geometry":{"type":"Polygon","coordinates":[[[9.236944,42.66],[9.269167,42.651389],[9.219167,42.591944],[9.166667,42.631111],[9.236944,42.66]]]}},{"type":"Feature","properties":{"name":"71 A","nameV":"R 71 A (SeeNotam)","class":"R","type":"R","lower":"FL075","lowerM":2286,"upper":"FL195","upperM":5943,"desc":"Administrator: SALON APP. GAT: with authorization from SALON APP 135.150 MHz and according to conditions laid down by protocol. Activity known on: - MARSEILLE ACC/INFO 120.550 MHz. - PROVENCE APP/INFO: 132.300 - 124.350 MHz Activity announced on RAI 135.150 MHz.","activationCode":"HX","activationDesc":"Possible activation: - MON-FRI: 0600- 2300 Activation by NOTAM - SAT: 0600-1100 SUM: - 1HR","UId":"1563453","id":"LFR71A","stroke":"#800080","stroke-width":2,"stroke-opacity":0.8,"fill":"#ffb9dc","fill-opacity":0.3},"geometry":{"type":"Polygon","coordinates":[[[5.168611,44.3875],[5.574167,44.303611],[5.983611,44.11],[5.983611,43.921667],[5.515278,43.731944],[5.423056,43.586667],[5.336389,43.562222],[5.325,43.563889],[5.210833,43.889167],[5.168611,44.3875]]]}},{"type":"Feature","properties":{"name":"71 B","nameV":"R 71 B (SeeNotam)","class":"R","type":"R","lower":"FL075","lowerM":2286,"upper":"FL145","upperM":4419,"desc":"Administrator: SALON APP. GAT: with authorization from SALON APP 135.150 MHz and according to conditions laid down by protocol. Activity known on: - MARSEILLE ACC/INFO 120.550 MHz. - PROVENCE APP/INFO: 132.300 - 124.350 MHz Activity announced on RAI 135.150 MHz.","activationCode":"HX","activationDesc":"Possible activation: - MON-FRI: 0600- 2300 Activation by NOTAM - SAT: 0600-1100 SUM: - 1HR","UId":"1563449","id":"LFR71B","stroke":"#800080","stroke-width":2,"stroke-opacity":0.8,"fill":"#ffb9dc","fill-opacity":0.3},"geometry":{"type":"Polygon","coordinates":[[[5.014722,43.945833],[4.93,44.387778],[5.168611,44.3875],[5.210833,43.889167],[5.014722,43.945833]]]}},{"type":"Feature","properties":{"name":"71 C","nameV":"R 71 C (SeeNotam)","class":"R","type":"R","lower":"3000FT AMSL","lowerM":914,"upper":"FL075","upperM":2286,"desc":"Administrator: SALON APP. GAT: with authorization from SALON APP 135.150 MHz and according to conditions laid down by protocol. Airspace defined excluding the part of LF-R 276 PATROUILLE DE FRANCE when active. Zone activation possible only outside CTA 2 SALON actual activity hours. Activity known on: - MARSEILLE ACC/INFO 120.550 MHz - PROVENCE APP/INFO: 132.3 / 124.350 Activity announced on RAI 135.150 MHz.","activationCode":"HX","activationDesc":"Possible activation: - MON-FRI: 0600- 2300 Activation by NOTAM - SAT: 0600-1100 SUM: - 1HR","UId":"1563457","id":"LFR71C","stroke":"#800080","stroke-width":2,"stroke-opacity":0.8,"fill":"#ffb9dc","fill-opacity":0.3},"geometry":{"type":"Polygon","coordinates":[[[5.005278,43.996944],[5.321111,43.980833],[5.482778,43.581667],[5.423056,43.586667],[5.336389,43.562222],[5.325,43.563889],[5.210833,43.889167],[5.014722,43.945833],[5.005278,43.996944]]]}},{"type":"Feature","properties":{"name":"71 D","nameV":"R 71 D (SeeNotam)","class":"R","type":"R","lower":"FL075","lowerM":2286,"upper":"FL155","upperM":4724,"desc":"Administrator: SALON APP. GAT: with authorization from SALON APP 135.150 MHz and according to conditions laid down by protocol. Activity known on: - MARSEILLE ACC/INFO 120.550 MHz - PROVENCE APP/INFO: 132.300 - 124.350 MHz Activity announced on RAI 135.150 MHz.","activationCode":"HX","activationDesc":"Possible activation: - MON-FRI: 0600- 2300 Activation by NOTAM - SAT: 0600-1100 SUM: - 1HR","UId":"1563455","id":"LFR71D","stroke":"#800080","stroke-width":2,"stroke-opacity":0.8,"fill":"#ffb9dc","fill-opacity":0.3},"geometry":{"type":"Polygon","coordinates":[[[5.983611,43.921667],[5.983611,43.671667],[5.784167,43.687778],[5.423056,43.586667],[5.515278,43.731944],[5.983611,43.921667]]]}},{"type":"Feature","properties":{"name":"68 A","nameV":"R 68 A (SeeNotam)","class":"R","type":"R","lower":"4200FT AMSL","lowerM":1280,"upper":"FL085","upperM":2590,"desc":"Entry: IFR/VFR: Avoidance mandatory throughout activity. Activity available by NOTAM: SOFIA Briefing https://sofia-briefing.aviation-civile.gouv.fr Defined with the exception of LF-R 167 A/B, LF-R 203 A/B/C, LF-R 233, LF-R 165 A, LF-R 166 C, LF-R 143 and LF-R 593 when active. Activity known on: - BORDEAUX ACC - CLERMONT FERRAND INFO - LIMOGES INFO","activationCode":"NOTAM","activationDesc":"Possible activation H24 Activation schedules stated in France AUP.","UId":"1566373","id":"LFR68A","stroke":"#800080","stroke-width":2,"stroke-opacity":0.8,"fill":"#ffb9dc","fill-opacity":0.3},"geometry":{"type":"Polygon","coordinates":[[[2.149444,46.1],[2.198333,46.124444],[2.291667,46.156944],[2.5,46.229444],[2.588889,46.259722],[2.950278,46.083333],[2.968889,45.955833],[2.775,45.747222],[1.666667,45.383333],[1.341667,45.695833],[1.691667,45.869444],[2.149444,46.1]]]}},{"type":"Feature","properties":{"name":"68 D","nameV":"R 68 D (SeeNotam)","class":"R","type":"R","lower":"FL085","lowerM":2590,"upper":"FL195","upperM":5943,"desc":"Entry: IFR/VFR: Avoidance mandatory throughout activity. Activity available by NOTAM: SOFIA Briefing https://sofia-briefing.aviation-civile.gouv.fr Defined with the exception of LF-R 203 A/B/C when active. Activity known on: BORDEAUX ACC CLERMONT FERRAND INFO LIMOGES INFO","activationCode":"NOTAM","activationDesc":"Possible activation H24 Activation schedules stated in France AUP","UId":"1566351","id":"LFR68D","stroke":"#800080","stroke-width":2,"stroke-opacity":0.8,"fill":"#ffb9dc","fill-opacity":0.3},"geometry":{"type":"Polygon","coordinates":[[[1.341667,45.695833],[1.484167,45.766667],[1.716667,45.8],[1.966667,45.833333],[2.5,45.903889],[2.5,45.658333],[1.666667,45.383333],[1.261667,45.565278],[1.341667,45.695833]]]}},{"type":"Feature","properties":{"name":"5 D","nameV":"R 5 D","class":"R","type":"R","lower":"FL055","lowerM":1676,"upper":"FL095","upperM":2895,"desc":"Administrator: 61ème RA. OAT / GAT procedures: avoidance mandatory during activity, except for special agreement granted by cell C3D. TEL: - Flights director: 06 71 28 66 07. - C3D: 03 25 35 96 05 - Permanence: 03 25 35 96 58 - BIV RAKI 02 45 34 16 03 Activity known on: - SEINE INFO, - PARIS INFO, - PARIS ACC, - OCHEY APP, - SAINT-DIZIER APP, - BALE INFO, - RAKI or replacement CDC, - RAI 118.780 MHz (if LF-R 5 areas active).","activationCode":"H24","activationDesc":"Possible activation H24 MON 0700 to FRI 1200 except pubIic HOL (SUM: -1 HR).","UId":"35963254","id":"LFR5D","stroke":"#800080","stroke-width":2,"stroke-opacity":0.8,"fill":"#ffb9dc","fill-opacity":0.3},"geometry":{"type":"Polygon","coordinates":[[[4.5,48.283333],[4.906944,48.290556],[5.265833,48.019167],[5.22,47.995833],[4.57,48.109444],[4.508333,48.185278],[4.5,48.283333]]]}},{"type":"Feature","properties":{"name":"5 B","nameV":"R 5 B","class":"R","type":"R","lower":"1000FT AGL","ordinalLowerM":304,"lowerM":304,"upper":"FL055","upperM":1676,"groundEstimatedHeight":[0,0,0,0],"desc":"Administrator: 61ème RA. OAT / GAT procedures: Avoidance mandatory during activity, except for special agreement granted by cell C3D. TEL: - Flights director: 06 71 28 66 07 - C3D: 03 25 35 96 05 - Permanence: 03 25 35 96 58 - BIV RAKI 02 45 34 16 03 Activity known on: - SEINE INFO, - PARIS INFO, - PARIS ACC, - SAINT-DIZIER APP, - OCHEY APP, - BALE INFO, - RAKI or replacement CDC, - RAI 118.780 MHz (if LF-R 5 areas active).","activationCode":"NOTAM","activationDesc":"Possible activation H24 MON 0700 to FRI 1200 except public HOL (SUM: -1 HR).","UId":"1566603","id":"LFR5B","stroke":"#800080","stroke-width":2,"stroke-opacity":0.8,"fill":"#ffb9dc","fill-opacity":0.3},"geometry":{"type":"Polygon","coordinates":[[[4.906944,48.290556],[4.911111,47.902778],[4.7225,47.902778],[4.5,48.0],[4.5,48.283333],[4.906944,48.290556]]]}},{"type":"Feature","properties":{"name":"95 B2","nameV":"R 95 B2","class":"R","type":"R","lower":"3500FT AMSL","lowerM":1066,"upper":"FL055","upperM":1676,"desc":"Adminitrator: LE LUC APP GAT/OAT: with authorization of LE LUC APP. Activity known on: -PROVENCE INFO -NICE INFO -MARSEILLE ACC/FIC. Actual activity known on LE LUC APP or announced on RAI 122.2 MHz.","activationCode":"HX","activationDesc":"Activable H24","UId":"1565439","id":"LFR95B2","stroke":"#800080","stroke-width":2,"stroke-opacity":0.8,"fill":"#ffb9dc","fill-opacity":0.3},"geometry":{"type":"Polygon","coordinates":[[[6.5025,43.313889],[6.611111,43.302778],[6.611111,43.266667],[6.4,43.227778],[6.472222,43.276389],[6.5025,43.313889]]]}},{"type":"Feature","properties":{"name":"95 D1","nameV":"R 95 D1","class":"R","type":"R","lower":"FL055","lowerM":1676,"upper":"FL065","upperM":1981,"desc":"Adminitrator: LE LUC APP GAT/OAT: with authorization of LE LUC APP. Activity known on: -PROVENCE INFO -NICE INFO -MARSEILLE ACC/FIC. Actual activity known on LE LUC APP or announced on RAI 122.2 MHz.","activationCode":"HX","activationDesc":"Activable H24","UId":"1565441","id":"LFR95D1","stroke":"#800080","stroke-width":2,"stroke-opacity":0.8,"fill":"#ffb9dc","fill-opacity":0.3},"geometry":{"type":"Polygon","coordinates":[[[5.909722,43.691667],[6.55,43.516944],[6.434444,43.503889],[6.341667,43.476389],[6.332222,43.355556],[6.233333,43.291667],[6.1,43.3],[6.015556,43.219444],[5.983333,43.470556],[5.700556,43.515],[5.716667,43.594444],[5.909722,43.691667]]]}},{"type":"Feature","properties":{"name":"141","nameV":"R 141","class":"R","type":"R","lower":"SFC","lowerM":0,"upper":"FL065","upperM":1981,"desc":"IFR/ VFR: Entry upon LANVEOC APP 120.600 authorisation.","activationCode":"HX","activationDesc":"Possible activation H24. Activity known on LANDIVISIAU APP - IROISE INFO.","UId":"1563129","id":"LFR141","stroke":"#800080","stroke-width":2,"stroke-opacity":0.8,"fill":"#ffb9dc","fill-opacity":0.6},"geometry":{"type":"Polygon","coordinates":[[[-4.25,48.25],[-4.330259706813001,48.09856073804844],[-4.337617,48.095883],[-4.340978,48.100486],[-4.356625,48.103689],[-4.362506,48.109228],[-4.377086,48.109656],[-4.392575,48.104325],[-4.404236,48.105208],[-4.414383,48.106878],[-4.420433,48.105411],[-4.424942,48.100556],[-4.433811,48.096822],[-4.462561,48.098764],[-4.477889,48.094461],[-4.484914,48.087761],[-4.520397,48.090742],[-4.526247,48.085614],[-4.539208,48.088183],[-4.550978,48.077347],[-4.567433,48.081917],[-4.581731,48.082256],[-4.591167,48.073617],[-4.602311,48.0762],[-4.616695881095394,48.070349005211625],[-4.616667,48.070278],[-4.616667,48.166667],[-4.333333,48.166667],[-4.333333,48.259722],[-4.25,48.25]]]}},{"type":"Feature","properties":{"name":"49 H1","nameV":"R 49 H1 (SeeNotam)","class":"R","type":"R","lower":"FL065","lowerM":1981,"upper":"FL195","upperM":5943,"desc":"Administrator: COGNAC APP IFR: with authorisation. VFR/OAT: with COGNAC APP authorisation. IFF mandatory. Actual activity known on: - COGNAC APP or RAI 132.450 MHz - AQUITAINE INFO - POITIERS INFO - LA ROCHELLE INFO - NANTES INFO - BREST ACC - BORDEAUX ACC - MARINA INFO 140.9 MHz","activationCode":"HX","activationDesc":"Possible activation MON-FRI except public HOL: 0700- 2300. SAT: 0700- 1100. SUM:-1HR. Other times, activation announced by NOTAM.","UId":"1563551","id":"LFR49H1","stroke":"#800080","stroke-width":2,"stroke-opacity":0.8,"fill":"#ffb9dc","fill-opacity":0.3},"geometry":{"type":"Polygon","coordinates":[[[-1.11,46.5],[0.100556,46.5],[0.099982,46.500022],[0.100086,46.499902],[0.100191,46.499782],[0.100296,46.499663],[0.100401,46.499543],[0.100506,46.499423],[0.100611,46.499304],[0.100716,46.499184],[0.100822,46.499064],[0.100927,46.498945],[0.101033,46.498826],[0.101139,46.498706],[0.101245,46.498587],[0.101352,46.498468],[0.101458,46.498349],[0.101565,46.49823],[0.101671,46.498111],[0.101778,46.497992],[0.101885,46.497873],[0.101993,46.497754],[0.1021,46.497636],[0.102207,46.497517],[0.102315,46.497398],[0.102423,46.49728],[0.102531,46.497161],[0.102639,46.497043],[0.102747,46.496925],[0.102856,46.496806],[0.102964,46.496688],[0.103073,46.49657],[0.103182,46.496452],[0.103291,46.496334],[0.1034,46.496216],[0.103509,46.496098],[0.103619,46.49598],[0.103728,46.495863],[0.103838,46.495745],[0.103948,46.495627],[0.104058,46.49551],[0.104168,46.495392],[0.104279,46.495275],[0.104389,46.495158],[0.1045,46.49504],[0.104611,46.494923],[0.104722,46.494806],[0.104833,46.494689],[0.104944,46.494572],[0.105055,46.494455],[0.105167,46.494338],[0.105279,46.494221],[0.105391,46.494105],[0.105503,46.493988],[0.105615,46.493872],[0.105727,46.493755],[0.105839,46.493639],[0.106389,46.493611],[0.106389,46.493611],[-0.4375,45.666667],[-0.789167,45.666667],[-1.076944,46.416667],[-1.11,46.5]]]}},{"type":"Feature","properties":{"name":"49 H2","nameV":"R 49 H2 (SeeNotam)","class":"R","type":"R","lower":"FL065","lowerM":1981,"upper":"FL195","upperM":5943,"desc":"Administrator: COGNAC APP IFR: with authorisation. VFR/OAT: with COGNAC APP authorisation. IFF mandatory. Actual activity known on: - COGNAC APP or RAI 132.450 MHz - AQUITAINE INFO - POITIERS INFO - LA ROCHELLE INFO - LIMOGES INFO - BREST ACC - BORDEAUX ACC - MARINA INFO 140.9 MHz","activationCode":"HX","activationDesc":"Possible activation: - MON-FRI except HOL: 0700-2300, - SAT: 0700-1100. SUM: - 1HR Other hours: activity announced by NOTAM.","UId":"1561853","id":"LFR49H2","stroke":"#800080","stroke-width":2,"stroke-opacity":0.8,"fill":"#ffb9dc","fill-opacity":0.3},"geometry":{"type":"Polygon","coordinates":[[[0.474444,46.479722],[0.919444,46.438889],[0.916667,46.153333],[0.908333,45.841667],[0.859722,45.798889],[0.685833,45.633333],[0.546389,45.5],[0.093611,45.5],[-0.150556,45.666667],[-0.176389,45.666667],[0.325556,46.424167],[0.325656,46.424095],[0.328847,46.424376],[0.332032,46.424687],[0.33521,46.425029],[0.338381,46.425402],[0.341544,46.425805],[0.344699,46.426238],[0.347845,46.426702],[0.350981,46.427196],[0.354107,46.42772],[0.357222,46.428275],[0.360325,46.428859],[0.363416,46.429473],[0.366495,46.430116],[0.36956,46.430789],[0.372612,46.431492],[0.375648,46.432223],[0.37867,46.432984],[0.381676,46.433774],[0.384666,46.434593],[0.38764,46.43544],[0.390595,46.436316],[0.393533,46.437221],[0.396452,46.438153],[0.399352,46.439114],[0.402233,46.440102],[0.405093,46.441118],[0.407932,46.442161],[0.41075,46.443232],[0.413546,46.444329],[0.41632,46.445453],[0.41907,46.446604],[0.421797,46.447781],[0.424501,46.448985],[0.427179,46.450214],[0.429832,46.451469],[0.43246,46.452749],[0.435062,46.454054],[0.437637,46.455385],[0.440184,46.45674],[0.442705,46.458119],[0.445197,46.459522],[0.44766,46.460949],[0.450094,46.4624],[0.452499,46.463874],[0.454874,46.465371],[0.457218,46.466891],[0.459531,46.468433],[0.461813,46.469998],[0.464062,46.471584],[0.46628,46.473191],[0.468465,46.47482],[0.470616,46.476469],[0.472734,46.47814],[0.474818,46.47983],[0.474444,46.479722]]]}},{"type":"Feature","properties":{"name":"49 A1","nameV":"R 49 A1 (SeeNotam)","class":"R","type":"R","lower":"4000FT AMSL","lowerM":1219,"upper":"FL065","upperM":1981,"desc":"Administrator: COGNAC APP. Except for COGNAC CTA or LF-R 49 E2 when active. IFR: With authorisation. VFR/OAT: upon COGNAC APP authorisation. IFF mandatory. Activity known on COGNAC APP or RAI 132.450, AQUITAINE INFO, NANTES INFO, POITIERS INFO, LA ROCHELLE INFO.","activationCode":"HX","activationDesc":"MON-FRI Except public HOL: 0700-2300 SAT: 0700-1100 SUM: -1HR. Other times, announced by NOTAM.","UId":"1565713","id":"LFR49A1","stroke":"#800080","stroke-width":2,"stroke-opacity":0.8,"fill":"#ffb9dc","fill-opacity":0.3},"geometry":{"type":"Polygon","coordinates":[[[-1.11,46.5],[0.100556,46.5],[0.100082,46.500063],[0.100505,46.499579],[0.10093,46.499095],[0.101359,46.498613],[0.101789,46.498132],[0.102223,46.497651],[0.102658,46.497172],[0.103096,46.496694],[0.103537,46.496217],[0.10398,46.495741],[0.104426,46.495266],[0.104874,46.494792],[0.105324,46.494319],[0.105777,46.493848],[0.106232,46.493377],[0.10669,46.492908],[0.10715,46.49244],[0.107613,46.491972],[0.108078,46.491506],[0.108545,46.491042],[0.109015,46.490578],[0.109487,46.490115],[0.109961,46.489654],[0.110438,46.489194],[0.110918,46.488735],[0.111399,46.488277],[0.111883,46.48782],[0.11237,46.487365],[0.112858,46.48691],[0.113349,46.486457],[0.113843,46.486005],[0.114338,46.485555],[0.114836,46.485105],[0.115337,46.484657],[0.115839,46.48421],[0.116344,46.483764],[0.116852,46.48332],[0.117361,46.482876],[0.117873,46.482434],[0.118387,46.481993],[0.118903,46.481554],[0.119422,46.481116],[0.119943,46.480679],[0.120466,46.480243],[0.120991,46.479809],[0.121519,46.479375],[0.122049,46.478944],[0.122581,46.478513],[0.123115,46.478084],[0.123652,46.477656],[0.12419,46.477229],[0.124731,46.476804],[0.125274,46.47638],[0.12582,46.475957],[0.126367,46.475536],[0.126944,46.475556],[0.126944,46.475556],[0.076111,46.417222],[0.075508,46.417339],[0.077272,46.416219],[0.079047,46.415108],[0.080833,46.414006],[0.08263,46.412911],[0.084437,46.411825],[0.086255,46.410748],[0.088083,46.409679],[0.089922,46.408619],[0.091772,46.407568],[0.093632,46.406525],[0.095502,46.405491],[0.097382,46.404466],[0.099272,46.403449],[0.101172,46.402442],[0.103082,46.401443],[0.105002,46.400454],[0.106931,46.399473],[0.10887,46.398502],[0.110819,46.39754],[0.112777,46.396587],[0.114744,46.395643],[0.11672,46.394708],[0.118706,46.393783],[0.120701,46.392867],[0.122705,46.39196],[0.124717,46.391063],[0.126739,46.390176],[0.128769,46.389297],[0.130807,46.388429],[0.132854,46.38757],[0.13491,46.38672],[0.136974,46.385881],[0.139046,46.385051],[0.141126,46.384231],[0.143214,46.38342],[0.14531,46.38262],[0.147414,46.381829],[0.149526,46.381048],[0.151645,46.380277],[0.153772,46.379516],[0.155906,46.378765],[0.158048,46.378024],[0.160196,46.377293],[0.162352,46.376573],[0.164515,46.375862],[0.166685,46.375162],[0.168862,46.374472],[0.171045,46.373792],[0.173236,46.373122],[0.175432,46.372463],[0.177635,46.371814],[0.179845,46.371175],[0.18206,46.370547],[0.184282,46.369929],[0.18651,46.369321],[0.188743,46.368724],[0.190983,46.368138],[0.193228,46.367562],[0.195479,46.366997],[0.197735,46.366442],[0.199997,46.365898],[0.202264,46.365364],[0.204536,46.364841],[0.206813,46.364329],[0.209095,46.363828],[0.211382,46.363337],[0.213674,46.362857],[0.215971,46.362388],[0.218272,46.361929],[0.220577,46.361482],[0.222887,46.361045],[0.225201,46.360619],[0.22752,46.360204],[0.229842,46.3598],[0.232168,46.359407],[0.234498,46.359025],[0.236832,46.358653],[0.239169,46.358293],[0.24151,46.357944],[0.243854,46.357605],[0.246201,46.357278],[0.248552,46.356962],[0.250905,46.356656],[0.251111,46.356667],[0.251111,46.356667],[0.289444,46.423056],[0.325556,46.424167],[-0.157778,45.694167],[-0.508333,45.5],[-0.725,45.5],[-0.789167,45.666667],[-1.076944,46.416667],[-1.11,46.5]]]}},{"type":"Feature","properties":{"name":"55 A","nameV":"R 55 A (SeeNotam)","class":"R","type":"R","lower":"SFC","lowerM":0,"upper":"FL065","upperM":1981,"desc":"Administrator: ORANGE APP. GAT / OAT: avoidance mandatory during activity. Transponder mandatory. Activity known on: - ORANGE APP 118.925 MHz, - PROVENCE APP/INFO, - AVIGNON TWR.","activationCode":"HX","activationDesc":"Possible activation: - MON-THU: H24, - FRI: SR-SS, - outside these SKED, activity notified by NOTAM.","UId":"1562505","id":"LFR55A","stroke":"#800080","stroke-width":2,"stroke-opacity":0.8,"fill":"#ffb9dc","fill-opacity":0.6},"geometry":{"type":"Polygon","coordinates":[[[4.939167,44.291667],[4.939485,44.291811],[4.941691,44.291282],[4.943889,44.290737],[4.94608,44.290175],[4.948263,44.289599],[4.950437,44.289006],[4.952603,44.288399],[4.95476,44.287775],[4.956909,44.287136],[4.959048,44.286482],[4.961179,44.285813],[4.963299,44.285128],[4.96541,44.284428],[4.967512,44.283713],[4.969603,44.282983],[4.971683,44.282238],[4.973753,44.281479],[4.975813,44.280704],[4.977861,44.279915],[4.979898,44.279111],[4.981924,44.278293],[4.983939,44.27746],[4.985941,44.276612],[4.987932,44.275751],[4.98991,44.274875],[4.991876,44.273985],[4.99383,44.273081],[4.99577,44.272163],[4.997698,44.271231],[4.999613,44.270286],[5.001514,44.269326],[5.003402,44.268354],[5.005276,44.267367],[5.007136,44.266368],[5.008982,44.265355],[5.010814,44.264329],[5.012631,44.26329],[5.014434,44.262237],[5.016222,44.261172],[5.017994,44.260095],[5.019752,44.259004],[5.021495,44.257901],[5.023221,44.256786],[5.024932,44.255658],[5.026628,44.254518],[5.028307,44.253366],[5.02997,44.252202],[5.031617,44.251027],[5.033247,44.249839],[5.03486,44.24864],[5.036457,44.247429],[5.038036,44.246207],[5.039599,44.244974],[5.041144,44.24373],[5.042671,44.242474],[5.044181,44.241208],[5.045673,44.239931],[5.047147,44.238643],[5.046944,44.238889],[5.046944,44.238889],[5.0425,44.075833],[4.919444,44.113333],[4.867778,44.217778],[4.939167,44.291667]]]}},{"type":"Feature","properties":{"name":"201 A1","nameV":"R 201 A1 (SeeNotam)","class":"R","type":"R","lower":"SFC","lowerM":0,"upper":"FL055","upperM":1676,"desc":"Administrator: Ecole des troupes aéroportées. GAT IFR/VFR, OAT: avoidance mandatory throughout activity. Activity SKED available on: 05 59 40 50 60. Activity known on: - PYRENEES INFO, - BIARRITZ INFO.","activationCode":"NOTAM","activationDesc":"MON - FRI except public HOL. Activation by NOTAM.","UId":"1562523","id":"LFR201A1","stroke":"#800080","stroke-width":2,"stroke-opacity":0.8,"fill":"#ffb9dc","fill-opacity":0.6},"geometry":{"type":"Polygon","coordinates":[[[-0.539473,43.280965],[-0.539873,43.290059],[-0.541124,43.299111],[-0.543221,43.30808],[-0.546156,43.316924],[-0.549914,43.325602],[-0.554479,43.334072],[-0.559829,43.342296],[-0.56594,43.350235],[-0.572783,43.357852],[-0.580327,43.365111],[-0.588537,43.371979],[-0.597374,43.378422],[-0.606797,43.384411],[-0.616763,43.389918],[-0.627224,43.394917],[-0.638131,43.399385],[-0.649435,43.4033],[-0.661081,43.406645],[-0.673015,43.409403],[-0.685182,43.411562],[-0.697524,43.413111],[-0.709982,43.414043],[-0.7225,43.414354],[-0.735018,43.414043],[-0.747476,43.413111],[-0.759818,43.411562],[-0.771985,43.409403],[-0.783919,43.406645],[-0.795565,43.4033],[-0.806869,43.399385],[-0.817776,43.394917],[-0.828237,43.389918],[-0.838203,43.384411],[-0.847626,43.378422],[-0.856463,43.371979],[-0.864673,43.365111],[-0.872217,43.357852],[-0.87906,43.350235],[-0.885171,43.342296],[-0.890521,43.334072],[-0.895086,43.325602],[-0.898844,43.316924],[-0.901779,43.30808],[-0.903876,43.299111],[-0.905127,43.290059],[-0.905527,43.280965],[-0.905073,43.271873],[-0.903768,43.262825],[-0.901619,43.253862],[-0.898636,43.245027],[-0.894833,43.236361],[-0.890228,43.227904],[-0.884843,43.219695],[-0.878704,43.211773],[-0.871839,43.204175],[-0.86428,43.196935],[-0.856063,43.190087],[-0.847226,43.183664],[-0.83781,43.177695],[-0.82786,43.172207],[-0.81742,43.167226],[-0.806541,43.162775],[-0.795272,43.158875],[-0.783666,43.155545],[-0.771776,43.152798],[-0.759658,43.150648],[-0.747368,43.149106],[-0.734963,43.148177],[-0.7225,43.147868],[-0.710037,43.148177],[-0.697632,43.149106],[-0.685342,43.150648],[-0.673224,43.152798],[-0.661334,43.155545],[-0.649728,43.158875],[-0.638459,43.162775],[-0.62758,43.167226],[-0.61714,43.172207],[-0.60719,43.177695],[-0.597774,43.183664],[-0.588937,43.190087],[-0.58072,43.196935],[-0.573161,43.204175],[-0.566296,43.211773],[-0.560157,43.219695],[-0.554772,43.227904],[-0.550167,43.236361],[-0.546364,43.245027],[-0.543381,43.253862],[-0.541232,43.262825],[-0.539927,43.271873],[-0.539473,43.280965]]]}},{"type":"Feature","properties":{"name":"201 A2","nameV":"R 201 A2 (SeeNotam)","class":"R","type":"R","lower":"FL055","lowerM":1676,"upper":"FL115","upperM":3505,"desc":"Administrator: Ecole des troupes aéroportées. GAT IFR/VFR, OAT: avoidance mandatory throughout activity. Activity SKED available on: 05 59 40 50 60. Activity known on: - PYRENEES INFO, - BIARRITZ INFO.","activationCode":"NOTAM","activationDesc":"Activation by NOTAM: MON - FRI except public HOL.","UId":"35962904","id":"LFR201A2","stroke":"#800080","stroke-width":2,"stroke-opacity":0.8,"fill":"#ffb9dc","fill-opacity":0.3},"geometry":{"type":"Polygon","coordinates":[[[-0.539473,43.280965],[-0.539873,43.290059],[-0.541124,43.299111],[-0.543221,43.30808],[-0.546156,43.316924],[-0.549914,43.325602],[-0.554479,43.334072],[-0.559829,43.342296],[-0.56594,43.350235],[-0.572783,43.357852],[-0.580327,43.365111],[-0.588537,43.371979],[-0.597374,43.378422],[-0.606797,43.384411],[-0.616763,43.389918],[-0.627224,43.394917],[-0.638131,43.399385],[-0.649435,43.4033],[-0.661081,43.406645],[-0.673015,43.409403],[-0.685182,43.411562],[-0.697524,43.413111],[-0.709982,43.414043],[-0.7225,43.414354],[-0.735018,43.414043],[-0.747476,43.413111],[-0.759818,43.411562],[-0.771985,43.409403],[-0.783919,43.406645],[-0.795565,43.4033],[-0.806869,43.399385],[-0.817776,43.394917],[-0.828237,43.389918],[-0.838203,43.384411],[-0.847626,43.378422],[-0.856463,43.371979],[-0.864673,43.365111],[-0.872217,43.357852],[-0.87906,43.350235],[-0.885171,43.342296],[-0.890521,43.334072],[-0.895086,43.325602],[-0.898844,43.316924],[-0.901779,43.30808],[-0.903876,43.299111],[-0.905127,43.290059],[-0.905527,43.280965],[-0.905073,43.271873],[-0.903768,43.262825],[-0.901619,43.253862],[-0.898636,43.245027],[-0.894833,43.236361],[-0.890228,43.227904],[-0.884843,43.219695],[-0.878704,43.211773],[-0.871839,43.204175],[-0.86428,43.196935],[-0.856063,43.190087],[-0.847226,43.183664],[-0.83781,43.177695],[-0.82786,43.172207],[-0.81742,43.167226],[-0.806541,43.162775],[-0.795272,43.158875],[-0.783666,43.155545],[-0.771776,43.152798],[-0.759658,43.150648],[-0.747368,43.149106],[-0.734963,43.148177],[-0.7225,43.147868],[-0.710037,43.148177],[-0.697632,43.149106],[-0.685342,43.150648],[-0.673224,43.152798],[-0.661334,43.155545],[-0.649728,43.158875],[-0.638459,43.162775],[-0.62758,43.167226],[-0.61714,43.172207],[-0.60719,43.177695],[-0.597774,43.183664],[-0.588937,43.190087],[-0.58072,43.196935],[-0.573161,43.204175],[-0.566296,43.211773],[-0.560157,43.219695],[-0.554772,43.227904],[-0.550167,43.236361],[-0.546364,43.245027],[-0.543381,43.253862],[-0.541232,43.262825],[-0.539927,43.271873],[-0.539473,43.280965]]]}},{"type":"Feature","properties":{"name":"3 B","nameV":"R 3 B","class":"R","type":"R","lower":"SFC","lowerM":0,"upper":"3200FT AMSL","upperM":975,"desc":"Administrator: Complexe de tir de la rivière des pirogues - Firings director Plum radio station H24. TEL: 46 37 40 or 83 35 57 GAT/OAT: bypassing mandatory except with administrator authorization for emergency flights, ACFT in safety/rescue operation and with 24HR prior notification for air work flights.","activationCode":"H24","UId":"1610326","id":"NWR3B","stroke":"#800080","stroke-width":2,"stroke-opacity":0.8,"fill":"#ffb9dc","fill-opacity":0.6},"geometry":{"type":"Polygon","coordinates":[[[166.706111,-22.203333],[166.731667,-22.208611],[166.736111,-22.215833],[166.732222,-22.253333],[166.7075,-22.266667],[166.673889,-22.2675],[166.665278,-22.220833],[166.706111,-22.203333]]]}},{"type":"Feature","properties":{"name":"4","nameV":"R 4","class":"R","type":"R","lower":"SFC","lowerM":0,"upper":"1500FT AGL","ordinalUpperM":457,"upperM":457,"groundEstimatedHeight":[0,0,0,0],"desc":"Administrator: PRONY RESOURCES NEW CALEDONIA (PRNC) TEL: 76 12 56, 46 80 08. GAT/OAT: avoidance mandatory except for emergency flights authorized by administrator, aircraft on safety/rescue missions, PRNC aerial missions and with a 24 HR prior request for aerial work.","activationCode":"HX","activationDesc":"2000-0700 (0700-1800 local time)","UId":"19095132","id":"NWR4","stroke":"#800080","stroke-width":2,"stroke-opacity":0.8,"fill":"#ffb9dc","fill-opacity":0.6},"geometry":{"type":"Polygon","coordinates":[[[166.98,-22.266667],[167.005,-22.298889],[167.005833,-22.319167],[166.924722,-22.335],[166.879167,-22.2725],[166.98,-22.266667]]]}},{"type":"Feature","properties":{"name":"3 A","nameV":"R 3 A (SeeNotam)","class":"R","type":"R","lower":"3200FT AMSL","lowerM":975,"upper":"FL205","upperM":6248,"activationCode":"HX","activationDesc":"Possible activation by NOTAM","UId":"1610324","id":"NWR3A","stroke":"#800080","stroke-width":2,"stroke-opacity":0.8,"fill":"#ffb9dc","fill-opacity":0.3},"geometry":{"type":"Polygon","coordinates":[[[166.706111,-22.203333],[166.731667,-22.208611],[166.736111,-22.215833],[166.732222,-22.253333],[166.7075,-22.266667],[166.673889,-22.2675],[166.665278,-22.220833],[166.706111,-22.203333]]]}},{"type":"Feature","properties":{"name":"2","nameV":"R 2","class":"R","type":"R","lower":"SFC","lowerM":0,"upper":"2100FT AMSL","upperM":640,"activationCode":"HX","activationDesc":"MON-FRI: SR-SS","UId":"1610322","id":"NWR2","stroke":"#800080","stroke-width":2,"stroke-opacity":0.8,"fill":"#ffb9dc","fill-opacity":0.6},"geometry":{"type":"Polygon","coordinates":[[[166.650931,-22.261389],[166.650767,-22.259518],[166.650282,-22.257697],[166.649487,-22.255971],[166.648404,-22.254385],[166.647059,-22.25298],[166.645489,-22.251794],[166.643733,-22.250856],[166.641838,-22.25019],[166.639851,-22.249815],[166.637826,-22.24974],[166.635813,-22.249966],[166.633866,-22.250488],[166.632035,-22.251292],[166.630366,-22.252358],[166.628904,-22.253658],[166.627686,-22.255157],[166.626744,-22.256819],[166.626102,-22.258598],[166.625776,-22.26045],[166.625776,-22.262327],[166.626101,-22.264179],[166.626743,-22.265958],[166.627685,-22.26762],[166.628903,-22.26912],[166.630365,-22.27042],[166.632034,-22.271486],[166.633865,-22.27229],[166.635813,-22.272812],[166.637826,-22.273038],[166.639852,-22.272963],[166.641838,-22.272587],[166.643734,-22.271922],[166.64549,-22.270984],[166.64706,-22.269797],[166.648405,-22.268393],[166.649488,-22.266807],[166.650283,-22.265081],[166.650768,-22.263259],[166.650931,-22.261389]]]}},{"type":"Feature","properties":{"name":"6","nameV":"R 6","class":"R","type":"R","lower":"SFC","lowerM":0,"upper":"2100FT AMSL","upperM":640,"desc":"GAT/OAT: bypassing mandatory","activationCode":"H24","UId":"58344573","id":"NWR6","stroke":"#800080","stroke-width":2,"stroke-opacity":0.8,"fill":"#ffb9dc","fill-opacity":0.6},"geometry":{"type":"Polygon","coordinates":[[[165.449722,-21.463611],[165.465556,-21.489444],[165.466667,-21.508611],[165.466667,-21.513333],[165.464722,-21.515833],[165.456944,-21.508611],[165.427222,-21.488333],[165.426944,-21.479444],[165.431667,-21.477778],[165.435556,-21.467778],[165.449722,-21.463611]]]}},{"type":"Feature","properties":{"name":"239","nameV":"R 239 (SeeNotam)","class":"R","type":"R","lower":"SFC","lowerM":0,"upper":"5000FT AMSL","upperM":1524,"desc":"Administrator and NOTAM requester: Flights director (TEL published in the activation NOTAM). GAT/OAT: avoidance mandatory except for aircraft carrying out assistance, rescue or public safety missions, when avoidance is not compatible with the proper execution of these missions, upon flights director's authorisation. Lighting by day: - of the cable by fluorescent red flags every 50 m;  - of the hot air balloon by high intensity flashing lights (1 white, 1 red) Lighting by night of the hot air balloon: - by high intensity flashing lights (1 white, 1 red) - by a DCA spotlight of 1° aperture beam, white coloured. Detection/Identification: - RADAR reflector, transponder 3/A and C (distress code: 7700 in case of cable rupture) Activity known on: - RENNES INFO: 134.000 MHz - ARMOR: 124.725 MHz","activationCode":"NOTAM","activationDesc":"Possible activation H24 by NOTAM PN 24 HR. According to protocol.","UId":"17782506","id":"LFR239","stroke":"#800080","stroke-width":2,"stroke-opacity":0.8,"fill":"#ffb9dc","fill-opacity":0.6},"geometry":{"type":"Polygon","coordinates":[[[-2.133552,47.94166],[-2.134064,47.945935],[-2.135593,47.9501],[-2.1381,47.954046],[-2.141521,47.957672],[-2.145766,47.960883],[-2.150725,47.963596],[-2.156271,47.965742],[-2.16226,47.967263],[-2.168535,47.968121],[-2.174936,47.968294],[-2.181294,47.967777],[-2.187446,47.966583],[-2.193232,47.964744],[-2.198502,47.962306],[-2.20312,47.959335],[-2.206965,47.955905],[-2.209938,47.952107],[-2.211963,47.948038],[-2.212987,47.943805],[-2.212983,47.939516],[-2.211953,47.935283],[-2.209923,47.931216],[-2.206946,47.927419],[-2.203099,47.923992],[-2.198482,47.921022],[-2.193215,47.918587],[-2.187433,47.916749],[-2.181286,47.915557],[-2.174934,47.91504],[-2.16854,47.915213],[-2.162271,47.91607],[-2.156287,47.91759],[-2.150744,47.919733],[-2.145786,47.922445],[-2.14154,47.925654],[-2.138117,47.929277],[-2.135606,47.933222],[-2.134071,47.937386],[-2.133552,47.94166]]]}},{"type":"Feature","properties":{"name":"301","nameV":"R 301 (SeeNotam)","class":"R","type":"R","lower":"SFC","lowerM":0,"upper":"2500FT AMSL","upperM":762,"desc":"Administrator: CPA 30 Outside activity: Activities Office of CPA 30: 02 45 40 77 99 then 7095 During activity: Remote pilot (TEL published in the activation NOTAM). GAT/OAT: compulsory avoidance except for aircraft conducting saving, rescue, customs, police or public safety mission, when avoidance is not compatible with these missions; entry is possible after notification to the remote pilot (TEL published in the activation NOTAM). Activity provided by: - Seine APP/INFO - Tours TWR/INFO - Poitiers INFO","activationCode":"NOTAM","activationDesc":"Possible activation H24 by NOTAM with PN 48 HR MON-FRI except HOL","UId":"44501976","id":"LFR301","stroke":"#800080","stroke-width":2,"stroke-opacity":0.8,"fill":"#ffb9dc","fill-opacity":0.6},"geometry":{"type":"Polygon","coordinates":[[[0.529167,47.3025],[0.600556,47.274444],[0.640278,47.243056],[0.618889,47.162222],[0.576944,47.132222],[0.561111,47.108056],[0.470556,47.119722],[0.529167,47.3025]]]}},{"type":"Feature","properties":{"name":"203 B","nameV":"R 203 B (SeeNotam)","class":"R","type":"R","lower":"SFC","lowerM":0,"upper":"FL155","upperM":4724,"desc":"Administrator: Groupement de camp de la Courtine GAT: avoidance mandatory throughout activity OAT: upon Officier de tir authorization Actvity schedule available by NOTAM: SOFIA Briefing: https://sofia-briefing.aviation-civile.gouv.fr or Officier de tir du camp de La Courtine: 05 55 83 67 00 or 05 55 83 65 17 Activity known on: LIMOGES INFO 124.050 BORDEAUX CTL (outside Limoges ATS SKED). Paradropping, specific Defence activities.","activationCode":"NOTAM","activationDesc":"Possible activation H24 MON-SAT except HOL","UId":"1564437","id":"LFR203B","stroke":"#800080","stroke-width":2,"stroke-opacity":0.8,"fill":"#ffb9dc","fill-opacity":0.6},"geometry":{"type":"Polygon","coordinates":[[[2.413333,45.6575],[2.455556,45.712778],[2.171111,45.8175],[2.113889,45.747222],[2.25,45.716667],[2.413333,45.6575]]]}},{"type":"Feature","properties":{"name":"68 B","nameV":"R 68 B (SeeNotam)","class":"R","type":"R","lower":"FL085","lowerM":2590,"upper":"FL195","upperM":5943,"desc":"Entry: IFR/VFR: Avoidance mandatory throughout activity. Activity available by NOTAM: SOFIA Briefing https://sofia-briefing.aviation-civile.gouv.fr Defined excluding LF-R 203 A/B/C and LF-R 68 D when active. Activity known on: BORDEAUX ACC CLERMONT FERRAND INFO LIMOGES INFO ","activationCode":"NOTAM","activationDesc":"Possible activation H24 Activation schedules stated in France AUP","UId":"1566375","id":"LFR68B","stroke":"#800080","stroke-width":2,"stroke-opacity":0.8,"fill":"#ffb9dc","fill-opacity":0.3},"geometry":{"type":"Polygon","coordinates":[[[1.261667,45.565278],[1.341667,45.695833],[1.691667,45.869444],[2.149444,46.1],[2.198333,46.124444],[2.291667,46.156944],[2.5,46.229444],[2.588889,46.259722],[2.950278,46.083333],[2.968889,45.955833],[2.99,45.812222],[2.993333,45.789167],[2.995833,45.737222],[3.002778,45.599722],[3.006389,45.515556],[3.021111,45.223333],[2.604722,45.166667],[2.5,45.166667],[1.926944,45.166667],[1.533333,45.166667],[1.261667,45.565278]]]}},{"type":"Feature","properties":{"name":"68 C","nameV":"R 68 C (SeeNotam)","class":"R","type":"R","lower":"FL115","lowerM":3505,"upper":"FL195","upperM":5943,"desc":"Entry: IFR/VFR: Avoidance mandatory throughout activity. Activity available by NOTAM: SOFIA Briefing https://sofia-briefing.aviation-civile.gouv.fr Activity known on: BORDEAUX ACC CLERMONT FERRAND INFO LIMOGES INFO","activationCode":"NOTAM","activationDesc":"Possible activation H24 Activation schedules stated in France AUP","UId":"1566349","id":"LFR68C","stroke":"#800080","stroke-width":2,"stroke-opacity":0.8,"fill":"#ffb9dc","fill-opacity":0.1},"geometry":{"type":"Polygon","coordinates":[[[1.533333,45.166667],[1.925556,45.166667],[2.5,45.166667],[2.604722,45.166667],[3.021111,45.223333],[3.024167,45.144167],[2.571944,44.8475],[2.486111,44.790556],[2.416667,44.742778],[2.224167,44.75],[1.9625,44.761111],[1.739444,44.813889],[1.533333,45.166667]]]}},{"type":"Feature","properties":{"name":"368 A","nameV":"R 368 A (SeeNotam)","class":"R","type":"R","lower":"SFC","lowerM":0,"upper":"4200FT AMSL","upperM":1280,"desc":"Penetration: IFR/VFR: bypassing mandatory except for: - ACFT in GAT IFR, after coordination with managing authority (CDC Lyon Mont Verdun, CDC Mont de Marsan, Cinq Mars La Pile) for ACFT at arrival or departure from Brive-Souillac (LFSL), Montluçon-Guéret (LFBK) et Aurillac (LFLW) - ACFT carrying out rescue, customs, police or civil security missions, when bypassing is not compatible with the performance of this tasks, upon authorization of managing authority. Activity known by NOTAM: SOFIA Briefing https://sofia-briefing.aviation-civile.gouv.fr Defined with the exception of areas LF-R 167 A/B, LF-R 203 A/B/C, LF-R 233, LF-R 165 A, LF-R 166 C, LF-R 143, LF-R 593, when active. Activity known on: - BORDEAUX ACC - CLERMONT FERRAND INFO - LIMOGES INFO. Not AMC-manageable.","activationCode":"NOTAM","activationDesc":"From SS+30 to SR-30, possible activation without restrictions. From SR-30 to SS+30, possible activation as per protocol. Activation SKED specified in AUP France. Active with LF-R 368 B/C1/C2 and LF-R 68 A/B/C.","UId":"27272289","id":"LFR368A","stroke":"#800080","stroke-width":2,"stroke-opacity":0.8,"fill":"#ffb9dc","fill-opacity":0.6},"geometry":{"type":"Polygon","coordinates":[[[2.149444,46.1],[2.198333,46.124444],[2.291667,46.156944],[2.5,46.229444],[2.588889,46.259722],[2.950278,46.083333],[2.968889,45.955833],[2.775,45.747222],[1.666667,45.383333],[1.341667,45.695833],[1.691667,45.869444],[2.149444,46.1]]]}},{"type":"Feature","properties":{"name":"368 B","nameV":"R 368 B (SeeNotam)","class":"R","type":"R","lower":"SFC","lowerM":0,"upper":"FL085","upperM":2590,"desc":"Penetration: IFR/VFR: bypassing mandatory except for: - ACFT in CAG IFR, after coordination with managing authority (CDC Lyon Mont Verdun, CDC Mont de Marsan, Cinq Mars La Pile) for ACFT at arrival or departure from Brive-Souillac (LFSL), Montluçon-Guéret (LFBK) et Aurillac (LFLW) - ACFT carrying out rescue, customs, police or civil security missions, when bypassing is not compatible with the performance of these missions, upon authorization of managing authority. Activity known by NOTAM: SOFIA Briefing https://sofia-briefing.aviation-civile.gouv.fr Defined with the exception of: - LF-R 166 C, LF-R 1274, LF-R 593 A/B,when active. - cylinders with 2.5 NM radius centered on ARP of EGLETONS (LFDE) and USSEL (LFCU) ADs where activity is limited to RWY patterns, - captive balloon activity 1005 PARC VULCANIA (0/500ft). Activity known of: BORDEAUX ACC, CLERMONT FERRAND INFO, LIMOGES INFO. Not AMC-manageable.","activationCode":"NOTAM","activationDesc":"From SS+30 to SR-30, activable without restrictions. From SR-30 to SS+30, activable according to protocol. Activation SKED specified in AUP France. Active with LF-R 368 A, C1, C2 and LF-R 68 A, B, C","UId":"27272318","id":"LFR368B","stroke":"#800080","stroke-width":2,"stroke-opacity":0.8,"fill":"#ffb9dc","fill-opacity":0.6},"geometry":{"type":"Polygon","coordinates":[[[1.261667,45.565278],[1.341667,45.695833],[1.666667,45.383333],[2.5,45.658333],[2.775,45.747222],[2.968889,45.955833],[2.99,45.812222],[2.993056,45.791389],[2.993158,45.791398],[2.989593,45.793583],[2.98567,45.795449],[2.981451,45.796965],[2.976996,45.798111],[2.972375,45.798869],[2.967654,45.799226],[2.962907,45.799179],[2.958204,45.798728],[2.953615,45.797879],[2.949209,45.796645],[2.945053,45.795044],[2.941209,45.793102],[2.937735,45.790846],[2.934682,45.788311],[2.932096,45.785535],[2.930017,45.78256],[2.928475,45.779429],[2.927493,45.776191],[2.927086,45.772893],[2.927261,45.769585],[2.928013,45.766317],[2.929332,45.763137],[2.931198,45.760094],[2.933583,45.757232],[2.936451,45.754595],[2.939759,45.752223],[2.943457,45.75015],[2.947491,45.748408],[2.951799,45.747023],[2.956318,45.746015],[2.960978,45.745401],[2.965712,45.745188],[2.970447,45.74538],[2.975113,45.745974],[2.979641,45.746962],[2.983961,45.748329],[2.98801,45.750053],[2.991728,45.75211],[2.995057,45.754468],[2.995,45.754444],[2.995,45.754444],[2.995833,45.737222],[3.002778,45.599722],[3.006389,45.515556],[3.021111,45.223333],[2.604722,45.166667],[2.5,45.166667],[1.925278,45.166667],[1.533333,45.166667],[1.261667,45.565278]]]}},{"type":"Feature","properties":{"name":"368 C1","nameV":"R 368 C1 (SeeNotam)","class":"R","type":"R","lower":"SFC","lowerM":0,"upper":"FL115","upperM":3505,"desc":"Penetration: IFR/VFR: bypassing mandatory except for: - ACFT in CAG IFR, after coordination with managing authority (CDC Lyon Mont Verdun, CDC Mont de Marsan, Cinq Mars La Pile) for ACFT at arrival or departure from Brive-Souillac (LFSL), Montluçon-Guéret (LFBK) et Aurillac (LFLW) - ACFT carrying out rescue, customs, police or civil security missions, when bypassing is not compatible with the performance of this tasks, upon authorization of managing authority. Activity known by NOTAM: SOFIA Briefing https://sofia-briefing.aviation-civile.gouv.fr Defined with the exception of: - area LF-R 593 B when active - Brive CTR (LFSL). Activity known of: BORDEAUX ACC, CLERMONT FERRAND INFO, LIMOGES INFO. Not AMC-manageable.","activationCode":"NOTAM","activationDesc":"From SS+30 to SR-30, activable without restrictions. From SR-30 to SS+30, activable according to protocol. Activation SKED specified in AUP France. Active with LF-R 368 A, B, C2 and LF-R 68 A, B, C","UId":"27272347","id":"LFR368C1","stroke":"#800080","stroke-width":2,"stroke-opacity":0.8,"fill":"#ffb9dc","fill-opacity":0.6},"geometry":{"type":"Polygon","coordinates":[[[1.533333,45.166667],[1.925556,45.166667],[2.5,45.166667],[2.604722,45.166667],[3.021111,45.223333],[3.024167,45.144167],[2.571944,44.8475],[2.458889,44.927778],[2.458875,44.927666],[2.455303,44.929978],[2.45148,44.932079],[2.447429,44.933954],[2.443178,44.935592],[2.438754,44.936982],[2.434186,44.938115],[2.429504,44.938983],[2.424738,44.939581],[2.419919,44.939905],[2.415079,44.939952],[2.410249,44.939723],[2.405462,44.939219],[2.400747,44.938443],[2.396136,44.937401],[2.391659,44.936099],[2.387345,44.934545],[2.383223,44.93275],[2.379319,44.930725],[2.375658,44.928484],[2.372264,44.926041],[2.36916,44.923413],[2.366366,44.920616],[2.363899,44.917668],[2.361776,44.914589],[2.360011,44.911399],[2.358615,44.908118],[2.357598,44.904769],[2.356964,44.901372],[2.35672,44.89795],[2.356865,44.894525],[2.3574,44.89112],[2.358321,44.887756],[2.359621,44.884456],[2.361292,44.881241],[2.363324,44.878132],[2.365702,44.875148],[2.368412,44.872311],[2.371435,44.869637],[2.374753,44.867145],[2.375,44.867222],[2.375,44.867222],[2.486111,44.790556],[2.416667,44.742778],[2.224167,44.75],[1.9625,44.761111],[1.739444,44.813889],[1.533333,45.166667]]]}},{"type":"Feature","properties":{"name":"368 C2","nameV":"R 368 C2 (SeeNotam)","class":"R","type":"R","lower":"1500FT AGL","ordinalLowerM":457,"lowerM":457,"upper":"FL115","upperM":3505,"groundEstimatedHeight":[0,0,0,0],"desc":"Penetration: IFR/VFR: bypassing mandatory except for: - ACFT in CAG IFR, after coordination with managing authority (CDC Lyon Mont Verdun, CDC Mont de Marsan, Cinq Mars La Pile) for ACFT at arrival or departure from Brive-Souillac (LFSL), Montluçon-Guéret (LFBK) et Aurillac (LFLW) - ACFT carrying out rescue, customs, police or civil security missions, when bypassing is not compatible with the performance of these missions, upon authorization of managing authority. Activity known by NOTAM: SOFIA Briefing https://sofia-briefing.aviation-civile.gouv.fr Activity known of: BORDEAUX ACC, CLERMONT FERRAND INFO, LIMOGES INFO. Not AMC-manageable.","activationCode":"NOTAM","activationDesc":"From SS+30 to SR-30, activable without restrictions. From SR-30 to SS+30, activable according to protocol. Activation SKED specified in AUP France. Active with LF-R 368 A, B, C1 and LF-R 68 A, B, C","UId":"27272376","id":"LFR368C2","stroke":"#800080","stroke-width":2,"stroke-opacity":0.8,"fill":"#ffb9dc","fill-opacity":0.3},"geometry":{"type":"Polygon","coordinates":[[[2.571944,44.8475],[2.458889,44.927778],[2.458875,44.927666],[2.455303,44.929978],[2.45148,44.932079],[2.447429,44.933954],[2.443178,44.935592],[2.438754,44.936982],[2.434186,44.938115],[2.429504,44.938983],[2.424738,44.939581],[2.419919,44.939905],[2.415079,44.939952],[2.410249,44.939723],[2.405462,44.939219],[2.400747,44.938443],[2.396136,44.937401],[2.391659,44.936099],[2.387345,44.934545],[2.383223,44.93275],[2.379319,44.930725],[2.375658,44.928484],[2.372264,44.926041],[2.36916,44.923413],[2.366366,44.920616],[2.363899,44.917668],[2.361776,44.914589],[2.360011,44.911399],[2.358615,44.908118],[2.357598,44.904769],[2.356964,44.901372],[2.35672,44.89795],[2.356865,44.894525],[2.3574,44.89112],[2.358321,44.887756],[2.359621,44.884456],[2.361292,44.881241],[2.363324,44.878132],[2.365702,44.875148],[2.368412,44.872311],[2.371435,44.869637],[2.374753,44.867145],[2.375,44.867222],[2.375,44.867222],[2.486111,44.790556],[2.571944,44.8475]]]}},{"type":"Feature","properties":{"name":"368 E1","nameV":"R 368 E1 (SeeNotam)","class":"R","type":"R","lower":"FL085","lowerM":2590,"upper":"FL125","upperM":3810,"desc":"Penetration: IFR/VFR: bypassing mandatory except for: - ACFT in CAG IFR, after coordination with managing authority (CDC Lyon Mont Verdun, CDC Mont de Marsan, Cinq Mars La Pile). Activity known by NOTAM: SOFIA Briefing https://sofia-briefing.aviation-civile.gouv.fr Activity known of: BORDEAUX ACC, CLERMONT FERRAND INFO, LIMOGES INFO. Not AMC-manageable.","activationCode":"NOTAM","activationDesc":"From SS+30 to SR-30, activable without restrictions. From SR-30 to SS+30, activable according to protocol. Activation SKED specified in AUP France. Active with LF-R 368 A, B, C1, C2, E2 and LF-R 68 A, B, C","UId":"27272405","id":"LFR368E1","stroke":"#800080","stroke-width":2,"stroke-opacity":0.8,"fill":"#ffb9dc","fill-opacity":0.3},"geometry":{"type":"Polygon","coordinates":[[[2.602778,46.45],[2.7525,46.5],[2.879444,46.542222],[2.886944,46.5],[2.916667,46.333333],[2.927778,46.255556],[2.936389,46.177778],[2.950278,46.083333],[2.588889,46.259722],[2.5,46.229444],[2.4275,46.204444],[2.427732,46.204436],[2.428484,46.20555],[2.429197,46.206676],[2.429869,46.207813],[2.430501,46.208962],[2.431091,46.210121],[2.43164,46.21129],[2.432148,46.212468],[2.432613,46.213654],[2.433036,46.214848],[2.433416,46.216049],[2.433754,46.217255],[2.434049,46.218468],[2.4343,46.219684],[2.434508,46.220905],[2.434672,46.222129],[2.434793,46.223355],[2.43487,46.224583],[2.434903,46.225812],[2.434893,46.227041],[2.434839,46.22827],[2.434741,46.229497],[2.434599,46.230722],[2.434414,46.231945],[2.434185,46.233164],[2.433913,46.234378],[2.433598,46.235588],[2.43324,46.236792],[2.432839,46.237989],[2.432395,46.23918],[2.43191,46.240362],[2.431382,46.241536],[2.430812,46.2427],[2.430202,46.243854],[2.42955,46.244998],[2.428858,46.24613],[2.428125,46.24725],[2.427353,46.248357],[2.426542,46.249451],[2.425692,46.25053],[2.425556,46.250556],[2.425556,46.250556],[2.416667,46.4675],[2.602778,46.45]]]}},{"type":"Feature","properties":{"name":"368 E2","nameV":"R 368 E2 (SeeNotam)","class":"R","type":"R","lower":"FL155","lowerM":4724,"upper":"FL175","upperM":5334,"desc":"Penetration: IFR/VFR: bypassing mandatory except for: - ACFT in CAG IFR, after coordination with managing authority (CDC Lyon Mont Verdun, CDC Mont de Marsan, Cinq Mars La Pile). Activity known by NOTAM: SOFIA Briefing https://sofia-briefing.aviation-civile.gouv.fr Activity known of: BORDEAUX ACC, CLERMONT FERRAND INFO, LIMOGES INFO. Not AMC-manageable.","activationCode":"NOTAM","activationDesc":"From SS+30 to SR-30, activable without restrictions. From SR-30 to SS+30, activable according to protocol. Activation SKED specified in AUP France. Active with LF-R 368 A, B, C1, C2, E1 and LF-R 68 A, B, C","UId":"27272700","id":"LFR368E2","stroke":"#800080","stroke-width":2,"stroke-opacity":0.8,"fill":"#ffb9dc","fill-opacity":0.1},"geometry":{"type":"Polygon","coordinates":[[[2.602778,46.45],[2.7525,46.5],[2.879444,46.542222],[2.886944,46.5],[2.916667,46.333333],[2.927778,46.255556],[2.936389,46.177778],[2.950278,46.083333],[2.588889,46.259722],[2.5,46.229444],[2.4275,46.204444],[2.427732,46.204436],[2.428484,46.20555],[2.429197,46.206676],[2.429869,46.207813],[2.430501,46.208962],[2.431091,46.210121],[2.43164,46.21129],[2.432148,46.212468],[2.432613,46.213654],[2.433036,46.214848],[2.433416,46.216049],[2.433754,46.217255],[2.434049,46.218468],[2.4343,46.219684],[2.434508,46.220905],[2.434672,46.222129],[2.434793,46.223355],[2.43487,46.224583],[2.434903,46.225812],[2.434893,46.227041],[2.434839,46.22827],[2.434741,46.229497],[2.434599,46.230722],[2.434414,46.231945],[2.434185,46.233164],[2.433913,46.234378],[2.433598,46.235588],[2.43324,46.236792],[2.432839,46.237989],[2.432395,46.23918],[2.43191,46.240362],[2.431382,46.241536],[2.430812,46.2427],[2.430202,46.243854],[2.42955,46.244998],[2.428858,46.24613],[2.428125,46.24725],[2.427353,46.248357],[2.426542,46.249451],[2.425692,46.25053],[2.425556,46.250556],[2.425556,46.250556],[2.416667,46.4675],[2.602778,46.45]]]}},{"type":"Feature","properties":{"name":"203 A","nameV":"R 203 A (SeeNotam)","class":"R","type":"R","lower":"SFC","lowerM":0,"upper":"FL105","upperM":3200,"desc":"Administrator: Groupement de camp de la Courtine GAT: avoidance mandatory throughout activity OAT: upon Officier de tir authorization Actvity schedule available by NOTAM: SOFIA Briefing: https://sofia-briefing.aviation-civile.gouv.fr or Officier de tir du camp de La Courtine: 05 55 83 67 00 or 05 55 83 65 17 Activity known on: LIMOGES INFO 124.050 BORDEAUX CTL (outside Limoges ATS SKED). Paradropping, specific Defence activities.","activationCode":"NOTAM","activationDesc":"Possible activation H24 MON-SAT except HOL","UId":"1564439","id":"LFR203A","stroke":"#800080","stroke-width":2,"stroke-opacity":0.8,"fill":"#ffb9dc","fill-opacity":0.6},"geometry":{"type":"Polygon","coordinates":[[[2.413333,45.6575],[2.455556,45.712778],[2.171111,45.8175],[2.113889,45.747222],[2.25,45.716667],[2.413333,45.6575]]]}},{"type":"Feature","properties":{"name":"290","nameV":"R 290 (SeeNotam)","class":"R","type":"R","lower":"SFC","lowerM":0,"upper":"FL195","upperM":5943,"desc":"Administrator: DGA EM site des Landes. GAT / OAT: avoidance mandatory except for: - aircraft having beforehand obtained the authorization of the administrator. - aircraft conducting assistance, rescue or public safety missions when the bypassing is not compatible with these missions. User information: - CAZAUX APP: 119.600 MHz, - AQUITAINE INFO, - BORDEAUX ACC.","activationCode":"NOTAM","activationDesc":"Possible activation H24. Activation by NOTAM with PPR 72 HR.","UId":"35912801","id":"LFR290","stroke":"#800080","stroke-width":2,"stroke-opacity":0.8,"fill":"#ffb9dc","fill-opacity":0.6},"geometry":{"type":"Polygon","coordinates":[[[-1.090448,45.134696],[-1.091427,45.143353],[-1.094363,45.151788],[-1.09918,45.15978],[-1.105755,45.167124],[-1.113917,45.173628],[-1.123455,45.179125],[-1.134123,45.183471],[-1.145642,45.186553],[-1.157715,45.188292],[-1.170027,45.188642],[-1.182259,45.187594],[-1.194094,45.185176],[-1.205223,45.181449],[-1.215359,45.176512],[-1.224238,45.170492],[-1.23163,45.163545],[-1.237345,45.155852],[-1.241234,45.147612],[-1.243198,45.139039],[-1.243186,45.130354],[-1.2412,45.121784],[-1.237293,45.113548],[-1.231565,45.105862],[-1.224166,45.098923],[-1.215288,45.092911],[-1.205161,45.087982],[-1.194046,45.084262],[-1.182231,45.081848],[-1.170021,45.080802],[-1.157732,45.081151],[-1.145681,45.082887],[-1.134179,45.085964],[-1.123523,45.090303],[-1.113989,45.095791],[-1.105824,45.102287],[-1.09924,45.109624],[-1.094406,45.11761],[-1.09145,45.126041],[-1.090448,45.134696]]]}},{"type":"Feature","properties":{"name":"3 B","nameV":"R 3 B (SeeNotam)","class":"R","type":"R","lower":"SFC","lowerM":0,"upper":"5000FT AMSL","upperM":1524,"desc":"Administrator and NOTAM requester: flights director (TEL published in the activation NOTAM). GAT/OAT: avoidance mandatory except for ACFT carrying out assistance, rescue or public safety missions, when avoidance is not compatible with the proper execution of these missions, upon flights director's authorisation. Lighting by day: - of the cable: by fluorescent red flags every 50m; - of the hot air balloon: by high intensity flashing lights (1 white, 1 red). Lighting by night of the hot air balloon: - by high intensity flashing lights (1 white, 1 red); - by a DCA spotlight of 1° apertume beam, white coloured. Detection/Identification: - RADAR reflector, transponder 3/A and C (distress code: 7700 in case of cable rupture) Activity known on: - PARIS ACC/FIC - SAINT DIZIER APP.","activationCode":"NOTAM","activationDesc":"Possible activation H24 by NOTAM PN 24 HR. According to protocol.","UId":"40354944","id":"LFR3B","stroke":"#800080","stroke-width":2,"stroke-opacity":0.8,"fill":"#ffb9dc","fill-opacity":0.6},"geometry":{"type":"Polygon","coordinates":[[[4.816333,49.273322],[4.815677,49.278665],[4.813716,49.283871],[4.810499,49.288805],[4.80611,49.293337],[4.800662,49.297351],[4.794297,49.300744],[4.787178,49.303426],[4.779492,49.305328],[4.771436,49.306401],[4.763221,49.306617],[4.755059,49.30597],[4.747162,49.304478],[4.739736,49.302178],[4.732972,49.299131],[4.727046,49.295416],[4.722111,49.291128],[4.718296,49.28638],[4.715699,49.281294],[4.714386,49.276002],[4.714391,49.270641],[4.715715,49.265351],[4.718321,49.260267],[4.722142,49.255521],[4.72708,49.251238],[4.733005,49.247526],[4.739765,49.244482],[4.747185,49.242185],[4.755072,49.240695],[4.763224,49.240049],[4.771428,49.240265],[4.779473,49.241336],[4.787152,49.243236],[4.794264,49.245915],[4.800628,49.249304],[4.806077,49.253315],[4.810471,49.257844],[4.813695,49.262774],[4.815666,49.267979],[4.816333,49.273322]]]}},{"type":"Feature","properties":{"name":"302","nameV":"R 302 (SeeNotam)","class":"R","type":"R","lower":"SFC","lowerM":0,"upper":"3500FT AMSL","upperM":1066,"desc":"Administrator: CPA 30 Outside activity: Activities Office of CPA 30: 02 45 40 77 99 then 7095 During activity: Remote pilot (TEL published in the activation NOTAM). GAT/OAT: compulsory avoidance except for aircraft conducting saving, rescue, customs, police or public safety mission, when avoidance is not compatible with these missions; entry is possible after notification to the remote pilot (TEL published in the activation NOTAM). Activity provided by: - Seine APP/INFO - Tours TWR/INFO - Poitiers INFO","activationCode":"NOTAM","activationDesc":"Possible activation H24 by NOTAM with PN 48 HR MON-FRI except HOL","UId":"44501989","id":"LFR302","stroke":"#800080","stroke-width":2,"stroke-opacity":0.8,"fill":"#ffb9dc","fill-opacity":0.6},"geometry":{"type":"Polygon","coordinates":[[[0.366944,47.299167],[0.466111,47.325556],[0.529167,47.3025],[0.479167,47.146389],[0.470556,47.119722],[0.335833,47.145],[0.332778,47.2125],[0.366944,47.299167]]]}},{"type":"Feature","properties":{"name":"5 A","nameV":"R 5 A","class":"R","type":"R","lower":"SFC","lowerM":0,"upper":"FL055","upperM":1676,"desc":"Administrator: 61ème RA. OAT / GAT procedures: avoidance mandatory during activity, except for special agreement granted by cell C3D. TEL: - Flights director: 06 71 28 66 07 - C3D: 03 25 35 96 05 - Permanence: 03 25 35 96 58 - BIV RAKI 02 45 34 16 03 Activity known on: - SEINE INFO, - PARIS INFO, - PARIS ACC, - SAINT-DIZIER APP, - OCHEY APP, - BALE INFO, - RAKI or replacement CDC, - RAI 118.780 MHz (if LF-R 5 areas active).","activationCode":"HX","activationDesc":"Possible activation H24 MON 0700 to FRI 1200 except public HOL (SUM: -1 HR).","timeScheduling":{"1":["UTC(01/01->31/12)","TUE(00:00->23:59)"],"2":["UTC(01/01->31/12)","THU(00:00->23:59)"],"3":["UTC(01/01->31/12)","FRI(00:00->23:59)"],"4":["UTC(01/01->31/12)","MON(00:00->23:59)"]},"UId":"1566601","id":"LFR5A","stroke":"#800080","stroke-width":2,"stroke-opacity":0.8,"fill":"#ffb9dc","fill-opacity":0.6},"geometry":{"type":"Polygon","coordinates":[[[4.906944,48.290556],[5.127222,48.228611],[5.153056,48.2],[5.170556,47.953333],[4.911111,47.902778],[4.906944,48.290556]]]}},{"type":"Feature","properties":{"name":"4","nameV":"R 4 (SeeNotam)","class":"R","type":"R","lower":"SFC","lowerM":0,"upper":"1000FT AGL","ordinalUpperM":304,"upperM":304,"groundEstimatedHeight":[0,0,0,0],"desc":"Managing authority: Direction de la Sécurité de l'Aviation Civile Océan Indien. TEL: 02 62 72 87 00 FAX: 02 62 72 87 77 E-mail: ana.dsacoi@aviation-civile.gouv.fr Actual activity information available on A/A Cambaie 122.100 MHz GAT/OAT: avoidance mandatory except for aircraft carrying out assistance, rescue or public safety missions, when avoidance is not compatible with the proper execution of these missions, after prior contact with the managing authority.","activationCode":"NOTAM","UId":"58304849","id":"FMR4","stroke":"#800080","stroke-width":2,"stroke-opacity":0.8,"fill":"#ffb9dc","fill-opacity":0.6},"geometry":{"type":"Polygon","coordinates":[[[55.265278,-20.968889],[55.27,-20.975556],[55.269444,-20.976111],[55.265278,-20.971667],[55.105278,-21.038056],[55.089167,-20.984167],[55.090278,-20.931389],[55.108889,-20.88],[55.143889,-20.833889],[55.269722,-20.946944],[55.275278,-20.943611],[55.275833,-20.944722],[55.2725,-20.946389],[55.265833,-20.953333],[55.264167,-20.9575],[55.263889,-20.963889],[55.265278,-20.969167],[55.265278,-20.968889]]]}},{"type":"Feature","properties":{"name":"89","nameV":"R 89","class":"R","type":"R","lower":"SFC","lowerM":0,"upper":"5000FT AMSL","upperM":1524,"desc":"Administrator: NIL. GAT VFR, OAT: Avoidance mandatory. CAG IFR: according to protocol.","activationCode":"H24","UId":"1562441","id":"LFR89","stroke":"#800080","stroke-width":2,"stroke-opacity":0.8,"fill":"#ffb9dc","fill-opacity":0.6},"geometry":{"type":"Polygon","coordinates":[[[2.856046,42.837498],[2.855753,42.84017],[2.854879,42.842772],[2.853447,42.845238],[2.851494,42.847504],[2.84907,42.849511],[2.846239,42.851206],[2.843072,42.852547],[2.839654,42.853498],[2.836072,42.854034],[2.832418,42.854142],[2.828789,42.853819],[2.825277,42.853073],[2.821974,42.851923],[2.818965,42.8504],[2.816329,42.848543],[2.814133,42.8464],[2.812435,42.844026],[2.811278,42.841484],[2.810693,42.838838],[2.810694,42.836158],[2.811281,42.833512],[2.812439,42.83097],[2.814139,42.828597],[2.816335,42.826454],[2.818971,42.824598],[2.821979,42.823075],[2.825281,42.821927],[2.828791,42.821181],[2.832419,42.820858],[2.83607,42.820966],[2.839651,42.821502],[2.843068,42.822452],[2.846233,42.823792],[2.849064,42.825487],[2.851488,42.827493],[2.853442,42.829758],[2.854876,42.832224],[2.855751,42.834826],[2.856046,42.837498]]]}},{"type":"Feature","properties":{"name":"5","nameV":"R 5","class":"R","type":"R","lower":"SFC","lowerM":0,"upper":"4500FT AMSL","upperM":1371,"desc":"Administrator: 33rd RIMa Firing Officer: 05 96 39 54 08 GAT/OAT: mandatory avoidance during activity except for: - ACFT operating under OAT taking part in exercises after approval of administrator, - ACFT performing assistance, rescue or public safety as part of their missions when the area avoidance is not possible, after authorization from Martinique Aimé Césaire aerodrome control service. When active, this area substitutes itself to the part of MARTINIQUE CTR and to the part of TMA 1 MARTINIQUE with which it interferes. Activity known on:  MARTINIQUE TWR: 118.500 MHz","activationCode":"HO","activationDesc":"MON-SAT: 1000-2359","UId":"59823228","id":"TFR5","stroke":"#800080","stroke-width":2,"stroke-opacity":0.8,"fill":"#ffb9dc","fill-opacity":0.6},"geometry":{"type":"Polygon","coordinates":[[[-61.081947,14.688611],[-61.082058,14.689947],[-61.08239,14.691248],[-61.082933,14.692481],[-61.083673,14.693614],[-61.084592,14.694617],[-61.085665,14.695465],[-61.086865,14.696135],[-61.088161,14.69661],[-61.089518,14.696878],[-61.090903,14.696932],[-61.092278,14.69677],[-61.093609,14.696398],[-61.094861,14.695823],[-61.096001,14.695062],[-61.097,14.694133],[-61.097832,14.693062],[-61.098476,14.691875],[-61.098915,14.690604],[-61.099137,14.689281],[-61.099137,14.687941],[-61.098915,14.686618],[-61.098476,14.685347],[-61.097832,14.68416],[-61.097,14.683089],[-61.096001,14.68216],[-61.09486,14.681399],[-61.093609,14.680824],[-61.092278,14.680452],[-61.090903,14.68029],[-61.089518,14.680344],[-61.088161,14.680612],[-61.086865,14.681087],[-61.085666,14.681757],[-61.084592,14.682605],[-61.083674,14.683608],[-61.082933,14.684741],[-61.08239,14.685974],[-61.082058,14.687275],[-61.081947,14.688611]]]}},{"type":"Feature","properties":{"name":"1","nameV":"R 1","class":"R","type":"R","lower":"SFC","lowerM":0,"upper":"3000FT AMSL","upperM":914,"desc":"(MARTINIQUE) Association Ailes des Iles IFR/VFR: avoidance mandatory during activity. Activity known on: - MARTINIQUE TWR: 118.050 MHz - MARTINIQUE APP: 121.0 MHz - ATIS MARTINIQUE: 127.850 MHz","activationCode":"HJ","activationDesc":"Daytime","UId":"1561151","id":"TFR1","stroke":"#800080","stroke-width":2,"stroke-opacity":0.8,"fill":"#ffb9dc","fill-opacity":0.6},"geometry":{"type":"Polygon","coordinates":[[[-61.029915,14.470555],[-61.030182,14.473761],[-61.030976,14.476884],[-61.032278,14.479843],[-61.034054,14.482562],[-61.036256,14.48497],[-61.03883,14.487004],[-61.041706,14.488613],[-61.044813,14.489753],[-61.048068,14.490397],[-61.051387,14.490526],[-61.054685,14.490139],[-61.057876,14.489244],[-61.060877,14.487865],[-61.063611,14.486037],[-61.066007,14.483809],[-61.068003,14.481237],[-61.069546,14.478389],[-61.070598,14.475338],[-61.071131,14.472163],[-61.07113,14.468947],[-61.070597,14.465772],[-61.069545,14.462721],[-61.068001,14.459873],[-61.066005,14.457302],[-61.06361,14.455074],[-61.060876,14.453247],[-61.057875,14.451868],[-61.054684,14.450973],[-61.051387,14.450586],[-61.048068,14.450715],[-61.044814,14.451359],[-61.041708,14.452499],[-61.038831,14.454107],[-61.036258,14.456141],[-61.034055,14.458549],[-61.03228,14.461267],[-61.030977,14.464226],[-61.030182,14.467349],[-61.029915,14.470555]]]}},{"type":"Feature","properties":{"name":"2","nameV":"R 2","class":"R","type":"R","lower":"SFC","lowerM":0,"upper":"600FT AMSL","upperM":182,"desc":"(GUADELOUPE) Managing authority: POINTE A PITRE TWR. During the activation of the area: - IFR: avoidance mandatory. - VFR/OAT: except ACFT of companies which signed a protocol with the managing authority and their duty informed guests, avoidance recommended due to the presence of ACFT without any radio contact nor any transponder onboard. This area substitutes itself to the parts of the D class airspace it interferes with.","activationCode":"HJ","activationDesc":"Daytime","UId":"1563755","id":"TFR2","stroke":"#800080","stroke-width":2,"stroke-opacity":0.8,"fill":"#ffb9dc","fill-opacity":0.6},"geometry":{"type":"Polygon","coordinates":[[[-61.483333,16.2],[-61.525,16.225],[-61.6,16.233333],[-61.575,16.116667],[-61.483333,16.2]]]}},{"type":"Feature","properties":{"name":"3","nameV":"R 3","class":"R","type":"R","lower":"SFC","lowerM":0,"upper":"2600FT AMSL","upperM":792,"desc":"Managing authority: SAINT-MARTIN GRAND' CASE AFIS. GAT/OAT: entry allowed after radio contact with GRAND CASE INFORMATION When active, this zone replaces the portions of Class C and G airspace with which it interferes. Specific equipment requirements: radio/transponder. Flight plan compulsory.  For unmanned aircraft, entry allowed in compliance with the regulation in force. For unmanned aircraft for professional use, it is compulsory to declare the flight intention on https://app.clearance.aero/ with a minimum notice of 2 working days or 7 days for particularly sensitive missions with a high risk of interfering with air traffic. This declaration may be subject to restrictions or refusal. For any further information concerning the use of unmanned aircraft, please contact: - sabrina.charville@edeis.com; - Sfg.Afis@edeis.com.  Activity known on: - SAINT BARTH INFORMATION - JULIANA APP - JULIANA TWR - In the absence of JULIANA's services, SAN-JUAN ACC. ","activationCode":"HX","activationDesc":"HOR AFIS de SAINT-MARTIN GRAND' CASE \\\\SKED of SAINT-MARTIN GRAND' CASE AFIS","UId":"50463026","id":"TFR3","stroke":"#800080","stroke-width":2,"stroke-opacity":0.8,"fill":"#ffb9dc","fill-opacity":0.6},"geometry":{"type":"Polygon","coordinates":[[[-63.0,18.15],[-62.886389,18.010556],[-62.988889,18.022778],[-63.030556,18.071944],[-63.030553,18.072112],[-63.032213,18.071204],[-63.033922,18.070383],[-63.035676,18.069651],[-63.03747,18.069012],[-63.039297,18.068467],[-63.041153,18.068017],[-63.043032,18.067664],[-63.044929,18.06741],[-63.046837,18.067254],[-63.048751,18.067197],[-63.050666,18.067239],[-63.052575,18.067381],[-63.054474,18.067622],[-63.056356,18.06796],[-63.058215,18.068396],[-63.060047,18.068928],[-63.061846,18.069554],[-63.063606,18.070272],[-63.065322,18.07108],[-63.066989,18.071976],[-63.068603,18.072958],[-63.070158,18.074021],[-63.071649,18.075164],[-63.073073,18.076382],[-63.074424,18.077672],[-63.0757,18.07903],[-63.076895,18.080453],[-63.078008,18.081935],[-63.079033,18.083473],[-63.079969,18.085062],[-63.080812,18.086697],[-63.08156,18.088373],[-63.082211,18.090086],[-63.082762,18.09183],[-63.083213,18.093599],[-63.083561,18.09539],[-63.083806,18.097196],[-63.083948,18.099012],[-63.083984,18.100832],[-63.083889,18.100833],[-63.083889,18.100833],[-63.083333,18.15],[-63.0,18.15]]]}},{"type":"Feature","properties":{"name":"4","nameV":"R 4","class":"R","type":"R","lower":"SFC","lowerM":0,"upper":"2600FT AMSL","upperM":792,"desc":"Managing authority: SAINT-BARTHELEMY AFIS. GAT/OAT: entry allowed after radio contact with SAINT BARTHELEMY INFORMATION. When active, this zone replaces the portions of Class C and G airspace with which it interferes. Specific equipment requirements: radio/transponder. Flight plan compulsory.  For unmanned aircraft, entry allowed in compliance with the regulation in force. For unmanned aircraft for professional use, it is compulsory to declare the flight intention on https://app.flyby.aero/ with a minimum notice of 2 working days or 7 days for particularly sensitive missions with a high risk of interfering with air traffic. This declaration may be subject to restrictions or refusal.  Activity known on: - GRAND CASE INFORMATION - JULIANA APP - JULIANA TWR - In the absence of JULIANA's services, SAN-JUAN ACC. ","activationCode":"HX","activationDesc":"HOR AFIS de SAINT-BARTHELEMY \\\\SKED of SAINT-BARTHELEMY AFIS","UId":"50463051","id":"TFR4","stroke":"#800080","stroke-width":2,"stroke-opacity":0.8,"fill":"#ffb9dc","fill-opacity":0.6},"geometry":{"type":"Polygon","coordinates":[[[-62.886389,18.010556],[-62.816111,17.925],[-62.816014,17.924947],[-62.814378,17.92278],[-62.81293,17.920496],[-62.811679,17.918109],[-62.810633,17.915633],[-62.809798,17.913087],[-62.80918,17.910484],[-62.808782,17.907844],[-62.808608,17.905181],[-62.808659,17.902513],[-62.808934,17.899858],[-62.809431,17.897233],[-62.810147,17.894654],[-62.811077,17.892137],[-62.812217,17.889699],[-62.813557,17.887356],[-62.81509,17.885123],[-62.816807,17.883013],[-62.818694,17.881041],[-62.820742,17.879219],[-62.822936,17.877559],[-62.825263,17.876071],[-62.827707,17.874765],[-62.830253,17.873649],[-62.832885,17.872731],[-62.835586,17.872016],[-62.838338,17.871509],[-62.841123,17.871213],[-62.843925,17.87113],[-62.846725,17.87126],[-62.849505,17.871604],[-62.852247,17.872158],[-62.854933,17.872919],[-62.857547,17.873882],[-62.860072,17.875041],[-62.862491,17.876389],[-62.86479,17.877916],[-62.866952,17.879614],[-62.868965,17.881471],[-62.870815,17.883475],[-62.870833,17.883333],[-62.870833,17.883333],[-62.988889,18.022778],[-62.886389,18.010556]]]}},{"type":"Feature","properties":{"name":"201 C1","nameV":"R 201 C1 (SeeNotam)","class":"R","type":"R","lower":"SFC","lowerM":0,"upper":"FL145","upperM":4419,"desc":"Administrator: Ecole des troupes aéroportées. GAT IFR/VFR, OAT: avoidance mandatory throughout activity except for: - ACFT carrying out military, customs, police, search and rescue, firefighting, medical transport activities having to intervene as part of the execution of their missions and when the avoidance is not compatible with these missions, after coordination with the exercise Director (DIREX), - ACFT having previously obtained an agreement from the exercise Director (DIREX). Activities schedule available on: 05 59 40 49 01. Actual activity provided by: PYRENEES INFO BIARRITZ INFO BORDEAUX CTL.","activationCode":"HX","activationDesc":"MON-FRI except public HOL: activation by NOTAM","UId":"60857630","id":"LFR201C1","stroke":"#800080","stroke-width":2,"stroke-opacity":0.8,"fill":"#ffb9dc","fill-opacity":0.6},"geometry":{"type":"Polygon","coordinates":[[[-0.582222,43.231667],[-0.133056,43.136667],[-0.132612,43.136888],[-0.134488,43.132329],[-0.136458,43.127791],[-0.138521,43.123275],[-0.140676,43.118782],[-0.142923,43.114314],[-0.145261,43.10987],[-0.14769,43.105453],[-0.15021,43.101062],[-0.152819,43.0967],[-0.155517,43.092367],[-0.158304,43.088064],[-0.161178,43.083791],[-0.16414,43.079551],[-0.167188,43.075344],[-0.170322,43.07117],[-0.173541,43.067031],[-0.176844,43.062928],[-0.180231,43.058862],[-0.1837,43.054833],[-0.187252,43.050842],[-0.190885,43.046891],[-0.194598,43.04298],[-0.19839,43.03911],[-0.202261,43.035282],[-0.20621,43.031497],[-0.210236,43.027755],[-0.214338,43.024058],[-0.218514,43.020407],[-0.222765,43.016801],[-0.227089,43.013242],[-0.231485,43.009731],[-0.235952,43.006269],[-0.24049,43.002856],[-0.245096,42.999493],[-0.24977,42.996181],[-0.254512,42.99292],[-0.259319,42.989711],[-0.264191,42.986556],[-0.269127,42.983454],[-0.274126,42.980407],[-0.279186,42.977414],[-0.284307,42.974478],[-0.289486,42.971597],[-0.294724,42.968774],[-0.300019,42.966009],[-0.305369,42.963301],[-0.310774,42.960653],[-0.316233,42.958064],[-0.321743,42.955535],[-0.327304,42.953066],[-0.332915,42.950659],[-0.338574,42.948314],[-0.34428,42.94603],[-0.350032,42.94381],[-0.355829,42.941652],[-0.361668,42.939559],[-0.36755,42.937529],[-0.373472,42.935564],[-0.379434,42.933664],[-0.385433,42.93183],[-0.391469,42.930062],[-0.397541,42.928359],[-0.403646,42.926724],[-0.409784,42.925155],[-0.415953,42.923654],[-0.422151,42.92222],[-0.428379,42.920855],[-0.434633,42.919558],[-0.440913,42.918329],[-0.447217,42.917169],[-0.453544,42.916079],[-0.459892,42.915058],[-0.460278,42.915278],[-0.460278,42.915278],[-0.486389,43.005],[-0.486198,43.005128],[-0.48772,43.004895],[-0.489243,43.004669],[-0.490768,43.004447],[-0.492294,43.004232],[-0.493822,43.004022],[-0.495351,43.003818],[-0.496882,43.003619],[-0.498414,43.003426],[-0.499947,43.003239],[-0.501482,43.003057],[-0.503017,43.002881],[-0.504554,43.002711],[-0.506092,43.002546],[-0.507632,43.002387],[-0.509172,43.002234],[-0.510713,43.002086],[-0.512255,43.001944],[-0.513799,43.001808],[-0.515343,43.001678],[-0.516888,43.001553],[-0.518434,43.001433],[-0.51998,43.00132],[-0.521528,43.001212],[-0.523076,43.00111],[-0.524625,43.001014],[-0.526174,43.000923],[-0.527725,43.000838],[-0.529275,43.000759],[-0.530826,43.000685],[-0.532378,43.000618],[-0.53393,43.000555],[-0.535483,43.000499],[-0.537036,43.000448],[-0.538589,43.000403],[-0.540142,43.000364],[-0.541696,43.000331],[-0.54325,43.000303],[-0.544804,43.000281],[-0.546358,43.000265],[-0.547913,43.000254],[-0.549467,43.000249],[-0.551022,43.00025],[-0.552576,43.000257],[-0.55413,43.000269],[-0.555685,43.000287],[-0.557239,43.000311],[-0.558793,43.000341],[-0.560346,43.000376],[-0.5619,43.000417],[-0.563453,43.000464],[-0.565006,43.000516],[-0.566558,43.000574],[-0.56811,43.000638],[-0.569662,43.000708],[-0.571213,43.000783],[-0.572763,43.000864],[-0.574313,43.000951],[-0.575862,43.001043],[-0.577411,43.001142],[-0.578959,43.001245],[-0.580506,43.001355],[-0.582053,43.00147],[-0.583598,43.001591],[-0.585143,43.001718],[-0.586687,43.00185],[-0.58823,43.001988],[-0.589772,43.002132],[-0.591313,43.002282],[-0.592853,43.002437],[-0.594392,43.002598],[-0.595929,43.002764],[-0.597466,43.002936],[-0.599001,43.003114],[-0.600535,43.003297],[-0.602068,43.003486],[-0.6036,43.003681],[-0.60513,43.003882],[-0.605,43.003611],[-0.605,43.003611],[-0.613889,43.118056],[-0.582222,43.231667]]]}},{"type":"Feature","properties":{"name":"201 C2","nameV":"R 201 C2 (SeeNotam)","class":"R","type":"R","lower":"FL145","lowerM":4419,"upper":"FL195","upperM":5943,"desc":"Administrator: Ecole des troupes aéroportées. GAT IFR/VFR, OAT: avoidance mandatory throughout activity except for: - ACFT carrying out military, customs, police, search and rescue, firefighting, medical transport activities having to intervene as part of the execution of their missions and when the avoidance is not compatible with these missions, after coordination with the exercise Director (DIREX), - ACFT having previously obtained an agreement from the exercise Director (DIREX). Activities schedule available on: 05 59 40 49 01. Actual activity provided by: PYRENEES INFO BIARRITZ INFO BORDEAUX CTL","activationCode":"HX","activationDesc":"MON-FRI except public HOL: activation by NOTAM","UId":"60857644","id":"LFR201C2","stroke":"#800080","stroke-width":2,"stroke-opacity":0.8,"fill":"#ffb9dc","fill-opacity":0.1},"geometry":{"type":"Polygon","coordinates":[[[-0.582222,43.231667],[-0.133056,43.136667],[-0.132612,43.136888],[-0.134488,43.132329],[-0.136458,43.127791],[-0.138521,43.123275],[-0.140676,43.118782],[-0.142923,43.114314],[-0.145261,43.10987],[-0.14769,43.105453],[-0.15021,43.101062],[-0.152819,43.0967],[-0.155517,43.092367],[-0.158304,43.088064],[-0.161178,43.083791],[-0.16414,43.079551],[-0.167188,43.075344],[-0.170322,43.07117],[-0.173541,43.067031],[-0.176844,43.062928],[-0.180231,43.058862],[-0.1837,43.054833],[-0.187252,43.050842],[-0.190885,43.046891],[-0.194598,43.04298],[-0.19839,43.03911],[-0.202261,43.035282],[-0.20621,43.031497],[-0.210236,43.027755],[-0.214338,43.024058],[-0.218514,43.020407],[-0.222765,43.016801],[-0.227089,43.013242],[-0.231485,43.009731],[-0.235952,43.006269],[-0.24049,43.002856],[-0.245096,42.999493],[-0.24977,42.996181],[-0.254512,42.99292],[-0.259319,42.989711],[-0.264191,42.986556],[-0.269127,42.983454],[-0.274126,42.980407],[-0.279186,42.977414],[-0.284307,42.974478],[-0.289486,42.971597],[-0.294724,42.968774],[-0.300019,42.966009],[-0.305369,42.963301],[-0.310774,42.960653],[-0.316233,42.958064],[-0.321743,42.955535],[-0.327304,42.953066],[-0.332915,42.950659],[-0.338574,42.948314],[-0.34428,42.94603],[-0.350032,42.94381],[-0.355829,42.941652],[-0.361668,42.939559],[-0.36755,42.937529],[-0.373472,42.935564],[-0.379434,42.933664],[-0.385433,42.93183],[-0.391469,42.930062],[-0.397541,42.928359],[-0.403646,42.926724],[-0.409784,42.925155],[-0.415953,42.923654],[-0.422151,42.92222],[-0.428379,42.920855],[-0.434633,42.919558],[-0.440913,42.918329],[-0.447217,42.917169],[-0.453544,42.916079],[-0.459892,42.915058],[-0.460278,42.915278],[-0.460278,42.915278],[-0.486389,43.005],[-0.486198,43.005128],[-0.48772,43.004895],[-0.489243,43.004669],[-0.490768,43.004447],[-0.492294,43.004232],[-0.493822,43.004022],[-0.495351,43.003818],[-0.496882,43.003619],[-0.498414,43.003426],[-0.499947,43.003239],[-0.501482,43.003057],[-0.503017,43.002881],[-0.504554,43.002711],[-0.506092,43.002546],[-0.507632,43.002387],[-0.509172,43.002234],[-0.510713,43.002086],[-0.512255,43.001944],[-0.513799,43.001808],[-0.515343,43.001678],[-0.516888,43.001553],[-0.518434,43.001433],[-0.51998,43.00132],[-0.521528,43.001212],[-0.523076,43.00111],[-0.524625,43.001014],[-0.526174,43.000923],[-0.527725,43.000838],[-0.529275,43.000759],[-0.530826,43.000685],[-0.532378,43.000618],[-0.53393,43.000555],[-0.535483,43.000499],[-0.537036,43.000448],[-0.538589,43.000403],[-0.540142,43.000364],[-0.541696,43.000331],[-0.54325,43.000303],[-0.544804,43.000281],[-0.546358,43.000265],[-0.547913,43.000254],[-0.549467,43.000249],[-0.551022,43.00025],[-0.552576,43.000257],[-0.55413,43.000269],[-0.555685,43.000287],[-0.557239,43.000311],[-0.558793,43.000341],[-0.560346,43.000376],[-0.5619,43.000417],[-0.563453,43.000464],[-0.565006,43.000516],[-0.566558,43.000574],[-0.56811,43.000638],[-0.569662,43.000708],[-0.571213,43.000783],[-0.572763,43.000864],[-0.574313,43.000951],[-0.575862,43.001043],[-0.577411,43.001142],[-0.578959,43.001245],[-0.580506,43.001355],[-0.582053,43.00147],[-0.583598,43.001591],[-0.585143,43.001718],[-0.586687,43.00185],[-0.58823,43.001988],[-0.589772,43.002132],[-0.591313,43.002282],[-0.592853,43.002437],[-0.594392,43.002598],[-0.595929,43.002764],[-0.597466,43.002936],[-0.599001,43.003114],[-0.600535,43.003297],[-0.602068,43.003486],[-0.6036,43.003681],[-0.60513,43.003882],[-0.605,43.003611],[-0.605,43.003611],[-0.613889,43.118056],[-0.582222,43.231667]]]}},{"type":"Feature","properties":{"name":"201 B1","nameV":"R 201 B1 (SeeNotam)","class":"R","type":"R","lower":"SFC","lowerM":0,"upper":"FL145","upperM":4419,"desc":"Administrator: Ecole des troupes aéroportées. GAT IFR/VFR, OAT: avoidance mandatory throughout activity except for: - ACFT carrying out military, customs, police, search and rescue, firefighting, medical transport activities having to intervene as part of the execution of their missions and when the avoidance is not compatible with these missions, after coordination with the exercise Director (DIREX), - ACFT having previously obtained an agreement from the exercise Director (DIREX). Activities schedule available on: 05 59 40 49 01. Activity known on: PYRENEES INFO BIARRITZ INFO. BORDEAUX CTL.","activationCode":"HX","activationDesc":"MON - FRI except public HOL: activation by NOTAM.","UId":"21232739","id":"LFR201B1","stroke":"#800080","stroke-width":2,"stroke-opacity":0.8,"fill":"#ffb9dc","fill-opacity":0.6},"geometry":{"type":"Polygon","coordinates":[[[-0.968333,43.311944],[-0.582222,43.231667],[-0.613889,43.118056],[-0.605,43.003611],[-0.605195,43.003621],[-0.607436,43.003925],[-0.609674,43.004241],[-0.611909,43.004569],[-0.61414,43.00491],[-0.616368,43.005262],[-0.618593,43.005626],[-0.620813,43.006002],[-0.62303,43.006391],[-0.625243,43.006791],[-0.627452,43.007203],[-0.629656,43.007627],[-0.631857,43.008063],[-0.634053,43.008511],[-0.636244,43.00897],[-0.63843,43.009442],[-0.640612,43.009925],[-0.642789,43.01042],[-0.644961,43.010927],[-0.647127,43.011445],[-0.649289,43.011975],[-0.651445,43.012517],[-0.653595,43.013071],[-0.65574,43.013636],[-0.657879,43.014212],[-0.660012,43.0148],[-0.66214,43.0154],[-0.664261,43.016011],[-0.666376,43.016634],[-0.668484,43.017268],[-0.670587,43.017913],[-0.672682,43.018569],[-0.674771,43.019237],[-0.676853,43.019916],[-0.678929,43.020607],[-0.680997,43.021308],[-0.683058,43.022021],[-0.685112,43.022745],[-0.687159,43.02348],[-0.689198,43.024226],[-0.69123,43.024983],[-0.693253,43.025751],[-0.69527,43.026529],[-0.697278,43.027319],[-0.699278,43.028119],[-0.70127,43.028931],[-0.703254,43.029752],[-0.70523,43.030585],[-0.707197,43.031428],[-0.709155,43.032282],[-0.711105,43.033147],[-0.713047,43.034022],[-0.714979,43.034907],[-0.716902,43.035803],[-0.718816,43.036709],[-0.720722,43.037625],[-0.722617,43.038552],[-0.724504,43.039489],[-0.726381,43.040436],[-0.728248,43.041393],[-0.730106,43.04236],[-0.731954,43.043338],[-0.733791,43.044325],[-0.735619,43.045322],[-0.737437,43.046329],[-0.739245,43.047346],[-0.741042,43.048372],[-0.742829,43.049408],[-0.744606,43.050454],[-0.746372,43.051509],[-0.748127,43.052574],[-0.749871,43.053648],[-0.751605,43.054732],[-0.753327,43.055825],[-0.755039,43.056927],[-0.756739,43.058038],[-0.758428,43.059159],[-0.760106,43.060289],[-0.759722,43.06],[-0.759722,43.06],[-0.844722,42.992778],[-0.845849,42.992721],[-0.850672,42.996041],[-0.855426,42.999413],[-0.860109,43.002838],[-0.864721,43.006314],[-0.869261,43.009842],[-0.873726,43.01342],[-0.878117,43.017046],[-0.882433,43.020722],[-0.886671,43.024445],[-0.890832,43.028214],[-0.894914,43.03203],[-0.898916,43.03589],[-0.902838,43.039795],[-0.906678,43.043743],[-0.910436,43.047733],[-0.91411,43.051764],[-0.917701,43.055836],[-0.921206,43.059948],[-0.924625,43.064097],[-0.927958,43.068285],[-0.931203,43.072509],[-0.93436,43.076768],[-0.937428,43.081063],[-0.940406,43.085391],[-0.943294,43.089751],[-0.946091,43.094143],[-0.948795,43.098566],[-0.951408,43.103019],[-0.953927,43.107499],[-0.956353,43.112008],[-0.958685,43.116543],[-0.960921,43.121103],[-0.963063,43.125688],[-0.965108,43.130296],[-0.967058,43.134926],[-0.96891,43.139577],[-0.970665,43.144249],[-0.972322,43.148939],[-0.973881,43.153648],[-0.975342,43.158373],[-0.976704,43.163113],[-0.977967,43.167869],[-0.97913,43.172638],[-0.980193,43.177419],[-0.981156,43.182212],[-0.982019,43.187014],[-0.982782,43.191826],[-0.983443,43.196646],[-0.984004,43.201473],[-0.984463,43.206305],[-0.984821,43.211141],[-0.985078,43.215982],[-0.985234,43.220824],[-0.985288,43.225668],[-0.985241,43.230511],[-0.985092,43.235354],[-0.984841,43.240194],[-0.984489,43.245031],[-0.984036,43.249864],[-0.983481,43.254691],[-0.982825,43.259511],[-0.982068,43.264323],[-0.98121,43.269126],[-0.980251,43.27392],[-0.979191,43.278702],[-0.978032,43.283471],[-0.976772,43.288227],[-0.975412,43.292969],[-0.973953,43.297695],[-0.972394,43.302404],[-0.970737,43.307095],[-0.968981,43.311767],[-0.968333,43.311944]]]}},{"type":"Feature","properties":{"name":"247 B","nameV":"R 247 B","class":"R","type":"R","lower":"SFC","lowerM":0,"upper":"1200FT AMSL","upperM":365,"desc":"Administrator: 13th régiment de dragons parachutistes: 05 56 68 40 45. OAT: upon administrator authorisation. GAT IFR/VFR: avoidance mandatory during activity except for ACFT scheduled and authorized by administrator. Activity known on: MERIGNAC TWR, AQUITAINE INFO, ATIS MERIGNAC.","activationCode":"HX","activationDesc":"Possible activation H24","UId":"16475179","id":"LFR247B","stroke":"#800080","stroke-width":2,"stroke-opacity":0.8,"fill":"#ffb9dc","fill-opacity":0.6},"geometry":{"type":"Polygon","coordinates":[[[-0.8075,44.870833],[-0.8,44.868056],[-0.783333,44.863889],[-0.781111,44.853333],[-0.800556,44.847222],[-0.821944,44.835556],[-0.8075,44.870833]]]}},{"type":"Feature","properties":{"name":"247 C","nameV":"R 247 C","class":"R","type":"R","lower":"SFC","lowerM":0,"upper":"2000FT AMSL","upperM":609,"desc":"Administrator: 13th régiment de dragons parachutistes: 05 56 68 40 45. OAT: upon administrator authorisation. GAT IFR/VFR: avoidance mandatory during activity except for ACFT scheduled and authorized by administrator. Actual activity provided by: MERIGNAC TWR, AQUITAINE INFO, ATIS MERIGNAC.","activationCode":"HX","activationDesc":"Possible activation H24","UId":"60861963","id":"LFR247C","stroke":"#800080","stroke-width":2,"stroke-opacity":0.8,"fill":"#ffb9dc","fill-opacity":0.6},"geometry":{"type":"Polygon","coordinates":[[[-0.883333,44.875],[-0.880833,44.857222],[-0.886389,44.845833],[-0.916944,44.850833],[-0.908333,44.875],[-0.883333,44.875]]]}},{"type":"Feature","properties":{"name":"598","nameV":"R 598","class":"R","type":"R","lower":"SFC","lowerM":0,"upper":"500FT AGL","ordinalUpperM":152,"upperM":152,"groundEstimatedHeight":[0,0,0,0],"desc":"Administrator: DGA EM site Gironde. GAT/OAT: avoidance mandatory except for ACFT: - having obtained prior authorization from administrator, - carrying out military, customs, police, search and rescue, firefighting, medical transport activities having to intervene as part of the execution of their missions and when the avoidance is not compatible with these missions, - in GAT IFR in contact with MERIGNAC TWR. Users' information: MERIGNAC TWR AQUITAINE INFO ATIS MERIGNAC","activationCode":"H24","UId":"50462895","id":"LFR598","stroke":"#800080","stroke-width":2,"stroke-opacity":0.8,"fill":"#ffb9dc","fill-opacity":0.6},"geometry":{"type":"Polygon","coordinates":[[[-0.916944,44.850833],[-0.925,44.818056],[-0.88,44.788889],[-0.821944,44.835556],[-0.886389,44.845833],[-0.916944,44.850833]]]}},{"type":"Feature","properties":{"name":"201 B2","nameV":"R 201 B2 (SeeNotam)","class":"R","type":"R","lower":"FL145","lowerM":4419,"upper":"FL195","upperM":5943,"desc":"Administrator: Ecole des troupes aéroportées. GAT IFR/VFR, OAT: avoidance mandatory throughout activity except for: - ACFT carrying out military, customs, police, search and rescue, firefighting, medical transport activities having to intervene as part of the execution of their missions and when the avoidance is not compatible with these missions, after coordination with the exercise Director (DIREX), - ACFT having previously obtained an agreement from the exercise Director (DIREX). Activities schedule available on: 05 59 40 49 01. Activity known on: PYRENEES INFO BIARRITZ INFO BORDEAUX CTL","activationCode":"NOTAM","activationDesc":"MON - FRI except public HOL: activation by NOTAM.","timeScheduling":{"1":["UTC(01/01->31/12)","WD(00:00->23:59)"]},"UId":"1562519","id":"LFR201B2","stroke":"#800080","stroke-width":2,"stroke-opacity":0.8,"fill":"#ffb9dc","fill-opacity":0.1},"geometry":{"type":"Polygon","coordinates":[[[-0.968333,43.311944],[-0.582222,43.231667],[-0.613889,43.118056],[-0.605,43.003611],[-0.605195,43.003621],[-0.607436,43.003925],[-0.609674,43.004241],[-0.611909,43.004569],[-0.61414,43.00491],[-0.616368,43.005262],[-0.618593,43.005626],[-0.620813,43.006002],[-0.62303,43.006391],[-0.625243,43.006791],[-0.627452,43.007203],[-0.629656,43.007627],[-0.631857,43.008063],[-0.634053,43.008511],[-0.636244,43.00897],[-0.63843,43.009442],[-0.640612,43.009925],[-0.642789,43.01042],[-0.644961,43.010927],[-0.647127,43.011445],[-0.649289,43.011975],[-0.651445,43.012517],[-0.653595,43.013071],[-0.65574,43.013636],[-0.657879,43.014212],[-0.660012,43.0148],[-0.66214,43.0154],[-0.664261,43.016011],[-0.666376,43.016634],[-0.668484,43.017268],[-0.670587,43.017913],[-0.672682,43.018569],[-0.674771,43.019237],[-0.676853,43.019916],[-0.678929,43.020607],[-0.680997,43.021308],[-0.683058,43.022021],[-0.685112,43.022745],[-0.687159,43.02348],[-0.689198,43.024226],[-0.69123,43.024983],[-0.693253,43.025751],[-0.69527,43.026529],[-0.697278,43.027319],[-0.699278,43.028119],[-0.70127,43.028931],[-0.703254,43.029752],[-0.70523,43.030585],[-0.707197,43.031428],[-0.709155,43.032282],[-0.711105,43.033147],[-0.713047,43.034022],[-0.714979,43.034907],[-0.716902,43.035803],[-0.718816,43.036709],[-0.720722,43.037625],[-0.722617,43.038552],[-0.724504,43.039489],[-0.726381,43.040436],[-0.728248,43.041393],[-0.730106,43.04236],[-0.731954,43.043338],[-0.733791,43.044325],[-0.735619,43.045322],[-0.737437,43.046329],[-0.739245,43.047346],[-0.741042,43.048372],[-0.742829,43.049408],[-0.744606,43.050454],[-0.746372,43.051509],[-0.748127,43.052574],[-0.749871,43.053648],[-0.751605,43.054732],[-0.753327,43.055825],[-0.755039,43.056927],[-0.756739,43.058038],[-0.758428,43.059159],[-0.760106,43.060289],[-0.759722,43.06],[-0.759722,43.06],[-0.844722,42.992778],[-0.845849,42.992721],[-0.850672,42.996041],[-0.855426,42.999413],[-0.860109,43.002838],[-0.864721,43.006314],[-0.869261,43.009842],[-0.873726,43.01342],[-0.878117,43.017046],[-0.882433,43.020722],[-0.886671,43.024445],[-0.890832,43.028214],[-0.894914,43.03203],[-0.898916,43.03589],[-0.902838,43.039795],[-0.906678,43.043743],[-0.910436,43.047733],[-0.91411,43.051764],[-0.917701,43.055836],[-0.921206,43.059948],[-0.924625,43.064097],[-0.927958,43.068285],[-0.931203,43.072509],[-0.93436,43.076768],[-0.937428,43.081063],[-0.940406,43.085391],[-0.943294,43.089751],[-0.946091,43.094143],[-0.948795,43.098566],[-0.951408,43.103019],[-0.953927,43.107499],[-0.956353,43.112008],[-0.958685,43.116543],[-0.960921,43.121103],[-0.963063,43.125688],[-0.965108,43.130296],[-0.967058,43.134926],[-0.96891,43.139577],[-0.970665,43.144249],[-0.972322,43.148939],[-0.973881,43.153648],[-0.975342,43.158373],[-0.976704,43.163113],[-0.977967,43.167869],[-0.97913,43.172638],[-0.980193,43.177419],[-0.981156,43.182212],[-0.982019,43.187014],[-0.982782,43.191826],[-0.983443,43.196646],[-0.984004,43.201473],[-0.984463,43.206305],[-0.984821,43.211141],[-0.985078,43.215982],[-0.985234,43.220824],[-0.985288,43.225668],[-0.985241,43.230511],[-0.985092,43.235354],[-0.984841,43.240194],[-0.984489,43.245031],[-0.984036,43.249864],[-0.983481,43.254691],[-0.982825,43.259511],[-0.982068,43.264323],[-0.98121,43.269126],[-0.980251,43.27392],[-0.979191,43.278702],[-0.978032,43.283471],[-0.976772,43.288227],[-0.975412,43.292969],[-0.973953,43.297695],[-0.972394,43.302404],[-0.970737,43.307095],[-0.968981,43.311767],[-0.968333,43.311944]]]}},{"type":"Feature","properties":{"name":"607 A","nameV":"R 607 A (SeeNotam)","class":"R","type":"R","lower":"FL205","lowerM":6248,"upper":"FL225","upperM":6858,"desc":"Administrator: Cinq Mars la Pile CRC or back-up CRC. Entry: GAT/IFR: mandatory avoidance throughout activity. Actual activity provided by: - RAKI - PARIS ACC","activationCode":"HX","activationDesc":"Activation H24 by NOTAM with PPR 72 HR","UId":"60618197","id":"LFR607A","stroke":"#800080","stroke-width":2,"stroke-opacity":0.8,"fill":"#ffb9dc","fill-opacity":0.1},"geometry":{"type":"Polygon","coordinates":[[[2.153333,49.021111],[2.663889,49.067778],[2.763333,48.736944],[2.25,48.690556],[2.153333,49.021111]]]}},{"type":"Feature","properties":{"name":"607 B","nameV":"R 607 B (SeeNotam)","class":"R","type":"R","lower":"FL215","lowerM":6553,"upper":"FL225","upperM":6858,"desc":"Administrator: Cinq Mars la Pile CRC or back-up CRC. Entry: GAT/IFR: mandatory avoidance throughout activity. Actual activity provided by: - RAKI - PARIS ACC","activationCode":"HX","activationDesc":"Activation H24 by NOTAM with PPR 72 HR","UId":"60618206","id":"LFR607B","stroke":"#800080","stroke-width":2,"stroke-opacity":0.8,"fill":"#ffb9dc","fill-opacity":0.1},"geometry":{"type":"Polygon","coordinates":[[[2.153333,49.021111],[2.663889,49.067778],[2.763333,48.736944],[2.25,48.690556],[2.153333,49.021111]]]}},{"type":"Feature","properties":{"name":"600 N","nameV":"R 600 N (SeeNotam)","class":"R","type":"R","lower":"SFC","lowerM":0,"upper":"FL145","upperM":4419,"desc":"Administrator and NOTAM requester: exercise Director (TEL published in the activation NOTAM). GAT/OAT: mandatory avoidance except for: - ACFT having previously obtained agreement from exercise Director, - ACFT carrying out military, customs, police, search and rescue, firefighting, medical transport activities having to intervene as part of the execution of their missions and when the avoidance is not compatible with these missions, after coordination with the administrator. Actual activity provided by: - TOULOUSE APPROACH, - TOULOUSE ESSAIS 122.900 MHz, - TOULOUSE INFO, - AFIS PAMIERS","activationCode":"HX","activationDesc":"Possible activation H24 by NOTAM with PPR 72 HR, except when LF-R 46 N1 CORBIERES, LF-R 46 F2 or LF-R 46 F3 are active, WE and public HOL. According to protocol.","UId":"60857543","id":"LFR600N","stroke":"#800080","stroke-width":2,"stroke-opacity":0.8,"fill":"#ffb9dc","fill-opacity":0.6},"geometry":{"type":"Polygon","coordinates":[[[1.163611,42.990278],[1.162975,42.990277],[1.163178,42.999395],[1.163834,43.008502],[1.164945,43.017585],[1.166509,43.026633],[1.168523,43.035632],[1.170986,43.044572],[1.173894,43.05344],[1.177244,43.062225],[1.181032,43.070915],[1.185251,43.079497],[1.189898,43.087962],[1.194966,43.096296],[1.200448,43.10449],[1.206337,43.112533],[1.212626,43.120412],[1.219306,43.128119],[1.226368,43.135642],[1.233804,43.142972],[1.241602,43.150098],[1.249754,43.157012],[1.258248,43.163704],[1.267072,43.170164],[1.276216,43.176385],[1.285666,43.182357],[1.295411,43.188073],[1.305437,43.193526],[1.315731,43.198707],[1.326279,43.203611],[1.337067,43.208229],[1.348081,43.212557],[1.359305,43.216588],[1.370725,43.220316],[1.382325,43.223738],[1.39409,43.226847],[1.406004,43.229641],[1.418051,43.232115],[1.430215,43.234266],[1.442479,43.236091],[1.454827,43.237587],[1.467242,43.238753],[1.479707,43.239587],[1.492206,43.240088],[1.504723,43.240255],[1.517239,43.240088],[1.529738,43.239587],[1.542203,43.238753],[1.554619,43.237587],[1.566966,43.236091],[1.57923,43.234266],[1.591394,43.232115],[1.603441,43.229641],[1.615355,43.226847],[1.62712,43.223737],[1.63872,43.220316],[1.65014,43.216587],[1.661364,43.212556],[1.672378,43.208229],[1.683166,43.20361],[1.693714,43.198707],[1.704008,43.193525],[1.714034,43.188073],[1.723778,43.182357],[1.733229,43.176384],[1.742373,43.170163],[1.751197,43.163703],[1.759691,43.157011],[1.767842,43.150098],[1.775641,43.142971],[1.783076,43.135641],[1.790139,43.128118],[1.796819,43.120412],[1.803107,43.112532],[1.808997,43.10449],[1.814479,43.096296],[1.819546,43.087961],[1.824193,43.079497],[1.828413,43.070914],[1.8322,43.062224],[1.83555,43.05344],[1.838458,43.044571],[1.840921,43.035631],[1.842935,43.026632],[1.844499,43.017584],[1.84561,43.008501],[1.846267,42.999394],[1.846469,42.990276],[1.845278,42.990278],[1.845278,42.990278],[1.163611,42.990278]]]}},{"type":"Feature","properties":{"name":"600 S","nameV":"R 600 S (SeeNotam)","class":"R","type":"R","lower":"SFC","lowerM":0,"upper":"FL145","upperM":4419,"desc":"Administrator and NOTAM requester: exercise Director (TEL published in the activation NOTAM). GAT/OAT: mandatory avoidance except for: - ACFT having previously obtained agreement from exercise Director, - ACFT carrying out military, customs, police, search and rescue, firefighting, medical transport activities having to intervene as part of the execution of their missions and when the avoidance is not compatible with these missions, after coordination with the administrator. Actual activity provided by: - TOULOUSE APPROACH, - TOULOUSE ESSAIS 122.900 MHz, - TOULOUSE INFO, - AFIS PAMIERS","activationCode":"HX","activationDesc":"Possible activation H24 by NOTAM with PPR 72 HR, except WE and public HOL. According to protocol.","UId":"60857577","id":"LFR600S","stroke":"#800080","stroke-width":2,"stroke-opacity":0.8,"fill":"#ffb9dc","fill-opacity":0.6},"geometry":{"type":"Polygon","coordinates":[[[1.845278,42.990278],[1.846469,42.990276],[1.846214,42.981135],[1.845504,42.972007],[1.844338,42.962904],[1.842718,42.953838],[1.840647,42.944822],[1.838127,42.935867],[1.835163,42.926985],[1.831758,42.918189],[1.827917,42.909489],[1.823645,42.900899],[1.818949,42.892428],[1.813834,42.884088],[1.808308,42.875891],[1.802378,42.867847],[1.796052,42.859967],[1.789339,42.852261],[1.782248,42.84474],[1.774788,42.837414],[1.76697,42.830292],[1.758803,42.823384],[1.750299,42.816699],[1.74147,42.810246],[1.732327,42.804033],[1.722882,42.798069],[1.713147,42.792362],[1.703137,42.786919],[1.692864,42.781747],[1.682341,42.776854],[1.671584,42.772245],[1.660606,42.767927],[1.649421,42.763905],[1.638045,42.760186],[1.626492,42.756773],[1.614779,42.753671],[1.60292,42.750885],[1.590931,42.748418],[1.578828,42.746273],[1.566627,42.744453],[1.554345,42.742961],[1.541996,42.741798],[1.529599,42.740967],[1.517168,42.740468],[1.504721,42.740301],[1.492275,42.740468],[1.479844,42.740967],[1.467447,42.741799],[1.455098,42.742961],[1.442816,42.744453],[1.430615,42.746273],[1.418512,42.748418],[1.406523,42.750885],[1.394664,42.753671],[1.382951,42.756773],[1.371398,42.760186],[1.360022,42.763906],[1.348837,42.767927],[1.337859,42.772245],[1.327102,42.776854],[1.316579,42.781748],[1.306306,42.78692],[1.296296,42.792363],[1.286562,42.79807],[1.277116,42.804034],[1.267973,42.810247],[1.259144,42.8167],[1.25064,42.823385],[1.242474,42.830293],[1.234655,42.837414],[1.227195,42.844741],[1.220104,42.852262],[1.213391,42.859967],[1.207065,42.867847],[1.201136,42.875891],[1.195609,42.884089],[1.190495,42.892428],[1.185798,42.900899],[1.181527,42.90949],[1.177686,42.91819],[1.174281,42.926986],[1.171317,42.935868],[1.168797,42.944823],[1.166726,42.953839],[1.165106,42.962905],[1.16394,42.972008],[1.16323,42.981136],[1.162975,42.990277],[1.163611,42.990278],[1.163611,42.990278],[1.845278,42.990278]]]}},{"type":"Feature","properties":{"name":"340","nameV":"R 340","class":"R","type":"R","lower":"SFC","lowerM":0,"upper":"1700FT AMSL","upperM":518,"desc":"Area active outside activity SKED of LF-R 600 COUSSA N. Administrator: 1er Régiment de chasseurs parachutistes Officier de tirs: 05 34 01 99 36 On-duty: 05 34 01 99 10 GAT/OAT: avoidance mandatory throughout activity. Actual activity known on: - TOULOUSE INFO - PAMIERS INFO","activationCode":"HX","activationDesc":"MON-THU: 0700-1100 1300-1600 1900-2359 FRI: 0700-1100 (SUM: -1HR)","UId":"44382194","id":"LFR340","stroke":"#800080","stroke-width":2,"stroke-opacity":0.8,"fill":"#ffb9dc","fill-opacity":0.6},"geometry":{"type":"Polygon","coordinates":[[[1.659704,43.136111],[1.659604,43.137019],[1.659305,43.137904],[1.658816,43.138742],[1.658148,43.139513],[1.65732,43.140195],[1.656353,43.140771],[1.655271,43.141227],[1.654103,43.14155],[1.652879,43.141733],[1.651632,43.141769],[1.650392,43.141659],[1.649192,43.141406],[1.648064,43.141015],[1.647036,43.140497],[1.646135,43.139866],[1.645385,43.139137],[1.644805,43.13833],[1.644409,43.137466],[1.644209,43.136566],[1.644209,43.135655],[1.644409,43.134756],[1.644805,43.133891],[1.645385,43.133084],[1.646136,43.132356],[1.647036,43.131724],[1.648064,43.131207],[1.649192,43.130816],[1.650392,43.130563],[1.651632,43.130453],[1.652879,43.130489],[1.654103,43.130672],[1.65527,43.130995],[1.656352,43.13145],[1.657319,43.132027],[1.658147,43.132709],[1.658815,43.133479],[1.659305,43.134318],[1.659604,43.135202],[1.659704,43.136111]]]}},{"type":"Feature","properties":{"name":"27","nameV":"R 27","class":"R","type":"R","lower":"SFC","lowerM":0,"upper":"6500FT AMSL","upperM":1981,"desc":"Area active outside activity SKED of LF-R 600 COUSSA N. IFR/VFR/OAT: avoidance mandatory during activity. Administrator: Officier de tir 1er RCP: 05 34 01 99 36 Toll-free telephone number: 05 34 01 99 10 Activity known on: Toulouse Info 121.250 MHz. PAMIERS: 118.175 MHz.","activationCode":"HX","activationDesc":"Possible activation MON, TUE, THU, FRI except public HOL 0500- 1100 1200- 1700 1900- 2300 (SUM - 1HR).","timeScheduling":{"1":["UTCW(01/01->31/12)","FRI(12:00->17:00)"],"2":["UTCW(01/01->31/12)","THU(12:00->17:00)"],"3":["UTCW(01/01->31/12)","MON(12:00->17:00)"],"4":["UTCW(01/01->31/12)","TUE(19:00->23:00)"],"5":["UTCW(01/01->31/12)","TUE(05:00->11:00)"],"6":["UTCW(01/01->31/12)","MON(05:00->11:00)"],"7":["UTCW(01/01->31/12)","MON(19:00->23:00)"],"8":["UTCW(01/01->31/12)","FRI(05:00->11:00)"],"9":["UTCW(01/01->31/12)","THU(19:00->23:00)"],"10":["UTCW(01/01->31/12)","THU(05:00->11:00)"],"11":["UTCW(01/01->31/12)","TUE(12:00->17:00)"],"12":["UTCW(01/01->31/12)","FRI(19:00->23:00)"]},"UId":"1566285","id":"LFR27","stroke":"#800080","stroke-width":2,"stroke-opacity":0.8,"fill":"#ffb9dc","fill-opacity":0.6},"geometry":{"type":"Polygon","coordinates":[[[1.655556,43.041667],[1.663889,43.044444],[1.6875,43.019444],[1.672222,43.0125],[1.655556,43.041667]]]}},{"type":"Feature","properties":{"name":"597","nameV":"R 597","class":"R","type":"R","lower":"SFC","lowerM":0,"upper":"2000FT AMSL","upperM":609,"desc":"Administrator: Ecole du Génie (EG) - GF/cellule programme +33 (0)2 41 24 83 17 or +33 (0)2 41 24 85 01 PC TIR: +33 (0)6 32 65 71 84. OAT/GAT: mandatory avoidance except for ACFT carrying out military, customs, police, search and rescue, firefighting, medical transport activities having to intervene as part of the execution of their missions and when the avoidance is not compatible with these missions after coordination with the administrator. Activation known on  - NANTES INFO.","activationCode":"HX","activationDesc":"Possible activation MON-FRI: 0600- 1900. SUM: -1HR","UId":"1564297","id":"LFR597","stroke":"#800080","stroke-width":2,"stroke-opacity":0.8,"fill":"#ffb9dc","fill-opacity":0.6},"geometry":{"type":"Polygon","coordinates":[[[-0.664722,47.456667],[-0.686667,47.445833],[-0.686706,47.445815],[-0.687959,47.446375],[-0.689122,47.447019],[-0.690183,47.447738],[-0.69113,47.448527],[-0.691955,47.449377],[-0.692648,47.450278],[-0.693202,47.451222],[-0.693613,47.4522],[-0.693875,47.4532],[-0.693985,47.454214],[-0.693944,47.455229],[-0.693751,47.456237],[-0.693407,47.457226],[-0.692918,47.458187],[-0.692287,47.459109],[-0.691521,47.459983],[-0.690628,47.4608],[-0.689617,47.461552],[-0.688499,47.462231],[-0.687285,47.46283],[-0.685987,47.463343],[-0.684619,47.463764],[-0.683195,47.464089],[-0.68173,47.464316],[-0.680239,47.46444],[-0.678736,47.464462],[-0.677238,47.464381],[-0.675759,47.464198],[-0.674316,47.463915],[-0.672923,47.463534],[-0.671593,47.46306],[-0.670342,47.462497],[-0.669182,47.461851],[-0.668124,47.46113],[-0.667179,47.460339],[-0.666358,47.459488],[-0.665669,47.458585],[-0.665118,47.45764],[-0.664712,47.456662],[-0.664722,47.456667]]]}},{"type":"Feature","properties":{"name":"605 A","nameV":"R 605 A","class":"R","type":"R","lower":"2000FT AMSL","lowerM":609,"upper":"3500FT AMSL","upperM":1066,"desc":"Administrator: LILLE APP Gliders: according to protocol. GAT IFR / OAT I and T: Mandatory avoidance except for ACFT carrying out military, customs, police, search and rescue, firefighting, medical transport activities having to intervene as part of the execution of their missions and when the avoidance is not compatible with these missions. GAT VFR / OAT V: Upon LILLE APP authorization. Mandatory radio contact on LILLE APP. Services provided: flight information and alert services. Actual activity provided by: LILLE APP, ROUEN TWR, ROUEN ATIS","activationCode":"HX","activationDesc":"Possible activation MON-FRI except public HOL from SR-30 to SS+30","UId":"60618114","id":"LFR605A","stroke":"#800080","stroke-width":2,"stroke-opacity":0.8,"fill":"#ffb9dc","fill-opacity":0.3},"geometry":{"type":"Polygon","coordinates":[[[1.216389,49.394444],[1.375278,49.393333],[1.382778,49.351667],[1.219167,49.282778],[1.158611,49.267778],[1.167222,49.358333],[1.216389,49.394444]]]}},{"type":"Feature","properties":{"name":"96","nameV":"R 96","class":"R","type":"R","lower":"SFC","lowerM":0,"upper":"2600FT AMSL","upperM":792,"desc":"Except for LF-R 149 A area when active. Power-driven aircraft: avoidance mandatory except for: - aircraft carrying out military, customs, police, search and rescue, firefighting, medical transport activities having to intervene as part of the execution of their missions and when the avoidance is not compatible with these missions, - exceptional exemption granted by the Loir et Cher Préfet, after National domain of Chambord managing director.","activationCode":"H24","UId":"1561265","id":"LFR96","stroke":"#800080","stroke-width":2,"stroke-opacity":0.8,"fill":"#ffb9dc","fill-opacity":0.6},"geometry":{"type":"Polygon","coordinates":[[[1.543041,47.617219],[1.542723,47.619891],[1.541772,47.622494],[1.540214,47.62496],[1.53809,47.627226],[1.535453,47.629233],[1.532373,47.630928],[1.528928,47.632269],[1.525209,47.63322],[1.521312,47.633756],[1.517338,47.633864],[1.513389,47.633541],[1.509569,47.632795],[1.505975,47.631645],[1.502702,47.630122],[1.499835,47.628265],[1.497446,47.626122],[1.495599,47.623748],[1.494341,47.621205],[1.493704,47.61856],[1.493705,47.615879],[1.494344,47.613234],[1.495605,47.610691],[1.497453,47.608318],[1.499842,47.606176],[1.50271,47.60432],[1.505982,47.602797],[1.509574,47.601649],[1.513392,47.600903],[1.517338,47.60058],[1.52131,47.600688],[1.525205,47.601224],[1.528922,47.602174],[1.532365,47.603514],[1.535445,47.605209],[1.538082,47.607215],[1.540208,47.60948],[1.541767,47.611945],[1.54272,47.614548],[1.543041,47.617219]]]}},{"type":"Feature","properties":{"name":"574 A","nameV":"R 574 A","class":"R","type":"R","lower":"SFC","lowerM":0,"upper":"FL055","upperM":1676,"desc":"Administrator: 2nd RIMa TEL: +33 (0)2 43 54 62 38 or +33 (0)2 43 54 62 42 OAT/GAT: mandatory avoidance except for ACFT carrying out military, customs, police, search and rescue, firefighting, medical transport activities having to intervene as part of the execution of their missions and when the avoidance is not compatible with these missions, after administrator authorisation. Actual activity provided by: - Administrator (+33 (0)2 43 54 62 38 RAI in HNO) - NANTES INFO - SEINE INFO - LE MANS INFO","activationCode":"HX","activationDesc":"Possible activation H24","UId":"1564307","id":"LFR574A","stroke":"#800080","stroke-width":2,"stroke-opacity":0.8,"fill":"#ffb9dc","fill-opacity":0.6},"geometry":{"type":"Polygon","coordinates":[[[0.316667,48.016667],[0.433333,48.016667],[0.433333,48.0],[0.316667,48.0],[0.316667,48.016667]]]}},{"type":"Feature","properties":{"name":"574 B","nameV":"R 574 B (SeeNotam)","class":"R","type":"R","lower":"FL055","lowerM":1676,"upper":"FL075","upperM":2286,"desc":"Administrator: 2nd RIMa TEL: +33 (0)2 43 54 62 38 or +33 (0)2 43 54 62 42 Possible activity solely after NANTES ATC subdivision agreement. OAT/GAT: Mandatory avoidance except for ACFT carrying out military, customs, police, search and rescue, firefighting, medical transport activities having to intervene as part of the execution of their missions and when the avoidance is not compatible with these missions, after administrator authorisation. Actual activity provided by: - Administrator (+33 (0)2 43 54 62 38 RAI in HNO) - NANTES INFO - SEINE INFO - LE MANS INFO ","activationCode":"NOTAM","activationDesc":"Activity announced by NOTAM","UId":"1564309","id":"LFR574B","stroke":"#800080","stroke-width":2,"stroke-opacity":0.8,"fill":"#ffb9dc","fill-opacity":0.3},"geometry":{"type":"Polygon","coordinates":[[[0.316667,48.016667],[0.433333,48.016667],[0.433333,48.0],[0.316667,48.0],[0.316667,48.016667]]]}},{"type":"Feature","properties":{"name":"505","nameV":"R 505","class":"R","type":"R","lower":"SFC","lowerM":0,"upper":"1700FT AMSL","upperM":518,"desc":"Administrator: 53e RT TEL: 03 83 77 67 03 or 06 74 49 89 94. GAT/OAT: avoidance mandatory during activity except for aircraft conducting military, customs, police, search and rescue, firefighting, medical transport missions, when the avoidance is not compatible with their mission; entry is possible after notification to the operator. Actual activity known on: - OCHEY APP, - STRASBOURG INFO, - LORRAINE TWR.","activationCode":"HX","activationDesc":"Possible activation according to protocol: MON 0700 - FRI 1400 (SUM -1HR)","UId":"48585795","id":"LFR505","stroke":"#800080","stroke-width":2,"stroke-opacity":0.8,"fill":"#ffb9dc","fill-opacity":0.6},"geometry":{"type":"Polygon","coordinates":[[[6.510654,48.619999],[6.510491,48.621335],[6.510006,48.622637],[6.509212,48.62387],[6.508128,48.625002],[6.506784,48.626006],[6.505213,48.626853],[6.503457,48.627524],[6.501561,48.627999],[6.499575,48.628267],[6.497549,48.628321],[6.495536,48.628159],[6.493588,48.627786],[6.491756,48.627212],[6.490088,48.62645],[6.488625,48.625522],[6.487408,48.62445],[6.486466,48.623264],[6.485824,48.621992],[6.485499,48.620669],[6.485499,48.619329],[6.485825,48.618006],[6.486467,48.616735],[6.487409,48.615549],[6.488628,48.614477],[6.49009,48.613549],[6.491758,48.612788],[6.493589,48.612213],[6.495537,48.611841],[6.497549,48.611679],[6.499574,48.611733],[6.50156,48.612001],[6.503456,48.612476],[6.505211,48.613146],[6.506782,48.613994],[6.508126,48.614997],[6.50921,48.616129],[6.510005,48.617362],[6.51049,48.618663],[6.510654,48.619999]]]}},{"type":"Feature","properties":{"name":"164","nameV":"R 164 (SeeNotam)","class":"R","type":"R","lower":"SFC","lowerM":0,"upper":"6500FT AMSL","upperM":1981,"desc":"Except for Alsace LF- R 152 when active. Administrator: EA-CCPGE 0033 6 71 51 95 44 / 0033 632 26 52 89 GAT/OAT: avoidance mandatory during activity except for ACFT involved in exercises and conducting military, customs, police, search and rescue, firefighting, medical transport missions, when the avoidance is not compliant with these missions and after permission from the managing authority. Activity known on: - OCHEY APP - STRASBOURG INFO / APP","activationCode":"HX","activationDesc":"By NOTAM at D-48HR MON-THU except HOL: 0800-2300 FRI except HOL: 0800-1700 SUM: - 1HR","UId":"1563013","id":"LFR164","stroke":"#800080","stroke-width":2,"stroke-opacity":0.8,"fill":"#ffb9dc","fill-opacity":0.6},"geometry":{"type":"Polygon","coordinates":[[[6.605278,48.613611],[6.605178,48.613688],[6.616551,48.614896],[6.628043,48.615412],[6.639558,48.615232],[6.651,48.614359],[6.662274,48.612799],[6.673285,48.610565],[6.683941,48.607676],[6.694153,48.604156],[6.703836,48.600035],[6.71291,48.595347],[6.721298,48.590131],[6.728931,48.58443],[6.735745,48.578293],[6.741684,48.57177],[6.746699,48.564916],[6.750748,48.557788],[6.753797,48.550446],[6.755823,48.54295],[6.756808,48.535363],[6.756745,48.527748],[6.755635,48.520169],[6.753487,48.512688],[6.75032,48.505367],[6.74616,48.498269],[6.741043,48.49145],[6.735012,48.484969],[6.728116,48.478879],[6.720413,48.47323],[6.711967,48.468069],[6.702849,48.463439],[6.693135,48.459378],[6.682904,48.455921],[6.672242,48.453095],[6.661237,48.450924],[6.649981,48.449426],[6.638566,48.448613],[6.627086,48.448493],[6.615638,48.449065],[6.604316,48.450326],[6.593213,48.452265],[6.582422,48.454866],[6.572032,48.458107],[6.562128,48.461962],[6.552794,48.466398],[6.544107,48.471379],[6.536138,48.476864],[6.528955,48.482806],[6.522617,48.489158],[6.517177,48.495865],[6.51268,48.502873],[6.509165,48.510123],[6.506661,48.517555],[6.505188,48.525107],[6.504761,48.532717],[6.505382,48.540321],[6.507048,48.547856],[6.509744,48.555258],[6.51,48.555278],[6.51,48.555278],[6.509902,48.555278],[6.51381,48.553936],[6.517839,48.552763],[6.521975,48.551764],[6.526199,48.550944],[6.530494,48.550305],[6.534842,48.54985],[6.539225,48.549581],[6.543625,48.5495],[6.548024,48.549606],[6.552404,48.5499],[6.556746,48.550379],[6.561033,48.551042],[6.565246,48.551887],[6.569368,48.552909],[6.573383,48.554105],[6.577273,48.555469],[6.581023,48.556996],[6.584616,48.55868],[6.588039,48.560513],[6.591276,48.562488],[6.594314,48.564597],[6.597141,48.566831],[6.599745,48.569181],[6.602116,48.571637],[6.604242,48.574189],[6.606116,48.576826],[6.607729,48.579537],[6.609076,48.582312],[6.610149,48.585138],[6.610946,48.588004],[6.611461,48.590898],[6.611694,48.593808],[6.611643,48.596722],[6.611309,48.599627],[6.610692,48.602513],[6.609795,48.605366],[6.608622,48.608174],[6.607178,48.610928],[6.605469,48.613613],[6.605278,48.613611]]]}},{"type":"Feature","properties":{"name":"606","nameV":"R 606 (SeeNotam)","class":"R","type":"R","lower":"SFC","lowerM":0,"upper":"5000FT AMSL","upperM":1524,"desc":"Administrator and NOTAM requester: Flights director (TEL published in the activation NOTAM) GAT/OAT: mandatory avoidance except for ACFT carrying out military, customs, police, search and rescue, firefighting, medical transport activities having to intervene as part of the execution of their missions and when the avoidance is not compatible with these missions, after contact with the flight director. Lighting by day: - of the cable by fluorescent red flags every 50 m; - of the hot air balloon by high intensity flashing lights (1 white, 1 red) Lighting by night of the hot air balloon:  - by high intensity flashing lights (1 white, 1 red); - by a DCA spotlight of 1° aperture beam, white coloured. Detection/Identification: RADAR reflector, transponder 3/A and C (distress code: 7700 in case of cable rupture) Actual activity provided by: - AVORD APP - PARIS ACC/FIC - Flights Director (TEL published in the activation NOTAM)","activationCode":"HX","activationDesc":"Possible activation H24 by NOTAM PPR 24 HR. According to protocol.","UId":"60618163","id":"LFR606","stroke":"#800080","stroke-width":2,"stroke-opacity":0.8,"fill":"#ffb9dc","fill-opacity":0.6},"geometry":{"type":"Polygon","coordinates":[[[2.831582,46.957768],[2.830955,46.963111],[2.82908,46.968317],[2.826005,46.97325],[2.821809,46.977783],[2.816601,46.981797],[2.810516,46.985189],[2.803712,46.987871],[2.796364,46.989773],[2.788664,46.990846],[2.780812,46.991062],[2.77301,46.990415],[2.765462,46.988923],[2.758363,46.986623],[2.751897,46.983577],[2.746232,46.979861],[2.741515,46.975574],[2.737868,46.970826],[2.735385,46.96574],[2.734129,46.960448],[2.734134,46.955087],[2.735399,46.949796],[2.73789,46.944712],[2.741543,46.939967],[2.746262,46.935683],[2.751927,46.931971],[2.758389,46.928927],[2.765482,46.92663],[2.773022,46.92514],[2.780814,46.924494],[2.788657,46.92471],[2.796348,46.925782],[2.803688,46.927681],[2.810488,46.93036],[2.816571,46.933749],[2.82178,46.93776],[2.82598,46.94229],[2.829062,46.94722],[2.830946,46.952424],[2.831582,46.957768]]]}},{"type":"Feature","properties":{"name":"163 C","nameV":"R 163 C (SeeNotam)","class":"R","type":"R","lower":"4000FT AMSL","lowerM":1219,"upper":"FL075","upperM":2286,"desc":"Administrator: EA-CCPGE P1: 00 33 6 71 51 95 44 P2: 00 33 6 32 26 52 89 P3: 00 33 3 90 23 41 95 GAT/OAT: Compulsory avoidance except for ACFT involved in the exercises and ACFT conducting military, customs, police, search and rescue, firefighting, medical transport activities having to intervene as part of the execution of their missions and when the avoidance is not compatible with these missions and after permission from the managing authority. Actual activity information provided by: STRASBOURG INFO / APP OCHEY APP PHALSBOURG APP","activationCode":"HX","activationDesc":"Activation by NOTAM at H-48 HR: MON-FRI except HOL according to protocol, outside IFR activity to and from Metz Nancy Lorraine AD.","UId":"1613214","id":"LFR163C","stroke":"#800080","stroke-width":2,"stroke-opacity":0.8,"fill":"#ffb9dc","fill-opacity":0.3},"geometry":{"type":"Polygon","coordinates":[[[6.881111,49.117222],[6.993056,49.033889],[6.965556,49.018333],[6.96629,49.018334],[6.966602,49.017255],[6.966903,49.016174],[6.967193,49.015093],[6.967472,49.01401],[6.967741,49.012926],[6.967998,49.011841],[6.968245,49.010755],[6.968481,49.009668],[6.968706,49.008579],[6.968919,49.00749],[6.969123,49.0064],[6.969315,49.005309],[6.969496,49.004218],[6.969666,49.003125],[6.969825,49.002032],[6.969974,49.000938],[6.970111,48.999844],[6.970238,48.998749],[6.970353,48.997653],[6.970457,48.996557],[6.970551,48.995461],[6.970633,48.994364],[6.970705,48.993267],[6.970766,48.992169],[6.970815,48.991071],[6.970854,48.989974],[6.970881,48.988876],[6.970898,48.987777],[6.970903,48.986679],[6.970898,48.985581],[6.970882,48.984483],[6.970854,48.983385],[6.970816,48.982287],[6.970767,48.981189],[6.970706,48.980092],[6.970635,48.978995],[6.970553,48.977898],[6.970459,48.976802],[6.970355,48.975706],[6.97024,48.97461],[6.970114,48.973515],[6.969977,48.972421],[6.969829,48.971327],[6.96967,48.970233],[6.9695,48.969141],[6.969319,48.968049],[6.969127,48.966958],[6.968925,48.965868],[6.968711,48.964779],[6.968487,48.963691],[6.968252,48.962604],[6.968006,48.961517],[6.967749,48.960432],[6.967481,48.959348],[6.967202,48.958265],[6.966913,48.957184],[6.966613,48.956104],[6.965833,48.956111],[6.965833,48.956111],[7.008056,48.931944],[7.0,48.916667],[6.632222,48.916667],[6.5825,49.115278],[6.683333,49.116667],[6.881111,49.117222]]]}},{"type":"Feature","properties":{"name":"110 B","nameV":"R 110 B","class":"R","type":"R","lower":"2500FT AMSL","lowerM":762,"upper":"5000FT AMSL","upperM":1524,"desc":"GAT IFR/VFR, OAT: Mandatory STRASBOURG APP frequency listening watch. Activity known on STRASBOURG APP.","activationCode":"HX","activationDesc":"Possible activation from MON to FRI except HOL:from SR- 30 to SS+30 according to protocol Outside Nancy Ochey activity.","UId":"1562325","id":"LFR110B","stroke":"#800080","stroke-width":2,"stroke-opacity":0.8,"fill":"#ffb9dc","fill-opacity":0.3},"geometry":{"type":"Polygon","coordinates":[[[6.177222,48.800278],[6.195833,48.789444],[6.131944,48.656944],[6.138889,48.645833],[6.066667,48.628889],[6.077778,48.681111],[6.177222,48.800278]]]}},{"type":"Feature","properties":{"name":"104","nameV":"R 104","class":"R","type":"R","lower":"SFC","lowerM":0,"upper":"FL110","upperM":3352,"desc":"Administrator: Chambley AD operator. GAT/OAT: avoidance mandatory throughout activity. Cable lighting by fluorescent red flags and aerostat lighting by anti-collision beacon. Activity known on - STRASBOURG INFO / APP Scheduling: Chambley AD operator, TEL: 06 70 10 33 13.","activationCode":"HX","activationDesc":"Possible activation H24.","UId":"26372698","id":"LFR104","stroke":"#800080","stroke-width":2,"stroke-opacity":0.8,"fill":"#ffb9dc","fill-opacity":0.6},"geometry":{"type":"Polygon","coordinates":[[[5.892222,49.030278],[5.901944,49.016944],[5.879444,49.001667],[5.863889,49.015],[5.892222,49.030278]]]}},{"type":"Feature","properties":{"name":"97","nameV":"R 97","class":"R","type":"R","lower":"3800FT AMSL","lowerM":1158,"upper":"FL065","upperM":1981,"desc":"GAT IFR: Avoidance mandatory. GAT VFR, OAT: mandatory STRASBOURG APP listening watch. Activity known on STRASBOURG APP.","activationCode":"TIMSH","activationDesc":"Possible activation SR- 30 - SS+30 According to protocol","UId":"1561371","id":"LFR97","stroke":"#800080","stroke-width":2,"stroke-opacity":0.8,"fill":"#ffb9dc","fill-opacity":0.3},"geometry":{"type":"Polygon","coordinates":[[[6.660278,48.798333],[6.54,48.654167],[6.328333,48.746667],[6.660278,48.798333]]]}},{"type":"Feature","properties":{"name":"205 /11","nameV":"R 205 /11","class":"R","type":"R","lower":"FL115","lowerM":3505,"upper":"FL195","upperM":5943,"desc":"Managers: DE GAULLE APP, ORLY APP. Entry conditions: - IFR GAT flights inbound to or outbound from BEAUVAIS TILLE, MELUN VILLAROCHE, PARIS CHARLES DE GAULLE, PARIS LE BOURGET, PARIS ORLY, PONTOISE CORMEILLES, PARIS SACLAY VERSAILLES, VILLACOUBLAY VELIZY: Entry authorized after radio contact with one of the managing authorities. - IFR GAT flights inbound to or outbound from aerodromes not featuring IFR procedures: With connection to the IFR procedures of BEAUVAIS TILLE, MELUN VILLAROCHE, PARIS LE BOURGET, PONTOISE CORMEILLES and PARIS SACLAY VERSAILLES and as per the instructions from the managing authorities. - Other IFR GAT flights: Compulsory avoidance except for aircraft having obtained prior permission from the Paris Region Air Navigation Services, with minimum advance notice of 5 working days. For safety reasons, constraints may be imposed on the route, level and time required depending on the need to manage the traffic inbound to and outbound from Paris airports. Authorities to be contacted: SNA-RP (lfff-sub-ctl-bf@aviation-civile.gouv.fr, lfpg-ctl@aviation-civile.gouv.fr, lfpo-sub-ctl@aviation-civile.gouv.fr). VFR GAT flights: Compulsory avoidance except for aircraft performing assistance, rescue or human safety operations, when these operations are not compatible with area avoidance, upon authorization from one of the managing authorities. OAT I flights: Entry authorized under the same conditions of IFR GAT. OAT V flights: Compulsory avoidance except for aircraft performing security, assistance, rescue or human safety operations, when these operations are not compatible with area avoidance, upon authorization from one of the managing authorities OAT T flights: Entry authorized after radio contact with one of the managing authorities in the following conditions: low pass for field recognition, control flights, real security missions. This restricted area coexists with the PARIS CTA parts N, S and H. Excluding areas TMA 3 and 4 ORLEANS when they are active.","activationCode":"H24","UId":"60857310","id":"LFR205/11","stroke":"#800080","stroke-width":2,"stroke-opacity":0.8,"fill":"#ffb9dc","fill-opacity":0.1},"geometry":{"type":"Polygon","coordinates":[[[3.484722,49.714722],[3.632222,49.45],[3.683056,49.268611],[3.739444,49.198889],[3.738889,49.158611],[3.661667,49.105833],[3.661389,49.068611],[3.656389,48.700556],[3.73,48.683889],[3.781667,48.672222],[3.853056,48.639444],[3.637778,48.456944],[3.048611,48.107778],[2.906667,48.273611],[1.897222,48.297222],[1.726944,48.06],[1.619167,48.023056],[1.459722,48.131389],[1.327222,48.513056],[1.286111,48.657222],[1.425278,48.705833],[1.419167,48.917222],[1.495278,49.101111],[1.488611,49.138611],[1.468056,49.2525],[1.570556,49.3],[1.613056,49.380278],[1.606389,49.455556],[1.663333,49.536944],[2.5,49.433333],[2.708889,49.510556],[2.743889,49.635278],[2.782778,49.674167],[2.976389,49.6025],[3.105833,49.611944],[3.236389,49.666667],[3.484722,49.714722]]]}},{"type":"Feature","properties":{"name":"9 A","nameV":"R 9 A","class":"R","type":"R","lower":"SFC","lowerM":0,"upper":"1700FT AMSL","upperM":518,"desc":"Administrator: DGA Techniques Terrestres Bourges (PC TIR) Tel: 02 48 27 65 00 - 02 48 25 00 29. Except for LF-R 606 FEEZ when active. IFR/VFR: Avoidance mandatory during activity. Parts of this airspace are used for take-off and landing phases from Avord air base after Bourges DGA TT agreement.","activationCode":"H24","UId":"1563425","id":"LFR9A","stroke":"#800080","stroke-width":2,"stroke-opacity":0.8,"fill":"#ffb9dc","fill-opacity":0.6},"geometry":{"type":"Polygon","coordinates":[[[2.446667,47.081389],[2.583333,47.040833],[2.652222,47.031944],[2.733889,47.012222],[2.729722,46.995556],[2.800556,46.965],[2.7875,46.940556],[2.563333,47.015556],[2.553333,47.005278],[2.4925,47.026389],[2.446667,47.051667],[2.429444,47.061389],[2.446667,47.081389]]]}},{"type":"Feature","properties":{"name":"9 D","nameV":"R 9 D (SeeNotam)","class":"R","type":"R","lower":"SFC","lowerM":0,"upper":"FL999","upperM":30449,"desc":"Administrator: DGA Techniques Terrestres Bourges (PC TIR) Phone: 02 48 27 65 00 - 02 48 25 00 29. Except for LF-R 606 FEEZ when active. Lower and upper limits announced by NOTAM. IFR/VFR: Avoidance mandatory during activity. Parts of this airspace are used for take-off and landing phases from Avord air base after Bourges DGA TT agreement. Not AMC-manageable.","activationCode":"NOTAM","activationDesc":"Activation by NOTAM. Activation schedules stated in France AUP.","timeScheduling":{"1":["UTC(01/01->31/12)","ANY(00:00->23:59)"]},"UId":"1561963","id":"LFR9D","stroke":"#800080","stroke-width":2,"stroke-opacity":0.8,"fill":"#ffb9dc","fill-opacity":0.6},"geometry":{"type":"Polygon","coordinates":[[[2.446667,47.081389],[2.583333,47.040833],[2.652222,47.031944],[2.733889,47.012222],[2.729722,46.995556],[2.800556,46.965],[2.7875,46.940556],[2.563333,47.015556],[2.553333,47.005278],[2.4925,47.026389],[2.446667,47.051667],[2.446667,47.081389]]]}},{"type":"Feature","properties":{"name":"613","nameV":"R 613","class":"R","type":"R","lower":"SFC","lowerM":0,"upper":"5000FT AMSL","upperM":1524,"desc":"When active, this area substitutes itself to the part of PHALSBOURG CTR and to the part of TMA PHALSBOURG 1 which it interferes with. OAT/GAT: avoidance mandatory. Actual activity known on: - PHALSBOURG TWR - PHALSBOURG APP - STRASBOURG INFO","activationCode":"HO","activationDesc":"Possible SR - SS activation According to protocol during PHALSBOURG CTR activity.","UId":"61063398","id":"LFR613","stroke":"#800080","stroke-width":2,"stroke-opacity":0.8,"fill":"#ffb9dc","fill-opacity":0.6},"geometry":{"type":"Polygon","coordinates":[[[7.335833,48.731111],[7.371111,48.735278],[7.303611,48.679444],[7.335833,48.731111]]]}},{"type":"Feature","properties":{"name":"9 B","nameV":"R 9 B","class":"R","type":"R","lower":"1700FT AMSL","lowerM":518,"upper":"FL195","upperM":5943,"desc":"Administrator: DGA Techniques Terrestres Bourges (PC TIR) Tel: 02 48 27 65 00 - 02 48 25 00 29. Except for LF-R 606 FEEZ when active. IFR/VFR: Avoidance mandatory during activity. Parts of this airspace are used for take-off and landing phases from Avord air base after Bourges DGA TT agreement. Not AMC-manageable.","activationCode":"HX","activationDesc":"Possible activation according to protocol. MON- FRI except public HOL: 0600- 1130, 1230- 1730,1900- 0100. SUM:-1HR. Activity known on: AVORD APP 119.7 (ATS SKED) PARIS ACC/FIC.","timeScheduling":{"1":["UTCW(01/01->31/12)","WD(12:30->17:30)"],"2":["UTCW(01/01->31/12)","WD(19:00->23:59)"],"3":["UTCW(01/01->31/12)","WD(06:00->11:30)"],"4":["UTCW(01/01->31/12)","SAT(00:00->01:00)"]},"UId":"1563427","id":"LFR9B","stroke":"#800080","stroke-width":2,"stroke-opacity":0.8,"fill":"#ffb9dc","fill-opacity":0.3},"geometry":{"type":"Polygon","coordinates":[[[2.446667,47.081389],[2.583333,47.040833],[2.652222,47.031944],[2.733889,47.012222],[2.729722,46.995556],[2.800556,46.965],[2.7875,46.940556],[2.563333,47.015556],[2.553333,47.005278],[2.4925,47.026389],[2.446667,47.051667],[2.429444,47.061389],[2.446667,47.081389]]]}},{"type":"Feature","properties":{"name":"574 C","nameV":"R 574 C","class":"R","type":"R","lower":"SFC","lowerM":0,"upper":"FL055","upperM":1676,"desc":"Administrator: 2nd RIMa TEL: +33 (0)2 43 54 62 38 or +33 (0)2 43 54 62 42 Except for LF-R 574 A when active. OAT/GAT: mandatory avoidance except for ACFT carrying out military, customs, police, search and rescue, firefighting, medical transport activities having to intervene as part of the execution of their missions and when the avoidance is not compatible with these missions, after administrator authorisation. Actual activity provided by: - Administrator (+33 (0)2 43 54 62 38 RAI in HNO) - NANTES INFO - SEINE INFO - LE MANS INFO","activationCode":"HX","activationDesc":"Possible activation H24","UId":"60618152","id":"LFR574C","stroke":"#800080","stroke-width":2,"stroke-opacity":0.8,"fill":"#ffb9dc","fill-opacity":0.6},"geometry":{"type":"Polygon","coordinates":[[[0.350278,48.006389],[0.363333,48.006389],[0.363333,47.988056],[0.350278,47.988056],[0.350278,48.006389]]]}},{"type":"Feature","properties":{"name":"139 B","nameV":"R 139 B (SeeNotam)","class":"R","type":"R","lower":"800FT AGL","ordinalLowerM":243,"lowerM":243,"upper":"3000FT AMSL","upperM":914,"groundEstimatedHeight":[0,0,0,0],"desc":"Administrator: CDPGE Athis-Mons. Except for LF-R 606 FEEZ when active. Upper limit: 2100 ft AMSL when AVORD TMA 1.1 is active. Avoidance mandatory during activation hours. Activation timetable available on: - Internet: https://www.sia.aviation-civile.gouv.fr (section Preflight briefing/AZBA charts), SOFIA Briefing https://sofia-briefing.aviation-civile.gouv.fr (AZBA charts section). Actual activity provided by: - LIMOGES APP and AVORD APP.","activationCode":"HX","activationDesc":"Activation by NOTAM. Except public HOL: - MON: 0830-1100 - TUE: 0830-1100 and SS-2359 - WED: 0000-0059 and 0930-1100, except JUL-AUG and school HOL: WED 0000-0059 - THU: 0830-1100 and SS-2359 - FRI: 0000-0059 and 0830-1100 SUM: - 1HR","UId":"44502127","id":"LFR139B","stroke":"#800080","stroke-width":2,"stroke-opacity":0.8,"fill":"#ffb9dc","fill-opacity":0.3},"geometry":{"type":"Polygon","coordinates":[[[2.976389,47.070833],[2.894444,46.8625],[2.696389,46.742778],[2.696548,46.742894],[2.691855,46.742509],[2.687156,46.742156],[2.682452,46.741835],[2.677743,46.741548],[2.673031,46.741294],[2.668315,46.741072],[2.663596,46.740883],[2.658874,46.740727],[2.65415,46.740605],[2.649425,46.740515],[2.644699,46.740458],[2.639972,46.740434],[2.635245,46.740443],[2.630518,46.740484],[2.625793,46.740559],[2.621068,46.740667],[2.616346,46.740808],[2.611626,46.740981],[2.606908,46.741188],[2.602194,46.741427],[2.597484,46.7417],[2.592777,46.742005],[2.588076,46.742343],[2.58338,46.742713],[2.57869,46.743117],[2.574005,46.743553],[2.569328,46.744022],[2.564657,46.744523],[2.559995,46.745057],[2.55534,46.745623],[2.550694,46.746222],[2.546057,46.746853],[2.54143,46.747516],[2.536812,46.748212],[2.532205,46.74894],[2.52761,46.7497],[2.523025,46.750492],[2.518453,46.751316],[2.513893,46.752171],[2.509345,46.753059],[2.504812,46.753978],[2.500291,46.754928],[2.495786,46.755911],[2.491295,46.756924],[2.486819,46.757969],[2.482359,46.759045],[2.477915,46.760152],[2.473487,46.76129],[2.469077,46.762458],[2.464684,46.763658],[2.460309,46.764888],[2.455952,46.766148],[2.451615,46.767439],[2.447296,46.76876],[2.442998,46.770111],[2.438719,46.771491],[2.434461,46.772902],[2.430224,46.774342],[2.426009,46.775812],[2.421816,46.777311],[2.417645,46.778839],[2.413497,46.780396],[2.409372,46.781982],[2.405271,46.783597],[2.401194,46.78524],[2.397141,46.786911],[2.393114,46.788611],[2.389111,46.790339],[2.385135,46.792094],[2.381185,46.793878],[2.377261,46.795688],[2.373364,46.797526],[2.374167,46.7975],[2.374167,46.7975],[2.558056,46.9175],[2.7875,46.940556],[2.826389,47.005556],[2.821667,47.041389],[2.976389,47.070833]]]}},{"type":"Feature","properties":{"name":"605 B","nameV":"R 605 B","class":"R","type":"R","lower":"2000FT AMSL","lowerM":609,"upper":"3500FT AMSL","upperM":1066,"desc":"Administrator: LILLE APP Gliders: according to protocol. GAT IFR / OAT I and T: Mandatory avoidance except for ACFT carrying out military, customs, police, search and rescue, firefighting, medical transport activities having to intervene as part of the execution of their missions and when the avoidance is not compatible with these missions. GAT VFR / OAT V: Upon LILLE APP authorization. Mandatory radio contact on LILLE APP. Services provided: flight information and alert services. Actual activity provided by: LILLE APP, ROUEN TWR, ROUEN ATIS","activationCode":"HX","activationDesc":"Possible activation MON-FRI except public HOL from SR-30 to SS+30","UId":"60618126","id":"LFR605B","stroke":"#800080","stroke-width":2,"stroke-opacity":0.8,"fill":"#ffb9dc","fill-opacity":0.3},"geometry":{"type":"Polygon","coordinates":[[[1.139444,49.503333],[1.181944,49.41],[1.139167,49.378333],[0.953889,49.373611],[0.994444,49.41],[0.994067,49.410011],[0.99424,49.410166],[0.994415,49.41032],[0.994589,49.410475],[0.994764,49.410629],[0.99494,49.410783],[0.995116,49.410937],[0.995292,49.41109],[0.995469,49.411243],[0.995646,49.411396],[0.995824,49.411549],[0.996002,49.411702],[0.996181,49.411854],[0.99636,49.412006],[0.996539,49.412158],[0.996719,49.41231],[0.9969,49.412461],[0.99708,49.412613],[0.997262,49.412764],[0.997444,49.412914],[0.997626,49.413065],[0.997808,49.413215],[0.997992,49.413365],[0.998175,49.413515],[0.998359,49.413665],[0.998544,49.413814],[0.998728,49.413964],[0.998914,49.414113],[0.999099,49.414261],[0.999286,49.41441],[0.999472,49.414558],[0.999659,49.414706],[0.999847,49.414854],[1.000035,49.415001],[1.000223,49.415149],[1.000412,49.415296],[1.000601,49.415443],[1.000791,49.415589],[1.000981,49.415736],[1.001172,49.415882],[1.001363,49.416028],[1.001554,49.416173],[1.001746,49.416319],[1.001938,49.416464],[1.002131,49.416609],[1.002324,49.416754],[1.002517,49.416898],[1.002711,49.417042],[1.002906,49.417186],[1.003101,49.41733],[1.003296,49.417474],[1.003492,49.417617],[1.003688,49.41776],[1.003884,49.417903],[1.004081,49.418045],[1.004279,49.418187],[1.004476,49.418329],[1.004675,49.418471],[1.004873,49.418613],[1.005072,49.418754],[1.005272,49.418895],[1.005472,49.419036],[1.005672,49.419176],[1.005873,49.419316],[1.006074,49.419456],[1.006275,49.419596],[1.006477,49.419736],[1.006679,49.419875],[1.006882,49.420014],[1.007222,49.42],[1.007222,49.42],[1.114167,49.490833],[1.11377,49.490908],[1.113993,49.491039],[1.114217,49.491169],[1.114441,49.491299],[1.114665,49.491429],[1.11489,49.491559],[1.115115,49.491688],[1.115341,49.491817],[1.115567,49.491945],[1.115793,49.492074],[1.11602,49.492202],[1.116247,49.492329],[1.116475,49.492457],[1.116703,49.492584],[1.116931,49.492711],[1.11716,49.492837],[1.117389,49.492964],[1.117618,49.49309],[1.117848,49.493215],[1.118079,49.493341],[1.118309,49.493466],[1.11854,49.493591],[1.118771,49.493715],[1.119003,49.493839],[1.119235,49.493963],[1.119468,49.494087],[1.119701,49.49421],[1.119934,49.494333],[1.120167,49.494456],[1.120401,49.494579],[1.120636,49.494701],[1.12087,49.494823],[1.121106,49.494944],[1.121341,49.495065],[1.121577,49.495186],[1.121813,49.495307],[1.122049,49.495427],[1.122286,49.495548],[1.122524,49.495667],[1.122761,49.495787],[1.122999,49.495906],[1.123237,49.496025],[1.123476,49.496143],[1.123715,49.496262],[1.123955,49.496379],[1.124194,49.496497],[1.124435,49.496614],[1.124675,49.496732],[1.124916,49.496848],[1.125157,49.496965],[1.125398,49.497081],[1.12564,49.497197],[1.125883,49.497312],[1.126125,49.497427],[1.126368,49.497542],[1.126611,49.497657],[1.126855,49.497771],[1.127099,49.497885],[1.127343,49.497999],[1.127588,49.498112],[1.127833,49.498225],[1.128078,49.498338],[1.128324,49.49845],[1.12857,49.498562],[1.128816,49.498674],[1.129063,49.498785],[1.12931,49.498897],[1.129557,49.499007],[1.129805,49.499118],[1.13,49.499167],[1.13,49.499167],[1.139444,49.503333]]]}},{"type":"Feature","properties":{"name":"262","nameV":"R 262","class":"R","type":"R","lower":"SFC","lowerM":0,"upper":"1500FT AMSL","upperM":457,"desc":"Administrators: DE GAULLE APP, LE BOURGET APP GAT IFR / OAT: avoidance mandatory. GAT VFR: entry strictly reserved for: - recreational and sporting activities and pilots of flying associations which signed a protocol with the managing authorities and their duly informed guests; - aircraft carrying out military, customs, police, search and rescue, firefighting, medical transport activities having to intervene as part of the execution of their missions and when the avoidance is not compatible with these missions after announce on ENGHIEN A/A; - special flights according to the described procedure in AIP AD 2 PARIS CHARLES DE GAULLE, LE BOURGET, after announce on ENGHIEN A/A. For air security reasons, all or part of the above activities can be suspended by temporary publication. The area replaces the portions of airspace with which it interferes.","activationCode":"H24","UId":"16474804","id":"LFR262","stroke":"#800080","stroke-width":2,"stroke-opacity":0.8,"fill":"#ffb9dc","fill-opacity":0.6},"geometry":{"type":"Polygon","coordinates":[[[2.303056,49.088056],[2.327778,49.035],[2.349444,49.03],[2.364167,49.028611],[2.385833,49.051944],[2.385556,49.069444],[2.352222,49.079167],[2.313333,49.096389],[2.303056,49.088056]]]}},{"type":"Feature","properties":{"name":"610","nameV":"R 610","class":"R","type":"R","lower":"SFC","lowerM":0,"upper":"FL130","upperM":3962,"desc":"Administrator: 7ème bataillon de chasseurs alpins. Avoidance mandatory during activity except for aircraft conducting military, customs, police, search and rescue, fire-fighting or medical transport missions, when the avoidance is not compatible with their mission after notification to the administrator. When active, this area substitutes to the parts of LF R196 A1 Est and LF R 221 B which it interferes with. Planning and actual activity available by TEL: - Firing Officer: +33 (0)4 56 85 77 79 / +33 (0)4 56 85 77 80 - Position commander: +33 (0)4 92 45 20 50 / +33 (0)6 73 86 56 49 Actual activity known on MARSEILLE INFO.","activationCode":"HO","activationDesc":"MON-FRI: possible activation H24 from 01 DEC to 15 APR except public HOL","UId":"61220788","id":"LFR610","stroke":"#800080","stroke-width":2,"stroke-opacity":0.8,"fill":"#ffb9dc","fill-opacity":0.6},"geometry":{"type":"Polygon","coordinates":[[[6.626316,44.974998],[6.626052,44.977323],[6.625264,44.979587],[6.623972,44.981733],[6.622211,44.983704],[6.620025,44.98545],[6.617471,44.986925],[6.614616,44.988091],[6.611533,44.988918],[6.608303,44.989385],[6.605008,44.989478],[6.601735,44.989197],[6.598568,44.988548],[6.595589,44.987548],[6.592876,44.986223],[6.590498,44.984608],[6.588518,44.982743],[6.586987,44.980678],[6.585944,44.978466],[6.585416,44.976164],[6.585416,44.973832],[6.585946,44.971531],[6.586991,44.969319],[6.588523,44.967254],[6.590504,44.96539],[6.592881,44.963775],[6.595594,44.962451],[6.598571,44.961451],[6.601737,44.960803],[6.605008,44.960522],[6.608301,44.960615],[6.61153,44.961082],[6.614612,44.961908],[6.617466,44.963074],[6.62002,44.964549],[6.622206,44.966294],[6.623968,44.968265],[6.625261,44.97041],[6.62605,44.972674],[6.626316,44.974998]]]}},{"type":"Feature","properties":{"name":"55 C","nameV":"R 55 C","class":"R","type":"R","lower":"FL075","lowerM":2286,"upper":"FL195","upperM":5943,"desc":"Administrator: ORANGE APP Airspace defined with the exception of portions interfering with T 121 AWY, LF-D 192 E and LF-R 591 areas when active IFR GAT / OAT: upon authorisation of ORANGE 118.925 MHz VFR GAT: entry upon authorization, follow ORANGE APP instructions, transponder mandatory Actual activation known on: - ORANGE APP - MARSEILLE ACC - PROVENCE INFO","activationCode":"HX","activationDesc":"Activable H24","UId":"1563555","id":"LFR55C","stroke":"#800080","stroke-width":2,"stroke-opacity":0.8,"fill":"#ffb9dc","fill-opacity":0.3},"geometry":{"type":"Polygon","coordinates":[[[4.171667,44.904444],[4.516667,44.616667],[4.416667,44.383333],[4.183333,44.233333],[3.833333,44.425],[3.776667,44.466944],[3.716667,44.511667],[3.716667,44.733333],[4.171667,44.904444]]]}},{"type":"Feature","properties":{"name":"612","nameV":"R 612","class":"R","type":"R","lower":"SFC","lowerM":0,"upper":"6600FT AMSL","upperM":2011,"desc":"Administrator: 7th Equipment Regiment (RMAT). Avoidance mandatory during activity except for aircraft conducting military, customs, police, search and rescue, fire-fighting or medical transport missions, when the avoidance is not compatible with their mission after notification to the administrator. Planning and actual activity available by TEL: - Firing Officer: +33 (0)4 37 27 17 15 / +33 (0)4 37 27 16 68 - position commander: +33 (0)4 76 78 63 03 / +33 (0)6 32 72 59 07","activationCode":"HO","activationDesc":"MON-FRI: possible activation H24 from 02 JAN to 31 MAR","UId":"61220800","id":"LFR612","stroke":"#800080","stroke-width":2,"stroke-opacity":0.8,"fill":"#ffb9dc","fill-opacity":0.6},"geometry":{"type":"Polygon","coordinates":[[[5.903231,45.029166],[5.903002,45.031169],[5.902322,45.033121],[5.901208,45.034971],[5.899688,45.03667],[5.897802,45.038175],[5.895598,45.039447],[5.893135,45.040452],[5.890474,45.041165],[5.887687,45.041567],[5.884844,45.041648],[5.88202,45.041406],[5.879287,45.040847],[5.876717,45.039985],[5.874376,45.038842],[5.872324,45.03745],[5.870616,45.035842],[5.869294,45.034062],[5.868394,45.032155],[5.867938,45.030171],[5.867939,45.02816],[5.868396,45.026176],[5.869297,45.02427],[5.870619,45.02249],[5.872328,45.020883],[5.87438,45.01949],[5.87672,45.018349],[5.87929,45.017487],[5.882021,45.016928],[5.884844,45.016686],[5.887686,45.016766],[5.890472,45.017169],[5.893132,45.017881],[5.895595,45.018886],[5.897798,45.020157],[5.899684,45.021662],[5.901205,45.023361],[5.90232,45.02521],[5.903001,45.027162],[5.903231,45.029166]]]}},{"type":"Feature","properties":{"name":"611","nameV":"R 611","class":"R","type":"R","lower":"SFC","lowerM":0,"upper":"FL130","upperM":3962,"desc":"Administrator: 7ème bataillon de chasseurs alpins. Avoidance mandatory during activity except for aircraft conducting military, customs, police, search and rescue, fire-fighting or medical transport missions, when the avoidance is not compatible with their mission after notification to the administrator. When active, this area substitutes to the part of LF R196 A1 Est which it interferes with. Planning and actual activity available by TEL: - Firing Officer: +33 (0)4 56 85 77 79 / +33 (0)4 56 85 77 80 - Position commander: +33 (0)4 92 45 20 50 / +33 (0)6 73 86 56 49 Actual activity known on MARSEILLE INFO.","activationCode":"HO","activationDesc":"MON-FRI: possible activation H24 from 01 DEC to 15 APR except public HOL","UId":"61220794","id":"LFR611","stroke":"#800080","stroke-width":2,"stroke-opacity":0.8,"fill":"#ffb9dc","fill-opacity":0.6},"geometry":{"type":"Polygon","coordinates":[[[6.751387,44.824719],[6.751054,44.827658],[6.75006,44.830521],[6.748431,44.833234],[6.74621,44.835726],[6.743454,44.837934],[6.740233,44.839799],[6.736633,44.841274],[6.732745,44.842319],[6.728671,44.842909],[6.724516,44.843028],[6.720388,44.842673],[6.716394,44.841852],[6.712637,44.840588],[6.709215,44.838912],[6.706217,44.836869],[6.70372,44.834512],[6.701789,44.831901],[6.700474,44.829104],[6.699808,44.826193],[6.69981,44.823245],[6.700478,44.820335],[6.701795,44.817538],[6.703728,44.814928],[6.706225,44.812571],[6.709223,44.810529],[6.712644,44.808855],[6.716399,44.807591],[6.720391,44.806771],[6.724516,44.806416],[6.728669,44.806535],[6.73274,44.807124],[6.736626,44.808169],[6.740226,44.809643],[6.743446,44.811507],[6.746202,44.813714],[6.748425,44.816206],[6.750055,44.818918],[6.751051,44.82178],[6.751387,44.824719]]]}},{"type":"Feature","properties":{"name":"609","nameV":"R 609","class":"R","type":"R","lower":"SFC","lowerM":0,"upper":"FL110","upperM":3352,"desc":"Administrator: 7ème bataillon de chasseurs alpins. Avoidance mandatory during activity except for aircraft conducting military, customs, police, search and rescue, fire-fighting or medical transport missions, when the avoidance is not compatible with their mission after notification to the administrator. When active, this area substitutes to the part of LF R196 A1 Est which it interferes with. Planning and actual activity available by TEL: - Firing Officer: +33 (0)4 56 85 77 79 / +33 (0)4 56 85 77 80 - Position commander: +33 (0)4 92 45 20 50 / +33 (0)6 73 86 56 49 Actual activity known on MARSEILLE INFO.","activationCode":"HO","activationDesc":"MON-FRI: possible activation H24 from 01 DEC to 15 APR except public HOL","UId":"61220757","id":"LFR609","stroke":"#800080","stroke-width":2,"stroke-opacity":0.8,"fill":"#ffb9dc","fill-opacity":0.6},"geometry":{"type":"Polygon","coordinates":[[[6.72712,44.887219],[6.726778,44.890238],[6.725756,44.893179],[6.724081,44.895966],[6.721797,44.898526],[6.718962,44.900794],[6.71565,44.90271],[6.711947,44.904225],[6.707949,44.905299],[6.703759,44.905905],[6.699486,44.906027],[6.695241,44.905662],[6.691133,44.904819],[6.68727,44.90352],[6.683751,44.901799],[6.680668,44.899701],[6.6781,44.897279],[6.676114,44.894596],[6.674762,44.891723],[6.674077,44.888733],[6.674079,44.885705],[6.674766,44.882715],[6.676121,44.879842],[6.678108,44.877161],[6.680677,44.87474],[6.68376,44.872642],[6.687278,44.870922],[6.691139,44.869624],[6.695244,44.868782],[6.699487,44.868417],[6.703757,44.868539],[6.707944,44.869144],[6.71194,44.870218],[6.715642,44.871732],[6.718953,44.873647],[6.721788,44.875914],[6.724074,44.878473],[6.72575,44.881259],[6.726775,44.8842],[6.72712,44.887219]]]}},{"type":"Feature","properties":{"name":"608","nameV":"R 608","class":"R","type":"R","lower":"SFC","lowerM":0,"upper":"6900FT AMSL","upperM":2103,"desc":"Administrator: 4e régiment de chasseurs. Avoidance mandatory during activity except for aircraft conducting military, customs, police, search and rescue, fire-fighting or medical transport missions, when the avoidance is not compatible with their mission after notification to the administrator. Planning and actual activity available by TEL: - duty Officer: + 33 (0)6 43 57 46 97 / + 33 (0)4 92 67 52 56 Position commander: + 33 (0)4 92 58 96 85 / + 33 (0)6 49 61 82 04 Activity known on MARSEILLE INFO.","activationCode":"HO","activationDesc":"MON-FRI: possible activation H24 from 01 NOV to 30 APR","UId":"61220712","id":"LFR608","stroke":"#800080","stroke-width":2,"stroke-opacity":0.8,"fill":"#ffb9dc","fill-opacity":0.6},"geometry":{"type":"Polygon","coordinates":[[[6.001218,44.697498],[6.000955,44.699823],[6.00017,44.702087],[5.998885,44.704233],[5.997132,44.706204],[5.994957,44.70795],[5.992415,44.709425],[5.989574,44.710591],[5.986506,44.711418],[5.983291,44.711885],[5.980012,44.711978],[5.976754,44.711697],[5.973603,44.711048],[5.970638,44.710048],[5.967938,44.708723],[5.965572,44.707108],[5.963602,44.705243],[5.962077,44.703178],[5.961039,44.700966],[5.960514,44.698664],[5.960515,44.696332],[5.961042,44.694031],[5.962081,44.691819],[5.963606,44.689754],[5.965577,44.68789],[5.967943,44.686275],[5.970643,44.684951],[5.973606,44.683951],[5.976756,44.683303],[5.980012,44.683022],[5.98329,44.683115],[5.986503,44.683582],[5.98957,44.684408],[5.992411,44.685574],[5.994952,44.687049],[5.997127,44.688794],[5.998881,44.690765],[6.000167,44.69291],[6.000953,44.695174],[6.001218,44.697498]]]}},{"type":"Feature","properties":{"name":"50 C","nameV":"R 50 C","class":"R","type":"R","lower":"SFC","lowerM":0,"upper":"1000FT AMSL","upperM":304,"desc":"Administrator: 21st Marine Infantry Regiment (RIMa) Helpdesk: +33 (0)4 94 17 85 56 Firing cell: +33 (0)4 94 17 86 20 / 86 64 Avoidance mandatory during activity.","activationCode":"HO","activationDesc":"From 01 OCT to 14 JUN MON-SAT, except Public HOL Possible activation 0500-2330 (SUM : - 1HR)","UId":"61220673","id":"LFR50C","stroke":"#800080","stroke-width":2,"stroke-opacity":0.8,"fill":"#ffb9dc","fill-opacity":0.6},"geometry":{"type":"Polygon","coordinates":[[[6.727222,43.415278],[6.725,43.413333],[6.727778,43.411667],[6.737222,43.402778],[6.743056,43.409722],[6.727222,43.415278]]]}},{"type":"Feature","properties":{"name":"50 B","nameV":"R 50 B","class":"R","type":"R","lower":"SFC","lowerM":0,"upper":"500FT AGL","ordinalUpperM":152,"upperM":152,"groundEstimatedHeight":[0,0,0,0],"desc":"Administrator: 21st Marine Infantry Regiment (RIMa) Helpdesk: +33 (0)4 94 17 85 56 Firing cell: +33 (0)4 94 17 86 20 / 86 64 Avoidance mandatory during activity. Activity known on: - NICE INFO - LE LUC APP (if LF-R 95 active).","activationCode":"HO","activationDesc":"Possible activation H24","UId":"61209513","id":"LFR50B","stroke":"#800080","stroke-width":2,"stroke-opacity":0.8,"fill":"#ffb9dc","fill-opacity":0.6},"geometry":{"type":"Polygon","coordinates":[[[6.707778,43.492778],[6.716111,43.483611],[6.720556,43.483333],[6.723611,43.474444],[6.723333,43.467778],[6.703611,43.470556],[6.708056,43.480833],[6.703889,43.485833],[6.707778,43.492778]]]}},{"type":"Feature","properties":{"name":"50 A","nameV":"R 50 A","class":"R","type":"R","lower":"SFC","lowerM":0,"upper":"3500FT AMSL","upperM":1066,"desc":"Administrator: 21st Marine Infantry Regiment (RIMa) Helpdesk: +33 (0)4 94 17 85 56 Firing cell: +33 (0)4 94 17 86 20 / 86 64 Avoidance mandatory during activity. Activity known on: - NICE INFO - LE LUC APP (if LF-R 95 active).","activationCode":"HO","activationDesc":"MON-SAT, except Public HOL Possible activation 0500-2300 (SUM : -1HR)","UId":"61209489","id":"LFR50A","stroke":"#800080","stroke-width":2,"stroke-opacity":0.8,"fill":"#ffb9dc","fill-opacity":0.6},"geometry":{"type":"Polygon","coordinates":[[[6.705556,43.503333],[6.712222,43.505],[6.730278,43.516389],[6.746667,43.509722],[6.745278,43.502222],[6.728611,43.495556],[6.725556,43.500278],[6.717222,43.497222],[6.707778,43.498611],[6.705556,43.500556],[6.705556,43.503333]]]}},{"type":"Feature","properties":{"name":"220 B","nameV":"R 220 B (SeeNotam)","class":"R","type":"R","lower":"FL075","lowerM":2286,"upper":"FL095","upperM":2895,"desc":"Administrator: Camp de CHAMBARAN. GAT IFR/VFR, OAT: avoidance mandatory throughout activity Activity available on: officier de tir: 04 74 54 17 08. Activity known on: LYON INFO.","activationCode":"NOTAM","activationDesc":"From 01st MAY to 30th NOV: Activation by NOTAM from MON to SAT. From 01st DEC to 30th APR: Activation by NOTAM from MON to FRI.","UId":"1565847","id":"LFR220B","stroke":"#800080","stroke-width":2,"stroke-opacity":0.8,"fill":"#ffb9dc","fill-opacity":0.3},"geometry":{"type":"Polygon","coordinates":[[[5.102778,45.292222],[5.124444,45.295833],[5.189722,45.295833],[5.213056,45.283333],[5.211944,45.277778],[5.199444,45.275278],[5.177778,45.271111],[5.15,45.278056],[5.102778,45.2825],[5.102778,45.292222]]]}},{"type":"Feature","properties":{"name":"404","nameV":"R 404","class":"R","type":"R","lower":"SFC","lowerM":0,"upper":"300FT AGL","ordinalUpperM":91,"upperM":91,"groundEstimatedHeight":[0,0,0,0],"desc":"Administrator: Z AIR TEL: 06 80 50 98 09 GAT/OAT: mandatory avoidance including unmanned ACFT, except for ACFT performing air security, fire fighting, search and rescue missions as part of their missions when the area avoidance is not possible. Activity known on PROVENCE APP / INFO.","activationCode":"HX","activationDesc":"Activation: - MON-FRI: SR-SS - SAT: 1300-1600 (SUM: -1HR)","UId":"40351335","id":"LFR404","stroke":"#800080","stroke-width":2,"stroke-opacity":0.8,"fill":"#ffb9dc","fill-opacity":0.6},"geometry":{"type":"Polygon","coordinates":[[[5.1277,43.396944],[5.126003,43.396825],[5.122222,43.406389],[5.100833,43.424444],[5.115,43.431111],[5.123889,43.406944],[5.1277,43.396944]]]}},{"type":"Feature","properties":{"name":"615 B","nameV":"R 615 B (SeeNotam)","class":"R","type":"R","lower":"SFC","lowerM":0,"upper":"1400FT AMSL","upperM":426,"desc":"Administrator: Cellule Zonale de Drones (CZD) TEL: +33 (0)3 87 56 81 53 GAT/OAT: avoidance mandatory except for: - unmanned aircraft managed by the CZD, - aircraft carrying out military, customs, police, search and rescue, firefighting, or medical transport activities that need to intervene in the course of their missions and when the area avoidance is not possible after notification to the manager. Actual activity known on: - STRASBOURG APP/INFO - LORRAINE TWR","activationCode":"HO","activationDesc":"Possible activation H24 by NOTAM.","UId":"60857552","id":"LFR615B","stroke":"#800080","stroke-width":2,"stroke-opacity":0.8,"fill":"#ffb9dc","fill-opacity":0.6},"geometry":{"type":"Polygon","coordinates":[[[6.111111,49.075278],[6.112778,49.066389],[6.116944,49.066944],[6.133889,49.065],[6.136944,49.053333],[6.138611,49.051389],[6.117778,49.031944],[6.097778,49.031667],[6.075278,49.036944],[6.077222,49.043611],[6.066667,49.045],[6.073611,49.055556],[6.079167,49.054444],[6.085,49.0675],[6.096111,49.0725],[6.111111,49.075278]]]}},{"type":"Feature","properties":{"name":"615 A","nameV":"R 615 A","class":"R","type":"R","lower":"SFC","lowerM":0,"upper":"1400FT AMSL","upperM":426,"desc":"Administrator: Cellule Zonale de Drones (CZD) TEL: +33 (0)3 87 56 81 53 GAT/OAT: avoidance mandatory except for: - unmanned aircraft managed by the CZD, - aircraft carrying out military, customs, police, search and rescue, firefighting, or medical transport activities that need to intervene in the course of their missions and when the area avoidance is not possible after notification to the manager. Actual activity known on: - STRASBOURG APP/INFO - LORRAINE TWR","activationCode":"HO","activationDesc":"Possible activation H24.","UId":"60857372","id":"LFR615A","stroke":"#800080","stroke-width":2,"stroke-opacity":0.8,"fill":"#ffb9dc","fill-opacity":0.6},"geometry":{"type":"Polygon","coordinates":[[[6.1375,49.093611],[6.142778,49.088889],[6.140278,49.087222],[6.146389,49.081944],[6.140833,49.074167],[6.139167,49.072222],[6.136111,49.070833],[6.133889,49.065],[6.116944,49.066944],[6.112778,49.066389],[6.111111,49.075278],[6.116111,49.078333],[6.113611,49.08],[6.128333,49.087778],[6.131111,49.091389],[6.1375,49.093611]]]}},{"type":"Feature","properties":{"name":"614","nameV":"R 614","class":"R","type":"R","lower":"SFC","lowerM":0,"upper":"2300FT AMSL","upperM":701,"desc":"Administrator: 1st RHC. OAT/GAT: authorised after radio contact, follow PHALSBOURG APP instructions. RAI 118.450. Actual activity known on PHALSBOURG TWR/APP.","activationCode":"HO","activationDesc":"Possible activation H24.","UId":"60857364","id":"LFR614","stroke":"#800080","stroke-width":2,"stroke-opacity":0.8,"fill":"#ffb9dc","fill-opacity":0.6},"geometry":{"type":"Polygon","coordinates":[[[7.051713,48.683876],[7.051014,48.689647],[7.048921,48.69527],[7.045488,48.700598],[7.040803,48.705493],[7.034989,48.709829],[7.028195,48.713492],[7.020597,48.716389],[7.012393,48.718443],[7.003795,48.719602],[6.995026,48.719836],[6.986315,48.719137],[6.977886,48.717525],[6.96996,48.715042],[6.96274,48.711751],[6.956415,48.707738],[6.951149,48.703108],[6.947077,48.697979],[6.944305,48.692486],[6.942904,48.686771],[6.942911,48.680981],[6.944323,48.675267],[6.947105,48.669777],[6.951184,48.664652],[6.956454,48.660025],[6.962778,48.656017],[6.969993,48.65273],[6.977912,48.650249],[6.98633,48.64864],[6.995029,48.647942],[7.003786,48.648175],[7.012372,48.649333],[7.020567,48.651384],[7.028158,48.654277],[7.03495,48.657937],[7.040766,48.662269],[7.045455,48.66716],[7.048897,48.672485],[7.051001,48.678106],[7.051713,48.683876]]]}},{"type":"Feature","properties":{"name":"321","nameV":"R 321","class":"R","type":"R","lower":"FL115","lowerM":3505,"upper":"FL195","upperM":5943,"desc":"CDC of Cinq mars la Pile or CDC of Drachenbronn if reactivated, otherwise replacement CDC. GAT VFR: avoidance mandatory. GAT IFR: upon authorisation, follow ACC/APP instructions. Except for Suippes LF- R 175 A and LF R 6 B, C and D Mailly when active. This area coexists with FRANCE LTA and STRASBOURG CTA. Activity known on: REIMS ACC PARIS ACC OCHEY APP ST DIZIER APP STRASBOURG INFO unmanned aircraft defence operations according to protocol. Not AMC-manageable.","activationCode":"HX","activationDesc":"Activation possible H24. \\\\Possible activation H24.","UId":"1566265","id":"LFR321","stroke":"#800080","stroke-width":2,"stroke-opacity":0.8,"fill":"#ffb9dc","fill-opacity":0.1},"geometry":{"type":"Polygon","coordinates":[[[5.906389,49.451667],[6.079444,49.446389],[6.25,49.310556],[6.225,48.690556],[5.942222,48.495556],[5.169167,48.389444],[4.528333,48.573056],[4.313889,48.730833],[4.288056,48.809444],[4.288056,49.028889],[5.811111,49.431111],[5.906389,49.451667]]]}},{"type":"Feature","properties":{"name":"247 A","nameV":"R 247 A (SeeNotam)","class":"R","type":"R","lower":"SFC","lowerM":0,"upper":"3500FT AMSL","upperM":1066,"desc":"Administrator: 13th régiment de dragons parachutistes: 05 56 68 40 45. OAT: upon administrator authorisation. GAT: avoidance mandatory during activity except for ACFT scheduled and authorized by administrator. Activity known on: MERIGNAC TWR, AQUITAINE INFO, AQUITAINE APP, ATIS MERIGNAC.","activationCode":"H24","activationDesc":"SFC-2000ft: possible activation H24 2000ft-3500ft: activation by NOTAM H24","UId":"1564923","id":"LFR247A","stroke":"#800080","stroke-width":2,"stroke-opacity":0.8,"fill":"#ffb9dc","fill-opacity":0.6},"geometry":{"type":"Polygon","coordinates":[[[-0.883333,44.875],[-0.827778,44.887778],[-0.815556,44.8875],[-0.8075,44.870833],[-0.821944,44.835556],[-0.886389,44.845833],[-0.880833,44.857222],[-0.883333,44.875]]]}}]}