{"type":"FeatureCollection","headerFile":{"software":"(aixmParser v2.26.4) ","created":"2026-05-17T14:46:23.656100","content":"airspaces-all","allMap":true,"numberOfAreas":4549,"srcFiles":{"1":{"srcAixmFile":"..\\tst\\AIXM4.5_all_FR_OM_2026-05-14.xml","srcAixmOrigin":"Sia-France","srcAixmVersion":"4.5","srcAixmCreated":"2026-03-23T19:09:15.593+01:00","srcAixmEffective":"2026-05-14T00:00:00.000+02:00"}}},"features":[{"type":"Feature","properties":{"name":"801","nameV":"SUR 801 Upper(1000FT AGL-3300FT AGL)","class":"Q","type":"SUR","lower":"SFC","lowerM":0,"upper":"1000FT AGL","upperMax":"3300FT AGL","ordinalUpperM":304,"upperM":304,"groundEstimatedHeight":[0,0,0,0],"activationCode":"H24","UId":"1564431","id":"LF801","stroke":"#f07800","stroke-width":2,"stroke-opacity":0.8,"fill":"#f07800","fill-opacity":0.3},"geometry":{"type":"Polygon","coordinates":[[[2.877587,48.962499],[2.87741,48.963942],[2.876882,48.965347],[2.876019,48.966679],[2.874841,48.967902],[2.873379,48.968986],[2.871671,48.969901],[2.869762,48.970625],[2.867701,48.971138],[2.86554,48.971428],[2.863337,48.971486],[2.861149,48.971311],[2.859031,48.970909],[2.857039,48.970288],[2.855225,48.969466],[2.853635,48.968463],[2.852311,48.967306],[2.851287,48.966024],[2.850589,48.964651],[2.850236,48.963223],[2.850236,48.961776],[2.85059,48.960347],[2.851288,48.958974],[2.852313,48.957693],[2.853637,48.956536],[2.855227,48.955533],[2.857041,48.954711],[2.859033,48.954091],[2.86115,48.953688],[2.863338,48.953514],[2.86554,48.953572],[2.867699,48.953862],[2.86976,48.954375],[2.871669,48.955098],[2.873376,48.956014],[2.874838,48.957097],[2.876017,48.95832],[2.876881,48.959651],[2.877409,48.961057],[2.877587,48.962499]]]}},{"type":"Feature","properties":{"name":"010","nameV":"SUR 010 Upper(1000FT AGL-3300FT AGL)","class":"Q","type":"SUR","lower":"SFC","lowerM":0,"upper":"1000FT AGL","upperMax":"3300FT AGL","ordinalUpperM":304,"upperM":304,"groundEstimatedHeight":[0,0,0,0],"activationCode":"H24","UId":"1563233","id":"LF010","stroke":"#f07800","stroke-width":2,"stroke-opacity":0.8,"fill":"#f07800","fill-opacity":0.3},"geometry":{"type":"Polygon","coordinates":[[[0.645881,44.216666],[0.645719,44.218109],[0.645236,44.219514],[0.644444,44.220846],[0.643365,44.222069],[0.642026,44.223153],[0.640462,44.224068],[0.638713,44.224792],[0.636825,44.225305],[0.634846,44.225595],[0.632828,44.225653],[0.630823,44.225478],[0.628883,44.225076],[0.627058,44.224455],[0.625396,44.223633],[0.62394,44.22263],[0.622727,44.221473],[0.621788,44.220191],[0.621149,44.218819],[0.620826,44.21739],[0.620826,44.215943],[0.62115,44.214514],[0.62179,44.213141],[0.622728,44.21186],[0.623942,44.210703],[0.625398,44.209701],[0.62706,44.208878],[0.628884,44.208258],[0.630823,44.207856],[0.632828,44.207681],[0.634845,44.207739],[0.636824,44.208029],[0.638711,44.208542],[0.64046,44.209266],[0.642024,44.210181],[0.643363,44.211264],[0.644443,44.212487],[0.645235,44.213819],[0.645718,44.215224],[0.645881,44.216666]]]}},{"type":"Feature","properties":{"name":"802","nameV":"SUR 802 Upper(1000FT AGL-3300FT AGL)","class":"Q","type":"SUR","lower":"SFC","lowerM":0,"upper":"1000FT AGL","upperMax":"3300FT AGL","ordinalUpperM":304,"upperM":304,"groundEstimatedHeight":[0,0,0,0],"activationCode":"H24","UId":"1564435","id":"LF802","stroke":"#f07800","stroke-width":2,"stroke-opacity":0.8,"fill":"#f07800","fill-opacity":0.3},"geometry":{"type":"Polygon","coordinates":[[[1.090773,49.433055],[1.090594,49.434498],[1.090062,49.435903],[1.08919,49.437235],[1.088,49.438458],[1.086525,49.439542],[1.084801,49.440457],[1.082873,49.441181],[1.080792,49.441694],[1.078611,49.441984],[1.076387,49.442042],[1.074177,49.441867],[1.072039,49.441465],[1.070029,49.440844],[1.068197,49.440022],[1.066592,49.439019],[1.065255,49.437862],[1.064221,49.43658],[1.063517,49.435207],[1.06316,49.433779],[1.06316,49.432332],[1.063518,49.430903],[1.064223,49.42953],[1.065257,49.428249],[1.066594,49.427092],[1.068199,49.426089],[1.070031,49.425267],[1.072041,49.424647],[1.074178,49.424244],[1.076387,49.42407],[1.078611,49.424128],[1.080791,49.424418],[1.082871,49.424931],[1.084798,49.425654],[1.086522,49.42657],[1.087998,49.427653],[1.089188,49.428876],[1.09006,49.430207],[1.090593,49.431613],[1.090773,49.433055]]]}},{"type":"Feature","properties":{"name":"190","nameV":"SUR 190 Upper(1000FT AGL-3300FT AGL)","class":"Q","type":"SUR","lower":"SFC","lowerM":0,"upper":"1000FT AGL","upperMax":"3300FT AGL","ordinalUpperM":304,"upperM":304,"groundEstimatedHeight":[0,0,0,0],"activationCode":"H24","UId":"1563267","id":"LF190","stroke":"#f07800","stroke-width":2,"stroke-opacity":0.8,"fill":"#f07800","fill-opacity":0.3},"geometry":{"type":"Polygon","coordinates":[[[0.803518,44.849721],[0.803354,44.851164],[0.802866,44.852569],[0.802066,44.853901],[0.800975,44.855124],[0.799621,44.856208],[0.79804,44.857123],[0.796272,44.857847],[0.794363,44.85836],[0.792362,44.85865],[0.790322,44.858708],[0.788295,44.858533],[0.786334,44.858131],[0.78449,44.85751],[0.782809,44.856688],[0.781337,44.855685],[0.780111,44.854528],[0.779162,44.853246],[0.778516,44.851874],[0.778189,44.850445],[0.778189,44.848998],[0.778517,44.847569],[0.779164,44.846196],[0.780113,44.844915],[0.781339,44.843758],[0.782811,44.842756],[0.784491,44.841933],[0.786335,44.841313],[0.788296,44.840911],[0.790322,44.840736],[0.792362,44.840794],[0.794362,44.841084],[0.79627,44.841597],[0.798038,44.842321],[0.799619,44.843236],[0.800973,44.844319],[0.802064,44.845542],[0.802865,44.846874],[0.803354,44.848279],[0.803518,44.849721]]]}},{"type":"Feature","properties":{"name":"180","nameV":"SUR 180 Upper(1000FT AGL-3300FT AGL)","class":"Q","type":"SUR","lower":"SFC","lowerM":0,"upper":"1000FT AGL","upperMax":"3300FT AGL","ordinalUpperM":304,"upperM":304,"groundEstimatedHeight":[0,0,0,0],"activationCode":"H24","UId":"1563271","id":"LF180","stroke":"#f07800","stroke-width":2,"stroke-opacity":0.8,"fill":"#f07800","fill-opacity":0.3},"geometry":{"type":"Polygon","coordinates":[[[0.460792,45.078332],[0.460627,45.079775],[0.460137,45.08118],[0.459334,45.082512],[0.458238,45.083735],[0.456879,45.084819],[0.455292,45.085734],[0.453516,45.086458],[0.4516,45.086971],[0.449591,45.087261],[0.447543,45.087319],[0.445508,45.087144],[0.443539,45.086742],[0.441687,45.086121],[0.44,45.085299],[0.438522,45.084296],[0.437291,45.083139],[0.436339,45.081857],[0.43569,45.080485],[0.435361,45.079056],[0.435362,45.077609],[0.435691,45.07618],[0.43634,45.074807],[0.437293,45.073526],[0.438524,45.072369],[0.440002,45.071367],[0.441689,45.070544],[0.443541,45.069924],[0.445509,45.069522],[0.447543,45.069347],[0.449591,45.069405],[0.451599,45.069695],[0.453515,45.070208],[0.45529,45.070931],[0.456877,45.071847],[0.458237,45.07293],[0.459332,45.074153],[0.460136,45.075484],[0.460627,45.07689],[0.460792,45.078332]]]}},{"type":"Feature","properties":{"name":"210","nameV":"SUR 210 Upper(1000FT AGL-3300FT AGL)","class":"Q","type":"SUR","lower":"SFC","lowerM":0,"upper":"1000FT AGL","upperMax":"3300FT AGL","ordinalUpperM":304,"upperM":304,"groundEstimatedHeight":[0,0,0,0],"activationCode":"H24","UId":"1563275","id":"LF210","stroke":"#f07800","stroke-width":2,"stroke-opacity":0.8,"fill":"#f07800","fill-opacity":0.3},"geometry":{"type":"Polygon","coordinates":[[[-1.869433,49.683332],[-1.869613,49.684775],[-1.870148,49.68618],[-1.871024,49.687512],[-1.87222,49.688735],[-1.873703,49.689819],[-1.875436,49.690734],[-1.877373,49.691458],[-1.879465,49.691971],[-1.881657,49.692261],[-1.883893,49.692319],[-1.886114,49.692144],[-1.888263,49.691742],[-1.890284,49.691121],[-1.892125,49.690299],[-1.893738,49.689296],[-1.895082,49.688139],[-1.896121,49.686857],[-1.896829,49.685484],[-1.897188,49.684056],[-1.897187,49.682609],[-1.896828,49.68118],[-1.896119,49.679807],[-1.89508,49.678526],[-1.893736,49.677369],[-1.892122,49.676366],[-1.890282,49.675544],[-1.888261,49.674924],[-1.886113,49.674521],[-1.883893,49.674347],[-1.881658,49.674405],[-1.879467,49.674695],[-1.877375,49.675208],[-1.875438,49.675931],[-1.873706,49.676847],[-1.872222,49.67793],[-1.871027,49.679153],[-1.870149,49.680484],[-1.869614,49.68189],[-1.869433,49.683332]]]}},{"type":"Feature","properties":{"name":"200","nameV":"SUR 200 Upper(1000FT AGL-3300FT AGL)","class":"Q","type":"SUR","lower":"SFC","lowerM":0,"upper":"1000FT AGL","upperMax":"3300FT AGL","ordinalUpperM":304,"upperM":304,"groundEstimatedHeight":[0,0,0,0],"activationCode":"H24","UId":"1563277","id":"LF200","stroke":"#f07800","stroke-width":2,"stroke-opacity":0.8,"fill":"#f07800","fill-opacity":0.3},"geometry":{"type":"Polygon","coordinates":[[[0.731928,45.189166],[0.731763,45.190609],[0.731271,45.192014],[0.730467,45.193346],[0.729369,45.194569],[0.728008,45.195653],[0.726417,45.196568],[0.724638,45.197292],[0.722718,45.197805],[0.720705,45.198095],[0.718653,45.198153],[0.716614,45.197978],[0.714641,45.197576],[0.712786,45.196955],[0.711096,45.196133],[0.709615,45.19513],[0.708381,45.193973],[0.707427,45.192691],[0.706777,45.191319],[0.706448,45.18989],[0.706448,45.188443],[0.706778,45.187014],[0.707428,45.185641],[0.708383,45.18436],[0.709617,45.183203],[0.711098,45.182201],[0.712788,45.181378],[0.714643,45.180758],[0.716615,45.180356],[0.718653,45.180181],[0.720705,45.180239],[0.722717,45.180529],[0.724637,45.181042],[0.726415,45.181765],[0.728006,45.182681],[0.729367,45.183764],[0.730465,45.184987],[0.73127,45.186318],[0.731762,45.187724],[0.731928,45.189166]]]}},{"type":"Feature","properties":{"name":"150","nameV":"SUR 150 Upper(1000FT AGL-3300FT AGL)","class":"Q","type":"SUR","lower":"SFC","lowerM":0,"upper":"1000FT AGL","upperMax":"3300FT AGL","ordinalUpperM":304,"upperM":304,"groundEstimatedHeight":[0,0,0,0],"activationCode":"H24","UId":"1563279","id":"LF150","stroke":"#f07800","stroke-width":2,"stroke-opacity":0.8,"fill":"#f07800","fill-opacity":0.3},"geometry":{"type":"Polygon","coordinates":[[[-0.948178,45.941388],[-0.948346,45.942831],[-0.948843,45.944236],[-0.949659,45.945568],[-0.950771,45.946791],[-0.952151,45.947875],[-0.953763,45.94879],[-0.955566,45.949514],[-0.957512,45.950027],[-0.959552,45.950317],[-0.961632,45.950375],[-0.963698,45.9502],[-0.965698,45.949798],[-0.967578,45.949177],[-0.969291,45.948355],[-0.970792,45.947352],[-0.972042,45.946195],[-0.973009,45.944913],[-0.973668,45.943541],[-0.974002,45.942112],[-0.974001,45.940665],[-0.973667,45.939236],[-0.973008,45.937863],[-0.972041,45.936582],[-0.97079,45.935425],[-0.969289,45.934423],[-0.967576,45.9336],[-0.965696,45.93298],[-0.963697,45.932578],[-0.961632,45.932403],[-0.959552,45.932461],[-0.957513,45.932751],[-0.955568,45.933264],[-0.953765,45.933987],[-0.952153,45.934903],[-0.950773,45.935986],[-0.949661,45.937209],[-0.948845,45.93854],[-0.948346,45.939946],[-0.948178,45.941388]]]}},{"type":"Feature","properties":{"name":"140","nameV":"SUR 140 Upper(1000FT AGL-3300FT AGL)","class":"Q","type":"SUR","lower":"SFC","lowerM":0,"upper":"1000FT AGL","upperMax":"3300FT AGL","ordinalUpperM":304,"upperM":304,"groundEstimatedHeight":[0,0,0,0],"activationCode":"H24","UId":"1563281","id":"LF140","stroke":"#f07800","stroke-width":2,"stroke-opacity":0.8,"fill":"#f07800","fill-opacity":0.3},"geometry":{"type":"Polygon","coordinates":[[[-0.324737,45.201943],[-0.324902,45.203386],[-0.325393,45.204791],[-0.326198,45.206123],[-0.327295,45.207346],[-0.328657,45.20843],[-0.330249,45.209345],[-0.332028,45.210069],[-0.333948,45.210582],[-0.335961,45.210872],[-0.338014,45.21093],[-0.340053,45.210755],[-0.342027,45.210353],[-0.343883,45.209732],[-0.345573,45.20891],[-0.347055,45.207907],[-0.348288,45.20675],[-0.349243,45.205468],[-0.349893,45.204096],[-0.350222,45.202667],[-0.350222,45.20122],[-0.349892,45.199791],[-0.349241,45.198418],[-0.348287,45.197137],[-0.347053,45.19598],[-0.345571,45.194978],[-0.343881,45.194155],[-0.342025,45.193535],[-0.340053,45.193133],[-0.338014,45.192958],[-0.335962,45.193016],[-0.33395,45.193306],[-0.332029,45.193819],[-0.330251,45.194542],[-0.328659,45.195458],[-0.327297,45.196541],[-0.326199,45.197764],[-0.325394,45.199095],[-0.324902,45.200501],[-0.324737,45.201943]]]}},{"type":"Feature","properties":{"name":"170","nameV":"SUR 170 Upper(1000FT AGL-3300FT AGL)","class":"Q","type":"SUR","lower":"SFC","lowerM":0,"upper":"1000FT AGL","upperMax":"3300FT AGL","ordinalUpperM":304,"upperM":304,"groundEstimatedHeight":[0,0,0,0],"activationCode":"H24","UId":"1563283","id":"LF170","stroke":"#f07800","stroke-width":2,"stroke-opacity":0.8,"fill":"#f07800","fill-opacity":0.3},"geometry":{"type":"Polygon","coordinates":[[[-1.348673,46.202221],[-1.348841,46.203664],[-1.349341,46.205069],[-1.350161,46.206401],[-1.351278,46.207624],[-1.352665,46.208708],[-1.354285,46.209623],[-1.356096,46.210347],[-1.358051,46.21086],[-1.360101,46.21115],[-1.36219,46.211208],[-1.364267,46.211033],[-1.366275,46.210631],[-1.368165,46.21001],[-1.369886,46.209188],[-1.371394,46.208185],[-1.37265,46.207028],[-1.373622,46.205746],[-1.374284,46.204374],[-1.374619,46.202945],[-1.374619,46.201498],[-1.374283,46.200069],[-1.37362,46.198696],[-1.372648,46.197415],[-1.371392,46.196258],[-1.369884,46.195256],[-1.368163,46.194433],[-1.366274,46.193813],[-1.364266,46.193411],[-1.36219,46.193236],[-1.360101,46.193294],[-1.358052,46.193584],[-1.356097,46.194097],[-1.354287,46.19482],[-1.352667,46.195736],[-1.35128,46.196819],[-1.350162,46.198042],[-1.349343,46.199373],[-1.348842,46.200779],[-1.348673,46.202221]]]}},{"type":"Feature","properties":{"name":"160","nameV":"SUR 160 Upper(1000FT AGL-3300FT AGL)","class":"Q","type":"SUR","lower":"SFC","lowerM":0,"upper":"1000FT AGL","upperMax":"3300FT AGL","ordinalUpperM":304,"upperM":304,"groundEstimatedHeight":[0,0,0,0],"activationCode":"H24","UId":"1563287","id":"LF160","stroke":"#f07800","stroke-width":2,"stroke-opacity":0.8,"fill":"#f07800","fill-opacity":0.3},"geometry":{"type":"Polygon","coordinates":[[[-0.612669,45.74611],[-0.612835,45.747553],[-0.613331,45.748958],[-0.614144,45.75029],[-0.615252,45.751513],[-0.616628,45.752597],[-0.618234,45.753512],[-0.620031,45.754236],[-0.62197,45.754749],[-0.624002,45.755039],[-0.626075,45.755097],[-0.628134,45.754922],[-0.630127,45.75452],[-0.632001,45.753899],[-0.633707,45.753077],[-0.635203,45.752074],[-0.636449,45.750917],[-0.637413,45.749635],[-0.638069,45.748263],[-0.638402,45.746834],[-0.638401,45.745387],[-0.638068,45.743958],[-0.637411,45.742585],[-0.636447,45.741304],[-0.635201,45.740147],[-0.633705,45.739145],[-0.631999,45.738322],[-0.630125,45.737702],[-0.628133,45.7373],[-0.626075,45.737125],[-0.624003,45.737183],[-0.621971,45.737473],[-0.620032,45.737986],[-0.618236,45.738709],[-0.61663,45.739625],[-0.615254,45.740708],[-0.614146,45.741931],[-0.613333,45.743262],[-0.612836,45.744668],[-0.612669,45.74611]]]}},{"type":"Feature","properties":{"name":"110","nameV":"SUR 110 Upper(1000FT AGL-3300FT AGL)","class":"Q","type":"SUR","lower":"SFC","lowerM":0,"upper":"1000FT AGL","upperMax":"3300FT AGL","ordinalUpperM":304,"upperM":304,"groundEstimatedHeight":[0,0,0,0],"activationCode":"H24","UId":"1563291","id":"LF110","stroke":"#f07800","stroke-width":2,"stroke-opacity":0.8,"fill":"#f07800","fill-opacity":0.3},"geometry":{"type":"Polygon","coordinates":[[[0.384537,43.090555],[0.384378,43.091998],[0.383904,43.093403],[0.383127,43.094735],[0.382068,43.095958],[0.380754,43.097042],[0.379218,43.097957],[0.377502,43.098681],[0.375649,43.099194],[0.373707,43.099484],[0.371726,43.099542],[0.369758,43.099367],[0.367854,43.098965],[0.366064,43.098344],[0.364433,43.097522],[0.363003,43.096519],[0.361813,43.095362],[0.360892,43.09408],[0.360265,43.092708],[0.359947,43.091279],[0.359947,43.089832],[0.360265,43.088403],[0.360893,43.08703],[0.361814,43.085749],[0.363005,43.084592],[0.364434,43.08359],[0.366065,43.082767],[0.367856,43.082147],[0.369759,43.081745],[0.371726,43.08157],[0.373706,43.081628],[0.375648,43.081918],[0.377501,43.082431],[0.379217,43.083155],[0.380752,43.08407],[0.382066,43.085153],[0.383126,43.086376],[0.383903,43.087708],[0.384377,43.089113],[0.384537,43.090555]]]}},{"type":"Feature","properties":{"name":"100","nameV":"SUR 100 Upper(1000FT AGL-3300FT AGL)","class":"Q","type":"SUR","lower":"SFC","lowerM":0,"upper":"1000FT AGL","upperMax":"3300FT AGL","ordinalUpperM":304,"upperM":304,"groundEstimatedHeight":[0,0,0,0],"activationCode":"H24","UId":"1563295","id":"LF100","stroke":"#f07800","stroke-width":2,"stroke-opacity":0.8,"fill":"#f07800","fill-opacity":0.3},"geometry":{"type":"Polygon","coordinates":[[[0.388152,43.110832],[0.387993,43.112275],[0.387518,43.11368],[0.386742,43.115012],[0.385682,43.116235],[0.384368,43.117319],[0.382832,43.118234],[0.381115,43.118958],[0.379261,43.119471],[0.377318,43.119761],[0.375337,43.119819],[0.373369,43.119644],[0.371464,43.119242],[0.369673,43.118621],[0.368041,43.117799],[0.366611,43.116796],[0.36542,43.115639],[0.364499,43.114357],[0.363872,43.112985],[0.363554,43.111556],[0.363554,43.110109],[0.363872,43.10868],[0.364501,43.107307],[0.365422,43.106026],[0.366613,43.104869],[0.368043,43.103867],[0.369674,43.103044],[0.371465,43.102424],[0.373369,43.102022],[0.375337,43.101847],[0.377318,43.101905],[0.37926,43.102195],[0.381113,43.102708],[0.38283,43.103432],[0.384366,43.104347],[0.38568,43.10543],[0.38674,43.106653],[0.387517,43.107985],[0.387992,43.10939],[0.388152,43.110832]]]}},{"type":"Feature","properties":{"name":"015","nameV":"SUR 015 Upper(1000FT AGL-3300FT AGL)","class":"Q","type":"SUR","lower":"SFC","lowerM":0,"upper":"1000FT AGL","upperMax":"3300FT AGL","ordinalUpperM":304,"upperM":304,"groundEstimatedHeight":[0,0,0,0],"activationCode":"H24","UId":"1564477","id":"LF015","stroke":"#f07800","stroke-width":2,"stroke-opacity":0.8,"fill":"#f07800","fill-opacity":0.3},"geometry":{"type":"Polygon","coordinates":[[[0.734258,44.418332],[0.734095,44.419775],[0.733611,44.42118],[0.732817,44.422512],[0.731734,44.423735],[0.73039,44.424819],[0.72882,44.425734],[0.727065,44.426458],[0.725171,44.426971],[0.723185,44.427261],[0.72116,44.427319],[0.719148,44.427144],[0.717201,44.426742],[0.715371,44.426121],[0.713703,44.425299],[0.712241,44.424296],[0.711024,44.423139],[0.710083,44.421857],[0.709441,44.420485],[0.709117,44.419056],[0.709117,44.417609],[0.709442,44.41618],[0.710084,44.414807],[0.711026,44.413526],[0.712243,44.412369],[0.713705,44.411367],[0.715372,44.410544],[0.717203,44.409924],[0.719149,44.409522],[0.72116,44.409347],[0.723184,44.409405],[0.72517,44.409695],[0.727064,44.410208],[0.728819,44.410932],[0.730388,44.411847],[0.731732,44.41293],[0.732815,44.414153],[0.73361,44.415485],[0.734095,44.41689],[0.734258,44.418332]]]}},{"type":"Feature","properties":{"name":"130","nameV":"SUR 130 Upper(1000FT AGL-3300FT AGL)","class":"Q","type":"SUR","lower":"SFC","lowerM":0,"upper":"1000FT AGL","upperMax":"3300FT AGL","ordinalUpperM":304,"upperM":304,"groundEstimatedHeight":[0,0,0,0],"activationCode":"H24","UId":"1563299","id":"LF130","stroke":"#f07800","stroke-width":2,"stroke-opacity":0.8,"fill":"#f07800","fill-opacity":0.3},"geometry":{"type":"Polygon","coordinates":[[[-0.584274,44.782221],[-0.584438,44.783664],[-0.584925,44.785069],[-0.585724,44.786401],[-0.586814,44.787624],[-0.588166,44.788708],[-0.589746,44.789623],[-0.591512,44.790347],[-0.593418,44.79086],[-0.595417,44.79115],[-0.597454,44.791208],[-0.599479,44.791033],[-0.601438,44.790631],[-0.60328,44.79001],[-0.604958,44.789188],[-0.606429,44.788185],[-0.607654,44.787028],[-0.608601,44.785746],[-0.609247,44.784374],[-0.609573,44.782945],[-0.609573,44.781498],[-0.609246,44.780069],[-0.6086,44.778696],[-0.607652,44.777415],[-0.606427,44.776258],[-0.604956,44.775256],[-0.603278,44.774433],[-0.601436,44.773813],[-0.599478,44.773411],[-0.597454,44.773236],[-0.595417,44.773294],[-0.593419,44.773584],[-0.591513,44.774097],[-0.589747,44.774821],[-0.588168,44.775736],[-0.586816,44.776819],[-0.585726,44.778042],[-0.584926,44.779374],[-0.584438,44.780779],[-0.584274,44.782221]]]}},{"type":"Feature","properties":{"name":"060","nameV":"SUR 060 Upper(1000FT AGL-3300FT AGL)","class":"Q","type":"SUR","lower":"SFC","lowerM":0,"upper":"1000FT AGL","upperMax":"3300FT AGL","ordinalUpperM":304,"upperM":304,"groundEstimatedHeight":[0,0,0,0],"activationCode":"H24","UId":"1563307","id":"LF060","stroke":"#f07800","stroke-width":2,"stroke-opacity":0.8,"fill":"#f07800","fill-opacity":0.3},"geometry":{"type":"Polygon","coordinates":[[[0.862524,44.105555],[0.862362,44.106998],[0.86188,44.108403],[0.861091,44.109735],[0.860013,44.110958],[0.858677,44.112042],[0.857116,44.112957],[0.85537,44.113681],[0.853485,44.114194],[0.85151,44.114484],[0.849496,44.114542],[0.847494,44.114367],[0.845558,44.113965],[0.843737,44.113344],[0.842078,44.112522],[0.840624,44.111519],[0.839414,44.110362],[0.838477,44.10908],[0.837839,44.107708],[0.837516,44.106279],[0.837516,44.104832],[0.83784,44.103403],[0.838479,44.10203],[0.839415,44.100749],[0.840626,44.099592],[0.84208,44.09859],[0.843739,44.097767],[0.845559,44.097147],[0.847495,44.096745],[0.849496,44.09657],[0.851509,44.096628],[0.853484,44.096918],[0.855368,44.097431],[0.857114,44.098155],[0.858675,44.09907],[0.860012,44.100153],[0.861089,44.101376],[0.861879,44.102708],[0.862362,44.104113],[0.862524,44.105555]]]}},{"type":"Feature","properties":{"name":"090","nameV":"SUR 090 Upper(1000FT AGL-3300FT AGL)","class":"Q","type":"SUR","lower":"SFC","lowerM":0,"upper":"1000FT AGL","upperMax":"3300FT AGL","ordinalUpperM":304,"upperM":304,"groundEstimatedHeight":[0,0,0,0],"activationCode":"H24","UId":"1563311","id":"LF090","stroke":"#f07800","stroke-width":2,"stroke-opacity":0.8,"fill":"#f07800","fill-opacity":0.3},"geometry":{"type":"Polygon","coordinates":[[[0.66361,46.456388],[0.663442,46.457831],[0.662939,46.459236],[0.662116,46.460568],[0.660993,46.461791],[0.6596,46.462875],[0.657973,46.46379],[0.656153,46.464514],[0.654189,46.465027],[0.65213,46.465317],[0.65003,46.465375],[0.647944,46.4652],[0.645926,46.464798],[0.644028,46.464177],[0.642299,46.463355],[0.640784,46.462352],[0.639522,46.461195],[0.638546,46.459913],[0.63788,46.458541],[0.637544,46.457112],[0.637544,46.455665],[0.637882,46.454236],[0.638547,46.452863],[0.639524,46.451582],[0.640786,46.450425],[0.642301,46.449423],[0.64403,46.4486],[0.645928,46.44798],[0.647945,46.447578],[0.65003,46.447403],[0.652129,46.447461],[0.654187,46.447751],[0.656151,46.448264],[0.657971,46.448987],[0.659598,46.449903],[0.660991,46.450986],[0.662114,46.452209],[0.662938,46.45354],[0.663441,46.454946],[0.66361,46.456388]]]}},{"type":"Feature","properties":{"name":"080","nameV":"SUR 080 Upper(1000FT AGL-3300FT AGL)","class":"Q","type":"SUR","lower":"SFC","lowerM":0,"upper":"1000FT AGL","upperMax":"3300FT AGL","ordinalUpperM":304,"upperM":304,"groundEstimatedHeight":[0,0,0,0],"activationCode":"H24","UId":"1563315","id":"LF080","stroke":"#f07800","stroke-width":2,"stroke-opacity":0.8,"fill":"#f07800","fill-opacity":0.3},"geometry":{"type":"Polygon","coordinates":[[[1.647858,46.795832],[1.647689,46.797275],[1.647183,46.79868],[1.646355,46.800012],[1.645225,46.801235],[1.643823,46.802319],[1.642185,46.803234],[1.640354,46.803958],[1.638377,46.804471],[1.636306,46.804761],[1.634193,46.804819],[1.632094,46.804644],[1.630063,46.804242],[1.628153,46.803621],[1.626413,46.802799],[1.624888,46.801796],[1.623618,46.800639],[1.622636,46.799357],[1.621967,46.797985],[1.621628,46.796556],[1.621628,46.795109],[1.621968,46.79368],[1.622638,46.792307],[1.62362,46.791026],[1.62489,46.789869],[1.626415,46.788867],[1.628155,46.788044],[1.630064,46.787424],[1.632095,46.787022],[1.634193,46.786847],[1.636305,46.786905],[1.638376,46.787195],[1.640353,46.787708],[1.642183,46.788431],[1.643821,46.789347],[1.645223,46.79043],[1.646353,46.791653],[1.647182,46.792984],[1.647688,46.79439],[1.647858,46.795832]]]}},{"type":"Feature","properties":{"name":"300","nameV":"SUR 300 Upper(1000FT AGL-3300FT AGL)","class":"Q","type":"SUR","lower":"SFC","lowerM":0,"upper":"1000FT AGL","upperMax":"3300FT AGL","ordinalUpperM":304,"upperM":304,"groundEstimatedHeight":[0,0,0,0],"activationCode":"H24","UId":"1563327","id":"LF300","stroke":"#f07800","stroke-width":2,"stroke-opacity":0.8,"fill":"#f07800","fill-opacity":0.3},"geometry":{"type":"Polygon","coordinates":[[[5.312499,43.983332],[5.312337,43.984775],[5.311856,43.98618],[5.311068,43.987512],[5.309993,43.988735],[5.308659,43.989819],[5.307101,43.990734],[5.305359,43.991458],[5.303478,43.991971],[5.301507,43.992261],[5.299497,43.992319],[5.2975,43.992144],[5.295567,43.991742],[5.29375,43.991121],[5.292094,43.990299],[5.290644,43.989296],[5.289436,43.988139],[5.288501,43.986857],[5.287864,43.985485],[5.287542,43.984056],[5.287542,43.982609],[5.287865,43.98118],[5.288502,43.979807],[5.289437,43.978526],[5.290646,43.977369],[5.292096,43.976367],[5.293752,43.975544],[5.295569,43.974924],[5.2975,43.974522],[5.299497,43.974347],[5.301506,43.974405],[5.303477,43.974695],[5.305357,43.975208],[5.307099,43.975932],[5.308657,43.976847],[5.309991,43.97793],[5.311066,43.979153],[5.311855,43.980485],[5.312336,43.98189],[5.312499,43.983332]]]}},{"type":"Feature","properties":{"name":"280","nameV":"SUR 280 Upper(1000FT AGL-3300FT AGL)","class":"Q","type":"SUR","lower":"SFC","lowerM":0,"upper":"1000FT AGL","upperMax":"3300FT AGL","ordinalUpperM":304,"upperM":304,"groundEstimatedHeight":[0,0,0,0],"activationCode":"H24","UId":"1563333","id":"LF280","stroke":"#f07800","stroke-width":2,"stroke-opacity":0.8,"fill":"#f07800","fill-opacity":0.3},"geometry":{"type":"Polygon","coordinates":[[[4.895818,43.916666],[4.895656,43.918109],[4.895176,43.919514],[4.894388,43.920846],[4.893315,43.922069],[4.891982,43.923153],[4.890426,43.924068],[4.888686,43.924792],[4.886807,43.925305],[4.884838,43.925595],[4.88283,43.925653],[4.880835,43.925478],[4.878905,43.925076],[4.87709,43.924455],[4.875436,43.923633],[4.873987,43.92263],[4.87278,43.921473],[4.871847,43.920191],[4.871211,43.918819],[4.870889,43.91739],[4.870889,43.915943],[4.871212,43.914514],[4.871848,43.913141],[4.872782,43.91186],[4.873989,43.910703],[4.875438,43.909701],[4.877092,43.908878],[4.878907,43.908258],[4.880836,43.907856],[4.88283,43.907681],[4.884838,43.907739],[4.886806,43.908029],[4.888684,43.908542],[4.890424,43.909266],[4.89198,43.910181],[4.893313,43.911264],[4.894387,43.912487],[4.895174,43.913819],[4.895656,43.915224],[4.895818,43.916666]]]}},{"type":"Feature","properties":{"name":"290","nameV":"SUR 290 Upper(1000FT AGL-3300FT AGL)","class":"Q","type":"SUR","lower":"SFC","lowerM":0,"upper":"1000FT AGL","upperMax":"3300FT AGL","ordinalUpperM":304,"upperM":304,"groundEstimatedHeight":[0,0,0,0],"activationCode":"H24","UId":"1563335","id":"LF290","stroke":"#f07800","stroke-width":2,"stroke-opacity":0.8,"fill":"#f07800","fill-opacity":0.3},"geometry":{"type":"Polygon","coordinates":[[[5.295786,43.766666],[5.295625,43.768109],[5.295146,43.769514],[5.294361,43.770846],[5.293289,43.772069],[5.291961,43.773153],[5.290408,43.774068],[5.288672,43.774792],[5.286798,43.775305],[5.284834,43.775595],[5.282831,43.775653],[5.280842,43.775478],[5.278916,43.775076],[5.277106,43.774455],[5.275456,43.773633],[5.274011,43.77263],[5.272807,43.771473],[5.271876,43.770191],[5.271241,43.768819],[5.27092,43.76739],[5.27092,43.765943],[5.271242,43.764514],[5.271877,43.763141],[5.272809,43.76186],[5.274013,43.760703],[5.275458,43.759701],[5.277107,43.758878],[5.278918,43.758258],[5.280842,43.757856],[5.282832,43.757681],[5.284834,43.757739],[5.286797,43.758029],[5.288671,43.758542],[5.290406,43.759266],[5.291959,43.760181],[5.293288,43.761264],[5.294359,43.762487],[5.295145,43.763819],[5.295625,43.765224],[5.295786,43.766666]]]}},{"type":"Feature","properties":{"name":"260","nameV":"SUR 260 Upper(1000FT AGL-3300FT AGL)","class":"Q","type":"SUR","lower":"SFC","lowerM":0,"upper":"1000FT AGL","upperMax":"3300FT AGL","ordinalUpperM":304,"upperM":304,"groundEstimatedHeight":[0,0,0,0],"activationCode":"H24","UId":"1563337","id":"LF260","stroke":"#f07800","stroke-width":2,"stroke-opacity":0.8,"fill":"#f07800","fill-opacity":0.3},"geometry":{"type":"Polygon","coordinates":[[[4.745901,44.31111],[4.745739,44.312553],[4.745255,44.313958],[4.744462,44.31529],[4.743381,44.316513],[4.74204,44.317597],[4.740473,44.318512],[4.738722,44.319236],[4.73683,44.319749],[4.734848,44.320039],[4.732827,44.320097],[4.730819,44.319922],[4.728876,44.31952],[4.727048,44.318899],[4.725383,44.318077],[4.723925,44.317074],[4.72271,44.315917],[4.72177,44.314635],[4.72113,44.313263],[4.720805,44.311834],[4.720806,44.310387],[4.721131,44.308958],[4.721771,44.307585],[4.722711,44.306304],[4.723927,44.305147],[4.725385,44.304145],[4.72705,44.303322],[4.728877,44.302702],[4.730819,44.3023],[4.732827,44.302125],[4.734848,44.302183],[4.736829,44.302473],[4.73872,44.302986],[4.740472,44.30371],[4.742038,44.304625],[4.74338,44.305708],[4.744461,44.306931],[4.745254,44.308263],[4.745738,44.309668],[4.745901,44.31111]]]}},{"type":"Feature","properties":{"name":"270","nameV":"SUR 270 Upper(1000FT AGL-3300FT AGL)","class":"Q","type":"SUR","lower":"SFC","lowerM":0,"upper":"1000FT AGL","upperMax":"3300FT AGL","ordinalUpperM":304,"upperM":304,"groundEstimatedHeight":[0,0,0,0],"activationCode":"H24","UId":"1563339","id":"LF270","stroke":"#f07800","stroke-width":2,"stroke-opacity":0.8,"fill":"#f07800","fill-opacity":0.3},"geometry":{"type":"Polygon","coordinates":[[[4.879166,43.983332],[4.879004,43.984775],[4.878523,43.98618],[4.877735,43.987512],[4.87666,43.988735],[4.875326,43.989819],[4.873768,43.990734],[4.872026,43.991458],[4.870145,43.991971],[4.868174,43.992261],[4.866164,43.992319],[4.864167,43.992144],[4.862234,43.991742],[4.860417,43.991121],[4.858761,43.990299],[4.857311,43.989296],[4.856103,43.988139],[4.855168,43.986857],[4.854531,43.985485],[4.854209,43.984056],[4.854209,43.982609],[4.854532,43.98118],[4.855169,43.979807],[4.856104,43.978526],[4.857313,43.977369],[4.858763,43.976367],[4.860419,43.975544],[4.862236,43.974924],[4.864167,43.974522],[4.866164,43.974347],[4.868173,43.974405],[4.870144,43.974695],[4.872024,43.975208],[4.873766,43.975932],[4.875324,43.976847],[4.876658,43.97793],[4.877733,43.979153],[4.878522,43.980485],[4.879003,43.98189],[4.879166,43.983332]]]}},{"type":"Feature","properties":{"name":"240","nameV":"SUR 240 Upper(1000FT AGL-3300FT AGL)","class":"Q","type":"SUR","lower":"SFC","lowerM":0,"upper":"1000FT AGL","upperMax":"3300FT AGL","ordinalUpperM":304,"upperM":304,"groundEstimatedHeight":[0,0,0,0],"activationCode":"H24","UId":"1563341","id":"LF240","stroke":"#f07800","stroke-width":2,"stroke-opacity":0.8,"fill":"#f07800","fill-opacity":0.3},"geometry":{"type":"Polygon","coordinates":[[[5.709431,45.203055],[5.709266,45.204498],[5.708774,45.205903],[5.707969,45.207235],[5.706872,45.208458],[5.70551,45.209542],[5.703919,45.210457],[5.702139,45.211181],[5.700219,45.211694],[5.698206,45.211984],[5.696153,45.212042],[5.694114,45.211867],[5.69214,45.211465],[5.690284,45.210844],[5.688594,45.210022],[5.687112,45.209019],[5.685878,45.207862],[5.684924,45.20658],[5.684274,45.205208],[5.683945,45.203779],[5.683945,45.202332],[5.684275,45.200903],[5.684925,45.19953],[5.68588,45.198249],[5.687114,45.197092],[5.688596,45.19609],[5.690286,45.195267],[5.692142,45.194647],[5.694114,45.194245],[5.696153,45.19407],[5.698205,45.194128],[5.700218,45.194418],[5.702138,45.194931],[5.703917,45.195654],[5.705508,45.19657],[5.70687,45.197653],[5.707968,45.198876],[5.708773,45.200207],[5.709265,45.201613],[5.709431,45.203055]]]}},{"type":"Feature","properties":{"name":"250","nameV":"SUR 250 Upper(1000FT AGL-3300FT AGL)","class":"Q","type":"SUR","lower":"SFC","lowerM":0,"upper":"1000FT AGL","upperMax":"3300FT AGL","ordinalUpperM":304,"upperM":304,"groundEstimatedHeight":[0,0,0,0],"activationCode":"H24","UId":"1563345","id":"LF250","stroke":"#f07800","stroke-width":2,"stroke-opacity":0.8,"fill":"#f07800","fill-opacity":0.3},"geometry":{"type":"Polygon","coordinates":[[[6.130647,43.087499],[6.130488,43.088942],[6.130014,43.090347],[6.129237,43.091679],[6.128178,43.092902],[6.126864,43.093986],[6.125329,43.094901],[6.123613,43.095625],[6.12176,43.096138],[6.119818,43.096428],[6.117837,43.096486],[6.115869,43.096311],[6.113966,43.095909],[6.112175,43.095288],[6.110544,43.094466],[6.109115,43.093463],[6.107924,43.092306],[6.107004,43.091024],[6.106376,43.089652],[6.106059,43.088223],[6.106059,43.086776],[6.106377,43.085347],[6.107005,43.083974],[6.107926,43.082693],[6.109117,43.081536],[6.110546,43.080534],[6.112177,43.079711],[6.113967,43.079091],[6.11587,43.078689],[6.117837,43.078514],[6.119817,43.078572],[6.121759,43.078862],[6.123611,43.079375],[6.125327,43.080099],[6.126862,43.081014],[6.128177,43.082097],[6.129236,43.08332],[6.130013,43.084652],[6.130487,43.086057],[6.130647,43.087499]]]}},{"type":"Feature","properties":{"name":"220","nameV":"SUR 220 Upper(1000FT AGL-3300FT AGL)","class":"Q","type":"SUR","lower":"SFC","lowerM":0,"upper":"1000FT AGL","upperMax":"3300FT AGL","ordinalUpperM":304,"upperM":304,"groundEstimatedHeight":[0,0,0,0],"activationCode":"H24","UId":"1563347","id":"LF220","stroke":"#f07800","stroke-width":2,"stroke-opacity":0.8,"fill":"#f07800","fill-opacity":0.3},"geometry":{"type":"Polygon","coordinates":[[[-1.869475,49.538888],[-1.869654,49.540331],[-1.870187,49.541736],[-1.871061,49.543068],[-1.872253,49.544291],[-1.873732,49.545375],[-1.875459,49.54629],[-1.877391,49.547014],[-1.879477,49.547527],[-1.881662,49.547817],[-1.883891,49.547875],[-1.886106,49.5477],[-1.888248,49.547298],[-1.890263,49.546677],[-1.892099,49.545855],[-1.893707,49.544852],[-1.895047,49.543695],[-1.896083,49.542413],[-1.896789,49.54104],[-1.897147,49.539612],[-1.897146,49.538165],[-1.896788,49.536736],[-1.896082,49.535363],[-1.895045,49.534082],[-1.893705,49.532925],[-1.892096,49.531922],[-1.890261,49.5311],[-1.888246,49.53048],[-1.886105,49.530077],[-1.883891,49.529903],[-1.881663,49.529961],[-1.879478,49.530251],[-1.877393,49.530764],[-1.875462,49.531487],[-1.873734,49.532403],[-1.872255,49.533486],[-1.871063,49.534709],[-1.870188,49.53604],[-1.869654,49.537446],[-1.869475,49.538888]]]}},{"type":"Feature","properties":{"name":"815","nameV":"SUR 815 Upper(1000FT AGL-3300FT AGL)","class":"Q","type":"SUR","lower":"SFC","lowerM":0,"upper":"1000FT AGL","upperMax":"3300FT AGL","ordinalUpperM":304,"upperM":304,"groundEstimatedHeight":[0,0,0,0],"activationCode":"H24","UId":"1564001","id":"LF815","stroke":"#f07800","stroke-width":2,"stroke-opacity":0.8,"fill":"#f07800","fill-opacity":0.3},"geometry":{"type":"Polygon","coordinates":[[[5.677352,48.08611],[5.677178,48.087553],[5.67666,48.088958],[5.675811,48.09029],[5.674653,48.091513],[5.673216,48.092597],[5.671538,48.093512],[5.669661,48.094236],[5.667635,48.094749],[5.665512,48.095039],[5.663347,48.095097],[5.661196,48.094922],[5.659114,48.09452],[5.657157,48.093899],[5.655373,48.093077],[5.653811,48.092074],[5.652509,48.090917],[5.651503,48.089635],[5.650817,48.088262],[5.65047,48.086834],[5.65047,48.085387],[5.650818,48.083958],[5.651504,48.082585],[5.652512,48.081304],[5.653813,48.080147],[5.655376,48.079144],[5.657159,48.078322],[5.659116,48.077702],[5.661197,48.077299],[5.663347,48.077125],[5.665511,48.077183],[5.667634,48.077473],[5.669659,48.077986],[5.671536,48.078709],[5.673214,48.079625],[5.67465,48.080708],[5.675809,48.081931],[5.676658,48.083262],[5.677177,48.084668],[5.677352,48.08611]]]}},{"type":"Feature","properties":{"name":"351","nameV":"SUR 351 Upper(1000FT AGL-3300FT AGL)","class":"Q","type":"SUR","lower":"SFC","lowerM":0,"upper":"1000FT AGL","upperMax":"3300FT AGL","ordinalUpperM":304,"upperM":304,"groundEstimatedHeight":[0,0,0,0],"activationCode":"H24","UId":"1564581","id":"LF351","stroke":"#f07800","stroke-width":2,"stroke-opacity":0.8,"fill":"#f07800","fill-opacity":0.3},"geometry":{"type":"Polygon","coordinates":[[[4.745906,44.333332],[4.745743,44.334775],[4.745259,44.33618],[4.744467,44.337512],[4.743385,44.338735],[4.742044,44.339819],[4.740476,44.340734],[4.738724,44.341458],[4.736832,44.341971],[4.734849,44.342261],[4.732827,44.342319],[4.730818,44.342144],[4.728874,44.341742],[4.727046,44.341121],[4.72538,44.340299],[4.723921,44.339296],[4.722706,44.338139],[4.721766,44.336857],[4.721125,44.335485],[4.720801,44.334056],[4.720801,44.332609],[4.721126,44.33118],[4.721767,44.329807],[4.722707,44.328526],[4.723923,44.327369],[4.725382,44.326367],[4.727047,44.325544],[4.728875,44.324924],[4.730818,44.324522],[4.732827,44.324347],[4.734848,44.324405],[4.73683,44.324695],[4.738722,44.325208],[4.740474,44.325932],[4.742042,44.326847],[4.743383,44.32793],[4.744465,44.329153],[4.745258,44.330485],[4.745743,44.33189],[4.745906,44.333332]]]}},{"type":"Feature","properties":{"name":"237","nameV":"SUR 237 Upper(1000FT AGL-3300FT AGL)","class":"Q","type":"SUR","lower":"SFC","lowerM":0,"upper":"1000FT AGL","upperMax":"3300FT AGL","ordinalUpperM":304,"upperM":304,"groundEstimatedHeight":[0,0,0,0],"activationCode":"H24","UId":"1564237","id":"LF237","stroke":"#f07800","stroke-width":2,"stroke-opacity":0.8,"fill":"#f07800","fill-opacity":0.3},"geometry":{"type":"Polygon","coordinates":[[[5.805251,43.860277],[5.805089,43.86172],[5.804609,43.863125],[5.803823,43.864457],[5.80275,43.86568],[5.801419,43.866764],[5.799864,43.867679],[5.798126,43.868403],[5.796249,43.868916],[5.794282,43.869206],[5.792276,43.869264],[5.790283,43.869089],[5.788354,43.868687],[5.786541,43.868066],[5.784889,43.867244],[5.783441,43.866241],[5.782235,43.865084],[5.781303,43.863802],[5.780667,43.86243],[5.780346,43.861001],[5.780346,43.859554],[5.780668,43.858125],[5.781304,43.856752],[5.782237,43.855471],[5.783443,43.854314],[5.784891,43.853312],[5.786542,43.852489],[5.788356,43.851869],[5.790284,43.851467],[5.792276,43.851292],[5.794281,43.85135],[5.796248,43.85164],[5.798124,43.852153],[5.799862,43.852877],[5.801417,43.853792],[5.802748,43.854875],[5.803821,43.856098],[5.804608,43.85743],[5.805089,43.858835],[5.805251,43.860277]]]}},{"type":"Feature","properties":{"name":"236","nameV":"SUR 236 Upper(1000FT AGL-3300FT AGL)","class":"Q","type":"SUR","lower":"SFC","lowerM":0,"upper":"1000FT AGL","upperMax":"3300FT AGL","ordinalUpperM":304,"upperM":304,"groundEstimatedHeight":[0,0,0,0],"activationCode":"H24","UId":"1564241","id":"LF236","stroke":"#f07800","stroke-width":2,"stroke-opacity":0.8,"fill":"#f07800","fill-opacity":0.3},"geometry":{"type":"Polygon","coordinates":[[[5.792754,43.875277],[5.792593,43.87672],[5.792112,43.878125],[5.791326,43.879457],[5.790253,43.88068],[5.788921,43.881764],[5.787366,43.882679],[5.785627,43.883403],[5.78375,43.883916],[5.781782,43.884206],[5.779776,43.884264],[5.777782,43.884089],[5.775853,43.883687],[5.774039,43.883066],[5.772387,43.882244],[5.770939,43.881241],[5.769733,43.880084],[5.7688,43.878802],[5.768164,43.87743],[5.767842,43.876001],[5.767843,43.874554],[5.768165,43.873125],[5.768801,43.871752],[5.769734,43.870471],[5.770941,43.869314],[5.772389,43.868312],[5.774041,43.867489],[5.775855,43.866869],[5.777783,43.866467],[5.779776,43.866292],[5.781782,43.86635],[5.783748,43.86664],[5.785626,43.867153],[5.787364,43.867877],[5.788919,43.868792],[5.790251,43.869875],[5.791324,43.871098],[5.792111,43.87243],[5.792592,43.873835],[5.792754,43.875277]]]}},{"type":"Feature","properties":{"name":"234","nameV":"SUR 234 Upper(1000FT AGL-3300FT AGL)","class":"Q","type":"SUR","lower":"SFC","lowerM":0,"upper":"1000FT AGL","upperMax":"3300FT AGL","ordinalUpperM":304,"upperM":304,"groundEstimatedHeight":[0,0,0,0],"activationCode":"H24","UId":"1564245","id":"LF234","stroke":"#f07800","stroke-width":2,"stroke-opacity":0.8,"fill":"#f07800","fill-opacity":0.3},"geometry":{"type":"Polygon","coordinates":[[[4.865167,43.454166],[4.865006,43.455609],[4.86453,43.457014],[4.863748,43.458346],[4.862683,43.459569],[4.861361,43.460653],[4.859816,43.461568],[4.85809,43.462292],[4.856225,43.462805],[4.854272,43.463095],[4.852279,43.463153],[4.8503,43.462978],[4.848384,43.462576],[4.846583,43.461955],[4.844942,43.461133],[4.843504,43.46013],[4.842306,43.458973],[4.84138,43.457691],[4.840749,43.456319],[4.840429,43.45489],[4.84043,43.453443],[4.84075,43.452014],[4.841381,43.450641],[4.842308,43.44936],[4.843506,43.448203],[4.844944,43.447201],[4.846584,43.446378],[4.848386,43.445758],[4.8503,43.445356],[4.852279,43.445181],[4.854271,43.445239],[4.856224,43.445529],[4.858088,43.446042],[4.859815,43.446766],[4.861359,43.447681],[4.862681,43.448764],[4.863747,43.449987],[4.864529,43.451319],[4.865006,43.452724],[4.865167,43.454166]]]}},{"type":"Feature","properties":{"name":"559","nameV":"SUR 559 Upper(1000FT AGL-3300FT AGL)","class":"Q","type":"SUR","lower":"SFC","lowerM":0,"upper":"1000FT AGL","upperMax":"3300FT AGL","ordinalUpperM":304,"upperM":304,"groundEstimatedHeight":[0,0,0,0],"activationCode":"H24","UId":"1564249","id":"LF559","stroke":"#f07800","stroke-width":2,"stroke-opacity":0.8,"fill":"#f07800","fill-opacity":0.3},"geometry":{"type":"Polygon","coordinates":[[[1.547177,47.40611],[1.547005,47.407553],[1.546494,47.408958],[1.545656,47.41029],[1.544513,47.411513],[1.543095,47.412597],[1.541438,47.413512],[1.539586,47.414236],[1.537587,47.414749],[1.535491,47.415039],[1.533354,47.415097],[1.531231,47.414922],[1.529176,47.41452],[1.527244,47.413899],[1.525484,47.413077],[1.523942,47.412074],[1.522657,47.410917],[1.521664,47.409635],[1.520987,47.408262],[1.520644,47.406834],[1.520644,47.405387],[1.520988,47.403958],[1.521665,47.402585],[1.522659,47.401304],[1.523944,47.400147],[1.525486,47.399145],[1.527246,47.398322],[1.529178,47.397702],[1.531232,47.3973],[1.533354,47.397125],[1.53549,47.397183],[1.537585,47.397473],[1.539585,47.397986],[1.541436,47.398709],[1.543093,47.399625],[1.544511,47.400708],[1.545654,47.401931],[1.546492,47.403262],[1.547004,47.404668],[1.547177,47.40611]]]}},{"type":"Feature","properties":{"name":"558","nameV":"SUR 558 Upper(1000FT AGL-3300FT AGL)","class":"Q","type":"SUR","lower":"SFC","lowerM":0,"upper":"1000FT AGL","upperMax":"3300FT AGL","ordinalUpperM":304,"upperM":304,"groundEstimatedHeight":[0,0,0,0],"activationCode":"H24","UId":"1564253","id":"LF558","stroke":"#f07800","stroke-width":2,"stroke-opacity":0.8,"fill":"#f07800","fill-opacity":0.3},"geometry":{"type":"Polygon","coordinates":[[[1.513849,47.426388],[1.513677,47.427831],[1.513166,47.429236],[1.512327,47.430568],[1.511184,47.431791],[1.509766,47.432875],[1.508108,47.43379],[1.506255,47.434514],[1.504255,47.435027],[1.502159,47.435317],[1.500021,47.435375],[1.497897,47.4352],[1.495841,47.434798],[1.493909,47.434177],[1.492148,47.433355],[1.490605,47.432352],[1.48932,47.431195],[1.488326,47.429913],[1.487649,47.42854],[1.487306,47.427112],[1.487306,47.425665],[1.48765,47.424236],[1.488328,47.422863],[1.489322,47.421582],[1.490607,47.420425],[1.49215,47.419423],[1.49391,47.4186],[1.495843,47.41798],[1.497898,47.417578],[1.500021,47.417403],[1.502158,47.417461],[1.504254,47.417751],[1.506254,47.418264],[1.508106,47.418987],[1.509763,47.419903],[1.511182,47.420986],[1.512325,47.422209],[1.513164,47.42354],[1.513677,47.424946],[1.513849,47.426388]]]}},{"type":"Feature","properties":{"name":"553","nameV":"SUR 553 Upper(1000FT AGL-3300FT AGL)","class":"Q","type":"SUR","lower":"SFC","lowerM":0,"upper":"1000FT AGL","upperMax":"3300FT AGL","ordinalUpperM":304,"upperM":304,"groundEstimatedHeight":[0,0,0,0],"activationCode":"H24","UId":"1564257","id":"LF553","stroke":"#f07800","stroke-width":2,"stroke-opacity":0.8,"fill":"#f07800","fill-opacity":0.3},"geometry":{"type":"Polygon","coordinates":[[[1.498006,47.390555],[1.497834,47.391998],[1.497323,47.393403],[1.496485,47.394735],[1.495343,47.395958],[1.493925,47.397042],[1.492269,47.397957],[1.490418,47.398681],[1.488418,47.399194],[1.486323,47.399484],[1.484187,47.399542],[1.482064,47.399367],[1.480011,47.398965],[1.478079,47.398344],[1.476319,47.397522],[1.474778,47.396519],[1.473493,47.395362],[1.4725,47.39408],[1.471824,47.392707],[1.471481,47.391279],[1.471481,47.389832],[1.471825,47.388403],[1.472502,47.38703],[1.473496,47.385749],[1.47478,47.384592],[1.476322,47.38359],[1.478081,47.382767],[1.480012,47.382147],[1.482065,47.381745],[1.484187,47.38157],[1.486323,47.381628],[1.488417,47.381918],[1.490416,47.382431],[1.492267,47.383154],[1.493923,47.38407],[1.495341,47.385153],[1.496483,47.386376],[1.497322,47.387707],[1.497834,47.389113],[1.498006,47.390555]]]}},{"type":"Feature","properties":{"name":"232","nameV":"SUR 232 Upper(1000FT AGL-3300FT AGL)","class":"Q","type":"SUR","lower":"SFC","lowerM":0,"upper":"1000FT AGL","upperMax":"3300FT AGL","ordinalUpperM":304,"upperM":304,"groundEstimatedHeight":[0,0,0,0],"activationCode":"H24","UId":"1564261","id":"LF232","stroke":"#f07800","stroke-width":2,"stroke-opacity":0.8,"fill":"#f07800","fill-opacity":0.3},"geometry":{"type":"Polygon","coordinates":[[[4.997487,45.21111],[4.997322,45.212553],[4.996831,45.213958],[4.996026,45.21529],[4.994928,45.216513],[4.993566,45.217597],[4.991975,45.218512],[4.990195,45.219236],[4.988274,45.219749],[4.986261,45.220039],[4.984208,45.220097],[4.982168,45.219922],[4.980195,45.21952],[4.978338,45.218899],[4.976648,45.218077],[4.975166,45.217074],[4.973932,45.215917],[4.972977,45.214635],[4.972327,45.213263],[4.971998,45.211834],[4.971998,45.210387],[4.972328,45.208958],[4.972979,45.207585],[4.973934,45.206304],[4.975168,45.205147],[4.97665,45.204145],[4.97834,45.203322],[4.980196,45.202702],[4.982169,45.2023],[4.984208,45.202125],[4.98626,45.202183],[4.988273,45.202473],[4.990194,45.202986],[4.991973,45.203709],[4.993564,45.204625],[4.994926,45.205708],[4.996024,45.206931],[4.99683,45.208262],[4.997322,45.209668],[4.997487,45.21111]]]}},{"type":"Feature","properties":{"name":"555","nameV":"SUR 555 Upper(1000FT AGL-3300FT AGL)","class":"Q","type":"SUR","lower":"SFC","lowerM":0,"upper":"1000FT AGL","upperMax":"3300FT AGL","ordinalUpperM":304,"upperM":304,"groundEstimatedHeight":[0,0,0,0],"activationCode":"H24","UId":"1564265","id":"LF555","stroke":"#f07800","stroke-width":2,"stroke-opacity":0.8,"fill":"#f07800","fill-opacity":0.3},"geometry":{"type":"Polygon","coordinates":[[[2.714412,49.529443],[2.714233,49.530886],[2.7137,49.532291],[2.712826,49.533623],[2.711634,49.534846],[2.710156,49.53593],[2.708428,49.536845],[2.706497,49.537569],[2.704412,49.538082],[2.702226,49.538372],[2.699998,49.53843],[2.697784,49.538255],[2.695642,49.537853],[2.693627,49.537232],[2.691792,49.53641],[2.690184,49.535407],[2.688844,49.53425],[2.687808,49.532968],[2.687102,49.531595],[2.686745,49.530167],[2.686745,49.52872],[2.687103,49.527291],[2.68781,49.525918],[2.688846,49.524637],[2.690186,49.52348],[2.691794,49.522477],[2.693629,49.521655],[2.695644,49.521035],[2.697785,49.520632],[2.699998,49.520458],[2.702226,49.520516],[2.70441,49.520806],[2.706495,49.521319],[2.708426,49.522042],[2.710153,49.522958],[2.711632,49.524041],[2.712824,49.525264],[2.713698,49.526595],[2.714232,49.528001],[2.714412,49.529443]]]}},{"type":"Feature","properties":{"name":"554","nameV":"SUR 554 Upper(1000FT AGL-3300FT AGL)","class":"Q","type":"SUR","lower":"SFC","lowerM":0,"upper":"1000FT AGL","upperMax":"3300FT AGL","ordinalUpperM":304,"upperM":304,"groundEstimatedHeight":[0,0,0,0],"activationCode":"H24","UId":"1564269","id":"LF554","stroke":"#f07800","stroke-width":2,"stroke-opacity":0.8,"fill":"#f07800","fill-opacity":0.3},"geometry":{"type":"Polygon","coordinates":[[[3.187056,49.05611],[3.186879,49.057553],[3.186351,49.058958],[3.185485,49.06029],[3.184305,49.061513],[3.182841,49.062597],[3.18113,49.063512],[3.179217,49.064236],[3.177152,49.064749],[3.174987,49.065039],[3.17278,49.065097],[3.170587,49.064922],[3.168466,49.06452],[3.16647,49.063899],[3.164652,49.063077],[3.16306,49.062074],[3.161733,49.060917],[3.160707,49.059635],[3.160008,49.058262],[3.159654,49.056834],[3.159654,49.055387],[3.160009,49.053958],[3.160709,49.052585],[3.161735,49.051304],[3.163062,49.050147],[3.164655,49.049144],[3.166472,49.048322],[3.168467,49.047702],[3.170588,49.047299],[3.172781,49.047125],[3.174987,49.047183],[3.17715,49.047473],[3.179215,49.047986],[3.181128,49.048709],[3.182838,49.049625],[3.184303,49.050708],[3.185483,49.051931],[3.186349,49.053262],[3.186878,49.054668],[3.187056,49.05611]]]}},{"type":"Feature","properties":{"name":"552","nameV":"SUR 552 Upper(1000FT AGL-3300FT AGL)","class":"Q","type":"SUR","lower":"SFC","lowerM":0,"upper":"1000FT AGL","upperMax":"3300FT AGL","ordinalUpperM":304,"upperM":304,"groundEstimatedHeight":[0,0,0,0],"activationCode":"H24","UId":"1564273","id":"LF552","stroke":"#f07800","stroke-width":2,"stroke-opacity":0.8,"fill":"#f07800","fill-opacity":0.3},"geometry":{"type":"Polygon","coordinates":[[[1.232979,47.281666],[1.232807,47.283109],[1.232297,47.284514],[1.231461,47.285846],[1.230321,47.287069],[1.228906,47.288153],[1.227254,47.289068],[1.225406,47.289792],[1.223411,47.290305],[1.22132,47.290595],[1.219188,47.290653],[1.21707,47.290478],[1.21502,47.290076],[1.213093,47.289455],[1.211337,47.288633],[1.209798,47.28763],[1.208517,47.286473],[1.207525,47.285191],[1.20685,47.283818],[1.206508,47.28239],[1.206509,47.280943],[1.206851,47.279514],[1.207527,47.278141],[1.208519,47.27686],[1.2098,47.275703],[1.211339,47.274701],[1.213095,47.273878],[1.215022,47.273258],[1.217071,47.272856],[1.219188,47.272681],[1.22132,47.272739],[1.22341,47.273029],[1.225404,47.273542],[1.227252,47.274265],[1.228904,47.275181],[1.230319,47.276264],[1.231459,47.277487],[1.232296,47.278818],[1.232807,47.280224],[1.232979,47.281666]]]}},{"type":"Feature","properties":{"name":"551","nameV":"SUR 551 Upper(1000FT AGL-3300FT AGL)","class":"Q","type":"SUR","lower":"SFC","lowerM":0,"upper":"1000FT AGL","upperMax":"3300FT AGL","ordinalUpperM":304,"upperM":304,"groundEstimatedHeight":[0,0,0,0],"activationCode":"H24","UId":"1564277","id":"LF551","stroke":"#f07800","stroke-width":2,"stroke-opacity":0.8,"fill":"#f07800","fill-opacity":0.3},"geometry":{"type":"Polygon","coordinates":[[[1.889776,48.843332],[1.889599,48.844775],[1.889073,48.84618],[1.888212,48.847512],[1.887037,48.848735],[1.885578,48.849819],[1.883875,48.850734],[1.88197,48.851458],[1.879913,48.851971],[1.877758,48.852261],[1.875561,48.852319],[1.873377,48.852144],[1.871265,48.851742],[1.869277,48.851121],[1.867467,48.850299],[1.865881,48.849296],[1.86456,48.848139],[1.863539,48.846857],[1.862843,48.845484],[1.86249,48.844056],[1.862491,48.842609],[1.862844,48.84118],[1.86354,48.839807],[1.864563,48.838526],[1.865884,48.837369],[1.86747,48.836366],[1.86928,48.835544],[1.871266,48.834924],[1.873378,48.834521],[1.875561,48.834347],[1.877758,48.834405],[1.879912,48.834695],[1.881968,48.835208],[1.883872,48.835931],[1.885576,48.836847],[1.887034,48.83793],[1.88821,48.839153],[1.889072,48.840484],[1.889599,48.84189],[1.889776,48.843332]]]}},{"type":"Feature","properties":{"name":"561","nameV":"SUR 561 Upper(1000FT AGL-3300FT AGL)","class":"Q","type":"SUR","lower":"SFC","lowerM":0,"upper":"1000FT AGL","upperMax":"3300FT AGL","ordinalUpperM":304,"upperM":304,"groundEstimatedHeight":[0,0,0,0],"activationCode":"H24","UId":"1564285","id":"LF561","stroke":"#f07800","stroke-width":2,"stroke-opacity":0.8,"fill":"#f07800","fill-opacity":0.3},"geometry":{"type":"Polygon","coordinates":[[[2.569255,48.966666],[2.569078,48.968109],[2.568551,48.969514],[2.567687,48.970846],[2.566509,48.972069],[2.565047,48.973153],[2.563339,48.974068],[2.56143,48.974792],[2.559368,48.975305],[2.557208,48.975595],[2.555004,48.975653],[2.552815,48.975478],[2.550698,48.975076],[2.548706,48.974455],[2.546891,48.973633],[2.545301,48.97263],[2.543977,48.971473],[2.542953,48.970191],[2.542255,48.968818],[2.541901,48.96739],[2.541902,48.965943],[2.542256,48.964514],[2.542954,48.963141],[2.543979,48.96186],[2.545304,48.960703],[2.546893,48.9597],[2.548708,48.958878],[2.550699,48.958258],[2.552816,48.957855],[2.555005,48.957681],[2.557207,48.957739],[2.559367,48.958029],[2.561428,48.958542],[2.563337,48.959265],[2.565044,48.960181],[2.566506,48.961264],[2.567685,48.962487],[2.568549,48.963818],[2.569077,48.965224],[2.569255,48.966666]]]}},{"type":"Feature","properties":{"name":"557","nameV":"SUR 557 Upper(1000FT AGL-3300FT AGL)","class":"Q","type":"SUR","lower":"SFC","lowerM":0,"upper":"1000FT AGL","upperMax":"3300FT AGL","ordinalUpperM":304,"upperM":304,"groundEstimatedHeight":[0,0,0,0],"activationCode":"H24","UId":"1564289","id":"LF557","stroke":"#f07800","stroke-width":2,"stroke-opacity":0.8,"fill":"#f07800","fill-opacity":0.3},"geometry":{"type":"Polygon","coordinates":[[[1.56426,48.985277],[1.564083,48.98672],[1.563555,48.988125],[1.562691,48.989457],[1.561513,48.99068],[1.56005,48.991764],[1.558342,48.992679],[1.556432,48.993403],[1.554369,48.993916],[1.552208,48.994206],[1.550004,48.994264],[1.547814,48.994089],[1.545696,48.993687],[1.543703,48.993066],[1.541888,48.992244],[1.540297,48.991241],[1.538972,48.990084],[1.537948,48.988802],[1.53725,48.987429],[1.536896,48.986001],[1.536897,48.984554],[1.537251,48.983125],[1.53795,48.981752],[1.538975,48.980471],[1.5403,48.979314],[1.54189,48.978311],[1.543705,48.977489],[1.545697,48.976869],[1.547815,48.976466],[1.550004,48.976292],[1.552208,48.97635],[1.554368,48.97664],[1.55643,48.977153],[1.55834,48.977876],[1.560048,48.978792],[1.56151,48.979875],[1.562689,48.981098],[1.563554,48.982429],[1.564082,48.983835],[1.56426,48.985277]]]}},{"type":"Feature","properties":{"name":"556","nameV":"SUR 556 Upper(1000FT AGL-3300FT AGL)","class":"Q","type":"SUR","lower":"SFC","lowerM":0,"upper":"1000FT AGL","upperMax":"3300FT AGL","ordinalUpperM":304,"upperM":304,"groundEstimatedHeight":[0,0,0,0],"activationCode":"H24","UId":"1564293","id":"LF556","stroke":"#f07800","stroke-width":2,"stroke-opacity":0.8,"fill":"#f07800","fill-opacity":0.3},"geometry":{"type":"Polygon","coordinates":[[[1.721265,49.204443],[1.721087,49.205886],[1.720557,49.207291],[1.719689,49.208623],[1.718505,49.209846],[1.717036,49.21093],[1.71532,49.211845],[1.713402,49.212569],[1.71133,49.213082],[1.709159,49.213372],[1.706946,49.21343],[1.704746,49.213255],[1.702618,49.212853],[1.700617,49.212232],[1.698793,49.21141],[1.697196,49.210407],[1.695865,49.20925],[1.694836,49.207968],[1.694135,49.206595],[1.69378,49.205167],[1.69378,49.20372],[1.694136,49.202291],[1.694838,49.200918],[1.695867,49.199637],[1.697198,49.19848],[1.698796,49.197477],[1.700619,49.196655],[1.70262,49.196035],[1.704747,49.195632],[1.706946,49.195458],[1.709159,49.195516],[1.711329,49.195806],[1.7134,49.196319],[1.715318,49.197042],[1.717034,49.197958],[1.718503,49.199041],[1.719687,49.200264],[1.720555,49.201595],[1.721086,49.203001],[1.721265,49.204443]]]}},{"type":"Feature","properties":{"name":"235","nameV":"SUR 235 Upper(1000FT AGL-3300FT AGL)","class":"Q","type":"SUR","lower":"SFC","lowerM":0,"upper":"1000FT AGL","upperMax":"3300FT AGL","ordinalUpperM":304,"upperM":304,"groundEstimatedHeight":[0,0,0,0],"activationCode":"H24","UId":"1563705","id":"LF235","stroke":"#f07800","stroke-width":2,"stroke-opacity":0.8,"fill":"#f07800","fill-opacity":0.3},"geometry":{"type":"Polygon","coordinates":[[[5.699129,45.099443],[5.698965,45.100886],[5.698474,45.102291],[5.697671,45.103623],[5.696575,45.104846],[5.695216,45.10593],[5.693627,45.106845],[5.691852,45.107569],[5.689934,45.108082],[5.687925,45.108372],[5.685876,45.10843],[5.68384,45.108255],[5.681871,45.107853],[5.680018,45.107232],[5.67833,45.10641],[5.676852,45.105407],[5.67562,45.10425],[5.674667,45.102968],[5.674018,45.101596],[5.67369,45.100167],[5.67369,45.09872],[5.674019,45.097291],[5.674669,45.095918],[5.675622,45.094637],[5.676854,45.09348],[5.678332,45.092478],[5.68002,45.091655],[5.681872,45.091035],[5.683841,45.090633],[5.685876,45.090458],[5.687924,45.090516],[5.689933,45.090806],[5.69185,45.091319],[5.693625,45.092042],[5.695214,45.092958],[5.696573,45.094041],[5.697669,45.095264],[5.698473,45.096595],[5.698964,45.098001],[5.699129,45.099443]]]}},{"type":"Feature","properties":{"name":"238","nameV":"SUR 238 Upper(1000FT AGL-3300FT AGL)","class":"Q","type":"SUR","lower":"SFC","lowerM":0,"upper":"1000FT AGL","upperMax":"3300FT AGL","ordinalUpperM":304,"upperM":304,"groundEstimatedHeight":[0,0,0,0],"activationCode":"H24","UId":"1564323","id":"LF238","stroke":"#f07800","stroke-width":2,"stroke-opacity":0.8,"fill":"#f07800","fill-opacity":0.3},"geometry":{"type":"Polygon","coordinates":[[[4.114626,46.05361],[4.114458,46.055053],[4.11396,46.056458],[4.113142,46.05779],[4.112028,46.059013],[4.110645,46.060097],[4.109029,46.061012],[4.107223,46.061736],[4.105273,46.062249],[4.103229,46.062539],[4.101145,46.062597],[4.099074,46.062422],[4.097071,46.06202],[4.095187,46.061399],[4.09347,46.060577],[4.091966,46.059574],[4.090713,46.058417],[4.089744,46.057135],[4.089084,46.055763],[4.08875,46.054334],[4.08875,46.052887],[4.089085,46.051458],[4.089746,46.050085],[4.090715,46.048804],[4.091968,46.047647],[4.093472,46.046645],[4.095189,46.045822],[4.097072,46.045202],[4.099075,46.0448],[4.101145,46.044625],[4.103229,46.044683],[4.105272,46.044973],[4.107222,46.045486],[4.109027,46.046209],[4.110643,46.047125],[4.112026,46.048208],[4.113141,46.049431],[4.113958,46.050762],[4.114458,46.052168],[4.114626,46.05361]]]}},{"type":"Feature","properties":{"name":"233","nameV":"SUR 233 Upper(1000FT AGL-3300FT AGL)","class":"Q","type":"SUR","lower":"SFC","lowerM":0,"upper":"1000FT AGL","upperMax":"3300FT AGL","ordinalUpperM":304,"upperM":304,"groundEstimatedHeight":[0,0,0,0],"activationCode":"H24","UId":"1564325","id":"LF233","stroke":"#f07800","stroke-width":2,"stroke-opacity":0.8,"fill":"#f07800","fill-opacity":0.3},"geometry":{"type":"Polygon","coordinates":[[[4.912384,43.433332],[4.912224,43.434775],[4.911748,43.43618],[4.910967,43.437512],[4.909901,43.438735],[4.90858,43.439819],[4.907036,43.440734],[4.90531,43.441458],[4.903446,43.441971],[4.901493,43.442261],[4.899501,43.442319],[4.897522,43.442144],[4.895608,43.441742],[4.893807,43.441121],[4.892167,43.440299],[4.890729,43.439296],[4.889532,43.438139],[4.888606,43.436857],[4.887975,43.435485],[4.887656,43.434056],[4.887656,43.432609],[4.887976,43.43118],[4.888607,43.429807],[4.889534,43.428526],[4.890731,43.427369],[4.892168,43.426367],[4.893809,43.425544],[4.895609,43.424924],[4.897523,43.424522],[4.899501,43.424347],[4.901493,43.424405],[4.903445,43.424695],[4.905308,43.425208],[4.907034,43.425932],[4.908578,43.426847],[4.9099,43.42793],[4.910965,43.429153],[4.911746,43.430485],[4.912224,43.43189],[4.912384,43.433332]]]}},{"type":"Feature","properties":{"name":"025","nameV":"SUR 025 Upper(1000FT AGL-3300FT AGL)","class":"Q","type":"SUR","lower":"SFC","lowerM":0,"upper":"1000FT AGL","upperMax":"3300FT AGL","ordinalUpperM":304,"upperM":304,"groundEstimatedHeight":[0,0,0,0],"activationCode":"H24","UId":"1564327","id":"LF025","stroke":"#f07800","stroke-width":2,"stroke-opacity":0.8,"fill":"#f07800","fill-opacity":0.3},"geometry":{"type":"Polygon","coordinates":[[[-0.09782,43.79111],[-0.097981,43.792553],[-0.09846,43.793958],[-0.099246,43.79529],[-0.100317,43.796513],[-0.101647,43.797597],[-0.1032,43.798512],[-0.104937,43.799236],[-0.106811,43.799749],[-0.108776,43.800039],[-0.11078,43.800097],[-0.11277,43.799922],[-0.114696,43.79952],[-0.116508,43.798899],[-0.118158,43.798077],[-0.119604,43.797074],[-0.120808,43.795917],[-0.12174,43.794635],[-0.122375,43.793263],[-0.122696,43.791834],[-0.122696,43.790387],[-0.122374,43.788958],[-0.121739,43.787585],[-0.120807,43.786304],[-0.119602,43.785147],[-0.118156,43.784145],[-0.116506,43.783322],[-0.114695,43.782702],[-0.11277,43.7823],[-0.11078,43.782125],[-0.108777,43.782183],[-0.106812,43.782473],[-0.104938,43.782986],[-0.103202,43.78371],[-0.101649,43.784625],[-0.100319,43.785708],[-0.099248,43.786931],[-0.098461,43.788263],[-0.097981,43.789668],[-0.09782,43.79111]]]}},{"type":"Feature","properties":{"name":"035","nameV":"SUR 035 Upper(1000FT AGL-3300FT AGL)","class":"Q","type":"SUR","lower":"SFC","lowerM":0,"upper":"1000FT AGL","upperMax":"3300FT AGL","ordinalUpperM":304,"upperM":304,"groundEstimatedHeight":[0,0,0,0],"activationCode":"H24","UId":"1564329","id":"LF035","stroke":"#f07800","stroke-width":2,"stroke-opacity":0.8,"fill":"#f07800","fill-opacity":0.3},"geometry":{"type":"Polygon","coordinates":[[[-0.206155,43.779721],[-0.206316,43.781164],[-0.206796,43.782569],[-0.207581,43.783901],[-0.208652,43.785124],[-0.209982,43.786208],[-0.211534,43.787123],[-0.213271,43.787847],[-0.215145,43.78836],[-0.217109,43.78865],[-0.219113,43.788708],[-0.221103,43.788533],[-0.223029,43.788131],[-0.22484,43.78751],[-0.22649,43.786688],[-0.227935,43.785685],[-0.229139,43.784528],[-0.230071,43.783246],[-0.230705,43.781874],[-0.231027,43.780445],[-0.231026,43.778998],[-0.230705,43.777569],[-0.230069,43.776196],[-0.229138,43.774915],[-0.227933,43.773758],[-0.226488,43.772756],[-0.224838,43.771933],[-0.223027,43.771313],[-0.221102,43.770911],[-0.219112,43.770736],[-0.21711,43.770794],[-0.215146,43.771084],[-0.213272,43.771597],[-0.211536,43.772321],[-0.209983,43.773236],[-0.208654,43.774319],[-0.207583,43.775542],[-0.206797,43.776874],[-0.206317,43.778279],[-0.206155,43.779721]]]}},{"type":"Feature","properties":{"name":"245","nameV":"SUR 245 Upper(1000FT AGL-3300FT AGL)","class":"Q","type":"SUR","lower":"SFC","lowerM":0,"upper":"1000FT AGL","upperMax":"3300FT AGL","ordinalUpperM":304,"upperM":304,"groundEstimatedHeight":[0,0,0,0],"activationCode":"H24","UId":"1563717","id":"LF245","stroke":"#f07800","stroke-width":2,"stroke-opacity":0.8,"fill":"#f07800","fill-opacity":0.3},"geometry":{"type":"Polygon","coordinates":[[[4.428658,45.472499],[4.428492,45.473942],[4.427998,45.475347],[4.427189,45.476679],[4.426086,45.477902],[4.424718,45.478986],[4.423119,45.479901],[4.421332,45.480625],[4.419402,45.481138],[4.417379,45.481428],[4.415317,45.481486],[4.413267,45.481311],[4.411285,45.480909],[4.40942,45.480288],[4.407721,45.479466],[4.406233,45.478463],[4.404993,45.477306],[4.404034,45.476024],[4.403381,45.474652],[4.40305,45.473223],[4.40305,45.471776],[4.403382,45.470347],[4.404035,45.468974],[4.404995,45.467693],[4.406235,45.466536],[4.407723,45.465534],[4.409422,45.464711],[4.411286,45.464091],[4.413268,45.463689],[4.415317,45.463514],[4.417379,45.463572],[4.4194,45.463862],[4.42133,45.464375],[4.423117,45.465098],[4.424716,45.466014],[4.426084,45.467097],[4.427188,45.46832],[4.427997,45.469651],[4.428491,45.471057],[4.428658,45.472499]]]}},{"type":"Feature","properties":{"name":"920","nameV":"SUR 920 Upper(1000FT AGL-3300FT AGL)","class":"Q","type":"SUR","lower":"SFC","lowerM":0,"upper":"1000FT AGL","upperMax":"3300FT AGL","ordinalUpperM":304,"upperM":304,"groundEstimatedHeight":[0,0,0,0],"activationCode":"H24","UId":"1562587","id":"LF920","stroke":"#f07800","stroke-width":2,"stroke-opacity":0.8,"fill":"#f07800","fill-opacity":0.3},"geometry":{"type":"Polygon","coordinates":[[[3.824731,47.618332],[3.824558,47.619775],[3.824045,47.62118],[3.823203,47.622512],[3.822056,47.623735],[3.820632,47.624819],[3.818969,47.625734],[3.817109,47.626458],[3.815102,47.626971],[3.812997,47.627261],[3.810852,47.627319],[3.80872,47.627144],[3.806657,47.626742],[3.804717,47.626121],[3.80295,47.625299],[3.801401,47.624296],[3.800112,47.623139],[3.799114,47.621857],[3.798434,47.620484],[3.79809,47.619056],[3.798091,47.617609],[3.798435,47.61618],[3.799116,47.614807],[3.800114,47.613526],[3.801404,47.612369],[3.802952,47.611367],[3.804719,47.610544],[3.806659,47.609924],[3.808721,47.609522],[3.810852,47.609347],[3.812997,47.609405],[3.8151,47.609695],[3.817108,47.610208],[3.818967,47.610931],[3.82063,47.611847],[3.822054,47.61293],[3.823202,47.614153],[3.824043,47.615484],[3.824558,47.61689],[3.824731,47.618332]]]}},{"type":"Feature","properties":{"name":"560","nameV":"SUR 560 Upper(1000FT AGL-3300FT AGL)","class":"Q","type":"SUR","lower":"SFC","lowerM":0,"upper":"1000FT AGL","upperMax":"3300FT AGL","ordinalUpperM":304,"upperM":304,"groundEstimatedHeight":[0,0,0,0],"activationCode":"H24","UId":"1562599","id":"LF560","stroke":"#f07800","stroke-width":2,"stroke-opacity":0.8,"fill":"#f07800","fill-opacity":0.3},"geometry":{"type":"Polygon","coordinates":[[[2.147628,51.014443],[2.147443,51.015886],[2.146893,51.017291],[2.145992,51.018623],[2.144762,51.019846],[2.143237,51.02093],[2.141455,51.021845],[2.139462,51.022569],[2.137311,51.023082],[2.135056,51.023372],[2.132757,51.02343],[2.130473,51.023255],[2.128263,51.022853],[2.126184,51.022232],[2.124291,51.02141],[2.122632,51.020407],[2.12125,51.01925],[2.120181,51.017968],[2.119453,51.016595],[2.119084,51.015167],[2.119085,51.013719],[2.119454,51.012291],[2.120183,51.010918],[2.121252,51.009637],[2.122635,51.00848],[2.124294,51.007477],[2.126187,51.006655],[2.128265,51.006035],[2.130474,51.005632],[2.132758,51.005458],[2.135056,51.005516],[2.137309,51.005806],[2.13946,51.006319],[2.141452,51.007042],[2.143234,51.007958],[2.14476,51.009041],[2.145989,51.010264],[2.146891,51.011595],[2.147442,51.013001],[2.147628,51.014443]]]}},{"type":"Feature","properties":{"name":"020","nameV":"SUR 020 Upper(1000FT AGL-3300FT AGL)","class":"Q","type":"SUR","lower":"SFC","lowerM":0,"upper":"1000FT AGL","upperMax":"3300FT AGL","ordinalUpperM":304,"upperM":304,"groundEstimatedHeight":[0,0,0,0],"activationCode":"H24","UId":"1563217","id":"LF020","stroke":"#f07800","stroke-width":2,"stroke-opacity":0.8,"fill":"#f07800","fill-opacity":0.3},"geometry":{"type":"Polygon","coordinates":[[[1.414087,43.60861],[1.413927,43.610053],[1.413449,43.611458],[1.412665,43.61279],[1.411597,43.614013],[1.410272,43.615097],[1.408723,43.616012],[1.406992,43.616736],[1.405123,43.617249],[1.403164,43.617539],[1.401167,43.617597],[1.399182,43.617422],[1.397262,43.61702],[1.395456,43.616399],[1.393811,43.615577],[1.392369,43.614574],[1.391169,43.613417],[1.39024,43.612135],[1.389607,43.610763],[1.389287,43.609334],[1.389287,43.607887],[1.389608,43.606458],[1.390241,43.605085],[1.39117,43.603804],[1.392371,43.602647],[1.393813,43.601645],[1.395458,43.600822],[1.397263,43.600202],[1.399183,43.5998],[1.401167,43.599625],[1.403164,43.599683],[1.405122,43.599973],[1.406991,43.600486],[1.408722,43.60121],[1.41027,43.602125],[1.411596,43.603208],[1.412664,43.604431],[1.413448,43.605763],[1.413926,43.607168],[1.414087,43.60861]]]}},{"type":"Feature","properties":{"name":"050","nameV":"SUR 050 Upper(1000FT AGL-3300FT AGL)","class":"Q","type":"SUR","lower":"SFC","lowerM":0,"upper":"1000FT AGL","upperMax":"3300FT AGL","ordinalUpperM":304,"upperM":304,"groundEstimatedHeight":[0,0,0,0],"activationCode":"H24","UId":"1563223","id":"LF050","stroke":"#f07800","stroke-width":2,"stroke-opacity":0.8,"fill":"#f07800","fill-opacity":0.3},"geometry":{"type":"Polygon","coordinates":[[[-0.676114,45.254166],[-0.676279,45.255609],[-0.676771,45.257014],[-0.677576,45.258346],[-0.678675,45.259569],[-0.680038,45.260653],[-0.681631,45.261568],[-0.683412,45.262292],[-0.685334,45.262805],[-0.687349,45.263095],[-0.689403,45.263153],[-0.691445,45.262978],[-0.69342,45.262576],[-0.695277,45.261955],[-0.69697,45.261133],[-0.698452,45.26013],[-0.699687,45.258973],[-0.700643,45.257691],[-0.701293,45.256319],[-0.701623,45.25489],[-0.701623,45.253443],[-0.701292,45.252014],[-0.700641,45.250641],[-0.699685,45.24936],[-0.69845,45.248203],[-0.696968,45.247201],[-0.695276,45.246378],[-0.693418,45.245758],[-0.691444,45.245356],[-0.689403,45.245181],[-0.687349,45.245239],[-0.685335,45.245529],[-0.683413,45.246042],[-0.681633,45.246765],[-0.68004,45.247681],[-0.678677,45.248764],[-0.677578,45.249987],[-0.676772,45.251318],[-0.67628,45.252724],[-0.676114,45.254166]]]}},{"type":"Feature","properties":{"name":"880","nameV":"SUR 880 Upper(1000FT AGL-3300FT AGL)","class":"Q","type":"SUR","lower":"SFC","lowerM":0,"upper":"1000FT AGL","upperMax":"3300FT AGL","ordinalUpperM":304,"upperM":304,"groundEstimatedHeight":[0,0,0,0],"activationCode":"H24","UId":"1562397","id":"LF880","stroke":"#f07800","stroke-width":2,"stroke-opacity":0.8,"fill":"#f07800","fill-opacity":0.3},"geometry":{"type":"Polygon","coordinates":[[[5.401597,47.310555],[5.401425,47.311998],[5.400915,47.313403],[5.400078,47.314735],[5.398938,47.315958],[5.397522,47.317042],[5.395869,47.317957],[5.39402,47.318681],[5.392024,47.319194],[5.389932,47.319484],[5.387799,47.319542],[5.385679,47.319367],[5.383629,47.318965],[5.3817,47.318344],[5.379943,47.317522],[5.378404,47.316519],[5.377122,47.315362],[5.37613,47.31408],[5.375454,47.312707],[5.375112,47.311279],[5.375112,47.309832],[5.375455,47.308403],[5.376131,47.30703],[5.377124,47.305749],[5.378406,47.304592],[5.379945,47.30359],[5.381702,47.302767],[5.38363,47.302147],[5.38568,47.301745],[5.387799,47.30157],[5.389932,47.301628],[5.392023,47.301918],[5.394018,47.302431],[5.395867,47.303154],[5.39752,47.30407],[5.398936,47.305153],[5.400077,47.306376],[5.400914,47.307707],[5.401425,47.309113],[5.401597,47.310555]]]}},{"type":"Feature","properties":{"name":"910","nameV":"SUR 910 Upper(1000FT AGL-3300FT AGL)","class":"Q","type":"SUR","lower":"SFC","lowerM":0,"upper":"1000FT AGL","upperMax":"3300FT AGL","ordinalUpperM":304,"upperM":304,"groundEstimatedHeight":[0,0,0,0],"activationCode":"H24","UId":"1562399","id":"LF910","stroke":"#f07800","stroke-width":2,"stroke-opacity":0.8,"fill":"#f07800","fill-opacity":0.3},"geometry":{"type":"Polygon","coordinates":[[[3.590267,48.603055],[3.590091,48.604498],[3.589568,48.605903],[3.58871,48.607235],[3.58754,48.608458],[3.586089,48.609542],[3.584394,48.610457],[3.582498,48.611181],[3.580451,48.611694],[3.578307,48.611984],[3.576119,48.612042],[3.573946,48.611867],[3.571844,48.611465],[3.569866,48.610844],[3.568065,48.610022],[3.566486,48.609019],[3.565171,48.607862],[3.564155,48.60658],[3.563462,48.605207],[3.563111,48.603779],[3.563111,48.602332],[3.563463,48.600903],[3.564156,48.59953],[3.565174,48.598249],[3.566489,48.597092],[3.568067,48.596089],[3.569868,48.595267],[3.571845,48.594647],[3.573947,48.594244],[3.576119,48.59407],[3.578306,48.594128],[3.58045,48.594418],[3.582496,48.594931],[3.584391,48.595654],[3.586087,48.59657],[3.587538,48.597653],[3.588708,48.598876],[3.589566,48.600207],[3.59009,48.601613],[3.590267,48.603055]]]}},{"type":"Feature","properties":{"name":"900","nameV":"SUR 900 Upper(1000FT AGL-3300FT AGL)","class":"Q","type":"SUR","lower":"SFC","lowerM":0,"upper":"1000FT AGL","upperMax":"3300FT AGL","ordinalUpperM":304,"upperM":304,"groundEstimatedHeight":[0,0,0,0],"activationCode":"H24","UId":"1562403","id":"LF900","stroke":"#f07800","stroke-width":2,"stroke-opacity":0.8,"fill":"#f07800","fill-opacity":0.3},"geometry":{"type":"Polygon","coordinates":[[[4.84978,46.69861],[4.84961,46.700053],[4.849106,46.701458],[4.848279,46.70279],[4.847151,46.704013],[4.845752,46.705097],[4.844117,46.706012],[4.842289,46.706736],[4.840316,46.707249],[4.838248,46.707539],[4.836139,46.707597],[4.834044,46.707422],[4.832016,46.70702],[4.83011,46.706399],[4.828373,46.705577],[4.826851,46.704574],[4.825583,46.703417],[4.824603,46.702135],[4.823935,46.700763],[4.823597,46.699334],[4.823597,46.697887],[4.823936,46.696458],[4.824604,46.695085],[4.825585,46.693804],[4.826853,46.692647],[4.828375,46.691645],[4.830112,46.690822],[4.832018,46.690202],[4.834045,46.6898],[4.836139,46.689625],[4.838247,46.689683],[4.840315,46.689973],[4.842288,46.690486],[4.844115,46.691209],[4.845749,46.692125],[4.847149,46.693208],[4.848277,46.694431],[4.849104,46.695762],[4.84961,46.697168],[4.84978,46.69861]]]}},{"type":"Feature","properties":{"name":"370","nameV":"SUR 370 Upper(1000FT AGL-3300FT AGL)","class":"Q","type":"SUR","lower":"SFC","lowerM":0,"upper":"1000FT AGL","upperMax":"3300FT AGL","ordinalUpperM":304,"upperM":304,"groundEstimatedHeight":[0,0,0,0],"activationCode":"H24","UId":"1562141","id":"LF370","stroke":"#f07800","stroke-width":2,"stroke-opacity":0.8,"fill":"#f07800","fill-opacity":0.3},"geometry":{"type":"Polygon","coordinates":[[[2.591927,46.389443],[2.591759,46.390886],[2.591257,46.392291],[2.590435,46.393623],[2.589313,46.394846],[2.587922,46.39593],[2.586297,46.396845],[2.584479,46.397569],[2.582517,46.398082],[2.580461,46.398372],[2.578364,46.39843],[2.576281,46.398255],[2.574265,46.397853],[2.572369,46.397232],[2.570642,46.39641],[2.569129,46.395407],[2.567868,46.39425],[2.566893,46.392968],[2.566229,46.391596],[2.565893,46.390167],[2.565893,46.38872],[2.56623,46.387291],[2.566895,46.385918],[2.56787,46.384637],[2.569131,46.38348],[2.570644,46.382478],[2.572371,46.381655],[2.574266,46.381035],[2.576281,46.380633],[2.578364,46.380458],[2.58046,46.380516],[2.582516,46.380806],[2.584478,46.381319],[2.586295,46.382042],[2.58792,46.382958],[2.589311,46.384041],[2.590433,46.385264],[2.591256,46.386595],[2.591758,46.388001],[2.591927,46.389443]]]}},{"type":"Feature","properties":{"name":"380","nameV":"SUR 380 Upper(1000FT AGL-3300FT AGL)","class":"Q","type":"SUR","lower":"SFC","lowerM":0,"upper":"1000FT AGL","upperMax":"3300FT AGL","ordinalUpperM":304,"upperM":304,"groundEstimatedHeight":[0,0,0,0],"activationCode":"H24","UId":"1562143","id":"LF380","stroke":"#f07800","stroke-width":2,"stroke-opacity":0.8,"fill":"#f07800","fill-opacity":0.3},"geometry":{"type":"Polygon","coordinates":[[[5.945879,44.208332],[5.945717,44.209775],[5.945234,44.21118],[5.944443,44.212512],[5.943364,44.213735],[5.942025,44.214819],[5.940461,44.215734],[5.938712,44.216458],[5.936824,44.216971],[5.934846,44.217261],[5.932828,44.217319],[5.930823,44.217144],[5.928883,44.216742],[5.927059,44.216121],[5.925397,44.215299],[5.923941,44.214296],[5.922728,44.213139],[5.92179,44.211857],[5.921151,44.210485],[5.920827,44.209056],[5.920828,44.207609],[5.921152,44.20618],[5.921791,44.204807],[5.92273,44.203526],[5.923943,44.202369],[5.925399,44.201367],[5.927061,44.200544],[5.928885,44.199924],[5.930824,44.199522],[5.932828,44.199347],[5.934845,44.199405],[5.936823,44.199695],[5.938711,44.200208],[5.940459,44.200932],[5.942023,44.201847],[5.943362,44.20293],[5.944441,44.204153],[5.945233,44.205485],[5.945716,44.20689],[5.945879,44.208332]]]}},{"type":"Feature","properties":{"name":"390","nameV":"SUR 390 Upper(1000FT AGL-3300FT AGL)","class":"Q","type":"SUR","lower":"SFC","lowerM":0,"upper":"1000FT AGL","upperMax":"3300FT AGL","ordinalUpperM":304,"upperM":304,"groundEstimatedHeight":[0,0,0,0],"activationCode":"H24","UId":"1562145","id":"LF390","stroke":"#f07800","stroke-width":2,"stroke-opacity":0.8,"fill":"#f07800","fill-opacity":0.3},"geometry":{"type":"Polygon","coordinates":[[[6.01446,44.064443],[6.014298,44.065886],[6.013816,44.067291],[6.013027,44.068623],[6.01195,44.069846],[6.010615,44.07093],[6.009055,44.071845],[6.00731,44.072569],[6.005427,44.073082],[6.003453,44.073372],[6.00144,44.07343],[5.99944,44.073255],[5.997505,44.072853],[5.995685,44.072232],[5.994028,44.07141],[5.992575,44.070407],[5.991365,44.06925],[5.990429,44.067968],[5.989792,44.066596],[5.989469,44.065167],[5.989469,44.06372],[5.989792,44.062291],[5.990431,44.060918],[5.991367,44.059637],[5.992577,44.05848],[5.994029,44.057478],[5.995687,44.056655],[5.997507,44.056035],[5.999441,44.055633],[6.00144,44.055458],[6.003452,44.055516],[6.005426,44.055806],[6.007309,44.056319],[6.009053,44.057043],[6.010613,44.057958],[6.011949,44.059041],[6.013025,44.060264],[6.013815,44.061596],[6.014297,44.063001],[6.01446,44.064443]]]}},{"type":"Feature","properties":{"name":"330","nameV":"SUR 330 Upper(1000FT AGL-3300FT AGL)","class":"Q","type":"SUR","lower":"SFC","lowerM":0,"upper":"1000FT AGL","upperMax":"3300FT AGL","ordinalUpperM":304,"upperM":304,"groundEstimatedHeight":[0,0,0,0],"activationCode":"H24","UId":"1562151","id":"LF330","stroke":"#f07800","stroke-width":2,"stroke-opacity":0.8,"fill":"#f07800","fill-opacity":0.3},"geometry":{"type":"Polygon","coordinates":[[[4.768365,45.404999],[4.7682,45.406442],[4.767707,45.407847],[4.766899,45.409179],[4.765797,45.410402],[4.76443,45.411486],[4.762833,45.412401],[4.761048,45.413125],[4.75912,45.413638],[4.7571,45.413928],[4.75504,45.413986],[4.752993,45.413811],[4.751013,45.413409],[4.749151,45.412788],[4.747454,45.411966],[4.745967,45.410963],[4.744729,45.409806],[4.743771,45.408524],[4.743119,45.407152],[4.742788,45.405723],[4.742789,45.404276],[4.743119,45.402847],[4.743773,45.401474],[4.744731,45.400193],[4.745969,45.399036],[4.747456,45.398034],[4.749152,45.397211],[4.751014,45.396591],[4.752994,45.396189],[4.75504,45.396014],[4.7571,45.396072],[4.759119,45.396362],[4.761046,45.396875],[4.762831,45.397598],[4.764428,45.398514],[4.765795,45.399597],[4.766897,45.40082],[4.767705,45.402151],[4.768199,45.403557],[4.768365,45.404999]]]}},{"type":"Feature","properties":{"name":"340","nameV":"SUR 340 Upper(1000FT AGL-3300FT AGL)","class":"Q","type":"SUR","lower":"SFC","lowerM":0,"upper":"1000FT AGL","upperMax":"3300FT AGL","ordinalUpperM":304,"upperM":304,"groundEstimatedHeight":[0,0,0,0],"activationCode":"H24","UId":"1562155","id":"LF340","stroke":"#f07800","stroke-width":2,"stroke-opacity":0.8,"fill":"#f07800","fill-opacity":0.3},"geometry":{"type":"Polygon","coordinates":[[[4.768193,44.631388],[4.76803,44.632831],[4.767544,44.634236],[4.766747,44.635568],[4.76566,44.636791],[4.764311,44.637875],[4.762736,44.63879],[4.760974,44.639514],[4.759072,44.640027],[4.757079,44.640317],[4.755047,44.640375],[4.753028,44.6402],[4.751074,44.639798],[4.749237,44.639177],[4.747563,44.638355],[4.746096,44.637352],[4.744874,44.636195],[4.743929,44.634913],[4.743285,44.633541],[4.74296,44.632112],[4.74296,44.630665],[4.743286,44.629236],[4.743931,44.627863],[4.744876,44.626582],[4.746098,44.625425],[4.747565,44.624423],[4.749238,44.6236],[4.751075,44.62298],[4.753029,44.622578],[4.755047,44.622403],[4.757079,44.622461],[4.759071,44.622751],[4.760973,44.623264],[4.762734,44.623988],[4.764309,44.624903],[4.765658,44.625986],[4.766745,44.627209],[4.767542,44.628541],[4.768029,44.629946],[4.768193,44.631388]]]}},{"type":"Feature","properties":{"name":"350","nameV":"SUR 350 Upper(1000FT AGL-3300FT AGL)","class":"Q","type":"SUR","lower":"SFC","lowerM":0,"upper":"1000FT AGL","upperMax":"3300FT AGL","ordinalUpperM":304,"upperM":304,"groundEstimatedHeight":[0,0,0,0],"activationCode":"H24","UId":"1562159","id":"LF350","stroke":"#f07800","stroke-width":2,"stroke-opacity":0.8,"fill":"#f07800","fill-opacity":0.3},"geometry":{"type":"Polygon","coordinates":[[[4.744794,44.329721],[4.744632,44.331164],[4.744148,44.332569],[4.743355,44.333901],[4.742274,44.335124],[4.740932,44.336208],[4.739365,44.337123],[4.737612,44.337847],[4.73572,44.33836],[4.733738,44.33865],[4.731716,44.338708],[4.729707,44.338533],[4.727763,44.338131],[4.725935,44.33751],[4.72427,44.336688],[4.722811,44.335685],[4.721595,44.334528],[4.720655,44.333246],[4.720015,44.331874],[4.71969,44.330445],[4.719691,44.328998],[4.720016,44.327569],[4.720657,44.326196],[4.721597,44.324915],[4.722813,44.323758],[4.724272,44.322756],[4.725937,44.321933],[4.727765,44.321313],[4.729708,44.320911],[4.731716,44.320736],[4.733737,44.320794],[4.735719,44.321084],[4.737611,44.321597],[4.739363,44.322321],[4.74093,44.323236],[4.742272,44.324319],[4.743353,44.325542],[4.744147,44.326874],[4.744631,44.328279],[4.744794,44.329721]]]}},{"type":"Feature","properties":{"name":"360","nameV":"SUR 360 Upper(1000FT AGL-3300FT AGL)","class":"Q","type":"SUR","lower":"SFC","lowerM":0,"upper":"1000FT AGL","upperMax":"3300FT AGL","ordinalUpperM":304,"upperM":304,"groundEstimatedHeight":[0,0,0,0],"activationCode":"H24","UId":"1562161","id":"LF360","stroke":"#f07800","stroke-width":2,"stroke-opacity":0.8,"fill":"#f07800","fill-opacity":0.3},"geometry":{"type":"Polygon","coordinates":[[[5.48789,45.758332],[5.487723,45.759775],[5.487227,45.76118],[5.486414,45.762512],[5.485306,45.763735],[5.48393,45.764819],[5.482323,45.765734],[5.480527,45.766458],[5.478587,45.766971],[5.476554,45.767261],[5.474481,45.767319],[5.472421,45.767144],[5.470428,45.766742],[5.468554,45.766121],[5.466847,45.765299],[5.465351,45.764296],[5.464105,45.763139],[5.463141,45.761857],[5.462484,45.760485],[5.462152,45.759056],[5.462152,45.757609],[5.462485,45.75618],[5.463142,45.754807],[5.464106,45.753526],[5.465353,45.752369],[5.466849,45.751367],[5.468556,45.750544],[5.47043,45.749924],[5.472422,45.749522],[5.474481,45.749347],[5.476553,45.749405],[5.478586,45.749695],[5.480525,45.750208],[5.482321,45.750931],[5.483928,45.751847],[5.485304,45.75293],[5.486413,45.754153],[5.487226,45.755484],[5.487723,45.75689],[5.48789,45.758332]]]}},{"type":"Feature","properties":{"name":"450","nameV":"SUR 450 Upper(1000FT AGL-3300FT AGL)","class":"Q","type":"SUR","lower":"SFC","lowerM":0,"upper":"1000FT AGL","upperMax":"3300FT AGL","ordinalUpperM":304,"upperM":304,"groundEstimatedHeight":[0,0,0,0],"activationCode":"H24","UId":"1562165","id":"LF450","stroke":"#f07800","stroke-width":2,"stroke-opacity":0.8,"fill":"#f07800","fill-opacity":0.3},"geometry":{"type":"Polygon","coordinates":[[[6.436009,43.502221],[6.435849,43.503664],[6.435372,43.505069],[6.43459,43.506401],[6.433524,43.507624],[6.432201,43.508708],[6.430655,43.509623],[6.428927,43.510347],[6.427061,43.51086],[6.425106,43.51115],[6.423112,43.511208],[6.421131,43.511033],[6.419214,43.510631],[6.417411,43.51001],[6.415769,43.509188],[6.41433,43.508185],[6.413131,43.507028],[6.412204,43.505746],[6.411572,43.504374],[6.411253,43.502945],[6.411253,43.501498],[6.411573,43.500069],[6.412205,43.498696],[6.413133,43.497415],[6.414332,43.496258],[6.415771,43.495256],[6.417413,43.494433],[6.419215,43.493813],[6.421131,43.493411],[6.423112,43.493236],[6.425105,43.493294],[6.42706,43.493584],[6.428925,43.494097],[6.430653,43.494821],[6.432199,43.495736],[6.433522,43.496819],[6.434589,43.498042],[6.435371,43.499374],[6.435849,43.500779],[6.436009,43.502221]]]}},{"type":"Feature","properties":{"name":"460","nameV":"SUR 460 Upper(1000FT AGL-3300FT AGL)","class":"Q","type":"SUR","lower":"SFC","lowerM":0,"upper":"1000FT AGL","upperMax":"3300FT AGL","ordinalUpperM":304,"upperM":304,"groundEstimatedHeight":[0,0,0,0],"activationCode":"H24","UId":"1562169","id":"LF460","stroke":"#f07800","stroke-width":2,"stroke-opacity":0.8,"fill":"#f07800","fill-opacity":0.3},"geometry":{"type":"Polygon","coordinates":[[[4.669402,43.791666],[4.669241,43.793109],[4.668762,43.794514],[4.667976,43.795846],[4.666905,43.797069],[4.665575,43.798153],[4.664022,43.799068],[4.662286,43.799792],[4.660411,43.800305],[4.658446,43.800595],[4.656442,43.800653],[4.654452,43.800478],[4.652526,43.800076],[4.650714,43.799455],[4.649064,43.798633],[4.647618,43.79763],[4.646413,43.796473],[4.645482,43.795191],[4.644847,43.793819],[4.644526,43.79239],[4.644526,43.790943],[4.644848,43.789514],[4.645483,43.788141],[4.646415,43.78686],[4.64762,43.785703],[4.649066,43.784701],[4.650716,43.783878],[4.652527,43.783258],[4.654452,43.782856],[4.656442,43.782681],[4.658445,43.782739],[4.66041,43.783029],[4.662284,43.783542],[4.66402,43.784266],[4.665573,43.785181],[4.666903,43.786264],[4.667975,43.787487],[4.668761,43.788819],[4.669241,43.790224],[4.669402,43.791666]]]}},{"type":"Feature","properties":{"name":"470","nameV":"SUR 470 Upper(1000FT AGL-3300FT AGL)","class":"Q","type":"SUR","lower":"SFC","lowerM":0,"upper":"1000FT AGL","upperMax":"3300FT AGL","ordinalUpperM":304,"upperM":304,"groundEstimatedHeight":[0,0,0,0],"activationCode":"H24","UId":"1562173","id":"LF470","stroke":"#f07800","stroke-width":2,"stroke-opacity":0.8,"fill":"#f07800","fill-opacity":0.3},"geometry":{"type":"Polygon","coordinates":[[[4.875829,43.969166],[4.875667,43.970609],[4.875186,43.972014],[4.874398,43.973346],[4.873323,43.974569],[4.87199,43.975653],[4.870432,43.976568],[4.86869,43.977292],[4.86681,43.977805],[4.864839,43.978095],[4.86283,43.978153],[4.860833,43.977978],[4.858901,43.977576],[4.857084,43.976955],[4.855429,43.976133],[4.853979,43.97513],[4.852771,43.973973],[4.851837,43.972691],[4.8512,43.971319],[4.850878,43.96989],[4.850878,43.968443],[4.851201,43.967014],[4.851838,43.965641],[4.852773,43.96436],[4.853981,43.963203],[4.855431,43.962201],[4.857086,43.961378],[4.858903,43.960758],[4.860834,43.960356],[4.86283,43.960181],[4.864839,43.960239],[4.866809,43.960529],[4.868689,43.961042],[4.87043,43.961766],[4.871988,43.962681],[4.873322,43.963764],[4.874396,43.964987],[4.875185,43.966319],[4.875666,43.967724],[4.875829,43.969166]]]}},{"type":"Feature","properties":{"name":"480","nameV":"SUR 480 Upper(1000FT AGL-3300FT AGL)","class":"Q","type":"SUR","lower":"SFC","lowerM":0,"upper":"1000FT AGL","upperMax":"3300FT AGL","ordinalUpperM":304,"upperM":304,"groundEstimatedHeight":[0,0,0,0],"activationCode":"H24","UId":"1562175","id":"LF480","stroke":"#f07800","stroke-width":2,"stroke-opacity":0.8,"fill":"#f07800","fill-opacity":0.3},"geometry":{"type":"Polygon","coordinates":[[[6.916601,43.674999],[6.91644,43.676442],[6.915962,43.677847],[6.915178,43.679179],[6.914108,43.680402],[6.912781,43.681486],[6.911231,43.682401],[6.909498,43.683125],[6.907627,43.683638],[6.905666,43.683928],[6.903666,43.683986],[6.901679,43.683811],[6.899757,43.683409],[6.897949,43.682788],[6.896302,43.681966],[6.894859,43.680963],[6.893657,43.679806],[6.892727,43.678524],[6.892094,43.677152],[6.891773,43.675723],[6.891773,43.674276],[6.892095,43.672847],[6.892729,43.671474],[6.893659,43.670193],[6.894861,43.669036],[6.896304,43.668034],[6.897951,43.667211],[6.899758,43.666591],[6.90168,43.666189],[6.903666,43.666014],[6.905666,43.666072],[6.907626,43.666362],[6.909497,43.666875],[6.91123,43.667599],[6.912779,43.668514],[6.914106,43.669597],[6.915176,43.67082],[6.915961,43.672152],[6.91644,43.673557],[6.916601,43.674999]]]}},{"type":"Feature","properties":{"name":"410","nameV":"SUR 410 Upper(1000FT AGL-3300FT AGL)","class":"Q","type":"SUR","lower":"SFC","lowerM":0,"upper":"1000FT AGL","upperMax":"3300FT AGL","ordinalUpperM":304,"upperM":304,"groundEstimatedHeight":[0,0,0,0],"activationCode":"H24","UId":"1562177","id":"LF410","stroke":"#f07800","stroke-width":2,"stroke-opacity":0.8,"fill":"#f07800","fill-opacity":0.3},"geometry":{"type":"Polygon","coordinates":[[[4.034417,46.345832],[4.034249,46.347275],[4.033747,46.34868],[4.032926,46.350012],[4.031805,46.351235],[4.030415,46.352319],[4.028791,46.353234],[4.026975,46.353958],[4.025014,46.354471],[4.02296,46.354761],[4.020864,46.354819],[4.018783,46.354644],[4.016769,46.354242],[4.014874,46.353621],[4.013149,46.352799],[4.011636,46.351796],[4.010377,46.350639],[4.009403,46.349357],[4.008739,46.347985],[4.008403,46.346556],[4.008404,46.345109],[4.00874,46.34368],[4.009404,46.342307],[4.010379,46.341026],[4.011639,46.339869],[4.013151,46.338867],[4.014876,46.338044],[4.01677,46.337424],[4.018784,46.337022],[4.020865,46.336847],[4.022959,46.336905],[4.025013,46.337195],[4.026973,46.337708],[4.028789,46.338431],[4.030413,46.339347],[4.031803,46.34043],[4.032924,46.341653],[4.033746,46.342984],[4.034248,46.34439],[4.034417,46.345832]]]}},{"type":"Feature","properties":{"name":"420","nameV":"SUR 420 Upper(1000FT AGL-3300FT AGL)","class":"Q","type":"SUR","lower":"SFC","lowerM":0,"upper":"1000FT AGL","upperMax":"3300FT AGL","ordinalUpperM":304,"upperM":304,"groundEstimatedHeight":[0,0,0,0],"activationCode":"H24","UId":"1562181","id":"LF420","stroke":"#f07800","stroke-width":2,"stroke-opacity":0.8,"fill":"#f07800","fill-opacity":0.3},"geometry":{"type":"Polygon","coordinates":[[[4.648552,43.706388],[4.648391,43.707831],[4.647912,43.709236],[4.647127,43.710568],[4.646057,43.711791],[4.64473,43.712875],[4.643179,43.71379],[4.641445,43.714514],[4.639573,43.715027],[4.637611,43.715317],[4.63561,43.715375],[4.633622,43.7152],[4.631699,43.714798],[4.62989,43.714177],[4.628242,43.713355],[4.626798,43.712352],[4.625595,43.711195],[4.624665,43.709913],[4.624031,43.708541],[4.623711,43.707112],[4.623711,43.705665],[4.624032,43.704236],[4.624667,43.702863],[4.625597,43.701582],[4.6268,43.700425],[4.628244,43.699423],[4.629891,43.6986],[4.6317,43.69798],[4.633623,43.697578],[4.63561,43.697403],[4.63761,43.697461],[4.639572,43.697751],[4.641443,43.698264],[4.643177,43.698988],[4.644728,43.699903],[4.646056,43.700986],[4.647126,43.702209],[4.647911,43.703541],[4.64839,43.704946],[4.648552,43.706388]]]}},{"type":"Feature","properties":{"name":"430","nameV":"SUR 430 Upper(1000FT AGL-3300FT AGL)","class":"Q","type":"SUR","lower":"SFC","lowerM":0,"upper":"1000FT AGL","upperMax":"3300FT AGL","ordinalUpperM":304,"upperM":304,"groundEstimatedHeight":[0,0,0,0],"activationCode":"H24","UId":"1562183","id":"LF430","stroke":"#f07800","stroke-width":2,"stroke-opacity":0.8,"fill":"#f07800","fill-opacity":0.3},"geometry":{"type":"Polygon","coordinates":[[[5.060758,43.633055],[5.060598,43.634498],[5.06012,43.635903],[5.059336,43.637235],[5.058267,43.638458],[5.056941,43.639542],[5.055392,43.640457],[5.05366,43.641181],[5.05179,43.641694],[5.049831,43.641984],[5.047833,43.642042],[5.045847,43.641867],[5.043926,43.641465],[5.042119,43.640844],[5.040474,43.640022],[5.039031,43.639019],[5.03783,43.637862],[5.036901,43.63658],[5.036268,43.635208],[5.035948,43.633779],[5.035948,43.632332],[5.036269,43.630903],[5.036903,43.62953],[5.037832,43.628249],[5.039033,43.627092],[5.040475,43.62609],[5.042121,43.625267],[5.043927,43.624647],[5.045848,43.624245],[5.047833,43.62407],[5.049831,43.624128],[5.051789,43.624418],[5.053659,43.624931],[5.055391,43.625655],[5.056939,43.62657],[5.058266,43.627653],[5.059334,43.628876],[5.060118,43.630208],[5.060597,43.631613],[5.060758,43.633055]]]}},{"type":"Feature","properties":{"name":"440","nameV":"SUR 440 Upper(1000FT AGL-3300FT AGL)","class":"Q","type":"SUR","lower":"SFC","lowerM":0,"upper":"1000FT AGL","upperMax":"3300FT AGL","ordinalUpperM":304,"upperM":304,"groundEstimatedHeight":[0,0,0,0],"activationCode":"H24","UId":"1562185","id":"LF440","stroke":"#f07800","stroke-width":2,"stroke-opacity":0.8,"fill":"#f07800","fill-opacity":0.3},"geometry":{"type":"Polygon","coordinates":[[[6.068996,43.159443],[6.068836,43.160886],[6.068362,43.162291],[6.067584,43.163623],[6.066524,43.164846],[6.065208,43.16593],[6.063671,43.166845],[6.061953,43.167569],[6.060098,43.168082],[6.058153,43.168372],[6.05617,43.16843],[6.054201,43.168255],[6.052295,43.167853],[6.050502,43.167232],[6.048869,43.16641],[6.047438,43.165407],[6.046246,43.16425],[6.045324,43.162968],[6.044696,43.161596],[6.044378,43.160167],[6.044378,43.15872],[6.044697,43.157291],[6.045325,43.155918],[6.046248,43.154637],[6.04744,43.15348],[6.048871,43.152478],[6.050503,43.151655],[6.052296,43.151035],[6.054201,43.150633],[6.056171,43.150458],[6.058153,43.150516],[6.060097,43.150806],[6.061952,43.151319],[6.06367,43.152043],[6.065206,43.152958],[6.066522,43.154041],[6.067583,43.155264],[6.068361,43.156596],[6.068836,43.158001],[6.068996,43.159443]]]}},{"type":"Feature","properties":{"name":"320","nameV":"SUR 320 Upper(1000FT AGL-3300FT AGL)","class":"Q","type":"SUR","lower":"SFC","lowerM":0,"upper":"1000FT AGL","upperMax":"3300FT AGL","ordinalUpperM":304,"upperM":304,"groundEstimatedHeight":[0,0,0,0],"activationCode":"H24","UId":"1562221","id":"LF320","stroke":"#f07800","stroke-width":2,"stroke-opacity":0.8,"fill":"#f07800","fill-opacity":0.3},"geometry":{"type":"Polygon","coordinates":[[[5.285399,45.795555],[5.285232,45.796998],[5.284735,45.798403],[5.283922,45.799735],[5.282813,45.800958],[5.281436,45.802042],[5.279828,45.802957],[5.27803,45.803681],[5.276089,45.804194],[5.274055,45.804484],[5.271981,45.804542],[5.26992,45.804367],[5.267925,45.803965],[5.26605,45.803344],[5.264341,45.802522],[5.262844,45.801519],[5.261597,45.800362],[5.260633,45.79908],[5.259976,45.797708],[5.259643,45.796279],[5.259643,45.794832],[5.259977,45.793403],[5.260634,45.79203],[5.261599,45.790749],[5.262846,45.789592],[5.264343,45.78859],[5.266052,45.787767],[5.267927,45.787147],[5.26992,45.786745],[5.271981,45.78657],[5.274055,45.786628],[5.276088,45.786918],[5.278029,45.787431],[5.279826,45.788154],[5.281434,45.78907],[5.282811,45.790153],[5.28392,45.791376],[5.284734,45.792707],[5.285231,45.794113],[5.285399,45.795555]]]}},{"type":"Feature","properties":{"name":"310","nameV":"SUR 310 Upper(1000FT AGL-3300FT AGL)","class":"Q","type":"SUR","lower":"SFC","lowerM":0,"upper":"1000FT AGL","upperMax":"3300FT AGL","ordinalUpperM":304,"upperM":304,"groundEstimatedHeight":[0,0,0,0],"activationCode":"H24","UId":"1562225","id":"LF310","stroke":"#f07800","stroke-width":2,"stroke-opacity":0.8,"fill":"#f07800","fill-opacity":0.3},"geometry":{"type":"Polygon","coordinates":[[[5.939533,43.071666],[5.939374,43.073109],[5.9389,43.074514],[5.938124,43.075846],[5.937065,43.077069],[5.935751,43.078153],[5.934216,43.079068],[5.9325,43.079792],[5.930648,43.080305],[5.928706,43.080595],[5.926726,43.080653],[5.924759,43.080478],[5.922856,43.080076],[5.921066,43.079455],[5.919435,43.078633],[5.918006,43.07763],[5.916816,43.076473],[5.915895,43.075191],[5.915268,43.073819],[5.914951,43.07239],[5.914951,43.070943],[5.915269,43.069514],[5.915897,43.068141],[5.916818,43.06686],[5.918008,43.065703],[5.919437,43.064701],[5.921067,43.063878],[5.922857,43.063258],[5.92476,43.062856],[5.926726,43.062681],[5.928706,43.062739],[5.930647,43.063029],[5.932499,43.063542],[5.934215,43.064266],[5.935749,43.065181],[5.937063,43.066264],[5.938122,43.067487],[5.938899,43.068819],[5.939373,43.070224],[5.939533,43.071666]]]}},{"type":"Feature","properties":{"name":"670","nameV":"SUR 670 Upper(1000FT AGL-3300FT AGL)","class":"Q","type":"SUR","lower":"SFC","lowerM":0,"upper":"1000FT AGL","upperMax":"3300FT AGL","ordinalUpperM":304,"upperM":304,"groundEstimatedHeight":[0,0,0,0],"activationCode":"H24","UId":"1562241","id":"LF670","stroke":"#f07800","stroke-width":2,"stroke-opacity":0.8,"fill":"#f07800","fill-opacity":0.3},"geometry":{"type":"Polygon","coordinates":[[[1.935494,47.344443],[1.935323,47.345886],[1.934812,47.347291],[1.933975,47.348623],[1.932834,47.349846],[1.931417,47.35093],[1.929763,47.351845],[1.927913,47.352569],[1.925915,47.353082],[1.923822,47.353372],[1.921687,47.35343],[1.919567,47.353255],[1.917515,47.352853],[1.915585,47.352232],[1.913827,47.35141],[1.912286,47.350407],[1.911003,47.34925],[1.910011,47.347968],[1.909335,47.346595],[1.908992,47.345167],[1.908993,47.34372],[1.909336,47.342291],[1.910013,47.340918],[1.911005,47.339637],[1.912289,47.33848],[1.913829,47.337478],[1.915587,47.336655],[1.917516,47.336035],[1.919568,47.335633],[1.921688,47.335458],[1.923822,47.335516],[1.925914,47.335806],[1.927911,47.336319],[1.929761,47.337042],[1.931415,47.337958],[1.932831,47.339041],[1.933973,47.340264],[1.934811,47.341595],[1.935322,47.343001],[1.935494,47.344443]]]}},{"type":"Feature","properties":{"name":"680","nameV":"SUR 680 Upper(1000FT AGL-3300FT AGL)","class":"Q","type":"SUR","lower":"SFC","lowerM":0,"upper":"1000FT AGL","upperMax":"3300FT AGL","ordinalUpperM":304,"upperM":304,"groundEstimatedHeight":[0,0,0,0],"activationCode":"H24","UId":"1562243","id":"LF680","stroke":"#f07800","stroke-width":2,"stroke-opacity":0.8,"fill":"#f07800","fill-opacity":0.3},"geometry":{"type":"Polygon","coordinates":[[[3.087062,48.042221],[3.086888,48.043664],[3.086371,48.045069],[3.085522,48.046401],[3.084366,48.047624],[3.08293,48.048708],[3.081253,48.049623],[3.079378,48.050347],[3.077354,48.05086],[3.075233,48.05115],[3.073069,48.051208],[3.07092,48.051033],[3.06884,48.050631],[3.066884,48.05001],[3.065103,48.049188],[3.063541,48.048185],[3.062241,48.047028],[3.061235,48.045746],[3.06055,48.044373],[3.060203,48.042945],[3.060204,48.041498],[3.060551,48.040069],[3.061237,48.038696],[3.062243,48.037415],[3.063544,48.036258],[3.065105,48.035255],[3.066886,48.034433],[3.068842,48.033813],[3.070921,48.03341],[3.073069,48.033236],[3.075232,48.033294],[3.077353,48.033584],[3.079377,48.034097],[3.081251,48.03482],[3.082928,48.035736],[3.084363,48.036819],[3.08552,48.038042],[3.086369,48.039373],[3.086888,48.040779],[3.087062,48.042221]]]}},{"type":"Feature","properties":{"name":"710","nameV":"SUR 710 Upper(1000FT AGL-3300FT AGL)","class":"Q","type":"SUR","lower":"SFC","lowerM":0,"upper":"1000FT AGL","upperMax":"3300FT AGL","ordinalUpperM":304,"upperM":304,"groundEstimatedHeight":[0,0,0,0],"activationCode":"H24","UId":"1562247","id":"LF710","stroke":"#f07800","stroke-width":2,"stroke-opacity":0.8,"fill":"#f07800","fill-opacity":0.3},"geometry":{"type":"Polygon","coordinates":[[[3.530244,48.516666],[3.530068,48.518109],[3.529546,48.519514],[3.52869,48.520846],[3.527522,48.522069],[3.526073,48.523153],[3.524381,48.524068],[3.522488,48.524792],[3.520445,48.525305],[3.518304,48.525595],[3.51612,48.525653],[3.513951,48.525478],[3.511852,48.525076],[3.509878,48.524455],[3.508079,48.523633],[3.506504,48.52263],[3.505191,48.521473],[3.504176,48.520191],[3.503484,48.518818],[3.503134,48.51739],[3.503135,48.515943],[3.503485,48.514514],[3.504178,48.513141],[3.505193,48.51186],[3.506506,48.510703],[3.508082,48.5097],[3.50988,48.508878],[3.511853,48.508258],[3.513952,48.507855],[3.51612,48.507681],[3.518303,48.507739],[3.520444,48.508029],[3.522486,48.508542],[3.524378,48.509265],[3.526071,48.510181],[3.52752,48.511264],[3.528688,48.512487],[3.529544,48.513818],[3.530067,48.515224],[3.530244,48.516666]]]}},{"type":"Feature","properties":{"name":"720","nameV":"SUR 720 Upper(1000FT AGL-3300FT AGL)","class":"Q","type":"SUR","lower":"SFC","lowerM":0,"upper":"1000FT AGL","upperMax":"3300FT AGL","ordinalUpperM":304,"upperM":304,"groundEstimatedHeight":[0,0,0,0],"activationCode":"H24","UId":"1562251","id":"LF720","stroke":"#f07800","stroke-width":2,"stroke-opacity":0.8,"fill":"#f07800","fill-opacity":0.3},"geometry":{"type":"Polygon","coordinates":[[[2.879979,47.499999],[2.879807,47.501442],[2.879294,47.502847],[2.878455,47.504179],[2.87731,47.505402],[2.875889,47.506486],[2.87423,47.507401],[2.872374,47.508125],[2.870371,47.508638],[2.868272,47.508928],[2.866131,47.508986],[2.864004,47.508811],[2.861946,47.508409],[2.86001,47.507788],[2.858247,47.506966],[2.856702,47.505963],[2.855415,47.504806],[2.85442,47.503524],[2.853742,47.502151],[2.853398,47.500723],[2.853399,47.499276],[2.853743,47.497847],[2.854421,47.496474],[2.855417,47.495193],[2.856704,47.494036],[2.858249,47.493034],[2.860012,47.492211],[2.861947,47.491591],[2.864005,47.491189],[2.866131,47.491014],[2.868271,47.491072],[2.87037,47.491362],[2.872373,47.491875],[2.874228,47.492598],[2.875887,47.493514],[2.877308,47.494597],[2.878453,47.49582],[2.879293,47.497151],[2.879806,47.498557],[2.879979,47.499999]]]}},{"type":"Feature","properties":{"name":"690","nameV":"SUR 690 Upper(1000FT AGL-3300FT AGL)","class":"Q","type":"SUR","lower":"SFC","lowerM":0,"upper":"1000FT AGL","upperMax":"3300FT AGL","ordinalUpperM":304,"upperM":304,"groundEstimatedHeight":[0,0,0,0],"activationCode":"H24","UId":"1562255","id":"LF690","stroke":"#f07800","stroke-width":2,"stroke-opacity":0.8,"fill":"#f07800","fill-opacity":0.3},"geometry":{"type":"Polygon","coordinates":[[[0.650894,49.859166],[0.650714,49.860609],[0.650177,49.862014],[0.649297,49.863346],[0.648098,49.864569],[0.646609,49.865653],[0.64487,49.866568],[0.642925,49.867292],[0.640826,49.867805],[0.638626,49.868095],[0.636382,49.868153],[0.634153,49.867978],[0.631996,49.867576],[0.629968,49.866955],[0.62812,49.866133],[0.626501,49.86513],[0.625152,49.863973],[0.624109,49.862691],[0.623399,49.861318],[0.623039,49.85989],[0.623039,49.858443],[0.6234,49.857014],[0.624111,49.855641],[0.625155,49.85436],[0.626503,49.853203],[0.628123,49.8522],[0.62997,49.851378],[0.631998,49.850758],[0.634154,49.850355],[0.636382,49.850181],[0.638625,49.850239],[0.640824,49.850529],[0.642923,49.851042],[0.644867,49.851765],[0.646606,49.852681],[0.648095,49.853764],[0.649295,49.854987],[0.650175,49.856318],[0.650713,49.857724],[0.650894,49.859166]]]}},{"type":"Feature","properties":{"name":"700","nameV":"SUR 700 Upper(1000FT AGL-3300FT AGL)","class":"Q","type":"SUR","lower":"SFC","lowerM":0,"upper":"1000FT AGL","upperMax":"3300FT AGL","ordinalUpperM":304,"upperM":304,"groundEstimatedHeight":[0,0,0,0],"activationCode":"H24","UId":"1562259","id":"LF700","stroke":"#f07800","stroke-width":2,"stroke-opacity":0.8,"fill":"#f07800","fill-opacity":0.3},"geometry":{"type":"Polygon","coordinates":[[[2.329307,47.036388],[2.329136,47.037831],[2.328628,47.039236],[2.327796,47.040568],[2.326661,47.041791],[2.325253,47.042875],[2.323608,47.04379],[2.321769,47.044514],[2.319783,47.045027],[2.317702,47.045317],[2.31558,47.045375],[2.313471,47.0452],[2.311431,47.044798],[2.309512,47.044177],[2.307764,47.043355],[2.306233,47.042352],[2.304957,47.041195],[2.303971,47.039913],[2.303298,47.038541],[2.302958,47.037112],[2.302958,47.035665],[2.303299,47.034236],[2.303972,47.032863],[2.304959,47.031582],[2.306235,47.030425],[2.307767,47.029423],[2.309514,47.0286],[2.311433,47.02798],[2.313472,47.027578],[2.31558,47.027403],[2.317701,47.027461],[2.319782,47.027751],[2.321767,47.028264],[2.323606,47.028987],[2.325251,47.029903],[2.326659,47.030986],[2.327794,47.032209],[2.328627,47.03354],[2.329135,47.034946],[2.329307,47.036388]]]}},{"type":"Feature","properties":{"name":"750","nameV":"SUR 750 Upper(1000FT AGL-3300FT AGL)","class":"Q","type":"SUR","lower":"SFC","lowerM":0,"upper":"1000FT AGL","upperMax":"3300FT AGL","ordinalUpperM":304,"upperM":304,"groundEstimatedHeight":[0,0,0,0],"activationCode":"H24","UId":"1562263","id":"LF750","stroke":"#f07800","stroke-width":2,"stroke-opacity":0.8,"fill":"#f07800","fill-opacity":0.3},"geometry":{"type":"Polygon","coordinates":[[[1.227872,49.972221],[1.227691,49.973664],[1.227153,49.975069],[1.226271,49.976401],[1.225069,49.977624],[1.223577,49.978708],[1.221833,49.979623],[1.219884,49.980347],[1.21778,49.98086],[1.215575,49.98115],[1.213326,49.981208],[1.211092,49.981033],[1.20893,49.980631],[1.206896,49.98001],[1.205044,49.979188],[1.203421,49.978185],[1.20207,49.977028],[1.201024,49.975746],[1.200312,49.974373],[1.199951,49.972945],[1.199952,49.971498],[1.200313,49.970069],[1.201026,49.968696],[1.202072,49.967415],[1.203424,49.966258],[1.205047,49.965255],[1.206899,49.964433],[1.208931,49.963813],[1.211093,49.96341],[1.213326,49.963236],[1.215574,49.963294],[1.217779,49.963584],[1.219882,49.964097],[1.221831,49.96482],[1.223574,49.965736],[1.225066,49.966819],[1.226269,49.968042],[1.227151,49.969373],[1.22769,49.970779],[1.227872,49.972221]]]}},{"type":"Feature","properties":{"name":"730","nameV":"SUR 730 Upper(1000FT AGL-3300FT AGL)","class":"Q","type":"SUR","lower":"SFC","lowerM":0,"upper":"1000FT AGL","upperMax":"3300FT AGL","ordinalUpperM":304,"upperM":304,"groundEstimatedHeight":[0,0,0,0],"activationCode":"H24","UId":"1562271","id":"LF730","stroke":"#f07800","stroke-width":2,"stroke-opacity":0.8,"fill":"#f07800","fill-opacity":0.3},"geometry":{"type":"Polygon","coordinates":[[[4.797348,50.083332],[4.797167,50.084775],[4.796628,50.08618],[4.795744,50.087512],[4.794539,50.088735],[4.793043,50.089819],[4.791296,50.090734],[4.789342,50.091458],[4.787233,50.091971],[4.785023,50.092261],[4.782769,50.092319],[4.780529,50.092144],[4.778362,50.091742],[4.776324,50.091121],[4.774468,50.090299],[4.772841,50.089296],[4.771486,50.088139],[4.770438,50.086857],[4.769724,50.085484],[4.769363,50.084056],[4.769363,50.082609],[4.769726,50.08118],[4.77044,50.079807],[4.771489,50.078526],[4.772844,50.077369],[4.77447,50.076366],[4.776327,50.075544],[4.778364,50.074924],[4.78053,50.074521],[4.782769,50.074347],[4.785022,50.074405],[4.787232,50.074695],[4.78934,50.075208],[4.791293,50.075931],[4.79304,50.076847],[4.794536,50.07793],[4.795742,50.079153],[4.796626,50.080484],[4.797166,50.08189],[4.797348,50.083332]]]}},{"type":"Feature","properties":{"name":"740","nameV":"SUR 740 Upper(1000FT AGL-3300FT AGL)","class":"Q","type":"SUR","lower":"SFC","lowerM":0,"upper":"1000FT AGL","upperMax":"3300FT AGL","ordinalUpperM":304,"upperM":304,"groundEstimatedHeight":[0,0,0,0],"activationCode":"H24","UId":"1562275","id":"LF740","stroke":"#f07800","stroke-width":2,"stroke-opacity":0.8,"fill":"#f07800","fill-opacity":0.3},"geometry":{"type":"Polygon","coordinates":[[[2.969155,48.599999],[2.968979,48.601442],[2.968456,48.602847],[2.967598,48.604179],[2.966429,48.605402],[2.964978,48.606486],[2.963282,48.607401],[2.961387,48.608125],[2.95934,48.608638],[2.957195,48.608928],[2.955008,48.608986],[2.952835,48.608811],[2.950733,48.608409],[2.948755,48.607788],[2.946954,48.606966],[2.945376,48.605963],[2.944061,48.604806],[2.943044,48.603524],[2.942352,48.602151],[2.942001,48.600723],[2.942001,48.599276],[2.942353,48.597847],[2.943046,48.596474],[2.944063,48.595193],[2.945378,48.594036],[2.946957,48.593033],[2.948758,48.592211],[2.950735,48.591591],[2.952836,48.591188],[2.955009,48.591014],[2.957195,48.591072],[2.959339,48.591362],[2.961385,48.591875],[2.96328,48.592598],[2.964975,48.593514],[2.966427,48.594597],[2.967596,48.59582],[2.968454,48.597151],[2.968979,48.598557],[2.969155,48.599999]]]}},{"type":"Feature","properties":{"name":"780","nameV":"SUR 780 Upper(1000FT AGL-3300FT AGL)","class":"Q","type":"SUR","lower":"SFC","lowerM":0,"upper":"1000FT AGL","upperMax":"3300FT AGL","ordinalUpperM":304,"upperM":304,"groundEstimatedHeight":[0,0,0,0],"activationCode":"H24","UId":"1562277","id":"LF780","stroke":"#f07800","stroke-width":2,"stroke-opacity":0.8,"fill":"#f07800","fill-opacity":0.3},"geometry":{"type":"Polygon","coordinates":[[[3.650918,47.916666],[3.650745,47.918109],[3.650229,47.919514],[3.649382,47.920846],[3.648228,47.922069],[3.646796,47.923153],[3.645124,47.924068],[3.643253,47.924792],[3.641234,47.925305],[3.639118,47.925595],[3.63696,47.925653],[3.634816,47.925478],[3.632741,47.925076],[3.63079,47.924455],[3.629012,47.923633],[3.627455,47.92263],[3.626158,47.921473],[3.625154,47.920191],[3.624471,47.918818],[3.624125,47.91739],[3.624125,47.915943],[3.624472,47.914514],[3.625156,47.913141],[3.62616,47.91186],[3.627457,47.910703],[3.629015,47.9097],[3.630792,47.908878],[3.632743,47.908258],[3.634816,47.907855],[3.63696,47.907681],[3.639117,47.907739],[3.641233,47.908029],[3.643252,47.908542],[3.645121,47.909265],[3.646794,47.910181],[3.648226,47.911264],[3.649381,47.912487],[3.650227,47.913818],[3.650744,47.915224],[3.650918,47.916666]]]}},{"type":"Feature","properties":{"name":"790","nameV":"SUR 790 Upper(1000FT AGL-3300FT AGL)","class":"Q","type":"SUR","lower":"SFC","lowerM":0,"upper":"1000FT AGL","upperMax":"3300FT AGL","ordinalUpperM":304,"upperM":304,"groundEstimatedHeight":[0,0,0,0],"activationCode":"H24","UId":"1562281","id":"LF790","stroke":"#f07800","stroke-width":2,"stroke-opacity":0.8,"fill":"#f07800","fill-opacity":0.3},"geometry":{"type":"Polygon","coordinates":[[[1.371514,48.069166],[1.37134,48.070609],[1.370822,48.072014],[1.369974,48.073346],[1.368816,48.074569],[1.36738,48.075653],[1.365702,48.076568],[1.363826,48.077292],[1.361801,48.077805],[1.359678,48.078095],[1.357514,48.078153],[1.355364,48.077978],[1.353283,48.077576],[1.351326,48.076955],[1.349543,48.076133],[1.347981,48.07513],[1.34668,48.073973],[1.345674,48.072691],[1.344988,48.071318],[1.344641,48.06989],[1.344642,48.068443],[1.344989,48.067014],[1.345676,48.065641],[1.346682,48.06436],[1.347984,48.063203],[1.349546,48.0622],[1.351328,48.061378],[1.353284,48.060758],[1.355364,48.060355],[1.357514,48.060181],[1.359678,48.060239],[1.3618,48.060529],[1.363825,48.061042],[1.3657,48.061765],[1.367378,48.062681],[1.368814,48.063764],[1.369972,48.064987],[1.370821,48.066318],[1.37134,48.067724],[1.371514,48.069166]]]}},{"type":"Feature","properties":{"name":"770","nameV":"SUR 770 Upper(1000FT AGL-3300FT AGL)","class":"Q","type":"SUR","lower":"SFC","lowerM":0,"upper":"1000FT AGL","upperMax":"3300FT AGL","ordinalUpperM":304,"upperM":304,"groundEstimatedHeight":[0,0,0,0],"activationCode":"H24","UId":"1562283","id":"LF770","stroke":"#f07800","stroke-width":2,"stroke-opacity":0.8,"fill":"#f07800","fill-opacity":0.3},"geometry":{"type":"Polygon","coordinates":[[[3.005489,49.408332],[3.00531,49.409775],[3.004778,49.41118],[3.003906,49.412512],[3.002718,49.413735],[3.001243,49.414819],[2.99952,49.415734],[2.997593,49.416458],[2.995513,49.416971],[2.993333,49.417261],[2.99111,49.417319],[2.988902,49.417144],[2.986765,49.416742],[2.984755,49.416121],[2.982924,49.415299],[2.98132,49.414296],[2.979984,49.413139],[2.97895,49.411857],[2.978246,49.410484],[2.97789,49.409056],[2.97789,49.407609],[2.978248,49.40618],[2.978952,49.404807],[2.979986,49.403526],[2.981323,49.402369],[2.982927,49.401366],[2.984757,49.400544],[2.986767,49.399924],[2.988903,49.399521],[2.991111,49.399347],[2.993333,49.399405],[2.995512,49.399695],[2.997591,49.400208],[2.999517,49.400931],[3.00124,49.401847],[3.002715,49.40293],[3.003904,49.404153],[3.004777,49.405484],[3.005309,49.40689],[3.005489,49.408332]]]}},{"type":"Feature","properties":{"name":"520","nameV":"SUR 520 Upper(1000FT AGL-3300FT AGL)","class":"Q","type":"SUR","lower":"SFC","lowerM":0,"upper":"1000FT AGL","upperMax":"3300FT AGL","ordinalUpperM":304,"upperM":304,"groundEstimatedHeight":[0,0,0,0],"activationCode":"H24","UId":"1562287","id":"LF520","stroke":"#f07800","stroke-width":2,"stroke-opacity":0.8,"fill":"#f07800","fill-opacity":0.3},"geometry":{"type":"Polygon","coordinates":[[[3.367796,46.537221],[3.367627,46.538664],[3.367124,46.540069],[3.366299,46.541401],[3.365175,46.542624],[3.36378,46.543708],[3.36215,46.544623],[3.360327,46.545347],[3.35836,46.54586],[3.356298,46.54615],[3.354195,46.546208],[3.352106,46.546033],[3.350085,46.545631],[3.348184,46.54501],[3.346453,46.544188],[3.344935,46.543185],[3.343671,46.542028],[3.342694,46.540746],[3.342028,46.539374],[3.34169,46.537945],[3.341691,46.536498],[3.342029,46.535069],[3.342695,46.533696],[3.343673,46.532415],[3.344937,46.531258],[3.346455,46.530256],[3.348186,46.529433],[3.350087,46.528813],[3.352107,46.528411],[3.354196,46.528236],[3.356298,46.528294],[3.358359,46.528584],[3.360326,46.529097],[3.362148,46.52982],[3.363777,46.530736],[3.365173,46.531819],[3.366297,46.533042],[3.367122,46.534373],[3.367626,46.535779],[3.367796,46.537221]]]}},{"type":"Feature","properties":{"name":"510","nameV":"SUR 510 Upper(1000FT AGL-3300FT AGL)","class":"Q","type":"SUR","lower":"SFC","lowerM":0,"upper":"1000FT AGL","upperMax":"3300FT AGL","ordinalUpperM":304,"upperM":304,"groundEstimatedHeight":[0,0,0,0],"activationCode":"H24","UId":"1562289","id":"LF510","stroke":"#f07800","stroke-width":2,"stroke-opacity":0.8,"fill":"#f07800","fill-opacity":0.3},"geometry":{"type":"Polygon","coordinates":[[[2.884177,42.680555],[2.884019,42.681998],[2.883548,42.683403],[2.882777,42.684735],[2.881725,42.685958],[2.880419,42.687042],[2.878894,42.687957],[2.877189,42.688681],[2.875348,42.689194],[2.873419,42.689484],[2.871451,42.689542],[2.869497,42.689367],[2.867605,42.688965],[2.865827,42.688344],[2.864206,42.687522],[2.862786,42.686519],[2.861604,42.685362],[2.860689,42.68408],[2.860066,42.682708],[2.85975,42.681279],[2.859751,42.679832],[2.860067,42.678403],[2.86069,42.67703],[2.861605,42.675749],[2.862788,42.674592],[2.864208,42.67359],[2.865828,42.672767],[2.867607,42.672147],[2.869497,42.671745],[2.871451,42.67157],[2.873418,42.671628],[2.875347,42.671918],[2.877188,42.672431],[2.878892,42.673155],[2.880417,42.67407],[2.881723,42.675153],[2.882775,42.676376],[2.883547,42.677708],[2.884019,42.679113],[2.884177,42.680555]]]}},{"type":"Feature","properties":{"name":"500","nameV":"SUR 500 Upper(1000FT AGL-3300FT AGL)","class":"Q","type":"SUR","lower":"SFC","lowerM":0,"upper":"1000FT AGL","upperMax":"3300FT AGL","ordinalUpperM":304,"upperM":304,"groundEstimatedHeight":[0,0,0,0],"activationCode":"H24","UId":"1562291","id":"LF500","stroke":"#f07800","stroke-width":2,"stroke-opacity":0.8,"fill":"#f07800","fill-opacity":0.3},"geometry":{"type":"Polygon","coordinates":[[[3.839074,43.545832],[3.838914,43.547275],[3.838436,43.54868],[3.837654,43.550012],[3.836587,43.551235],[3.835263,43.552319],[3.833716,43.553234],[3.831987,43.553958],[3.830119,43.554471],[3.828163,43.554761],[3.826167,43.554819],[3.824185,43.554644],[3.822267,43.554242],[3.820462,43.553621],[3.818819,43.552799],[3.817379,43.551796],[3.81618,43.550639],[3.815252,43.549357],[3.81462,43.547985],[3.8143,43.546556],[3.8143,43.545109],[3.814621,43.54368],[3.815253,43.542307],[3.816181,43.541026],[3.817381,43.539869],[3.818821,43.538867],[3.820464,43.538044],[3.822268,43.537424],[3.824186,43.537022],[3.826167,43.536847],[3.828162,43.536905],[3.830118,43.537195],[3.831985,43.537708],[3.833714,43.538432],[3.835261,43.539347],[3.836585,43.54043],[3.837652,43.541653],[3.838435,43.542985],[3.838913,43.54439],[3.839074,43.545832]]]}},{"type":"Feature","properties":{"name":"490","nameV":"SUR 490 Upper(1000FT AGL-3300FT AGL)","class":"Q","type":"SUR","lower":"SFC","lowerM":0,"upper":"1000FT AGL","upperMax":"3300FT AGL","ordinalUpperM":304,"upperM":304,"groundEstimatedHeight":[0,0,0,0],"activationCode":"H24","UId":"1562293","id":"LF490","stroke":"#f07800","stroke-width":2,"stroke-opacity":0.8,"fill":"#f07800","fill-opacity":0.3},"geometry":{"type":"Polygon","coordinates":[[[4.407575,43.842899],[4.407414,43.844342],[4.406934,43.845747],[4.406148,43.847079],[4.405075,43.848302],[4.403745,43.849386],[4.40219,43.850301],[4.400452,43.851025],[4.398576,43.851538],[4.396609,43.851828],[4.394604,43.851886],[4.392611,43.851711],[4.390684,43.851309],[4.388871,43.850688],[4.387219,43.849866],[4.385772,43.848863],[4.384566,43.847706],[4.383634,43.846424],[4.382999,43.845052],[4.382677,43.843623],[4.382678,43.842176],[4.383,43.840747],[4.383635,43.839374],[4.384568,43.838093],[4.385774,43.836936],[4.387221,43.835934],[4.388872,43.835111],[4.390685,43.834491],[4.392612,43.834089],[4.394604,43.833914],[4.396609,43.833972],[4.398575,43.834262],[4.400451,43.834775],[4.402188,43.835499],[4.403743,43.836414],[4.405073,43.837497],[4.406146,43.83872],[4.406933,43.840052],[4.407413,43.841457],[4.407575,43.842899]]]}},{"type":"Feature","properties":{"name":"550","nameV":"SUR 550 Upper(1000FT AGL-3300FT AGL)","class":"Q","type":"SUR","lower":"SFC","lowerM":0,"upper":"1000FT AGL","upperMax":"3300FT AGL","ordinalUpperM":304,"upperM":304,"groundEstimatedHeight":[0,0,0,0],"activationCode":"H24","UId":"1562299","id":"LF550","stroke":"#f07800","stroke-width":2,"stroke-opacity":0.8,"fill":"#f07800","fill-opacity":0.3},"geometry":{"type":"Polygon","coordinates":[[[3.511873,50.355555],[3.511691,50.356998],[3.511149,50.358403],[3.51026,50.359735],[3.509048,50.360958],[3.507544,50.362042],[3.505786,50.362957],[3.503822,50.363681],[3.5017,50.364194],[3.499477,50.364484],[3.49721,50.364542],[3.494958,50.364367],[3.492779,50.363965],[3.490729,50.363344],[3.488862,50.362522],[3.487226,50.361519],[3.485863,50.360362],[3.484809,50.35908],[3.484091,50.357707],[3.483728,50.356279],[3.483728,50.354832],[3.484093,50.353403],[3.484811,50.35203],[3.485866,50.350749],[3.487229,50.349592],[3.488865,50.348589],[3.490731,50.347767],[3.492781,50.347147],[3.494959,50.346744],[3.497211,50.34657],[3.499477,50.346628],[3.501699,50.346918],[3.50382,50.347431],[3.505784,50.348154],[3.507541,50.34907],[3.509045,50.350153],[3.510258,50.351376],[3.511147,50.352707],[3.511691,50.354113],[3.511873,50.355555]]]}},{"type":"Feature","properties":{"name":"540","nameV":"SUR 540 Upper(1000FT AGL-3300FT AGL)","class":"Q","type":"SUR","lower":"SFC","lowerM":0,"upper":"1000FT AGL","upperMax":"3300FT AGL","ordinalUpperM":304,"upperM":304,"groundEstimatedHeight":[0,0,0,0],"activationCode":"H24","UId":"1562303","id":"LF540","stroke":"#f07800","stroke-width":2,"stroke-opacity":0.8,"fill":"#f07800","fill-opacity":0.3},"geometry":{"type":"Polygon","coordinates":[[[5.138145,45.65861],[5.137979,45.660053],[5.137484,45.661458],[5.136672,45.66279],[5.135565,45.664013],[5.134192,45.665097],[5.132588,45.666012],[5.130795,45.666736],[5.128858,45.667249],[5.126829,45.667539],[5.12476,45.667597],[5.122704,45.667422],[5.120715,45.66702],[5.118844,45.666399],[5.117139,45.665577],[5.115646,45.664574],[5.114402,45.663417],[5.11344,45.662135],[5.112784,45.660763],[5.112452,45.659334],[5.112453,45.657887],[5.112785,45.656458],[5.113441,45.655085],[5.114404,45.653804],[5.115648,45.652647],[5.117141,45.651645],[5.118845,45.650822],[5.120716,45.650202],[5.122705,45.6498],[5.12476,45.649625],[5.126829,45.649683],[5.128857,45.649973],[5.130793,45.650486],[5.132586,45.651209],[5.13419,45.652125],[5.135564,45.653208],[5.13667,45.654431],[5.137482,45.655762],[5.137978,45.657168],[5.138145,45.65861]]]}},{"type":"Feature","properties":{"name":"530","nameV":"SUR 530 Upper(1000FT AGL-3300FT AGL)","class":"Q","type":"SUR","lower":"SFC","lowerM":0,"upper":"1000FT AGL","upperMax":"3300FT AGL","ordinalUpperM":304,"upperM":304,"groundEstimatedHeight":[0,0,0,0],"activationCode":"H24","UId":"1562305","id":"LF530","stroke":"#f07800","stroke-width":2,"stroke-opacity":0.8,"fill":"#f07800","fill-opacity":0.3},"geometry":{"type":"Polygon","coordinates":[[[6.24479,45.565277],[6.244624,45.56672],[6.244129,45.568125],[6.243319,45.569457],[6.242214,45.57068],[6.240844,45.571764],[6.239242,45.572679],[6.237452,45.573403],[6.235518,45.573916],[6.233493,45.574206],[6.231427,45.574264],[6.229374,45.574089],[6.227388,45.573687],[6.22552,45.573066],[6.223819,45.572244],[6.222328,45.571241],[6.221086,45.570084],[6.220125,45.568802],[6.219471,45.56743],[6.21914,45.566001],[6.21914,45.564554],[6.219472,45.563125],[6.220127,45.561752],[6.221088,45.560471],[6.22233,45.559314],[6.223821,45.558312],[6.225522,45.557489],[6.22739,45.556869],[6.229375,45.556467],[6.231427,45.556292],[6.233492,45.55635],[6.235517,45.55664],[6.23745,45.557153],[6.23924,45.557876],[6.240841,45.558792],[6.242212,45.559875],[6.243317,45.561098],[6.244128,45.562429],[6.244623,45.563835],[6.24479,45.565277]]]}},{"type":"Feature","properties":{"name":"600","nameV":"SUR 600 Upper(1000FT AGL-3300FT AGL)","class":"Q","type":"SUR","lower":"SFC","lowerM":0,"upper":"1000FT AGL","upperMax":"3300FT AGL","ordinalUpperM":304,"upperM":304,"groundEstimatedHeight":[0,0,0,0],"activationCode":"H24","UId":"1562309","id":"LF600","stroke":"#f07800","stroke-width":2,"stroke-opacity":0.8,"fill":"#f07800","fill-opacity":0.3},"geometry":{"type":"Polygon","coordinates":[[[2.213599,48.599999],[2.213423,48.601442],[2.2129,48.602847],[2.212042,48.604179],[2.210873,48.605402],[2.209422,48.606486],[2.207726,48.607401],[2.205831,48.608125],[2.203784,48.608638],[2.201639,48.608928],[2.199452,48.608986],[2.197279,48.608811],[2.195177,48.608409],[2.193199,48.607788],[2.191398,48.606966],[2.18982,48.605963],[2.188505,48.604806],[2.187488,48.603524],[2.186796,48.602151],[2.186445,48.600723],[2.186445,48.599276],[2.186797,48.597847],[2.18749,48.596474],[2.188507,48.595193],[2.189822,48.594036],[2.191401,48.593033],[2.193202,48.592211],[2.195179,48.591591],[2.19728,48.591188],[2.199453,48.591014],[2.201639,48.591072],[2.203783,48.591362],[2.205829,48.591875],[2.207724,48.592598],[2.209419,48.593514],[2.210871,48.594597],[2.21204,48.59582],[2.212898,48.597151],[2.213423,48.598557],[2.213599,48.599999]]]}},{"type":"Feature","properties":{"name":"590","nameV":"SUR 590 Upper(1000FT AGL-3300FT AGL)","class":"Q","type":"SUR","lower":"SFC","lowerM":0,"upper":"1000FT AGL","upperMax":"3300FT AGL","ordinalUpperM":304,"upperM":304,"groundEstimatedHeight":[0,0,0,0],"activationCode":"H24","UId":"1562311","id":"LF590","stroke":"#f07800","stroke-width":2,"stroke-opacity":0.8,"fill":"#f07800","fill-opacity":0.3},"geometry":{"type":"Polygon","coordinates":[[[4.33044,49.233332],[4.330262,49.234775],[4.329732,49.23618],[4.328863,49.237512],[4.327679,49.238735],[4.326209,49.239819],[4.324492,49.240734],[4.322572,49.241458],[4.320499,49.241971],[4.318327,49.242261],[4.316112,49.242319],[4.313912,49.242144],[4.311782,49.241742],[4.30978,49.241121],[4.307955,49.240299],[4.306357,49.239296],[4.305025,49.238139],[4.303996,49.236857],[4.303294,49.235484],[4.302939,49.234056],[4.302939,49.232609],[4.303295,49.23118],[4.303997,49.229807],[4.305028,49.228526],[4.306359,49.227369],[4.307958,49.226366],[4.309782,49.225544],[4.311784,49.224924],[4.313913,49.224521],[4.316113,49.224347],[4.318327,49.224405],[4.320498,49.224695],[4.32257,49.225208],[4.32449,49.225931],[4.326206,49.226847],[4.327676,49.22793],[4.328861,49.229153],[4.32973,49.230484],[4.330261,49.23189],[4.33044,49.233332]]]}},{"type":"Feature","properties":{"name":"580","nameV":"SUR 580 Upper(1000FT AGL-3300FT AGL)","class":"Q","type":"SUR","lower":"SFC","lowerM":0,"upper":"1000FT AGL","upperMax":"3300FT AGL","ordinalUpperM":304,"upperM":304,"groundEstimatedHeight":[0,0,0,0],"activationCode":"H24","UId":"1562313","id":"LF580","stroke":"#f07800","stroke-width":2,"stroke-opacity":0.8,"fill":"#f07800","fill-opacity":0.3},"geometry":{"type":"Polygon","coordinates":[[[0.179912,47.233332],[0.17974,47.234775],[0.179231,47.23618],[0.178395,47.237512],[0.177256,47.238735],[0.175843,47.239819],[0.174192,47.240734],[0.172346,47.241458],[0.170352,47.241971],[0.168264,47.242261],[0.166134,47.242319],[0.164017,47.242144],[0.16197,47.241742],[0.160044,47.241121],[0.158289,47.240299],[0.156752,47.239296],[0.155472,47.238139],[0.154482,47.236857],[0.153807,47.235484],[0.153465,47.234056],[0.153466,47.232609],[0.153808,47.23118],[0.154483,47.229807],[0.155474,47.228526],[0.156754,47.227369],[0.158292,47.226367],[0.160046,47.225544],[0.161971,47.224924],[0.164018,47.224522],[0.166134,47.224347],[0.168263,47.224405],[0.170351,47.224695],[0.172344,47.225208],[0.17419,47.225931],[0.175841,47.226847],[0.177254,47.22793],[0.178394,47.229153],[0.179229,47.230484],[0.17974,47.23189],[0.179912,47.233332]]]}},{"type":"Feature","properties":{"name":"570","nameV":"SUR 570 Upper(1000FT AGL-3300FT AGL)","class":"Q","type":"SUR","lower":"SFC","lowerM":0,"upper":"1000FT AGL","upperMax":"3300FT AGL","ordinalUpperM":304,"upperM":304,"groundEstimatedHeight":[0,0,0,0],"activationCode":"H24","UId":"1562315","id":"LF570","stroke":"#f07800","stroke-width":2,"stroke-opacity":0.8,"fill":"#f07800","fill-opacity":0.3},"geometry":{"type":"Polygon","coordinates":[[[1.592535,47.720277],[1.592362,47.72172],[1.591848,47.723125],[1.591005,47.724457],[1.589855,47.72568],[1.588428,47.726764],[1.586762,47.727679],[1.584899,47.728403],[1.582887,47.728916],[1.580779,47.729206],[1.578629,47.729264],[1.576493,47.729089],[1.574426,47.728687],[1.572482,47.728066],[1.570711,47.727244],[1.56916,47.726241],[1.567868,47.725084],[1.566868,47.723802],[1.566187,47.722429],[1.565842,47.721001],[1.565843,47.719554],[1.566188,47.718125],[1.56687,47.716752],[1.56787,47.715471],[1.569162,47.714314],[1.570714,47.713311],[1.572484,47.712489],[1.574427,47.711869],[1.576494,47.711466],[1.578629,47.711292],[1.580778,47.71135],[1.582886,47.71164],[1.584897,47.712153],[1.58676,47.712876],[1.588426,47.713792],[1.589853,47.714875],[1.591003,47.716098],[1.591846,47.717429],[1.592361,47.718835],[1.592535,47.720277]]]}},{"type":"Feature","properties":{"name":"640","nameV":"SUR 640 Upper(1000FT AGL-3300FT AGL)","class":"Q","type":"SUR","lower":"SFC","lowerM":0,"upper":"1000FT AGL","upperMax":"3300FT AGL","ordinalUpperM":304,"upperM":304,"groundEstimatedHeight":[0,0,0,0],"activationCode":"H24","UId":"1562317","id":"LF640","stroke":"#f07800","stroke-width":2,"stroke-opacity":0.8,"fill":"#f07800","fill-opacity":0.3},"geometry":{"type":"Polygon","coordinates":[[[1.522162,48.421943],[1.521987,48.423386],[1.521466,48.424791],[1.520611,48.426123],[1.519446,48.427346],[1.518,48.42843],[1.51631,48.429345],[1.514421,48.430069],[1.512382,48.430582],[1.510245,48.430872],[1.508065,48.43093],[1.5059,48.430755],[1.503805,48.430353],[1.501834,48.429732],[1.500039,48.42891],[1.498466,48.427907],[1.497156,48.42675],[1.496143,48.425468],[1.495453,48.424095],[1.495103,48.422667],[1.495104,48.42122],[1.495454,48.419791],[1.496145,48.418418],[1.497159,48.417137],[1.498469,48.41598],[1.500042,48.414977],[1.501836,48.414155],[1.503806,48.413535],[1.505901,48.413132],[1.508065,48.412958],[1.510244,48.413016],[1.512381,48.413306],[1.514419,48.413819],[1.516308,48.414542],[1.517997,48.415458],[1.519443,48.416541],[1.520609,48.417764],[1.521464,48.419095],[1.521986,48.420501],[1.522162,48.421943]]]}},{"type":"Feature","properties":{"name":"630","nameV":"SUR 630 Upper(1000FT AGL-3300FT AGL)","class":"Q","type":"SUR","lower":"SFC","lowerM":0,"upper":"1000FT AGL","upperMax":"3300FT AGL","ordinalUpperM":304,"upperM":304,"groundEstimatedHeight":[0,0,0,0],"activationCode":"H24","UId":"1562319","id":"LF630","stroke":"#f07800","stroke-width":2,"stroke-opacity":0.8,"fill":"#f07800","fill-opacity":0.3},"geometry":{"type":"Polygon","coordinates":[[[0.683536,47.289166],[0.683365,47.290609],[0.682855,47.292014],[0.682019,47.293346],[0.680878,47.294569],[0.679464,47.295653],[0.677811,47.296568],[0.675963,47.297292],[0.673967,47.297805],[0.671876,47.298095],[0.669744,47.298153],[0.667626,47.297978],[0.665576,47.297576],[0.663648,47.296955],[0.661892,47.296133],[0.660353,47.29513],[0.659071,47.293973],[0.65808,47.292691],[0.657404,47.291318],[0.657062,47.28989],[0.657063,47.288443],[0.657405,47.287014],[0.658081,47.285641],[0.659073,47.28436],[0.660355,47.283203],[0.661894,47.282201],[0.66365,47.281378],[0.665577,47.280758],[0.667626,47.280356],[0.669744,47.280181],[0.671876,47.280239],[0.673966,47.280529],[0.675961,47.281042],[0.677809,47.281765],[0.679461,47.282681],[0.680876,47.283764],[0.682017,47.284987],[0.682853,47.286318],[0.683364,47.287724],[0.683536,47.289166]]]}},{"type":"Feature","properties":{"name":"620","nameV":"SUR 620 Upper(1000FT AGL-3300FT AGL)","class":"Q","type":"SUR","lower":"SFC","lowerM":0,"upper":"1000FT AGL","upperMax":"3300FT AGL","ordinalUpperM":304,"upperM":304,"groundEstimatedHeight":[0,0,0,0],"activationCode":"H24","UId":"1562321","id":"LF620","stroke":"#f07800","stroke-width":2,"stroke-opacity":0.8,"fill":"#f07800","fill-opacity":0.3},"geometry":{"type":"Polygon","coordinates":[[[2.529482,47.733888],[2.52931,47.735331],[2.528795,47.736736],[2.527952,47.738068],[2.526802,47.739291],[2.525375,47.740375],[2.523708,47.74129],[2.521844,47.742014],[2.519832,47.742527],[2.517723,47.742817],[2.515572,47.742875],[2.513436,47.7427],[2.511369,47.742298],[2.509424,47.741677],[2.507653,47.740855],[2.506101,47.739852],[2.504809,47.738695],[2.503809,47.737413],[2.503128,47.73604],[2.502783,47.734612],[2.502783,47.733165],[2.503129,47.731736],[2.50381,47.730363],[2.504811,47.729082],[2.506104,47.727925],[2.507656,47.726922],[2.509426,47.7261],[2.51137,47.72548],[2.513437,47.725077],[2.515573,47.724903],[2.517722,47.724961],[2.519831,47.725251],[2.521842,47.725764],[2.523706,47.726487],[2.525372,47.727403],[2.526799,47.728486],[2.52795,47.729709],[2.528793,47.73104],[2.529309,47.732446],[2.529482,47.733888]]]}},{"type":"Feature","properties":{"name":"610","nameV":"SUR 610 Upper(1000FT AGL-3300FT AGL)","class":"Q","type":"SUR","lower":"SFC","lowerM":0,"upper":"1000FT AGL","upperMax":"3300FT AGL","ordinalUpperM":304,"upperM":304,"groundEstimatedHeight":[0,0,0,0],"activationCode":"H24","UId":"1562323","id":"LF610","stroke":"#f07800","stroke-width":2,"stroke-opacity":0.8,"fill":"#f07800","fill-opacity":0.3},"geometry":{"type":"Polygon","coordinates":[[[2.61369,48.933332],[2.613513,48.934775],[2.612986,48.93618],[2.612123,48.937512],[2.610945,48.938735],[2.609484,48.939819],[2.607778,48.940734],[2.60587,48.941458],[2.603809,48.941971],[2.60165,48.942261],[2.599449,48.942319],[2.597261,48.942144],[2.595145,48.941742],[2.593154,48.941121],[2.591341,48.940299],[2.589752,48.939296],[2.588429,48.938139],[2.587405,48.936857],[2.586708,48.935484],[2.586355,48.934056],[2.586355,48.932609],[2.586709,48.93118],[2.587407,48.929807],[2.588431,48.928526],[2.589754,48.927369],[2.591343,48.926366],[2.593156,48.925544],[2.595146,48.924924],[2.597262,48.924521],[2.599449,48.924347],[2.60165,48.924405],[2.603808,48.924695],[2.605868,48.925208],[2.607775,48.925931],[2.609482,48.926847],[2.610943,48.92793],[2.612121,48.929153],[2.612984,48.930484],[2.613512,48.93189],[2.61369,48.933332]]]}},{"type":"Feature","properties":{"name":"810","nameV":"SUR 810 Upper(1000FT AGL-3300FT AGL)","class":"Q","type":"SUR","lower":"SFC","lowerM":0,"upper":"1000FT AGL","upperMax":"3300FT AGL","ordinalUpperM":304,"upperM":304,"groundEstimatedHeight":[0,0,0,0],"activationCode":"H24","UId":"1562367","id":"LF810","stroke":"#f07800","stroke-width":2,"stroke-opacity":0.8,"fill":"#f07800","fill-opacity":0.3},"geometry":{"type":"Polygon","coordinates":[[[7.576748,47.904166],[7.576575,47.905609],[7.576059,47.907014],[7.575213,47.908346],[7.574059,47.909569],[7.572627,47.910653],[7.570955,47.911568],[7.569085,47.912292],[7.567066,47.912805],[7.56495,47.913095],[7.562793,47.913153],[7.560649,47.912978],[7.558575,47.912576],[7.556624,47.911955],[7.554847,47.911133],[7.55329,47.91013],[7.551994,47.908973],[7.55099,47.907691],[7.550307,47.906318],[7.549961,47.90489],[7.549961,47.903443],[7.550308,47.902014],[7.550992,47.900641],[7.551996,47.89936],[7.553293,47.898203],[7.55485,47.8972],[7.556626,47.896378],[7.558577,47.895758],[7.56065,47.895355],[7.562793,47.895181],[7.56495,47.895239],[7.567065,47.895529],[7.569083,47.896042],[7.570953,47.896765],[7.572625,47.897681],[7.574057,47.898764],[7.575211,47.899987],[7.576057,47.901318],[7.576574,47.902724],[7.576748,47.904166]]]}},{"type":"Feature","properties":{"name":"800","nameV":"SUR 800 Upper(1000FT AGL-3300FT AGL)","class":"Q","type":"SUR","lower":"SFC","lowerM":0,"upper":"1000FT AGL","upperMax":"3300FT AGL","ordinalUpperM":304,"upperM":304,"groundEstimatedHeight":[0,0,0,0],"activationCode":"H24","UId":"1562369","id":"LF800","stroke":"#f07800","stroke-width":2,"stroke-opacity":0.8,"fill":"#f07800","fill-opacity":0.3},"geometry":{"type":"Polygon","coordinates":[[[2.77168,47.638055],[2.771507,47.639498],[2.770994,47.640903],[2.770152,47.642235],[2.769004,47.643458],[2.76758,47.644542],[2.765916,47.645457],[2.764056,47.646181],[2.762047,47.646694],[2.759942,47.646984],[2.757795,47.647042],[2.755663,47.646867],[2.753599,47.646465],[2.751659,47.645844],[2.749891,47.645022],[2.748342,47.644019],[2.747051,47.642862],[2.746053,47.64158],[2.745374,47.640207],[2.745029,47.638779],[2.74503,47.637332],[2.745375,47.635903],[2.746055,47.63453],[2.747053,47.633249],[2.748344,47.632092],[2.749893,47.63109],[2.751661,47.630267],[2.753601,47.629647],[2.755664,47.629245],[2.757796,47.62907],[2.759942,47.629128],[2.762046,47.629418],[2.764054,47.629931],[2.765914,47.630654],[2.767577,47.63157],[2.769002,47.632653],[2.77015,47.633876],[2.770992,47.635207],[2.771507,47.636613],[2.77168,47.638055]]]}},{"type":"Feature","properties":{"name":"820","nameV":"SUR 820 Upper(1000FT AGL-3300FT AGL)","class":"Q","type":"SUR","lower":"SFC","lowerM":0,"upper":"1000FT AGL","upperMax":"3300FT AGL","ordinalUpperM":304,"upperM":304,"groundEstimatedHeight":[0,0,0,0],"activationCode":"H24","UId":"1562375","id":"LF820","stroke":"#f07800","stroke-width":2,"stroke-opacity":0.8,"fill":"#f07800","fill-opacity":0.3},"geometry":{"type":"Polygon","coordinates":[[[4.896666,47.583332],[4.896494,47.584775],[4.89598,47.58618],[4.89514,47.587512],[4.893993,47.588735],[4.89257,47.589819],[4.890908,47.590734],[4.88905,47.591458],[4.887043,47.591971],[4.88494,47.592261],[4.882796,47.592319],[4.880666,47.592144],[4.878604,47.591742],[4.876666,47.591121],[4.8749,47.590299],[4.873352,47.589296],[4.872063,47.588139],[4.871066,47.586857],[4.870387,47.585484],[4.870043,47.584056],[4.870044,47.582609],[4.870388,47.58118],[4.871068,47.579807],[4.872065,47.578526],[4.873354,47.577369],[4.874902,47.576367],[4.876668,47.575544],[4.878606,47.574924],[4.880667,47.574522],[4.882796,47.574347],[4.88494,47.574405],[4.887042,47.574695],[4.889048,47.575208],[4.890906,47.575931],[4.892568,47.576847],[4.893991,47.57793],[4.895138,47.579153],[4.895979,47.580484],[4.896493,47.58189],[4.896666,47.583332]]]}},{"type":"Feature","properties":{"name":"850","nameV":"SUR 850 Upper(1000FT AGL-3300FT AGL)","class":"Q","type":"SUR","lower":"SFC","lowerM":0,"upper":"1000FT AGL","upperMax":"3300FT AGL","ordinalUpperM":304,"upperM":304,"groundEstimatedHeight":[0,0,0,0],"activationCode":"H24","UId":"1562377","id":"LF850","stroke":"#f07800","stroke-width":2,"stroke-opacity":0.8,"fill":"#f07800","fill-opacity":0.3},"geometry":{"type":"Polygon","coordinates":[[[6.230491,49.416666],[6.230312,49.418109],[6.22978,49.419514],[6.228909,49.420846],[6.22772,49.422069],[6.226244,49.423153],[6.224521,49.424068],[6.222594,49.424792],[6.220514,49.425305],[6.218334,49.425595],[6.21611,49.425653],[6.213901,49.425478],[6.211764,49.425076],[6.209754,49.424455],[6.207923,49.423633],[6.206318,49.42263],[6.204982,49.421473],[6.203948,49.420191],[6.203244,49.418818],[6.202888,49.41739],[6.202888,49.415943],[6.203245,49.414514],[6.20395,49.413141],[6.204984,49.41186],[6.206321,49.410703],[6.207925,49.4097],[6.209756,49.408878],[6.211766,49.408258],[6.213902,49.407855],[6.21611,49.407681],[6.218333,49.407739],[6.220512,49.408029],[6.222592,49.408542],[6.224519,49.409265],[6.226242,49.410181],[6.227717,49.411264],[6.228906,49.412487],[6.229779,49.413818],[6.230312,49.415224],[6.230491,49.416666]]]}},{"type":"Feature","properties":{"name":"840","nameV":"SUR 840 Upper(1000FT AGL-3300FT AGL)","class":"Q","type":"SUR","lower":"SFC","lowerM":0,"upper":"1000FT AGL","upperMax":"3300FT AGL","ordinalUpperM":304,"upperM":304,"groundEstimatedHeight":[0,0,0,0],"activationCode":"H24","UId":"1562381","id":"LF840","stroke":"#f07800","stroke-width":2,"stroke-opacity":0.8,"fill":"#f07800","fill-opacity":0.3},"geometry":{"type":"Polygon","coordinates":[[[5.296964,48.716666],[5.296787,48.718109],[5.296263,48.719514],[5.295403,48.720846],[5.294231,48.722069],[5.292776,48.723153],[5.291077,48.724068],[5.289177,48.724792],[5.287126,48.725305],[5.284976,48.725595],[5.282784,48.725653],[5.280606,48.725478],[5.278499,48.725076],[5.276517,48.724455],[5.274711,48.723633],[5.273129,48.72263],[5.271811,48.721473],[5.270792,48.720191],[5.270098,48.718818],[5.269746,48.71739],[5.269747,48.715943],[5.270099,48.714514],[5.270794,48.713141],[5.271814,48.71186],[5.273132,48.710703],[5.274714,48.7097],[5.276519,48.708878],[5.2785,48.708258],[5.280607,48.707855],[5.282784,48.707681],[5.284976,48.707739],[5.287125,48.708029],[5.289175,48.708542],[5.291075,48.709265],[5.292774,48.710181],[5.294229,48.711264],[5.295401,48.712487],[5.296261,48.713818],[5.296787,48.715224],[5.296964,48.716666]]]}},{"type":"Feature","properties":{"name":"870","nameV":"SUR 870 Upper(1000FT AGL-3300FT AGL)","class":"Q","type":"SUR","lower":"SFC","lowerM":0,"upper":"1000FT AGL","upperMax":"3300FT AGL","ordinalUpperM":304,"upperM":304,"groundEstimatedHeight":[0,0,0,0],"activationCode":"H24","UId":"1562385","id":"LF870","stroke":"#f07800","stroke-width":2,"stroke-opacity":0.8,"fill":"#f07800","fill-opacity":0.3},"geometry":{"type":"Polygon","coordinates":[[[5.047904,46.979721],[5.047733,46.981164],[5.047226,46.982569],[5.046395,46.983901],[5.045261,46.985124],[5.043854,46.986208],[5.042211,46.987123],[5.040374,46.987847],[5.03839,46.98836],[5.036311,46.98865],[5.034191,46.988708],[5.032085,46.988533],[5.030047,46.988131],[5.02813,46.98751],[5.026384,46.986688],[5.024854,46.985685],[5.02358,46.984528],[5.022594,46.983246],[5.021923,46.981874],[5.021583,46.980445],[5.021583,46.978998],[5.021924,46.977569],[5.022596,46.976196],[5.023582,46.974915],[5.024857,46.973758],[5.026386,46.972756],[5.028132,46.971933],[5.030048,46.971313],[5.032086,46.970911],[5.034191,46.970736],[5.036311,46.970794],[5.038389,46.971084],[5.040372,46.971597],[5.042209,46.97232],[5.043852,46.973236],[5.045259,46.974319],[5.046393,46.975542],[5.047225,46.976873],[5.047733,46.978279],[5.047904,46.979721]]]}},{"type":"Feature","properties":{"name":"890","nameV":"SUR 890 Upper(1000FT AGL-3300FT AGL)","class":"Q","type":"SUR","lower":"SFC","lowerM":0,"upper":"1000FT AGL","upperMax":"3300FT AGL","ordinalUpperM":304,"upperM":304,"groundEstimatedHeight":[0,0,0,0],"activationCode":"H24","UId":"1562393","id":"LF890","stroke":"#f07800","stroke-width":2,"stroke-opacity":0.8,"fill":"#f07800","fill-opacity":0.3},"geometry":{"type":"Polygon","coordinates":[[[5.396592,47.291666],[5.396421,47.293109],[5.39591,47.294514],[5.395074,47.295846],[5.393934,47.297069],[5.392519,47.298153],[5.390866,47.299068],[5.389018,47.299792],[5.387023,47.300305],[5.384931,47.300595],[5.382799,47.300653],[5.38068,47.300478],[5.378631,47.300076],[5.376702,47.299455],[5.374946,47.298633],[5.373407,47.29763],[5.372126,47.296473],[5.371134,47.295191],[5.370459,47.293818],[5.370117,47.29239],[5.370117,47.290943],[5.37046,47.289514],[5.371136,47.288141],[5.372128,47.28686],[5.37341,47.285703],[5.374948,47.284701],[5.376704,47.283878],[5.378632,47.283258],[5.380681,47.282856],[5.382799,47.282681],[5.384931,47.282739],[5.387021,47.283029],[5.389016,47.283542],[5.390864,47.284265],[5.392517,47.285181],[5.393932,47.286264],[5.395072,47.287487],[5.395909,47.288818],[5.39642,47.290224],[5.396592,47.291666]]]}},{"type":"Feature","properties":{"name":"855","nameV":"SUR 855 Upper(1000FT AGL-3300FT AGL)","class":"Q","type":"SUR","lower":"SFC","lowerM":0,"upper":"1000FT AGL","upperMax":"3300FT AGL","ordinalUpperM":304,"upperM":304,"groundEstimatedHeight":[0,0,0,0],"activationCode":"H24","UId":"1565851","id":"LF855","stroke":"#f07800","stroke-width":2,"stroke-opacity":0.8,"fill":"#f07800","fill-opacity":0.3},"geometry":{"type":"Polygon","coordinates":[[[3.813521,48.307777],[3.813346,48.30922],[3.812826,48.310625],[3.811973,48.311957],[3.81081,48.31318],[3.809368,48.314264],[3.807682,48.315179],[3.805797,48.315903],[3.803762,48.316416],[3.80163,48.316706],[3.799455,48.316764],[3.797295,48.316589],[3.795205,48.316187],[3.793238,48.315566],[3.791448,48.314744],[3.789878,48.313741],[3.788571,48.312584],[3.78756,48.311302],[3.786871,48.309929],[3.786523,48.308501],[3.786523,48.307054],[3.786872,48.305625],[3.787562,48.304252],[3.788573,48.302971],[3.789881,48.301814],[3.79145,48.300811],[3.793241,48.299989],[3.795206,48.299369],[3.797296,48.298966],[3.799456,48.298792],[3.801629,48.29885],[3.803761,48.29914],[3.805795,48.299653],[3.80768,48.300376],[3.809365,48.301292],[3.810808,48.302375],[3.811971,48.303598],[3.812824,48.304929],[3.813346,48.306335],[3.813521,48.307777]]]}},{"type":"Feature","properties":{"name":"835","nameV":"SUR 835 Upper(1000FT AGL-3300FT AGL)","class":"Q","type":"SUR","lower":"SFC","lowerM":0,"upper":"1000FT AGL","upperMax":"3300FT AGL","ordinalUpperM":304,"upperM":304,"groundEstimatedHeight":[0,0,0,0],"activationCode":"H24","UId":"1565855","id":"LF835","stroke":"#f07800","stroke-width":2,"stroke-opacity":0.8,"fill":"#f07800","fill-opacity":0.3},"geometry":{"type":"Polygon","coordinates":[[[5.951026,48.325555],[5.950851,48.326998],[5.95033,48.328403],[5.949477,48.329735],[5.948314,48.330958],[5.946871,48.332042],[5.945185,48.332957],[5.943299,48.333681],[5.941264,48.334194],[5.939131,48.334484],[5.936955,48.334542],[5.934794,48.334367],[5.932703,48.333965],[5.930736,48.333344],[5.928945,48.332522],[5.927375,48.331519],[5.926067,48.330362],[5.925056,48.32908],[5.924367,48.327707],[5.924018,48.326279],[5.924018,48.324832],[5.924368,48.323403],[5.925057,48.32203],[5.926069,48.320749],[5.927377,48.319592],[5.928947,48.318589],[5.930738,48.317767],[5.932705,48.317147],[5.934795,48.316744],[5.936955,48.31657],[5.93913,48.316628],[5.941262,48.316918],[5.943297,48.317431],[5.945182,48.318154],[5.946868,48.31907],[5.948312,48.320153],[5.949475,48.321376],[5.950329,48.322707],[5.95085,48.324113],[5.951026,48.325555]]]}},{"type":"Feature","properties":{"name":"845","nameV":"SUR 845 Upper(1000FT AGL-3300FT AGL)","class":"Q","type":"SUR","lower":"SFC","lowerM":0,"upper":"1000FT AGL","upperMax":"3300FT AGL","ordinalUpperM":304,"upperM":304,"groundEstimatedHeight":[0,0,0,0],"activationCode":"H24","UId":"1565857","id":"LF845","stroke":"#f07800","stroke-width":2,"stroke-opacity":0.8,"fill":"#f07800","fill-opacity":0.3},"geometry":{"type":"Polygon","coordinates":[[[5.186186,47.877777],[5.186013,47.87922],[5.185497,47.880625],[5.184652,47.881957],[5.183498,47.88318],[5.182067,47.884264],[5.180396,47.885179],[5.178527,47.885903],[5.176509,47.886416],[5.174394,47.886706],[5.172238,47.886764],[5.170096,47.886589],[5.168023,47.886187],[5.166073,47.885566],[5.164297,47.884744],[5.162741,47.883741],[5.161444,47.882584],[5.160442,47.881302],[5.159759,47.879929],[5.159413,47.878501],[5.159413,47.877054],[5.15976,47.875625],[5.160443,47.874252],[5.161446,47.872971],[5.162743,47.871814],[5.164299,47.870811],[5.166075,47.869989],[5.168024,47.869369],[5.170096,47.868966],[5.172238,47.868792],[5.174394,47.86885],[5.176508,47.86914],[5.178525,47.869653],[5.180394,47.870376],[5.182065,47.871292],[5.183496,47.872375],[5.18465,47.873598],[5.185496,47.874929],[5.186012,47.876335],[5.186186,47.877777]]]}},{"type":"Feature","properties":{"name":"825","nameV":"SUR 825 Upper(1000FT AGL-3300FT AGL)","class":"Q","type":"SUR","lower":"SFC","lowerM":0,"upper":"1000FT AGL","upperMax":"3300FT AGL","ordinalUpperM":304,"upperM":304,"groundEstimatedHeight":[0,0,0,0],"activationCode":"H24","UId":"1565861","id":"LF825","stroke":"#f07800","stroke-width":2,"stroke-opacity":0.8,"fill":"#f07800","fill-opacity":0.3},"geometry":{"type":"Polygon","coordinates":[[[6.303627,48.704443],[6.303451,48.705886],[6.302927,48.707291],[6.302067,48.708623],[6.300895,48.709846],[6.299441,48.71093],[6.297742,48.711845],[6.295843,48.712569],[6.293792,48.713082],[6.291643,48.713372],[6.289451,48.71343],[6.287274,48.713255],[6.285167,48.712853],[6.283185,48.712232],[6.28138,48.71141],[6.279799,48.710407],[6.278481,48.70925],[6.277462,48.707968],[6.276768,48.706595],[6.276417,48.705167],[6.276417,48.70372],[6.276769,48.702291],[6.277464,48.700918],[6.278483,48.699637],[6.279801,48.69848],[6.281383,48.697477],[6.283187,48.696655],[6.285169,48.696035],[6.287275,48.695632],[6.289451,48.695458],[6.291642,48.695516],[6.293791,48.695806],[6.295841,48.696319],[6.29774,48.697042],[6.299439,48.697958],[6.300893,48.699041],[6.302065,48.700264],[6.302925,48.701595],[6.30345,48.703001],[6.303627,48.704443]]]}},{"type":"Feature","properties":{"name":"930","nameV":"SUR 930 Upper(1000FT AGL-3300FT AGL)","class":"Q","type":"SUR","lower":"SFC","lowerM":0,"upper":"1000FT AGL","upperMax":"3300FT AGL","ordinalUpperM":304,"upperM":304,"groundEstimatedHeight":[0,0,0,0],"activationCode":"H24","UId":"1566311","id":"LF930","stroke":"#f07800","stroke-width":2,"stroke-opacity":0.8,"fill":"#f07800","fill-opacity":0.3},"geometry":{"type":"Polygon","coordinates":[[[6.311404,48.69861],[6.311228,48.700053],[6.310703,48.701458],[6.309844,48.70279],[6.308672,48.704013],[6.307218,48.705097],[6.305519,48.706012],[6.30362,48.706736],[6.30157,48.707249],[6.299421,48.707539],[6.297229,48.707597],[6.295052,48.707422],[6.292945,48.70702],[6.290964,48.706399],[6.289159,48.705577],[6.287578,48.704574],[6.286261,48.703417],[6.285242,48.702135],[6.284548,48.700762],[6.284196,48.699334],[6.284197,48.697887],[6.284549,48.696458],[6.285244,48.695085],[6.286263,48.693804],[6.28758,48.692647],[6.289162,48.691644],[6.290966,48.690822],[6.292947,48.690202],[6.295053,48.689799],[6.297229,48.689625],[6.29942,48.689683],[6.301568,48.689973],[6.303618,48.690486],[6.305517,48.691209],[6.307216,48.692125],[6.30867,48.693208],[6.309842,48.694431],[6.310702,48.695762],[6.311227,48.697168],[6.311404,48.69861]]]}},{"type":"Feature","properties":{"name":"940","nameV":"SUR 940 Upper(1000FT AGL-3300FT AGL)","class":"Q","type":"SUR","lower":"SFC","lowerM":0,"upper":"1000FT AGL","upperMax":"3300FT AGL","ordinalUpperM":304,"upperM":304,"groundEstimatedHeight":[0,0,0,0],"activationCode":"H24","UId":"1566313","id":"LF940","stroke":"#f07800","stroke-width":2,"stroke-opacity":0.8,"fill":"#f07800","fill-opacity":0.3},"geometry":{"type":"Polygon","coordinates":[[[4.987793,48.698888],[4.987617,48.700331],[4.987092,48.701736],[4.986233,48.703068],[4.985061,48.704291],[4.983607,48.705375],[4.981908,48.70629],[4.980009,48.707014],[4.977959,48.707527],[4.97581,48.707817],[4.973618,48.707875],[4.971441,48.7077],[4.969334,48.707298],[4.967353,48.706677],[4.965548,48.705855],[4.963967,48.704852],[4.96265,48.703695],[4.961631,48.702413],[4.960937,48.70104],[4.960585,48.699612],[4.960586,48.698165],[4.960938,48.696736],[4.961632,48.695363],[4.962652,48.694082],[4.963969,48.692925],[4.965551,48.691922],[4.967355,48.6911],[4.969336,48.69048],[4.971442,48.690077],[4.973618,48.689903],[4.975809,48.689961],[4.977957,48.690251],[4.980007,48.690764],[4.981906,48.691487],[4.983605,48.692403],[4.985059,48.693486],[4.986231,48.694709],[4.987091,48.69604],[4.987616,48.697446],[4.987793,48.698888]]]}},{"type":"Feature","properties":{"name":"572","nameV":"SUR 572 Upper(1000FT AGL-3300FT AGL)","class":"Q","type":"SUR","lower":"SFC","lowerM":0,"upper":"1000FT AGL","upperMax":"3300FT AGL","ordinalUpperM":304,"upperM":304,"groundEstimatedHeight":[0,0,0,0],"activationCode":"H24","UId":"1566081","id":"LF572","stroke":"#f07800","stroke-width":2,"stroke-opacity":0.8,"fill":"#f07800","fill-opacity":0.3},"geometry":{"type":"Polygon","coordinates":[[[2.865483,50.349443],[2.865301,50.350886],[2.864758,50.352291],[2.863869,50.353623],[2.862657,50.354846],[2.861153,50.35593],[2.859396,50.356845],[2.857432,50.357569],[2.855311,50.358082],[2.853088,50.358372],[2.850821,50.35843],[2.848569,50.358255],[2.84639,50.357853],[2.844341,50.357232],[2.842474,50.35641],[2.840838,50.355407],[2.839476,50.35425],[2.838422,50.352968],[2.837704,50.351595],[2.837341,50.350167],[2.837341,50.34872],[2.837705,50.347291],[2.838424,50.345918],[2.839478,50.344637],[2.840841,50.34348],[2.842477,50.342477],[2.844343,50.341655],[2.846392,50.341035],[2.84857,50.340632],[2.850822,50.340458],[2.853087,50.340516],[2.855309,50.340806],[2.85743,50.341319],[2.859394,50.342042],[2.861151,50.342958],[2.862655,50.344041],[2.863867,50.345264],[2.864757,50.346595],[2.8653,50.348001],[2.865483,50.349443]]]}},{"type":"Feature","properties":{"name":"573","nameV":"SUR 573 Upper(1000FT AGL-3300FT AGL)","class":"Q","type":"SUR","lower":"SFC","lowerM":0,"upper":"1000FT AGL","upperMax":"3300FT AGL","ordinalUpperM":304,"upperM":304,"groundEstimatedHeight":[0,0,0,0],"activationCode":"H24","UId":"1566083","id":"LF573","stroke":"#f07800","stroke-width":2,"stroke-opacity":0.8,"fill":"#f07800","fill-opacity":0.3},"geometry":{"type":"Polygon","coordinates":[[[2.327601,50.927221],[2.327417,50.928664],[2.326868,50.930069],[2.325968,50.931401],[2.324741,50.932624],[2.323218,50.933708],[2.321439,50.934623],[2.319451,50.935347],[2.317303,50.93586],[2.315053,50.93615],[2.312758,50.936208],[2.310478,50.936033],[2.308273,50.935631],[2.306198,50.93501],[2.304308,50.934188],[2.302652,50.933185],[2.301273,50.932028],[2.300206,50.930746],[2.299479,50.929373],[2.299111,50.927945],[2.299111,50.926497],[2.29948,50.925069],[2.300208,50.923696],[2.301275,50.922415],[2.302655,50.921258],[2.304311,50.920255],[2.3062,50.919433],[2.308274,50.918813],[2.31048,50.91841],[2.312759,50.918236],[2.315052,50.918294],[2.317302,50.918584],[2.319449,50.919097],[2.321437,50.91982],[2.323215,50.920736],[2.324738,50.921819],[2.325966,50.923042],[2.326866,50.924373],[2.327416,50.925779],[2.327601,50.927221]]]}},{"type":"Feature","properties":{"name":"574","nameV":"SUR 574 Upper(1000FT AGL-3300FT AGL)","class":"Q","type":"SUR","lower":"SFC","lowerM":0,"upper":"1000FT AGL","upperMax":"3300FT AGL","ordinalUpperM":304,"upperM":304,"groundEstimatedHeight":[0,0,0,0],"activationCode":"H24","UId":"1566085","id":"LF574","stroke":"#f07800","stroke-width":2,"stroke-opacity":0.8,"fill":"#f07800","fill-opacity":0.3},"geometry":{"type":"Polygon","coordinates":[[[3.832417,50.315555],[3.832235,50.316998],[3.831693,50.318403],[3.830805,50.319735],[3.829593,50.320958],[3.82809,50.322042],[3.826335,50.322957],[3.824372,50.323681],[3.822252,50.324194],[3.820031,50.324484],[3.817766,50.324542],[3.815515,50.324367],[3.813338,50.323965],[3.81129,50.323344],[3.809425,50.322522],[3.80779,50.321519],[3.806428,50.320362],[3.805375,50.31908],[3.804658,50.317707],[3.804295,50.316279],[3.804295,50.314832],[3.804659,50.313403],[3.805377,50.31203],[3.806431,50.310749],[3.807793,50.309592],[3.809427,50.308589],[3.811292,50.307767],[3.81334,50.307147],[3.815516,50.306744],[3.817766,50.30657],[3.82003,50.306628],[3.822251,50.306918],[3.82437,50.307431],[3.826332,50.308154],[3.828088,50.30907],[3.829591,50.310153],[3.830802,50.311376],[3.831691,50.312707],[3.832234,50.314113],[3.832417,50.315555]]]}},{"type":"Feature","properties":{"name":"568","nameV":"SUR 568 Upper(1000FT AGL-3300FT AGL)","class":"Q","type":"SUR","lower":"SFC","lowerM":0,"upper":"1000FT AGL","upperMax":"3300FT AGL","ordinalUpperM":304,"upperM":304,"groundEstimatedHeight":[0,0,0,0],"activationCode":"H24","UId":"1566091","id":"LF568","stroke":"#f07800","stroke-width":2,"stroke-opacity":0.8,"fill":"#f07800","fill-opacity":0.3},"geometry":{"type":"Polygon","coordinates":[[[0.205643,47.927499],[0.20547,47.928942],[0.204953,47.930347],[0.204107,47.931679],[0.202953,47.932902],[0.20152,47.933986],[0.199847,47.934901],[0.197977,47.935625],[0.195957,47.936138],[0.19384,47.936428],[0.191681,47.936486],[0.189537,47.936311],[0.187462,47.935909],[0.18551,47.935288],[0.183733,47.934466],[0.182175,47.933463],[0.180877,47.932306],[0.179874,47.931024],[0.17919,47.929651],[0.178844,47.928223],[0.178844,47.926776],[0.179191,47.925347],[0.179876,47.923974],[0.18088,47.922693],[0.182177,47.921536],[0.183735,47.920533],[0.185512,47.919711],[0.187464,47.919091],[0.189538,47.918688],[0.191682,47.918514],[0.193839,47.918572],[0.195955,47.918862],[0.197975,47.919375],[0.199845,47.920098],[0.201518,47.921014],[0.20295,47.922097],[0.204105,47.92332],[0.204952,47.924651],[0.205469,47.926057],[0.205643,47.927499]]]}},{"type":"Feature","properties":{"name":"569","nameV":"SUR 569 Upper(1000FT AGL-3300FT AGL)","class":"Q","type":"SUR","lower":"SFC","lowerM":0,"upper":"1000FT AGL","upperMax":"3300FT AGL","ordinalUpperM":304,"upperM":304,"groundEstimatedHeight":[0,0,0,0],"activationCode":"H24","UId":"1566093","id":"LF569","stroke":"#f07800","stroke-width":2,"stroke-opacity":0.8,"fill":"#f07800","fill-opacity":0.3},"geometry":{"type":"Polygon","coordinates":[[[2.953864,50.512777],[2.953682,50.51422],[2.953137,50.515625],[2.952246,50.516957],[2.951029,50.51818],[2.94952,50.519264],[2.947757,50.520179],[2.945786,50.520903],[2.943657,50.521416],[2.941427,50.521706],[2.939152,50.521764],[2.936893,50.521589],[2.934706,50.521187],[2.93265,50.520566],[2.930776,50.519744],[2.929135,50.518741],[2.927768,50.517584],[2.92671,50.516302],[2.92599,50.514929],[2.925625,50.513501],[2.925626,50.512053],[2.925991,50.510625],[2.926712,50.509252],[2.92777,50.507971],[2.929138,50.506814],[2.930779,50.505811],[2.932652,50.504989],[2.934708,50.504369],[2.936894,50.503966],[2.939153,50.503792],[2.941426,50.50385],[2.943656,50.50414],[2.945784,50.504653],[2.947755,50.505376],[2.949517,50.506292],[2.951027,50.507375],[2.952243,50.508598],[2.953136,50.509929],[2.953681,50.511335],[2.953864,50.512777]]]}},{"type":"Feature","properties":{"name":"571","nameV":"SUR 571 Upper(1000FT AGL-3300FT AGL)","class":"Q","type":"SUR","lower":"SFC","lowerM":0,"upper":"1000FT AGL","upperMax":"3300FT AGL","ordinalUpperM":304,"upperM":304,"groundEstimatedHeight":[0,0,0,0],"activationCode":"H24","UId":"1566095","id":"LF571","stroke":"#f07800","stroke-width":2,"stroke-opacity":0.8,"fill":"#f07800","fill-opacity":0.3},"geometry":{"type":"Polygon","coordinates":[[[0.022521,48.723332],[0.022345,48.724775],[0.021821,48.72618],[0.020961,48.727512],[0.019788,48.728735],[0.018334,48.729819],[0.016634,48.730734],[0.014734,48.731458],[0.012682,48.731971],[0.010532,48.732261],[0.00834,48.732319],[0.006162,48.732144],[0.004054,48.731742],[0.002072,48.731121],[0.000266,48.730299],[-0.001316,48.729296],[-0.002634,48.728139],[-0.003653,48.726857],[-0.004348,48.725484],[-0.004699,48.724056],[-0.004699,48.722609],[-0.004347,48.72118],[-0.003652,48.719807],[-0.002632,48.718526],[-0.001314,48.717369],[0.000268,48.716366],[0.002074,48.715544],[0.004056,48.714924],[0.006163,48.714521],[0.00834,48.714347],[0.010532,48.714405],[0.012681,48.714695],[0.014732,48.715208],[0.016632,48.715931],[0.018331,48.716847],[0.019786,48.71793],[0.020959,48.719153],[0.021819,48.720484],[0.022344,48.72189],[0.022521,48.723332]]]}},{"type":"Feature","properties":{"name":"567","nameV":"SUR 567 Upper(1000FT AGL-3300FT AGL)","class":"Q","type":"SUR","lower":"SFC","lowerM":0,"upper":"1000FT AGL","upperMax":"3300FT AGL","ordinalUpperM":304,"upperM":304,"groundEstimatedHeight":[0,0,0,0],"activationCode":"H24","UId":"1566273","id":"LF567","stroke":"#f07800","stroke-width":2,"stroke-opacity":0.8,"fill":"#f07800","fill-opacity":0.3},"geometry":{"type":"Polygon","coordinates":[[[-0.199482,48.505277],[-0.199658,48.50672],[-0.20018,48.508125],[-0.201036,48.509457],[-0.202204,48.51068],[-0.203652,48.511764],[-0.205344,48.512679],[-0.207236,48.513403],[-0.209279,48.513916],[-0.21142,48.514206],[-0.213603,48.514264],[-0.215772,48.514089],[-0.21787,48.513687],[-0.219844,48.513066],[-0.221642,48.512244],[-0.223217,48.511241],[-0.224529,48.510084],[-0.225544,48.508802],[-0.226236,48.507429],[-0.226586,48.506001],[-0.226585,48.504554],[-0.226235,48.503125],[-0.225543,48.501752],[-0.224527,48.500471],[-0.223215,48.499314],[-0.221639,48.498311],[-0.219842,48.497489],[-0.217868,48.496869],[-0.215771,48.496466],[-0.213602,48.496292],[-0.21142,48.49635],[-0.20928,48.49664],[-0.207238,48.497153],[-0.205346,48.497876],[-0.203654,48.498792],[-0.202206,48.499875],[-0.201038,48.501098],[-0.200182,48.502429],[-0.199659,48.503835],[-0.199482,48.505277]]]}},{"type":"Feature","properties":{"name":"566","nameV":"SUR 566 Upper(1000FT AGL-3300FT AGL)","class":"Q","type":"SUR","lower":"SFC","lowerM":0,"upper":"1000FT AGL","upperMax":"3300FT AGL","ordinalUpperM":304,"upperM":304,"groundEstimatedHeight":[0,0,0,0],"activationCode":"H24","UId":"1566275","id":"LF566","stroke":"#f07800","stroke-width":2,"stroke-opacity":0.8,"fill":"#f07800","fill-opacity":0.3},"geometry":{"type":"Polygon","coordinates":[[[-1.320288,47.544721],[-1.32046,47.546164],[-1.320973,47.547569],[-1.321813,47.548901],[-1.322959,47.550124],[-1.324381,47.551208],[-1.326042,47.552123],[-1.327899,47.552847],[-1.329904,47.55336],[-1.332005,47.55365],[-1.334148,47.553708],[-1.336276,47.553533],[-1.338336,47.553131],[-1.340273,47.55251],[-1.342038,47.551688],[-1.343585,47.550685],[-1.344872,47.549528],[-1.345869,47.548246],[-1.346547,47.546873],[-1.346891,47.545445],[-1.346891,47.543998],[-1.346546,47.542569],[-1.345867,47.541196],[-1.34487,47.539915],[-1.343582,47.538758],[-1.342036,47.537756],[-1.340272,47.536933],[-1.338335,47.536313],[-1.336275,47.535911],[-1.334147,47.535736],[-1.332005,47.535794],[-1.329905,47.536084],[-1.3279,47.536597],[-1.326044,47.53732],[-1.324383,47.538236],[-1.322961,47.539319],[-1.321815,47.540542],[-1.320974,47.541873],[-1.320461,47.543279],[-1.320288,47.544721]]]}},{"type":"Feature","properties":{"name":"565","nameV":"SUR 565 Upper(1000FT AGL-3300FT AGL)","class":"Q","type":"SUR","lower":"SFC","lowerM":0,"upper":"1000FT AGL","upperMax":"3300FT AGL","ordinalUpperM":304,"upperM":304,"groundEstimatedHeight":[0,0,0,0],"activationCode":"H24","UId":"1565017","id":"LF565","stroke":"#f07800","stroke-width":2,"stroke-opacity":0.8,"fill":"#f07800","fill-opacity":0.3},"geometry":{"type":"Polygon","coordinates":[[[1.796085,48.549443],[1.79591,48.550886],[1.795387,48.552291],[1.79453,48.553623],[1.793362,48.554846],[1.791912,48.55593],[1.790219,48.556845],[1.788325,48.557569],[1.78628,48.558082],[1.784138,48.558372],[1.781953,48.55843],[1.779782,48.558255],[1.777682,48.557853],[1.775706,48.557232],[1.773907,48.55641],[1.77233,48.555407],[1.771017,48.55425],[1.770001,48.552968],[1.769309,48.551595],[1.768958,48.550167],[1.768959,48.54872],[1.76931,48.547291],[1.770003,48.545918],[1.771019,48.544637],[1.772332,48.54348],[1.773909,48.542477],[1.775708,48.541655],[1.777683,48.541035],[1.779783,48.540632],[1.781953,48.540458],[1.784137,48.540516],[1.786279,48.540806],[1.788323,48.541319],[1.790216,48.542042],[1.79191,48.542958],[1.79336,48.544041],[1.794528,48.545264],[1.795386,48.546595],[1.795909,48.548001],[1.796085,48.549443]]]}},{"type":"Feature","properties":{"name":"011","nameV":"SUR 011 Upper(1000FT AGL-3300FT AGL)","class":"Q","type":"SUR","lower":"SFC","lowerM":0,"upper":"1000FT AGL","upperMax":"3300FT AGL","ordinalUpperM":304,"upperM":304,"groundEstimatedHeight":[0,0,0,0],"activationCode":"H24","UId":"1565029","id":"LF011","stroke":"#f07800","stroke-width":2,"stroke-opacity":0.8,"fill":"#f07800","fill-opacity":0.3},"geometry":{"type":"Polygon","coordinates":[[[0.254433,46.413332],[0.254264,46.414775],[0.253762,46.41618],[0.25294,46.417512],[0.251818,46.418735],[0.250426,46.419819],[0.2488,46.420734],[0.246982,46.421458],[0.245019,46.421971],[0.242962,46.422261],[0.240864,46.422319],[0.238779,46.422144],[0.236763,46.421742],[0.234866,46.421121],[0.233138,46.420299],[0.231624,46.419296],[0.230363,46.418139],[0.229388,46.416857],[0.228724,46.415485],[0.228387,46.414056],[0.228387,46.412609],[0.228725,46.41118],[0.22939,46.409807],[0.230365,46.408526],[0.231626,46.407369],[0.23314,46.406367],[0.234868,46.405544],[0.236764,46.404924],[0.23878,46.404522],[0.240864,46.404347],[0.242961,46.404405],[0.245018,46.404695],[0.24698,46.405208],[0.248798,46.405931],[0.250424,46.406847],[0.251816,46.40793],[0.252938,46.409153],[0.253761,46.410484],[0.254264,46.41189],[0.254433,46.413332]]]}},{"type":"Feature","properties":{"name":"013","nameV":"SUR 013 Upper(1000FT AGL-3300FT AGL)","class":"Q","type":"SUR","lower":"SFC","lowerM":0,"upper":"1000FT AGL","upperMax":"3300FT AGL","ordinalUpperM":304,"upperM":304,"groundEstimatedHeight":[0,0,0,0],"activationCode":"H24","UId":"1565031","id":"LF013","stroke":"#f07800","stroke-width":2,"stroke-opacity":0.8,"fill":"#f07800","fill-opacity":0.3},"geometry":{"type":"Polygon","coordinates":[[[1.339447,44.004443],[1.339285,44.005886],[1.338804,44.007291],[1.338016,44.008623],[1.33694,44.009846],[1.335606,44.01093],[1.334047,44.011845],[1.332305,44.012569],[1.330423,44.013082],[1.328451,44.013372],[1.32644,44.01343],[1.324443,44.013255],[1.32251,44.012853],[1.320692,44.012232],[1.319036,44.01141],[1.317584,44.010407],[1.316376,44.00925],[1.315441,44.007968],[1.314804,44.006596],[1.314481,44.005167],[1.314482,44.00372],[1.314805,44.002291],[1.315442,44.000918],[1.316377,43.999637],[1.317586,43.99848],[1.319037,43.997478],[1.320693,43.996655],[1.322511,43.996035],[1.324443,43.995633],[1.326441,43.995458],[1.328451,43.995516],[1.330422,43.995806],[1.332303,43.996319],[1.334046,43.997043],[1.335604,43.997958],[1.336939,43.999041],[1.338014,44.000264],[1.338803,44.001596],[1.339285,44.003001],[1.339447,44.004443]]]}},{"type":"Feature","properties":{"name":"012","nameV":"SUR 012 Upper(1000FT AGL-3300FT AGL)","class":"Q","type":"SUR","lower":"SFC","lowerM":0,"upper":"1000FT AGL","upperMax":"3300FT AGL","ordinalUpperM":304,"upperM":304,"groundEstimatedHeight":[0,0,0,0],"activationCode":"H24","UId":"1565033","id":"LF012","stroke":"#f07800","stroke-width":2,"stroke-opacity":0.8,"fill":"#f07800","fill-opacity":0.3},"geometry":{"type":"Polygon","coordinates":[[[-0.071512,44.712499],[-0.071676,44.713942],[-0.072163,44.715347],[-0.072961,44.716679],[-0.074049,44.717902],[-0.0754,44.718986],[-0.076977,44.719901],[-0.078741,44.720625],[-0.080646,44.721138],[-0.082641,44.721428],[-0.084677,44.721486],[-0.086699,44.721311],[-0.088655,44.720909],[-0.090495,44.720288],[-0.092172,44.719466],[-0.09364,44.718463],[-0.094864,44.717306],[-0.09581,44.716024],[-0.096455,44.714652],[-0.096781,44.713223],[-0.096781,44.711776],[-0.096454,44.710347],[-0.095809,44.708974],[-0.094862,44.707693],[-0.093638,44.706536],[-0.09217,44.705534],[-0.090494,44.704711],[-0.088654,44.704091],[-0.086698,44.703689],[-0.084676,44.703514],[-0.082642,44.703572],[-0.080647,44.703862],[-0.078743,44.704375],[-0.076979,44.705099],[-0.075402,44.706014],[-0.074051,44.707097],[-0.072962,44.70832],[-0.072164,44.709652],[-0.071676,44.711057],[-0.071512,44.712499]]]}},{"type":"Feature","properties":{"name":"239","nameV":"SUR 239 Upper(1000FT AGL-3300FT AGL)","class":"Q","type":"SUR","lower":"SFC","lowerM":0,"upper":"1000FT AGL","upperMax":"3300FT AGL","ordinalUpperM":304,"upperM":304,"groundEstimatedHeight":[0,0,0,0],"activationCode":"H24","UId":"1565041","id":"LF239","stroke":"#f07800","stroke-width":2,"stroke-opacity":0.8,"fill":"#f07800","fill-opacity":0.3},"geometry":{"type":"Polygon","coordinates":[[[2.539001,43.186943],[2.538842,43.188386],[2.538367,43.189791],[2.537589,43.191123],[2.536528,43.192346],[2.535212,43.19343],[2.533675,43.194345],[2.531955,43.195069],[2.530099,43.195582],[2.528154,43.195872],[2.52617,43.19593],[2.524199,43.195755],[2.522293,43.195353],[2.520499,43.194732],[2.518865,43.19391],[2.517434,43.192907],[2.516241,43.19175],[2.515319,43.190468],[2.514691,43.189096],[2.514373,43.187667],[2.514373,43.18622],[2.514692,43.184791],[2.51532,43.183418],[2.516243,43.182137],[2.517436,43.18098],[2.518867,43.179978],[2.520501,43.179155],[2.522294,43.178535],[2.5242,43.178133],[2.52617,43.177958],[2.528154,43.178016],[2.530098,43.178306],[2.531954,43.178819],[2.533673,43.179543],[2.53521,43.180458],[2.536527,43.181541],[2.537588,43.182764],[2.538366,43.184096],[2.538841,43.185501],[2.539001,43.186943]]]}},{"type":"Feature","properties":{"name":"253","nameV":"SUR 253 Upper(1000FT AGL-3300FT AGL)","class":"Q","type":"SUR","lower":"SFC","lowerM":0,"upper":"1000FT AGL","upperMax":"3300FT AGL","ordinalUpperM":304,"upperM":304,"groundEstimatedHeight":[0,0,0,0],"activationCode":"H24","UId":"1565283","id":"LF253","stroke":"#f07800","stroke-width":2,"stroke-opacity":0.8,"fill":"#f07800","fill-opacity":0.3},"geometry":{"type":"Polygon","coordinates":[[[3.190698,43.339721],[3.190538,43.341164],[3.190062,43.342569],[3.189283,43.343901],[3.188219,43.345124],[3.1869,43.346208],[3.185358,43.347123],[3.183635,43.347847],[3.181774,43.34836],[3.179824,43.34865],[3.177835,43.348708],[3.175859,43.348533],[3.173948,43.348131],[3.17215,43.34751],[3.170512,43.346688],[3.169077,43.345685],[3.167881,43.344528],[3.166957,43.343246],[3.166327,43.341874],[3.166008,43.340445],[3.166008,43.338998],[3.166327,43.337569],[3.166958,43.336196],[3.167883,43.334915],[3.169078,43.333758],[3.170514,43.332756],[3.172151,43.331933],[3.173949,43.331313],[3.17586,43.330911],[3.177835,43.330736],[3.179823,43.330794],[3.181773,43.331084],[3.183633,43.331597],[3.185356,43.332321],[3.186898,43.333236],[3.188217,43.334319],[3.189281,43.335542],[3.190061,43.336874],[3.190538,43.338279],[3.190698,43.339721]]]}},{"type":"Feature","properties":{"name":"251","nameV":"SUR 251 Upper(1000FT AGL-3300FT AGL)","class":"Q","type":"SUR","lower":"SFC","lowerM":0,"upper":"1000FT AGL","upperMax":"3300FT AGL","ordinalUpperM":304,"upperM":304,"groundEstimatedHeight":[0,0,0,0],"activationCode":"H24","UId":"1565285","id":"LF251","stroke":"#f07800","stroke-width":2,"stroke-opacity":0.8,"fill":"#f07800","fill-opacity":0.3},"geometry":{"type":"Polygon","coordinates":[[[4.943983,45.679443],[4.943817,45.680886],[4.943321,45.682291],[4.942509,45.683623],[4.941402,45.684846],[4.940029,45.68593],[4.938424,45.686845],[4.93663,45.687569],[4.934693,45.688082],[4.932663,45.688372],[4.930593,45.68843],[4.928536,45.688255],[4.926546,45.687853],[4.924674,45.687232],[4.922969,45.68641],[4.921475,45.685407],[4.920231,45.68425],[4.919268,45.682968],[4.918613,45.681596],[4.918281,45.680167],[4.918281,45.67872],[4.918614,45.677291],[4.91927,45.675918],[4.920233,45.674637],[4.921477,45.67348],[4.922971,45.672478],[4.924676,45.671655],[4.926547,45.671035],[4.928537,45.670633],[4.930593,45.670458],[4.932662,45.670516],[4.934692,45.670806],[4.936628,45.671319],[4.938422,45.672042],[4.940027,45.672958],[4.9414,45.674041],[4.942508,45.675264],[4.94332,45.676595],[4.943816,45.678001],[4.943983,45.679443]]]}},{"type":"Feature","properties":{"name":"252","nameV":"SUR 252 Upper(1000FT AGL-3300FT AGL)","class":"Q","type":"SUR","lower":"SFC","lowerM":0,"upper":"1000FT AGL","upperMax":"3300FT AGL","ordinalUpperM":304,"upperM":304,"groundEstimatedHeight":[0,0,0,0],"activationCode":"H24","UId":"1565295","id":"LF252","stroke":"#f07800","stroke-width":2,"stroke-opacity":0.8,"fill":"#f07800","fill-opacity":0.3},"geometry":{"type":"Polygon","coordinates":[[[5.258548,46.195832],[5.25838,46.197275],[5.25788,46.19868],[5.257061,46.200012],[5.255944,46.201235],[5.254557,46.202319],[5.252937,46.203234],[5.251127,46.203958],[5.249171,46.204471],[5.247122,46.204761],[5.245033,46.204819],[5.242957,46.204644],[5.240948,46.204242],[5.239059,46.203621],[5.237338,46.202799],[5.23583,46.201796],[5.234574,46.200639],[5.233603,46.199357],[5.232941,46.197985],[5.232606,46.196556],[5.232606,46.195109],[5.232942,46.19368],[5.233604,46.192307],[5.234576,46.191026],[5.235832,46.189869],[5.23734,46.188867],[5.239061,46.188044],[5.24095,46.187424],[5.242958,46.187022],[5.245033,46.186847],[5.247122,46.186905],[5.24917,46.187195],[5.251125,46.187708],[5.252935,46.188431],[5.254555,46.189347],[5.255942,46.19043],[5.257059,46.191653],[5.257879,46.192984],[5.25838,46.19439],[5.258548,46.195832]]]}},{"type":"Feature","properties":{"name":"215","nameV":"SUR 215 Upper(1000FT AGL-3300FT AGL)","class":"Q","type":"SUR","lower":"SFC","lowerM":0,"upper":"1000FT AGL","upperMax":"3300FT AGL","ordinalUpperM":304,"upperM":304,"groundEstimatedHeight":[0,0,0,0],"activationCode":"H24","UId":"1565425","id":"LF215","stroke":"#f07800","stroke-width":2,"stroke-opacity":0.8,"fill":"#f07800","fill-opacity":0.3},"geometry":{"type":"Polygon","coordinates":[[[-0.250508,47.772221],[-0.250681,47.773664],[-0.251196,47.775069],[-0.25204,47.776401],[-0.25319,47.777624],[-0.254618,47.778708],[-0.256287,47.779623],[-0.258152,47.780347],[-0.260166,47.78086],[-0.262276,47.78115],[-0.264428,47.781208],[-0.266566,47.781033],[-0.268635,47.780631],[-0.270581,47.78001],[-0.272353,47.779188],[-0.273906,47.778185],[-0.2752,47.777028],[-0.2762,47.775746],[-0.276882,47.774373],[-0.277227,47.772945],[-0.277227,47.771498],[-0.276881,47.770069],[-0.276199,47.768696],[-0.275198,47.767415],[-0.273904,47.766258],[-0.272351,47.765255],[-0.270579,47.764433],[-0.268633,47.763813],[-0.266565,47.76341],[-0.264428,47.763236],[-0.262276,47.763294],[-0.260167,47.763584],[-0.258153,47.764097],[-0.256289,47.76482],[-0.254621,47.765736],[-0.253193,47.766819],[-0.252042,47.768042],[-0.251197,47.769373],[-0.250681,47.770779],[-0.250508,47.772221]]]}},{"type":"Feature","properties":{"name":"563","nameV":"SUR 563 Upper(1000FT AGL-3300FT AGL)","class":"Q","type":"SUR","lower":"SFC","lowerM":0,"upper":"1000FT AGL","upperMax":"3300FT AGL","ordinalUpperM":304,"upperM":304,"groundEstimatedHeight":[0,0,0,0],"activationCode":"H24","UId":"1564925","id":"LF563","stroke":"#f07800","stroke-width":2,"stroke-opacity":0.8,"fill":"#f07800","fill-opacity":0.3},"geometry":{"type":"Polygon","coordinates":[[[2.043099,48.806388],[2.042922,48.807831],[2.042397,48.809236],[2.041536,48.810568],[2.040362,48.811791],[2.038904,48.812875],[2.037202,48.81379],[2.035299,48.814514],[2.033244,48.815027],[2.03109,48.815317],[2.028894,48.815375],[2.026712,48.8152],[2.024601,48.814798],[2.022615,48.814177],[2.020807,48.813355],[2.019222,48.812352],[2.017902,48.811195],[2.016881,48.809913],[2.016185,48.80854],[2.015833,48.807112],[2.015834,48.805665],[2.016186,48.804236],[2.016883,48.802863],[2.017904,48.801582],[2.019224,48.800425],[2.020809,48.799422],[2.022618,48.7986],[2.024603,48.79798],[2.026713,48.797577],[2.028894,48.797403],[2.03109,48.797461],[2.033242,48.797751],[2.035297,48.798264],[2.0372,48.798987],[2.038902,48.799903],[2.040359,48.800986],[2.041534,48.802209],[2.042395,48.80354],[2.042922,48.804946],[2.043099,48.806388]]]}},{"type":"Feature","properties":{"name":"562","nameV":"SUR 562 Upper(1000FT AGL-3300FT AGL)","class":"Q","type":"SUR","lower":"SFC","lowerM":0,"upper":"1000FT AGL","upperMax":"3300FT AGL","ordinalUpperM":304,"upperM":304,"groundEstimatedHeight":[0,0,0,0],"activationCode":"H24","UId":"1564947","id":"LF562","stroke":"#f07800","stroke-width":2,"stroke-opacity":0.8,"fill":"#f07800","fill-opacity":0.3},"geometry":{"type":"Polygon","coordinates":[[[2.21896,48.906388],[2.218783,48.907831],[2.218257,48.909236],[2.217394,48.910568],[2.216217,48.911791],[2.214757,48.912875],[2.213052,48.91379],[2.211144,48.914514],[2.209085,48.915027],[2.206928,48.915317],[2.204727,48.915375],[2.202541,48.9152],[2.200425,48.914798],[2.198436,48.914177],[2.196624,48.913355],[2.195035,48.912352],[2.193713,48.911195],[2.19269,48.909913],[2.191993,48.90854],[2.19164,48.907112],[2.19164,48.905665],[2.191994,48.904236],[2.192692,48.902863],[2.193715,48.901582],[2.195038,48.900425],[2.196626,48.899422],[2.198438,48.8986],[2.200427,48.89798],[2.202542,48.897577],[2.204727,48.897403],[2.206927,48.897461],[2.209084,48.897751],[2.211143,48.898264],[2.213049,48.898987],[2.214755,48.899903],[2.216215,48.900986],[2.217392,48.902209],[2.218255,48.90354],[2.218783,48.904946],[2.21896,48.906388]]]}},{"type":"Feature","properties":{"name":"865","nameV":"SUR 865 Upper(1000FT AGL-3300FT AGL)","class":"Q","type":"SUR","lower":"SFC","lowerM":0,"upper":"1000FT AGL","upperMax":"3300FT AGL","ordinalUpperM":304,"upperM":304,"groundEstimatedHeight":[0,0,0,0],"activationCode":"H24","UId":"1611914","id":"LF865","stroke":"#f07800","stroke-width":2,"stroke-opacity":0.8,"fill":"#f07800","fill-opacity":0.3},"geometry":{"type":"Polygon","coordinates":[[[5.920658,46.881943],[5.920487,46.883386],[5.919981,46.884791],[5.919151,46.886123],[5.91802,46.887346],[5.916616,46.88843],[5.914975,46.889345],[5.913141,46.890069],[5.911161,46.890582],[5.909086,46.890872],[5.90697,46.89093],[5.904868,46.890755],[5.902834,46.890353],[5.90092,46.889732],[5.899178,46.88891],[5.89765,46.887907],[5.896378,46.88675],[5.895395,46.885468],[5.894724,46.884096],[5.894385,46.882667],[5.894385,46.88122],[5.894725,46.879791],[5.895396,46.878418],[5.89638,46.877137],[5.897653,46.87598],[5.89918,46.874978],[5.900922,46.874155],[5.902835,46.873535],[5.904869,46.873133],[5.90697,46.872958],[5.909086,46.873016],[5.91116,46.873306],[5.91314,46.873819],[5.914973,46.874542],[5.916613,46.875458],[5.918018,46.876541],[5.919149,46.877764],[5.91998,46.879095],[5.920487,46.880501],[5.920658,46.881943]]]}},{"type":"Feature","properties":{"name":"575","nameV":"SUR 575 Upper(1000FT AGL-3300FT AGL)","class":"Q","type":"SUR","lower":"SFC","lowerM":0,"upper":"1000FT AGL","upperMax":"3300FT AGL","ordinalUpperM":304,"upperM":304,"groundEstimatedHeight":[0,0,0,0],"activationCode":"H24","UId":"1612769","id":"LF575","stroke":"#f07800","stroke-width":2,"stroke-opacity":0.8,"fill":"#f07800","fill-opacity":0.3},"geometry":{"type":"Polygon","coordinates":[[[0.021889,48.440832],[0.021714,48.442275],[0.021192,48.44368],[0.020338,48.445012],[0.019172,48.446235],[0.017725,48.447319],[0.016035,48.448234],[0.014145,48.448958],[0.012105,48.449471],[0.009967,48.449761],[0.007787,48.449819],[0.005621,48.449644],[0.003525,48.449242],[0.001554,48.448621],[-0.000242,48.447799],[-0.001815,48.446796],[-0.003126,48.445639],[-0.004139,48.444357],[-0.00483,48.442984],[-0.00518,48.441556],[-0.005179,48.440109],[-0.004829,48.43868],[-0.004138,48.437307],[-0.003124,48.436026],[-0.001813,48.434869],[-0.00024,48.433866],[0.001556,48.433044],[0.003527,48.432424],[0.005622,48.432021],[0.007787,48.431847],[0.009967,48.431905],[0.012104,48.432195],[0.014144,48.432708],[0.016033,48.433431],[0.017723,48.434347],[0.019169,48.43543],[0.020336,48.436653],[0.021191,48.437984],[0.021713,48.43939],[0.021889,48.440832]]]}},{"type":"Feature","properties":{"name":"331","nameV":"SUR 331 Upper(1000FT AGL-3300FT AGL)","class":"Q","type":"SUR","lower":"SFC","lowerM":0,"upper":"1000FT AGL","upperMax":"3300FT AGL","ordinalUpperM":304,"upperM":304,"groundEstimatedHeight":[0,0,0,0],"activationCode":"H24","UId":"1613174","id":"LF331","stroke":"#f07800","stroke-width":2,"stroke-opacity":0.8,"fill":"#f07800","fill-opacity":0.3},"geometry":{"type":"Polygon","coordinates":[[[5.727488,43.93111],[5.727326,43.932553],[5.726845,43.933958],[5.726058,43.93529],[5.724984,43.936513],[5.723651,43.937597],[5.722095,43.938512],[5.720354,43.939236],[5.718475,43.939749],[5.716505,43.940039],[5.714497,43.940097],[5.712502,43.939922],[5.710571,43.93952],[5.708755,43.938899],[5.707101,43.938077],[5.705652,43.937074],[5.704445,43.935917],[5.703511,43.934635],[5.702875,43.933263],[5.702553,43.931834],[5.702553,43.930387],[5.702876,43.928958],[5.703512,43.927585],[5.704446,43.926304],[5.705654,43.925147],[5.707103,43.924145],[5.708757,43.923322],[5.710572,43.922702],[5.712503,43.9223],[5.714497,43.922125],[5.716505,43.922183],[5.718474,43.922473],[5.720353,43.922986],[5.722093,43.92371],[5.723649,43.924625],[5.724982,43.925708],[5.726056,43.926931],[5.726844,43.928263],[5.727326,43.929668],[5.727488,43.93111]]]}},{"type":"Feature","properties":{"name":"332","nameV":"SUR 332 Upper(1000FT AGL-3300FT AGL)","class":"Q","type":"SUR","lower":"SFC","lowerM":0,"upper":"1000FT AGL","upperMax":"3300FT AGL","ordinalUpperM":304,"upperM":304,"groundEstimatedHeight":[0,0,0,0],"activationCode":"H24","UId":"1613176","id":"LF332","stroke":"#f07800","stroke-width":2,"stroke-opacity":0.8,"fill":"#f07800","fill-opacity":0.3},"geometry":{"type":"Polygon","coordinates":[[[3.718697,45.647221],[3.718531,45.648664],[3.718036,45.650069],[3.717225,45.651401],[3.716118,45.652624],[3.714746,45.653708],[3.713142,45.654623],[3.711349,45.655347],[3.709413,45.65586],[3.707384,45.65615],[3.705315,45.656208],[3.703259,45.656033],[3.701271,45.655631],[3.6994,45.65501],[3.697696,45.654188],[3.696203,45.653185],[3.694959,45.652028],[3.693997,45.650746],[3.693342,45.649374],[3.69301,45.647945],[3.69301,45.646498],[3.693343,45.645069],[3.693999,45.643696],[3.694961,45.642415],[3.696205,45.641258],[3.697698,45.640256],[3.699402,45.639433],[3.701272,45.638813],[3.70326,45.638411],[3.705315,45.638236],[3.707383,45.638294],[3.709412,45.638584],[3.711347,45.639097],[3.71314,45.63982],[3.714743,45.640736],[3.716116,45.641819],[3.717223,45.643042],[3.718035,45.644373],[3.718531,45.645779],[3.718697,45.647221]]]}},{"type":"Feature","properties":{"name":"142","nameV":"SUR 142 Upper(1000FT AGL-3300FT AGL)","class":"Q","type":"SUR","lower":"SFC","lowerM":0,"upper":"1000FT AGL","upperMax":"3300FT AGL","ordinalUpperM":304,"upperM":304,"groundEstimatedHeight":[0,0,0,0],"activationCode":"H24","UId":"3958149","id":"LF142","stroke":"#f07800","stroke-width":2,"stroke-opacity":0.8,"fill":"#f07800","fill-opacity":0.3},"geometry":{"type":"Polygon","coordinates":[[[0.213889,45.26611],[0.213724,45.267553],[0.213232,45.268958],[0.212426,45.27029],[0.211327,45.271513],[0.209964,45.272597],[0.208371,45.273512],[0.20659,45.274236],[0.204667,45.274749],[0.202651,45.275039],[0.200596,45.275097],[0.198555,45.274922],[0.196579,45.27452],[0.194721,45.273899],[0.193029,45.273077],[0.191546,45.272074],[0.19031,45.270917],[0.189355,45.269635],[0.188704,45.268263],[0.188374,45.266834],[0.188375,45.265387],[0.188705,45.263958],[0.189356,45.262585],[0.190312,45.261304],[0.191548,45.260147],[0.193031,45.259145],[0.194723,45.258322],[0.196581,45.257702],[0.198556,45.2573],[0.200597,45.257125],[0.202651,45.257183],[0.204665,45.257473],[0.206588,45.257986],[0.208369,45.258709],[0.209961,45.259625],[0.211325,45.260708],[0.212424,45.261931],[0.213231,45.263262],[0.213723,45.264668],[0.213889,45.26611]]]}},{"type":"Feature","properties":{"name":"811","nameV":"SUR 811 Upper(1000FT AGL-3300FT AGL)","class":"Q","type":"SUR","lower":"SFC","lowerM":0,"upper":"1000FT AGL","upperMax":"3300FT AGL","ordinalUpperM":304,"upperM":304,"groundEstimatedHeight":[0,0,0,0],"activationCode":"H24","UId":"3958188","id":"LF811","stroke":"#f07800","stroke-width":2,"stroke-opacity":0.8,"fill":"#f07800","fill-opacity":0.3},"geometry":{"type":"Polygon","coordinates":[[[6.166406,48.706666],[6.16623,48.708109],[6.165705,48.709514],[6.164846,48.710846],[6.163674,48.712069],[6.16222,48.713153],[6.160521,48.714068],[6.158621,48.714792],[6.15657,48.715305],[6.154421,48.715595],[6.152229,48.715653],[6.150052,48.715478],[6.147945,48.715076],[6.145963,48.714455],[6.144158,48.713633],[6.142576,48.71263],[6.141259,48.711473],[6.14024,48.710191],[6.139546,48.708818],[6.139194,48.70739],[6.139195,48.705943],[6.139547,48.704514],[6.140242,48.703141],[6.141261,48.70186],[6.142579,48.700703],[6.14416,48.6997],[6.145965,48.698878],[6.147946,48.698258],[6.150053,48.697855],[6.152229,48.697681],[6.15442,48.697739],[6.156569,48.698029],[6.158619,48.698542],[6.160518,48.699265],[6.162217,48.700181],[6.163672,48.701264],[6.164844,48.702487],[6.165704,48.703818],[6.166229,48.705224],[6.166406,48.706666]]]}},{"type":"Feature","properties":{"name":"141","nameV":"SUR 141 Upper(1000FT AGL-3300FT AGL)","class":"Q","type":"SUR","lower":"SFC","lowerM":0,"upper":"1000FT AGL","upperMax":"3300FT AGL","ordinalUpperM":304,"upperM":304,"groundEstimatedHeight":[0,0,0,0],"activationCode":"H24","UId":"3958142","id":"LF141","stroke":"#f07800","stroke-width":2,"stroke-opacity":0.8,"fill":"#f07800","fill-opacity":0.3},"geometry":{"type":"Polygon","coordinates":[[[0.358972,45.633332],[0.358806,45.634775],[0.358311,45.63618],[0.3575,45.637512],[0.356394,45.638735],[0.355021,45.639819],[0.353418,45.640734],[0.351625,45.641458],[0.34969,45.641971],[0.347662,45.642261],[0.345593,45.642319],[0.343538,45.642144],[0.34155,45.641742],[0.339679,45.641121],[0.337976,45.640299],[0.336483,45.639296],[0.33524,45.638139],[0.334278,45.636857],[0.333623,45.635485],[0.333291,45.634056],[0.333292,45.632609],[0.333624,45.63118],[0.33428,45.629807],[0.335242,45.628526],[0.336485,45.627369],[0.337978,45.626367],[0.339681,45.625544],[0.341551,45.624924],[0.343539,45.624522],[0.345593,45.624347],[0.347661,45.624405],[0.349689,45.624695],[0.351624,45.625208],[0.353416,45.625931],[0.355019,45.626847],[0.356392,45.62793],[0.357498,45.629153],[0.35831,45.630484],[0.358805,45.63189],[0.358972,45.633332]]]}},{"type":"Feature","properties":{"name":"001","nameV":"SUR 001 Upper(1000FT AGL-3300FT AGL)","class":"Q","type":"SUR","lower":"SFC","lowerM":0,"upper":"1000FT AGL","upperMax":"3300FT AGL","ordinalUpperM":304,"upperM":304,"groundEstimatedHeight":[0,0,0,0],"activationCode":"H24","UId":"5346467","id":"NW001","stroke":"#f07800","stroke-width":2,"stroke-opacity":0.8,"fill":"#f07800","fill-opacity":0.3},"geometry":{"type":"Polygon","coordinates":[[[166.923611,-22.332222],[166.923485,-22.330779],[166.923111,-22.329374],[166.922498,-22.328042],[166.921661,-22.326819],[166.920624,-22.325736],[166.919412,-22.324821],[166.918057,-22.324097],[166.916594,-22.323584],[166.915061,-22.323294],[166.913498,-22.323236],[166.911944,-22.323411],[166.910442,-22.323813],[166.909028,-22.324434],[166.90774,-22.325256],[166.906612,-22.326258],[166.905672,-22.327415],[166.904945,-22.328697],[166.904449,-22.33007],[166.904198,-22.331498],[166.904198,-22.332945],[166.904449,-22.334374],[166.904944,-22.335747],[166.905671,-22.337028],[166.906611,-22.338185],[166.90774,-22.339188],[166.909028,-22.34001],[166.910441,-22.340631],[166.911944,-22.341033],[166.913497,-22.341208],[166.915061,-22.34115],[166.916594,-22.34086],[166.918057,-22.340347],[166.919412,-22.339623],[166.920624,-22.338708],[166.921662,-22.337624],[166.922498,-22.336401],[166.923111,-22.33507],[166.923486,-22.333664],[166.923611,-22.332222]]]}},{"type":"Feature","properties":{"name":"002","nameV":"SUR 002 Upper(1000FT AGL-3300FT AGL)","class":"Q","type":"SUR","lower":"SFC","lowerM":0,"upper":"1000FT AGL","upperMax":"3300FT AGL","ordinalUpperM":304,"upperM":304,"groundEstimatedHeight":[0,0,0,0],"activationCode":"H24","UId":"5346474","id":"NW002","stroke":"#f07800","stroke-width":2,"stroke-opacity":0.8,"fill":"#f07800","fill-opacity":0.3},"geometry":{"type":"Polygon","coordinates":[[[166.901668,-22.351944],[166.901542,-22.350501],[166.901167,-22.349096],[166.900554,-22.347764],[166.899717,-22.346541],[166.89868,-22.345458],[166.897467,-22.344543],[166.896112,-22.343819],[166.894649,-22.343306],[166.893116,-22.343016],[166.891552,-22.342958],[166.889999,-22.343133],[166.888496,-22.343535],[166.887082,-22.344156],[166.885795,-22.344978],[166.884666,-22.34598],[166.883726,-22.347137],[166.882999,-22.348419],[166.882503,-22.349792],[166.882252,-22.35122],[166.882252,-22.352667],[166.882503,-22.354096],[166.882998,-22.355469],[166.883725,-22.35675],[166.884665,-22.357907],[166.885794,-22.35891],[166.887082,-22.359732],[166.888496,-22.360353],[166.889999,-22.360755],[166.891552,-22.36093],[166.893116,-22.360872],[166.89465,-22.360582],[166.896113,-22.360069],[166.897468,-22.359345],[166.89868,-22.35843],[166.899718,-22.357346],[166.900554,-22.356123],[166.901168,-22.354792],[166.901542,-22.353386],[166.901668,-22.351944]]]}},{"type":"Feature","properties":{"name":"577","nameV":"SUR 577 Upper(1000FT AGL-3300FT AGL)","class":"Q","type":"SUR","lower":"SFC","lowerM":0,"upper":"1000FT AGL","upperMax":"3300FT AGL","ordinalUpperM":304,"upperM":304,"groundEstimatedHeight":[0,0,0,0],"activationCode":"H24","UId":"6542048","id":"LF577","stroke":"#f07800","stroke-width":2,"stroke-opacity":0.8,"fill":"#f07800","fill-opacity":0.3},"geometry":{"type":"Polygon","coordinates":[[[3.028875,50.546666],[3.028692,50.548109],[3.028147,50.549514],[3.027255,50.550846],[3.026037,50.552069],[3.024527,50.553153],[3.022763,50.554068],[3.02079,50.554792],[3.01866,50.555305],[3.016428,50.555595],[3.014152,50.555653],[3.011891,50.555478],[3.009703,50.555076],[3.007645,50.554455],[3.00577,50.553633],[3.004127,50.55263],[3.002759,50.551473],[3.001701,50.550191],[3.00098,50.548818],[3.000615,50.54739],[3.000616,50.545942],[3.000981,50.544514],[3.001703,50.543141],[3.002762,50.54186],[3.00413,50.540703],[3.005773,50.5397],[3.007647,50.538878],[3.009704,50.538258],[3.011892,50.537855],[3.014152,50.537681],[3.016428,50.537739],[3.018659,50.538029],[3.020788,50.538542],[3.02276,50.539265],[3.024524,50.540181],[3.026035,50.541264],[3.027252,50.542487],[3.028145,50.543818],[3.028691,50.545224],[3.028875,50.546666]]]}},{"type":"Feature","properties":{"name":"017","nameV":"SUR 017 Upper(1000FT AGL-3300FT AGL)","class":"Q","type":"SUR","lower":"SFC","lowerM":0,"upper":"1000FT AGL","upperMax":"3300FT AGL","ordinalUpperM":304,"upperM":304,"groundEstimatedHeight":[0,0,0,0],"activationCode":"H24","UId":"6545438","id":"LF017","stroke":"#f07800","stroke-width":2,"stroke-opacity":0.8,"fill":"#f07800","fill-opacity":0.3},"geometry":{"type":"Polygon","coordinates":[[[-0.46015,45.828332],[-0.460317,45.829775],[-0.460813,45.83118],[-0.461627,45.832512],[-0.462737,45.833735],[-0.464114,45.834819],[-0.465723,45.835734],[-0.467522,45.836458],[-0.469465,45.836971],[-0.4715,45.837261],[-0.473576,45.837319],[-0.475638,45.837144],[-0.477633,45.836742],[-0.47951,45.836121],[-0.48122,45.835299],[-0.482718,45.834296],[-0.483965,45.833139],[-0.48493,45.831857],[-0.485588,45.830485],[-0.485921,45.829056],[-0.48592,45.827609],[-0.485587,45.82618],[-0.484929,45.824807],[-0.483963,45.823526],[-0.482715,45.822369],[-0.481217,45.821367],[-0.479508,45.820544],[-0.477632,45.819924],[-0.475637,45.819522],[-0.473576,45.819347],[-0.471501,45.819405],[-0.469466,45.819695],[-0.467524,45.820208],[-0.465725,45.820931],[-0.464117,45.821847],[-0.462739,45.82293],[-0.461629,45.824153],[-0.460815,45.825484],[-0.460317,45.82689],[-0.46015,45.828332]]]}},{"type":"Feature","properties":{"name":"016","nameV":"SUR 016 Upper(1000FT AGL-3300FT AGL)","class":"Q","type":"SUR","lower":"SFC","lowerM":0,"upper":"1000FT AGL","upperMax":"3300FT AGL","ordinalUpperM":304,"upperM":304,"groundEstimatedHeight":[0,0,0,0],"activationCode":"H24","UId":"6545431","id":"LF016","stroke":"#f07800","stroke-width":2,"stroke-opacity":0.8,"fill":"#f07800","fill-opacity":0.3},"geometry":{"type":"Polygon","coordinates":[[[-0.509244,44.915277],[-0.509409,44.91672],[-0.509897,44.918125],[-0.510698,44.919457],[-0.51179,44.92068],[-0.513146,44.921764],[-0.514729,44.922679],[-0.516499,44.923403],[-0.51841,44.923916],[-0.520413,44.924206],[-0.522455,44.924264],[-0.524485,44.924089],[-0.526448,44.923687],[-0.528295,44.923066],[-0.529977,44.922244],[-0.531451,44.921241],[-0.532678,44.920084],[-0.533628,44.918802],[-0.534275,44.91743],[-0.534603,44.916001],[-0.534602,44.914554],[-0.534274,44.913125],[-0.533627,44.911752],[-0.532677,44.910471],[-0.531449,44.909314],[-0.529975,44.908312],[-0.528293,44.907489],[-0.526447,44.906869],[-0.524484,44.906467],[-0.522455,44.906292],[-0.520413,44.90635],[-0.518411,44.90664],[-0.516501,44.907153],[-0.514731,44.907877],[-0.513148,44.908792],[-0.511792,44.909875],[-0.5107,44.911098],[-0.509899,44.91243],[-0.509409,44.913835],[-0.509244,44.915277]]]}},{"type":"Feature","properties":{"name":"241","nameV":"SUR 241 Upper(1000FT AGL-3300FT AGL)","class":"Q","type":"SUR","lower":"SFC","lowerM":0,"upper":"1000FT AGL","upperMax":"3300FT AGL","ordinalUpperM":304,"upperM":304,"groundEstimatedHeight":[0,0,0,0],"activationCode":"H24","UId":"13555339","id":"LFV241NFP","stroke":"#f07800","stroke-width":2,"stroke-opacity":0.8,"fill":"#f07800","fill-opacity":0.3},"geometry":{"type":"Polygon","coordinates":[[[5.223581,46.335555],[5.223413,46.336998],[5.222912,46.338403],[5.22209,46.339735],[5.22097,46.340958],[5.21958,46.342042],[5.217956,46.342957],[5.216141,46.343681],[5.21418,46.344194],[5.212126,46.344484],[5.210031,46.344542],[5.20795,46.344367],[5.205936,46.343965],[5.204042,46.343344],[5.202317,46.342522],[5.200805,46.341519],[5.199546,46.340362],[5.198572,46.33908],[5.197909,46.337708],[5.197573,46.336279],[5.197573,46.334832],[5.19791,46.333403],[5.198574,46.33203],[5.199548,46.330749],[5.200807,46.329592],[5.202319,46.32859],[5.204044,46.327767],[5.205938,46.327147],[5.207951,46.326745],[5.210032,46.32657],[5.212126,46.326628],[5.214179,46.326918],[5.216139,46.327431],[5.217954,46.328154],[5.219578,46.32907],[5.220968,46.330153],[5.222089,46.331376],[5.22291,46.332707],[5.223412,46.334113],[5.223581,46.335555]]]}},{"type":"Feature","properties":{"name":"231","nameV":"SUR 231 Upper(1000FT AGL-3300FT AGL)","class":"Q","type":"SUR","lower":"SFC","lowerM":0,"upper":"1000FT AGL","upperMax":"3300FT AGL","ordinalUpperM":304,"upperM":304,"groundEstimatedHeight":[0,0,0,0],"activationCode":"H24","UId":"1564233","id":"LFV231NFP","stroke":"#f07800","stroke-width":2,"stroke-opacity":0.8,"fill":"#f07800","fill-opacity":0.3},"geometry":{"type":"Polygon","coordinates":[[[5.22136,46.341666],[5.221192,46.343109],[5.22069,46.344514],[5.219869,46.345846],[5.218748,46.347069],[5.217358,46.348153],[5.215734,46.349068],[5.213918,46.349792],[5.211958,46.350305],[5.209903,46.350595],[5.207808,46.350653],[5.205727,46.350478],[5.203713,46.350076],[5.201819,46.349455],[5.200093,46.348633],[5.198581,46.34763],[5.197322,46.346473],[5.196348,46.345191],[5.195684,46.343819],[5.195348,46.34239],[5.195348,46.340943],[5.195685,46.339514],[5.196349,46.338141],[5.197324,46.33686],[5.198583,46.335703],[5.200095,46.334701],[5.20182,46.333878],[5.203714,46.333258],[5.205728,46.332856],[5.207809,46.332681],[5.209903,46.332739],[5.211957,46.333029],[5.213917,46.333542],[5.215732,46.334265],[5.217356,46.335181],[5.218746,46.336264],[5.219867,46.337487],[5.220689,46.338818],[5.221191,46.340224],[5.22136,46.341666]]]}},{"type":"Feature","properties":{"name":"254","nameV":"SUR 254 Upper(1000FT AGL-3300FT AGL)","class":"Q","type":"SUR","lower":"SFC","lowerM":0,"upper":"1000FT AGL","upperMax":"3300FT AGL","ordinalUpperM":304,"upperM":304,"groundEstimatedHeight":[0,0,0,0],"activationCode":"H24","UId":"16345223","id":"LFV254NFP","stroke":"#f07800","stroke-width":2,"stroke-opacity":0.8,"fill":"#f07800","fill-opacity":0.3},"geometry":{"type":"Polygon","coordinates":[[[4.943255,44.912221],[4.943091,44.913664],[4.942602,44.915069],[4.941801,44.916401],[4.940709,44.917624],[4.939354,44.918708],[4.937771,44.919623],[4.936001,44.920347],[4.93409,44.92086],[4.932087,44.92115],[4.930045,44.921208],[4.928016,44.921033],[4.926052,44.920631],[4.924206,44.92001],[4.922524,44.919188],[4.92105,44.918185],[4.919822,44.917028],[4.918873,44.915746],[4.918226,44.914374],[4.917898,44.912945],[4.917898,44.911498],[4.918227,44.910069],[4.918874,44.908696],[4.919824,44.907415],[4.921052,44.906258],[4.922526,44.905256],[4.924207,44.904433],[4.926054,44.903813],[4.928016,44.903411],[4.930045,44.903236],[4.932086,44.903294],[4.934089,44.903584],[4.935999,44.904097],[4.937769,44.904821],[4.939352,44.905736],[4.940707,44.906819],[4.941799,44.908042],[4.942601,44.909374],[4.94309,44.910779],[4.943255,44.912221]]]}},{"type":"Feature","properties":{"name":"256","nameV":"SUR 256 Upper(1000FT AGL-3300FT AGL)","class":"Q","type":"SUR","lower":"SFC","lowerM":0,"upper":"1000FT AGL","upperMax":"3300FT AGL","ordinalUpperM":304,"upperM":304,"groundEstimatedHeight":[0,0,0,0],"activationCode":"H24","activationDesc":"H24.","UId":"17688652","id":"LFV256NFP","stroke":"#f07800","stroke-width":2,"stroke-opacity":0.8,"fill":"#f07800","fill-opacity":0.3},"geometry":{"type":"Polygon","coordinates":[[[3.163754,45.890555],[3.163587,45.891998],[3.163089,45.893403],[3.162275,45.894735],[3.161163,45.895958],[3.159785,45.897042],[3.158174,45.897957],[3.156373,45.898681],[3.154428,45.899194],[3.152391,45.899484],[3.150313,45.899542],[3.148248,45.899367],[3.146251,45.898965],[3.144372,45.898344],[3.14266,45.897522],[3.141161,45.896519],[3.139912,45.895362],[3.138945,45.89408],[3.138287,45.892708],[3.137954,45.891279],[3.137954,45.889832],[3.138288,45.888403],[3.138947,45.88703],[3.139913,45.885749],[3.141163,45.884592],[3.142662,45.88359],[3.144374,45.882767],[3.146252,45.882147],[3.148249,45.881745],[3.150313,45.88157],[3.15239,45.881628],[3.154427,45.881918],[3.156371,45.882431],[3.158172,45.883154],[3.159782,45.88407],[3.161161,45.885153],[3.162273,45.886376],[3.163088,45.887707],[3.163586,45.889113],[3.163754,45.890555]]]}},{"type":"Feature","properties":{"name":"582","nameV":"SUR 582 Upper(1000FT AGL-3300FT AGL)","class":"Q","type":"SUR","lower":"SFC","lowerM":0,"upper":"1000FT AGL","upperMax":"3300FT AGL","ordinalUpperM":304,"upperM":304,"groundEstimatedHeight":[0,0,0,0],"activationCode":"H24","activationDesc":"H24.","UId":"17643445","id":"LFV582NFP","stroke":"#f07800","stroke-width":2,"stroke-opacity":0.8,"fill":"#f07800","fill-opacity":0.3},"geometry":{"type":"Polygon","coordinates":[[[2.0966,49.40861],[2.096421,49.410053],[2.095889,49.411458],[2.095018,49.41279],[2.093829,49.414013],[2.092354,49.415097],[2.090631,49.416012],[2.088704,49.416736],[2.086624,49.417249],[2.084444,49.417539],[2.082221,49.417597],[2.080013,49.417422],[2.077876,49.41702],[2.075866,49.416399],[2.074035,49.415577],[2.072431,49.414574],[2.071095,49.413417],[2.070061,49.412135],[2.069357,49.410762],[2.069001,49.409334],[2.069001,49.407887],[2.069359,49.406458],[2.070063,49.405085],[2.071097,49.403804],[2.072434,49.402647],[2.074038,49.401644],[2.075868,49.400822],[2.077878,49.400202],[2.080014,49.399799],[2.082222,49.399625],[2.084444,49.399683],[2.086623,49.399973],[2.088702,49.400486],[2.090628,49.401209],[2.092351,49.402125],[2.093826,49.403208],[2.095015,49.404431],[2.095888,49.405762],[2.09642,49.407168],[2.0966,49.40861]]]}},{"type":"Feature","properties":{"name":"010","nameV":"SUR 010 Upper(1000FT AGL-3300FT AGL)","class":"Q","type":"SUR","lower":"SFC","lowerM":0,"upper":"1000FT AGL","upperMax":"3300FT AGL","ordinalUpperM":304,"upperM":304,"groundEstimatedHeight":[0,0,0,0],"activationCode":"H24","UId":"19824754","id":"TFV010NFP","stroke":"#f07800","stroke-width":2,"stroke-opacity":0.8,"fill":"#f07800","fill-opacity":0.3},"geometry":{"type":"Polygon","coordinates":[[[-61.028707,14.596],[-61.028827,14.597442],[-61.029185,14.598848],[-61.029771,14.600179],[-61.03057,14.601402],[-61.031562,14.602486],[-61.032721,14.603401],[-61.034016,14.604125],[-61.035414,14.604638],[-61.03688,14.604928],[-61.038374,14.604986],[-61.039859,14.604811],[-61.041296,14.604409],[-61.042647,14.603788],[-61.043878,14.602966],[-61.044956,14.601964],[-61.045855,14.600806],[-61.04655,14.599525],[-61.047023,14.598152],[-61.047263,14.596723],[-61.047263,14.595276],[-61.047023,14.593848],[-61.046549,14.592475],[-61.045854,14.591193],[-61.044956,14.590036],[-61.043877,14.589034],[-61.042646,14.588212],[-61.041295,14.587591],[-61.039859,14.587189],[-61.038374,14.587014],[-61.03688,14.587072],[-61.035415,14.587362],[-61.034016,14.587875],[-61.032721,14.588599],[-61.031563,14.589514],[-61.030571,14.590597],[-61.029771,14.591821],[-61.029185,14.593152],[-61.028827,14.594557],[-61.028707,14.596]]]}},{"type":"Feature","properties":{"name":"019","nameV":"SUR 019 Upper(1000FT AGL-3300FT AGL)","class":"Q","type":"SUR","lower":"SFC","lowerM":0,"upper":"1000FT AGL","upperMax":"3300FT AGL","ordinalUpperM":304,"upperM":304,"groundEstimatedHeight":[0,0,0,0],"activationCode":"H24","UId":"20294976","id":"LFV019NFP","stroke":"#f07800","stroke-width":2,"stroke-opacity":0.8,"fill":"#f07800","fill-opacity":0.3},"geometry":{"type":"Polygon","coordinates":[[[0.527961,44.842221],[0.527798,44.843664],[0.527309,44.845069],[0.526509,44.846401],[0.525419,44.847624],[0.524065,44.848708],[0.522484,44.849623],[0.520716,44.850347],[0.518807,44.85086],[0.516807,44.85115],[0.514767,44.851208],[0.512741,44.851033],[0.51078,44.850631],[0.508935,44.85001],[0.507255,44.849188],[0.505783,44.848185],[0.504557,44.847028],[0.503609,44.845746],[0.502963,44.844374],[0.502636,44.842945],[0.502636,44.841498],[0.502964,44.840069],[0.50361,44.838696],[0.504559,44.837415],[0.505785,44.836258],[0.507257,44.835256],[0.508937,44.834433],[0.510781,44.833813],[0.512741,44.833411],[0.514767,44.833236],[0.516807,44.833294],[0.518806,44.833584],[0.520715,44.834097],[0.522482,44.834821],[0.524063,44.835736],[0.525417,44.836819],[0.526508,44.838042],[0.527308,44.839374],[0.527797,44.840779],[0.527961,44.842221]]]}},{"type":"Feature","properties":{"name":"030","nameV":"SUR 030 Upper(1000FT AGL-3300FT AGL)","class":"Q","type":"SUR","lower":"SFC","lowerM":0,"upper":"1000FT AGL","upperMax":"3300FT AGL","ordinalUpperM":304,"upperM":304,"groundEstimatedHeight":[0,0,0,0],"activationCode":"H24","UId":"1563219","id":"LFV030NFP","stroke":"#f07800","stroke-width":2,"stroke-opacity":0.8,"fill":"#f07800","fill-opacity":0.3},"geometry":{"type":"Polygon","coordinates":[[[0.094014,43.251388],[0.093855,43.252831],[0.093379,43.254236],[0.092601,43.255568],[0.091539,43.256791],[0.090221,43.257875],[0.088682,43.25879],[0.086961,43.259514],[0.085103,43.260027],[0.083156,43.260317],[0.08117,43.260375],[0.079197,43.2602],[0.077288,43.259798],[0.075493,43.259177],[0.073857,43.258355],[0.072424,43.257352],[0.07123,43.256195],[0.070307,43.254913],[0.069678,43.253541],[0.06936,43.252112],[0.06936,43.250665],[0.069679,43.249236],[0.070308,43.247863],[0.071232,43.246582],[0.072426,43.245425],[0.073859,43.244423],[0.075494,43.2436],[0.077289,43.24298],[0.079198,43.242578],[0.08117,43.242403],[0.083155,43.242461],[0.085102,43.242751],[0.086959,43.243264],[0.08868,43.243988],[0.090219,43.244903],[0.091537,43.245986],[0.092599,43.247209],[0.093378,43.248541],[0.093854,43.249946],[0.094014,43.251388]]]}},{"type":"Feature","properties":{"name":"051","nameV":"SUR 051 Upper(1000FT AGL-3300FT AGL)","class":"Q","type":"SUR","lower":"SFC","lowerM":0,"upper":"1000FT AGL","upperMax":"3300FT AGL","ordinalUpperM":304,"upperM":304,"groundEstimatedHeight":[0,0,0,0],"activationCode":"H24","UId":"24963503","id":"LFV051NFP","stroke":"#f07800","stroke-width":2,"stroke-opacity":0.8,"fill":"#f07800","fill-opacity":0.3},"geometry":{"type":"Polygon","coordinates":[[[-0.537837,45.003332],[-0.538001,45.004775],[-0.538491,45.00618],[-0.539293,45.007512],[-0.540387,45.008735],[-0.541744,45.009819],[-0.54333,45.010734],[-0.545103,45.011458],[-0.547017,45.011971],[-0.549023,45.012261],[-0.551068,45.012319],[-0.553101,45.012144],[-0.555067,45.011742],[-0.556916,45.011121],[-0.558601,45.010299],[-0.560077,45.009296],[-0.561307,45.008139],[-0.562258,45.006857],[-0.562906,45.005485],[-0.563234,45.004056],[-0.563234,45.002609],[-0.562905,45.00118],[-0.562257,44.999807],[-0.561305,44.998526],[-0.560075,44.997369],[-0.558599,44.996367],[-0.556915,44.995544],[-0.555066,44.994924],[-0.5531,44.994522],[-0.551068,44.994347],[-0.549023,44.994405],[-0.547018,44.994695],[-0.545104,44.995208],[-0.543332,44.995932],[-0.541746,44.996847],[-0.540389,44.99793],[-0.539295,44.999153],[-0.538492,45.000485],[-0.538002,45.00189],[-0.537837,45.003332]]]}},{"type":"Feature","properties":{"name":"576","nameV":"SUR 576 Upper(1000FT AGL-3300FT AGL)","class":"Q","type":"SUR","lower":"SFC","lowerM":0,"upper":"1000FT AGL","upperMax":"3300FT AGL","ordinalUpperM":304,"upperM":304,"groundEstimatedHeight":[0,0,0,0],"activationCode":"H24","UId":"6510205","id":"LFV576NFP","stroke":"#f07800","stroke-width":2,"stroke-opacity":0.8,"fill":"#f07800","fill-opacity":0.3},"geometry":{"type":"Polygon","coordinates":[[[2.489911,49.332777],[2.489733,49.33422],[2.489202,49.335625],[2.488332,49.336957],[2.487145,49.33818],[2.485672,49.339264],[2.483952,49.340179],[2.482028,49.340903],[2.479951,49.341416],[2.477775,49.341706],[2.475555,49.341764],[2.47335,49.341589],[2.471216,49.341187],[2.46921,49.340566],[2.467382,49.339744],[2.46578,49.338741],[2.464446,49.337584],[2.463414,49.336302],[2.462711,49.334929],[2.462355,49.333501],[2.462356,49.332054],[2.462712,49.330625],[2.463416,49.329252],[2.464448,49.327971],[2.465783,49.326814],[2.467384,49.325811],[2.469212,49.324989],[2.471218,49.324369],[2.473351,49.323966],[2.475555,49.323792],[2.477774,49.32385],[2.47995,49.32414],[2.482026,49.324653],[2.483949,49.325376],[2.48567,49.326292],[2.487142,49.327375],[2.48833,49.328598],[2.4892,49.329929],[2.489732,49.331335],[2.489911,49.332777]]]}},{"type":"Feature","properties":{"name":"216","nameV":"SUR 216 Upper(1000FT AGL-3300FT AGL)","class":"Q","type":"SUR","lower":"SFC","lowerM":0,"upper":"1000FT AGL","upperMax":"3300FT AGL","ordinalUpperM":304,"upperM":304,"groundEstimatedHeight":[0,0,0,0],"activationCode":"H24","UId":"29828063","id":"LFV216NFP","stroke":"#f07800","stroke-width":2,"stroke-opacity":0.8,"fill":"#f07800","fill-opacity":0.3},"geometry":{"type":"Polygon","coordinates":[[[0.297185,49.516666],[0.297006,49.518109],[0.296473,49.519514],[0.2956,49.520846],[0.294408,49.522069],[0.29293,49.523153],[0.291203,49.524068],[0.289272,49.524792],[0.287188,49.525305],[0.285003,49.525595],[0.282775,49.525653],[0.280562,49.525478],[0.27842,49.525076],[0.276406,49.524455],[0.274571,49.523633],[0.272963,49.52263],[0.271624,49.521473],[0.270588,49.520191],[0.269883,49.518818],[0.269526,49.51739],[0.269526,49.515943],[0.269884,49.514514],[0.27059,49.513141],[0.271626,49.51186],[0.272966,49.510703],[0.274573,49.5097],[0.276408,49.508878],[0.278422,49.508258],[0.280563,49.507855],[0.282775,49.507681],[0.285002,49.507739],[0.287186,49.508029],[0.28927,49.508542],[0.291201,49.509265],[0.292927,49.510181],[0.294406,49.511264],[0.295597,49.512487],[0.296472,49.513818],[0.297005,49.515224],[0.297185,49.516666]]]}},{"type":"Feature","properties":{"name":"214","nameV":"SUR 214 Upper(1000FT AGL-3300FT AGL)","class":"Q","type":"SUR","lower":"SFC","lowerM":0,"upper":"1000FT AGL","upperMax":"3300FT AGL","ordinalUpperM":304,"upperM":304,"groundEstimatedHeight":[0,0,0,0],"activationCode":"H24","UId":"29828026","id":"LFV214NFP","stroke":"#f07800","stroke-width":2,"stroke-opacity":0.8,"fill":"#f07800","fill-opacity":0.3},"geometry":{"type":"Polygon","coordinates":[[[1.88482,47.965277],[1.884647,47.96672],[1.88413,47.968125],[1.883283,47.969457],[1.882128,47.97068],[1.880694,47.971764],[1.87902,47.972679],[1.877148,47.973403],[1.875126,47.973916],[1.873008,47.974206],[1.870848,47.974264],[1.868702,47.974089],[1.866625,47.973687],[1.864672,47.973066],[1.862893,47.972244],[1.861335,47.971241],[1.860036,47.970084],[1.859032,47.968802],[1.858348,47.967429],[1.858001,47.966001],[1.858002,47.964554],[1.858349,47.963125],[1.859033,47.961752],[1.860038,47.960471],[1.861337,47.959314],[1.862896,47.958311],[1.864674,47.957489],[1.866627,47.956869],[1.868703,47.956466],[1.870848,47.956292],[1.873008,47.95635],[1.875125,47.95664],[1.877146,47.957153],[1.879018,47.957876],[1.880692,47.958792],[1.882125,47.959875],[1.883281,47.961098],[1.884128,47.962429],[1.884646,47.963835],[1.88482,47.965277]]]}},{"type":"Feature","properties":{"name":"020","nameV":"SUR 020 Upper(1000FT AGL-3300FT AGL)","class":"Q","type":"SUR","lower":"SFC","lowerM":0,"upper":"1000FT AGL","upperMax":"3300FT AGL","ordinalUpperM":304,"upperM":304,"groundEstimatedHeight":[0,0,0,0],"activationCode":"H24","UId":"19824716","id":"NTV020NFP","stroke":"#f07800","stroke-width":2,"stroke-opacity":0.8,"fill":"#f07800","fill-opacity":0.3},"geometry":{"type":"Polygon","coordinates":[[[-149.333365,-17.737222],[-149.333433,-17.73642],[-149.333635,-17.73564],[-149.333966,-17.7349],[-149.334417,-17.73422],[-149.334977,-17.733618],[-149.335631,-17.73311],[-149.336362,-17.732708],[-149.337152,-17.732423],[-149.337979,-17.732262],[-149.338822,-17.732229],[-149.33966,-17.732326],[-149.340471,-17.73255],[-149.341234,-17.732895],[-149.341929,-17.733352],[-149.342538,-17.733909],[-149.343045,-17.734551],[-149.343437,-17.735263],[-149.343705,-17.736026],[-149.34384,-17.73682],[-149.34384,-17.737624],[-149.343705,-17.738418],[-149.343437,-17.73918],[-149.343045,-17.739892],[-149.342538,-17.740535],[-149.341929,-17.741092],[-149.341234,-17.741549],[-149.340471,-17.741894],[-149.33966,-17.742118],[-149.338822,-17.742215],[-149.337979,-17.742182],[-149.337151,-17.742021],[-149.336362,-17.741736],[-149.335631,-17.741334],[-149.334977,-17.740826],[-149.334417,-17.740224],[-149.333966,-17.739544],[-149.333635,-17.738804],[-149.333433,-17.738023],[-149.333365,-17.737222]]]}},{"type":"Feature","properties":{"name":"010","nameV":"SUR 010","class":"Q","type":"SUR","lower":"SFC","lowerM":0,"upper":"1500FT AMSL","upperM":457,"activationCode":"H24","UId":"19824706","id":"NTV010NFP","stroke":"#f07800","stroke-width":2,"stroke-opacity":0.8,"fill":"#f07800","fill-opacity":0.3},"geometry":{"type":"Polygon","coordinates":[[[-149.430317,-17.512222],[-149.430384,-17.51142],[-149.430586,-17.51064],[-149.430917,-17.5099],[-149.431367,-17.50922],[-149.431927,-17.508618],[-149.43258,-17.50811],[-149.43331,-17.507708],[-149.434098,-17.507423],[-149.434924,-17.507262],[-149.435767,-17.507229],[-149.436604,-17.507326],[-149.437414,-17.50755],[-149.438176,-17.507895],[-149.43887,-17.508352],[-149.439478,-17.508909],[-149.439984,-17.509551],[-149.440376,-17.510263],[-149.440643,-17.511026],[-149.440778,-17.51182],[-149.440778,-17.512624],[-149.440643,-17.513418],[-149.440376,-17.51418],[-149.439984,-17.514892],[-149.439478,-17.515535],[-149.43887,-17.516092],[-149.438176,-17.516549],[-149.437414,-17.516894],[-149.436604,-17.517118],[-149.435767,-17.517215],[-149.434924,-17.517182],[-149.434098,-17.517021],[-149.43331,-17.516736],[-149.43258,-17.516334],[-149.431926,-17.515826],[-149.431367,-17.515224],[-149.430917,-17.514544],[-149.430586,-17.513804],[-149.430384,-17.513023],[-149.430317,-17.512222]]]}},{"type":"Feature","properties":{"name":"020","nameV":"SUR 020 Upper(1000FT AGL-3300FT AGL)","class":"Q","type":"SUR","lower":"SFC","lowerM":0,"upper":"1000FT AGL","upperMax":"3300FT AGL","ordinalUpperM":304,"upperM":304,"groundEstimatedHeight":[0,0,0,0],"activationCode":"H24","UId":"37694661","id":"SOV020NFP","stroke":"#f07800","stroke-width":2,"stroke-opacity":0.8,"fill":"#f07800","fill-opacity":0.3},"geometry":{"type":"Polygon","coordinates":[[[-52.290418,4.873611],[-52.290535,4.875054],[-52.290883,4.876459],[-52.291452,4.87779],[-52.292228,4.879014],[-52.293192,4.880097],[-52.294317,4.881012],[-52.295575,4.881736],[-52.296933,4.882249],[-52.298356,4.882539],[-52.299807,4.882597],[-52.301249,4.882422],[-52.302645,4.88202],[-52.303957,4.881399],[-52.305152,4.880577],[-52.3062,4.879575],[-52.307073,4.878418],[-52.307748,4.877136],[-52.308208,4.875763],[-52.308441,4.874335],[-52.308441,4.872887],[-52.308208,4.871459],[-52.307748,4.870086],[-52.307073,4.868804],[-52.3062,4.867647],[-52.305152,4.866645],[-52.303957,4.865823],[-52.302645,4.865202],[-52.301249,4.8648],[-52.299807,4.864625],[-52.298356,4.864683],[-52.296933,4.864973],[-52.295575,4.865486],[-52.294317,4.86621],[-52.293192,4.867125],[-52.292228,4.868208],[-52.291452,4.869432],[-52.290883,4.870763],[-52.290535,4.872168],[-52.290418,4.873611]]]}},{"type":"Feature","properties":{"name":"030","nameV":"SUR 030","class":"Q","type":"SUR","lower":"SFC","lowerM":0,"upper":"3000FT AGL","ordinalUpperM":914,"upperM":914,"groundEstimatedHeight":[0,0,0,0],"activationCode":"H24","UId":"40052383","id":"SOV030NFP","stroke":"#f07800","stroke-width":2,"stroke-opacity":0.8,"fill":"#f07800","fill-opacity":0.3},"geometry":{"type":"Polygon","coordinates":[[[-52.364865,4.703611],[-52.364982,4.705054],[-52.36533,4.706459],[-52.365899,4.70779],[-52.366675,4.709014],[-52.367638,4.710097],[-52.368763,4.711012],[-52.370021,4.711736],[-52.371378,4.712249],[-52.372801,4.712539],[-52.374252,4.712597],[-52.375694,4.712422],[-52.377089,4.71202],[-52.378401,4.711399],[-52.379596,4.710577],[-52.380643,4.709575],[-52.381516,4.708418],[-52.382191,4.707136],[-52.38265,4.705763],[-52.382883,4.704335],[-52.382883,4.702887],[-52.38265,4.701459],[-52.38219,4.700086],[-52.381516,4.698804],[-52.380643,4.697647],[-52.379596,4.696645],[-52.378401,4.695823],[-52.377089,4.695202],[-52.375694,4.6948],[-52.374252,4.694625],[-52.372801,4.694683],[-52.371379,4.694973],[-52.370021,4.695486],[-52.368763,4.69621],[-52.367638,4.697125],[-52.366675,4.698208],[-52.365899,4.699432],[-52.36533,4.700763],[-52.364982,4.702168],[-52.364865,4.703611]]]}},{"type":"Feature","properties":{"name":"760","nameV":"SUR 760 Upper(1000FT AGL-3300FT AGL)","class":"Q","type":"SUR","lower":"SFC","lowerM":0,"upper":"1000FT AGL","upperMax":"3300FT AGL","ordinalUpperM":304,"upperM":304,"groundEstimatedHeight":[0,0,0,0],"activationCode":"H24","UId":"1562267","id":"LF760","stroke":"#f07800","stroke-width":2,"stroke-opacity":0.8,"fill":"#f07800","fill-opacity":0.3},"geometry":{"type":"Polygon","coordinates":[[[2.163634,48.729166],[2.163458,48.730609],[2.162933,48.732014],[2.162073,48.733346],[2.160901,48.734569],[2.159446,48.735653],[2.157746,48.736568],[2.155846,48.737292],[2.153794,48.737805],[2.151644,48.738095],[2.149451,48.738153],[2.147272,48.737978],[2.145165,48.737576],[2.143182,48.736955],[2.141376,48.736133],[2.139794,48.73513],[2.138476,48.733973],[2.137456,48.732691],[2.136762,48.731318],[2.13641,48.72989],[2.13641,48.728443],[2.136763,48.727014],[2.137458,48.725641],[2.138478,48.72436],[2.139796,48.723203],[2.141378,48.7222],[2.143184,48.721378],[2.145166,48.720758],[2.147273,48.720355],[2.149451,48.720181],[2.151643,48.720239],[2.153793,48.720529],[2.155844,48.721042],[2.157744,48.721765],[2.159443,48.722681],[2.160898,48.723764],[2.162071,48.724987],[2.162932,48.726318],[2.163457,48.727724],[2.163634,48.729166]]]}},{"type":"Feature","properties":{"name":"004","nameV":"SUR 004 Upper(1000FT AGL-3300FT AGL)","class":"Q","type":"SUR","lower":"SFC","lowerM":0,"upper":"1000FT AGL","upperMax":"3300FT AGL","ordinalUpperM":304,"upperM":304,"groundEstimatedHeight":[0,0,0,0],"activationCode":"H24","UId":"43726817","id":"NW004","stroke":"#f07800","stroke-width":2,"stroke-opacity":0.8,"fill":"#f07800","fill-opacity":0.3},"geometry":{"type":"Polygon","coordinates":[[[164.891029,-21.104722],[164.890904,-21.103279],[164.890533,-21.101874],[164.889924,-21.100542],[164.889095,-21.099319],[164.888066,-21.098236],[164.886865,-21.097321],[164.885521,-21.096597],[164.884071,-21.096084],[164.882551,-21.095794],[164.881001,-21.095736],[164.879461,-21.095911],[164.877971,-21.096313],[164.876569,-21.096934],[164.875293,-21.097756],[164.874174,-21.098758],[164.873242,-21.099915],[164.872521,-21.101197],[164.872029,-21.10257],[164.87178,-21.103998],[164.87178,-21.105445],[164.872029,-21.106874],[164.87252,-21.108247],[164.873241,-21.109528],[164.874173,-21.110685],[164.875292,-21.111688],[164.876569,-21.11251],[164.87797,-21.113131],[164.879461,-21.113533],[164.881001,-21.113708],[164.882551,-21.11365],[164.884071,-21.11336],[164.885522,-21.112847],[164.886865,-21.112123],[164.888067,-21.111208],[164.889096,-21.110124],[164.889925,-21.108901],[164.890533,-21.10757],[164.890904,-21.106164],[164.891029,-21.104722]]]}},{"type":"Feature","properties":{"name":"003","nameV":"SUR 003 Upper(1000FT AGL-3300FT AGL)","class":"Q","type":"SUR","lower":"SFC","lowerM":0,"upper":"1000FT AGL","upperMax":"3300FT AGL","ordinalUpperM":304,"upperM":304,"groundEstimatedHeight":[0,0,0,0],"activationCode":"H24","UId":"43726810","id":"NW003","stroke":"#f07800","stroke-width":2,"stroke-opacity":0.8,"fill":"#f07800","fill-opacity":0.3},"geometry":{"type":"Polygon","coordinates":[[[165.467722,-21.506389],[165.467597,-21.504946],[165.467225,-21.503541],[165.466615,-21.502209],[165.465783,-21.500986],[165.464752,-21.499903],[165.463547,-21.498988],[165.4622,-21.498264],[165.460745,-21.497751],[165.459221,-21.497461],[165.457667,-21.497403],[165.456123,-21.497578],[165.454629,-21.49798],[165.453223,-21.498601],[165.451943,-21.499423],[165.450821,-21.500425],[165.449886,-21.501582],[165.449164,-21.502864],[165.448671,-21.504237],[165.448421,-21.505665],[165.448421,-21.507112],[165.448671,-21.508541],[165.449163,-21.509914],[165.449886,-21.511195],[165.45082,-21.512352],[165.451942,-21.513355],[165.453223,-21.514177],[165.454628,-21.514798],[165.456122,-21.5152],[165.457667,-21.515375],[165.459221,-21.515317],[165.460745,-21.515027],[165.4622,-21.514514],[165.463547,-21.51379],[165.464752,-21.512875],[165.465784,-21.511791],[165.466615,-21.510568],[165.467225,-21.509237],[165.467597,-21.507831],[165.467722,-21.506389]]]}},{"type":"Feature","properties":{"name":"247","nameV":"SUR 247 Upper(1000FT AGL-3300FT AGL)","class":"Q","type":"SUR","lower":"SFC","lowerM":0,"upper":"1000FT AGL","upperMax":"3300FT AGL","ordinalUpperM":304,"upperM":304,"groundEstimatedHeight":[0,0,0,0],"activationCode":"H24","UId":"44269203","id":"LF247","stroke":"#f07800","stroke-width":2,"stroke-opacity":0.8,"fill":"#f07800","fill-opacity":0.3},"geometry":{"type":"Polygon","coordinates":[[[5.111063,45.051666],[5.110898,45.053109],[5.110408,45.054514],[5.109606,45.055846],[5.108511,45.057069],[5.107152,45.058153],[5.105565,45.059068],[5.103791,45.059792],[5.101875,45.060305],[5.099868,45.060595],[5.09782,45.060653],[5.095786,45.060478],[5.093818,45.060076],[5.091967,45.059455],[5.090281,45.058633],[5.088804,45.05763],[5.087573,45.056473],[5.086621,45.055191],[5.085973,45.053819],[5.085644,45.05239],[5.085645,45.050943],[5.085974,45.049514],[5.086623,45.048141],[5.087575,45.04686],[5.088806,45.045703],[5.090283,45.044701],[5.091969,45.043878],[5.09382,45.043258],[5.095787,45.042856],[5.097821,45.042681],[5.099867,45.042739],[5.101874,45.043029],[5.103789,45.043542],[5.105563,45.044266],[5.10715,45.045181],[5.108509,45.046264],[5.109604,45.047487],[5.110407,45.048819],[5.110898,45.050224],[5.111063,45.051666]]]}},{"type":"Feature","properties":{"name":"584","nameV":"SUR 584 Upper(1000FT AGL-3300FT AGL)","class":"Q","type":"SUR","lower":"SFC","lowerM":0,"upper":"1000FT AGL","upperMax":"3300FT AGL","ordinalUpperM":304,"upperM":304,"groundEstimatedHeight":[0,0,0,0],"activationCode":"H24","UId":"44269211","id":"LF584","stroke":"#f07800","stroke-width":2,"stroke-opacity":0.8,"fill":"#f07800","fill-opacity":0.3},"geometry":{"type":"Polygon","coordinates":[[[1.236009,49.284166],[1.235831,49.285609],[1.2353,49.287014],[1.234431,49.288346],[1.233245,49.289569],[1.231774,49.290653],[1.230055,49.291568],[1.228133,49.292292],[1.226058,49.292805],[1.223884,49.293095],[1.221667,49.293153],[1.219464,49.292978],[1.217332,49.292576],[1.215328,49.291955],[1.213501,49.291133],[1.211901,49.29013],[1.210568,49.288973],[1.209538,49.287691],[1.208835,49.286318],[1.20848,49.28489],[1.20848,49.283443],[1.208836,49.282014],[1.209539,49.280641],[1.210571,49.27936],[1.211904,49.278203],[1.213504,49.2772],[1.21533,49.276378],[1.217334,49.275758],[1.219465,49.275355],[1.221667,49.275181],[1.223884,49.275239],[1.226057,49.275529],[1.228131,49.276042],[1.230053,49.276765],[1.231771,49.277681],[1.233243,49.278764],[1.234429,49.279987],[1.235298,49.281318],[1.23583,49.282724],[1.236009,49.284166]]]}},{"type":"Feature","properties":{"name":"564","nameV":"SUR 564 Upper(1000FT AGL-3300FT AGL)","class":"Q","type":"SUR","lower":"SFC","lowerM":0,"upper":"1000FT AGL","upperMax":"3300FT AGL","ordinalUpperM":304,"upperM":304,"groundEstimatedHeight":[0,0,0,0],"activationCode":"H24","UId":"1564945","id":"LF564","stroke":"#f07800","stroke-width":2,"stroke-opacity":0.8,"fill":"#f07800","fill-opacity":0.3},"geometry":{"type":"Polygon","coordinates":[[[2.603044,48.602221],[2.602868,48.603664],[2.602344,48.605069],[2.601487,48.606401],[2.600317,48.607624],[2.598866,48.608708],[2.597171,48.609623],[2.595275,48.610347],[2.593228,48.61086],[2.591084,48.61115],[2.588896,48.611208],[2.586723,48.611033],[2.584621,48.610631],[2.582643,48.61001],[2.580842,48.609188],[2.579263,48.608185],[2.577949,48.607028],[2.576932,48.605746],[2.576239,48.604373],[2.575888,48.602945],[2.575889,48.601498],[2.57624,48.600069],[2.576933,48.598696],[2.577951,48.597415],[2.579266,48.596258],[2.580844,48.595255],[2.582645,48.594433],[2.584622,48.593813],[2.586724,48.59341],[2.588896,48.593236],[2.591083,48.593294],[2.593227,48.593584],[2.595273,48.594097],[2.597168,48.59482],[2.598864,48.595736],[2.600315,48.596819],[2.601485,48.598042],[2.602343,48.599373],[2.602867,48.600779],[2.603044,48.602221]]]}},{"type":"Feature","properties":{"name":"813","nameV":"SUR 813 Upper(1000FT AGL-3300FT AGL)","class":"Q","type":"SUR","lower":"SFC","lowerM":0,"upper":"1000FT AGL","upperMax":"3300FT AGL","ordinalUpperM":304,"upperM":304,"groundEstimatedHeight":[0,0,0,0],"activationCode":"H24","UId":"44268343","id":"LFV813NFP","stroke":"#f07800","stroke-width":2,"stroke-opacity":0.8,"fill":"#f07800","fill-opacity":0.3},"geometry":{"type":"Polygon","coordinates":[[[7.270045,47.76111],[7.269872,47.762553],[7.269358,47.763958],[7.268514,47.76529],[7.267363,47.766513],[7.265936,47.767597],[7.264268,47.768512],[7.262403,47.769236],[7.26039,47.769749],[7.25828,47.770039],[7.256128,47.770097],[7.253991,47.769922],[7.251922,47.76952],[7.249977,47.768899],[7.248205,47.768077],[7.246652,47.767074],[7.245359,47.765917],[7.244358,47.764635],[7.243677,47.763262],[7.243332,47.761834],[7.243332,47.760387],[7.243678,47.758958],[7.24436,47.757585],[7.245361,47.756304],[7.246654,47.755147],[7.248207,47.754144],[7.249979,47.753322],[7.251924,47.752702],[7.253991,47.752299],[7.256128,47.752125],[7.258279,47.752183],[7.260388,47.752473],[7.262401,47.752986],[7.264266,47.753709],[7.265933,47.754625],[7.267361,47.755708],[7.268512,47.756931],[7.269356,47.758262],[7.269872,47.759668],[7.270045,47.76111]]]}},{"type":"Feature","properties":{"name":"010","nameV":"SUR 010 Upper(1000FT AGL-3300FT AGL)","class":"Q","type":"SUR","lower":"SFC","lowerM":0,"upper":"1000FT AGL","upperMax":"3300FT AGL","ordinalUpperM":304,"upperM":304,"groundEstimatedHeight":[0,0,0,0],"activationCode":"H24","UId":"15859216","id":"FMV010NFP","stroke":"#f07800","stroke-width":2,"stroke-opacity":0.8,"fill":"#f07800","fill-opacity":0.3},"geometry":{"type":"Polygon","coordinates":[[[55.257635,-21.025789],[55.25751,-21.024346],[55.257139,-21.022941],[55.256531,-21.021609],[55.255702,-21.020386],[55.254674,-21.019303],[55.253473,-21.018388],[55.25213,-21.017664],[55.25068,-21.017151],[55.249161,-21.016861],[55.247612,-21.016803],[55.246073,-21.016978],[55.244584,-21.01738],[55.243183,-21.018001],[55.241907,-21.018823],[55.240789,-21.019825],[55.239857,-21.020982],[55.239136,-21.022264],[55.238645,-21.023637],[55.238397,-21.025065],[55.238396,-21.026512],[55.238645,-21.027941],[55.239136,-21.029314],[55.239857,-21.030595],[55.240788,-21.031752],[55.241906,-21.032755],[55.243182,-21.033577],[55.244583,-21.034198],[55.246073,-21.0346],[55.247612,-21.034775],[55.249161,-21.034717],[55.250681,-21.034427],[55.252131,-21.033914],[55.253473,-21.03319],[55.254674,-21.032275],[55.255703,-21.031191],[55.256531,-21.029968],[55.257139,-21.028637],[55.25751,-21.027231],[55.257635,-21.025789]]]}},{"type":"Feature","properties":{"name":"020","nameV":"SUR 020 Upper(1000FT AGL-3300FT AGL)","class":"Q","type":"SUR","lower":"SFC","lowerM":0,"upper":"1000FT AGL","upperMax":"3300FT AGL","ordinalUpperM":304,"upperM":304,"groundEstimatedHeight":[0,0,0,0],"desc":"Mayotte","activationCode":"H24","UId":"19824670","id":"FMV020NFP","stroke":"#f07800","stroke-width":2,"stroke-opacity":0.8,"fill":"#f07800","fill-opacity":0.3},"geometry":{"type":"Polygon","coordinates":[[[45.237832,-12.751617],[45.237712,-12.750174],[45.237357,-12.748769],[45.236775,-12.747438],[45.235982,-12.746214],[45.234998,-12.745131],[45.233849,-12.744216],[45.232564,-12.743492],[45.231176,-12.742979],[45.229722,-12.742689],[45.22824,-12.742631],[45.226767,-12.742806],[45.225341,-12.743208],[45.224001,-12.743829],[45.22278,-12.744651],[45.221709,-12.745653],[45.220818,-12.74681],[45.220128,-12.748092],[45.219658,-12.749465],[45.21942,-12.750893],[45.21942,-12.75234],[45.219658,-12.753769],[45.220128,-12.755142],[45.220818,-12.756423],[45.221709,-12.757581],[45.222779,-12.758583],[45.224001,-12.759405],[45.225341,-12.760026],[45.226767,-12.760428],[45.22824,-12.760603],[45.229722,-12.760545],[45.231176,-12.760255],[45.232564,-12.759742],[45.233849,-12.759018],[45.234999,-12.758103],[45.235983,-12.75702],[45.236776,-12.755796],[45.237357,-12.754465],[45.237712,-12.753059],[45.237832,-12.751617]]]}},{"type":"Feature","properties":{"name":"055","nameV":"SUR 055 Upper(1000FT AGL-3300FT AGL)","class":"Q","type":"SUR","lower":"SFC","lowerM":0,"upper":"1000FT AGL","upperMax":"3300FT AGL","ordinalUpperM":304,"upperM":304,"groundEstimatedHeight":[0,0,0,0],"activationCode":"H24","UId":"43727018","id":"FMV055NFP","stroke":"#f07800","stroke-width":2,"stroke-opacity":0.8,"fill":"#f07800","fill-opacity":0.3},"geometry":{"type":"Polygon","coordinates":[[[55.294906,-20.9275],[55.294782,-20.926057],[55.294411,-20.924652],[55.293803,-20.92332],[55.292975,-20.922097],[55.291948,-20.921014],[55.290747,-20.920099],[55.289405,-20.919375],[55.287957,-20.918862],[55.286439,-20.918572],[55.28489,-20.918514],[55.283352,-20.918689],[55.281864,-20.919091],[55.280464,-20.919712],[55.279189,-20.920534],[55.278071,-20.921536],[55.27714,-20.922693],[55.27642,-20.923975],[55.27593,-20.925348],[55.275681,-20.926776],[55.275681,-20.928223],[55.275929,-20.929652],[55.27642,-20.931025],[55.27714,-20.932306],[55.278071,-20.933463],[55.279188,-20.934466],[55.280464,-20.935288],[55.281864,-20.935909],[55.283352,-20.936311],[55.28489,-20.936486],[55.286439,-20.936428],[55.287957,-20.936138],[55.289406,-20.935625],[55.290748,-20.934901],[55.291948,-20.933986],[55.292976,-20.932902],[55.293804,-20.931679],[55.294411,-20.930348],[55.294782,-20.928942],[55.294906,-20.9275]]]}},{"type":"Feature","properties":{"name":"585","nameV":"SUR 585 Upper(1000FT AGL-3300FT AGL)","class":"Q","type":"SUR","lower":"SFC","lowerM":0,"upper":"1000FT AGL","upperMax":"3300FT AGL","ordinalUpperM":304,"upperM":304,"groundEstimatedHeight":[0,0,0,0],"activationCode":"H24","UId":"44269218","id":"LF585","stroke":"#f07800","stroke-width":2,"stroke-opacity":0.8,"fill":"#f07800","fill-opacity":0.3},"geometry":{"type":"Polygon","coordinates":[[[2.26254,50.726388],[2.262356,50.727831],[2.261809,50.729236],[2.260914,50.730568],[2.259692,50.731791],[2.258176,50.732875],[2.256405,50.73379],[2.254424,50.734514],[2.252286,50.735027],[2.250046,50.735317],[2.247761,50.735375],[2.245491,50.7352],[2.243294,50.734798],[2.241228,50.734177],[2.239347,50.733355],[2.237698,50.732352],[2.236324,50.731195],[2.235262,50.729913],[2.234538,50.72854],[2.234172,50.727112],[2.234173,50.725664],[2.23454,50.724236],[2.235264,50.722863],[2.236327,50.721582],[2.2377,50.720425],[2.239349,50.719422],[2.241231,50.7186],[2.243296,50.71798],[2.245492,50.717577],[2.247761,50.717403],[2.250045,50.717461],[2.252285,50.717751],[2.254422,50.718264],[2.256402,50.718987],[2.258173,50.719903],[2.259689,50.720986],[2.260911,50.722209],[2.261808,50.72354],[2.262355,50.724946],[2.26254,50.726388]]]}},{"type":"Feature","properties":{"name":"583","nameV":"SUR 583 Upper(1000FT AGL-3300FT AGL)","class":"Q","type":"SUR","lower":"SFC","lowerM":0,"upper":"1000FT AGL","upperMax":"3300FT AGL","ordinalUpperM":304,"upperM":304,"groundEstimatedHeight":[0,0,0,0],"activationCode":"H24","UId":"40504207","id":"LF583","stroke":"#f07800","stroke-width":2,"stroke-opacity":0.8,"fill":"#f07800","fill-opacity":0.3},"geometry":{"type":"Polygon","coordinates":[[[2.185305,48.745832],[2.185129,48.747275],[2.184604,48.74868],[2.183744,48.750012],[2.182571,48.751235],[2.181116,48.752319],[2.179416,48.753234],[2.177515,48.753958],[2.175462,48.754471],[2.173311,48.754761],[2.171118,48.754819],[2.168938,48.754644],[2.16683,48.754242],[2.164847,48.753621],[2.16304,48.752799],[2.161457,48.751796],[2.160139,48.750639],[2.159119,48.749357],[2.158424,48.747984],[2.158073,48.746556],[2.158073,48.745109],[2.158425,48.74368],[2.159121,48.742307],[2.160141,48.741026],[2.16146,48.739869],[2.163043,48.738866],[2.164849,48.738044],[2.166832,48.737424],[2.168939,48.737021],[2.171118,48.736847],[2.173311,48.736905],[2.175461,48.737195],[2.177513,48.737708],[2.179413,48.738431],[2.181113,48.739347],[2.182569,48.74043],[2.183742,48.741653],[2.184603,48.742984],[2.185128,48.74439],[2.185305,48.745832]]]}},{"type":"Feature","properties":{"name":"040","nameV":"SUR 040 Upper(1000FT AGL-3300FT AGL)","class":"Q","type":"SUR","lower":"SFC","lowerM":0,"upper":"1000FT AGL","upperMax":"3300FT AGL","ordinalUpperM":304,"upperM":304,"groundEstimatedHeight":[0,0,0,0],"activationCode":"H24","UId":"39847989","id":"NTV040NFP","stroke":"#f07800","stroke-width":2,"stroke-opacity":0.8,"fill":"#f07800","fill-opacity":0.3},"geometry":{"type":"Polygon","coordinates":[[[-151.440997,-16.729375],[-151.441064,-16.728573],[-151.441265,-16.727793],[-151.441594,-16.727053],[-151.442043,-16.726373],[-151.4426,-16.725771],[-151.44325,-16.725263],[-151.443977,-16.724861],[-151.444762,-16.724576],[-151.445585,-16.724415],[-151.446424,-16.724382],[-151.447258,-16.724479],[-151.448064,-16.724703],[-151.448823,-16.725048],[-151.449514,-16.725505],[-151.450119,-16.726062],[-151.450624,-16.726704],[-151.451014,-16.727416],[-151.45128,-16.728179],[-151.451415,-16.728973],[-151.451415,-16.729777],[-151.45128,-16.730571],[-151.451014,-16.731333],[-151.450624,-16.732045],[-151.450119,-16.732688],[-151.449514,-16.733245],[-151.448823,-16.733702],[-151.448064,-16.734047],[-151.447258,-16.734271],[-151.446424,-16.734368],[-151.445585,-16.734335],[-151.444762,-16.734174],[-151.443977,-16.733889],[-151.44325,-16.733487],[-151.4426,-16.732979],[-151.442043,-16.732377],[-151.441594,-16.731697],[-151.441265,-16.730957],[-151.441064,-16.730176],[-151.440997,-16.729375]]]}},{"type":"Feature","properties":{"name":"060","nameV":"SUR 060 Upper(1000FT AGL-3300FT AGL)","class":"Q","type":"SUR","lower":"SFC","lowerM":0,"upper":"1000FT AGL","upperMax":"3300FT AGL","ordinalUpperM":304,"upperM":304,"groundEstimatedHeight":[0,0,0,0],"activationCode":"H24","UId":"39848005","id":"NTV060NFP","stroke":"#f07800","stroke-width":2,"stroke-opacity":0.8,"fill":"#f07800","fill-opacity":0.3},"geometry":{"type":"Polygon","coordinates":[[[-149.33781,-17.732889],[-149.337878,-17.732087],[-149.33808,-17.731307],[-149.338411,-17.730567],[-149.338862,-17.729887],[-149.339422,-17.729285],[-149.340076,-17.728777],[-149.340807,-17.728375],[-149.341597,-17.72809],[-149.342424,-17.727929],[-149.343267,-17.727896],[-149.344105,-17.727993],[-149.344916,-17.728217],[-149.345679,-17.728562],[-149.346374,-17.729019],[-149.346983,-17.729576],[-149.34749,-17.730218],[-149.347882,-17.73093],[-149.348149,-17.731693],[-149.348285,-17.732487],[-149.348285,-17.733291],[-149.348149,-17.734085],[-149.347882,-17.734847],[-149.34749,-17.735559],[-149.346983,-17.736202],[-149.346374,-17.736759],[-149.345679,-17.737216],[-149.344916,-17.737561],[-149.344105,-17.737785],[-149.343267,-17.737882],[-149.342424,-17.737849],[-149.341596,-17.737688],[-149.340807,-17.737403],[-149.340076,-17.737001],[-149.339422,-17.736493],[-149.338862,-17.735891],[-149.338411,-17.735211],[-149.33808,-17.734471],[-149.337878,-17.73369],[-149.33781,-17.732889]]]}},{"type":"Feature","properties":{"name":"050","nameV":"SUR 050 Upper(1000FT AGL-3300FT AGL)","class":"Q","type":"SUR","lower":"SFC","lowerM":0,"upper":"1000FT AGL","upperMax":"3300FT AGL","ordinalUpperM":304,"upperM":304,"groundEstimatedHeight":[0,0,0,0],"activationCode":"H24","UId":"39847996","id":"NTV050NFP","stroke":"#f07800","stroke-width":2,"stroke-opacity":0.8,"fill":"#f07800","fill-opacity":0.3},"geometry":{"type":"Polygon","coordinates":[[[-140.089269,-8.913679],[-140.089335,-8.912877],[-140.08953,-8.912097],[-140.089849,-8.911357],[-140.090284,-8.910677],[-140.090823,-8.910075],[-140.091454,-8.909567],[-140.092159,-8.909165],[-140.09292,-8.90888],[-140.093717,-8.908719],[-140.094531,-8.908686],[-140.095339,-8.908783],[-140.09612,-8.909007],[-140.096856,-8.909352],[-140.097526,-8.909809],[-140.098113,-8.910366],[-140.098602,-8.911008],[-140.09898,-8.91172],[-140.099238,-8.912483],[-140.099368,-8.913277],[-140.099368,-8.914081],[-140.099238,-8.914875],[-140.09898,-8.915637],[-140.098602,-8.91635],[-140.098113,-8.916992],[-140.097526,-8.917549],[-140.096856,-8.918006],[-140.096121,-8.918351],[-140.095339,-8.918575],[-140.094531,-8.918672],[-140.093717,-8.918639],[-140.09292,-8.918478],[-140.092159,-8.918193],[-140.091454,-8.917791],[-140.090823,-8.917283],[-140.090284,-8.916681],[-140.089849,-8.916001],[-140.08953,-8.915261],[-140.089335,-8.91448],[-140.089269,-8.913679]]]}},{"type":"Feature","properties":{"name":"030","nameV":"SUR 030 Upper(1000FT AGL-3300FT AGL)","class":"Q","type":"SUR","lower":"SFC","lowerM":0,"upper":"1000FT AGL","upperMax":"3300FT AGL","ordinalUpperM":304,"upperM":304,"groundEstimatedHeight":[0,0,0,0],"activationCode":"H24","UId":"39847982","id":"NTV030NFP","stroke":"#f07800","stroke-width":2,"stroke-opacity":0.8,"fill":"#f07800","fill-opacity":0.3},"geometry":{"type":"Polygon","coordinates":[[[-149.584776,-17.556967],[-149.584844,-17.556165],[-149.585046,-17.555385],[-149.585377,-17.554645],[-149.585827,-17.553965],[-149.586387,-17.553363],[-149.58704,-17.552855],[-149.58777,-17.552453],[-149.588559,-17.552168],[-149.589385,-17.552007],[-149.590228,-17.551974],[-149.591065,-17.552071],[-149.591875,-17.552295],[-149.592637,-17.55264],[-149.593331,-17.553097],[-149.59394,-17.553654],[-149.594446,-17.554296],[-149.594838,-17.555008],[-149.595105,-17.555771],[-149.595241,-17.556565],[-149.595241,-17.557369],[-149.595106,-17.558163],[-149.594838,-17.558925],[-149.594447,-17.559637],[-149.59394,-17.56028],[-149.593332,-17.560837],[-149.592637,-17.561294],[-149.591875,-17.561639],[-149.591065,-17.561863],[-149.590228,-17.56196],[-149.589385,-17.561927],[-149.588559,-17.561766],[-149.58777,-17.561481],[-149.58704,-17.561079],[-149.586387,-17.560571],[-149.585827,-17.559969],[-149.585376,-17.559289],[-149.585046,-17.558549],[-149.584844,-17.557768],[-149.584776,-17.556967]]]}},{"type":"Feature","properties":{"name":"242","nameV":"SUR 242 Upper(1000FT AGL-3300FT AGL)","class":"Q","type":"SUR","lower":"SFC","lowerM":0,"upper":"1000FT AGL","upperMax":"3300FT AGL","ordinalUpperM":304,"upperM":304,"groundEstimatedHeight":[0,0,0,0],"activationCode":"H24","UId":"35592485","id":"LFV242NFP","stroke":"#f07800","stroke-width":2,"stroke-opacity":0.8,"fill":"#f07800","fill-opacity":0.3},"geometry":{"type":"Polygon","coordinates":[[[4.920399,44.558055],[4.920236,44.559498],[4.91975,44.560903],[4.918954,44.562235],[4.917869,44.563458],[4.916522,44.564542],[4.914949,44.565457],[4.913189,44.566181],[4.91129,44.566694],[4.9093,44.566984],[4.90727,44.567042],[4.905253,44.566867],[4.903302,44.566465],[4.901466,44.565844],[4.899795,44.565022],[4.89833,44.564019],[4.89711,44.562862],[4.896166,44.56158],[4.895523,44.560208],[4.895197,44.558779],[4.895198,44.557332],[4.895524,44.555903],[4.896167,44.55453],[4.897111,44.553249],[4.898332,44.552092],[4.899797,44.55109],[4.901468,44.550267],[4.903303,44.549647],[4.905254,44.549245],[4.90727,44.54907],[4.909299,44.549128],[4.911289,44.549418],[4.913188,44.549931],[4.914947,44.550655],[4.91652,44.55157],[4.917867,44.552653],[4.918953,44.553876],[4.919749,44.555208],[4.920236,44.556613],[4.920399,44.558055]]]}},{"type":"Feature","properties":{"name":"246","nameV":"SUR 246 Upper(1000FT AGL-3300FT AGL)","class":"Q","type":"SUR","lower":"SFC","lowerM":0,"upper":"1000FT AGL","upperMax":"3300FT AGL","ordinalUpperM":304,"upperM":304,"groundEstimatedHeight":[0,0,0,0],"activationCode":"H24","UId":"35592506","id":"LFV246NFP","stroke":"#f07800","stroke-width":2,"stroke-opacity":0.8,"fill":"#f07800","fill-opacity":0.3},"geometry":{"type":"Polygon","coordinates":[[[4.931593,43.633332],[4.931432,43.634775],[4.930954,43.63618],[4.93017,43.637512],[4.929101,43.638735],[4.927775,43.639819],[4.926226,43.640734],[4.924494,43.641458],[4.922624,43.641971],[4.920665,43.642261],[4.918667,43.642319],[4.916681,43.642144],[4.91476,43.641742],[4.912953,43.641121],[4.911308,43.640299],[4.909865,43.639296],[4.908664,43.638139],[4.907735,43.636857],[4.907102,43.635485],[4.906782,43.634056],[4.906782,43.632609],[4.907103,43.63118],[4.907736,43.629807],[4.908666,43.628526],[4.909867,43.627369],[4.911309,43.626367],[4.912955,43.625544],[4.914761,43.624924],[4.916682,43.624522],[4.918667,43.624347],[4.920665,43.624405],[4.922623,43.624695],[4.924493,43.625208],[4.926225,43.625932],[4.927774,43.626847],[4.9291,43.62793],[4.930168,43.629153],[4.930952,43.630485],[4.931431,43.63189],[4.931593,43.633332]]]}},{"type":"Feature","properties":{"name":"243","nameV":"SUR 243 Upper(1000FT AGL-3300FT AGL)","class":"Q","type":"SUR","lower":"SFC","lowerM":0,"upper":"1000FT AGL","upperMax":"3300FT AGL","ordinalUpperM":304,"upperM":304,"groundEstimatedHeight":[0,0,0,0],"activationCode":"H24","UId":"35592493","id":"LFV243NFP","stroke":"#f07800","stroke-width":2,"stroke-opacity":0.8,"fill":"#f07800","fill-opacity":0.3},"geometry":{"type":"Polygon","coordinates":[[[5.004708,45.204999],[5.004543,45.206442],[5.004052,45.207847],[5.003247,45.209179],[5.002149,45.210402],[5.000787,45.211486],[4.999196,45.212401],[4.997417,45.213125],[4.995496,45.213638],[4.993483,45.213928],[4.99143,45.213986],[4.98939,45.213811],[4.987417,45.213409],[4.985561,45.212788],[4.98387,45.211966],[4.982389,45.210963],[4.981155,45.209806],[4.980201,45.208524],[4.97955,45.207152],[4.979221,45.205723],[4.979221,45.204276],[4.979551,45.202847],[4.980202,45.201474],[4.981157,45.200193],[4.982391,45.199036],[4.983872,45.198034],[4.985563,45.197211],[4.987418,45.196591],[4.989391,45.196189],[4.99143,45.196014],[4.993482,45.196072],[4.995495,45.196362],[4.997415,45.196875],[4.999194,45.197598],[5.000785,45.198514],[5.002147,45.199597],[5.003245,45.20082],[5.004051,45.202151],[5.004542,45.203557],[5.004708,45.204999]]]}},{"type":"Feature","properties":{"name":"244","nameV":"SUR 244 Upper(1000FT AGL-3300FT AGL)","class":"Q","type":"SUR","lower":"SFC","lowerM":0,"upper":"1000FT AGL","upperMax":"3300FT AGL","ordinalUpperM":304,"upperM":304,"groundEstimatedHeight":[0,0,0,0],"activationCode":"H24","UId":"35592500","id":"LFV244NFP","stroke":"#f07800","stroke-width":2,"stroke-opacity":0.8,"fill":"#f07800","fill-opacity":0.3},"geometry":{"type":"Polygon","coordinates":[[[4.923356,44.099999],[4.923194,44.101442],[4.922712,44.102847],[4.921922,44.104179],[4.920845,44.105402],[4.919509,44.106486],[4.917948,44.107401],[4.916202,44.108125],[4.914318,44.108638],[4.912343,44.108928],[4.910329,44.108986],[4.908328,44.108811],[4.906392,44.108409],[4.904571,44.107788],[4.902912,44.106966],[4.901458,44.105963],[4.900248,44.104806],[4.899311,44.103524],[4.898673,44.102152],[4.89835,44.100723],[4.898351,44.099276],[4.898674,44.097847],[4.899313,44.096474],[4.900249,44.095193],[4.90146,44.094036],[4.902914,44.093034],[4.904572,44.092211],[4.906393,44.091591],[4.908328,44.091189],[4.910329,44.091014],[4.912342,44.091072],[4.914317,44.091362],[4.916201,44.091875],[4.917946,44.092599],[4.919507,44.093514],[4.920844,44.094597],[4.921921,44.09582],[4.922711,44.097152],[4.923194,44.098557],[4.923356,44.099999]]]}},{"type":"Feature","properties":{"name":"040","nameV":"SUR 040 Upper(1000FT AGL-3300FT AGL)","class":"Q","type":"SUR","lower":"SFC","lowerM":0,"upper":"1000FT AGL","upperMax":"3300FT AGL","ordinalUpperM":304,"upperM":304,"groundEstimatedHeight":[0,0,0,0],"activationCode":"H24","UId":"34172921","id":"FMV040NFP","stroke":"#f07800","stroke-width":2,"stroke-opacity":0.8,"fill":"#f07800","fill-opacity":0.3},"geometry":{"type":"Polygon","coordinates":[[[55.321655,-20.949522],[55.32153,-20.948079],[55.321159,-20.946674],[55.320552,-20.945342],[55.319723,-20.944119],[55.318695,-20.943036],[55.317495,-20.942121],[55.316153,-20.941397],[55.314704,-20.940884],[55.313186,-20.940594],[55.311637,-20.940536],[55.310099,-20.940711],[55.30861,-20.941113],[55.30721,-20.941734],[55.305935,-20.942556],[55.304817,-20.943558],[55.303886,-20.944715],[55.303166,-20.945997],[55.302675,-20.94737],[55.302426,-20.948798],[55.302426,-20.950245],[55.302675,-20.951674],[55.303166,-20.953047],[55.303886,-20.954328],[55.304817,-20.955485],[55.305934,-20.956488],[55.30721,-20.95731],[55.30861,-20.957931],[55.310099,-20.958333],[55.311637,-20.958508],[55.313186,-20.95845],[55.314704,-20.95816],[55.316153,-20.957647],[55.317496,-20.956923],[55.318696,-20.956008],[55.319724,-20.954924],[55.320552,-20.953701],[55.321159,-20.95237],[55.32153,-20.950964],[55.321655,-20.949522]]]}},{"type":"Feature","properties":{"name":"045","nameV":"SUR 045 Upper(1000FT AGL-3300FT AGL)","class":"Q","type":"SUR","lower":"SFC","lowerM":0,"upper":"1000FT AGL","upperMax":"3300FT AGL","ordinalUpperM":304,"upperM":304,"groundEstimatedHeight":[0,0,0,0],"activationCode":"H24","UId":"34223516","id":"FMV045NFP","stroke":"#f07800","stroke-width":2,"stroke-opacity":0.8,"fill":"#f07800","fill-opacity":0.3},"geometry":{"type":"Polygon","coordinates":[[[55.323508,-20.951886],[55.323383,-20.950443],[55.323012,-20.949038],[55.322405,-20.947706],[55.321576,-20.946483],[55.320549,-20.9454],[55.319348,-20.944485],[55.318006,-20.943761],[55.316557,-20.943248],[55.315039,-20.942958],[55.31349,-20.9429],[55.311952,-20.943075],[55.310463,-20.943477],[55.309063,-20.944098],[55.307788,-20.94492],[55.30667,-20.945922],[55.305739,-20.947079],[55.305019,-20.948361],[55.304528,-20.949734],[55.304279,-20.951162],[55.304279,-20.952609],[55.304528,-20.954038],[55.305018,-20.955411],[55.305739,-20.956692],[55.30667,-20.957849],[55.307787,-20.958852],[55.309063,-20.959674],[55.310463,-20.960295],[55.311952,-20.960697],[55.31349,-20.960872],[55.315039,-20.960814],[55.316557,-20.960524],[55.318007,-20.960011],[55.319349,-20.959287],[55.320549,-20.958372],[55.321577,-20.957288],[55.322405,-20.956065],[55.323013,-20.954734],[55.323383,-20.953328],[55.323508,-20.951886]]]}},{"type":"Feature","properties":{"name":"050","nameV":"SUR 050 Upper(1000FT AGL-3300FT AGL)","class":"Q","type":"SUR","lower":"SFC","lowerM":0,"upper":"1000FT AGL","upperMax":"3300FT AGL","ordinalUpperM":304,"upperM":304,"groundEstimatedHeight":[0,0,0,0],"activationCode":"H24","UId":"34172927","id":"FMV050NFP","stroke":"#f07800","stroke-width":2,"stroke-opacity":0.8,"fill":"#f07800","fill-opacity":0.3},"geometry":{"type":"Polygon","coordinates":[[[55.475055,-21.341197],[55.47493,-21.339754],[55.474558,-21.338349],[55.473949,-21.337017],[55.473119,-21.335794],[55.472088,-21.334711],[55.470885,-21.333796],[55.469539,-21.333072],[55.468086,-21.332559],[55.466564,-21.332269],[55.465011,-21.332211],[55.463469,-21.332386],[55.461976,-21.332788],[55.460573,-21.333409],[55.459294,-21.334231],[55.458173,-21.335233],[55.45724,-21.33639],[55.456518,-21.337672],[55.456025,-21.339045],[55.455776,-21.340473],[55.455776,-21.34192],[55.456025,-21.343349],[55.456517,-21.344722],[55.457239,-21.346003],[55.458173,-21.34716],[55.459293,-21.348163],[55.460572,-21.348985],[55.461976,-21.349606],[55.463469,-21.350008],[55.465011,-21.350183],[55.466564,-21.350125],[55.468086,-21.349835],[55.469539,-21.349322],[55.470885,-21.348598],[55.472089,-21.347683],[55.473119,-21.346599],[55.47395,-21.345376],[55.474559,-21.344045],[55.47493,-21.342639],[55.475055,-21.341197]]]}},{"type":"Feature","properties":{"name":"030","nameV":"SUR 030 Upper(1000FT AGL-3300FT AGL)","class":"Q","type":"SUR","lower":"SFC","lowerM":0,"upper":"1000FT AGL","upperMax":"3300FT AGL","ordinalUpperM":304,"upperM":304,"groundEstimatedHeight":[0,0,0,0],"activationCode":"H24","UId":"34172915","id":"FMV030NFP","stroke":"#f07800","stroke-width":2,"stroke-opacity":0.8,"fill":"#f07800","fill-opacity":0.3},"geometry":{"type":"Polygon","coordinates":[[[55.514195,-20.919517],[55.51407,-20.918074],[55.513699,-20.916669],[55.513092,-20.915337],[55.512264,-20.914114],[55.511236,-20.913031],[55.510036,-20.912116],[55.508694,-20.911392],[55.507245,-20.910879],[55.505727,-20.910589],[55.504179,-20.910531],[55.502641,-20.910706],[55.501153,-20.911108],[55.499753,-20.911729],[55.498478,-20.912551],[55.497361,-20.913553],[55.49643,-20.91471],[55.49571,-20.915992],[55.495219,-20.917365],[55.49497,-20.918793],[55.49497,-20.92024],[55.495219,-20.921669],[55.495709,-20.923042],[55.496429,-20.924323],[55.49736,-20.92548],[55.498478,-20.926483],[55.499753,-20.927305],[55.501153,-20.927926],[55.502641,-20.928328],[55.504179,-20.928503],[55.505728,-20.928445],[55.507246,-20.928155],[55.508695,-20.927642],[55.510037,-20.926918],[55.511237,-20.926003],[55.512264,-20.924919],[55.513092,-20.923696],[55.5137,-20.922365],[55.51407,-20.920959],[55.514195,-20.919517]]]}},{"type":"Feature","properties":{"name":"014","nameV":"SUR 014 Upper(1000FT AGL-3300FT AGL)","class":"Q","type":"SUR","lower":"SFC","lowerM":0,"upper":"1000FT AGL","upperMax":"3300FT AGL","ordinalUpperM":304,"upperM":304,"groundEstimatedHeight":[0,0,0,0],"activationCode":"H24","UId":"17916898","id":"LFV014NFP","stroke":"#f07800","stroke-width":2,"stroke-opacity":0.8,"fill":"#f07800","fill-opacity":0.3},"geometry":{"type":"Polygon","coordinates":[[[1.395,46.46361],[1.394831,46.465053],[1.394329,46.466458],[1.393505,46.46779],[1.392383,46.469013],[1.390989,46.470097],[1.389362,46.471012],[1.387542,46.471736],[1.385577,46.472249],[1.383518,46.472539],[1.381418,46.472597],[1.379332,46.472422],[1.377314,46.47202],[1.375415,46.471399],[1.373686,46.470577],[1.37217,46.469574],[1.370908,46.468417],[1.369932,46.467135],[1.369267,46.465763],[1.36893,46.464334],[1.36893,46.462887],[1.369268,46.461458],[1.369933,46.460085],[1.37091,46.458804],[1.372172,46.457647],[1.373688,46.456645],[1.375417,46.455822],[1.377315,46.455202],[1.379333,46.4548],[1.381418,46.454625],[1.383517,46.454683],[1.385576,46.454973],[1.38754,46.455486],[1.38936,46.456209],[1.390987,46.457125],[1.392381,46.458208],[1.393504,46.459431],[1.394328,46.460762],[1.394831,46.462168],[1.395,46.46361]]]}},{"type":"Feature","properties":{"name":"579","nameV":"SUR 579 Upper(1000FT AGL-3300FT AGL)","class":"Q","type":"SUR","lower":"SFC","lowerM":0,"upper":"1000FT AGL","upperMax":"3300FT AGL","ordinalUpperM":304,"upperM":304,"groundEstimatedHeight":[0,0,0,0],"activationCode":"H24","UId":"16388445","id":"LFV579NFP","stroke":"#f07800","stroke-width":2,"stroke-opacity":0.8,"fill":"#f07800","fill-opacity":0.3},"geometry":{"type":"Polygon","coordinates":[[[2.981397,50.620555],[2.981214,50.621998],[2.980668,50.623403],[2.979774,50.624735],[2.978555,50.625958],[2.977043,50.627042],[2.975275,50.627957],[2.9733,50.628681],[2.971166,50.629194],[2.968931,50.629484],[2.966651,50.629542],[2.964386,50.629367],[2.962195,50.628965],[2.960133,50.628344],[2.958256,50.627522],[2.956611,50.626519],[2.95524,50.625362],[2.954181,50.62408],[2.953459,50.622707],[2.953093,50.621279],[2.953093,50.619831],[2.95346,50.618403],[2.954182,50.61703],[2.955243,50.615749],[2.956613,50.614592],[2.958259,50.613589],[2.960136,50.612767],[2.962196,50.612147],[2.964387,50.611744],[2.966651,50.61157],[2.96893,50.611628],[2.971165,50.611918],[2.973298,50.612431],[2.975273,50.613154],[2.97704,50.61407],[2.978553,50.615153],[2.979772,50.616376],[2.980666,50.617707],[2.981213,50.619113],[2.981397,50.620555]]]}},{"type":"Feature","properties":{"name":"578","nameV":"SUR 578 Upper(1000FT AGL-3300FT AGL)","class":"Q","type":"SUR","lower":"SFC","lowerM":0,"upper":"1000FT AGL","upperMax":"3300FT AGL","ordinalUpperM":304,"upperM":304,"groundEstimatedHeight":[0,0,0,0],"activationCode":"H24","UId":"16388343","id":"LFV578NFP","stroke":"#f07800","stroke-width":2,"stroke-opacity":0.8,"fill":"#f07800","fill-opacity":0.3},"geometry":{"type":"Polygon","coordinates":[[[2.837459,50.457499],[2.837276,50.458942],[2.836733,50.460347],[2.835842,50.461679],[2.834627,50.462902],[2.83312,50.463986],[2.831359,50.464901],[2.82939,50.465625],[2.827264,50.466138],[2.825036,50.466428],[2.822764,50.466486],[2.820507,50.466311],[2.818323,50.465909],[2.816269,50.465288],[2.814398,50.464466],[2.812758,50.463463],[2.811393,50.462306],[2.810337,50.461024],[2.809617,50.459651],[2.809253,50.458223],[2.809253,50.456775],[2.809618,50.455347],[2.810338,50.453974],[2.811395,50.452693],[2.812761,50.451536],[2.8144,50.450533],[2.816271,50.449711],[2.818325,50.449091],[2.820508,50.448688],[2.822764,50.448514],[2.825035,50.448572],[2.827262,50.448862],[2.829388,50.449375],[2.831356,50.450098],[2.833117,50.451014],[2.834625,50.452097],[2.83584,50.45332],[2.836731,50.454651],[2.837275,50.456057],[2.837459,50.457499]]]}},{"type":"Feature","properties":{"name":"212","nameV":"SUR 212 Upper(1000FT AGL-3300FT AGL)","class":"Q","type":"SUR","lower":"SFC","lowerM":0,"upper":"1000FT AGL","upperMax":"3300FT AGL","ordinalUpperM":304,"upperM":304,"groundEstimatedHeight":[0,0,0,0],"activationCode":"H24","UId":"16388482","id":"LFV212NFP","stroke":"#f07800","stroke-width":2,"stroke-opacity":0.8,"fill":"#f07800","fill-opacity":0.3},"geometry":{"type":"Polygon","coordinates":[[[-1.537499,47.588332],[-1.537671,47.589775],[-1.538184,47.59118],[-1.539025,47.592512],[-1.540172,47.593735],[-1.541595,47.594819],[-1.543257,47.595734],[-1.545116,47.596458],[-1.547123,47.596971],[-1.549225,47.597261],[-1.55137,47.597319],[-1.553501,47.597144],[-1.555562,47.596742],[-1.557501,47.596121],[-1.559267,47.595299],[-1.560815,47.594296],[-1.562104,47.593139],[-1.563101,47.591857],[-1.56378,47.590484],[-1.564124,47.589056],[-1.564124,47.587609],[-1.563779,47.58618],[-1.563099,47.584807],[-1.562102,47.583526],[-1.560813,47.582369],[-1.559265,47.581367],[-1.557499,47.580544],[-1.555561,47.579924],[-1.5535,47.579522],[-1.55137,47.579347],[-1.549226,47.579405],[-1.547124,47.579695],[-1.545118,47.580208],[-1.543259,47.580931],[-1.541597,47.581847],[-1.540174,47.58293],[-1.539027,47.584153],[-1.538186,47.585484],[-1.537672,47.58689],[-1.537499,47.588332]]]}},{"type":"Feature","properties":{"name":"213","nameV":"SUR 213 Upper(1000FT AGL-3300FT AGL)","class":"Q","type":"SUR","lower":"SFC","lowerM":0,"upper":"1000FT AGL","upperMax":"3300FT AGL","ordinalUpperM":304,"upperM":304,"groundEstimatedHeight":[0,0,0,0],"activationCode":"H24","UId":"16388488","id":"LFV213NFP","stroke":"#f07800","stroke-width":2,"stroke-opacity":0.8,"fill":"#f07800","fill-opacity":0.3},"geometry":{"type":"Polygon","coordinates":[[[-1.846821,48.064166],[-1.846995,48.065609],[-1.847513,48.067014],[-1.848362,48.068346],[-1.849519,48.069569],[-1.850955,48.070653],[-1.852633,48.071568],[-1.854508,48.072292],[-1.856533,48.072805],[-1.858656,48.073095],[-1.86082,48.073153],[-1.86297,48.072978],[-1.865051,48.072576],[-1.867007,48.071955],[-1.86879,48.071133],[-1.870352,48.07013],[-1.871653,48.068973],[-1.872659,48.067691],[-1.873344,48.066318],[-1.873691,48.06489],[-1.873691,48.063443],[-1.873343,48.062014],[-1.872657,48.060641],[-1.871651,48.05936],[-1.870349,48.058203],[-1.868788,48.0572],[-1.867005,48.056378],[-1.865049,48.055758],[-1.862969,48.055355],[-1.86082,48.055181],[-1.858656,48.055239],[-1.856535,48.055529],[-1.85451,48.056042],[-1.852635,48.056765],[-1.850957,48.057681],[-1.849521,48.058764],[-1.848363,48.059987],[-1.847514,48.061318],[-1.846996,48.062724],[-1.846821,48.064166]]]}},{"type":"Feature","properties":{"name":"018","nameV":"SUR 018 Upper(1000FT AGL-3300FT AGL)","class":"Q","type":"SUR","lower":"SFC","lowerM":0,"upper":"1000FT AGL","upperMax":"3300FT AGL","ordinalUpperM":304,"upperM":304,"groundEstimatedHeight":[0,0,0,0],"activationCode":"H24","UId":"16474322","id":"LFV018NFP","stroke":"#f07800","stroke-width":2,"stroke-opacity":0.8,"fill":"#f07800","fill-opacity":0.3},"geometry":{"type":"Polygon","coordinates":[[[-0.191803,43.334166],[-0.191963,43.335609],[-0.192439,43.337014],[-0.193218,43.338346],[-0.194282,43.339569],[-0.195601,43.340653],[-0.197143,43.341568],[-0.198866,43.342292],[-0.200727,43.342805],[-0.202676,43.343095],[-0.204665,43.343153],[-0.206641,43.342978],[-0.208552,43.342576],[-0.21035,43.341955],[-0.211988,43.341133],[-0.213423,43.34013],[-0.214618,43.338973],[-0.215542,43.337691],[-0.216172,43.336319],[-0.216491,43.33489],[-0.216491,43.333443],[-0.216171,43.332014],[-0.215541,43.330641],[-0.214616,43.32936],[-0.213421,43.328203],[-0.211986,43.327201],[-0.210348,43.326378],[-0.208551,43.325758],[-0.20664,43.325356],[-0.204665,43.325181],[-0.202677,43.325239],[-0.200728,43.325529],[-0.198867,43.326042],[-0.197144,43.326766],[-0.195603,43.327681],[-0.194283,43.328764],[-0.19322,43.329987],[-0.19244,43.331319],[-0.191963,43.332724],[-0.191803,43.334166]]]}},{"type":"Feature","properties":{"name":"581","nameV":"SUR 581 Upper(1000FT AGL-3300FT AGL)","class":"Q","type":"SUR","lower":"SFC","lowerM":0,"upper":"1000FT AGL","upperMax":"3300FT AGL","ordinalUpperM":304,"upperM":304,"groundEstimatedHeight":[0,0,0,0],"activationCode":"H24","UId":"16388463","id":"LFV581NFP","stroke":"#f07800","stroke-width":2,"stroke-opacity":0.8,"fill":"#f07800","fill-opacity":0.3},"geometry":{"type":"Polygon","coordinates":[[[0.653198,48.135832],[0.653024,48.137275],[0.652505,48.13868],[0.651655,48.140012],[0.650496,48.141235],[0.649058,48.142319],[0.647378,48.143234],[0.6455,48.143958],[0.643472,48.144471],[0.641347,48.144761],[0.639179,48.144819],[0.637026,48.144644],[0.634943,48.144242],[0.632983,48.143621],[0.631198,48.142799],[0.629634,48.141796],[0.628331,48.140639],[0.627324,48.139357],[0.626637,48.137984],[0.62629,48.136556],[0.62629,48.135109],[0.626638,48.13368],[0.627326,48.132307],[0.628334,48.131026],[0.629636,48.129869],[0.631201,48.128866],[0.632985,48.128044],[0.634944,48.127424],[0.637027,48.127021],[0.639179,48.126847],[0.641346,48.126905],[0.643471,48.127195],[0.645498,48.127708],[0.647376,48.128431],[0.649056,48.129347],[0.650494,48.13043],[0.651653,48.131653],[0.652503,48.132984],[0.653023,48.13439],[0.653198,48.135832]]]}},{"type":"Feature","properties":{"name":"211","nameV":"SUR 211 Upper(1000FT AGL-3300FT AGL)","class":"Q","type":"SUR","lower":"SFC","lowerM":0,"upper":"1000FT AGL","upperMax":"3300FT AGL","ordinalUpperM":304,"upperM":304,"groundEstimatedHeight":[0,0,0,0],"activationCode":"H24","UId":"16388469","id":"LFV211NFP","stroke":"#f07800","stroke-width":2,"stroke-opacity":0.8,"fill":"#f07800","fill-opacity":0.3},"geometry":{"type":"Polygon","coordinates":[[[-0.356034,47.882221],[-0.356208,47.883664],[-0.356724,47.885069],[-0.357569,47.886401],[-0.358723,47.887624],[-0.360154,47.888708],[-0.361825,47.889623],[-0.363695,47.890347],[-0.365713,47.89086],[-0.367827,47.89115],[-0.369984,47.891208],[-0.372127,47.891033],[-0.3742,47.890631],[-0.37615,47.89001],[-0.377926,47.889188],[-0.379482,47.888185],[-0.380779,47.887028],[-0.381781,47.885746],[-0.382464,47.884373],[-0.38281,47.882945],[-0.38281,47.881498],[-0.382463,47.880069],[-0.38178,47.878696],[-0.380777,47.877415],[-0.37948,47.876258],[-0.377924,47.875255],[-0.376148,47.874433],[-0.374198,47.873813],[-0.372126,47.87341],[-0.369984,47.873236],[-0.367828,47.873294],[-0.365714,47.873584],[-0.363696,47.874097],[-0.361828,47.87482],[-0.360156,47.875736],[-0.358725,47.876819],[-0.357571,47.878042],[-0.356725,47.879373],[-0.356208,47.880779],[-0.356034,47.882221]]]}},{"type":"Feature","properties":{"name":"812","nameV":"SUR 812 Upper(1000FT AGL-3300FT AGL)","class":"Q","type":"SUR","lower":"SFC","lowerM":0,"upper":"1000FT AGL","upperMax":"3300FT AGL","ordinalUpperM":304,"upperM":304,"groundEstimatedHeight":[0,0,0,0],"activationCode":"H24","UId":"20294983","id":"LFV812NFP","stroke":"#f07800","stroke-width":2,"stroke-opacity":0.8,"fill":"#f07800","fill-opacity":0.3},"geometry":{"type":"Polygon","coordinates":[[[7.23568,49.101666],[7.235503,49.103109],[7.234974,49.104514],[7.234108,49.105846],[7.232926,49.107069],[7.231461,49.108153],[7.229748,49.109068],[7.227833,49.109792],[7.225766,49.110305],[7.2236,49.110595],[7.221391,49.110653],[7.219196,49.110478],[7.217072,49.110076],[7.215075,49.109455],[7.213256,49.108633],[7.211661,49.10763],[7.210333,49.106473],[7.209306,49.105191],[7.208607,49.103818],[7.208252,49.10239],[7.208253,49.100943],[7.208608,49.099514],[7.209308,49.098141],[7.210336,49.09686],[7.211664,49.095703],[7.213258,49.0947],[7.215077,49.093878],[7.217074,49.093258],[7.219197,49.092855],[7.221391,49.092681],[7.223599,49.092739],[7.225765,49.093029],[7.227832,49.093542],[7.229746,49.094265],[7.231458,49.095181],[7.232924,49.096264],[7.234106,49.097487],[7.234972,49.098818],[7.235502,49.100224],[7.23568,49.101666]]]}},{"type":"Feature","properties":{"name":"960","nameV":"SUR 960 Upper(1000FT AGL-3300FT AGL)","class":"Q","type":"SUR","lower":"SFC","lowerM":0,"upper":"1000FT AGL","upperMax":"3300FT AGL","ordinalUpperM":304,"upperM":304,"groundEstimatedHeight":[0,0,0,0],"activationCode":"H24","UId":"61220904","id":"LFV960NFP","stroke":"#f07800","stroke-width":2,"stroke-opacity":0.8,"fill":"#f07800","fill-opacity":0.3},"geometry":{"type":"Polygon","coordinates":[[[-1.979999,48.647777],[-1.980175,48.64922],[-1.980699,48.650625],[-1.981557,48.651957],[-1.982728,48.65318],[-1.98418,48.654264],[-1.985877,48.655179],[-1.987775,48.655903],[-1.989823,48.656416],[-1.99197,48.656706],[-1.994159,48.656764],[-1.996334,48.656589],[-1.998439,48.656187],[-2.000418,48.655566],[-2.002221,48.654744],[-2.003801,48.653741],[-2.005117,48.652584],[-2.006135,48.651302],[-2.006828,48.649929],[-2.007179,48.648501],[-2.007179,48.647054],[-2.006827,48.645625],[-2.006133,48.644252],[-2.005115,48.642971],[-2.003798,48.641814],[-2.002219,48.640811],[-2.000416,48.639989],[-1.998437,48.639369],[-1.996333,48.638966],[-1.994159,48.638792],[-1.991971,48.63885],[-1.989825,48.63914],[-1.987777,48.639653],[-1.98588,48.640376],[-1.984183,48.641292],[-1.98273,48.642375],[-1.981559,48.643598],[-1.9807,48.644929],[-1.980176,48.646335],[-1.979999,48.647777]]]}},{"type":"Feature","properties":{"name":"955","nameV":"SUR 955 Upper(1000FT AGL-3300FT AGL)","class":"Q","type":"SUR","lower":"SFC","lowerM":0,"upper":"1000FT AGL","upperMax":"3300FT AGL","ordinalUpperM":304,"upperM":304,"groundEstimatedHeight":[0,0,0,0],"desc":"FIR PARIS Department: SARTHE Except for GAT/IFR ACFT to LE MANS ARNAGE (LFRM).","activationCode":"H24","UId":"61220897","id":"LFV955NFP","stroke":"#f07800","stroke-width":2,"stroke-opacity":0.8,"fill":"#f07800","fill-opacity":0.3},"geometry":{"type":"Polygon","coordinates":[[[0.231508,48.043888],[0.231334,48.045331],[0.230816,48.046736],[0.229968,48.048068],[0.228811,48.049291],[0.227375,48.050375],[0.225698,48.05129],[0.223824,48.052014],[0.221799,48.052527],[0.219678,48.052817],[0.217514,48.052875],[0.215365,48.0527],[0.213285,48.052298],[0.211329,48.051677],[0.209547,48.050855],[0.207986,48.049852],[0.206686,48.048695],[0.20568,48.047413],[0.204995,48.04604],[0.204648,48.044612],[0.204648,48.043165],[0.204996,48.041736],[0.205682,48.040363],[0.206688,48.039082],[0.207988,48.037925],[0.20955,48.036922],[0.211331,48.0361],[0.213287,48.03548],[0.215366,48.035077],[0.217514,48.034903],[0.219677,48.034961],[0.221798,48.035251],[0.223822,48.035764],[0.225696,48.036487],[0.227373,48.037403],[0.228809,48.038486],[0.229966,48.039709],[0.230815,48.04104],[0.231333,48.042446],[0.231508,48.043888]]]}},{"type":"Feature","properties":{"name":"950","nameV":"SUR 950 Upper(1000FT AGL-3300FT AGL)","class":"Q","type":"SUR","lower":"SFC","lowerM":0,"upper":"1000FT AGL","upperMax":"3300FT AGL","ordinalUpperM":304,"upperM":304,"groundEstimatedHeight":[0,0,0,0],"desc":"FIR BREST Département: LOIRE ATLANTIQUE Except for GAT/IFR ACFT in contact with NANTES TWR/APP.","activationCode":"H24","UId":"61220890","id":"LFV950NFP","stroke":"#f07800","stroke-width":2,"stroke-opacity":0.8,"fill":"#f07800","fill-opacity":0.3},"geometry":{"type":"Polygon","coordinates":[[[-1.578136,47.267499],[-1.578307,47.268942],[-1.578817,47.270347],[-1.579653,47.271679],[-1.580793,47.272902],[-1.582207,47.273986],[-1.583859,47.274901],[-1.585707,47.275625],[-1.587701,47.276138],[-1.589791,47.276428],[-1.591923,47.276486],[-1.59404,47.276311],[-1.596089,47.275909],[-1.598017,47.275288],[-1.599772,47.274466],[-1.60131,47.273463],[-1.602591,47.272306],[-1.603582,47.271024],[-1.604257,47.269651],[-1.604599,47.268223],[-1.604599,47.266776],[-1.604256,47.265347],[-1.603581,47.263974],[-1.602589,47.262693],[-1.601308,47.261536],[-1.59977,47.260534],[-1.598015,47.259711],[-1.596088,47.259091],[-1.59404,47.258689],[-1.591923,47.258514],[-1.589792,47.258572],[-1.587702,47.258862],[-1.585708,47.259375],[-1.583861,47.260098],[-1.582209,47.261014],[-1.580795,47.262097],[-1.579655,47.26332],[-1.578819,47.264651],[-1.578308,47.266057],[-1.578136,47.267499]]]}},{"type":"Feature","properties":{"name":"945","nameV":"SUR 945 Upper(1000FT AGL-3300FT AGL)","class":"Q","type":"SUR","lower":"SFC","lowerM":0,"upper":"1000FT AGL","upperMax":"3300FT AGL","ordinalUpperM":304,"upperM":304,"groundEstimatedHeight":[0,0,0,0],"desc":"FIR BREST Department: LOIRE ATLANTIQUE Except for GAT/IFR ACFT in contact with NANTES TWR/APP.","activationCode":"H24","UId":"61220869","id":"LFV945NFP","stroke":"#f07800","stroke-width":2,"stroke-opacity":0.8,"fill":"#f07800","fill-opacity":0.3},"geometry":{"type":"Polygon","coordinates":[[[-1.55758,47.265832],[-1.557752,47.267275],[-1.558262,47.26868],[-1.559097,47.270012],[-1.560237,47.271235],[-1.561651,47.272319],[-1.563304,47.273234],[-1.565151,47.273958],[-1.567145,47.274471],[-1.569235,47.274761],[-1.571367,47.274819],[-1.573484,47.274644],[-1.575533,47.274242],[-1.57746,47.273621],[-1.579216,47.272799],[-1.580754,47.271796],[-1.582035,47.270639],[-1.583026,47.269357],[-1.583701,47.267984],[-1.584043,47.266556],[-1.584042,47.265109],[-1.5837,47.26368],[-1.583024,47.262307],[-1.582033,47.261026],[-1.580752,47.259869],[-1.579213,47.258867],[-1.577458,47.258044],[-1.575532,47.257424],[-1.573483,47.257022],[-1.571367,47.256847],[-1.569236,47.256905],[-1.567146,47.257195],[-1.565153,47.257708],[-1.563306,47.258431],[-1.561654,47.259347],[-1.560239,47.26043],[-1.559099,47.261653],[-1.558263,47.262984],[-1.557752,47.26439],[-1.55758,47.265832]]]}},{"type":"Feature","properties":{"name":"225","nameV":"SUR 225 Upper(1000FT AGL-3300FT AGL)","class":"Q","type":"SUR","lower":"SFC","lowerM":0,"upper":"1000FT AGL","upperMax":"3300FT AGL","ordinalUpperM":304,"upperM":304,"groundEstimatedHeight":[0,0,0,0],"desc":"FIR BREST Department: LOIRE ATLANTIQUE Except for GAT/IFR ACFT in contact with NANTES TWR/APP.","activationCode":"H24","UId":"2321347","id":"LF225","stroke":"#f07800","stroke-width":2,"stroke-opacity":0.8,"fill":"#f07800","fill-opacity":0.3},"geometry":{"type":"Polygon","coordinates":[[[-1.492858,47.266943],[-1.493029,47.268386],[-1.493539,47.269791],[-1.494375,47.271123],[-1.495515,47.272346],[-1.496929,47.27343],[-1.498581,47.274345],[-1.500429,47.275069],[-1.502423,47.275582],[-1.504513,47.275872],[-1.506645,47.27593],[-1.508762,47.275755],[-1.510811,47.275353],[-1.512738,47.274732],[-1.514494,47.27391],[-1.516032,47.272907],[-1.517313,47.27175],[-1.518304,47.270468],[-1.518979,47.269095],[-1.519321,47.267667],[-1.519321,47.26622],[-1.518978,47.264791],[-1.518303,47.263418],[-1.517311,47.262137],[-1.51603,47.26098],[-1.514492,47.259978],[-1.512736,47.259155],[-1.51081,47.258535],[-1.508761,47.258133],[-1.506645,47.257958],[-1.504514,47.258016],[-1.502424,47.258306],[-1.50043,47.258819],[-1.498584,47.259542],[-1.496932,47.260458],[-1.495517,47.261541],[-1.494377,47.262764],[-1.493541,47.264095],[-1.49303,47.265501],[-1.492858,47.266943]]]}},{"type":"Feature","properties":{"name":"965","nameV":"SUR 965 Upper(1000FT AGL-3300FT AGL)","class":"Q","type":"SUR","lower":"SFC","lowerM":0,"upper":"1000FT AGL","upperMax":"3300FT AGL","ordinalUpperM":304,"upperM":304,"groundEstimatedHeight":[0,0,0,0],"activationCode":"H24","UId":"61220910","id":"LFV965NFP","stroke":"#f07800","stroke-width":2,"stroke-opacity":0.8,"fill":"#f07800","fill-opacity":0.3},"geometry":{"type":"Polygon","coordinates":[[[2.879021,50.103055],[2.87884,50.104498],[2.8783,50.105903],[2.877416,50.107235],[2.87621,50.108458],[2.874714,50.109542],[2.872966,50.110457],[2.871012,50.111181],[2.868902,50.111694],[2.86669,50.111984],[2.864435,50.112042],[2.862195,50.111867],[2.860027,50.111465],[2.857988,50.110844],[2.856131,50.110022],[2.854504,50.109019],[2.853148,50.107862],[2.8521,50.10658],[2.851386,50.105207],[2.851024,50.103779],[2.851025,50.102332],[2.851387,50.100903],[2.852102,50.09953],[2.853151,50.098249],[2.854506,50.097092],[2.856134,50.096089],[2.857991,50.095267],[2.860029,50.094647],[2.862196,50.094244],[2.864436,50.09407],[2.86669,50.094128],[2.8689,50.094418],[2.87101,50.094931],[2.872964,50.095654],[2.874711,50.09657],[2.876208,50.097653],[2.877414,50.098876],[2.878299,50.100207],[2.878839,50.101613],[2.879021,50.103055]]]}}]}