{
"type": "FeatureCollection",
"headerFile": { "software": "(aixmParser v2.26.4) ", "created": "2026-05-17T14:46:23.656100", "content": "airspaces-all", "allMap": true, "numberOfAreas": 4549, "srcFiles": { "1": { "srcAixmFile": "..\\tst\\AIXM4.5_all_FR_OM_2026-05-14.xml", "srcAixmOrigin": "Sia-France", "srcAixmVersion": "4.5", "srcAixmCreated": "2026-03-23T19:09:15.593+01:00", "srcAixmEffective": "2026-05-14T00:00:00.000+02:00" } } },
"name": "airspaces-type-CTA",
"features": [
{ "type": "Feature", "properties": { "full_name": "CTA PIARCO A", "class": "A", "type": "CTA", "lower": "FL195", "upper": "FL245" }, "geometry": { "type": "Polygon", "coordinates": [ [ [ -65.0, 15.0 ], [ -63.25, 15.0 ], [ -63.0, 15.333333 ], [ -63.0, 17.366667 ], [ -62.0, 18.0 ], [ -56.0, 18.0 ], [ -56.0, 9.083333 ], [ -57.0, 8.916667 ], [ -59.95, 8.916667 ], [ -61.466667, 9.983333 ], [ -61.933333, 9.983333 ], [ -62.05, 10.083333 ], [ -61.783333, 10.733333 ], [ -62.5, 11.0 ], [ -65.0, 15.0 ] ] ] } },
{ "type": "Feature", "properties": { "full_name": "CTA PIARCO B", "class": "G", "type": "CTA", "lower": "SFC", "upper": "FL245" }, "geometry": { "type": "Polygon", "coordinates": [ [ [ -56.0, 18.0 ], [ -45.0, 18.0 ], [ -40.0, 22.3 ], [ -37.5, 17.0 ], [ -37.5, 13.5 ], [ -48.0, 10.0 ], [ -54.0, 9.333333 ], [ -56.0, 9.083333 ], [ -56.0, 18.0 ] ] ] } },
{ "type": "Feature", "properties": { "full_name": "CTA RHONE 4", "class": "D", "type": "CTA", "lower": "3500FT AMSL", "upper": "FL195" }, "geometry": { "type": "Polygon", "coordinates": [ [ [ 4.223664, 44.02285 ], [ 4.215239, 43.872956 ], [ 4.066619, 43.704953 ], [ 3.883056, 43.864167 ], [ 4.223664, 44.02285 ] ] ] } },
{ "type": "Feature", "properties": { "full_name": "CTA RHONE 3", "class": "D", "type": "CTA", "lower": "2500FT AMSL", "upper": "FL195" }, "geometry": { "type": "Polygon", "coordinates": [ [ [ 4.24625, 44.033306 ], [ 4.336353, 44.033311 ], [ 4.520597, 44.031425 ], [ 4.550039, 43.945833 ], [ 4.551864, 43.858128 ], [ 4.643736, 43.800278 ], [ 4.500153, 43.561386 ], [ 4.487778, 43.285 ], [ 4.208333, 43.393889 ], [ 4.308333, 43.5 ], [ 4.160556, 43.625278 ], [ 4.066619, 43.704953 ], [ 4.215236, 43.872956 ], [ 4.223664, 44.02285 ], [ 4.24625, 44.033306 ] ] ] } },
{ "type": "Feature", "properties": { "full_name": "CTA RHONE 5", "class": "D", "type": "CTA", "lower": "FL065", "upper": "FL195" }, "geometry": { "type": "Polygon", "coordinates": [ [ [ 3.776667, 44.466944 ], [ 3.833333, 44.425 ], [ 4.183333, 44.233333 ], [ 4.516667, 44.15 ], [ 4.520597, 44.031425 ], [ 4.336353, 44.033311 ], [ 4.24625, 44.033306 ], [ 3.883056, 43.864167 ], [ 3.453333, 44.407222 ], [ 3.776667, 44.466944 ] ] ] } },
{ "type": "Feature", "properties": { "full_name": "CTA RHONE 2", "class": "D", "type": "CTA", "lower": "2000FT AMSL", "upper": "FL195" }, "geometry": { "type": "Polygon", "coordinates": [ [ [ 4.264444, 43.453611 ], [ 4.494444, 43.433889 ], [ 4.486111, 43.252778 ], [ 4.688056, 43.252778 ], [ 4.549722, 43.166667 ], [ 4.283333, 43.0 ], [ 4.283333, 43.364722 ], [ 4.208333, 43.393889 ], [ 4.264444, 43.453611 ] ] ] } },
{ "type": "Feature", "properties": { "full_name": "CTA RHONE 6", "class": "D", "type": "CTA", "lower": "FL145", "upper": "FL195" }, "geometry": { "type": "Polygon", "coordinates": [ [ [ 3.522222, 44.655556 ], [ 3.776667, 44.466944 ], [ 3.453333, 44.407222 ], [ 3.348889, 44.539167 ], [ 3.358333, 44.5875 ], [ 3.522222, 44.655556 ] ] ] } },
{ "type": "Feature", "properties": { "full_name": "CTA SALON 2 (SeeNotam)", "class": "D", "type": "CTA", "lower": "3000FT AMSL", "upper": "FL075" }, "geometry": { "type": "Polygon", "coordinates": [ [ [ 5.040278, 43.995833 ], [ 5.321111, 43.980833 ], [ 5.482778, 43.581667 ], [ 5.423056, 43.586667 ], [ 5.336389, 43.562222 ], [ 5.325, 43.563889 ], [ 5.210833, 43.889167 ], [ 5.038889, 43.938889 ], [ 5.040278, 43.995833 ] ] ] } },
{ "type": "Feature", "properties": { "full_name": "CTA SALON 3", "class": "D", "type": "CTA", "lower": "4500FT AMSL", "upper": "FL065" }, "geometry": { "type": "Polygon", "coordinates": [ [ [ 5.038889, 43.938889 ], [ 4.993056, 43.913889 ], [ 4.983889, 43.861667 ], [ 5.05, 43.833333 ], [ 5.1, 43.710556 ], [ 5.273889, 43.710278 ], [ 5.210833, 43.889167 ], [ 5.038889, 43.938889 ] ] ] } },
{ "type": "Feature", "properties": { "full_name": "CTA ILES ANGLO-NORMANDES 2", "class": "D", "type": "CTA", "lower": "3500FT AMSL", "upper": "FL080" }, "geometry": { "type": "Polygon", "coordinates": [ [ [ -2.0, 50.0 ], [ -1.783333, 50.0 ], [ -2.0, 49.733333 ], [ -2.0, 50.0 ] ] ] } },
{ "type": "Feature", "properties": { "full_name": "CTA RENNES B", "class": "D", "type": "CTA", "lower": "FL115", "upper": "FL195" }, "geometry": { "type": "Polygon", "coordinates": [ [ [ -0.25, 50.0 ], [ -2.0, 50.0 ], [ -3.0, 49.830833 ], [ -3.173056, 49.800556 ], [ -3.0, 49.583333 ], [ -3.0, 49.033333 ], [ -2.407222, 49.033333 ], [ -1.666667, 49.033333 ], [ -0.25, 48.883889 ], [ -0.25, 50.0 ] ] ] } },
{ "type": "Feature", "properties": { "full_name": "CTA RENNES A", "class": "D", "type": "CTA", "lower": "FL115", "upper": "FL195" }, "geometry": { "type": "Polygon", "coordinates": [ [ [ -2.407222, 49.033333 ], [ -1.666667, 49.033333 ], [ -0.25, 48.883889 ], [ -0.25, 48.462222 ], [ -0.778333, 48.160278 ], [ -1.298333, 47.848056 ], [ -2.511944, 47.951667 ], [ -2.407222, 49.033333 ] ] ] } },
{ "type": "Feature", "properties": { "full_name": "CTA IROISE", "class": "D", "type": "CTA", "lower": "FL115", "upper": "FL195" }, "geometry": { "type": "Polygon", "coordinates": [ [ [ -4.920278, 49.478056 ], [ -5.333333, 48.549167 ], [ -5.333333, 48.083333 ], [ -5.145, 47.245 ], [ -3.430833, 47.260556 ], [ -3.426111, 47.494167 ], [ -2.511944, 47.951667 ], [ -2.407222, 49.033333 ], [ -3.0, 49.033333 ], [ -3.0, 49.583333 ], [ -3.173056, 49.800556 ], [ -4.920278, 49.478056 ] ] ] } },
{ "type": "Feature", "properties": { "full_name": "CTA SALON 1", "class": "D", "type": "CTA", "lower": "1700FT AMSL", "upper": "4500FT AMSL" }, "geometry": { "type": "Polygon", "coordinates": [ [ [ 4.993056, 43.913889 ], [ 5.038889, 43.938889 ], [ 5.210833, 43.889167 ], [ 5.273889, 43.710278 ], [ 5.325, 43.563889 ], [ 5.216944, 43.584167 ], [ 5.217011, 43.584221 ], [ 5.216407, 43.582468 ], [ 5.215749, 43.580724 ], [ 5.215038, 43.578992 ], [ 5.214273, 43.577272 ], [ 5.213456, 43.575564 ], [ 5.212586, 43.57387 ], [ 5.211665, 43.57219 ], [ 5.210692, 43.570526 ], [ 5.209668, 43.568878 ], [ 5.208593, 43.567247 ], [ 5.207469, 43.565633 ], [ 5.206295, 43.564039 ], [ 5.205073, 43.562463 ], [ 5.203803, 43.560908 ], [ 5.202485, 43.559373 ], [ 5.20112, 43.55786 ], [ 5.199709, 43.55637 ], [ 5.198253, 43.554903 ], [ 5.196751, 43.55346 ], [ 5.195206, 43.552041 ], [ 5.193618, 43.550647 ], [ 5.191987, 43.54928 ], [ 5.190315, 43.547939 ], [ 5.188602, 43.546626 ], [ 5.186849, 43.545341 ], [ 5.185057, 43.544084 ], [ 5.183226, 43.542857 ], [ 5.181359, 43.541659 ], [ 5.179455, 43.540492 ], [ 5.177516, 43.539356 ], [ 5.175542, 43.538251 ], [ 5.173535, 43.537179 ], [ 5.171496, 43.536139 ], [ 5.169425, 43.535133 ], [ 5.167323, 43.53416 ], [ 5.165193, 43.533222 ], [ 5.163034, 43.532318 ], [ 5.160848, 43.531449 ], [ 5.158636, 43.530616 ], [ 5.156398, 43.529818 ], [ 5.154137, 43.529058 ], [ 5.151853, 43.528333 ], [ 5.149548, 43.527646 ], [ 5.147221, 43.526996 ], [ 5.144876, 43.526384 ], [ 5.142512, 43.52581 ], [ 5.140132, 43.525275 ], [ 5.137735, 43.524778 ], [ 5.135324, 43.524319 ], [ 5.132899, 43.5239 ], [ 5.130462, 43.52352 ], [ 5.128014, 43.52318 ], [ 5.125556, 43.522879 ], [ 5.12309, 43.522618 ], [ 5.120616, 43.522397 ], [ 5.120556, 43.5225 ], [ 5.120556, 43.5225 ], [ 5.054167, 43.581944 ], [ 5.033333, 43.65 ], [ 4.966667, 43.772222 ], [ 4.993056, 43.913889 ] ] ] } },
{ "type": "Feature", "properties": { "full_name": "CTA TOULOUSE 2", "class": "D", "type": "CTA", "lower": "FL115", "upper": "FL145" }, "geometry": { "type": "Polygon", "coordinates": [ [ [ 0.579722, 44.5 ], [ 1.036944, 44.5 ], [ 1.716667, 44.5 ], [ 2.605556, 44.058333 ], [ 1.858333, 44.166667 ], [ 1.804444, 44.293333 ], [ 1.748889, 44.295278 ], [ 1.025556, 44.346111 ], [ 0.579722, 44.5 ] ] ] } },
{ "type": "Feature", "properties": { "full_name": "CTA TOULOUSE 3", "class": "D", "type": "CTA", "lower": "FL115", "upper": "FL145" }, "geometry": { "type": "Polygon", "coordinates": [ [ [ 2.605556, 44.058333 ], [ 2.269444, 43.8 ], [ 2.572222, 43.258333 ], [ 2.706944, 43.2125 ], [ 2.708056, 43.416667 ], [ 2.709444, 43.714722 ], [ 2.822778, 44.025833 ], [ 2.605556, 44.058333 ] ] ] } },
{ "type": "Feature", "properties": { "full_name": "CTA LIMOGES", "class": "D", "type": "CTA", "lower": "FL115", "upper": "FL145" }, "geometry": { "type": "Polygon", "coordinates": [ [ [ 2.168889, 47.082222 ], [ 2.833333, 46.75 ], [ 2.916667, 46.333333 ], [ 2.927778, 46.255556 ], [ 2.588889, 46.259722 ], [ 2.5, 46.229444 ], [ 2.5, 45.436111 ], [ 2.0, 45.315556 ], [ 2.0, 44.759444 ], [ 1.4775, 44.780278 ], [ 1.057778, 44.747778 ], [ 1.070556, 44.907222 ], [ 1.281944, 44.948056 ], [ 1.04, 45.5 ], [ 0.093611, 45.5 ], [ -0.150278, 45.666667 ], [ -0.149864, 45.66666 ], [ -0.149901, 45.66701 ], [ -0.14994, 45.66736 ], [ -0.14998, 45.66771 ], [ -0.150022, 45.66806 ], [ -0.150065, 45.66841 ], [ -0.15011, 45.66876 ], [ -0.150156, 45.669109 ], [ -0.150204, 45.669459 ], [ -0.150253, 45.669808 ], [ -0.150304, 45.670157 ], [ -0.150356, 45.670507 ], [ -0.15041, 45.670856 ], [ -0.150465, 45.671205 ], [ -0.150522, 45.671554 ], [ -0.15058, 45.671902 ], [ -0.15064, 45.672251 ], [ -0.150701, 45.6726 ], [ -0.150764, 45.672948 ], [ -0.150828, 45.673296 ], [ -0.150894, 45.673644 ], [ -0.150961, 45.673992 ], [ -0.15103, 45.67434 ], [ -0.1511, 45.674688 ], [ -0.151172, 45.675035 ], [ -0.151245, 45.675383 ], [ -0.15132, 45.67573 ], [ -0.151396, 45.676077 ], [ -0.151473, 45.676424 ], [ -0.151553, 45.676771 ], [ -0.151633, 45.677117 ], [ -0.151716, 45.677464 ], [ -0.151799, 45.67781 ], [ -0.151884, 45.678156 ], [ -0.151971, 45.678502 ], [ -0.152059, 45.678847 ], [ -0.152149, 45.679193 ], [ -0.15224, 45.679538 ], [ -0.152333, 45.679883 ], [ -0.152427, 45.680228 ], [ -0.152522, 45.680573 ], [ -0.152619, 45.680917 ], [ -0.152718, 45.681262 ], [ -0.152818, 45.681606 ], [ -0.152919, 45.68195 ], [ -0.153022, 45.682293 ], [ -0.153127, 45.682637 ], [ -0.153233, 45.68298 ], [ -0.15334, 45.683323 ], [ -0.153449, 45.683666 ], [ -0.153559, 45.684009 ], [ -0.153671, 45.684351 ], [ -0.153784, 45.684693 ], [ -0.153899, 45.685035 ], [ -0.154015, 45.685376 ], [ -0.154133, 45.685718 ], [ -0.154252, 45.686059 ], [ -0.154373, 45.6864 ], [ -0.154495, 45.68674 ], [ -0.154619, 45.687081 ], [ -0.154744, 45.687421 ], [ -0.15487, 45.687761 ], [ -0.154998, 45.6881 ], [ -0.155127, 45.688439 ], [ -0.155258, 45.688778 ], [ -0.155391, 45.689117 ], [ -0.155525, 45.689456 ], [ -0.15566, 45.689794 ], [ -0.155797, 45.690132 ], [ -0.155935, 45.690469 ], [ -0.156074, 45.690807 ], [ -0.156215, 45.691144 ], [ -0.156358, 45.69148 ], [ -0.156502, 45.691817 ], [ -0.156647, 45.692153 ], [ -0.156794, 45.692489 ], [ -0.156942, 45.692824 ], [ -0.157092, 45.693159 ], [ -0.157243, 45.693494 ], [ -0.157396, 45.693829 ], [ -0.15755, 45.694163 ], [ -0.158056, 45.694167 ], [ -0.158056, 45.694167 ], [ -0.073056, 45.821944 ], [ 0.054167, 45.816667 ], [ 0.917222, 46.4375 ], [ 1.158333, 46.416667 ], [ 1.160556, 46.583056 ], [ 1.658333, 46.536111 ], [ 2.168889, 47.082222 ] ] ] } },
{ "type": "Feature", "properties": { "full_name": "CTA TOULON 1.1", "class": "D", "type": "CTA", "lower": "1000FT AGL", "upper": "3500FT AGL" }, "geometry": { "type": "Polygon", "coordinates": [ [ [ 5.866667, 43.175 ], [ 6.021037758356407, 43.175028283496914 ], [ 6.043333, 43.175 ], [ 6.2475, 43.175278 ], [ 6.266667, 43.175 ], [ 6.487778, 43.148201439931128 ], [ 6.541667, 43.141667 ], [ 6.55, 43.136667 ], [ 6.666667, 43.066667 ], [ 6.666667, 42.833333 ], [ 6.666667, 42.666667 ], [ 5.633333, 42.666667 ], [ 5.633333, 43.033333 ], [ 5.866667, 43.175 ] ] ] } },
{ "type": "Feature", "properties": { "full_name": "CTA TOULON 1.2", "class": "D", "type": "CTA", "lower": "3500FT AGL", "upper": "FL125" }, "geometry": { "type": "Polygon", "coordinates": [ [ [ 5.866667, 43.175 ], [ 6.021037758356407, 43.175028283496914 ], [ 6.043333, 43.175 ], [ 6.2475, 43.175278 ], [ 6.266667, 43.175 ], [ 6.487778, 43.148201439931128 ], [ 6.541667, 43.141667 ], [ 6.55, 43.136667 ], [ 6.666667, 43.066667 ], [ 6.666667, 42.666667 ], [ 5.633333, 42.666667 ], [ 5.633333, 43.033333 ], [ 5.866667, 43.175 ] ] ] } },
{ "type": "Feature", "properties": { "full_name": "CTA TOULON 1.3", "class": "D", "type": "CTA", "lower": "FL125", "upper": "FL195" }, "geometry": { "type": "Polygon", "coordinates": [ [ [ 5.866667, 43.175 ], [ 6.021037758356407, 43.175028283496914 ], [ 6.043333, 43.175 ], [ 6.2475, 43.175278 ], [ 6.266667, 43.175 ], [ 6.487778, 43.148201439931128 ], [ 6.541667, 43.141667 ], [ 6.55, 43.136667 ], [ 6.666667, 43.066667 ], [ 6.666667, 42.666667 ], [ 5.633333, 42.666667 ], [ 5.633333, 43.033333 ], [ 5.866667, 43.175 ] ] ] } },
{ "type": "Feature", "properties": { "full_name": "CTA LYON", "class": "D", "type": "CTA", "lower": "FL115", "upper": "FL145" }, "geometry": { "type": "Polygon", "coordinates": [ [ [ 4.674722, 46.5 ], [ 4.833333, 46.5 ], [ 5.585833, 46.5 ], [ 5.606111, 46.477222 ], [ 5.407778, 46.363333 ], [ 5.576389, 46.237222 ], [ 5.570556, 46.060278 ], [ 5.570406, 46.060254 ], [ 5.570184, 46.057247 ], [ 5.570048, 46.054238 ], [ 5.569999, 46.051228 ], [ 5.570037, 46.048217 ], [ 5.570162, 46.045208 ], [ 5.570373, 46.042201 ], [ 5.570671, 46.039197 ], [ 5.571056, 46.036199 ], [ 5.571527, 46.033206 ], [ 5.572084, 46.03022 ], [ 5.572727, 46.027243 ], [ 5.573456, 46.024275 ], [ 5.57427, 46.021318 ], [ 5.575169, 46.018373 ], [ 5.576153, 46.015441 ], [ 5.577221, 46.012523 ], [ 5.578373, 46.009621 ], [ 5.579608, 46.006735 ], [ 5.580926, 46.003867 ], [ 5.582326, 46.001018 ], [ 5.583808, 45.998189 ], [ 5.58537, 45.995381 ], [ 5.587014, 45.992595 ], [ 5.588737, 45.989832 ], [ 5.590539, 45.987095 ], [ 5.592419, 45.984382 ], [ 5.594378, 45.981697 ], [ 5.596412, 45.979039 ], [ 5.598523, 45.97641 ], [ 5.600709, 45.973811 ], [ 5.602969, 45.971242 ], [ 5.605303, 45.968706 ], [ 5.607709, 45.966203 ], [ 5.610186, 45.963733 ], [ 5.612734, 45.961298 ], [ 5.615351, 45.9589 ], [ 5.618036, 45.956538 ], [ 5.620789, 45.954214 ], [ 5.623608, 45.951928 ], [ 5.626491, 45.949682 ], [ 5.629439, 45.947477 ], [ 5.632449, 45.945313 ], [ 5.635521, 45.943192 ], [ 5.638653, 45.941113 ], [ 5.641844, 45.939079 ], [ 5.645093, 45.937089 ], [ 5.648398, 45.935145 ], [ 5.651758, 45.933247 ], [ 5.655172, 45.931396 ], [ 5.658638, 45.929592 ], [ 5.662155, 45.927838 ], [ 5.662778, 45.928056 ], [ 5.662778, 45.928056 ], [ 5.489444, 45.716667 ], [ 5.498056, 45.685556 ], [ 5.955, 45.635278 ], [ 5.982778, 45.605556 ], [ 5.979167, 45.455556 ], [ 5.908611, 45.449167 ], [ 5.937222, 45.330556 ], [ 5.773611, 45.106667 ], [ 5.521111, 45.0 ], [ 5.328333, 45.0 ], [ 5.023333, 44.666667 ], [ 4.851389, 44.666667 ], [ 4.454722, 44.668611 ], [ 4.171667, 44.904444 ], [ 4.042222, 45.136944 ], [ 4.108889, 45.581667 ], [ 3.915, 45.938611 ], [ 4.310556, 45.884722 ], [ 4.203611, 46.086111 ], [ 4.661389, 46.203611 ], [ 4.670833, 46.218056 ], [ 4.731111, 46.307222 ], [ 4.674722, 46.5 ] ] ] } },
{ "type": "Feature", "properties": { "full_name": "CTA TOULOUSE ESSAIS 4", "class": "D", "type": "CTA", "lower": "FL145", "upper": "FL195" }, "geometry": { "type": "Polygon", "coordinates": [ [ [ 0.75, 43.318889 ], [ 1.65, 43.266667 ], [ 2.029444, 43.183889 ], [ 2.050278, 43.0 ], [ 0.75, 43.0 ], [ 0.75, 43.318889 ] ] ] } },
{ "type": "Feature", "properties": { "full_name": "CTA STRASBOURG 1", "class": "D", "type": "CTA", "lower": "FL115", "upper": "FL195" }, "geometry": { "type": "Polygon", "coordinates": [ [ [ 7.091944, 48.235833 ], [ 7.231111, 48.228333 ], [ 7.372222, 48.220833 ], [ 7.399722, 48.220556 ], [ 7.661844265303156, 48.217338388289079 ], [ 7.666283, 48.221142 ], [ 7.688806, 48.279128 ], [ 7.689406, 48.293547 ], [ 7.693558, 48.301769 ], [ 7.699164, 48.306525 ], [ 7.705931, 48.310231 ], [ 7.733817, 48.318019 ], [ 7.740017, 48.321728 ], [ 7.744436, 48.327325 ], [ 7.745522, 48.333514 ], [ 7.733147, 48.371092 ], [ 7.730997, 48.385633 ], [ 7.733628, 48.398997 ], [ 7.762964, 48.450775 ], [ 7.766375, 48.461733 ], [ 7.76715, 48.4868 ], [ 7.768189, 48.489619 ], [ 7.772875, 48.493078 ], [ 7.794264, 48.501361 ], [ 7.801128, 48.507361 ], [ 7.805392, 48.5141 ], [ 7.806669, 48.523364 ], [ 7.803636, 48.537119 ], [ 7.80565, 48.549242 ], [ 7.805658, 48.558125 ], [ 7.804142, 48.567036 ], [ 7.800508, 48.577522 ], [ 7.8007, 48.585236 ], [ 7.8055, 48.593439 ], [ 7.828933, 48.617917 ], [ 7.833283, 48.625444 ], [ 7.839778, 48.641422 ], [ 7.845389, 48.645922 ], [ 7.862839, 48.651161 ], [ 7.884122, 48.659644 ], [ 7.891472, 48.663583 ], [ 7.962436, 48.720811 ], [ 7.967258, 48.727075 ], [ 7.967375, 48.747586 ], [ 7.96895, 48.753889 ], [ 7.973147, 48.758639 ], [ 7.983239, 48.761125 ], [ 8.002206, 48.758853 ], [ 8.013122, 48.760497 ], [ 8.019211, 48.764125 ], [ 8.022564, 48.767911 ], [ 8.02605, 48.782789 ], [ 8.030439, 48.787389 ], [ 8.036403, 48.789736 ], [ 8.042686, 48.790692 ], [ 8.05845, 48.7889 ], [ 8.063825, 48.789522 ], [ 8.073036, 48.792825 ], [ 8.088447, 48.803214 ], [ 8.102211, 48.817481 ], [ 8.109611, 48.840039 ], [ 8.123578, 48.868989 ], [ 8.134203, 48.886142 ], [ 8.146672, 48.902403 ], [ 8.179667, 48.935094 ], [ 8.192078, 48.951975 ], [ 8.197353, 48.957261 ], [ 8.203267, 48.959828 ], [ 8.232572, 48.966508 ], [ 8.229592, 48.968789 ], [ 8.226761, 48.973928 ], [ 8.223311, 48.975833 ], [ 8.214361, 48.974961 ], [ 8.207789, 48.970125 ], [ 8.203836, 48.969642 ], [ 8.199767, 48.9669 ], [ 8.195536, 48.969228 ], [ 8.197583, 48.972364 ], [ 8.19455, 48.977114 ], [ 8.187633, 48.976592 ], [ 8.184644, 48.978519 ], [ 8.180456, 48.977539 ], [ 8.180319, 48.978283 ], [ 8.171625, 48.979072 ], [ 8.170122, 48.976397 ], [ 8.166981, 48.977692 ], [ 8.162153, 48.97755 ], [ 8.160808, 48.978614 ], [ 8.153831, 48.977183 ], [ 8.148608, 48.977319 ], [ 8.144656, 48.978556 ], [ 8.139586, 48.978481 ], [ 8.136533, 48.979564 ], [ 8.135672, 48.981156 ], [ 8.132886, 48.981175 ], [ 8.131081, 48.983158 ], [ 8.128094, 48.982519 ], [ 8.123503, 48.986422 ], [ 8.11985, 48.984711 ], [ 8.115106, 48.986908 ], [ 8.108728, 48.987022 ], [ 8.106575, 48.989056 ], [ 8.100728, 48.989922 ], [ 8.097642, 48.988847 ], [ 8.096667, 48.989703 ], [ 8.091431, 48.98935 ], [ 8.088025, 48.990483 ], [ 8.087617, 48.991772 ], [ 8.071625, 48.996317 ], [ 8.068992, 48.997611 ], [ 8.069164, 48.999039 ], [ 8.064161, 49.000972 ], [ 8.065231, 49.002936 ], [ 8.064, 49.005481 ], [ 8.058828, 49.006789 ], [ 8.049608, 49.014292 ], [ 8.0449, 49.013664 ], [ 8.031486, 49.018464 ], [ 8.022817, 49.018114 ], [ 8.018528, 49.021381 ], [ 8.016339, 49.020103 ], [ 8.013667, 49.020761 ], [ 8.012614, 49.024042 ], [ 8.010678, 49.025397 ], [ 8.007253, 49.025033 ], [ 8.002275, 49.026342 ], [ 8.000397, 49.028558 ], [ 7.989672, 49.028628 ], [ 7.982386, 49.025844 ], [ 7.978678, 49.027228 ], [ 7.975181, 49.026553 ], [ 7.974683, 49.029878 ], [ 7.972958, 49.030733 ], [ 7.974069, 49.031797 ], [ 7.9722, 49.034136 ], [ 7.972189, 49.035964 ], [ 7.966856, 49.036369 ], [ 7.966761, 49.041589 ], [ 7.965117, 49.042986 ], [ 7.956894, 49.043081 ], [ 7.95745, 49.044964 ], [ 7.949053, 49.047228 ], [ 7.949739, 49.048617 ], [ 7.945661, 49.04975 ], [ 7.946497, 49.051611 ], [ 7.945464, 49.055486 ], [ 7.940947, 49.0544 ], [ 7.940289, 49.056356 ], [ 7.931747, 49.058089 ], [ 7.931194, 49.054267 ], [ 7.926533, 49.049822 ], [ 7.923153, 49.043722 ], [ 7.913525, 49.039997 ], [ 7.91385, 49.041947 ], [ 7.91075, 49.043728 ], [ 7.910667, 49.045156 ], [ 7.9026, 49.044522 ], [ 7.888739, 49.049028 ], [ 7.884367, 49.046486 ], [ 7.881308, 49.046036 ], [ 7.880378, 49.043761 ], [ 7.874469, 49.040547 ], [ 7.8674, 49.033011 ], [ 7.860808, 49.034958 ], [ 7.85465, 49.035531 ], [ 7.852225, 49.037747 ], [ 7.851569, 49.042283 ], [ 7.849836, 49.044047 ], [ 7.845711, 49.042606 ], [ 7.8437, 49.043169 ], [ 7.844067, 49.044739 ], [ 7.836294, 49.047272 ], [ 7.830536, 49.047297 ], [ 7.825931, 49.052189 ], [ 7.815689, 49.054961 ], [ 7.812644, 49.057094 ], [ 7.810456, 49.061286 ], [ 7.794422, 49.065711 ], [ 7.788967, 49.058403 ], [ 7.779889, 49.0583 ], [ 7.776494, 49.056711 ], [ 7.76985, 49.050472 ], [ 7.768778, 49.047697 ], [ 7.761078, 49.045514 ], [ 7.756736, 49.045506 ], [ 7.751578, 49.047897 ], [ 7.747039, 49.046369 ], [ 7.74075, 49.047347 ], [ 7.737417, 49.044803 ], [ 7.732247, 49.043972 ], [ 7.731464, 49.055553 ], [ 7.727083, 49.054942 ], [ 7.722789, 49.051178 ], [ 7.720225, 49.051611 ], [ 7.717575, 49.053928 ], [ 7.708247, 49.052486 ], [ 7.705664, 49.056158 ], [ 7.700811, 49.056975 ], [ 7.698047, 49.055847 ], [ 7.695947, 49.057803 ], [ 7.692478, 49.054144 ], [ 7.697194, 49.051808 ], [ 7.697314, 49.049625 ], [ 7.685653, 49.049197 ], [ 7.683858, 49.048278 ], [ 7.680703, 49.048928 ], [ 7.674697, 49.044992 ], [ 7.631208, 49.054889 ], [ 7.632653, 49.058589 ], [ 7.6326, 49.063819 ], [ 7.630617, 49.065725 ], [ 7.630942, 49.072644 ], [ 7.629392, 49.073583 ], [ 7.620214, 49.074153 ], [ 7.600989, 49.083233 ], [ 7.569336, 49.079769 ], [ 7.563706, 49.080247 ], [ 7.549836, 49.085839 ], [ 7.535633, 49.093683 ], [ 7.537789, 49.096436 ], [ 7.528444, 49.097106 ], [ 7.529558, 49.102058 ], [ 7.528311, 49.103644 ], [ 7.525194, 49.103947 ], [ 7.521839, 49.108047 ], [ 7.519053, 49.116464 ], [ 7.515347, 49.121047 ], [ 7.511775, 49.122419 ], [ 7.505489, 49.1224 ], [ 7.4977, 49.134539 ], [ 7.495489, 49.135828 ], [ 7.489531, 49.136564 ], [ 7.489878, 49.142292 ], [ 7.495381, 49.141408 ], [ 7.496758, 49.142456 ], [ 7.495231, 49.143622 ], [ 7.497728, 49.146314 ], [ 7.505939, 49.150617 ], [ 7.506436, 49.154719 ], [ 7.495953, 49.155178 ], [ 7.492572, 49.164336 ], [ 7.493964, 49.169508 ], [ 7.482219, 49.169633 ], [ 7.467414, 49.167339 ], [ 7.465517, 49.164989 ], [ 7.459758, 49.162803 ], [ 7.457653, 49.163069 ], [ 7.453903, 49.166903 ], [ 7.448739, 49.168497 ], [ 7.446189, 49.168317 ], [ 7.439142, 49.164222 ], [ 7.432572, 49.165653 ], [ 7.433081, 49.168086 ], [ 7.440428, 49.1704 ], [ 7.441792, 49.172186 ], [ 7.439375, 49.175822 ], [ 7.4361, 49.176936 ], [ 7.436, 49.18005 ], [ 7.443664, 49.182206 ], [ 7.445614, 49.184189 ], [ 7.381128, 49.175053 ], [ 7.365189, 49.171861 ], [ 7.364756, 49.166942 ], [ 7.365789, 49.164214 ], [ 7.368956, 49.161656 ], [ 7.366683, 49.160697 ], [ 7.362464, 49.156403 ], [ 7.361308, 49.152917 ], [ 7.362986, 49.145236 ], [ 7.361508, 49.144733 ], [ 7.362722, 49.143194 ], [ 7.345325, 49.143283 ], [ 7.341558, 49.145228 ], [ 7.329889, 49.144792 ], [ 7.32115, 49.141289 ], [ 7.313806, 49.137114 ], [ 7.310172, 49.129467 ], [ 7.305608, 49.127072 ], [ 7.304175, 49.123189 ], [ 7.298408, 49.117275 ], [ 7.293164, 49.114947 ], [ 7.282333, 49.116908 ], [ 7.283831, 49.123439 ], [ 7.281592, 49.124375 ], [ 7.279819, 49.122161 ], [ 7.271669, 49.124272 ], [ 7.265617, 49.122658 ], [ 7.248828, 49.127372 ], [ 7.245047, 49.130086 ], [ 7.235647, 49.128692 ], [ 7.228764, 49.126169 ], [ 7.205461, 49.1236 ], [ 7.203806, 49.122622 ], [ 7.203675, 49.120303 ], [ 7.201303, 49.117303 ], [ 7.198133, 49.115172 ], [ 7.196336, 49.121625 ], [ 7.190525, 49.125836 ], [ 7.191561, 49.126386 ], [ 7.190211, 49.128022 ], [ 7.187175, 49.127806 ], [ 7.185425, 49.131244 ], [ 7.183939, 49.131433 ], [ 7.183567, 49.129961 ], [ 7.17745, 49.130272 ], [ 7.178242, 49.128583 ], [ 7.174492, 49.129222 ], [ 7.167797, 49.127378 ], [ 7.165114, 49.128617 ], [ 7.159547, 49.122186 ], [ 7.159467, 49.120464 ], [ 7.155947, 49.121464 ], [ 7.150292, 49.125183 ], [ 7.143178, 49.125906 ], [ 7.140486, 49.127947 ], [ 7.135883, 49.128486 ], [ 7.134017, 49.130808 ], [ 7.131586, 49.131692 ], [ 7.131531, 49.134683 ], [ 7.126389, 49.142111 ], [ 7.104236, 49.138522 ], [ 7.103053, 49.140583 ], [ 7.104425, 49.146242 ], [ 7.112761, 49.150819 ], [ 7.113406, 49.152425 ], [ 7.107242, 49.152761 ], [ 7.106733, 49.155161 ], [ 7.101317, 49.156092 ], [ 7.09335, 49.152636 ], [ 7.087028, 49.152064 ], [ 7.084736, 49.153453 ], [ 7.082317, 49.152183 ], [ 7.084164, 49.1442 ], [ 7.081775, 49.141992 ], [ 7.090094, 49.132842 ], [ 7.090022, 49.130739 ], [ 7.072014, 49.124408 ], [ 7.068686, 49.120597 ], [ 7.068481, 49.116797 ], [ 7.066639, 49.114308 ], [ 7.056997, 49.111914 ], [ 7.052042, 49.112953 ], [ 7.047486, 49.115622 ], [ 7.044206, 49.120378 ], [ 7.046783, 49.136736 ], [ 7.041436, 49.146706 ], [ 7.032139, 49.156728 ], [ 7.032914, 49.164228 ], [ 7.029275, 49.166842 ], [ 7.027647, 49.170589 ], [ 7.0285, 49.175719 ], [ 7.033833, 49.182614 ], [ 7.033308, 49.187958 ], [ 7.035022, 49.191417 ], [ 7.027922, 49.191267 ], [ 7.023228, 49.189192 ], [ 7.02135, 49.193211 ], [ 7.015622, 49.191225 ], [ 7.01345, 49.188658 ], [ 7.0108, 49.187939 ], [ 7.008903, 49.193981 ], [ 6.999486, 49.194464 ], [ 6.997147, 49.197728 ], [ 6.992569, 49.200775 ], [ 6.975178, 49.209439 ], [ 6.972597, 49.209517 ], [ 6.959636, 49.203097 ], [ 6.951131, 49.207742 ], [ 6.939853, 49.216797 ], [ 6.938192, 49.222453 ], [ 6.928533, 49.222108 ], [ 6.925144, 49.223356 ], [ 6.918733, 49.222692 ], [ 6.918839, 49.219992 ], [ 6.911522, 49.215061 ], [ 6.900586, 49.213689 ], [ 6.8934, 49.209139 ], [ 6.873092, 49.214867 ], [ 6.870497, 49.218803 ], [ 6.862928, 49.222289 ], [ 6.858839, 49.222775 ], [ 6.838092, 49.2135 ], [ 6.836222, 49.211275 ], [ 6.842375, 49.208847 ], [ 6.852167, 49.200092 ], [ 6.850533, 49.193278 ], [ 6.858489, 49.186786 ], [ 6.859519, 49.183525 ], [ 6.861731, 49.181844 ], [ 6.859069, 49.174644 ], [ 6.855614, 49.175033 ], [ 6.844331, 49.173047 ], [ 6.845406, 49.168333 ], [ 6.844553, 49.163986 ], [ 6.847706, 49.157208 ], [ 6.834042, 49.151072 ], [ 6.824417, 49.154033 ], [ 6.816894, 49.157736 ], [ 6.808033, 49.158667 ], [ 6.802953, 49.162011 ], [ 6.794253, 49.1632 ], [ 6.789836, 49.166372 ], [ 6.780664, 49.168186 ], [ 6.773558, 49.167533 ], [ 6.761192, 49.164778 ], [ 6.749853, 49.166733 ], [ 6.738333, 49.163667 ], [ 6.729825, 49.169242 ], [ 6.726811, 49.172567 ], [ 6.720328, 49.175356 ], [ 6.711153, 49.188322 ], [ 6.731461, 49.205936 ], [ 6.7232, 49.218944 ], [ 6.719647, 49.221183 ], [ 6.706361, 49.216417 ], [ 6.701878, 49.216711 ], [ 6.696103, 49.215128 ], [ 6.689681, 49.220433 ], [ 6.688297, 49.224478 ], [ 6.690769, 49.230006 ], [ 6.689356, 49.232761 ], [ 6.689711, 49.235564 ], [ 6.688675, 49.238183 ], [ 6.685692, 49.239606 ], [ 6.684872, 49.241703 ], [ 6.685683, 49.243778 ], [ 6.690653, 49.247764 ], [ 6.689917, 49.249583 ], [ 6.687986, 49.249075 ], [ 6.683842, 49.253431 ], [ 6.677275, 49.255447 ], [ 6.675614, 49.257578 ], [ 6.669936, 49.255078 ], [ 6.66435, 49.254461 ], [ 6.660489, 49.261206 ], [ 6.666519, 49.267936 ], [ 6.667803, 49.270892 ], [ 6.665908, 49.276917 ], [ 6.667878, 49.277478 ], [ 6.670056, 49.280331 ], [ 6.661292, 49.282258 ], [ 6.66015, 49.283642 ], [ 6.653425, 49.281208 ], [ 6.651117, 49.285736 ], [ 6.651931, 49.286903 ], [ 6.650347, 49.288558 ], [ 6.648156, 49.288053 ], [ 6.6442, 49.289844 ], [ 6.638833, 49.295683 ], [ 6.636494, 49.296283 ], [ 6.636122, 49.295047 ], [ 6.631989, 49.295808 ], [ 6.632267, 49.297422 ], [ 6.629028, 49.298278 ], [ 6.62495, 49.302319 ], [ 6.622408, 49.303142 ], [ 6.617372, 49.302661 ], [ 6.615175, 49.301347 ], [ 6.612497, 49.305756 ], [ 6.609458, 49.306589 ], [ 6.604836, 49.312147 ], [ 6.5945, 49.317631 ], [ 6.589075, 49.322178 ], [ 6.595586, 49.330039 ], [ 6.589672, 49.334636 ], [ 6.591617, 49.335753 ], [ 6.591028, 49.3364 ], [ 6.58785, 49.334814 ], [ 6.585906, 49.337047 ], [ 6.581103, 49.334269 ], [ 6.578464, 49.334958 ], [ 6.577194, 49.336336 ], [ 6.578469, 49.338233 ], [ 6.576597, 49.33935 ], [ 6.575753, 49.341692 ], [ 6.570875, 49.343397 ], [ 6.565708, 49.3478 ], [ 6.565428, 49.352239 ], [ 6.563622, 49.355867 ], [ 6.574128, 49.358675 ], [ 6.576967, 49.356964 ], [ 6.581614, 49.356328 ], [ 6.585503, 49.352886 ], [ 6.584828, 49.351275 ], [ 6.588075, 49.349697 ], [ 6.589694, 49.351106 ], [ 6.590078, 49.354864 ], [ 6.592636, 49.355425 ], [ 6.591906, 49.3581 ], [ 6.596525, 49.359269 ], [ 6.595792, 49.360267 ], [ 6.597556, 49.360753 ], [ 6.602261, 49.3671 ], [ 6.599589, 49.366578 ], [ 6.598961, 49.369203 ], [ 6.594533, 49.371503 ], [ 6.583147, 49.368481 ], [ 6.584817, 49.372072 ], [ 6.584367, 49.37645 ], [ 6.586164, 49.379308 ], [ 6.585903, 49.381108 ], [ 6.587672, 49.383078 ], [ 6.585364, 49.385836 ], [ 6.581061, 49.385836 ], [ 6.576839, 49.389756 ], [ 6.563614, 49.388142 ], [ 6.560125, 49.392514 ], [ 6.552394, 49.394206 ], [ 6.551367, 49.396847 ], [ 6.552097, 49.399892 ], [ 6.546872, 49.400258 ], [ 6.544178, 49.40205 ], [ 6.540778, 49.401228 ], [ 6.537422, 49.408358 ], [ 6.538647, 49.412181 ], [ 6.548589, 49.417861 ], [ 6.552633, 49.416889 ], [ 6.557469, 49.419525 ], [ 6.555903, 49.421028 ], [ 6.554278, 49.420058 ], [ 6.552578, 49.421236 ], [ 6.550839, 49.425411 ], [ 6.539361, 49.433767 ], [ 6.538025, 49.432789 ], [ 6.534364, 49.4356 ], [ 6.524842, 49.435533 ], [ 6.514261, 49.440753 ], [ 6.509569, 49.444939 ], [ 6.499328, 49.450403 ], [ 6.486317, 49.451633 ], [ 6.481675169096991, 49.454734227277612 ], [ 6.481667, 49.454722 ], [ 6.250278, 49.451389 ], [ 6.042222, 49.447778 ], [ 5.997778, 49.449167 ], [ 4.8, 48.95 ], [ 5.398611, 48.504167 ], [ 5.398611, 48.370556 ], [ 5.336944, 48.309444 ], [ 5.779444, 48.080833 ], [ 6.321389, 47.974167 ], [ 6.548611, 48.021111 ], [ 6.561944, 48.218889 ], [ 6.816944, 48.250556 ], [ 7.091944, 48.235833 ] ] ] } },
{ "type": "Feature", "properties": { "full_name": "CTA STRASBOURG 3", "class": "D", "type": "CTA", "lower": "FL165", "upper": "FL195" }, "geometry": { "type": "Polygon", "coordinates": [ [ [ 6.481675169096991, 49.454734227277612 ], [ 6.471478, 49.461547 ], [ 6.468714, 49.464453 ], [ 6.465597, 49.464703 ], [ 6.464583, 49.46635 ], [ 6.455736, 49.462689 ], [ 6.450886, 49.465708 ], [ 6.443175, 49.468178 ], [ 6.440594, 49.466708 ], [ 6.433253, 49.471767 ], [ 6.434658, 49.472564 ], [ 6.428047, 49.476883 ], [ 6.426067, 49.475503 ], [ 6.420519, 49.476358 ], [ 6.414678, 49.471078 ], [ 6.408561, 49.467608 ], [ 6.393544, 49.464064 ], [ 6.380092, 49.466219 ], [ 6.379803, 49.464667 ], [ 6.374825, 49.464214 ], [ 6.374033, 49.466175 ], [ 6.371447, 49.466758 ], [ 6.371469, 49.468622 ], [ 6.36722472678623, 49.469457846120093 ], [ 6.36710730584352, 49.469423974438278 ], [ 6.368678, 49.460428 ], [ 6.365308, 49.459586 ], [ 6.353189, 49.467 ], [ 6.347111, 49.466025 ], [ 6.342375, 49.469158 ], [ 6.3336, 49.467372 ], [ 6.331553, 49.469717 ], [ 6.324733, 49.474969 ], [ 6.318494, 49.477964 ], [ 6.314967, 49.477161 ], [ 6.312589, 49.4803 ], [ 6.306031, 49.477422 ], [ 6.295572, 49.480986 ], [ 6.299233, 49.488211 ], [ 6.291858, 49.487106 ], [ 6.290906, 49.484611 ], [ 6.287978, 49.485858 ], [ 6.289203, 49.487067 ], [ 6.285186, 49.489575 ], [ 6.285214, 49.491572 ], [ 6.28835, 49.491556 ], [ 6.289494, 49.493856 ], [ 6.282806, 49.493392 ], [ 6.279464, 49.495722 ], [ 6.280133, 49.500647 ], [ 6.279558, 49.503067 ], [ 6.270958, 49.504697 ], [ 6.262958, 49.504094 ], [ 6.261989, 49.5066 ], [ 6.258361, 49.507175 ], [ 6.255872, 49.510036 ], [ 6.246817, 49.508819 ], [ 6.242761, 49.511714 ], [ 6.240533, 49.513378 ], [ 6.235642, 49.508064 ], [ 6.226261, 49.510014 ], [ 6.219925, 49.508797 ], [ 6.216992, 49.509997 ], [ 6.215814, 49.506742 ], [ 6.204822, 49.506469 ], [ 6.197025, 49.505803 ], [ 6.181928, 49.507597 ], [ 6.1775, 49.506928 ], [ 6.176089, 49.510031 ], [ 6.164444, 49.505078 ], [ 6.156153, 49.504206 ], [ 6.154539, 49.500439 ], [ 6.162322, 49.493444 ], [ 6.157664, 49.491694 ], [ 6.155392, 49.493447 ], [ 6.141092, 49.486428 ], [ 6.141864, 49.4916 ], [ 6.1331, 49.489961 ], [ 6.127839, 49.493661 ], [ 6.126464, 49.490206 ], [ 6.126958, 49.482169 ], [ 6.122331, 49.475758 ], [ 6.123239, 49.473294 ], [ 6.114781, 49.470519 ], [ 6.112892, 49.472583 ], [ 6.108986, 49.472211 ], [ 6.102661, 49.469925 ], [ 6.099511, 49.467408 ], [ 6.098203, 49.462486 ], [ 6.101408, 49.457736 ], [ 6.100822, 49.452875 ], [ 6.094622, 49.452817 ], [ 6.088689, 49.454892 ], [ 6.0808, 49.459022 ], [ 6.079442, 49.463736 ], [ 6.073967, 49.4636 ], [ 6.071767, 49.465403 ], [ 6.064992, 49.464853 ], [ 6.058489, 49.466067 ], [ 6.052739, 49.464189 ], [ 6.042156, 49.447803 ], [ 6.032914, 49.449336 ], [ 6.027103, 49.448706 ], [ 6.027025, 49.452033 ], [ 6.028983, 49.455419 ], [ 6.012122, 49.453072 ], [ 6.008447, 49.452189 ], [ 6.006942265297629, 49.45305297878361 ], [ 6.006944, 49.453056 ], [ 5.997778, 49.449167 ], [ 6.042222, 49.447778 ], [ 6.250278, 49.451389 ], [ 6.481675169096991, 49.454734227277612 ] ] ] } },
{ "type": "Feature", "properties": { "full_name": "CTA STRASBOURG 2", "class": "D", "type": "CTA", "lower": "FL115", "upper": "FL155" }, "geometry": { "type": "Polygon", "coordinates": [ [ [ 7.091944, 48.235833 ], [ 6.850556, 48.034167 ], [ 6.612778, 48.034167 ], [ 6.548611, 48.021111 ], [ 6.561944, 48.218889 ], [ 6.816944, 48.250556 ], [ 7.091944, 48.235833 ] ] ] } },
{ "type": "Feature", "properties": { "full_name": "CTA BALE 3", "class": "D", "type": "CTA", "lower": "FL115", "upper": "FL195" }, "geometry": { "type": "Polygon", "coordinates": [ [ [ 7.516389, 47.689167 ], [ 7.499444, 47.632778 ], [ 7.415556, 47.5775 ], [ 7.384388174000335, 47.432085518294897 ], [ 7.38525, 47.431733 ], [ 7.39255, 47.435092 ], [ 7.402822, 47.435608 ], [ 7.402886, 47.438414 ], [ 7.406942, 47.440728 ], [ 7.415175, 47.4426 ], [ 7.424186, 47.449561 ], [ 7.422517, 47.45065 ], [ 7.428322, 47.453764 ], [ 7.427806, 47.457072 ], [ 7.429872, 47.459572 ], [ 7.445297, 47.461686 ], [ 7.45615, 47.472794 ], [ 7.450261, 47.475575 ], [ 7.448656, 47.474225 ], [ 7.446147, 47.47705 ], [ 7.435733, 47.480628 ], [ 7.431728, 47.480764 ], [ 7.4293, 47.482536 ], [ 7.421008, 47.480242 ], [ 7.422028, 47.483883 ], [ 7.431419, 47.495775 ], [ 7.435042, 47.498483 ], [ 7.446947, 47.493536 ], [ 7.4507, 47.490225 ], [ 7.462578, 47.488847 ], [ 7.471064, 47.480614 ], [ 7.475772, 47.480208 ], [ 7.489442, 47.482722 ], [ 7.493797, 47.4881 ], [ 7.502333, 47.491036 ], [ 7.501089, 47.493761 ], [ 7.511178, 47.496778 ], [ 7.508903, 47.502203 ], [ 7.510989, 47.502542 ], [ 7.508636, 47.510603 ], [ 7.499072, 47.515933 ], [ 7.497947, 47.521086 ], [ 7.499767, 47.5206 ], [ 7.503717, 47.5146 ], [ 7.517633, 47.517153 ], [ 7.518267, 47.515453 ], [ 7.523456, 47.51465 ], [ 7.523728, 47.518472 ], [ 7.530819, 47.526883 ], [ 7.531061, 47.529186 ], [ 7.526767, 47.533058 ], [ 7.524186, 47.531747 ], [ 7.519306, 47.534728 ], [ 7.509642, 47.528492 ], [ 7.502178, 47.528683 ], [ 7.500589, 47.530519 ], [ 7.5014, 47.532372 ], [ 7.498242, 47.536161 ], [ 7.499378, 47.540253 ], [ 7.509, 47.545625 ], [ 7.510911, 47.544581 ], [ 7.518711, 47.546292 ], [ 7.525975, 47.552178 ], [ 7.536514, 47.555589 ], [ 7.547556, 47.5619 ], [ 7.557436, 47.565228 ], [ 7.559197, 47.5693 ], [ 7.556372, 47.5712 ], [ 7.557053, 47.572414 ], [ 7.565314, 47.576219 ], [ 7.566728, 47.577675 ], [ 7.584706, 47.5757 ], [ 7.585111, 47.582842 ], [ 7.589103, 47.589969 ], [ 7.589129325398529, 47.590019600554101 ], [ 7.592878, 47.597225 ], [ 7.592094, 47.603461 ], [ 7.587525, 47.608239 ], [ 7.574144, 47.616389 ], [ 7.569781, 47.627567 ], [ 7.566925, 47.632117 ], [ 7.559164, 47.638208 ], [ 7.537142, 47.649744 ], [ 7.522683, 47.662014 ], [ 7.519247, 47.669344 ], [ 7.519858, 47.680175 ], [ 7.519036, 47.684831 ], [ 7.516377918480249, 47.689160196061707 ], [ 7.516389, 47.689167 ] ] ] } },
{ "type": "Feature", "properties": { "full_name": "CTA BALE 1", "class": "D", "type": "CTA", "lower": "FL115", "upper": "FL195" }, "geometry": { "type": "Polygon", "coordinates": [ [ [ 7.399722, 48.220556 ], [ 7.661684546754373, 48.21720152330748 ], [ 7.6613, 48.216872 ], [ 7.645533, 48.208539 ], [ 7.642728, 48.20555 ], [ 7.629378, 48.183706 ], [ 7.602083, 48.159417 ], [ 7.599811, 48.156222 ], [ 7.598942, 48.152017 ], [ 7.600564, 48.140947 ], [ 7.598856, 48.1357 ], [ 7.593486, 48.130725 ], [ 7.580194, 48.124492 ], [ 7.577147, 48.119967 ], [ 7.579589, 48.105653 ], [ 7.577586, 48.096558 ], [ 7.571944, 48.089097 ], [ 7.569169, 48.080369 ], [ 7.573492, 48.059517 ], [ 7.573903, 48.052608 ], [ 7.572394, 48.045778 ], [ 7.568917, 48.038169 ], [ 7.568931, 48.034681 ], [ 7.572633, 48.029567 ], [ 7.609875, 47.999111 ], [ 7.6185, 47.985861 ], [ 7.621175, 47.978586 ], [ 7.621822, 47.972328 ], [ 7.620067, 47.967481 ], [ 7.609389, 47.954028 ], [ 7.588986, 47.938008 ], [ 7.583478, 47.931578 ], [ 7.580558, 47.922142 ], [ 7.582919, 47.901947 ], [ 7.579072, 47.894144 ], [ 7.572092, 47.889089 ], [ 7.562561, 47.884856 ], [ 7.557078, 47.879 ], [ 7.555561, 47.873847 ], [ 7.555853, 47.867189 ], [ 7.562608, 47.854292 ], [ 7.563578, 47.848758 ], [ 7.563128, 47.843628 ], [ 7.560292, 47.836792 ], [ 7.549786, 47.823272 ], [ 7.54385, 47.808664 ], [ 7.53155, 47.786994 ], [ 7.529769, 47.779389 ], [ 7.530867, 47.771344 ], [ 7.547381, 47.741394 ], [ 7.548653, 47.734992 ], [ 7.545589, 47.72495 ], [ 7.539861, 47.718003 ], [ 7.514442, 47.702786 ], [ 7.512636, 47.700756 ], [ 7.511689, 47.696797 ], [ 7.516377918480249, 47.689160196061707 ], [ 7.516389, 47.689167 ], [ 7.499444, 47.632778 ], [ 7.415556, 47.5775 ], [ 7.384388174000335, 47.432085518294897 ], [ 7.381908, 47.4331 ], [ 7.380742, 47.432064 ], [ 7.368689, 47.434342 ], [ 7.366014, 47.433828 ], [ 7.354347, 47.434386 ], [ 7.345994, 47.436025 ], [ 7.338667, 47.441028 ], [ 7.330036, 47.44185 ], [ 7.323864, 47.438867 ], [ 7.312106, 47.438153 ], [ 7.302969, 47.439175 ], [ 7.299225, 47.436211 ], [ 7.296217, 47.435714 ], [ 7.292339, 47.433533 ], [ 7.286886, 47.435314 ], [ 7.281625, 47.434786 ], [ 7.280228, 47.432886 ], [ 7.277883, 47.432497 ], [ 7.270622, 47.427422 ], [ 7.254939, 47.424583 ], [ 7.244947, 47.420547 ], [ 7.245364, 47.426178 ], [ 7.243661, 47.428281 ], [ 7.238742, 47.42855 ], [ 7.237567, 47.430617 ], [ 7.238669, 47.433597 ], [ 7.234422, 47.438311 ], [ 7.229381, 47.43975 ], [ 7.223322, 47.439703 ], [ 7.207008, 47.435506 ], [ 7.195939, 47.435636 ], [ 7.192661, 47.4391 ], [ 7.174481, 47.442858 ], [ 7.170158, 47.442936 ], [ 7.170111, 47.444222 ], [ 7.172303, 47.446153 ], [ 7.177825, 47.458181 ], [ 7.178858, 47.461169 ], [ 7.177644, 47.468047 ], [ 7.184261, 47.47675 ], [ 7.190892, 47.4887 ], [ 7.202317, 47.4918 ], [ 7.200553, 47.494172 ], [ 7.1689, 47.489514 ], [ 7.159353, 47.490833 ], [ 7.152528, 47.496372 ], [ 7.1394, 47.502006 ], [ 7.127958, 47.504008 ], [ 7.112431, 47.495375 ], [ 7.099922, 47.494558 ], [ 7.094033, 47.4957 ], [ 7.079467, 47.489092 ], [ 7.074578, 47.488258 ], [ 7.071661, 47.489822 ], [ 7.071469, 47.492375 ], [ 7.059864, 47.495531 ], [ 7.051811, 47.495044 ], [ 7.044528, 47.498411 ], [ 7.036703, 47.497603 ], [ 7.036253, 47.499022 ], [ 7.027425, 47.501275 ], [ 7.024414, 47.504358 ], [ 7.016614, 47.503889 ], [ 7.000133, 47.499953 ], [ 7.000458, 47.499153 ], [ 6.985575, 47.4936 ], [ 6.98335, 47.494517 ], [ 6.982789, 47.493536 ], [ 6.985878, 47.492161 ], [ 6.988617, 47.487056 ], [ 6.988692, 47.481217 ], [ 6.986608, 47.47655 ], [ 6.988308, 47.473203 ], [ 6.9931, 47.471314 ], [ 6.990928, 47.467914 ], [ 6.991722, 47.466642 ], [ 7.000589, 47.467378 ], [ 6.999611, 47.465061 ], [ 7.001269, 47.461883 ], [ 6.997639, 47.459964 ], [ 6.997525, 47.456267 ], [ 7.001358, 47.456019 ], [ 7.002089, 47.454161 ], [ 6.995853, 47.449936 ], [ 6.990114, 47.447908 ], [ 6.985036, 47.448033 ], [ 6.980967, 47.449258 ], [ 6.970422, 47.446903 ], [ 6.966153, 47.437614 ], [ 6.963878, 47.435842 ], [ 6.957453, 47.433844 ], [ 6.95475, 47.435264 ], [ 6.940342, 47.433439 ], [ 6.941836, 47.415647 ], [ 6.938492, 47.406161 ], [ 6.920867, 47.405247 ], [ 6.9197, 47.406761 ], [ 6.913453, 47.404708 ], [ 6.917761, 47.403164 ], [ 6.915367, 47.397244 ], [ 6.9098, 47.396247 ], [ 6.911553, 47.390678 ], [ 6.913575, 47.389536 ], [ 6.912097, 47.386364 ], [ 6.903581, 47.382547 ], [ 6.895142, 47.3815 ], [ 6.895717, 47.379803 ], [ 6.883497, 47.373053 ], [ 6.885183, 47.367611 ], [ 6.879217, 47.358417 ], [ 6.879436, 47.352678 ], [ 6.883433, 47.352589 ], [ 6.894261, 47.356267 ], [ 6.895664, 47.358872 ], [ 6.899542, 47.357722 ], [ 6.901944, 47.359586 ], [ 6.91565, 47.357814 ], [ 6.918611, 47.35565 ], [ 6.923428, 47.355519 ], [ 6.932008, 47.358111 ], [ 6.942906, 47.357772 ], [ 6.951739, 47.359922 ], [ 6.952375, 47.358719 ], [ 6.964389, 47.360478 ], [ 6.967472, 47.359358 ], [ 6.970183, 47.361142 ], [ 6.974733, 47.359928 ], [ 6.984047, 47.363797 ], [ 6.994628, 47.363281 ], [ 7.007033, 47.368086 ], [ 7.011958, 47.372961 ], [ 7.013133, 47.371697 ], [ 7.017639, 47.372875 ], [ 7.018889, 47.370658 ], [ 7.028233, 47.369342 ], [ 7.033856, 47.369739 ], [ 7.034525, 47.363453 ], [ 7.042911, 47.364328 ], [ 7.049447, 47.361553 ], [ 7.052639, 47.351994 ], [ 7.049708, 47.347353 ], [ 7.055614, 47.346833 ], [ 7.062083, 47.343678 ], [ 7.059144, 47.339872 ], [ 7.054417, 47.338544 ], [ 7.055228, 47.3379 ], [ 7.052972, 47.336931 ], [ 7.053211, 47.335303 ], [ 7.056561, 47.334683 ], [ 7.044425, 47.326314 ], [ 7.033917, 47.328589 ], [ 7.030686, 47.327086 ], [ 7.009886, 47.324347 ], [ 7.009708, 47.320397 ], [ 7.013622, 47.320367 ], [ 7.016578, 47.3148 ], [ 7.013747, 47.309564 ], [ 7.011522, 47.308486 ], [ 7.008078, 47.301081 ], [ 7.003867, 47.301658 ], [ 6.996275, 47.295808 ], [ 6.989667, 47.296997 ], [ 6.982975, 47.295478 ], [ 6.975867, 47.296378 ], [ 6.976025, 47.293417 ], [ 6.973847, 47.291528 ], [ 6.967833, 47.292961 ], [ 6.961831, 47.291569 ], [ 6.949861, 47.292258 ], [ 6.940578, 47.286678 ], [ 6.940714, 47.284897 ], [ 6.945414, 47.281122 ], [ 6.944917, 47.279339 ], [ 6.952011, 47.269617 ], [ 6.949653, 47.265939 ], [ 6.951478, 47.262753 ], [ 6.9493, 47.256833 ], [ 6.946442, 47.254411 ], [ 6.947242, 47.250583 ], [ 6.955447, 47.243422 ], [ 6.942683, 47.238006 ], [ 6.942108, 47.233247 ], [ 6.939356, 47.230922 ], [ 6.932633, 47.231117 ], [ 6.927403, 47.228422 ], [ 6.925939, 47.224125 ], [ 6.921322, 47.22085 ], [ 6.910022, 47.218 ], [ 6.906908, 47.215125 ], [ 6.880197, 47.200544 ], [ 6.878267, 47.195794 ], [ 6.874747, 47.193078 ], [ 6.873342, 47.1897 ], [ 6.874081, 47.186122 ], [ 6.872878, 47.185172 ], [ 6.868017, 47.185606 ], [ 6.866058, 47.184797 ], [ 6.863786, 47.180286 ], [ 6.840642, 47.171119 ], [ 6.843617, 47.167053 ], [ 6.848508, 47.165944 ], [ 6.853194, 47.166886 ], [ 6.858536, 47.165753 ], [ 6.858289, 47.16415 ], [ 6.84905, 47.156447 ], [ 6.840622, 47.154147 ], [ 6.839592, 47.150742 ], [ 6.830475, 47.1465 ], [ 6.827956, 47.146714 ], [ 6.824947, 47.142414 ], [ 6.819289, 47.140136 ], [ 6.815608, 47.135833 ], [ 6.807914, 47.135486 ], [ 6.806386, 47.131042 ], [ 6.800858, 47.129133 ], [ 6.796825, 47.129344 ], [ 6.793158, 47.127264 ], [ 6.779339, 47.123622 ], [ 6.776058, 47.1214 ], [ 6.765247, 47.120653 ], [ 6.752394, 47.114839 ], [ 6.747942, 47.110664 ], [ 6.745342, 47.109886 ], [ 6.740836, 47.109947 ], [ 6.739931, 47.108647 ], [ 6.741383, 47.104356 ], [ 6.746681, 47.099089 ], [ 6.744561, 47.092897 ], [ 6.736092, 47.089986 ], [ 6.729717, 47.090044 ], [ 6.726144, 47.092244 ], [ 6.7227, 47.089658 ], [ 6.7161, 47.088889 ], [ 6.713722, 47.087425 ], [ 6.713736, 47.086436 ], [ 6.712853, 47.086414 ], [ 6.710339, 47.084508 ], [ 6.708744, 47.084569 ], [ 6.707747, 47.083242 ], [ 6.702417, 47.081975 ], [ 6.703053, 47.080747 ], [ 6.707633, 47.079158 ], [ 6.705269, 47.076703 ], [ 6.706539, 47.074364 ], [ 6.703833, 47.073897 ], [ 6.701014, 47.070111 ], [ 6.700550254024469, 47.07003511429491 ], [ 6.700556, 47.07 ], [ 6.239167, 47.063333 ], [ 5.951111, 46.966667 ], [ 5.894167, 46.925556 ], [ 5.820556, 46.8725 ], [ 5.583333, 46.7 ], [ 5.462222, 46.700278 ], [ 5.419167, 46.700278 ], [ 5.183333, 46.7 ], [ 5.161944, 46.5 ], [ 4.674722, 46.5 ], [ 4.65, 46.583333 ], [ 4.366944, 46.88 ], [ 4.270833, 47.359167 ], [ 4.333333, 47.416667 ], [ 5.166667, 48.166667 ], [ 5.336944, 48.309444 ], [ 5.779444, 48.080833 ], [ 6.321389, 47.974167 ], [ 6.612778, 48.034167 ], [ 6.850556, 48.034167 ], [ 7.091944, 48.235833 ], [ 7.231111, 48.228333 ], [ 7.372222, 48.220833 ], [ 7.399722, 48.220556 ] ] ] } },
{ "type": "Feature", "properties": { "full_name": "CTA BALE 6", "class": "D", "type": "CTA", "lower": "FL115", "upper": "FL195" }, "geometry": { "type": "Polygon", "coordinates": [ [ [ 5.894167, 46.925556 ], [ 5.951111, 46.966667 ], [ 6.239167, 47.063333 ], [ 6.700550254024469, 47.07003511429491 ], [ 6.692764, 47.068761 ], [ 6.691761, 47.066253 ], [ 6.695364, 47.062625 ], [ 6.695681, 47.063644 ], [ 6.698808, 47.062189 ], [ 6.701358, 47.058489 ], [ 6.704286, 47.059128 ], [ 6.708814, 47.058078 ], [ 6.711558, 47.053742 ], [ 6.719858, 47.052275 ], [ 6.711478, 47.048119 ], [ 6.708783, 47.045 ], [ 6.705947, 47.044478 ], [ 6.696522, 47.037192 ], [ 6.686028, 47.037522 ], [ 6.675742, 47.034683 ], [ 6.659728, 47.027386 ], [ 6.654042, 47.022356 ], [ 6.648603, 47.014644 ], [ 6.646181, 47.009528 ], [ 6.640389, 47.002794 ], [ 6.6337, 46.998142 ], [ 6.61815, 46.991789 ], [ 6.610814, 46.990936 ], [ 6.596364, 46.992683 ], [ 6.571911, 46.982119 ], [ 6.537667, 46.973714 ], [ 6.515439, 46.970039 ], [ 6.504881, 46.965822 ], [ 6.496058, 46.97435 ], [ 6.476458, 46.960739 ], [ 6.460403, 46.944058 ], [ 6.444428, 46.933422 ], [ 6.432658, 46.928706 ], [ 6.435886, 46.921761 ], [ 6.440914, 46.918308 ], [ 6.458056, 46.900642 ], [ 6.464647, 46.890425 ], [ 6.459794, 46.851378 ], [ 6.442661, 46.832617 ], [ 6.439583, 46.823989 ], [ 6.440811, 46.815867 ], [ 6.430964, 46.812586 ], [ 6.434967, 46.801675 ], [ 6.458272, 46.788769 ], [ 6.451561, 46.778475 ], [ 6.452306, 46.774217 ], [ 6.448942, 46.773394 ], [ 6.438331, 46.766692 ], [ 6.437833, 46.76315 ], [ 6.439397, 46.762761 ], [ 6.430372, 46.756833 ], [ 6.424486, 46.75445 ], [ 6.403378, 46.750042 ], [ 6.4009, 46.750972 ], [ 6.3998, 46.749711 ], [ 6.394967, 46.748472 ], [ 6.38835, 46.743453 ], [ 6.392061, 46.739097 ], [ 6.389383, 46.734881 ], [ 6.383972, 46.73115 ], [ 6.370089, 46.730589 ], [ 6.367825, 46.729336 ], [ 6.371581, 46.729236 ], [ 6.371731, 46.724317 ], [ 6.364275, 46.72235 ], [ 6.360097, 46.723128 ], [ 6.357406, 46.719811 ], [ 6.353967, 46.7184 ], [ 6.352167, 46.714903 ], [ 6.349464, 46.714606 ], [ 6.341364, 46.710272 ], [ 6.327308, 46.706367 ], [ 6.325, 46.706686 ], [ 6.297508, 46.694431 ], [ 6.292436, 46.693122 ], [ 6.282419, 46.690725 ], [ 6.279336, 46.687572 ], [ 6.269467, 46.682667 ], [ 6.269, 46.680108 ], [ 6.270836, 46.679867 ], [ 6.270822, 46.678661 ], [ 6.268336, 46.678203 ], [ 6.267864, 46.676408 ], [ 6.233114, 46.654525 ], [ 6.227781, 46.648233 ], [ 6.217186, 46.643614 ], [ 6.217264, 46.641967 ], [ 6.212969, 46.641219 ], [ 6.212825, 46.640075 ], [ 6.205597, 46.635147 ], [ 6.204072, 46.636175 ], [ 6.199522, 46.634703 ], [ 6.200719, 46.633728 ], [ 6.196575, 46.628789 ], [ 6.179592, 46.620108 ], [ 6.178817, 46.615772 ], [ 6.165253, 46.61015 ], [ 6.161169, 46.610042 ], [ 6.153711, 46.603697 ], [ 6.148417, 46.602322 ], [ 6.125547, 46.588972 ], [ 6.12205, 46.584072 ], [ 6.110875, 46.576322 ], [ 6.156553, 46.545483 ], [ 6.148469, 46.539436 ], [ 6.153339, 46.536928 ], [ 6.143653, 46.527739 ], [ 6.137953, 46.531156 ], [ 6.11255, 46.509664 ], [ 6.107458336571538, 46.500485192871878 ], [ 6.108333, 46.5 ], [ 5.586111, 46.5 ], [ 5.433333, 46.683333 ], [ 5.419167, 46.700278 ], [ 5.462222, 46.700278 ], [ 5.583333, 46.7 ], [ 5.820556, 46.8725 ], [ 5.894167, 46.925556 ] ] ] } },
{ "type": "Feature", "properties": { "full_name": "CTA BALE 2", "class": "D", "type": "CTA", "lower": "FL155", "upper": "FL195" }, "geometry": { "type": "Polygon", "coordinates": [ [ [ 6.548611, 48.021111 ], [ 6.561944, 48.218889 ], [ 6.816944, 48.250556 ], [ 7.091944, 48.235833 ], [ 6.850556, 48.034167 ], [ 6.612778, 48.034167 ], [ 6.548333, 48.020833 ], [ 6.548611, 48.021111 ] ] ] } },
{ "type": "Feature", "properties": { "full_name": "CTA BALE 5", "class": "D", "type": "CTA", "lower": "FL145", "upper": "FL195" }, "geometry": { "type": "Polygon", "coordinates": [ [ [ 5.586111, 46.5 ], [ 5.161944, 46.5 ], [ 5.183333, 46.7 ], [ 5.419167, 46.700278 ], [ 5.433333, 46.683333 ], [ 5.586111, 46.5 ] ] ] } },
{ "type": "Feature", "properties": { "full_name": "CTA BALE 4", "class": "D", "type": "CTA", "lower": "FL115", "upper": "FL145" }, "geometry": { "type": "Polygon", "coordinates": [ [ [ 5.586111, 46.5 ], [ 5.161944, 46.5 ], [ 5.183333, 46.7 ], [ 5.419167, 46.700278 ], [ 5.433333, 46.683333 ], [ 5.586111, 46.5 ] ] ] } },
{ "type": "Feature", "properties": { "full_name": "CTA AJACCIO", "class": "D", "type": "CTA", "lower": "FL115", "upper": "FL145" }, "geometry": { "type": "Polygon", "coordinates": [ [ [ 8.123611, 42.8175 ], [ 8.499167, 42.416667 ], [ 8.5, 42.358333 ], [ 8.691667, 42.266667 ], [ 8.991667, 42.2325 ], [ 9.2075, 41.999167 ], [ 9.405278, 41.929167 ], [ 9.75, 41.929167 ], [ 9.75, 41.333333 ], [ 8.333333, 41.333333 ], [ 8.0, 41.0 ], [ 7.860556, 42.314722 ], [ 7.699167, 42.643611 ], [ 8.123611, 42.8175 ] ] ] } },
{ "type": "Feature", "properties": { "full_name": "CTA NICE 1 Lower(3300FT AGL-FL115)", "class": "D", "type": "CTA", "lower": "FL115", "upper": "FL175" }, "geometry": { "type": "Polygon", "coordinates": [ [ [ 8.321667, 43.570278 ], [ 8.0375, 43.431111 ], [ 7.278889, 43.252222 ], [ 6.7275, 43.305 ], [ 6.705833, 43.307222 ], [ 6.705833, 43.575833 ], [ 6.631944, 43.655556 ], [ 6.733611, 43.68 ], [ 6.713882874353159, 43.772133430901974 ], [ 6.6475, 44.081111 ], [ 6.696758, 44.112049 ], [ 6.811879, 44.17036 ], [ 6.939249, 44.213324 ], [ 7.025, 44.232222 ], [ 7.285556, 44.142222 ], [ 7.625278, 44.145556 ], [ 7.712596834338332, 44.061131598354628 ], [ 7.708072, 44.057908 ], [ 7.703258, 44.050447 ], [ 7.703575, 44.046853 ], [ 7.700594, 44.040811 ], [ 7.68985, 44.039517 ], [ 7.677689, 44.032964 ], [ 7.675347, 44.029775 ], [ 7.666642, 44.031161 ], [ 7.663183, 44.029111 ], [ 7.661786, 44.023208 ], [ 7.662539, 44.021403 ], [ 7.662261, 44.019028 ], [ 7.66415, 44.012369 ], [ 7.666986, 44.006836 ], [ 7.670136, 43.998528 ], [ 7.663358, 43.99175 ], [ 7.663386, 43.986614 ], [ 7.656564, 43.985531 ], [ 7.655597, 43.977728 ], [ 7.653558, 43.975833 ], [ 7.652911, 43.974244 ], [ 7.644317, 43.973906 ], [ 7.637764, 43.969297 ], [ 7.629083, 43.963236 ], [ 7.619986, 43.960158 ], [ 7.611269, 43.954697 ], [ 7.6016, 43.957658 ], [ 7.597539, 43.956408 ], [ 7.589694, 43.955189 ], [ 7.584947, 43.953078 ], [ 7.581744, 43.948669 ], [ 7.579339, 43.949472 ], [ 7.575061, 43.948192 ], [ 7.575394, 43.946008 ], [ 7.56965, 43.947286 ], [ 7.569753, 43.945353 ], [ 7.566833, 43.943089 ], [ 7.573622, 43.936858 ], [ 7.570483, 43.932467 ], [ 7.571108, 43.928983 ], [ 7.568186, 43.927225 ], [ 7.56825, 43.923325 ], [ 7.558322, 43.917989 ], [ 7.559097, 43.915461 ], [ 7.562061, 43.908692 ], [ 7.562664, 43.903358 ], [ 7.561094, 43.898719 ], [ 7.550758, 43.894294 ], [ 7.539758, 43.893356 ], [ 7.5352, 43.891211 ], [ 7.532214, 43.890517 ], [ 7.527617, 43.886786 ], [ 7.521106, 43.886464 ], [ 7.517322, 43.882425 ], [ 7.512897, 43.885231 ], [ 7.512208, 43.883472 ], [ 7.510383, 43.882147 ], [ 7.510017, 43.880311 ], [ 7.507247, 43.877508 ], [ 7.502539, 43.874917 ], [ 7.497639, 43.871172 ], [ 7.499639, 43.867717 ], [ 7.499167, 43.865036 ], [ 7.496114, 43.864325 ], [ 7.495017, 43.857464 ], [ 7.498628, 43.846103 ], [ 7.507031, 43.841894 ], [ 7.507031, 43.840044 ], [ 7.508814, 43.834942 ], [ 7.510233, 43.828867 ], [ 7.514228, 43.817969 ], [ 7.517775, 43.80585 ], [ 7.520289, 43.801011 ], [ 7.529167, 43.789936 ], [ 7.529809186729929, 43.784176721732194 ], [ 7.529828, 43.784008 ], [ 7.529722, 43.783889 ], [ 7.592222, 43.7675 ], [ 7.8375, 43.701944 ], [ 8.031407686923435, 43.649252714795239 ], [ 8.321667, 43.570278 ] ] ] } },
{ "type": "Feature", "properties": { "full_name": "CTA CLERMONT 1", "class": "D", "type": "CTA", "lower": "FL115", "upper": "FL145" }, "geometry": { "type": "Polygon", "coordinates": [ [ [ 2.5, 46.229444 ], [ 2.588889, 46.259722 ], [ 2.927778, 46.255556 ], [ 2.916667, 46.333333 ], [ 3.266667, 46.5 ], [ 3.616667, 46.5 ], [ 3.633333, 46.308333 ], [ 3.633333, 46.2 ], [ 3.683333, 46.104444 ], [ 3.737778, 46.0 ], [ 3.898056, 45.969444 ], [ 4.108889, 45.581667 ], [ 3.021111, 45.223333 ], [ 2.604722, 45.166667 ], [ 2.5, 45.166667 ], [ 2.5, 45.253611 ], [ 2.5, 45.460833 ], [ 2.5, 46.229444 ] ] ] } },
{ "type": "Feature", "properties": { "full_name": "CTA AQUITAINE 2", "class": "D", "type": "CTA", "lower": "FL115", "upper": "FL145" }, "geometry": { "type": "Polygon", "coordinates": [ [ [ -1.216667, 45.666667 ], [ -0.789167, 45.666667 ], [ -0.483333, 45.666667 ], [ -0.4375, 45.666667 ], [ -0.176389, 45.666667 ], [ -0.150278, 45.666667 ], [ 0.093611, 45.5 ], [ -0.725, 45.5 ], [ -1.166111, 45.5 ], [ -1.183333, 45.561111 ], [ -1.216667, 45.666667 ] ] ] } },
{ "type": "Feature", "properties": { "full_name": "CTA AQUITAINE SE", "class": "D", "type": "CTA", "lower": "FL115", "upper": "FL145" }, "geometry": { "type": "Polygon", "coordinates": [ [ [ -0.431667, 44.3025 ], [ -0.162778, 44.5375 ], [ -0.057778, 44.627222 ], [ 0.022778, 44.706389 ], [ 0.579722, 44.5 ], [ 0.515278, 44.438611 ], [ 0.279722, 44.2125 ], [ 0.133333, 44.116667 ], [ -0.515278, 44.091111 ], [ -0.515335, 44.091295 ], [ -0.51772, 44.091201 ], [ -0.520104, 44.091091 ], [ -0.522487, 44.090964 ], [ -0.524868, 44.09082 ], [ -0.527247, 44.090661 ], [ -0.529624, 44.090485 ], [ -0.531998, 44.090293 ], [ -0.534369, 44.090085 ], [ -0.536738, 44.08986 ], [ -0.539104, 44.089619 ], [ -0.541466, 44.089362 ], [ -0.543824, 44.089089 ], [ -0.546179, 44.0888 ], [ -0.54853, 44.088494 ], [ -0.550877, 44.088173 ], [ -0.55322, 44.087835 ], [ -0.555558, 44.087481 ], [ -0.557891, 44.087112 ], [ -0.560218, 44.086726 ], [ -0.562541, 44.086324 ], [ -0.564858, 44.085907 ], [ -0.56717, 44.085474 ], [ -0.569476, 44.085024 ], [ -0.571775, 44.08456 ], [ -0.574069, 44.084079 ], [ -0.576356, 44.083582 ], [ -0.578636, 44.08307 ], [ -0.580909, 44.082543 ], [ -0.583175, 44.082 ], [ -0.585434, 44.081441 ], [ -0.587685, 44.080867 ], [ -0.589928, 44.080277 ], [ -0.592164, 44.079673 ], [ -0.594391, 44.079052 ], [ -0.59661, 44.078417 ], [ -0.598821, 44.077766 ], [ -0.601022, 44.077101 ], [ -0.603215, 44.07642 ], [ -0.605398, 44.075724 ], [ -0.607573, 44.075014 ], [ -0.609737, 44.074288 ], [ -0.611892, 44.073548 ], [ -0.614037, 44.072793 ], [ -0.616172, 44.072023 ], [ -0.618296, 44.071239 ], [ -0.62041, 44.07044 ], [ -0.622513, 44.069627 ], [ -0.624605, 44.068799 ], [ -0.626686, 44.067957 ], [ -0.628756, 44.067101 ], [ -0.630814, 44.06623 ], [ -0.632861, 44.065346 ], [ -0.634896, 44.064448 ], [ -0.636919, 44.063535 ], [ -0.638929, 44.062609 ], [ -0.640927, 44.061669 ], [ -0.642913, 44.060716 ], [ -0.644885, 44.059749 ], [ -0.646845, 44.058768 ], [ -0.648792, 44.057774 ], [ -0.650725, 44.056767 ], [ -0.652645, 44.055747 ], [ -0.6525, 44.056111 ], [ -0.6525, 44.056111 ], [ -0.686944, 44.076111 ], [ -0.431667, 44.3025 ] ] ] } },
{ "type": "Feature", "properties": { "full_name": "CTA PYRENEES 1", "class": "D", "type": "CTA", "lower": "FL115", "upper": "FL145" }, "geometry": { "type": "Polygon", "coordinates": [ [ [ -0.160278, 43.1625 ], [ -0.716667, 43.288889 ], [ -0.9, 43.302778 ], [ -0.9, 43.471111 ], [ -0.869722, 43.5625 ], [ -0.608333, 43.683333 ], [ 0.375, 43.683333 ], [ 0.38, 43.685 ], [ 0.553611, 44.010833 ], [ 0.872778, 43.766667 ], [ 0.75, 43.673889 ], [ 0.75, 43.251389 ], [ 0.75, 43.0 ], [ 0.140556, 43.051389 ], [ 0.055556, 43.065278 ], [ -0.051944, 43.083333 ], [ -0.160278, 43.1625 ] ] ] } },
{ "type": "Feature", "properties": { "full_name": "CTA BORDEAUX  ESSAIS", "class": "D", "type": "CTA", "lower": "FL115", "upper": "FL195" }, "geometry": { "type": "Polygon", "coordinates": [ [ [ -1.216667, 45.666667 ], [ -0.789167, 45.666667 ], [ -0.725, 45.5 ], [ -0.508333, 45.5 ], [ -0.683889, 45.162778 ], [ -0.903056, 44.961667 ], [ -1.0, 44.9 ], [ -1.216667, 45.666667 ] ] ] } },
{ "type": "Feature", "properties": { "full_name": "CTA BORDEAUX ESSAIS", "class": "D", "type": "CTA", "lower": "5000FT AMSL", "upper": "FL115" }, "geometry": { "type": "Polygon", "coordinates": [ [ [ -1.216667, 45.666667 ], [ -0.789167, 45.666667 ], [ -0.725, 45.5 ], [ -0.508333, 45.5 ], [ -1.041667, 45.058333 ], [ -1.216667, 45.666667 ] ] ] } },
{ "type": "Feature", "properties": { "full_name": "CTA PYRENEES N", "class": "D", "type": "CTA", "lower": "FL115", "upper": "FL145" }, "geometry": { "type": "Polygon", "coordinates": [ [ [ -0.869722, 43.5625 ], [ -0.7525, 43.916111 ], [ -0.752929, 43.916102 ], [ -0.752694, 43.920506 ], [ -0.75231, 43.924906 ], [ -0.751776, 43.929297 ], [ -0.751093, 43.933677 ], [ -0.750262, 43.938045 ], [ -0.749283, 43.942396 ], [ -0.748155, 43.946728 ], [ -0.746881, 43.95104 ], [ -0.745461, 43.955328 ], [ -0.743895, 43.959589 ], [ -0.742185, 43.963822 ], [ -0.740331, 43.968023 ], [ -0.738335, 43.97219 ], [ -0.736198, 43.976321 ], [ -0.73392, 43.980413 ], [ -0.731504, 43.984464 ], [ -0.72895, 43.988471 ], [ -0.726261, 43.992431 ], [ -0.723438, 43.996344 ], [ -0.720482, 44.000205 ], [ -0.717396, 44.004013 ], [ -0.71418, 44.007765 ], [ -0.710838, 44.01146 ], [ -0.70737, 44.015095 ], [ -0.70378, 44.018667 ], [ -0.700068, 44.022176 ], [ -0.696238, 44.025618 ], [ -0.692292, 44.028991 ], [ -0.688232, 44.032294 ], [ -0.68406, 44.035524 ], [ -0.679779, 44.03868 ], [ -0.675392, 44.041759 ], [ -0.6709, 44.044761 ], [ -0.666308, 44.047682 ], [ -0.661617, 44.050522 ], [ -0.65683, 44.053278 ], [ -0.651951, 44.055949 ], [ -0.646982, 44.058533 ], [ -0.641926, 44.061029 ], [ -0.636786, 44.063435 ], [ -0.631566, 44.065749 ], [ -0.626267, 44.067972 ], [ -0.620895, 44.0701 ], [ -0.615451, 44.072133 ], [ -0.609939, 44.074069 ], [ -0.604363, 44.075908 ], [ -0.598725, 44.077648 ], [ -0.59303, 44.079288 ], [ -0.58728, 44.080827 ], [ -0.581479, 44.082265 ], [ -0.575631, 44.083599 ], [ -0.569739, 44.084831 ], [ -0.563806, 44.085958 ], [ -0.557837, 44.086981 ], [ -0.551834, 44.087898 ], [ -0.545802, 44.088709 ], [ -0.539744, 44.089414 ], [ -0.533663, 44.090011 ], [ -0.527564, 44.090502 ], [ -0.52145, 44.090884 ], [ -0.515325, 44.091159 ], [ -0.515278, 44.091111 ], [ -0.515278, 44.091111 ], [ 0.133333, 44.116667 ], [ 0.279722, 44.2125 ], [ 0.553611, 44.010833 ], [ 0.38, 43.685 ], [ 0.375, 43.683333 ], [ -0.608333, 43.683333 ], [ -0.869722, 43.5625 ] ] ] } },
{ "type": "Feature", "properties": { "full_name": "CTA AQUITAINE 4", "class": "D", "type": "CTA", "lower": "FL115", "upper": "FL145" }, "geometry": { "type": "Polygon", "coordinates": [ [ [ -0.833333, 44.433333 ], [ -0.431667, 44.3025 ], [ -0.686944, 44.076111 ], [ -0.9, 44.2 ], [ -0.833333, 44.433333 ] ] ] } },
{ "type": "Feature", "properties": { "full_name": "CTA AQUITAINE W", "class": "D", "type": "CTA", "lower": "FL115", "upper": "FL145" }, "geometry": { "type": "Polygon", "coordinates": [ [ [ -1.061389, 45.123333 ], [ -1.0, 44.9 ], [ -1.0, 44.825278 ], [ -0.833333, 44.666667 ], [ -0.833333, 44.571944 ], [ -0.833333, 44.433333 ], [ -0.9, 44.2 ], [ -1.758056, 44.2 ], [ -1.678056, 45.561111 ], [ -1.183333, 45.561111 ], [ -1.166111, 45.5 ], [ -1.107778, 45.294722 ], [ -1.061389, 45.123333 ] ] ] } },
{ "type": "Feature", "properties": { "full_name": "CTA AQUITAINE N", "class": "D", "type": "CTA", "lower": "FL115", "upper": "FL145" }, "geometry": { "type": "Polygon", "coordinates": [ [ [ -0.483333, 45.666667 ], [ -0.483668, 45.666656 ], [ -0.483097, 45.671015 ], [ -0.482294, 45.675356 ], [ -0.481258, 45.679673 ], [ -0.479993, 45.683959 ], [ -0.478498, 45.68821 ], [ -0.476776, 45.692419 ], [ -0.474831, 45.69658 ], [ -0.472663, 45.700687 ], [ -0.470277, 45.704734 ], [ -0.467675, 45.708716 ], [ -0.464862, 45.712628 ], [ -0.46184, 45.716463 ], [ -0.458615, 45.720216 ], [ -0.455191, 45.723883 ], [ -0.451572, 45.727458 ], [ -0.447764, 45.730935 ], [ -0.443771, 45.73431 ], [ -0.439601, 45.737579 ], [ -0.435257, 45.740737 ], [ -0.430747, 45.743778 ], [ -0.426076, 45.7467 ], [ -0.421252, 45.749497 ], [ -0.416281, 45.752167 ], [ -0.411169, 45.754705 ], [ -0.405925, 45.757107 ], [ -0.400555, 45.75937 ], [ -0.395068, 45.761492 ], [ -0.38947, 45.763469 ], [ -0.383769, 45.765298 ], [ -0.377974, 45.766976 ], [ -0.372093, 45.768502 ], [ -0.366134, 45.769874 ], [ -0.360106, 45.771088 ], [ -0.354016, 45.772144 ], [ -0.347873, 45.773041 ], [ -0.341687, 45.773776 ], [ -0.335465, 45.774349 ], [ -0.329217, 45.774758 ], [ -0.322952, 45.775005 ], [ -0.316677, 45.775087 ], [ -0.310403, 45.775005 ], [ -0.304137, 45.774759 ], [ -0.297889, 45.77435 ], [ -0.291667, 45.773778 ], [ -0.285481, 45.773043 ], [ -0.279338, 45.772148 ], [ -0.273248, 45.771092 ], [ -0.267219, 45.769878 ], [ -0.26126, 45.768507 ], [ -0.255378, 45.766982 ], [ -0.249583, 45.765303 ], [ -0.243882, 45.763475 ], [ -0.238284, 45.761499 ], [ -0.232796, 45.759378 ], [ -0.227426, 45.757114 ], [ -0.222181, 45.754713 ], [ -0.217069, 45.752175 ], [ -0.212098, 45.749506 ], [ -0.207273, 45.746709 ], [ -0.202602, 45.743788 ], [ -0.198091, 45.740747 ], [ -0.193747, 45.73759 ], [ -0.189576, 45.734321 ], [ -0.185583, 45.730946 ], [ -0.181774, 45.727469 ], [ -0.178155, 45.723895 ], [ -0.17473, 45.720228 ], [ -0.171504, 45.716475 ], [ -0.168482, 45.71264 ], [ -0.165668, 45.708729 ], [ -0.163065, 45.704747 ], [ -0.160678, 45.7007 ], [ -0.15851, 45.696593 ], [ -0.156564, 45.692432 ], [ -0.154841, 45.688224 ], [ -0.153346, 45.683973 ], [ -0.152079, 45.679686 ], [ -0.151043, 45.67537 ], [ -0.150239, 45.671029 ], [ -0.149668, 45.66667 ], [ -0.150278, 45.666667 ], [ -0.150278, 45.666667 ], [ -0.483333, 45.666667 ] ] ] } },
{ "type": "Feature", "properties": { "full_name": "CTA AQUITAINE NE", "class": "D", "type": "CTA", "lower": "FL115", "upper": "FL145" }, "geometry": { "type": "Polygon", "coordinates": [ [ [ 0.093611, 45.5 ], [ 1.04, 45.5 ], [ 1.281944, 44.948056 ], [ 1.070556, 44.907222 ], [ 1.078056, 45.0 ], [ 0.958333, 45.0 ], [ 0.646111, 45.0 ], [ 0.166667, 45.45 ], [ 0.093611, 45.5 ] ] ] } },
{ "type": "Feature", "properties": { "full_name": "CTA AQUITAINE 1", "class": "C", "type": "CTA", "lower": "FL115", "upper": "FL145" }, "geometry": { "type": "Polygon", "coordinates": [ [ [ -1.061389, 45.123333 ], [ -1.107778, 45.294722 ], [ -1.166111, 45.5 ], [ -0.725, 45.5 ], [ 0.093611, 45.5 ], [ 0.166667, 45.45 ], [ 0.166667, 45.132778 ], [ 0.284444, 44.973611 ], [ 0.211111, 44.926667 ], [ 0.220278, 44.863333 ], [ 0.219722, 44.816111 ], [ 0.216944, 44.775556 ], [ 0.326944, 44.723889 ], [ 0.022778, 44.706389 ], [ -0.057778, 44.627222 ], [ -0.162778, 44.5375 ], [ -0.431667, 44.3025 ], [ -0.833333, 44.433333 ], [ -0.833333, 44.571944 ], [ -0.833333, 44.666667 ], [ -1.0, 44.825278 ], [ -1.0, 44.9 ], [ -1.061389, 45.123333 ] ] ] } },
{ "type": "Feature", "properties": { "full_name": "CTA AQUITAINE 3", "class": "D", "type": "CTA", "lower": "FL115", "upper": "FL145" }, "geometry": { "type": "Polygon", "coordinates": [ [ [ 0.166667, 45.45 ], [ 0.646111, 45.0 ], [ 0.958333, 45.0 ], [ 1.078056, 45.0 ], [ 1.070556, 44.907222 ], [ 1.057778, 44.747778 ], [ 1.05, 44.655833 ], [ 1.036944, 44.5 ], [ 0.579722, 44.5 ], [ 0.022778, 44.706389 ], [ 0.326944, 44.723889 ], [ 0.216944, 44.775556 ], [ 0.219722, 44.816111 ], [ 0.220278, 44.863333 ], [ 0.211111, 44.926667 ], [ 0.284444, 44.973611 ], [ 0.166667, 45.132778 ], [ 0.166667, 45.45 ] ] ] } },
{ "type": "Feature", "properties": { "full_name": "CTA MARSEILLE 2", "class": "D", "type": "CTA", "lower": "FL115", "upper": "FL145" }, "geometry": { "type": "Polygon", "coordinates": [ [ [ 5.341667, 44.293056 ], [ 5.366667, 44.363889 ], [ 5.3625, 44.521667 ], [ 5.672778, 44.456389 ], [ 6.1375, 44.236944 ], [ 6.651944, 44.064722 ], [ 6.651667, 44.0625 ], [ 6.733611, 43.68 ], [ 6.631944, 43.655556 ], [ 6.505556, 43.625 ], [ 6.320833, 43.625 ], [ 6.222222, 43.675 ], [ 6.222222, 43.475 ], [ 6.341667, 43.476389 ], [ 6.487778, 43.328889 ], [ 6.487778, 43.1375 ], [ 6.55, 43.136667 ], [ 6.666667, 43.066667 ], [ 6.666667, 42.666667 ], [ 5.633333, 42.666667 ], [ 5.633333, 43.166667 ], [ 5.487778, 43.166944 ], [ 5.489444, 43.420278 ], [ 5.558333, 43.413056 ], [ 5.558333, 43.536944 ], [ 5.4575, 43.6425 ], [ 5.442778, 43.680833 ], [ 5.271944, 44.094444 ], [ 5.341667, 44.293056 ] ] ] } },
{ "type": "Feature", "properties": { "full_name": "CTA BIARRITZ 1", "class": "D", "type": "CTA", "lower": "FL115", "upper": "FL145" }, "geometry": { "type": "Polygon", "coordinates": [ [ [ -1.756097915642257, 43.346334805868395 ], [ -1.762778, 43.344722 ], [ -1.764167, 43.344444 ], [ -1.768889, 43.345 ], [ -1.769444, 43.345 ], [ -1.769722, 43.345 ], [ -1.770278, 43.345278 ], [ -1.779722, 43.348889 ], [ -1.783333, 43.35 ], [ -1.783333, 43.35 ], [ -1.783333, 43.476944 ], [ -1.783333, 43.587222 ], [ -1.783333, 43.711111 ], [ -1.472222, 43.775 ], [ -1.375, 43.858333 ], [ -1.283889, 43.943056 ], [ -1.192222, 44.027778 ], [ -0.9225, 43.875278 ], [ -0.933611, 43.865278 ], [ -0.844444, 43.825 ], [ -0.803611, 43.7625 ], [ -0.9, 43.471111 ], [ -0.9, 43.302778 ], [ -1.133333, 43.334444 ], [ -1.385, 43.368056 ], [ -1.339764940251271, 43.061395497685218 ], [ -1.341111, 43.0525 ], [ -1.348333, 43.043889 ], [ -1.351667, 43.039722 ], [ -1.356667, 43.036389 ], [ -1.386111, 43.040278 ], [ -1.394167, 43.041667 ], [ -1.418333, 43.046389 ], [ -1.436389, 43.054722 ], [ -1.459444, 43.068889 ], [ -1.470833, 43.085 ], [ -1.474444, 43.098056 ], [ -1.456111, 43.105278 ], [ -1.434444, 43.118611 ], [ -1.427778, 43.123056 ], [ -1.418333, 43.135 ], [ -1.410556, 43.156111 ], [ -1.411944, 43.166389 ], [ -1.409722, 43.178611 ], [ -1.407778, 43.180833 ], [ -1.391944, 43.196111 ], [ -1.390556, 43.199722 ], [ -1.386944, 43.21 ], [ -1.388889, 43.23 ], [ -1.386389, 43.2375 ], [ -1.386389, 43.2375 ], [ -1.387778, 43.248056 ], [ -1.3925, 43.258056 ], [ -1.393333, 43.258889 ], [ -1.398611, 43.263611 ], [ -1.409444, 43.270556 ], [ -1.417778, 43.271667 ], [ -1.440556, 43.270556 ], [ -1.4575, 43.266944 ], [ -1.466111, 43.268056 ], [ -1.473333, 43.271111 ], [ -1.500833, 43.290278 ], [ -1.501389, 43.290556 ], [ -1.510278, 43.291389 ], [ -1.511389, 43.291667 ], [ -1.546389, 43.289722 ], [ -1.5525, 43.2875 ], [ -1.558889, 43.273056 ], [ -1.566944, 43.262778 ], [ -1.583333, 43.255833 ], [ -1.603056, 43.255278 ], [ -1.608889, 43.256667 ], [ -1.611367200623354, 43.257306479942528 ], [ -1.611367200623354, 43.257306479942528 ], [ -1.6175, 43.258889 ], [ -1.624444, 43.262222 ], [ -1.628889, 43.277222 ], [ -1.629444, 43.295 ], [ -1.627778, 43.3 ], [ -1.629444, 43.306111 ], [ -1.630833, 43.31 ], [ -1.637778, 43.313056 ], [ -1.671667, 43.313333 ], [ -1.692778, 43.311667 ], [ -1.700556, 43.310833 ], [ -1.716111, 43.305 ], [ -1.726389, 43.301389 ], [ -1.726944, 43.301111 ], [ -1.73, 43.304167 ], [ -1.7325, 43.306667 ], [ -1.733056, 43.3075 ], [ -1.734722, 43.312222 ], [ -1.735278, 43.313333 ], [ -1.736389, 43.319167 ], [ -1.736667, 43.320556 ], [ -1.735, 43.331389 ], [ -1.735, 43.331667 ], [ -1.7375, 43.335556 ], [ -1.738889, 43.3375 ], [ -1.738889, 43.337778 ], [ -1.748611, 43.338611 ], [ -1.749167, 43.338889 ], [ -1.750278, 43.3425 ], [ -1.750278, 43.343056 ], [ -1.750556, 43.343056 ], [ -1.750556, 43.343333 ], [ -1.754722, 43.346667 ], [ -1.756097915642257, 43.346334805868395 ] ] ] } },
{ "type": "Feature", "properties": { "full_name": "CTA BIARRITZ N", "class": "D", "type": "CTA", "lower": "FL115", "upper": "FL145" }, "geometry": { "type": "Polygon", "coordinates": [ [ [ -0.803611, 43.7625 ], [ -0.844444, 43.825 ], [ -0.933611, 43.865278 ], [ -0.9225, 43.875278 ], [ -1.192222, 44.027778 ], [ -1.283889, 43.943056 ], [ -1.375, 43.858333 ], [ -1.472222, 43.775 ], [ -1.783333, 43.711111 ], [ -1.758056, 44.2 ], [ -0.9, 44.2 ], [ -0.686944, 44.076111 ], [ -0.6525, 44.056111 ], [ -0.652797, 44.055893 ], [ -0.655709, 44.054306 ], [ -0.658589, 44.052688 ], [ -0.661436, 44.051041 ], [ -0.664249, 44.049363 ], [ -0.667027, 44.047657 ], [ -0.66977, 44.045921 ], [ -0.672478, 44.044157 ], [ -0.67515, 44.042364 ], [ -0.677785, 44.040544 ], [ -0.680382, 44.038697 ], [ -0.682942, 44.036822 ], [ -0.685464, 44.034921 ], [ -0.687946, 44.032994 ], [ -0.690389, 44.03104 ], [ -0.692792, 44.029062 ], [ -0.695155, 44.027058 ], [ -0.697477, 44.02503 ], [ -0.699757, 44.022978 ], [ -0.701996, 44.020902 ], [ -0.704192, 44.018803 ], [ -0.706345, 44.016681 ], [ -0.708455, 44.014536 ], [ -0.710521, 44.01237 ], [ -0.712544, 44.010183 ], [ -0.714521, 44.007974 ], [ -0.716453, 44.005745 ], [ -0.71834, 44.003496 ], [ -0.720182, 44.001227 ], [ -0.721976, 43.99894 ], [ -0.723725, 43.996634 ], [ -0.725426, 43.994309 ], [ -0.72708, 43.991967 ], [ -0.728687, 43.989608 ], [ -0.730245, 43.987233 ], [ -0.731756, 43.984841 ], [ -0.733217, 43.982434 ], [ -0.73463, 43.980012 ], [ -0.735993, 43.977575 ], [ -0.737307, 43.975124 ], [ -0.738571, 43.97266 ], [ -0.739785, 43.970183 ], [ -0.740949, 43.967693 ], [ -0.742062, 43.965191 ], [ -0.743124, 43.962678 ], [ -0.744136, 43.960154 ], [ -0.745096, 43.95762 ], [ -0.746005, 43.955076 ], [ -0.746862, 43.952522 ], [ -0.747668, 43.94996 ], [ -0.748422, 43.94739 ], [ -0.749123, 43.944812 ], [ -0.749773, 43.942227 ], [ -0.75037, 43.939636 ], [ -0.750914, 43.937039 ], [ -0.751406, 43.934436 ], [ -0.751846, 43.931828 ], [ -0.752232, 43.929216 ], [ -0.752566, 43.9266 ], [ -0.752847, 43.923981 ], [ -0.753075, 43.921359 ], [ -0.75325, 43.918735 ], [ -0.753372, 43.91611 ], [ -0.7525, 43.916111 ], [ -0.7525, 43.916111 ], [ -0.803611, 43.7625 ] ] ] } },
{ "type": "Feature", "properties": { "full_name": "CTA BASTIA", "class": "D", "type": "CTA", "lower": "FL115", "upper": "FL145" }, "geometry": { "type": "Polygon", "coordinates": [ [ [ 8.548611, 43.508056 ], [ 8.123611, 42.8175 ], [ 8.499167, 42.416667 ], [ 8.5, 42.358333 ], [ 8.691667, 42.266667 ], [ 8.991667, 42.2325 ], [ 9.2075, 41.999167 ], [ 9.405278, 41.929167 ], [ 9.75, 41.929167 ], [ 9.75, 43.166667 ], [ 8.548611, 43.508056 ] ] ] } },
{ "type": "Feature", "properties": { "full_name": "CTA MARSEILLE 3", "class": "D", "type": "CTA", "lower": "FL115", "upper": "FL145" }, "geometry": { "type": "Polygon", "coordinates": [ [ [ 6.666667, 42.666667 ], [ 6.666667, 42.833333 ], [ 7.253333, 42.867778 ], [ 7.699167, 42.643611 ], [ 7.860556, 42.314722 ], [ 8.0, 41.0 ], [ 6.666667, 42.439444 ], [ 6.666667, 42.666667 ] ] ] } },
{ "type": "Feature", "properties": { "full_name": "CTA MARSEILLE 5", "class": "D", "type": "CTA", "lower": "FL115", "upper": "FL145" }, "geometry": { "type": "Polygon", "coordinates": [ [ [ 3.701667, 44.666667 ], [ 4.221944, 44.668611 ], [ 4.336389, 44.033333 ], [ 4.246389, 44.033333 ], [ 3.883056, 43.864167 ], [ 3.577778, 44.25 ], [ 3.701667, 44.666667 ] ] ] } },
{ "type": "Feature", "properties": { "full_name": "CTA LA ROCHELLE", "class": "D", "type": "CTA", "lower": "FL115", "upper": "FL145" }, "geometry": { "type": "Polygon", "coordinates": [ [ [ -1.678056, 45.561111 ], [ -1.66, 45.981389 ], [ -0.941944, 46.213333 ], [ -0.722222, 46.305 ], [ -0.325556, 45.839722 ], [ -0.378611, 45.766389 ], [ -0.378915, 45.766563 ], [ -0.381077, 45.765946 ], [ -0.383227, 45.765307 ], [ -0.385364, 45.764648 ], [ -0.387488, 45.763968 ], [ -0.389597, 45.763268 ], [ -0.391693, 45.762547 ], [ -0.393774, 45.761805 ], [ -0.395839, 45.761044 ], [ -0.397889, 45.760262 ], [ -0.399924, 45.75946 ], [ -0.401942, 45.758639 ], [ -0.403943, 45.757798 ], [ -0.405927, 45.756938 ], [ -0.407894, 45.756058 ], [ -0.409843, 45.75516 ], [ -0.411774, 45.754242 ], [ -0.413686, 45.753306 ], [ -0.41558, 45.752351 ], [ -0.417454, 45.751378 ], [ -0.419308, 45.750386 ], [ -0.421142, 45.749377 ], [ -0.422956, 45.74835 ], [ -0.424749, 45.747305 ], [ -0.42652, 45.746243 ], [ -0.428271, 45.745164 ], [ -0.429999, 45.744067 ], [ -0.431706, 45.742955 ], [ -0.43339, 45.741825 ], [ -0.435051, 45.740679 ], [ -0.436689, 45.739517 ], [ -0.438304, 45.73834 ], [ -0.439895, 45.737146 ], [ -0.441461, 45.735938 ], [ -0.443004, 45.734714 ], [ -0.444522, 45.733475 ], [ -0.446014, 45.732222 ], [ -0.447482, 45.730954 ], [ -0.448924, 45.729672 ], [ -0.45034, 45.728376 ], [ -0.45173, 45.727066 ], [ -0.453094, 45.725743 ], [ -0.454431, 45.724407 ], [ -0.455741, 45.723058 ], [ -0.457024, 45.721696 ], [ -0.45828, 45.720322 ], [ -0.459508, 45.718935 ], [ -0.460708, 45.717537 ], [ -0.461881, 45.716128 ], [ -0.463024, 45.714707 ], [ -0.46414, 45.713275 ], [ -0.465226, 45.711832 ], [ -0.466284, 45.710379 ], [ -0.467312, 45.708916 ], [ -0.468311, 45.707443 ], [ -0.46928, 45.70596 ], [ -0.47022, 45.704468 ], [ -0.47113, 45.702967 ], [ -0.472009, 45.701457 ], [ -0.472858, 45.699939 ], [ -0.473677, 45.698412 ], [ -0.474466, 45.696878 ], [ -0.475223, 45.695336 ], [ -0.47595, 45.693787 ], [ -0.476645, 45.692231 ], [ -0.47731, 45.690669 ], [ -0.477943, 45.6891 ], [ -0.478545, 45.687525 ], [ -0.479115, 45.685945 ], [ -0.479653, 45.684359 ], [ -0.48016, 45.682768 ], [ -0.480635, 45.681172 ], [ -0.481078, 45.679572 ], [ -0.481489, 45.677967 ], [ -0.481868, 45.676359 ], [ -0.482215, 45.674747 ], [ -0.48253, 45.673132 ], [ -0.482812, 45.671514 ], [ -0.483062, 45.669893 ], [ -0.48328, 45.66827 ], [ -0.483465, 45.666645 ], [ -0.483333, 45.666667 ], [ -0.483333, 45.666667 ], [ -0.789167, 45.666667 ], [ -1.216667, 45.666667 ], [ -1.183333, 45.561111 ], [ -1.678056, 45.561111 ] ] ] } },
{ "type": "Feature", "properties": { "full_name": "CTA RHONE 1", "class": "D", "type": "CTA", "lower": "3500FT AMSL", "upper": "FL195" }, "geometry": { "type": "Polygon", "coordinates": [ [ [ 4.643889, 43.8 ], [ 4.787778, 43.710278 ], [ 4.930833, 43.618056 ], [ 5.003333, 43.571389 ], [ 5.003652, 43.571396 ], [ 5.004888, 43.570346 ], [ 5.0061, 43.569281 ], [ 5.007288, 43.568201 ], [ 5.008451, 43.567108 ], [ 5.009588, 43.566 ], [ 5.010701, 43.564879 ], [ 5.011787, 43.563745 ], [ 5.012847, 43.562598 ], [ 5.013881, 43.561439 ], [ 5.014889, 43.560267 ], [ 5.015869, 43.559083 ], [ 5.016822, 43.557888 ], [ 5.017748, 43.556681 ], [ 5.018646, 43.555464 ], [ 5.019516, 43.554236 ], [ 5.020358, 43.552997 ], [ 5.021172, 43.551749 ], [ 5.021957, 43.550491 ], [ 5.022713, 43.549224 ], [ 5.02344, 43.547948 ], [ 5.024138, 43.546664 ], [ 5.024806, 43.545371 ], [ 5.025445, 43.54407 ], [ 5.026054, 43.542762 ], [ 5.026633, 43.541447 ], [ 5.027182, 43.540125 ], [ 5.027701, 43.538797 ], [ 5.028189, 43.537463 ], [ 5.028647, 43.536123 ], [ 5.029074, 43.534777 ], [ 5.029471, 43.533427 ], [ 5.029836, 43.532072 ], [ 5.030171, 43.530713 ], [ 5.030475, 43.52935 ], [ 5.030747, 43.527984 ], [ 5.030988, 43.526614 ], [ 5.031198, 43.525242 ], [ 5.031377, 43.523868 ], [ 5.031524, 43.522491 ], [ 5.03164, 43.521113 ], [ 5.031724, 43.519734 ], [ 5.031777, 43.518354 ], [ 5.031798, 43.516974 ], [ 5.031788, 43.515593 ], [ 5.031747, 43.514213 ], [ 5.031674, 43.512834 ], [ 5.031569, 43.511455 ], [ 5.031433, 43.510078 ], [ 5.031266, 43.508703 ], [ 5.031068, 43.50733 ], [ 5.030838, 43.505959 ], [ 5.030577, 43.504592 ], [ 5.030285, 43.503228 ], [ 5.029962, 43.501867 ], [ 5.029608, 43.500511 ], [ 5.029223, 43.499159 ], [ 5.028807, 43.497812 ], [ 5.028611, 43.497778 ], [ 5.028611, 43.497778 ], [ 5.025278, 43.484167 ], [ 5.025788, 43.484236 ], [ 5.025042, 43.48286 ], [ 5.024279, 43.481488 ], [ 5.023499, 43.480121 ], [ 5.022703, 43.478759 ], [ 5.02189, 43.477402 ], [ 5.02106, 43.476051 ], [ 5.020214, 43.474705 ], [ 5.019352, 43.473364 ], [ 5.018474, 43.472029 ], [ 5.017579, 43.4707 ], [ 5.016668, 43.469376 ], [ 5.015741, 43.468059 ], [ 5.014798, 43.466747 ], [ 5.013839, 43.465442 ], [ 5.012864, 43.464143 ], [ 5.011874, 43.46285 ], [ 5.010867, 43.461563 ], [ 5.009845, 43.460283 ], [ 5.008808, 43.45901 ], [ 5.007755, 43.457743 ], [ 5.006686, 43.456483 ], [ 5.005603, 43.45523 ], [ 5.004504, 43.453984 ], [ 5.00339, 43.452746 ], [ 5.002261, 43.451514 ], [ 5.001117, 43.45029 ], [ 4.999958, 43.449073 ], [ 4.998785, 43.447863 ], [ 4.997597, 43.446662 ], [ 4.996394, 43.445467 ], [ 4.995176, 43.444281 ], [ 4.993945, 43.443102 ], [ 4.992699, 43.441932 ], [ 4.991439, 43.440769 ], [ 4.990164, 43.439615 ], [ 4.988876, 43.438469 ], [ 4.987574, 43.437331 ], [ 4.986258, 43.436202 ], [ 4.984928, 43.435081 ], [ 4.983585, 43.433968 ], [ 4.982229, 43.432865 ], [ 4.980859, 43.43177 ], [ 4.979475, 43.430684 ], [ 4.978079, 43.429607 ], [ 4.976669, 43.428539 ], [ 4.975247, 43.42748 ], [ 4.973812, 43.42643 ], [ 4.972364, 43.425389 ], [ 4.970903, 43.424358 ], [ 4.96943, 43.423336 ], [ 4.967945, 43.422324 ], [ 4.966447, 43.421321 ], [ 4.964938, 43.420328 ], [ 4.963416, 43.419345 ], [ 4.961882, 43.418371 ], [ 4.960337, 43.417408 ], [ 4.95878, 43.416454 ], [ 4.958333, 43.416389 ], [ 4.958333, 43.416389 ], [ 4.95, 43.411944 ], [ 4.861111, 43.359444 ], [ 4.827222, 43.338889 ], [ 4.688056, 43.252778 ], [ 4.549722, 43.166667 ], [ 4.482222, 43.166667 ], [ 4.486111, 43.252778 ], [ 4.494444, 43.433889 ], [ 4.496111, 43.47 ], [ 4.500278, 43.561389 ], [ 4.643889, 43.8 ] ] ] } },
{ "type": "Feature", "properties": { "full_name": "CTA NICE 2", "class": "D", "type": "CTA", "lower": "FL115", "upper": "FL145" }, "geometry": { "type": "Polygon", "coordinates": [ [ [ 8.321667, 43.570278 ], [ 8.410754698017262, 43.546327660464904 ], [ 8.5475, 43.506389 ], [ 8.123611, 42.8175 ], [ 7.699167, 42.643611 ], [ 7.253333, 42.867778 ], [ 6.666667, 42.833333 ], [ 6.666667, 43.066667 ], [ 6.55, 43.136667 ], [ 6.487778, 43.1375 ], [ 6.487778, 43.328889 ], [ 6.341667, 43.476389 ], [ 6.222222, 43.475 ], [ 6.222222, 43.675 ], [ 6.320833, 43.625 ], [ 6.341667, 43.625 ], [ 6.505556, 43.625 ], [ 6.631944, 43.655556 ], [ 6.705833, 43.575833 ], [ 6.705833, 43.307222 ], [ 6.7275, 43.305 ], [ 7.278889, 43.252222 ], [ 8.0375, 43.431111 ], [ 8.321667, 43.570278 ] ] ] } },
{ "type": "Feature", "properties": { "full_name": "CTA MARSEILLE 4", "class": "D", "type": "CTA", "lower": "FL115", "upper": "FL145" }, "geometry": { "type": "Polygon", "coordinates": [ [ [ 2.6, 42.712222 ], [ 2.680556, 42.845 ], [ 2.929167, 42.875833 ], [ 3.489167, 42.603056 ], [ 3.564722, 42.409167 ], [ 3.491389, 42.341944 ], [ 3.174706962121541, 42.43132867835768 ], [ 3.166667, 42.433333 ], [ 3.158889, 42.442222 ], [ 3.155, 42.443333 ], [ 3.154722, 42.443333 ], [ 3.144722, 42.443611 ], [ 3.143611, 42.443611 ], [ 3.129722, 42.443889 ], [ 3.119167, 42.445 ], [ 3.114167, 42.444722 ], [ 3.108333, 42.444722 ], [ 3.103056, 42.441944 ], [ 3.098333, 42.438611 ], [ 3.097222, 42.436944 ], [ 3.092778, 42.435278 ], [ 3.088333, 42.436111 ], [ 3.083333, 42.436667 ], [ 3.077778, 42.438056 ], [ 3.068056, 42.443889 ], [ 3.065, 42.445 ], [ 3.058056, 42.454167 ], [ 3.054444, 42.455833 ], [ 3.0475, 42.46 ], [ 3.045, 42.461667 ], [ 3.040278, 42.470278 ], [ 3.037222, 42.476667 ], [ 3.034167, 42.483333 ], [ 3.031944, 42.484167 ], [ 3.0275, 42.484167 ], [ 3.020833, 42.481111 ], [ 3.010833, 42.476667 ], [ 3.006667, 42.476944 ], [ 3.003611, 42.477222 ], [ 3.0, 42.479444 ], [ 2.965, 42.471667 ], [ 2.956389, 42.474444 ], [ 2.942778, 42.475 ], [ 2.919444, 42.464444 ], [ 2.9125, 42.463056 ], [ 2.901944, 42.461944 ], [ 2.875833, 42.465 ], [ 2.866389, 42.466111 ], [ 2.858611, 42.465278 ], [ 2.854722, 42.463611 ], [ 2.849722, 42.460833 ], [ 2.813333, 42.435 ], [ 2.804167, 42.420556 ], [ 2.797222, 42.417222 ], [ 2.776667, 42.416944 ], [ 2.744167, 42.423056 ], [ 2.734722, 42.422778 ], [ 2.715278, 42.416667 ], [ 2.715278, 42.416667 ], [ 2.735556, 42.591111 ], [ 2.6, 42.712222 ] ] ] } },
{ "type": "Feature", "properties": { "full_name": "CTA MARSEILLE 7", "class": "D", "type": "CTA", "lower": "FL145", "upper": "FL195" }, "geometry": { "type": "Polygon", "coordinates": [ [ [ 2.916667, 46.333333 ], [ 3.266667, 46.5 ], [ 4.833333, 46.5 ], [ 5.586111, 46.5 ], [ 5.606111, 46.477222 ], [ 5.743333, 46.312222 ], [ 5.801111, 46.242222 ], [ 5.661667, 46.173333 ], [ 5.661355, 46.173242 ], [ 5.654824, 46.169897 ], [ 5.648479, 46.166384 ], [ 5.64233, 46.16271 ], [ 5.636384, 46.158877 ], [ 5.630651, 46.154893 ], [ 5.625138, 46.150763 ], [ 5.619853, 46.146492 ], [ 5.614804, 46.142087 ], [ 5.609997, 46.137554 ], [ 5.60544, 46.132899 ], [ 5.601138, 46.128128 ], [ 5.597098, 46.123249 ], [ 5.593325, 46.118269 ], [ 5.589825, 46.113194 ], [ 5.586602, 46.108031 ], [ 5.583661, 46.102788 ], [ 5.581006, 46.097473 ], [ 5.578641, 46.092092 ], [ 5.576568, 46.086653 ], [ 5.574791, 46.081165 ], [ 5.573312, 46.075634 ], [ 5.572133, 46.070068 ], [ 5.571256, 46.064476 ], [ 5.570682, 46.058865 ], [ 5.570411, 46.053243 ], [ 5.570444, 46.047617 ], [ 5.57078, 46.041997 ], [ 5.571419, 46.036389 ], [ 5.572361, 46.030802 ], [ 5.573603, 46.025243 ], [ 5.575144, 46.01972 ], [ 5.576982, 46.014242 ], [ 5.579113, 46.008815 ], [ 5.581536, 46.003447 ], [ 5.584246, 45.998146 ], [ 5.587239, 45.992919 ], [ 5.590511, 45.987774 ], [ 5.594058, 45.982717 ], [ 5.597875, 45.977756 ], [ 5.601955, 45.972898 ], [ 5.606294, 45.968149 ], [ 5.610885, 45.963517 ], [ 5.615722, 45.959007 ], [ 5.620798, 45.954626 ], [ 5.626106, 45.95038 ], [ 5.631637, 45.946275 ], [ 5.637386, 45.942317 ], [ 5.643342, 45.938511 ], [ 5.649499, 45.934863 ], [ 5.655847, 45.931377 ], [ 5.662378, 45.928059 ], [ 5.662778, 45.928056 ], [ 5.662778, 45.928056 ], [ 5.554722, 45.796667 ], [ 5.701111, 45.744722 ], [ 5.976944, 45.775278 ], [ 6.096667, 45.806389 ], [ 6.087778, 45.620556 ], [ 5.955, 45.635278 ], [ 5.982778, 45.605556 ], [ 5.979167, 45.455556 ], [ 5.908611, 45.449167 ], [ 5.937222, 45.330556 ], [ 5.773611, 45.106667 ], [ 5.521111, 45.0 ], [ 5.328333, 45.0 ], [ 5.023333, 44.666667 ], [ 5.023333, 44.591944 ], [ 5.672778, 44.456389 ], [ 6.1375, 44.236944 ], [ 6.651944, 44.064722 ], [ 6.651667, 44.0625 ], [ 6.733611, 43.68 ], [ 6.631944, 43.655556 ], [ 6.705833, 43.575833 ], [ 6.705833, 43.307222 ], [ 6.7275, 43.305 ], [ 7.278889, 43.252222 ], [ 8.0375, 43.431111 ], [ 8.321667, 43.570278 ], [ 9.75, 43.166667 ], [ 9.75, 41.333333 ], [ 8.333333, 41.333333 ], [ 8.0, 41.0 ], [ 8.0, 40.745 ], [ 6.183333, 41.991667 ], [ 5.193056, 41.619722 ], [ 4.666667, 41.141667 ], [ 4.666667, 42.0 ], [ 3.166667, 42.433333 ], [ 3.158889, 42.442222 ], [ 3.155, 42.443333 ], [ 3.154722, 42.443333 ], [ 3.144722, 42.443611 ], [ 3.143611, 42.443611 ], [ 3.129722, 42.443889 ], [ 3.119167, 42.445 ], [ 3.114167, 42.444722 ], [ 3.108333, 42.444722 ], [ 3.103056, 42.441944 ], [ 3.098333, 42.438611 ], [ 3.097222, 42.436944 ], [ 3.092778, 42.435278 ], [ 3.088333, 42.436111 ], [ 3.083333, 42.436667 ], [ 3.077778, 42.438056 ], [ 3.068056, 42.443889 ], [ 3.065, 42.445 ], [ 3.058056, 42.454167 ], [ 3.054444, 42.455833 ], [ 3.0475, 42.46 ], [ 3.045, 42.461667 ], [ 3.040278, 42.470278 ], [ 3.037222, 42.476667 ], [ 3.034167, 42.483333 ], [ 3.031944, 42.484167 ], [ 3.0275, 42.484167 ], [ 3.020833, 42.481111 ], [ 3.010833, 42.476667 ], [ 3.006667, 42.476944 ], [ 3.003611, 42.477222 ], [ 3.0, 42.479444 ], [ 2.965, 42.471667 ], [ 2.956389, 42.474444 ], [ 2.942778, 42.475 ], [ 2.919444, 42.464444 ], [ 2.9125, 42.463056 ], [ 2.901944, 42.461944 ], [ 2.875833, 42.465 ], [ 2.866389, 42.466111 ], [ 2.858611, 42.465278 ], [ 2.854722, 42.463611 ], [ 2.849722, 42.460833 ], [ 2.813333, 42.435 ], [ 2.804167, 42.420556 ], [ 2.797222, 42.417222 ], [ 2.776667, 42.416944 ], [ 2.744167, 42.423056 ], [ 2.734722, 42.422778 ], [ 2.715278, 42.416667 ], [ 2.715278, 42.416667 ], [ 2.735556, 42.591111 ], [ 2.275, 43.0 ], [ 2.572222, 43.258333 ], [ 2.706944, 43.2125 ], [ 2.709444, 43.714722 ], [ 3.041111, 44.624722 ], [ 3.004444, 45.7125 ], [ 2.916667, 46.333333 ] ] ] } },
{ "type": "Feature", "properties": { "full_name": "CTA MARSEILLE 6", "class": "D", "type": "CTA", "lower": "FL115", "upper": "FL145" }, "geometry": { "type": "Polygon", "coordinates": [ [ [ 4.674722, 46.5 ], [ 4.731111, 46.307222 ], [ 4.670833, 46.218056 ], [ 4.661389, 46.203611 ], [ 4.203611, 46.086111 ], [ 4.310556, 45.884722 ], [ 3.915, 45.938611 ], [ 3.898056, 45.969444 ], [ 3.737778, 46.0 ], [ 3.633333, 46.2 ], [ 3.633333, 46.308333 ], [ 3.616667, 46.5 ], [ 4.674722, 46.5 ] ] ] } },
{ "type": "Feature", "properties": { "full_name": "CTA MARSEILLE 8", "class": "D", "type": "CTA", "lower": "FL175", "upper": "FL195" }, "geometry": { "type": "Polygon", "coordinates": [ [ [ 8.321667, 43.570278 ], [ 8.0375, 43.431111 ], [ 7.278889, 43.252222 ], [ 6.7275, 43.305 ], [ 6.705833, 43.307222 ], [ 6.705833, 43.575833 ], [ 6.631944, 43.655556 ], [ 6.733611, 43.68 ], [ 6.651667, 44.0625 ], [ 6.651944, 44.064722 ], [ 6.647778, 44.081111 ], [ 6.646656, 44.080476 ], [ 6.650549, 44.083236 ], [ 6.654468, 44.085977 ], [ 6.658414, 44.088699 ], [ 6.662385, 44.091401 ], [ 6.666382, 44.094085 ], [ 6.670404, 44.096748 ], [ 6.674452, 44.099392 ], [ 6.678524, 44.102016 ], [ 6.682622, 44.10462 ], [ 6.686744, 44.107205 ], [ 6.69089, 44.109769 ], [ 6.695061, 44.112312 ], [ 6.699256, 44.114836 ], [ 6.703476, 44.117339 ], [ 6.707718, 44.119821 ], [ 6.711985, 44.122283 ], [ 6.716274, 44.124723 ], [ 6.720587, 44.127143 ], [ 6.724923, 44.129542 ], [ 6.729282, 44.131919 ], [ 6.733663, 44.134275 ], [ 6.738066, 44.13661 ], [ 6.742492, 44.138924 ], [ 6.746939, 44.141215 ], [ 6.751409, 44.143485 ], [ 6.7559, 44.145733 ], [ 6.760412, 44.147959 ], [ 6.764945, 44.150164 ], [ 6.7695, 44.152346 ], [ 6.774075, 44.154505 ], [ 6.77867, 44.156643 ], [ 6.783286, 44.158758 ], [ 6.787922, 44.16085 ], [ 6.792578, 44.16292 ], [ 6.797253, 44.164967 ], [ 6.801948, 44.166991 ], [ 6.806662, 44.168992 ], [ 6.811395, 44.170971 ], [ 6.816147, 44.172926 ], [ 6.820918, 44.174858 ], [ 6.825707, 44.176767 ], [ 6.830514, 44.178652 ], [ 6.835338, 44.180514 ], [ 6.840181, 44.182352 ], [ 6.845041, 44.184167 ], [ 6.849918, 44.185958 ], [ 6.854812, 44.187725 ], [ 6.859723, 44.189468 ], [ 6.864651, 44.191187 ], [ 6.869595, 44.192882 ], [ 6.874555, 44.194553 ], [ 6.87953, 44.1962 ], [ 6.884522, 44.197823 ], [ 6.889529, 44.199421 ], [ 6.894551, 44.200995 ], [ 6.899588, 44.202544 ], [ 6.90464, 44.204069 ], [ 6.909706, 44.205569 ], [ 6.914786, 44.207044 ], [ 6.91988, 44.208495 ], [ 6.924989, 44.20992 ], [ 6.93011, 44.211321 ], [ 6.935245, 44.212697 ], [ 6.940393, 44.214047 ], [ 6.945554, 44.215373 ], [ 6.950728, 44.216673 ], [ 6.955913, 44.217949 ], [ 6.961111, 44.219198 ], [ 6.966321, 44.220423 ], [ 6.971542, 44.221622 ], [ 6.976775, 44.222796 ], [ 6.982018, 44.223944 ], [ 6.987273, 44.225066 ], [ 6.992538, 44.226163 ], [ 6.997814, 44.227234 ], [ 7.0031, 44.22828 ], [ 7.008395, 44.229299 ], [ 7.013701, 44.230293 ], [ 7.019015, 44.231261 ], [ 7.024339, 44.232203 ], [ 7.025, 44.232222 ], [ 7.025111140847518, 44.232328323082825 ], [ 7.0266, 44.230772 ], [ 7.030642, 44.230878 ], [ 7.032275, 44.226217 ], [ 7.03885, 44.223714 ], [ 7.053053, 44.228669 ], [ 7.057867, 44.228856 ], [ 7.062422, 44.226892 ], [ 7.065172, 44.2289 ], [ 7.068783, 44.232522 ], [ 7.079592, 44.231403 ], [ 7.086853, 44.228442 ], [ 7.090419, 44.224053 ], [ 7.092828, 44.220247 ], [ 7.0959, 44.220878 ], [ 7.10325, 44.220494 ], [ 7.107611, 44.218056 ], [ 7.114594, 44.217089 ], [ 7.142336, 44.200658 ], [ 7.148481, 44.200653 ], [ 7.152692, 44.203303 ], [ 7.157722, 44.204847 ], [ 7.163672, 44.207817 ], [ 7.168122, 44.202286 ], [ 7.175514, 44.199989 ], [ 7.178564, 44.197589 ], [ 7.187094, 44.201131 ], [ 7.188986, 44.199081 ], [ 7.190706, 44.194014 ], [ 7.194508, 44.186942 ], [ 7.201469, 44.18625 ], [ 7.204714, 44.181736 ], [ 7.205725, 44.178731 ], [ 7.21445, 44.174017 ], [ 7.217242, 44.170475 ], [ 7.220875, 44.168317 ], [ 7.226289, 44.168564 ], [ 7.228911, 44.16875 ], [ 7.235958, 44.175128 ], [ 7.243631, 44.171322 ], [ 7.244361, 44.166672 ], [ 7.249711, 44.157822 ], [ 7.254117, 44.155433 ], [ 7.257725, 44.154508 ], [ 7.263356, 44.148019 ], [ 7.273047, 44.146939 ], [ 7.281942, 44.140833 ], [ 7.288992, 44.145303 ], [ 7.294942, 44.144383 ], [ 7.304225, 44.145689 ], [ 7.307278, 44.144508 ], [ 7.311081, 44.147308 ], [ 7.318775, 44.143039 ], [ 7.329903, 44.144303 ], [ 7.333578, 44.144333 ], [ 7.342517, 44.145522 ], [ 7.345461, 44.143564 ], [ 7.346817, 44.136122 ], [ 7.353111, 44.125617 ], [ 7.358203, 44.116044 ], [ 7.366133, 44.117156 ], [ 7.369078, 44.116769 ], [ 7.389642, 44.124708 ], [ 7.394025, 44.124322 ], [ 7.405006, 44.11825 ], [ 7.411839, 44.119267 ], [ 7.41575, 44.117433 ], [ 7.422111, 44.112453 ], [ 7.426408, 44.112483 ], [ 7.427075, 44.117247 ], [ 7.426708, 44.121239 ], [ 7.429264, 44.124108 ], [ 7.430706, 44.130289 ], [ 7.444092, 44.128192 ], [ 7.448689, 44.128686 ], [ 7.461153, 44.126003 ], [ 7.474283, 44.133481 ], [ 7.480492, 44.133264 ], [ 7.484167, 44.134406 ], [ 7.492097, 44.138506 ], [ 7.494589, 44.140897 ], [ 7.507825, 44.144011 ], [ 7.516142, 44.138306 ], [ 7.518656, 44.138614 ], [ 7.522178, 44.137811 ], [ 7.527272, 44.140619 ], [ 7.531697, 44.1468 ], [ 7.534986, 44.147247 ], [ 7.541067, 44.14515 ], [ 7.54775, 44.145644 ], [ 7.558881, 44.147942 ], [ 7.565597, 44.151417 ], [ 7.564311, 44.155508 ], [ 7.571453, 44.151811 ], [ 7.576889, 44.153061 ], [ 7.588147, 44.150422 ], [ 7.595947, 44.15275 ], [ 7.60145, 44.150672 ], [ 7.619047, 44.149406 ], [ 7.626847, 44.158269 ], [ 7.62775, 44.164158 ], [ 7.630672, 44.166147 ], [ 7.630975, 44.171189 ], [ 7.635658, 44.176414 ], [ 7.645156, 44.177925 ], [ 7.670919, 44.175722 ], [ 7.673992, 44.177125 ], [ 7.683233, 44.175042 ], [ 7.684219, 44.172161 ], [ 7.6793, 44.162756 ], [ 7.672014, 44.158872 ], [ 7.671542, 44.152614 ], [ 7.679108, 44.146414 ], [ 7.676378, 44.14125 ], [ 7.669092, 44.135039 ], [ 7.666728, 44.131614 ], [ 7.669394, 44.128703 ], [ 7.672939, 44.119761 ], [ 7.69015, 44.108122 ], [ 7.696083, 44.099194 ], [ 7.700036, 44.095203 ], [ 7.707256, 44.091656 ], [ 7.713725, 44.085797 ], [ 7.717528, 44.082944 ], [ 7.715678, 44.079414 ], [ 7.713789, 44.075653 ], [ 7.7134, 44.073003 ], [ 7.713594, 44.061842 ], [ 7.708072, 44.057908 ], [ 7.703258, 44.050447 ], [ 7.703575, 44.046853 ], [ 7.700594, 44.040811 ], [ 7.68985, 44.039517 ], [ 7.677689, 44.032964 ], [ 7.675347, 44.029775 ], [ 7.666642, 44.031161 ], [ 7.663183, 44.029111 ], [ 7.661786, 44.023208 ], [ 7.662539, 44.021403 ], [ 7.662261, 44.019028 ], [ 7.66415, 44.012369 ], [ 7.666986, 44.006836 ], [ 7.670136, 43.998528 ], [ 7.663358, 43.99175 ], [ 7.663386, 43.986614 ], [ 7.656564, 43.985531 ], [ 7.655597, 43.977728 ], [ 7.653558, 43.975833 ], [ 7.652911, 43.974244 ], [ 7.644317, 43.973906 ], [ 7.637764, 43.969297 ], [ 7.629083, 43.963236 ], [ 7.619986, 43.960158 ], [ 7.611269, 43.954697 ], [ 7.6016, 43.957658 ], [ 7.597539, 43.956408 ], [ 7.589694, 43.955189 ], [ 7.584947, 43.953078 ], [ 7.581744, 43.948669 ], [ 7.579339, 43.949472 ], [ 7.575061, 43.948192 ], [ 7.575394, 43.946008 ], [ 7.56965, 43.947286 ], [ 7.569753, 43.945353 ], [ 7.566833, 43.943089 ], [ 7.573622, 43.936858 ], [ 7.570483, 43.932467 ], [ 7.571108, 43.928983 ], [ 7.568186, 43.927225 ], [ 7.56825, 43.923325 ], [ 7.558322, 43.917989 ], [ 7.559097, 43.915461 ], [ 7.562061, 43.908692 ], [ 7.562664, 43.903358 ], [ 7.561094, 43.898719 ], [ 7.550758, 43.894294 ], [ 7.539758, 43.893356 ], [ 7.5352, 43.891211 ], [ 7.532214, 43.890517 ], [ 7.527617, 43.886786 ], [ 7.521106, 43.886464 ], [ 7.517322, 43.882425 ], [ 7.512897, 43.885231 ], [ 7.512208, 43.883472 ], [ 7.510383, 43.882147 ], [ 7.510017, 43.880311 ], [ 7.507247, 43.877508 ], [ 7.502539, 43.874917 ], [ 7.497639, 43.871172 ], [ 7.499639, 43.867717 ], [ 7.499167, 43.865036 ], [ 7.496114, 43.864325 ], [ 7.495017, 43.857464 ], [ 7.498628, 43.846103 ], [ 7.507031, 43.841894 ], [ 7.507031, 43.840044 ], [ 7.508814, 43.834942 ], [ 7.510233, 43.828867 ], [ 7.514228, 43.817969 ], [ 7.517775, 43.80585 ], [ 7.520289, 43.801011 ], [ 7.529167, 43.789936 ], [ 7.529809186729929, 43.784176721732194 ], [ 7.529722, 43.784167 ], [ 8.321667, 43.570278 ] ] ] } },
{ "type": "Feature", "properties": { "full_name": "CTA PROVENCE", "class": "D", "type": "CTA", "lower": "FL115", "upper": "FL145" }, "geometry": { "type": "Polygon", "coordinates": [ [ [ 5.442778, 43.680833 ], [ 5.4575, 43.6425 ], [ 5.558333, 43.536944 ], [ 5.558333, 43.413056 ], [ 5.489444, 43.420278 ], [ 5.487778, 43.166944 ], [ 5.633333, 43.166667 ], [ 5.633333, 43.033333 ], [ 5.633333, 42.5 ], [ 4.283333, 42.5 ], [ 4.283333, 43.0 ], [ 4.486111, 43.252778 ], [ 4.4875, 43.285 ], [ 4.208333, 43.393889 ], [ 3.981944, 43.481389 ], [ 4.035556, 43.555 ], [ 4.040556, 43.564167 ], [ 4.077222, 43.640833 ], [ 4.160556, 43.625278 ], [ 4.500278, 43.561389 ], [ 4.643889, 43.8 ], [ 4.551944, 43.858056 ], [ 4.525, 43.875 ], [ 4.336389, 44.033333 ], [ 4.221944, 44.668611 ], [ 4.455, 44.668333 ], [ 4.454722, 44.668611 ], [ 4.851389, 44.666667 ], [ 5.023333, 44.666667 ], [ 5.023333, 44.594167 ], [ 5.3625, 44.521667 ], [ 5.366667, 44.363889 ], [ 5.341667, 44.293056 ], [ 5.271944, 44.094444 ], [ 5.442778, 43.680833 ] ] ] } },
{ "type": "Feature", "properties": { "full_name": "CTA POITIERS", "class": "D", "type": "CTA", "lower": "FL115", "upper": "FL145" }, "geometry": { "type": "Polygon", "coordinates": [ [ [ -0.25, 47.166667 ], [ 2.0, 47.166667 ], [ 2.168889, 47.082222 ], [ 1.658333, 46.536111 ], [ 1.160556, 46.583056 ], [ 1.158333, 46.416667 ], [ 0.917222, 46.4375 ], [ 0.054167, 45.816667 ], [ -0.073056, 45.821944 ], [ -0.158056, 45.694167 ], [ -0.157744, 45.694119 ], [ -0.15883, 45.696384 ], [ -0.159982, 45.698632 ], [ -0.1612, 45.700863 ], [ -0.162483, 45.703077 ], [ -0.163831, 45.705272 ], [ -0.165243, 45.707447 ], [ -0.166719, 45.709601 ], [ -0.168257, 45.711734 ], [ -0.169858, 45.713844 ], [ -0.17152, 45.715931 ], [ -0.173243, 45.717994 ], [ -0.175026, 45.720032 ], [ -0.176869, 45.722044 ], [ -0.178771, 45.724029 ], [ -0.18073, 45.725987 ], [ -0.182747, 45.727916 ], [ -0.184819, 45.729816 ], [ -0.186948, 45.731686 ], [ -0.18913, 45.733525 ], [ -0.191366, 45.735332 ], [ -0.193655, 45.737107 ], [ -0.195996, 45.738849 ], [ -0.198387, 45.740557 ], [ -0.200828, 45.742231 ], [ -0.203317, 45.743869 ], [ -0.205855, 45.745472 ], [ -0.208438, 45.747038 ], [ -0.211068, 45.748566 ], [ -0.213741, 45.750057 ], [ -0.216458, 45.751509 ], [ -0.219218, 45.752922 ], [ -0.222018, 45.754295 ], [ -0.224858, 45.755628 ], [ -0.227736, 45.75692 ], [ -0.230652, 45.758171 ], [ -0.233604, 45.759379 ], [ -0.236591, 45.760546 ], [ -0.239612, 45.761669 ], [ -0.242665, 45.762749 ], [ -0.245749, 45.763785 ], [ -0.248864, 45.764776 ], [ -0.252006, 45.765723 ], [ -0.255176, 45.766625 ], [ -0.258372, 45.767481 ], [ -0.261592, 45.768292 ], [ -0.264836, 45.769056 ], [ -0.268101, 45.769774 ], [ -0.271387, 45.770445 ], [ -0.274691, 45.771068 ], [ -0.278014, 45.771645 ], [ -0.281353, 45.772174 ], [ -0.284706, 45.772655 ], [ -0.288073, 45.773087 ], [ -0.291452, 45.773472 ], [ -0.294842, 45.773808 ], [ -0.298241, 45.774096 ], [ -0.301647, 45.774335 ], [ -0.30506, 45.774526 ], [ -0.308478, 45.774667 ], [ -0.3119, 45.77476 ], [ -0.315323, 45.774803 ], [ -0.318747, 45.774798 ], [ -0.32217, 45.774744 ], [ -0.32559, 45.774641 ], [ -0.329007, 45.774489 ], [ -0.332419, 45.774288 ], [ -0.335824, 45.774038 ], [ -0.339221, 45.77374 ], [ -0.342609, 45.773393 ], [ -0.345985, 45.772998 ], [ -0.34935, 45.772555 ], [ -0.3527, 45.772064 ], [ -0.356036, 45.771525 ], [ -0.359354, 45.770938 ], [ -0.362655, 45.770305 ], [ -0.365937, 45.769624 ], [ -0.369197, 45.768896 ], [ -0.372436, 45.768122 ], [ -0.375651, 45.767301 ], [ -0.378841, 45.766435 ], [ -0.378611, 45.766389 ], [ -0.378611, 45.766389 ], [ -0.325556, 45.839722 ], [ -0.722222, 46.305 ], [ -0.25, 46.5 ], [ -0.25, 47.166667 ] ] ] } },
{ "type": "Feature", "properties": { "full_name": "CTA NANTES A", "class": "D", "type": "CTA", "lower": "FL115", "upper": "FL195" }, "geometry": { "type": "Polygon", "coordinates": [ [ [ -1.66, 45.981389 ], [ -0.941944, 46.213333 ], [ -0.722222, 46.305 ], [ -0.25, 46.5 ], [ -0.25, 48.462222 ], [ -0.778333, 48.160278 ], [ -1.298333, 47.848056 ], [ -2.511944, 47.951667 ], [ -3.426111, 47.494167 ], [ -3.430833, 47.260556 ], [ -3.433333, 47.147778 ], [ -3.141944, 46.798611 ], [ -3.018056, 46.311389 ], [ -2.666667, 46.217778 ], [ -1.66, 45.981389 ] ] ] } },
{ "type": "Feature", "properties": { "full_name": "CTA NANTES B", "class": "D", "type": "CTA", "lower": "FL115", "upper": "FL145" }, "geometry": { "type": "Polygon", "coordinates": [ [ [ 0.230278, 47.493056 ], [ 0.3, 47.166667 ], [ -0.25, 47.166667 ], [ -0.25, 47.444444 ], [ 0.230278, 47.493056 ] ] ] } },
{ "type": "Feature", "properties": { "full_name": "CTA MARSEILLE 9", "class": "D", "type": "CTA", "lower": "FL145", "upper": "FL195" }, "geometry": { "type": "Polygon", "coordinates": [ [ [ 4.666667, 40.773347 ], [ 5.216022, 40.721678 ], [ 5.203092, 39.790717 ], [ 4.666667, 39.716667 ], [ 4.666667, 40.773347 ] ] ] } },
{ "type": "Feature", "properties": { "full_name": "CTA ILES ANGLO-NORMANDES 1", "class": "D", "type": "CTA", "lower": "FL055", "upper": "FL080" }, "geometry": { "type": "Polygon", "coordinates": [ [ [ -3.0, 49.830833 ], [ -3.0, 49.583333 ], [ -3.173056, 49.800556 ], [ -3.0, 49.830833 ] ] ] } },
{ "type": "Feature", "properties": { "full_name": "CTA COGNAC", "class": "D", "type": "CTA", "lower": "1500FT AMSL", "upper": "FL065" }, "geometry": { "type": "Polygon", "coordinates": [ [ [ -0.144444, 45.910833 ], [ -0.144784, 45.910813 ], [ -0.13964, 45.9139 ], [ -0.13432, 45.91684 ], [ -0.128833, 45.919626 ], [ -0.123188, 45.922256 ], [ -0.117394, 45.924725 ], [ -0.111461, 45.927028 ], [ -0.105398, 45.929162 ], [ -0.099216, 45.931123 ], [ -0.092924, 45.932909 ], [ -0.086533, 45.934515 ], [ -0.080053, 45.93594 ], [ -0.073495, 45.937181 ], [ -0.066871, 45.938236 ], [ -0.06019, 45.939104 ], [ -0.053464, 45.939782 ], [ -0.046704, 45.94027 ], [ -0.039921, 45.940568 ], [ -0.033126, 45.940673 ], [ -0.026331, 45.940587 ], [ -0.019546, 45.94031 ], [ -0.012783, 45.939841 ], [ -0.006053, 45.939182 ], [ 0.000633, 45.938334 ], [ 0.007263, 45.937298 ], [ 0.013828, 45.936076 ], [ 0.020316, 45.93467 ], [ 0.026717, 45.933082 ], [ 0.03302, 45.931315 ], [ 0.039214, 45.929371 ], [ 0.045289, 45.927255 ], [ 0.051236, 45.924969 ], [ 0.057045, 45.922517 ], [ 0.062706, 45.919903 ], [ 0.068209, 45.917132 ], [ 0.073547, 45.914208 ], [ 0.078709, 45.911136 ], [ 0.083688, 45.907921 ], [ 0.088475, 45.904568 ], [ 0.093063, 45.901083 ], [ 0.097444, 45.897472 ], [ 0.101611, 45.89374 ], [ 0.105556, 45.889893 ], [ 0.109275, 45.885939 ], [ 0.11276, 45.881883 ], [ 0.116006, 45.877731 ], [ 0.119007, 45.873492 ], [ 0.121759, 45.869172 ], [ 0.124258, 45.864777 ], [ 0.126498, 45.860316 ], [ 0.128478, 45.855795 ], [ 0.130192, 45.851222 ], [ 0.13164, 45.846605 ], [ 0.132818, 45.84195 ], [ 0.133724, 45.837266 ], [ 0.134358, 45.832561 ], [ 0.134717, 45.827841 ], [ 0.134802, 45.823115 ], [ 0.134613, 45.818391 ], [ 0.13415, 45.813676 ], [ 0.133413, 45.808977 ], [ 0.132405, 45.804303 ], [ 0.131126, 45.799662 ], [ 0.129579, 45.79506 ], [ 0.127766, 45.790506 ], [ 0.125692, 45.786007 ], [ 0.123358, 45.78157 ], [ 0.120769, 45.777202 ], [ 0.117929, 45.772911 ], [ 0.114843, 45.768703 ], [ 0.111516, 45.764586 ], [ 0.107953, 45.760566 ], [ 0.104161, 45.75665 ], [ 0.100145, 45.752843 ], [ 0.095912, 45.749154 ], [ 0.091469, 45.745586 ], [ 0.086824, 45.742147 ], [ 0.081984, 45.738842 ], [ 0.076956, 45.735675 ], [ 0.07175, 45.732653 ], [ 0.066373, 45.729781 ], [ 0.066111, 45.729722 ], [ 0.066111, 45.729722 ], [ -0.312778, 45.508056 ], [ -0.312529, 45.50815 ], [ -0.317594, 45.504983 ], [ -0.322839, 45.501963 ], [ -0.328255, 45.499095 ], [ -0.333832, 45.496383 ], [ -0.339561, 45.493833 ], [ -0.345434, 45.491448 ], [ -0.351439, 45.489233 ], [ -0.357569, 45.487191 ], [ -0.363811, 45.485325 ], [ -0.370156, 45.483639 ], [ -0.376593, 45.482135 ], [ -0.383113, 45.480815 ], [ -0.389703, 45.479683 ], [ -0.396353, 45.478739 ], [ -0.403052, 45.477986 ], [ -0.40979, 45.477425 ], [ -0.416554, 45.477056 ], [ -0.423334, 45.47688 ], [ -0.430119, 45.476897 ], [ -0.436897, 45.477108 ], [ -0.443658, 45.477512 ], [ -0.450389, 45.478109 ], [ -0.45708, 45.478897 ], [ -0.46372, 45.479875 ], [ -0.470299, 45.481041 ], [ -0.476804, 45.482394 ], [ -0.483225, 45.483931 ], [ -0.489552, 45.485651 ], [ -0.495775, 45.487549 ], [ -0.501882, 45.489623 ], [ -0.507865, 45.491869 ], [ -0.513712, 45.494284 ], [ -0.519414, 45.496864 ], [ -0.524963, 45.499604 ], [ -0.530348, 45.5025 ], [ -0.535561, 45.505547 ], [ -0.540593, 45.508741 ], [ -0.545436, 45.512075 ], [ -0.550081, 45.515544 ], [ -0.554521, 45.519143 ], [ -0.558749, 45.522866 ], [ -0.562758, 45.526706 ], [ -0.566541, 45.530657 ], [ -0.570091, 45.534713 ], [ -0.573402, 45.538866 ], [ -0.57647, 45.543111 ], [ -0.579289, 45.547439 ], [ -0.581854, 45.551845 ], [ -0.584161, 45.556319 ], [ -0.586207, 45.560856 ], [ -0.587986, 45.565448 ], [ -0.589498, 45.570086 ], [ -0.590738, 45.574764 ], [ -0.591706, 45.579473 ], [ -0.592398, 45.584205 ], [ -0.592815, 45.588954 ], [ -0.592954, 45.59371 ], [ -0.592817, 45.598467 ], [ -0.592403, 45.603215 ], [ -0.591713, 45.607948 ], [ -0.590747, 45.612658 ], [ -0.589508, 45.617335 ], [ -0.587997, 45.621974 ], [ -0.586217, 45.626566 ], [ -0.58417, 45.631103 ], [ -0.58186, 45.635578 ], [ -0.579292, 45.639983 ], [ -0.576468, 45.644312 ], [ -0.573394, 45.648556 ], [ -0.570075, 45.652709 ], [ -0.566515, 45.656765 ], [ -0.562722, 45.660715 ], [ -0.558701, 45.664554 ], [ -0.55446, 45.668275 ], [ -0.550004, 45.671872 ], [ -0.545341, 45.675339 ], [ -0.54048, 45.67867 ], [ -0.535428, 45.68186 ], [ -0.530194, 45.684903 ], [ -0.524786, 45.687794 ], [ -0.524444, 45.687778 ], [ -0.524444, 45.687778 ], [ -0.144444, 45.910833 ] ] ] } },
{ "type": "Feature", "properties": { "full_name": "CTA PIARCO A.20", "class": "E", "type": "CTA", "lower": "FL055", "upper": "FL195" }, "geometry": { "type": "Polygon", "coordinates": [ [ [ -65.0, 15.0 ], [ -63.25, 15.0 ], [ -63.0, 15.333333 ], [ -63.0, 17.366667 ], [ -62.0, 18.0 ], [ -56.0, 18.0 ], [ -56.0, 9.083333 ], [ -57.0, 8.916667 ], [ -59.95, 8.916667 ], [ -61.466667, 9.983333 ], [ -61.933333, 9.983333 ], [ -62.05, 10.083333 ], [ -61.783333, 10.733333 ], [ -62.5, 11.0 ], [ -65.0, 15.0 ] ] ] } },
{ "type": "Feature", "properties": { "full_name": "CTA MARSEILLE 1 Lower(1000FT AGL-FL075)", "class": "E", "type": "CTA", "lower": "FL075", "upper": "FL115" }, "geometry": { "type": "Polygon", "coordinates": [ [ [ 5.341667, 44.293056 ], [ 5.983333, 44.088889 ], [ 5.983333, 43.472222 ], [ 5.558333, 43.536944 ], [ 5.4575, 43.6425 ], [ 5.271944, 44.094444 ], [ 5.341667, 44.293056 ] ] ] } },
{ "type": "Feature", "properties": { "full_name": "CTA TOULOUSE ESSAIS 1", "class": "D", "type": "CTA", "lower": "4000FT AMSL", "upper": "FL065" }, "geometry": { "type": "Polygon", "coordinates": [ [ [ 0.75, 43.318889 ], [ 1.108333, 43.298889 ], [ 1.0, 43.091389 ], [ 0.75, 43.089722 ], [ 0.75, 43.318889 ] ] ] } },
{ "type": "Feature", "properties": { "full_name": "CTA TOULOUSE 4", "class": "D", "type": "CTA", "lower": "FL115", "upper": "FL145" }, "geometry": { "type": "Polygon", "coordinates": [ [ [ 0.75, 43.233889 ], [ 0.75, 43.0 ], [ 1.258333, 43.0 ], [ 1.766667, 43.0 ], [ 2.275, 43.0 ], [ 2.311667, 43.031944 ], [ 2.283333, 43.033333 ], [ 1.638889, 43.15 ], [ 0.9, 43.158333 ], [ 0.75, 43.233889 ] ] ] } },
{ "type": "Feature", "properties": { "full_name": "CTA TOULOUSE 1", "class": "C", "type": "CTA", "lower": "FL115", "upper": "FL145" }, "geometry": { "type": "Polygon", "coordinates": [ [ [ 0.579722, 44.5 ], [ 0.515278, 44.438611 ], [ 0.279722, 44.2125 ], [ 0.872778, 43.766667 ], [ 0.75, 43.673889 ], [ 0.75, 43.233889 ], [ 0.9, 43.158333 ], [ 1.638889, 43.15 ], [ 2.283333, 43.033333 ], [ 2.311667, 43.031944 ], [ 2.572222, 43.258333 ], [ 2.269444, 43.8 ], [ 2.605556, 44.058333 ], [ 1.858333, 44.166667 ], [ 1.804444, 44.293333 ], [ 1.748889, 44.295278 ], [ 1.025556, 44.346111 ], [ 0.579722, 44.5 ] ] ] } },
{ "type": "Feature", "properties": { "full_name": "CTA TOULOUSE ESSAIS 5", "class": "D", "type": "CTA", "lower": "FL115", "upper": "FL195" }, "geometry": { "type": "Polygon", "coordinates": [ [ [ 2.050278, 43.0 ], [ 2.069167, 42.835 ], [ 1.166667, 42.835 ], [ 1.166667, 43.0 ], [ 2.050278, 43.0 ] ] ] } },
{ "type": "Feature", "properties": { "full_name": "CTA TOULOUSE ESSAIS 2", "class": "D", "type": "CTA", "lower": "4000FT AMSL", "upper": "FL065" }, "geometry": { "type": "Polygon", "coordinates": [ [ [ 1.263056, 43.29 ], [ 1.508056, 43.275278 ], [ 1.596111, 43.092778 ], [ 1.239444, 43.092222 ], [ 1.263056, 43.29 ] ] ] } },
{ "type": "Feature", "properties": { "full_name": "CTA TOULOUSE ESSAIS 3", "class": "D", "type": "CTA", "lower": "FL065", "upper": "FL145" }, "geometry": { "type": "Polygon", "coordinates": [ [ [ 0.75, 43.318889 ], [ 1.65, 43.266667 ], [ 2.029444, 43.183889 ], [ 2.050278, 43.0 ], [ 0.75, 43.0 ], [ 0.75, 43.318889 ] ] ] } },
{ "type": "Feature", "properties": { "full_name": "CTA PARIS H", "class": "D", "type": "CTA", "lower": "FL155", "upper": "FL195" }, "geometry": { "type": "Polygon", "coordinates": [ [ [ 3.484722, 49.714722 ], [ 3.632222, 49.45 ], [ 3.683056, 49.268611 ], [ 3.739444, 49.198889 ], [ 3.738889, 49.158611 ], [ 3.661667, 49.105833 ], [ 3.661389, 49.068611 ], [ 3.656389, 48.700556 ], [ 3.73, 48.683889 ], [ 3.781667, 48.672222 ], [ 3.853056, 48.639444 ], [ 3.637778, 48.456944 ], [ 3.048611, 48.107778 ], [ 2.906667, 48.273611 ], [ 1.897222, 48.297222 ], [ 1.726944, 48.06 ], [ 1.619167, 48.023056 ], [ 1.459722, 48.131389 ], [ 1.327222, 48.513056 ], [ 1.286111, 48.657222 ], [ 1.425278, 48.705833 ], [ 1.419167, 48.917222 ], [ 1.495278, 49.101111 ], [ 1.488611, 49.138611 ], [ 1.468056, 49.2525 ], [ 1.570556, 49.3 ], [ 1.613056, 49.380278 ], [ 1.606389, 49.455556 ], [ 1.663333, 49.536944 ], [ 2.5, 49.433333 ], [ 2.708889, 49.510556 ], [ 2.743889, 49.635278 ], [ 2.782778, 49.674167 ], [ 2.976389, 49.6025 ], [ 3.105833, 49.611944 ], [ 3.236389, 49.666667 ], [ 3.484722, 49.714722 ] ] ] } },
{ "type": "Feature", "properties": { "full_name": "CTA PARIS S", "class": "D", "type": "CTA", "lower": "FL115", "upper": "FL155" }, "geometry": { "type": "Polygon", "coordinates": [ [ [ 3.661389, 49.068611 ], [ 3.656389, 48.700556 ], [ 3.73, 48.683889 ], [ 3.781667, 48.672222 ], [ 3.853056, 48.639444 ], [ 3.637778, 48.456944 ], [ 3.048611, 48.107778 ], [ 2.906667, 48.273611 ], [ 1.897222, 48.297222 ], [ 1.726944, 48.06 ], [ 1.619167, 48.023056 ], [ 1.459722, 48.131389 ], [ 1.327222, 48.513056 ], [ 1.286111, 48.657222 ], [ 1.425278, 48.705833 ], [ 1.419167, 48.917222 ], [ 1.977222, 48.770278 ], [ 3.086944, 48.770278 ], [ 3.661389, 49.068611 ] ] ] } },
{ "type": "Feature", "properties": { "full_name": "CTA PARIS N", "class": "D", "type": "CTA", "lower": "FL115", "upper": "FL155" }, "geometry": { "type": "Polygon", "coordinates": [ [ [ 3.484722, 49.714722 ], [ 3.632222, 49.45 ], [ 3.683056, 49.268611 ], [ 3.739444, 49.198889 ], [ 3.738889, 49.158611 ], [ 3.661667, 49.105833 ], [ 3.661389, 49.068611 ], [ 3.086944, 48.770278 ], [ 1.977222, 48.770278 ], [ 1.419167, 48.917222 ], [ 1.495278, 49.101111 ], [ 1.488611, 49.138611 ], [ 1.468056, 49.2525 ], [ 1.570556, 49.3 ], [ 1.613056, 49.380278 ], [ 1.606389, 49.455556 ], [ 1.663333, 49.536944 ], [ 2.5, 49.433333 ], [ 2.708889, 49.510556 ], [ 2.743889, 49.635278 ], [ 2.782778, 49.674167 ], [ 2.976389, 49.6025 ], [ 3.105833, 49.611944 ], [ 3.236389, 49.666667 ], [ 3.484722, 49.714722 ] ] ] } },
{ "type": "Feature", "properties": { "full_name": "CTA BORDEAUX", "class": "D", "type": "CTA", "lower": "FL145", "upper": "FL195" }, "geometry": { "type": "Polygon", "coordinates": [ [ [ 2.833333, 46.75 ], [ 2.916667, 46.333333 ], [ 3.004444, 45.7125 ], [ 3.041111, 44.624722 ], [ 2.709444, 43.714722 ], [ 2.706944, 43.2125 ], [ 2.572222, 43.258333 ], [ 2.275, 43.0 ], [ 2.049722, 43.001389 ], [ 2.069167, 42.835 ], [ 2.117760087147316, 42.393903864148413 ], [ 2.110833, 42.385556 ], [ 2.092778, 42.373333 ], [ 2.07, 42.363611 ], [ 2.058889, 42.361667 ], [ 2.047222, 42.359444 ], [ 2.033056, 42.358611 ], [ 2.016667, 42.359722 ], [ 2.006389, 42.362222 ], [ 1.999722, 42.367222 ], [ 1.972222, 42.378056 ], [ 1.965556, 42.382778 ], [ 1.96, 42.3925 ], [ 1.961111, 42.404444 ], [ 1.9575, 42.413333 ], [ 1.952778, 42.424722 ], [ 1.949167, 42.429444 ], [ 1.947222, 42.432222 ], [ 1.947222, 42.433056 ], [ 1.946111, 42.436667 ], [ 1.945556, 42.438611 ], [ 1.941944, 42.442222 ], [ 1.935556, 42.448056 ], [ 1.923889, 42.455 ], [ 1.912222, 42.455833 ], [ 1.907778, 42.453889 ], [ 1.9025, 42.451667 ], [ 1.893889, 42.452222 ], [ 1.885784832517634, 42.456007891567729 ], [ 1.885833, 42.456111 ], [ 1.823056, 43.002222 ], [ 1.093056, 43.001944 ], [ 1.723611, 42.503889 ], [ 0.883889, 42.814167 ], [ 0.866389, 42.998611 ], [ 0.75, 43.0 ], [ 0.140556, 43.051389 ], [ 0.055556, 43.065278 ], [ -0.051944, 43.083333 ], [ -0.160278, 43.1625 ], [ -0.716667, 43.288889 ], [ -0.9, 43.302778 ], [ -1.133333, 43.334444 ], [ -1.385, 43.368056 ], [ -1.378056, 43.2925 ], [ -1.339764940251271, 43.061395497685218 ], [ -1.341111, 43.0525 ], [ -1.348333, 43.043889 ], [ -1.351667, 43.039722 ], [ -1.356667, 43.036389 ], [ -1.386111, 43.040278 ], [ -1.394167, 43.041667 ], [ -1.418333, 43.046389 ], [ -1.436389, 43.054722 ], [ -1.459444, 43.068889 ], [ -1.470833, 43.085 ], [ -1.474444, 43.098056 ], [ -1.456111, 43.105278 ], [ -1.434444, 43.118611 ], [ -1.427778, 43.123056 ], [ -1.418333, 43.135 ], [ -1.410556, 43.156111 ], [ -1.411944, 43.166389 ], [ -1.409722, 43.178611 ], [ -1.407778, 43.180833 ], [ -1.391944, 43.196111 ], [ -1.390556, 43.199722 ], [ -1.386944, 43.21 ], [ -1.388889, 43.23 ], [ -1.386389, 43.2375 ], [ -1.387778, 43.248056 ], [ -1.3925, 43.258056 ], [ -1.393333, 43.258889 ], [ -1.398611, 43.263611 ], [ -1.409444, 43.270556 ], [ -1.417778, 43.271667 ], [ -1.440556, 43.270556 ], [ -1.4575, 43.266944 ], [ -1.466111, 43.268056 ], [ -1.473333, 43.271111 ], [ -1.500833, 43.290278 ], [ -1.501389, 43.290556 ], [ -1.510278, 43.291389 ], [ -1.511389, 43.291667 ], [ -1.546389, 43.289722 ], [ -1.5525, 43.2875 ], [ -1.558889, 43.273056 ], [ -1.566944, 43.262778 ], [ -1.583333, 43.255833 ], [ -1.603056, 43.255278 ], [ -1.608889, 43.256667 ], [ -1.6175, 43.258889 ], [ -1.624444, 43.262222 ], [ -1.628889, 43.277222 ], [ -1.629444, 43.295 ], [ -1.627778, 43.3 ], [ -1.629444, 43.306111 ], [ -1.630833, 43.31 ], [ -1.637778, 43.313056 ], [ -1.671667, 43.313333 ], [ -1.692778, 43.311667 ], [ -1.700556, 43.310833 ], [ -1.716111, 43.305 ], [ -1.726389, 43.301389 ], [ -1.726944, 43.301111 ], [ -1.73, 43.304167 ], [ -1.7325, 43.306667 ], [ -1.733056, 43.3075 ], [ -1.734722, 43.312222 ], [ -1.735278, 43.313333 ], [ -1.736389, 43.319167 ], [ -1.736667, 43.320556 ], [ -1.735, 43.331389 ], [ -1.735, 43.331667 ], [ -1.7375, 43.335556 ], [ -1.738889, 43.3375 ], [ -1.738889, 43.337778 ], [ -1.748611, 43.338611 ], [ -1.749167, 43.338889 ], [ -1.750278, 43.3425 ], [ -1.750278, 43.343056 ], [ -1.750556, 43.343056 ], [ -1.750556, 43.343333 ], [ -1.754722, 43.346667 ], [ -1.762778, 43.344722 ], [ -1.764167, 43.344444 ], [ -1.768889, 43.345 ], [ -1.769444, 43.345 ], [ -1.769722, 43.345 ], [ -1.770278, 43.345278 ], [ -1.779722, 43.348889 ], [ -1.783333, 43.35 ], [ -1.783333, 43.35 ], [ -1.783333, 43.583333 ], [ -1.66, 45.981389 ], [ -0.941944, 46.213333 ], [ -0.722222, 46.305 ], [ -0.25, 46.5 ], [ -0.25, 47.166667 ], [ 0.2, 47.166667 ], [ 0.65, 47.166667 ], [ 1.1, 47.166667 ], [ 1.55, 47.166667 ], [ 2.0, 47.166667 ], [ 2.833333, 46.75 ] ] ] } },
{ "type": "Feature", "properties": { "full_name": "CTA MONTPELLIER", "class": "D", "type": "CTA", "lower": "FL115", "upper": "FL145" }, "geometry": { "type": "Polygon", "coordinates": [ [ [ 2.822778, 44.025833 ], [ 2.709444, 43.714722 ], [ 2.706944, 43.2125 ], [ 2.572222, 43.258333 ], [ 2.275, 43.0 ], [ 2.6, 42.712222 ], [ 2.680556, 42.845 ], [ 2.929167, 42.875833 ], [ 3.489167, 42.603056 ], [ 3.338333, 42.987222 ], [ 3.355556, 43.0 ], [ 4.283333, 43.0 ], [ 4.486111, 43.252778 ], [ 4.4875, 43.285 ], [ 3.981944, 43.481389 ], [ 4.035556, 43.555 ], [ 4.040556, 43.564167 ], [ 4.077222, 43.640833 ], [ 4.500278, 43.561389 ], [ 4.643889, 43.8 ], [ 4.551944, 43.858056 ], [ 4.525, 43.875 ], [ 4.336389, 44.033333 ], [ 4.246389, 44.033333 ], [ 3.883056, 43.864167 ], [ 3.577778, 44.25 ], [ 2.904444, 44.25 ], [ 2.822778, 44.025833 ] ] ] } },
{ "type": "Feature", "properties": { "full_name": "CTA CLERMONT 2", "class": "D", "type": "CTA", "lower": "FL115", "upper": "FL145" }, "geometry": { "type": "Polygon", "coordinates": [ [ [ 4.108889, 45.581667 ], [ 4.042222, 45.136944 ], [ 4.171667, 44.904444 ], [ 4.454722, 44.668611 ], [ 3.701667, 44.666667 ], [ 3.577778, 44.25 ], [ 2.904444, 44.25 ], [ 2.822778, 44.025833 ], [ 2.605556, 44.058333 ], [ 1.716667, 44.5 ], [ 1.036944, 44.5 ], [ 1.057778, 44.747778 ], [ 1.4775, 44.780278 ], [ 2.0, 44.759444 ], [ 2.0, 45.315556 ], [ 2.5, 45.436111 ], [ 2.5, 45.166667 ], [ 2.604722, 45.166667 ], [ 3.021111, 45.223333 ], [ 4.108889, 45.581667 ] ] ] } }
]
}
