{
"type": "FeatureCollection",
"headerFile": { "software": "(aixmParser v2.26.4) ", "created": "2026-05-17T14:46:23.656100", "content": "airspaces-all", "allMap": true, "numberOfAreas": 4549, "srcFiles": { "1": { "srcAixmFile": "..\\tst\\AIXM4.5_all_FR_OM_2026-05-14.xml", "srcAixmOrigin": "Sia-France", "srcAixmVersion": "4.5", "srcAixmCreated": "2026-03-23T19:09:15.593+01:00", "srcAixmEffective": "2026-05-14T00:00:00.000+02:00" } } },
"name": "airspaces-type-TMA",
"features": [
{ "type": "Feature", "properties": { "name": "RENNES 4", "nameV": "TMA RENNES 4", "class": "D", "type": "TMA", "lower": "2500FT AMSL", "lowerM": 762, "upper": "FL115", "upperM": 3505, "activationCode": "H24", "UId": "1560861", "id": "LFRN4", "stroke": "#ff0000", "stroke-width": 2, "stroke-opacity": 0.8, "fill": "#ff8080", "fill-opacity": 0.3 }, "geometry": { "type": "Polygon", "coordinates": [ [ [ -1.916667, 49.033333 ], [ -1.703333, 48.575 ], [ -1.736944, 48.340556 ], [ -1.95, 48.282778 ], [ -2.116389, 48.258333 ], [ -2.141667, 48.3 ], [ -2.206944, 48.35 ], [ -2.346389, 48.456667 ], [ -2.45, 48.536389 ], [ -2.5, 48.779167 ], [ -2.553056, 49.033333 ], [ -1.916667, 49.033333 ] ] ] } },
{ "type": "Feature", "properties": { "name": "RENNES 1", "nameV": "TMA RENNES 1", "class": "D", "type": "TMA", "lower": "1500FT AMSL", "lowerM": 457, "upper": "3500FT AMSL", "upperM": 1066, "activationCode": "H24", "UId": "1561367", "id": "LFRN1", "stroke": "#ff0000", "stroke-width": 2, "stroke-opacity": 0.8, "fill": "#ff8080", "fill-opacity": 0.3 }, "geometry": { "type": "Polygon", "coordinates": [ [ [ -2.086111, 48.208333 ], [ -1.691667, 48.208333 ], [ -1.398889, 48.247778 ], [ -1.233333, 48.208333 ], [ -1.233333, 48.14 ], [ -1.233333, 48.0 ], [ -1.416667, 47.9 ], [ -2.039722, 47.979444 ], [ -2.086111, 48.066667 ], [ -2.086111, 48.208333 ] ] ] } },
{ "type": "Feature", "properties": { "name": "SAINT-YAN 1.3", "nameV": "TMA SAINT-YAN 1.3", "class": "D", "type": "TMA", "lower": "2000FT AGL", "ordinalLowerM": 609, "lowerM": 609, "upper": "5000FT AMSL", "upperM": 1524, "groundEstimatedHeight": [ 0, 0, 0, 0 ], "desc": "Downgrading To class G following protocol announced on ATIS ST-YAN. MOULINS TA: 5000ft.", "activationCode": "HO", "activationDesc": "Activable LUN-VEN sauf JF: ETE: 0600-2200 HIV: 0700-2100 MON-FRI except HOL: SUM: 0600-2200 WIN: 0700-2100", "declassifiable": true, "UId": "1561227", "id": "LFLN1.3", "stroke": "#ff0000", "stroke-width": 2, "stroke-opacity": 0.8, "fill": "#ffb9dc", "fill-opacity": 0.3 }, "geometry": { "type": "Polygon", "coordinates": [ [ [ 3.289722, 46.646389 ], [ 3.439722, 46.633611 ], [ 3.439776, 46.633594 ], [ 3.446431, 46.632912 ], [ 3.453031, 46.63202 ], [ 3.459565, 46.630918 ], [ 3.466017, 46.62961 ], [ 3.472374, 46.628098 ], [ 3.478622, 46.626385 ], [ 3.484747, 46.624476 ], [ 3.490737, 46.622374 ], [ 3.496579, 46.620084 ], [ 3.50226, 46.617611 ], [ 3.507767, 46.614959 ], [ 3.51309, 46.612136 ], [ 3.518217, 46.609146 ], [ 3.523136, 46.605996 ], [ 3.527838, 46.602693 ], [ 3.532312, 46.599245 ], [ 3.536549, 46.595658 ], [ 3.540539, 46.59194 ], [ 3.544274, 46.588099 ], [ 3.547747, 46.584143 ], [ 3.550949, 46.580081 ], [ 3.553875, 46.575922 ], [ 3.556517, 46.571675 ], [ 3.55887, 46.567347 ], [ 3.56093, 46.56295 ], [ 3.562691, 46.558492 ], [ 3.564151, 46.553982 ], [ 3.565306, 46.549431 ], [ 3.566153, 46.544849 ], [ 3.566692, 46.540244 ], [ 3.566921, 46.535627 ], [ 3.566839, 46.531007 ], [ 3.566446, 46.526395 ], [ 3.565745, 46.521801 ], [ 3.564736, 46.517234 ], [ 3.563421, 46.512703 ], [ 3.561804, 46.50822 ], [ 3.559888, 46.503792 ], [ 3.557676, 46.49943 ], [ 3.555175, 46.495143 ], [ 3.552389, 46.490941 ], [ 3.549324, 46.486831 ], [ 3.545987, 46.482823 ], [ 3.542385, 46.478926 ], [ 3.538526, 46.475147 ], [ 3.534418, 46.471495 ], [ 3.53007, 46.467977 ], [ 3.525491, 46.464601 ], [ 3.520691, 46.461375 ], [ 3.51568, 46.458305 ], [ 3.510469, 46.455397 ], [ 3.505069, 46.452658 ], [ 3.499492, 46.450093 ], [ 3.493749, 46.447709 ], [ 3.487853, 46.44551 ], [ 3.481816, 46.4435 ], [ 3.475651, 46.441685 ], [ 3.469371, 46.440068 ], [ 3.46299, 46.438652 ], [ 3.456521, 46.43744 ], [ 3.449978, 46.436435 ], [ 3.443375, 46.43564 ], [ 3.436725, 46.435055 ], [ 3.430044, 46.434682 ], [ 3.423344, 46.434522 ], [ 3.416642, 46.434575 ], [ 3.40995, 46.434842 ], [ 3.403282, 46.435321 ], [ 3.403333, 46.435278 ], [ 3.403333, 46.435278 ], [ 3.2425, 46.449167 ], [ 3.25, 46.5 ], [ 3.289722, 46.646389 ] ] ] } },
{ "type": "Feature", "properties": { "name": "MARSAN 3", "nameV": "TMA MARSAN 3", "class": "D", "type": "TMA", "lower": "1650FT AMSL", "lowerM": 502, "upper": "4500FT AMSL", "upperM": 1371, "desc": "Activation H24. OAT/GAT procedures. Deactivation announced by RAI 119.7. Activity known on PYRENEES INFO 126.525,BORDEAUX INFO 120.575 and BIARRITZ INFO 119.175.", "activationCode": "HX", "declassifiable": true, "UId": "1606071", "id": "LFBM3", "stroke": "#ff0000", "stroke-width": 2, "stroke-opacity": 0.8, "fill": "#ffb9dc", "fill-opacity": 0.3 }, "geometry": { "type": "Polygon", "coordinates": [ [ [ -0.502778, 44.091111 ], [ -0.515833, 44.091111 ], [ -0.858333, 44.075 ], [ -0.883333, 44.0 ], [ -0.890833, 43.894167 ], [ -0.655556, 43.769444 ], [ -0.656096, 43.769439 ], [ -0.663943, 43.774041 ], [ -0.671526, 43.778869 ], [ -0.678833, 43.783915 ], [ -0.685851, 43.789171 ], [ -0.692569, 43.794627 ], [ -0.698975, 43.800276 ], [ -0.70506, 43.806107 ], [ -0.710813, 43.812112 ], [ -0.716224, 43.81828 ], [ -0.721285, 43.824601 ], [ -0.725986, 43.831065 ], [ -0.730321, 43.837661 ], [ -0.734282, 43.844379 ], [ -0.737863, 43.851207 ], [ -0.741056, 43.858134 ], [ -0.743858, 43.865149 ], [ -0.746262, 43.87224 ], [ -0.748266, 43.879396 ], [ -0.749866, 43.886604 ], [ -0.751058, 43.893853 ], [ -0.751841, 43.901132 ], [ -0.752213, 43.908427 ], [ -0.752174, 43.915727 ], [ -0.751723, 43.923019 ], [ -0.750862, 43.930293 ], [ -0.74959, 43.937535 ], [ -0.747911, 43.944734 ], [ -0.745827, 43.951878 ], [ -0.743341, 43.958956 ], [ -0.740457, 43.965954 ], [ -0.73718, 43.972863 ], [ -0.733515, 43.979669 ], [ -0.729468, 43.986363 ], [ -0.725045, 43.992934 ], [ -0.720255, 43.999369 ], [ -0.715104, 44.005659 ], [ -0.709601, 44.011792 ], [ -0.703755, 44.01776 ], [ -0.697575, 44.023552 ], [ -0.691073, 44.029158 ], [ -0.684258, 44.034569 ], [ -0.677141, 44.039777 ], [ -0.669736, 44.044772 ], [ -0.662052, 44.049546 ], [ -0.654105, 44.054091 ], [ -0.645905, 44.0584 ], [ -0.637468, 44.062466 ], [ -0.628807, 44.066281 ], [ -0.619936, 44.06984 ], [ -0.610871, 44.073136 ], [ -0.601625, 44.076165 ], [ -0.592216, 44.07892 ], [ -0.582657, 44.081398 ], [ -0.572965, 44.083594 ], [ -0.563157, 44.085505 ], [ -0.553248, 44.087127 ], [ -0.543255, 44.088458 ], [ -0.533195, 44.089495 ], [ -0.523084, 44.090238 ], [ -0.51294, 44.090684 ], [ -0.502778, 44.090832 ], [ -0.502778, 44.091111 ] ] ] } },
{ "type": "Feature", "properties": { "name": "STRASBOURG 8.20", "nameV": "TMA STRASBOURG 8.20", "class": "E", "type": "TMA", "lower": "2500FT AMSL", "lowerM": 762, "upper": "6500FT AMSL", "upperM": 1981, "desc": "Except for BADEN TMA parts A, C, D and F.", "activationCode": "H24", "UId": "1561067", "id": "LFST8.20", "stroke": "#008040", "stroke-width": 2, "stroke-opacity": 0.8, "fill": "#80ff80", "fill-opacity": 0.2 }, "geometry": { "type": "Polygon", "coordinates": [ [ [ 8.066668264498515, 49.000003272781207 ], [ 8.069164, 48.999039 ], [ 8.068992, 48.997611 ], [ 8.071625, 48.996317 ], [ 8.087617, 48.991772 ], [ 8.088025, 48.990483 ], [ 8.091431, 48.98935 ], [ 8.096667, 48.989703 ], [ 8.097642, 48.988847 ], [ 8.100728, 48.989922 ], [ 8.106575, 48.989056 ], [ 8.108728, 48.987022 ], [ 8.115106, 48.986908 ], [ 8.11985, 48.984711 ], [ 8.123503, 48.986422 ], [ 8.128094, 48.982519 ], [ 8.131081, 48.983158 ], [ 8.132886, 48.981175 ], [ 8.135672, 48.981156 ], [ 8.136533, 48.979564 ], [ 8.139586, 48.978481 ], [ 8.144656, 48.978556 ], [ 8.148608, 48.977319 ], [ 8.153831, 48.977183 ], [ 8.160808, 48.978614 ], [ 8.162153, 48.97755 ], [ 8.166981, 48.977692 ], [ 8.170122, 48.976397 ], [ 8.171625, 48.979072 ], [ 8.180319, 48.978283 ], [ 8.180456, 48.977539 ], [ 8.184644, 48.978519 ], [ 8.187633, 48.976592 ], [ 8.19455, 48.977114 ], [ 8.197583, 48.972364 ], [ 8.195536, 48.969228 ], [ 8.199767, 48.9669 ], [ 8.203836, 48.969642 ], [ 8.207789, 48.970125 ], [ 8.214361, 48.974961 ], [ 8.223311, 48.975833 ], [ 8.226761, 48.973928 ], [ 8.229592, 48.968789 ], [ 8.232572, 48.966508 ], [ 8.203267, 48.959828 ], [ 8.197353, 48.957261 ], [ 8.192078, 48.951975 ], [ 8.179667, 48.935094 ], [ 8.146672, 48.902403 ], [ 8.134203, 48.886142 ], [ 8.123578, 48.868989 ], [ 8.109611, 48.840039 ], [ 8.102211, 48.817481 ], [ 8.088447, 48.803214 ], [ 8.073036, 48.792825 ], [ 8.063825, 48.789522 ], [ 8.05845, 48.7889 ], [ 8.042686, 48.790692 ], [ 8.036403, 48.789736 ], [ 8.036145385813812, 48.789634621647387 ], [ 8.036111, 48.789722 ], [ 7.910833, 48.845 ], [ 8.066668264498515, 49.000003272781207 ] ] ] } },
{ "type": "Feature", "properties": { "name": "LILLE 4", "nameV": "TMA LILLE 4", "class": "D", "type": "TMA", "lower": "4500FT AMSL", "lowerM": 1371, "upper": "FL115", "upperM": 3505, "desc": "Lower limit FL 065 ABV LILLE TMA part 4.1.", "activationCode": "H24", "UId": "1561023", "id": "LFQQ4", "stroke": "#ff0000", "stroke-width": 2, "stroke-opacity": 0.8, "fill": "#ff8080", "fill-opacity": 0.3 }, "geometry": { "type": "Polygon", "coordinates": [ [ [ 3.573611, 50.4425 ], [ 3.614444, 50.409167 ], [ 3.658157767662281, 50.373306152288485 ], [ 3.657103, 50.369308 ], [ 3.658947, 50.366861 ], [ 3.664542, 50.365522 ], [ 3.667214, 50.360892 ], [ 3.667192, 50.3512 ], [ 3.664689, 50.347667 ], [ 3.669336, 50.346731 ], [ 3.669164, 50.345261 ], [ 3.6774, 50.3403 ], [ 3.672914, 50.334819 ], [ 3.674547, 50.332922 ], [ 3.677839, 50.33295 ], [ 3.679481, 50.329178 ], [ 3.685606, 50.326483 ], [ 3.684878, 50.324967 ], [ 3.688678, 50.322764 ], [ 3.693872, 50.321822 ], [ 3.692647, 50.318794 ], [ 3.691614, 50.318953 ], [ 3.692156, 50.320114 ], [ 3.690575, 50.320339 ], [ 3.689792, 50.319006 ], [ 3.683997, 50.320133 ], [ 3.695276637912547, 50.316107183667604 ], [ 3.695278, 50.316111 ], [ 3.415278, 50.206111 ], [ 2.776944, 50.214722 ], [ 2.525, 50.305556 ], [ 2.560556, 50.350278 ], [ 2.589722, 50.386944 ], [ 2.884722, 50.344722 ], [ 3.341111, 50.324444 ], [ 3.573611, 50.4425 ] ] ] } },
{ "type": "Feature", "properties": { "name": "LILLE 3", "nameV": "TMA LILLE 3", "class": "D", "type": "TMA", "lower": "2500FT AMSL", "lowerM": 762, "upper": "FL115", "upperM": 3505, "activationCode": "H24", "UId": "1561019", "id": "LFQQ3", "stroke": "#ff0000", "stroke-width": 2, "stroke-opacity": 0.8, "fill": "#ff8080", "fill-opacity": 0.3 }, "geometry": { "type": "Polygon", "coordinates": [ [ [ 3.49, 50.506667 ], [ 3.496130919526579, 50.498870308406261 ], [ 3.496125, 50.498864 ], [ 3.499411, 50.494561 ], [ 3.497447, 50.493203 ], [ 3.500653, 50.486733 ], [ 3.504707155765962, 50.488100023271777 ], [ 3.504722, 50.488056 ], [ 3.573611, 50.4425 ], [ 3.341111, 50.324444 ], [ 2.884722, 50.344722 ], [ 2.589722, 50.386944 ], [ 2.668333, 50.485833 ], [ 2.823889, 50.403333 ], [ 3.086111, 50.414167 ], [ 3.328056, 50.424167 ], [ 3.405, 50.463333 ], [ 3.49, 50.506667 ] ] ] } },
{ "type": "Feature", "properties": { "name": "LILLE 3.1", "nameV": "TMA LILLE 3.1", "class": "D", "type": "TMA", "lower": "2500FT AMSL", "lowerM": 762, "upper": "4500FT AMSL", "upperM": 1371, "desc": "Can be downgraded to class G for certain air activities, in accordance with protocol. Users INFO on LILLE APP.", "activationCode": "H24", "UId": "1564333", "id": "LFQQ3.1", "stroke": "#ff0000", "stroke-width": 2, "stroke-opacity": 0.8, "fill": "#ff8080", "fill-opacity": 0.3 }, "geometry": { "type": "Polygon", "coordinates": [ [ [ 2.589722, 50.386944 ], [ 2.884722, 50.344722 ], [ 2.777222, 50.3175 ], [ 2.560556, 50.350278 ], [ 2.589722, 50.386944 ] ] ] } },
{ "type": "Feature", "properties": { "name": "ORLEANS 3", "nameV": "TMA ORLEANS 3", "class": "D", "type": "TMA", "lower": "FL115", "lowerM": 3505, "upper": "FL145", "upperM": 4419, "desc": "OAT/GAT procedures. Activity known on RAI 122.7, PARIS ACC/FIC or SEINE SIV. A restricted area is also linked to this airspace (LF-R 25 C). Except for LF-R 25 C when active.", "activationCode": "HX", "activationDesc": "Activable H24. Possible activation H24", "declassifiable": true, "UId": "1563035", "id": "LFOJ3", "stroke": "#ff0000", "stroke-width": 2, "stroke-opacity": 0.8, "fill": "#ffb9dc", "fill-opacity": 0.1 }, "geometry": { "type": "Polygon", "coordinates": [ [ [ 1.885, 48.059167 ], [ 2.124722, 47.961944 ], [ 2.105278, 47.703333 ], [ 1.887222, 47.770556 ], [ 1.439444, 47.904444 ], [ 1.537222, 48.058889 ], [ 1.885, 48.059167 ] ] ] } },
{ "type": "Feature", "properties": { "name": "ORLEANS 6.1", "nameV": "TMA ORLEANS 6.1", "class": "D", "type": "TMA", "lower": "4500FT AMSL", "lowerM": 1371, "upper": "FL115", "upperM": 3505, "desc": "OAT/GAT procedures. Activity known on RAI 122.7, PARIS ACC/FIC or SEINE SIV. Except for AWY A3. Lower limit FL 065 within ORLEANS TMA part 6.2 lateral limits.", "activationCode": "HX", "activationDesc": "Activable H24. Possible activation H24.", "declassifiable": true, "UId": "1563051", "id": "LFOJ6.1", "stroke": "#ff0000", "stroke-width": 2, "stroke-opacity": 0.8, "fill": "#ffb9dc", "fill-opacity": 0.3 }, "geometry": { "type": "Polygon", "coordinates": [ [ [ 1.381667, 47.791667 ], [ 1.541667, 47.741667 ], [ 1.9475, 47.606667 ], [ 1.906667, 47.581667 ], [ 1.4875, 47.474444 ], [ 1.188056, 47.398056 ], [ 1.293056, 47.6125 ], [ 1.381667, 47.791667 ] ] ] } },
{ "type": "Feature", "properties": { "name": "SAINT-YAN 1.1", "nameV": "TMA SAINT-YAN 1.1", "class": "E", "type": "TMA", "lower": "2000FT AGL", "ordinalLowerM": 609, "lowerM": 609, "upper": "5000FT AMSL", "upperM": 1524, "groundEstimatedHeight": [ 0, 0, 0, 0 ], "desc": "ROANNE TA: 5000ft.", "activationCode": "HO", "activationDesc": "LUN-VEN sauf JF: ETE: 0600-2200 HIV: 0700-2100 MON-FRI except HOL: SUM: 0600-2200 WIN: 0700-2100", "UId": "1561233", "id": "LFLN1.1", "stroke": "#008040", "stroke-width": 2, "stroke-opacity": 0.8, "fill": "#80ff80", "fill-opacity": 0.2 }, "geometry": { "type": "Polygon", "coordinates": [ [ [ 3.6325, 46.251944 ], [ 4.038056, 46.1825 ], [ 4.023889, 46.160833 ], [ 4.197222, 46.101389 ], [ 4.203611, 46.086111 ], [ 3.683333, 46.104444 ], [ 3.633333, 46.2 ], [ 3.6325, 46.251944 ] ] ] } },
{ "type": "Feature", "properties": { "name": "SAINT-YAN 1.2", "nameV": "TMA SAINT-YAN 1.2", "class": "D", "type": "TMA", "lower": "2000FT AGL", "ordinalLowerM": 609, "lowerM": 609, "upper": "5000FT AMSL", "upperM": 1524, "groundEstimatedHeight": [ 0, 0, 0, 0 ], "desc": "Downgrading To class G following protocol announced on ATIS ST-YAN.", "activationCode": "HO", "activationDesc": "Activable LUN-VEN sauf JF: ETE: 0600-2200 HIV: 0700-2100 Possible activation: MON-FRI except HOL:\"SUM: 0600-2200 WIN: 0700-2100", "declassifiable": true, "UId": "1561229", "id": "LFLN1.2", "stroke": "#ff0000", "stroke-width": 2, "stroke-opacity": 0.8, "fill": "#ffb9dc", "fill-opacity": 0.3 }, "geometry": { "type": "Polygon", "coordinates": [ [ [ 4.044444, 46.555556 ], [ 4.044107, 46.555602 ], [ 4.048305, 46.557591 ], [ 4.052596, 46.559484 ], [ 4.056974, 46.561281 ], [ 4.061435, 46.562978 ], [ 4.065974, 46.564575 ], [ 4.070586, 46.566069 ], [ 4.075267, 46.56746 ], [ 4.080012, 46.568744 ], [ 4.084815, 46.569922 ], [ 4.089671, 46.570992 ], [ 4.094575, 46.571952 ], [ 4.099523, 46.572802 ], [ 4.104508, 46.573541 ], [ 4.109525, 46.574167 ], [ 4.11457, 46.574682 ], [ 4.119636, 46.575082 ], [ 4.124719, 46.57537 ], [ 4.129813, 46.575543 ], [ 4.134912, 46.575602 ], [ 4.140011, 46.575547 ], [ 4.145105, 46.575377 ], [ 4.150188, 46.575094 ], [ 4.155255, 46.574697 ], [ 4.160301, 46.574187 ], [ 4.165319, 46.573564 ], [ 4.170306, 46.572829 ], [ 4.175254, 46.571983 ], [ 4.18016, 46.571027 ], [ 4.185018, 46.569961 ], [ 4.189823, 46.568787 ], [ 4.19457, 46.567506 ], [ 4.199253, 46.566119 ], [ 4.203868, 46.564629 ], [ 4.20841, 46.563035 ], [ 4.212873, 46.561341 ], [ 4.217254, 46.559548 ], [ 4.221548, 46.557658 ], [ 4.22575, 46.555672 ], [ 4.229855, 46.553594 ], [ 4.233859, 46.551425 ], [ 4.237759, 46.549167 ], [ 4.241549, 46.546823 ], [ 4.245227, 46.544395 ], [ 4.248787, 46.541887 ], [ 4.252227, 46.5393 ], [ 4.255542, 46.536637 ], [ 4.258729, 46.533902 ], [ 4.261785, 46.531097 ], [ 4.264706, 46.528224 ], [ 4.26749, 46.525288 ], [ 4.270134, 46.522291 ], [ 4.272634, 46.519237 ], [ 4.274988, 46.516128 ], [ 4.277194, 46.512968 ], [ 4.279249, 46.50976 ], [ 4.281151, 46.506508 ], [ 4.282899, 46.503216 ], [ 4.28449, 46.499885 ], [ 4.285922, 46.496521 ], [ 4.287195, 46.493127 ], [ 4.288307, 46.489706 ], [ 4.289256, 46.486262 ], [ 4.290042, 46.482798 ], [ 4.290664, 46.479319 ], [ 4.291122, 46.475827 ], [ 4.291414, 46.472327 ], [ 4.291541, 46.468823 ], [ 4.291503, 46.465317 ], [ 4.291299, 46.461815 ], [ 4.29093, 46.458318 ], [ 4.290396, 46.454832 ], [ 4.289698, 46.451359 ], [ 4.288837, 46.447904 ], [ 4.287813, 46.44447 ], [ 4.2875, 46.444444 ], [ 4.2875, 46.444444 ], [ 4.230278, 46.4475 ], [ 4.161111, 46.450556 ], [ 4.153056, 46.441944 ], [ 4.126944, 46.443333 ], [ 4.082222, 46.464167 ], [ 4.055278, 46.468611 ], [ 4.035833, 46.501389 ], [ 4.044444, 46.555556 ] ] ] } },
{ "type": "Feature", "properties": { "name": "ORLEANS 4", "nameV": "TMA ORLEANS 4", "class": "D", "type": "TMA", "lower": "FL145", "lowerM": 4419, "upper": "FL195", "upperM": 5943, "desc": "OAT/GAT procedures. Activity known on RAI 122.7, PARIS ACC/FIC or SEINE SIV. A restricted area is also linked to this airspace (LF-R 25 C). Except for LF-R25 C when active.", "activationCode": "HX", "activationDesc": "Activable H24, du LUN au VEN sauf JF. Activation H24, from MON to FRI except HOL.", "declassifiable": true, "UId": "1563039", "id": "LFOJ4", "stroke": "#ff0000", "stroke-width": 2, "stroke-opacity": 0.8, "fill": "#ffb9dc", "fill-opacity": 0.1 }, "geometry": { "type": "Polygon", "coordinates": [ [ [ 1.885, 48.059167 ], [ 1.887222, 47.770556 ], [ 1.439444, 47.904444 ], [ 1.537222, 48.058889 ], [ 1.885, 48.059167 ] ] ] } },
{ "type": "Feature", "properties": { "name": "SAINT PIERRE.20", "nameV": "TMA SAINT PIERRE.20", "class": "E", "type": "TMA", "lower": "6000FT AMSL", "lowerM": 1828, "upper": "18000FT AMSL", "upperM": 5486, "activationCode": "H24", "UId": "1561481", "id": "TMA4347.20", "stroke": "#008040", "stroke-width": 2, "stroke-opacity": 0.8, "fill": "#80ff80", "fill-opacity": 0.2 }, "geometry": { "type": "Polygon", "coordinates": [ [ [ -55.965278, 47.333889 ], [ -55.964648, 47.333719 ], [ -56.014841, 47.341837 ], [ -56.065675, 47.347878 ], [ -56.116961, 47.35182 ], [ -56.168508, 47.353649 ], [ -56.220125, 47.353357 ], [ -56.271619, 47.350946 ], [ -56.3228, 47.346425 ], [ -56.373477, 47.339811 ], [ -56.423462, 47.331127 ], [ -56.472569, 47.320407 ], [ -56.520618, 47.30769 ], [ -56.56743, 47.293023 ], [ -56.612833, 47.276461 ], [ -56.656661, 47.258065 ], [ -56.698752, 47.237903 ], [ -56.738955, 47.21605 ], [ -56.777122, 47.192587 ], [ -56.813115, 47.167599 ], [ -56.846806, 47.141179 ], [ -56.878074, 47.113424 ], [ -56.906808, 47.084436 ], [ -56.932907, 47.054321 ], [ -56.95628, 47.023189 ], [ -56.976847, 46.991155 ], [ -56.994538, 46.958334 ], [ -57.009293, 46.924846 ], [ -57.021065, 46.890813 ], [ -57.029817, 46.856359 ], [ -57.035523, 46.821607 ], [ -57.038168, 46.786684 ], [ -57.037749, 46.751715 ], [ -57.034273, 46.716826 ], [ -57.027758, 46.682142 ], [ -57.018234, 46.647788 ], [ -57.00574, 46.613887 ], [ -56.990327, 46.580559 ], [ -56.972055, 46.547923 ], [ -56.950994, 46.516096 ], [ -56.927223, 46.48519 ], [ -56.900831, 46.455315 ], [ -56.871916, 46.426577 ], [ -56.840584, 46.399077 ], [ -56.806949, 46.372912 ], [ -56.771132, 46.348174 ], [ -56.733263, 46.324951 ], [ -56.693477, 46.303323 ], [ -56.651916, 46.283368 ], [ -56.608727, 46.265154 ], [ -56.564063, 46.248746 ], [ -56.518082, 46.234201 ], [ -56.470944, 46.22157 ], [ -56.422816, 46.210896 ], [ -56.373867, 46.202218 ], [ -56.324266, 46.195566 ], [ -56.274187, 46.190962 ], [ -56.223806, 46.188422 ], [ -56.173297, 46.187957 ], [ -56.122836, 46.189566 ], [ -56.0726, 46.193245 ], [ -56.022763, 46.198981 ], [ -55.9735, 46.206754 ], [ -55.924982, 46.216536 ], [ -55.87738, 46.228294 ], [ -55.830859, 46.241986 ], [ -55.785584, 46.257565 ], [ -55.741714, 46.274976 ], [ -55.699404, 46.294158 ], [ -55.658804, 46.315044 ], [ -55.620057, 46.337561 ], [ -55.583304, 46.36163 ], [ -55.548674, 46.387166 ], [ -55.516294, 46.414078 ], [ -55.486281, 46.442274 ], [ -55.458745, 46.471651 ], [ -55.433786, 46.502108 ], [ -55.411499, 46.533536 ], [ -55.391966, 46.565823 ], [ -55.375262, 46.598855 ], [ -55.361451, 46.632514 ], [ -55.350589, 46.66668 ], [ -55.353056, 46.666667 ], [ -55.353056, 46.666667 ], [ -55.951944, 46.741944 ], [ -55.95149, 46.741979 ], [ -55.950448, 46.746268 ], [ -55.949571, 46.750575 ], [ -55.948862, 46.754896 ], [ -55.948319, 46.759228 ], [ -55.947944, 46.763568 ], [ -55.947738, 46.767914 ], [ -55.947699, 46.772262 ], [ -55.947829, 46.77661 ], [ -55.948127, 46.780953 ], [ -55.948593, 46.785289 ], [ -55.949227, 46.789616 ], [ -55.950028, 46.793929 ], [ -55.950996, 46.798227 ], [ -55.95213, 46.802505 ], [ -55.95343, 46.806761 ], [ -55.954894, 46.810992 ], [ -55.956522, 46.815195 ], [ -55.958312, 46.819367 ], [ -55.960263, 46.823505 ], [ -55.962375, 46.827606 ], [ -55.964644, 46.831668 ], [ -55.967071, 46.835687 ], [ -55.969653, 46.83966 ], [ -55.972388, 46.843585 ], [ -55.975275, 46.847459 ], [ -55.978311, 46.851279 ], [ -55.981495, 46.855043 ], [ -55.984824, 46.858748 ], [ -55.988296, 46.862391 ], [ -55.991908, 46.865969 ], [ -55.995658, 46.869481 ], [ -55.999543, 46.872924 ], [ -56.003561, 46.876294 ], [ -56.007709, 46.879591 ], [ -56.011984, 46.882811 ], [ -56.016382, 46.885953 ], [ -56.020902, 46.889013 ], [ -56.025539, 46.89199 ], [ -56.03029, 46.894883 ], [ -56.035152, 46.897688 ], [ -56.040122, 46.900403 ], [ -56.045196, 46.903028 ], [ -56.050371, 46.905559 ], [ -56.055642, 46.907996 ], [ -56.061006, 46.910336 ], [ -56.06646, 46.912578 ], [ -56.071999, 46.91472 ], [ -56.07762, 46.916761 ], [ -56.083319, 46.918699 ], [ -56.089091, 46.920533 ], [ -56.094933, 46.922261 ], [ -56.10084, 46.923883 ], [ -56.106808, 46.925397 ], [ -56.112833, 46.926802 ], [ -56.118911, 46.928098 ], [ -56.125037, 46.929282 ], [ -56.125278, 46.929167 ], [ -56.125278, 46.929167 ], [ -55.965278, 47.333889 ] ] ] } },
{ "type": "Feature", "properties": { "name": "LUXEUIL 4", "nameV": "TMA LUXEUIL 4", "class": "D", "type": "TMA", "lower": "5000FT AMSL", "lowerM": 1524, "upper": "FL195", "upperM": 5943, "desc": "OAT/GAT procedures. Deactivation announced by RAI 129.925 Activity known on REIMS ACC, BASEL INFO and STRASBOURG INFO.", "activationCode": "HO", "activationDesc": "Activable H24 hors activité réelle de la EU-C 25 FW. Possible activation H24 out of real activity of EU-C 25 FW.", "declassifiable": true, "UId": "1564639", "id": "LFSX4", "stroke": "#ff0000", "stroke-width": 2, "stroke-opacity": 0.8, "fill": "#ffb9dc", "fill-opacity": 0.3 }, "geometry": { "type": "Polygon", "coordinates": [ [ [ 5.608333, 47.741667 ], [ 6.003611, 47.66 ], [ 5.608333, 47.469444 ], [ 5.608333, 47.741667 ] ] ] } },
{ "type": "Feature", "properties": { "name": "PYRENEES 3.20", "nameV": "TMA PYRENEES 3.20", "class": "E", "type": "TMA", "lower": "2500FT AMSL", "lowerM": 762, "upper": "4500FT AMSL", "upperM": 1371, "desc": "Except for interfering parts of LF-R 201 A when active and LF-P 4 LF-P 4: entry prohibited, exception see AIP ENR 5.1", "activationCode": "H24", "UId": "1561695", "id": "LFBT3.20", "stroke": "#008040", "stroke-width": 2, "stroke-opacity": 0.8, "fill": "#80ff80", "fill-opacity": 0.2 }, "geometry": { "type": "Polygon", "coordinates": [ [ [ -0.9, 43.471111 ], [ -0.716667, 43.458333 ], [ -0.622222, 43.471944 ], [ -0.550556, 43.482222 ], [ -0.648056, 43.286944 ], [ -0.9, 43.302778 ], [ -0.9, 43.471111 ] ] ] } },
{ "type": "Feature", "properties": { "name": "MARSAN 2", "nameV": "TMA MARSAN 2", "class": "D", "type": "TMA", "lower": "1000FT AGL", "ordinalLowerM": 304, "lowerM": 304, "upper": "3000FT AMSL", "upperM": 914, "groundEstimatedHeight": [ 0, 0, 0, 0 ], "desc": "Airspace defined except for a 2NM-radius circle centered on NOGARO AD, SFC-1650ft ASFC, and LF-R 267 A/B areas when active. Activation H24. OAT/GAT procedures. Deactivation announced by RAI 119.7. Activity known on: - PYRENEES INFO 126.525, - BORDEAUX INFO 120.575, - BIARRITZ INFO 119.175.", "activationCode": "HX", "declassifiable": true, "UId": "1606069", "id": "LFBM2", "stroke": "#ff0000", "stroke-width": 2, "stroke-opacity": 0.8, "fill": "#ffb9dc", "fill-opacity": 0.3 }, "geometry": { "type": "Polygon", "coordinates": [ [ [ -0.502778, 44.091111 ], [ -0.1, 44.108333 ], [ 0.066667, 44.114167 ], [ 0.227778, 43.755833 ], [ -0.5125, 43.731111 ], [ -0.512523, 43.731317 ], [ -0.499541, 43.731194 ], [ -0.486569, 43.73156 ], [ -0.473639, 43.732412 ], [ -0.460789, 43.733748 ], [ -0.448051, 43.735565 ], [ -0.435461, 43.737858 ], [ -0.423052, 43.74062 ], [ -0.410859, 43.743845 ], [ -0.398912, 43.747523 ], [ -0.387246, 43.751645 ], [ -0.375892, 43.756199 ], [ -0.36488, 43.761173 ], [ -0.35424, 43.766554 ], [ -0.344, 43.772328 ], [ -0.334189, 43.778478 ], [ -0.324834, 43.784988 ], [ -0.315959, 43.791841 ], [ -0.307589, 43.799017 ], [ -0.299746, 43.806499 ], [ -0.292453, 43.814264 ], [ -0.285728, 43.822293 ], [ -0.279591, 43.830564 ], [ -0.274058, 43.839054 ], [ -0.269145, 43.84774 ], [ -0.264864, 43.856598 ], [ -0.261229, 43.865606 ], [ -0.258248, 43.874738 ], [ -0.255931, 43.883969 ], [ -0.254285, 43.893275 ], [ -0.253313, 43.90263 ], [ -0.253018, 43.912008 ], [ -0.253403, 43.921385 ], [ -0.254466, 43.930735 ], [ -0.256205, 43.940033 ], [ -0.258615, 43.949252 ], [ -0.261689, 43.958368 ], [ -0.265421, 43.967356 ], [ -0.2698, 43.976192 ], [ -0.274814, 43.984852 ], [ -0.28045, 43.993312 ], [ -0.286693, 44.001548 ], [ -0.293526, 44.009538 ], [ -0.300931, 44.017262 ], [ -0.308887, 44.024696 ], [ -0.317374, 44.031822 ], [ -0.326367, 44.038619 ], [ -0.335843, 44.04507 ], [ -0.345776, 44.051155 ], [ -0.356139, 44.05686 ], [ -0.366903, 44.062167 ], [ -0.378039, 44.067063 ], [ -0.389517, 44.071535 ], [ -0.401306, 44.075569 ], [ -0.413373, 44.079155 ], [ -0.425685, 44.082283 ], [ -0.438208, 44.084944 ], [ -0.450908, 44.087131 ], [ -0.46375, 44.088839 ], [ -0.4767, 44.090062 ], [ -0.489721, 44.090797 ], [ -0.502778, 44.091043 ], [ -0.502778, 44.091111 ] ] ] } },
{ "type": "Feature", "properties": { "name": "SEINE 1", "nameV": "TMA SEINE 1", "class": "E", "type": "TMA", "lower": "2500FT AMSL", "lowerM": 762, "upper": "3500FT AMSL", "upperM": 1066, "desc": "LF-P 31 Nogent sur Seine: entry prohibited, exception see AIP ENR 5.1", "activationCode": "HX", "activationDesc": "MON-FRI (EXC HOL): SUM: 0400-2030 WIN: 0600-2100", "UId": "1561355", "id": "LFPM1", "stroke": "#008040", "stroke-width": 2, "stroke-opacity": 0.8, "fill": "#80ff80", "fill-opacity": 0.2 }, "geometry": { "type": "Polygon", "coordinates": [ [ [ 3.371667, 48.5175 ], [ 3.711111, 48.5675 ], [ 3.801944, 48.379722 ], [ 3.780556, 48.136389 ], [ 3.518889, 48.179167 ], [ 3.373333, 48.231111 ], [ 3.25, 48.340278 ], [ 3.371667, 48.5175 ] ] ] } },
{ "type": "Feature", "properties": { "name": "SEINE 5", "nameV": "TMA SEINE 5", "class": "D", "type": "TMA", "lower": "1500FT AMSL", "lowerM": 457, "upper": "3500FT AMSL", "upperM": 1066, "activationCode": "HX", "activationDesc": "MON-FRI (EXC HOL): SUM: 0400-2030 WIN: 0600-2100", "declassifiable": true, "UId": "1561077", "id": "LFPM5", "stroke": "#ff0000", "stroke-width": 2, "stroke-opacity": 0.8, "fill": "#ffb9dc", "fill-opacity": 0.3 }, "geometry": { "type": "Polygon", "coordinates": [ [ [ 2.911667, 48.647222 ], [ 3.123889, 48.6275 ], [ 3.181667, 48.6275 ], [ 3.28, 48.570278 ], [ 3.177778, 48.421667 ], [ 2.685278, 48.483333 ], [ 2.847222, 48.522222 ], [ 2.911667, 48.647222 ] ] ] } },
{ "type": "Feature", "properties": { "name": "SEINE 6", "nameV": "TMA SEINE 6", "class": "E", "type": "TMA", "lower": "1500FT AMSL", "lowerM": 457, "upper": "3500FT AMSL", "upperM": 1066, "activationCode": "HX", "activationDesc": "MON-FRI (EXC HOL): SUM: 0400-2030 WIN: 0600-2100", "UId": "1561073", "id": "LFPM6", "stroke": "#008040", "stroke-width": 2, "stroke-opacity": 0.8, "fill": "#80ff80", "fill-opacity": 0.2 }, "geometry": { "type": "Polygon", "coordinates": [ [ [ 3.28, 48.570278 ], [ 3.371667, 48.5175 ], [ 3.25, 48.340278 ], [ 3.110833, 48.324167 ], [ 2.882222, 48.404444 ], [ 2.716944, 48.401944 ], [ 2.395833, 48.406389 ], [ 2.489167, 48.505 ], [ 2.685278, 48.483333 ], [ 3.177778, 48.421667 ], [ 3.28, 48.570278 ] ] ] } },
{ "type": "Feature", "properties": { "name": "LUXEMBOURG 4", "nameV": "TMA LUXEMBOURG 4", "class": "D", "type": "TMA", "lower": "2500FT AMSL", "lowerM": 762, "upper": "FL165", "upperM": 5029, "desc": "Except for LF-R45 N3 when active.", "activationCode": "H24", "UId": "1606201", "id": "TMA16214", "stroke": "#ff0000", "stroke-width": 2, "stroke-opacity": 0.8, "fill": "#ff8080", "fill-opacity": 0.3 }, "geometry": { "type": "Polygon", "coordinates": [ [ [ 5.756383785361529, 49.542515104470048 ], [ 5.757797, 49.543003 ], [ 5.755836, 49.546139 ], [ 5.758186, 49.550394 ], [ 5.755942, 49.556272 ], [ 5.759936, 49.558422 ], [ 5.758436, 49.561422 ], [ 5.762617, 49.561 ], [ 5.771208, 49.563325 ], [ 5.774583, 49.563214 ], [ 5.779325, 49.558444 ], [ 5.781539, 49.559025 ], [ 5.785533, 49.557636 ], [ 5.791975, 49.551742 ], [ 5.803003, 49.549364 ], [ 5.807858, 49.550783 ], [ 5.812253, 49.547397 ], [ 5.815844, 49.548472 ], [ 5.818614, 49.546375 ], [ 5.818614, 49.546375 ], [ 5.810475, 49.543536 ], [ 5.8172, 49.536994 ], [ 5.8371, 49.542103 ], [ 5.839167, 49.536997 ], [ 5.846264, 49.5295 ], [ 5.834575, 49.526414 ], [ 5.836039, 49.519953 ], [ 5.848447, 49.51445 ], [ 5.850269, 49.508597 ], [ 5.858869, 49.505775 ], [ 5.862756, 49.501461 ], [ 5.868428, 49.499058 ], [ 5.885781, 49.498614 ], [ 5.891019, 49.496814 ], [ 5.897236, 49.496611 ], [ 5.905728, 49.499217 ], [ 5.907297, 49.501528 ], [ 5.912106, 49.501997 ], [ 5.928597, 49.498578 ], [ 5.931967, 49.499769 ], [ 5.942869, 49.500219 ], [ 5.946044, 49.499511 ], [ 5.946292, 49.496967 ], [ 5.951883, 49.494039 ], [ 5.970631, 49.491419 ], [ 5.973219, 49.49005 ], [ 5.969003, 49.485747 ], [ 5.974422, 49.480878 ], [ 5.973067, 49.476458 ], [ 5.97075, 49.474719 ], [ 5.972014, 49.472411 ], [ 5.972797, 49.468753 ], [ 5.974308, 49.464636 ], [ 5.979653, 49.461003 ], [ 5.983967, 49.463161 ], [ 5.987581, 49.461753 ], [ 5.985844, 49.456139 ], [ 5.98165, 49.456536 ], [ 5.978911, 49.453794 ], [ 5.982047, 49.451067 ], [ 5.997547, 49.456536 ], [ 6.001369, 49.456253 ], [ 6.008447, 49.452189 ], [ 6.012122, 49.453072 ], [ 6.028983, 49.455419 ], [ 6.027025, 49.452033 ], [ 6.027103, 49.448706 ], [ 6.032914, 49.449336 ], [ 6.042156, 49.447803 ], [ 6.042164033270997, 49.447815438172405 ], [ 6.042222, 49.447778 ], [ 5.906389, 49.451667 ], [ 5.833333, 49.452222 ], [ 5.818611, 49.4525 ], [ 5.793333, 49.452778 ], [ 5.756383785361529, 49.542515104470048 ] ] ] } },
{ "type": "Feature", "properties": { "name": "LUXEMBOURG 3", "nameV": "TMA LUXEMBOURG 3", "class": "D", "type": "TMA", "lower": "2500FT AMSL", "lowerM": 762, "upper": "FL165", "upperM": 5029, "desc": "Except for LF-R45 N3 when active.", "activationCode": "H24", "UId": "1606199", "id": "TMA16213", "stroke": "#ff0000", "stroke-width": 2, "stroke-opacity": 0.8, "fill": "#ff8080", "fill-opacity": 0.3 }, "geometry": { "type": "Polygon", "coordinates": [ [ [ 6.481667, 49.454722 ], [ 6.250278, 49.451389 ], [ 6.042164033270997, 49.447815438172405 ], [ 6.052739, 49.464189 ], [ 6.058489, 49.466067 ], [ 6.064992, 49.464853 ], [ 6.071767, 49.465403 ], [ 6.073967, 49.4636 ], [ 6.079442, 49.463736 ], [ 6.0808, 49.459022 ], [ 6.088689, 49.454892 ], [ 6.094622, 49.452817 ], [ 6.100822, 49.452875 ], [ 6.101408, 49.457736 ], [ 6.098203, 49.462486 ], [ 6.099511, 49.467408 ], [ 6.102661, 49.469925 ], [ 6.108986, 49.472211 ], [ 6.112892, 49.472583 ], [ 6.114781, 49.470519 ], [ 6.123239, 49.473294 ], [ 6.122331, 49.475758 ], [ 6.126958, 49.482169 ], [ 6.126464, 49.490206 ], [ 6.127839, 49.493661 ], [ 6.1331, 49.489961 ], [ 6.141864, 49.4916 ], [ 6.141092, 49.486428 ], [ 6.155392, 49.493447 ], [ 6.157664, 49.491694 ], [ 6.162322, 49.493444 ], [ 6.154539, 49.500439 ], [ 6.156153, 49.504206 ], [ 6.164444, 49.505078 ], [ 6.176089, 49.510031 ], [ 6.1775, 49.506928 ], [ 6.181928, 49.507597 ], [ 6.197025, 49.505803 ], [ 6.204822, 49.506469 ], [ 6.215814, 49.506742 ], [ 6.216992, 49.509997 ], [ 6.219925, 49.508797 ], [ 6.226261, 49.510014 ], [ 6.235642, 49.508064 ], [ 6.240533, 49.513378 ], [ 6.242761, 49.511714 ], [ 6.246817, 49.508819 ], [ 6.255872, 49.510036 ], [ 6.258361, 49.507175 ], [ 6.261989, 49.5066 ], [ 6.262958, 49.504094 ], [ 6.270958, 49.504697 ], [ 6.279558, 49.503067 ], [ 6.280133, 49.500647 ], [ 6.279464, 49.495722 ], [ 6.282806, 49.493392 ], [ 6.289494, 49.493856 ], [ 6.28835, 49.491556 ], [ 6.285214, 49.491572 ], [ 6.285186, 49.489575 ], [ 6.289203, 49.487067 ], [ 6.287978, 49.485858 ], [ 6.290906, 49.484611 ], [ 6.291858, 49.487106 ], [ 6.299233, 49.488211 ], [ 6.295572, 49.480986 ], [ 6.306031, 49.477422 ], [ 6.312589, 49.4803 ], [ 6.314967, 49.477161 ], [ 6.318494, 49.477964 ], [ 6.324733, 49.474969 ], [ 6.331553, 49.469717 ], [ 6.3336, 49.467372 ], [ 6.342375, 49.469158 ], [ 6.347111, 49.466025 ], [ 6.353189, 49.467 ], [ 6.365308, 49.459586 ], [ 6.368678, 49.460428 ], [ 6.367097, 49.469483 ], [ 6.367097, 49.469483 ], [ 6.371469, 49.468622 ], [ 6.371447, 49.466758 ], [ 6.374033, 49.466175 ], [ 6.374825, 49.464214 ], [ 6.379803, 49.464667 ], [ 6.380092, 49.466219 ], [ 6.393544, 49.464064 ], [ 6.408561, 49.467608 ], [ 6.414678, 49.471078 ], [ 6.420519, 49.476358 ], [ 6.426067, 49.475503 ], [ 6.428047, 49.476883 ], [ 6.434658, 49.472564 ], [ 6.433253, 49.471767 ], [ 6.440594, 49.466708 ], [ 6.443175, 49.468178 ], [ 6.450886, 49.465708 ], [ 6.455736, 49.462689 ], [ 6.464583, 49.46635 ], [ 6.465597, 49.464703 ], [ 6.468714, 49.464453 ], [ 6.471478, 49.461547 ], [ 6.481675169096991, 49.454734227277612 ], [ 6.481667, 49.454722 ] ] ] } },
{ "type": "Feature", "properties": { "name": "MORONI B", "nameV": "TMA MORONI B", "class": "A", "type": "TMA", "lower": "FL145", "lowerM": 4419, "upper": "FL245", "upperM": 7467, "activationCode": "HX", "activationDesc": "H12", "UId": "1563445", "id": "TMA45022", "stroke": "#ff0000", "stroke-width": 2, "stroke-opacity": 0.8, "fill": "#ff8080", "fill-opacity": 0.1 }, "geometry": { "type": "Polygon", "coordinates": [ [ [ 45.733611, -10.0 ], [ 45.735687, -10.008528 ], [ 45.770877, -10.065054 ], [ 45.804734, -10.122367 ], [ 45.837239, -10.180436 ], [ 45.868374, -10.239232 ], [ 45.898122, -10.298721 ], [ 45.926466, -10.358874 ], [ 45.95339, -10.419656 ], [ 45.97888, -10.481036 ], [ 46.00292, -10.542981 ], [ 46.025496, -10.605458 ], [ 46.046597, -10.668432 ], [ 46.066209, -10.731871 ], [ 46.084322, -10.795739 ], [ 46.100924, -10.860004 ], [ 46.116006, -10.92463 ], [ 46.129559, -10.989582 ], [ 46.141574, -11.054826 ], [ 46.152044, -11.120326 ], [ 46.160962, -11.186048 ], [ 46.168323, -11.251955 ], [ 46.174121, -11.318011 ], [ 46.178353, -11.384183 ], [ 46.181014, -11.450433 ], [ 46.182103, -11.516725 ], [ 46.181617, -11.583025 ], [ 46.179556, -11.649295 ], [ 46.17592, -11.715501 ], [ 46.17071, -11.781605 ], [ 46.163927, -11.847573 ], [ 46.155573, -11.913369 ], [ 46.145653, -11.978956 ], [ 46.134171, -12.044299 ], [ 46.121131, -12.109362 ], [ 46.106539, -12.17411 ], [ 46.090403, -12.238508 ], [ 46.072729, -12.302521 ], [ 46.053527, -12.366113 ], [ 46.032806, -12.42925 ], [ 46.010575, -12.491897 ], [ 45.986847, -12.55402 ], [ 45.961632, -12.615585 ], [ 45.934944, -12.676558 ], [ 45.906796, -12.736906 ], [ 45.877202, -12.796595 ], [ 45.846178, -12.855593 ], [ 45.813739, -12.913868 ], [ 45.779903, -12.971386 ], [ 45.744686, -13.028117 ], [ 45.708108, -13.08403 ], [ 45.670188, -13.139092 ], [ 45.630945, -13.193275 ], [ 45.5904, -13.246547 ], [ 45.548576, -13.29888 ], [ 45.505493, -13.350245 ], [ 45.461175, -13.400612 ], [ 45.415646, -13.449954 ], [ 45.36893, -13.498245 ], [ 45.321052, -13.545456 ], [ 45.272038, -13.591562 ], [ 45.221915, -13.636536 ], [ 45.17071, -13.680355 ], [ 45.118451, -13.722993 ], [ 45.065165, -13.764427 ], [ 45.010883, -13.804634 ], [ 44.955634, -13.843591 ], [ 44.899448, -13.881276 ], [ 44.842356, -13.917669 ], [ 44.784389, -13.952749 ], [ 44.72558, -13.986496 ], [ 44.665961, -14.018892 ], [ 44.605564, -14.049918 ], [ 44.544424, -14.079557 ], [ 44.482573, -14.107792 ], [ 44.420048, -14.134608 ], [ 44.356881, -14.15999 ], [ 44.293109, -14.183922 ], [ 44.228767, -14.206392 ], [ 44.163891, -14.227388 ], [ 44.098517, -14.246896 ], [ 44.032682, -14.264907 ], [ 43.966422, -14.281411 ], [ 43.899775, -14.296397 ], [ 43.832778, -14.309857 ], [ 43.765468, -14.321785 ], [ 43.697884, -14.332173 ], [ 43.630063, -14.341015 ], [ 43.562043, -14.348306 ], [ 43.493863, -14.354042 ], [ 43.425561, -14.358221 ], [ 43.357175, -14.360839 ], [ 43.288744, -14.361895 ], [ 43.220306, -14.361389 ], [ 43.1519, -14.359321 ], [ 43.083564, -14.355692 ], [ 43.015336, -14.350504 ], [ 42.947255, -14.343759 ], [ 42.87936, -14.335463 ], [ 42.811688, -14.325619 ], [ 42.744277, -14.314233 ], [ 42.744722, -14.329722 ], [ 42.744722, -14.329722 ], [ 41.5, -11.0 ], [ 45.0, -10.0 ], [ 45.733611, -10.0 ] ] ] } },
{ "type": "Feature", "properties": { "name": "MONTPELLIER 20.20", "nameV": "TMA MONTPELLIER 20.20", "class": "E", "type": "TMA", "lower": "4000FT AMSL", "lowerM": 1219, "upper": "FL065", "upperM": 1981, "activationCode": "H24", "UId": "23813022", "id": "LFMT20.20", "stroke": "#008040", "stroke-width": 2, "stroke-opacity": 0.8, "fill": "#80ff80", "fill-opacity": 0.2 }, "geometry": { "type": "Polygon", "coordinates": [ [ [ 2.748889, 43.100556 ], [ 2.631111, 43.106667 ], [ 2.525833, 43.058611 ], [ 2.425556, 43.130556 ], [ 2.4275, 43.132222 ], [ 2.625, 43.131111 ], [ 2.66, 43.213889 ], [ 2.66, 43.228611 ], [ 2.853333, 43.162778 ], [ 2.748889, 43.100556 ] ] ] } },
{ "type": "Feature", "properties": { "name": "PROVENCE 9.3", "nameV": "TMA PROVENCE 9.3", "class": "D", "type": "TMA", "lower": "4500FT AMSL", "lowerM": 1371, "upper": "FL075", "upperM": 2286, "desc": "Downgrading to class E following protocol, announced on PROVENCE ATIS", "activationCode": "H24", "UId": "23811841", "id": "LFML9.3", "stroke": "#ff0000", "stroke-width": 2, "stroke-opacity": 0.8, "fill": "#ff8080", "fill-opacity": 0.3 }, "geometry": { "type": "Polygon", "coordinates": [ [ [ 4.599761, 44.125144 ], [ 4.520597, 44.031425 ], [ 4.550044, 43.945833 ], [ 4.765431, 44.012222 ], [ 4.599761, 44.125144 ] ] ] } },
{ "type": "Feature", "properties": { "name": "LILLE 1", "nameV": "TMA LILLE 1", "class": "D", "type": "TMA", "lower": "1500FT AMSL", "lowerM": 457, "upper": "FL115", "upperM": 3505, "desc": "Lower limit FL065 ABV LILLE TMA part 1.1. Except for CTR LILLE.", "activationCode": "H24", "UId": "1561011", "id": "LFQQ1", "stroke": "#ff0000", "stroke-width": 2, "stroke-opacity": 0.8, "fill": "#ff8080", "fill-opacity": 0.3 }, "geometry": { "type": "Polygon", "coordinates": [ [ [ 2.8925, 50.693889 ], [ 3.07, 50.67 ], [ 3.225, 50.678333 ], [ 3.260336818673457, 50.680036616860541 ], [ 3.260989, 50.678989 ], [ 3.265278, 50.676994 ], [ 3.252875, 50.674206 ], [ 3.241183, 50.668803 ], [ 3.242675, 50.665906 ], [ 3.240108, 50.658567 ], [ 3.246883, 50.652244 ], [ 3.245089, 50.651331 ], [ 3.248806, 50.649675 ], [ 3.249411, 50.647244 ], [ 3.244111, 50.640669 ], [ 3.251961, 50.635917 ], [ 3.252672, 50.632853 ], [ 3.259103, 50.629803 ], [ 3.257333, 50.625897 ], [ 3.255181, 50.622725 ], [ 3.258906, 50.621564 ], [ 3.257811, 50.620447 ], [ 3.263739, 50.617892 ], [ 3.263114, 50.616653 ], [ 3.270064, 50.611789 ], [ 3.272072, 50.604764 ], [ 3.274767, 50.604772 ], [ 3.273786, 50.600681 ], [ 3.276006, 50.600453 ], [ 3.274319, 50.597033 ], [ 3.279506, 50.595953 ], [ 3.276222, 50.589864 ], [ 3.276533, 50.581258 ], [ 3.280861, 50.578547 ], [ 3.281522, 50.572828 ], [ 3.278478, 50.572833 ], [ 3.277789, 50.564406 ], [ 3.285161, 50.561672 ], [ 3.275917, 50.558525 ], [ 3.278806, 50.555497 ], [ 3.28095, 50.555931 ], [ 3.282344, 50.552136 ], [ 3.277956, 50.551831 ], [ 3.280464, 50.543511 ], [ 3.278942, 50.538492 ], [ 3.284564, 50.535094 ], [ 3.286819, 50.530794 ], [ 3.286506, 50.527936 ], [ 3.292947, 50.524344 ], [ 3.307783, 50.519572 ], [ 3.320503, 50.518436 ], [ 3.322219, 50.515536 ], [ 3.328003, 50.512203 ], [ 3.326536, 50.510564 ], [ 3.329686, 50.508078 ], [ 3.337542, 50.508811 ], [ 3.349556, 50.505531 ], [ 3.361733, 50.503747 ], [ 3.369103, 50.497242 ], [ 3.371589, 50.493583 ], [ 3.377033, 50.491414 ], [ 3.388956, 50.495431 ], [ 3.391994, 50.498597 ], [ 3.395989, 50.496108 ], [ 3.397239, 50.498419 ], [ 3.407192, 50.498947 ], [ 3.416483, 50.503025 ], [ 3.418597, 50.502344 ], [ 3.428981, 50.504744 ], [ 3.435436, 50.509911 ], [ 3.438467, 50.510064 ], [ 3.439131, 50.507475 ], [ 3.449011, 50.506617 ], [ 3.45185, 50.510014 ], [ 3.450553, 50.511683 ], [ 3.454239, 50.515211 ], [ 3.454025, 50.518897 ], [ 3.470925, 50.530722 ], [ 3.469564, 50.532028 ], [ 3.474156, 50.533692 ], [ 3.487748987391524, 50.529353108575748 ], [ 3.487778, 50.529444 ], [ 3.49, 50.506667 ], [ 3.405, 50.463333 ], [ 3.328056, 50.424167 ], [ 3.086111, 50.414167 ], [ 2.823889, 50.403333 ], [ 2.668333, 50.485833 ], [ 2.728333, 50.561111 ], [ 2.848611, 50.658333 ], [ 2.8925, 50.693889 ] ] ] } },
{ "type": "Feature", "properties": { "name": "LILLE 7", "nameV": "TMA LILLE 7", "class": "E", "type": "TMA", "lower": "1500FT AMSL", "lowerM": 457, "upper": "4500FT AMSL", "upperM": 1371, "desc": "Except for CTR MERVILLE when active. Except for EBR 24 A when active.", "activationCode": "H24", "UId": "1561053", "id": "LFQQ7", "stroke": "#008040", "stroke-width": 2, "stroke-opacity": 0.8, "fill": "#80ff80", "fill-opacity": 0.2 }, "geometry": { "type": "Polygon", "coordinates": [ [ [ 2.632385036329353, 50.817053923895003 ], [ 2.63515, 50.812953 ], [ 2.655775, 50.813467 ], [ 2.667575, 50.819564 ], [ 2.669225, 50.822722 ], [ 2.67505, 50.819367 ], [ 2.678922, 50.813444 ], [ 2.710808, 50.813536 ], [ 2.713106, 50.815408 ], [ 2.725872, 50.809056 ], [ 2.72095, 50.802272 ], [ 2.725975, 50.792333 ], [ 2.729411, 50.792108 ], [ 2.728767, 50.789933 ], [ 2.737161, 50.782819 ], [ 2.738403, 50.780353 ], [ 2.741017, 50.781628 ], [ 2.752869, 50.777469 ], [ 2.754842, 50.774583 ], [ 2.761956, 50.771022 ], [ 2.756383, 50.762711 ], [ 2.763114, 50.762844 ], [ 2.763883, 50.761308 ], [ 2.761483, 50.759311 ], [ 2.766008, 50.754558 ], [ 2.772767, 50.755003 ], [ 2.778039, 50.750553 ], [ 2.7829, 50.751494 ], [ 2.783597, 50.744225 ], [ 2.781594, 50.743356 ], [ 2.787267, 50.732517 ], [ 2.790283, 50.731586 ], [ 2.790206, 50.725739 ], [ 2.7949, 50.725992 ], [ 2.794528, 50.724919 ], [ 2.800356, 50.723572 ], [ 2.81095, 50.717467 ], [ 2.815567, 50.717667 ], [ 2.819264, 50.715594 ], [ 2.822861, 50.717908 ], [ 2.829656, 50.719744 ], [ 2.839514, 50.720553 ], [ 2.848028, 50.723033 ], [ 2.858372, 50.711011 ], [ 2.8697, 50.703322 ], [ 2.873114, 50.704317 ], [ 2.879608, 50.702881 ], [ 2.885242, 50.706411 ], [ 2.889486, 50.703464 ], [ 2.896084361913952, 50.696641238038282 ], [ 2.896111, 50.696667 ], [ 2.8925, 50.693889 ], [ 2.848611, 50.658333 ], [ 2.728333, 50.561111 ], [ 2.668333, 50.485833 ], [ 2.589722, 50.386944 ], [ 2.297222, 50.430556 ], [ 2.269444, 50.503889 ], [ 2.325278, 50.652222 ], [ 2.611944, 50.813889 ], [ 2.632385036329353, 50.817053923895003 ] ] ] } },
{ "type": "Feature", "properties": { "name": "STRASBOURG 6", "nameV": "TMA STRASBOURG 6", "class": "D", "type": "TMA", "lower": "4500FT AMSL", "lowerM": 1371, "upper": "5000FT AMSL", "upperM": 1524, "activationCode": "H24", "UId": "1565643", "id": "LFST6", "stroke": "#ff0000", "stroke-width": 2, "stroke-opacity": 0.8, "fill": "#ff8080", "fill-opacity": 0.3 }, "geometry": { "type": "Polygon", "coordinates": [ [ [ 7.306944, 48.430556 ], [ 7.306153, 48.430553 ], [ 7.306908, 48.429388 ], [ 7.307674, 48.428227 ], [ 7.308452, 48.427069 ], [ 7.309241, 48.425914 ], [ 7.310042, 48.424763 ], [ 7.310855, 48.423616 ], [ 7.311678, 48.422472 ], [ 7.312513, 48.421331 ], [ 7.31336, 48.420195 ], [ 7.314217, 48.419062 ], [ 7.315086, 48.417933 ], [ 7.315966, 48.416807 ], [ 7.316858, 48.415686 ], [ 7.31776, 48.414569 ], [ 7.318674, 48.413455 ], [ 7.319598, 48.412346 ], [ 7.320534, 48.41124 ], [ 7.321481, 48.410139 ], [ 7.322438, 48.409042 ], [ 7.323406, 48.407949 ], [ 7.324386, 48.406861 ], [ 7.325376, 48.405776 ], [ 7.326376, 48.404697 ], [ 7.327388, 48.403621 ], [ 7.32841, 48.40255 ], [ 7.329443, 48.401484 ], [ 7.330486, 48.400422 ], [ 7.33154, 48.399364 ], [ 7.332604, 48.398312 ], [ 7.333679, 48.397264 ], [ 7.334764, 48.396221 ], [ 7.33586, 48.395182 ], [ 7.336966, 48.394148 ], [ 7.338082, 48.39312 ], [ 7.339208, 48.392096 ], [ 7.340344, 48.391077 ], [ 7.341491, 48.390063 ], [ 7.342647, 48.389054 ], [ 7.343814, 48.388051 ], [ 7.34499, 48.387052 ], [ 7.346177, 48.386059 ], [ 7.347373, 48.385071 ], [ 7.348579, 48.384088 ], [ 7.349794, 48.38311 ], [ 7.35102, 48.382138 ], [ 7.352255, 48.381171 ], [ 7.353499, 48.38021 ], [ 7.354753, 48.379254 ], [ 7.356017, 48.378303 ], [ 7.35729, 48.377359 ], [ 7.358572, 48.376419 ], [ 7.359863, 48.375486 ], [ 7.361164, 48.374558 ], [ 7.362474, 48.373636 ], [ 7.363793, 48.37272 ], [ 7.365121, 48.371809 ], [ 7.366458, 48.370904 ], [ 7.367805, 48.370006 ], [ 7.36916, 48.369113 ], [ 7.370523, 48.368226 ], [ 7.371896, 48.367345 ], [ 7.373277, 48.36647 ], [ 7.374667, 48.365601 ], [ 7.376066, 48.364738 ], [ 7.377473, 48.363882 ], [ 7.378056, 48.363889 ], [ 7.378056, 48.363889 ], [ 7.47, 48.361389 ], [ 7.423889, 48.294167 ], [ 7.42343, 48.294138 ], [ 7.420526, 48.295049 ], [ 7.417634, 48.295977 ], [ 7.414755, 48.296923 ], [ 7.411889, 48.297887 ], [ 7.409036, 48.298867 ], [ 7.406197, 48.299865 ], [ 7.403372, 48.300881 ], [ 7.400561, 48.301913 ], [ 7.397763, 48.302962 ], [ 7.394981, 48.304029 ], [ 7.392213, 48.305112 ], [ 7.38946, 48.306212 ], [ 7.386722, 48.307329 ], [ 7.384, 48.308462 ], [ 7.381293, 48.309612 ], [ 7.378602, 48.310778 ], [ 7.375927, 48.31196 ], [ 7.373268, 48.313159 ], [ 7.370626, 48.314374 ], [ 7.368, 48.315604 ], [ 7.365392, 48.316851 ], [ 7.3628, 48.318113 ], [ 7.360227, 48.319391 ], [ 7.35767, 48.320685 ], [ 7.355132, 48.321994 ], [ 7.352611, 48.323319 ], [ 7.350109, 48.324658 ], [ 7.347625, 48.326013 ], [ 7.34516, 48.327383 ], [ 7.342713, 48.328768 ], [ 7.340286, 48.330168 ], [ 7.337878, 48.331582 ], [ 7.33549, 48.333011 ], [ 7.333121, 48.334454 ], [ 7.330772, 48.335912 ], [ 7.328443, 48.337384 ], [ 7.326134, 48.33887 ], [ 7.323846, 48.34037 ], [ 7.321578, 48.341883 ], [ 7.319331, 48.343411 ], [ 7.317106, 48.344952 ], [ 7.314901, 48.346506 ], [ 7.312718, 48.348074 ], [ 7.310557, 48.349655 ], [ 7.308417, 48.351249 ], [ 7.306299, 48.352856 ], [ 7.304203, 48.354476 ], [ 7.30213, 48.356108 ], [ 7.300079, 48.357753 ], [ 7.298051, 48.359411 ], [ 7.296045, 48.36108 ], [ 7.294063, 48.362762 ], [ 7.292104, 48.364456 ], [ 7.290168, 48.366161 ], [ 7.288255, 48.367879 ], [ 7.286366, 48.369607 ], [ 7.284501, 48.371348 ], [ 7.28266, 48.373099 ], [ 7.280843, 48.374861 ], [ 7.27905, 48.376635 ], [ 7.277282, 48.378419 ], [ 7.275538, 48.380214 ], [ 7.273819, 48.38202 ], [ 7.272125, 48.383836 ], [ 7.270456, 48.385662 ], [ 7.268812, 48.387498 ], [ 7.267194, 48.389344 ], [ 7.2656, 48.3912 ], [ 7.264033, 48.393065 ], [ 7.262491, 48.39494 ], [ 7.260975, 48.396824 ], [ 7.259485, 48.398717 ], [ 7.258021, 48.400619 ], [ 7.256583, 48.40253 ], [ 7.255171, 48.40445 ], [ 7.253786, 48.406378 ], [ 7.252428, 48.408315 ], [ 7.251096, 48.410259 ], [ 7.249791, 48.412212 ], [ 7.248513, 48.414172 ], [ 7.249444, 48.414167 ], [ 7.249444, 48.414167 ], [ 7.306944, 48.430556 ] ] ] } },
{ "type": "Feature", "properties": { "name": "LUXEUIL 5", "nameV": "TMA LUXEUIL 5", "class": "D", "type": "TMA", "lower": "3000FT AMSL", "lowerM": 914, "upper": "FL075", "upperM": 2286, "desc": "OAT/GAT procedures. Except areas LF-R 45 S1 et LF-R 45 S7 when active. Deactivation announced by RAI 129.925 MHz. Activity known on BASEL INFO.", "activationCode": "HO", "activationDesc": "Activable H24. Possible activation H24.", "declassifiable": true, "UId": "13556135", "id": "LFSX5", "stroke": "#ff0000", "stroke-width": 2, "stroke-opacity": 0.8, "fill": "#ffb9dc", "fill-opacity": 0.3 }, "geometry": { "type": "Polygon", "coordinates": [ [ [ 6.258333, 47.973889 ], [ 6.343611, 47.953056 ], [ 6.351667, 47.953611 ], [ 6.351629, 47.953587 ], [ 6.356367, 47.953724 ], [ 6.361108, 47.953801 ], [ 6.36585, 47.953817 ], [ 6.370591, 47.953772 ], [ 6.375331, 47.953666 ], [ 6.380066, 47.9535 ], [ 6.384796, 47.953273 ], [ 6.389519, 47.952986 ], [ 6.394232, 47.952638 ], [ 6.398935, 47.95223 ], [ 6.403625, 47.951762 ], [ 6.408301, 47.951233 ], [ 6.412961, 47.950645 ], [ 6.417603, 47.949998 ], [ 6.422226, 47.949291 ], [ 6.426827, 47.948525 ], [ 6.431406, 47.9477 ], [ 6.435961, 47.946817 ], [ 6.440489, 47.945875 ], [ 6.444989, 47.944876 ], [ 6.44946, 47.943819 ], [ 6.4539, 47.942705 ], [ 6.458308, 47.941535 ], [ 6.462681, 47.940308 ], [ 6.467018, 47.939025 ], [ 6.471317, 47.937687 ], [ 6.475578, 47.936295 ], [ 6.479797, 47.934848 ], [ 6.483975, 47.933347 ], [ 6.488109, 47.931793 ], [ 6.492198, 47.930186 ], [ 6.49624, 47.928528 ], [ 6.500233, 47.926817 ], [ 6.504178, 47.925056 ], [ 6.508071, 47.923245 ], [ 6.511911, 47.921384 ], [ 6.515698, 47.919475 ], [ 6.519429, 47.917517 ], [ 6.523104, 47.915512 ], [ 6.526721, 47.91346 ], [ 6.530278, 47.911362 ], [ 6.533775, 47.909219 ], [ 6.53721, 47.907032 ], [ 6.540582, 47.904801 ], [ 6.543889, 47.902527 ], [ 6.547131, 47.900211 ], [ 6.550307, 47.897854 ], [ 6.553414, 47.895457 ], [ 6.556452, 47.893021 ], [ 6.559421, 47.890546 ], [ 6.562318, 47.888033 ], [ 6.565142, 47.885484 ], [ 6.567894, 47.882899 ], [ 6.570571, 47.88028 ], [ 6.573174, 47.877626 ], [ 6.575699, 47.87494 ], [ 6.578148, 47.872222 ], [ 6.5775, 47.872222 ], [ 6.5775, 47.872222 ], [ 6.660833, 47.7775 ], [ 6.661757, 47.777498 ], [ 6.66142, 47.773732 ], [ 6.660978, 47.769971 ], [ 6.66043, 47.766216 ], [ 6.659776, 47.762469 ], [ 6.659018, 47.758731 ], [ 6.658155, 47.755003 ], [ 6.657187, 47.751286 ], [ 6.656116, 47.747583 ], [ 6.654941, 47.743894 ], [ 6.653662, 47.74022 ], [ 6.652281, 47.736563 ], [ 6.650798, 47.732925 ], [ 6.649213, 47.729305 ], [ 6.647527, 47.725707 ], [ 6.645741, 47.722131 ], [ 6.643854, 47.718578 ], [ 6.641869, 47.715049 ], [ 6.639785, 47.711547 ], [ 6.637604, 47.708071 ], [ 6.635326, 47.704624 ], [ 6.632951, 47.701206 ], [ 6.630482, 47.697819 ], [ 6.627918, 47.694463 ], [ 6.625262, 47.691141 ], [ 6.622512, 47.687854 ], [ 6.619672, 47.684601 ], [ 6.616741, 47.681385 ], [ 6.61372, 47.678208 ], [ 6.610612, 47.675068 ], [ 6.607416, 47.671969 ], [ 6.604135, 47.668911 ], [ 6.600768, 47.665895 ], [ 6.597319, 47.662923 ], [ 6.593786, 47.659994 ], [ 6.590173, 47.657111 ], [ 6.58648, 47.654275 ], [ 6.582709, 47.651485 ], [ 6.57886, 47.648744 ], [ 6.574936, 47.646053 ], [ 6.570938, 47.643411 ], [ 6.566866, 47.640821 ], [ 6.562723, 47.638283 ], [ 6.55851, 47.635798 ], [ 6.554229, 47.633367 ], [ 6.54988, 47.63099 ], [ 6.545467, 47.628669 ], [ 6.540989, 47.626405 ], [ 6.536449, 47.624197 ], [ 6.531849, 47.622048 ], [ 6.527189, 47.619957 ], [ 6.522472, 47.617926 ], [ 6.5177, 47.615955 ], [ 6.512873, 47.614045 ], [ 6.507994, 47.612197 ], [ 6.503065, 47.61041 ], [ 6.498087, 47.608687 ], [ 6.493061, 47.607027 ], [ 6.487991, 47.605431 ], [ 6.482877, 47.603899 ], [ 6.477721, 47.602433 ], [ 6.472525, 47.601033 ], [ 6.467292, 47.599698 ], [ 6.462022, 47.598431 ], [ 6.456718, 47.59723 ], [ 6.451381, 47.596097 ], [ 6.446014, 47.595031 ], [ 6.440619, 47.594034 ], [ 6.435196, 47.593106 ], [ 6.435, 47.593056 ], [ 6.435, 47.593056 ], [ 6.284167, 47.629722 ], [ 6.283948, 47.629773 ], [ 6.28339, 47.629903 ], [ 6.282833, 47.630034 ], [ 6.282276, 47.630166 ], [ 6.281719, 47.630299 ], [ 6.281163, 47.630432 ], [ 6.280608, 47.630567 ], [ 6.280053, 47.630702 ], [ 6.279498, 47.630839 ], [ 6.278944, 47.630976 ], [ 6.278391, 47.631114 ], [ 6.277838, 47.631253 ], [ 6.277285, 47.631393 ], [ 6.276733, 47.631533 ], [ 6.276182, 47.631675 ], [ 6.275631, 47.631818 ], [ 6.27508, 47.631961 ], [ 6.27453, 47.632105 ], [ 6.27398, 47.63225 ], [ 6.273431, 47.632396 ], [ 6.272883, 47.632543 ], [ 6.272335, 47.632691 ], [ 6.271787, 47.63284 ], [ 6.27124, 47.632989 ], [ 6.270694, 47.63314 ], [ 6.270148, 47.633291 ], [ 6.269603, 47.633443 ], [ 6.269058, 47.633596 ], [ 6.268514, 47.63375 ], [ 6.26797, 47.633905 ], [ 6.267427, 47.634061 ], [ 6.266884, 47.634217 ], [ 6.266342, 47.634375 ], [ 6.2658, 47.634533 ], [ 6.265259, 47.634692 ], [ 6.264719, 47.634852 ], [ 6.264179, 47.635013 ], [ 6.26364, 47.635175 ], [ 6.263101, 47.635337 ], [ 6.262563, 47.635501 ], [ 6.262025, 47.635665 ], [ 6.261488, 47.63583 ], [ 6.260952, 47.635996 ], [ 6.260416, 47.636163 ], [ 6.259881, 47.636331 ], [ 6.259346, 47.6365 ], [ 6.258812, 47.636669 ], [ 6.258279, 47.63684 ], [ 6.257746, 47.637011 ], [ 6.257214, 47.637183 ], [ 6.256682, 47.637356 ], [ 6.256151, 47.63753 ], [ 6.255621, 47.637704 ], [ 6.255091, 47.63788 ], [ 6.254562, 47.638056 ], [ 6.254033, 47.638233 ], [ 6.253505, 47.638411 ], [ 6.252978, 47.63859 ], [ 6.253333, 47.638611 ], [ 6.253333, 47.638611 ], [ 6.253536, 47.638611 ], [ 6.253479, 47.640219 ], [ 6.253307, 47.641822 ], [ 6.25302, 47.643419 ], [ 6.252618, 47.645004 ], [ 6.252104, 47.646574 ], [ 6.251477, 47.648126 ], [ 6.25074, 47.649655 ], [ 6.249894, 47.651159 ], [ 6.248941, 47.652633 ], [ 6.247883, 47.654075 ], [ 6.246723, 47.655481 ], [ 6.245464, 47.656847 ], [ 6.244108, 47.65817 ], [ 6.242658, 47.659448 ], [ 6.241118, 47.660677 ], [ 6.239492, 47.661854 ], [ 6.237784, 47.662977 ], [ 6.235996, 47.664044 ], [ 6.234134, 47.66505 ], [ 6.232202, 47.665995 ], [ 6.230205, 47.666876 ], [ 6.228146, 47.667691 ], [ 6.226031, 47.668438 ], [ 6.223865, 47.669115 ], [ 6.221653, 47.669721 ], [ 6.2194, 47.670254 ], [ 6.217112, 47.670713 ], [ 6.214793, 47.671097 ], [ 6.212449, 47.671405 ], [ 6.210086, 47.671636 ], [ 6.207708, 47.67179 ], [ 6.205323, 47.671867 ], [ 6.202935, 47.671866 ], [ 6.20055, 47.671787 ], [ 6.198173, 47.67163 ], [ 6.19581, 47.671396 ], [ 6.193467, 47.671086 ], [ 6.191149, 47.670699 ], [ 6.188862, 47.670238 ], [ 6.188889, 47.670278 ], [ 6.188889, 47.670278 ], [ 6.188344, 47.670271 ], [ 6.186025, 47.671873 ], [ 6.183738, 47.673495 ], [ 6.181484, 47.675138 ], [ 6.179263, 47.676802 ], [ 6.177074, 47.678485 ], [ 6.17492, 47.680187 ], [ 6.172799, 47.681909 ], [ 6.170713, 47.68365 ], [ 6.168661, 47.68541 ], [ 6.166645, 47.687187 ], [ 6.164664, 47.688983 ], [ 6.162719, 47.690797 ], [ 6.16081, 47.692628 ], [ 6.158938, 47.694476 ], [ 6.157102, 47.696341 ], [ 6.155304, 47.698222 ], [ 6.153544, 47.700119 ], [ 6.151821, 47.702032 ], [ 6.150137, 47.703961 ], [ 6.148491, 47.705904 ], [ 6.146884, 47.707862 ], [ 6.145316, 47.709834 ], [ 6.143787, 47.711821 ], [ 6.142298, 47.713821 ], [ 6.140849, 47.715834 ], [ 6.13944, 47.71786 ], [ 6.138071, 47.719899 ], [ 6.136744, 47.721949 ], [ 6.135457, 47.724012 ], [ 6.134211, 47.726086 ], [ 6.133007, 47.728171 ], [ 6.131845, 47.730267 ], [ 6.130724, 47.732373 ], [ 6.129645, 47.734488 ], [ 6.128609, 47.736614 ], [ 6.127615, 47.738749 ], [ 6.126663, 47.740892 ], [ 6.125755, 47.743044 ], [ 6.124889, 47.745204 ], [ 6.124067, 47.747371 ], [ 6.123288, 47.749546 ], [ 6.122552, 47.751727 ], [ 6.12186, 47.753915 ], [ 6.121211, 47.756109 ], [ 6.120607, 47.758309 ], [ 6.120046, 47.760513 ], [ 6.11953, 47.762723 ], [ 6.119057, 47.764937 ], [ 6.118629, 47.767156 ], [ 6.118245, 47.769377 ], [ 6.117905, 47.771603 ], [ 6.11761, 47.773831 ], [ 6.11736, 47.776061 ], [ 6.117154, 47.778294 ], [ 6.116992, 47.780528 ], [ 6.116875, 47.782763 ], [ 6.116803, 47.785 ], [ 6.1175, 47.785 ], [ 6.1175, 47.785 ], [ 6.0775, 47.837778 ], [ 6.076685, 47.837767 ], [ 6.077755, 47.84046 ], [ 6.078881, 47.843142 ], [ 6.080063, 47.845814 ], [ 6.0813, 47.848474 ], [ 6.082593, 47.851123 ], [ 6.083941, 47.853759 ], [ 6.085343, 47.856382 ], [ 6.0868, 47.858992 ], [ 6.088311, 47.861588 ], [ 6.089876, 47.86417 ], [ 6.091495, 47.866736 ], [ 6.093167, 47.869288 ], [ 6.094892, 47.871823 ], [ 6.09667, 47.874342 ], [ 6.0985, 47.876844 ], [ 6.100383, 47.879329 ], [ 6.102316, 47.881795 ], [ 6.104301, 47.884244 ], [ 6.106337, 47.886673 ], [ 6.108424, 47.889084 ], [ 6.11056, 47.891474 ], [ 6.112747, 47.893844 ], [ 6.114982, 47.896194 ], [ 6.117267, 47.898522 ], [ 6.119599, 47.900829 ], [ 6.12198, 47.903114 ], [ 6.124408, 47.905376 ], [ 6.126883, 47.907615 ], [ 6.129405, 47.909831 ], [ 6.131973, 47.912023 ], [ 6.134586, 47.914191 ], [ 6.137245, 47.916334 ], [ 6.139948, 47.918452 ], [ 6.142695, 47.920544 ], [ 6.145485, 47.922611 ], [ 6.148318, 47.924651 ], [ 6.151194, 47.926664 ], [ 6.154112, 47.928651 ], [ 6.15707, 47.930609 ], [ 6.16007, 47.93254 ], [ 6.163109, 47.934443 ], [ 6.166189, 47.936317 ], [ 6.169307, 47.938162 ], [ 6.172463, 47.939977 ], [ 6.175657, 47.941763 ], [ 6.178888, 47.943519 ], [ 6.182156, 47.945244 ], [ 6.185459, 47.946938 ], [ 6.188797, 47.948602 ], [ 6.19217, 47.950234 ], [ 6.195577, 47.951834 ], [ 6.199017, 47.953402 ], [ 6.20249, 47.954938 ], [ 6.205994, 47.956441 ], [ 6.20953, 47.957911 ], [ 6.213096, 47.959348 ], [ 6.216691, 47.960751 ], [ 6.220316, 47.962121 ], [ 6.223969, 47.963456 ], [ 6.22765, 47.964757 ], [ 6.231358, 47.966024 ], [ 6.235092, 47.967255 ], [ 6.238851, 47.968452 ], [ 6.242635, 47.969613 ], [ 6.246443, 47.970739 ], [ 6.250274, 47.971829 ], [ 6.254128, 47.972882 ], [ 6.258003, 47.9739 ], [ 6.258333, 47.973889 ] ] ] } },
{ "type": "Feature", "properties": { "name": "CLERMONT 9", "nameV": "TMA CLERMONT 9 Lower(1000FT AGL-4000FT AMSL)", "class": "D", "type": "TMA", "lower": "4000FT AMSL", "lowerMin": "1000FT AGL", "lowerM": 1219, "upper": "FL115", "upperM": 3505, "activationCode": "H24", "UId": "1564313", "id": "LFLC9", "stroke": "#ff0000", "stroke-width": 2, "stroke-opacity": 0.8, "fill": "#ff8080", "fill-opacity": 0.3 }, "geometry": { "type": "Polygon", "coordinates": [ [ [ 2.318889, 44.641667 ], [ 2.657222, 44.446667 ], [ 2.848333, 44.335 ], [ 2.84883, 44.33514 ], [ 2.847939, 44.332797 ], [ 2.847018, 44.33046 ], [ 2.846067, 44.328128 ], [ 2.845087, 44.325803 ], [ 2.844078, 44.323485 ], [ 2.843039, 44.321173 ], [ 2.841971, 44.318868 ], [ 2.840873, 44.31657 ], [ 2.839747, 44.314279 ], [ 2.838591, 44.311996 ], [ 2.837407, 44.30972 ], [ 2.836194, 44.307452 ], [ 2.834952, 44.305192 ], [ 2.833682, 44.30294 ], [ 2.832383, 44.300697 ], [ 2.831056, 44.298462 ], [ 2.8297, 44.296236 ], [ 2.828316, 44.294019 ], [ 2.826905, 44.29181 ], [ 2.825465, 44.289611 ], [ 2.823998, 44.287422 ], [ 2.822503, 44.285242 ], [ 2.82098, 44.283072 ], [ 2.819431, 44.280912 ], [ 2.817853, 44.278762 ], [ 2.816249, 44.276622 ], [ 2.814618, 44.274493 ], [ 2.81296, 44.272375 ], [ 2.811275, 44.270267 ], [ 2.809563, 44.268171 ], [ 2.807825, 44.266086 ], [ 2.806061, 44.264012 ], [ 2.804271, 44.261949 ], [ 2.802455, 44.259899 ], [ 2.800612, 44.25786 ], [ 2.798744, 44.255833 ], [ 2.796851, 44.253819 ], [ 2.794932, 44.251817 ], [ 2.792988, 44.249827 ], [ 2.791019, 44.24785 ], [ 2.789025, 44.245887 ], [ 2.787007, 44.243936 ], [ 2.784963, 44.241998 ], [ 2.782896, 44.240074 ], [ 2.780804, 44.238163 ], [ 2.778688, 44.236266 ], [ 2.776548, 44.234382 ], [ 2.774385, 44.232513 ], [ 2.772198, 44.230658 ], [ 2.769988, 44.228817 ], [ 2.767754, 44.22699 ], [ 2.765498, 44.225179 ], [ 2.763219, 44.223381 ], [ 2.760917, 44.221599 ], [ 2.758593, 44.219832 ], [ 2.756247, 44.21808 ], [ 2.753879, 44.216343 ], [ 2.751489, 44.214622 ], [ 2.749077, 44.212916 ], [ 2.746644, 44.211226 ], [ 2.74419, 44.209552 ], [ 2.741714, 44.207894 ], [ 2.739218, 44.206253 ], [ 2.736701, 44.204627 ], [ 2.734164, 44.203018 ], [ 2.731607, 44.201425 ], [ 2.72903, 44.199849 ], [ 2.726433, 44.19829 ], [ 2.723816, 44.196748 ], [ 2.721181, 44.195223 ], [ 2.718526, 44.193715 ], [ 2.715852, 44.192225 ], [ 2.713159, 44.190751 ], [ 2.710448, 44.189296 ], [ 2.707719, 44.187858 ], [ 2.704972, 44.186438 ], [ 2.702207, 44.185036 ], [ 2.699425, 44.183652 ], [ 2.696625, 44.182286 ], [ 2.693808, 44.180938 ], [ 2.690974, 44.179608 ], [ 2.688124, 44.178297 ], [ 2.685257, 44.177005 ], [ 2.682374, 44.175731 ], [ 2.679476, 44.174477 ], [ 2.676561, 44.173241 ], [ 2.673631, 44.172024 ], [ 2.670686, 44.170826 ], [ 2.667726, 44.169647 ], [ 2.664751, 44.168487 ], [ 2.661762, 44.167347 ], [ 2.658759, 44.166227 ], [ 2.658056, 44.166389 ], [ 2.658056, 44.166389 ], [ 2.470278, 44.275833 ], [ 2.127222, 44.473056 ], [ 2.126543, 44.472947 ], [ 2.127436, 44.475293 ], [ 2.12836, 44.477632 ], [ 2.129313, 44.479966 ], [ 2.130296, 44.482293 ], [ 2.131308, 44.484613 ], [ 2.132351, 44.486927 ], [ 2.133422, 44.489234 ], [ 2.134524, 44.491534 ], [ 2.135654, 44.493827 ], [ 2.136814, 44.496112 ], [ 2.138003, 44.49839 ], [ 2.139222, 44.50066 ], [ 2.140469, 44.502922 ], [ 2.141745, 44.505175 ], [ 2.14305, 44.507421 ], [ 2.144384, 44.509657 ], [ 2.145746, 44.511885 ], [ 2.147136, 44.514104 ], [ 2.148555, 44.516314 ], [ 2.150003, 44.518515 ], [ 2.151478, 44.520706 ], [ 2.152982, 44.522887 ], [ 2.154513, 44.525059 ], [ 2.156072, 44.52722 ], [ 2.157659, 44.529371 ], [ 2.159273, 44.531512 ], [ 2.160914, 44.533642 ], [ 2.162583, 44.535762 ], [ 2.164279, 44.53787 ], [ 2.166002, 44.539968 ], [ 2.167751, 44.542054 ], [ 2.169528, 44.544129 ], [ 2.171331, 44.546192 ], [ 2.17316, 44.548243 ], [ 2.175016, 44.550282 ], [ 2.176897, 44.552309 ], [ 2.178805, 44.554324 ], [ 2.180738, 44.556326 ], [ 2.182697, 44.558316 ], [ 2.184681, 44.560293 ], [ 2.186691, 44.562257 ], [ 2.188726, 44.564208 ], [ 2.190786, 44.566145 ], [ 2.19287, 44.568069 ], [ 2.194979, 44.56998 ], [ 2.197113, 44.571876 ], [ 2.199271, 44.573759 ], [ 2.201453, 44.575627 ], [ 2.203659, 44.577481 ], [ 2.205889, 44.579321 ], [ 2.208142, 44.581147 ], [ 2.210418, 44.582957 ], [ 2.212718, 44.584753 ], [ 2.215041, 44.586533 ], [ 2.217386, 44.588299 ], [ 2.219754, 44.590049 ], [ 2.222145, 44.591784 ], [ 2.224558, 44.593503 ], [ 2.226992, 44.595206 ], [ 2.229449, 44.596894 ], [ 2.231927, 44.598565 ], [ 2.234427, 44.60022 ], [ 2.236947, 44.601859 ], [ 2.239489, 44.603482 ], [ 2.242051, 44.605088 ], [ 2.244634, 44.606677 ], [ 2.247238, 44.608249 ], [ 2.249861, 44.609804 ], [ 2.252505, 44.611343 ], [ 2.255168, 44.612864 ], [ 2.25785, 44.614367 ], [ 2.260552, 44.615853 ], [ 2.263273, 44.617322 ], [ 2.266012, 44.618772 ], [ 2.26877, 44.620205 ], [ 2.271547, 44.62162 ], [ 2.274341, 44.623017 ], [ 2.277154, 44.624395 ], [ 2.279984, 44.625756 ], [ 2.282831, 44.627097 ], [ 2.285696, 44.628421 ], [ 2.288578, 44.629725 ], [ 2.291476, 44.631011 ], [ 2.294391, 44.632278 ], [ 2.297322, 44.633525 ], [ 2.300268, 44.634754 ], [ 2.303231, 44.635964 ], [ 2.306209, 44.637154 ], [ 2.309202, 44.638325 ], [ 2.312211, 44.639476 ], [ 2.315234, 44.640608 ], [ 2.318271, 44.64172 ], [ 2.318889, 44.641667 ] ] ] } },
{ "type": "Feature", "properties": { "name": "CLERMONT 8", "nameV": "TMA CLERMONT 8 Lower(1000FT AGL-3000FT AMSL)", "class": "E", "type": "TMA", "lower": "3000FT AMSL", "lowerMin": "1000FT AGL", "lowerM": 914, "upper": "4000FT AMSL", "upperM": 1219, "activationCode": "H24", "UId": "25091035", "id": "LFLC8", "stroke": "#008040", "stroke-width": 2, "stroke-opacity": 0.8, "fill": "#80ff80", "fill-opacity": 0.2 }, "geometry": { "type": "Polygon", "coordinates": [ [ [ 2.318889, 44.641667 ], [ 2.657222, 44.446667 ], [ 2.657391, 44.446562 ], [ 2.657791, 44.445749 ], [ 2.658183, 44.444934 ], [ 2.658567, 44.444117 ], [ 2.658944, 44.443299 ], [ 2.659313, 44.442478 ], [ 2.659674, 44.441656 ], [ 2.660027, 44.440832 ], [ 2.660373, 44.440006 ], [ 2.660711, 44.439179 ], [ 2.661041, 44.43835 ], [ 2.661363, 44.43752 ], [ 2.661677, 44.436688 ], [ 2.661984, 44.435855 ], [ 2.662283, 44.43502 ], [ 2.662574, 44.434184 ], [ 2.662857, 44.433346 ], [ 2.663132, 44.432507 ], [ 2.663399, 44.431667 ], [ 2.663659, 44.430825 ], [ 2.66391, 44.429983 ], [ 2.664154, 44.429139 ], [ 2.664389, 44.428294 ], [ 2.664617, 44.427447 ], [ 2.664837, 44.4266 ], [ 2.665048, 44.425752 ], [ 2.665252, 44.424903 ], [ 2.665448, 44.424052 ], [ 2.665636, 44.423201 ], [ 2.665816, 44.422349 ], [ 2.665987, 44.421496 ], [ 2.666151, 44.420643 ], [ 2.666307, 44.419788 ], [ 2.666455, 44.418933 ], [ 2.666594, 44.418077 ], [ 2.666726, 44.417221 ], [ 2.66685, 44.416364 ], [ 2.666965, 44.415506 ], [ 2.667073, 44.414648 ], [ 2.667172, 44.413789 ], [ 2.667264, 44.41293 ], [ 2.667347, 44.41207 ], [ 2.667422, 44.41121 ], [ 2.667489, 44.41035 ], [ 2.667548, 44.409489 ], [ 2.667599, 44.408628 ], [ 2.667642, 44.407767 ], [ 2.667677, 44.406906 ], [ 2.667704, 44.406044 ], [ 2.667723, 44.405183 ], [ 2.667733, 44.404321 ], [ 2.667736, 44.40346 ], [ 2.66773, 44.402598 ], [ 2.667716, 44.401736 ], [ 2.667695, 44.400875 ], [ 2.667665, 44.400013 ], [ 2.667627, 44.399152 ], [ 2.667581, 44.398291 ], [ 2.667527, 44.39743 ], [ 2.667465, 44.39657 ], [ 2.667394, 44.39571 ], [ 2.667316, 44.39485 ], [ 2.66723, 44.39399 ], [ 2.667135, 44.393131 ], [ 2.667033, 44.392273 ], [ 2.666922, 44.391415 ], [ 2.666804, 44.390557 ], [ 2.666677, 44.3897 ], [ 2.666543, 44.388844 ], [ 2.6664, 44.387989 ], [ 2.666249, 44.387134 ], [ 2.666091, 44.386279 ], [ 2.665924, 44.385426 ], [ 2.665749, 44.384574 ], [ 2.665566, 44.383722 ], [ 2.665376, 44.382871 ], [ 2.665177, 44.382021 ], [ 2.664971, 44.381172 ], [ 2.664756, 44.380324 ], [ 2.664534, 44.379477 ], [ 2.664303, 44.378632 ], [ 2.664065, 44.377787 ], [ 2.663819, 44.376944 ], [ 2.663564, 44.376101 ], [ 2.663302, 44.37526 ], [ 2.663032, 44.37442 ], [ 2.662755, 44.373582 ], [ 2.662469, 44.372745 ], [ 2.662176, 44.371909 ], [ 2.661389, 44.371944 ], [ 2.661389, 44.371944 ], [ 2.388889, 44.53 ], [ 2.388593, 44.529944 ], [ 2.384215, 44.528142 ], [ 2.379902, 44.526263 ], [ 2.375656, 44.524308 ], [ 2.371479, 44.522277 ], [ 2.367375, 44.520174 ], [ 2.363346, 44.517998 ], [ 2.359394, 44.515751 ], [ 2.355522, 44.513435 ], [ 2.351733, 44.511051 ], [ 2.348028, 44.5086 ], [ 2.34441, 44.506084 ], [ 2.340881, 44.503505 ], [ 2.337443, 44.500864 ], [ 2.334099, 44.498162 ], [ 2.33085, 44.495402 ], [ 2.327699, 44.492586 ], [ 2.324647, 44.489714 ], [ 2.321697, 44.486788 ], [ 2.31885, 44.483812 ], [ 2.316107, 44.480785 ], [ 2.313471, 44.477711 ], [ 2.310944, 44.474591 ], [ 2.308526, 44.471427 ], [ 2.306219, 44.468221 ], [ 2.304025, 44.464975 ], [ 2.301945, 44.461691 ], [ 2.299981, 44.458372 ], [ 2.298132, 44.455018 ], [ 2.296402, 44.451633 ], [ 2.29479, 44.448218 ], [ 2.293297, 44.444775 ], [ 2.291925, 44.441307 ], [ 2.290675, 44.437815 ], [ 2.289546, 44.434303 ], [ 2.288541, 44.430771 ], [ 2.287658, 44.427223 ], [ 2.2869, 44.42366 ], [ 2.286266, 44.420085 ], [ 2.285757, 44.416499 ], [ 2.285372, 44.412906 ], [ 2.285113, 44.409307 ], [ 2.284979, 44.405705 ], [ 2.284971, 44.402101 ], [ 2.285088, 44.398498 ], [ 2.28533, 44.394898 ], [ 2.285698, 44.391304 ], [ 2.28619, 44.387717 ], [ 2.286807, 44.384141 ], [ 2.287548, 44.380576 ], [ 2.288056, 44.380556 ], [ 2.288056, 44.380556 ], [ 2.127222, 44.473056 ], [ 2.126543, 44.472947 ], [ 2.127436, 44.475293 ], [ 2.12836, 44.477632 ], [ 2.129313, 44.479966 ], [ 2.130296, 44.482293 ], [ 2.131308, 44.484613 ], [ 2.132351, 44.486927 ], [ 2.133422, 44.489234 ], [ 2.134524, 44.491534 ], [ 2.135654, 44.493827 ], [ 2.136814, 44.496112 ], [ 2.138003, 44.49839 ], [ 2.139222, 44.50066 ], [ 2.140469, 44.502922 ], [ 2.141745, 44.505175 ], [ 2.14305, 44.507421 ], [ 2.144384, 44.509657 ], [ 2.145746, 44.511885 ], [ 2.147136, 44.514104 ], [ 2.148555, 44.516314 ], [ 2.150003, 44.518515 ], [ 2.151478, 44.520706 ], [ 2.152982, 44.522887 ], [ 2.154513, 44.525059 ], [ 2.156072, 44.52722 ], [ 2.157659, 44.529371 ], [ 2.159273, 44.531512 ], [ 2.160914, 44.533642 ], [ 2.162583, 44.535762 ], [ 2.164279, 44.53787 ], [ 2.166002, 44.539968 ], [ 2.167751, 44.542054 ], [ 2.169528, 44.544129 ], [ 2.171331, 44.546192 ], [ 2.17316, 44.548243 ], [ 2.175016, 44.550282 ], [ 2.176897, 44.552309 ], [ 2.178805, 44.554324 ], [ 2.180738, 44.556326 ], [ 2.182697, 44.558316 ], [ 2.184681, 44.560293 ], [ 2.186691, 44.562257 ], [ 2.188726, 44.564208 ], [ 2.190786, 44.566145 ], [ 2.19287, 44.568069 ], [ 2.194979, 44.56998 ], [ 2.197113, 44.571876 ], [ 2.199271, 44.573759 ], [ 2.201453, 44.575627 ], [ 2.203659, 44.577481 ], [ 2.205889, 44.579321 ], [ 2.208142, 44.581147 ], [ 2.210418, 44.582957 ], [ 2.212718, 44.584753 ], [ 2.215041, 44.586533 ], [ 2.217386, 44.588299 ], [ 2.219754, 44.590049 ], [ 2.222145, 44.591784 ], [ 2.224558, 44.593503 ], [ 2.226992, 44.595206 ], [ 2.229449, 44.596894 ], [ 2.231927, 44.598565 ], [ 2.234427, 44.60022 ], [ 2.236947, 44.601859 ], [ 2.239489, 44.603482 ], [ 2.242051, 44.605088 ], [ 2.244634, 44.606677 ], [ 2.247238, 44.608249 ], [ 2.249861, 44.609804 ], [ 2.252505, 44.611343 ], [ 2.255168, 44.612864 ], [ 2.25785, 44.614367 ], [ 2.260552, 44.615853 ], [ 2.263273, 44.617322 ], [ 2.266012, 44.618772 ], [ 2.26877, 44.620205 ], [ 2.271547, 44.62162 ], [ 2.274341, 44.623017 ], [ 2.277154, 44.624395 ], [ 2.279984, 44.625756 ], [ 2.282831, 44.627097 ], [ 2.285696, 44.628421 ], [ 2.288578, 44.629725 ], [ 2.291476, 44.631011 ], [ 2.294391, 44.632278 ], [ 2.297322, 44.633525 ], [ 2.300268, 44.634754 ], [ 2.303231, 44.635964 ], [ 2.306209, 44.637154 ], [ 2.309202, 44.638325 ], [ 2.312211, 44.639476 ], [ 2.315234, 44.640608 ], [ 2.318271, 44.64172 ], [ 2.318889, 44.641667 ] ] ] } },
{ "type": "Feature", "properties": { "name": "PROVENCE 2", "nameV": "TMA PROVENCE 2", "class": "D", "type": "TMA", "lower": "2500FT AMSL", "lowerM": 762, "upper": "4500FT AMSL", "upperM": 1371, "desc": "Airspace defined except for the part interfering with CTA 1 SALON and LF-R 276 (Patrouille de France) areas when active. Downgraded to E as per protocol, announced on PROVENCE ATIS.", "activationCode": "H24", "UId": "1561277", "id": "LFML2", "stroke": "#ff0000", "stroke-width": 2, "stroke-opacity": 0.8, "fill": "#ff8080", "fill-opacity": 0.3 }, "geometry": { "type": "Polygon", "coordinates": [ [ [ 4.977494, 43.685806 ], [ 5.282597, 43.684836 ], [ 5.311111, 43.604444 ], [ 5.04765, 43.604164 ], [ 5.036667, 43.639722 ], [ 4.997703, 43.639731 ], [ 4.977494, 43.685806 ] ] ] } },
{ "type": "Feature", "properties": { "name": "LILLE 6", "nameV": "TMA LILLE 6", "class": "E", "type": "TMA", "lower": "1500FT AMSL", "lowerM": 457, "upper": "4500FT AMSL", "upperM": 1371, "desc": "Upper limit 2500ft AMSL under LILLE TMA part 3.", "activationCode": "H24", "UId": "1561049", "id": "LFQQ6", "stroke": "#008040", "stroke-width": 2, "stroke-opacity": 0.8, "fill": "#80ff80", "fill-opacity": 0.2 }, "geometry": { "type": "Polygon", "coordinates": [ [ [ 3.405, 50.463333 ], [ 3.475, 50.383333 ], [ 3.434444, 50.279444 ], [ 3.107778, 50.315833 ], [ 3.086111, 50.414167 ], [ 3.328056, 50.424167 ], [ 3.405, 50.463333 ] ] ] } },
{ "type": "Feature", "properties": { "name": "LILLE 9", "nameV": "TMA LILLE 9", "class": "E", "type": "TMA", "lower": "2000FT AMSL", "lowerM": 609, "upper": "4500FT AMSL", "upperM": 1371, "desc": "ATC services are provided by LILLE APP within Belgian part by delegation of Belgocontrol.", "activationCode": "H24", "UId": "3561571", "id": "LFQQ9", "stroke": "#008040", "stroke-width": 2, "stroke-opacity": 0.8, "fill": "#80ff80", "fill-opacity": 0.2 }, "geometry": { "type": "Polygon", "coordinates": [ [ [ 2.804444, 50.843889 ], [ 2.921389, 50.717222 ], [ 2.896084361913952, 50.696641238038282 ], [ 2.889486, 50.703464 ], [ 2.885242, 50.706411 ], [ 2.879608, 50.702881 ], [ 2.873114, 50.704317 ], [ 2.8697, 50.703322 ], [ 2.858372, 50.711011 ], [ 2.848028, 50.723033 ], [ 2.839514, 50.720553 ], [ 2.829656, 50.719744 ], [ 2.822861, 50.717908 ], [ 2.819264, 50.715594 ], [ 2.815567, 50.717667 ], [ 2.81095, 50.717467 ], [ 2.800356, 50.723572 ], [ 2.794528, 50.724919 ], [ 2.7949, 50.725992 ], [ 2.790206, 50.725739 ], [ 2.790283, 50.731586 ], [ 2.787267, 50.732517 ], [ 2.781594, 50.743356 ], [ 2.783597, 50.744225 ], [ 2.7829, 50.751494 ], [ 2.778039, 50.750553 ], [ 2.772767, 50.755003 ], [ 2.766008, 50.754558 ], [ 2.761483, 50.759311 ], [ 2.763883, 50.761308 ], [ 2.763114, 50.762844 ], [ 2.756383, 50.762711 ], [ 2.761956, 50.771022 ], [ 2.754842, 50.774583 ], [ 2.752869, 50.777469 ], [ 2.741017, 50.781628 ], [ 2.738403, 50.780353 ], [ 2.737161, 50.782819 ], [ 2.728767, 50.789933 ], [ 2.729411, 50.792108 ], [ 2.725975, 50.792333 ], [ 2.72095, 50.802272 ], [ 2.725872, 50.809056 ], [ 2.713106, 50.815408 ], [ 2.710808, 50.813536 ], [ 2.678922, 50.813444 ], [ 2.67505, 50.819367 ], [ 2.669225, 50.822722 ], [ 2.667575, 50.819564 ], [ 2.655775, 50.813467 ], [ 2.63515, 50.812953 ], [ 2.632385036329353, 50.817053923895003 ], [ 2.632222, 50.816944 ], [ 2.804444, 50.843889 ] ] ] } },
{ "type": "Feature", "properties": { "name": "LILLE 2", "nameV": "TMA LILLE 2", "class": "D", "type": "TMA", "lower": "1500FT AMSL", "lowerM": 457, "upper": "4500FT AMSL", "upperM": 1371, "desc": "ATC services are provided by LILLE APP within Belgian part by delegation of Belgocontrol.", "activationCode": "H24", "UId": "3561376", "id": "LFQQ2", "stroke": "#ff0000", "stroke-width": 2, "stroke-opacity": 0.8, "fill": "#ff8080", "fill-opacity": 0.3 }, "geometry": { "type": "Polygon", "coordinates": [ [ [ 3.423611, 50.6875 ], [ 3.473611, 50.669167 ], [ 3.487748987391524, 50.529353108575748 ], [ 3.474156, 50.533692 ], [ 3.469564, 50.532028 ], [ 3.470925, 50.530722 ], [ 3.454025, 50.518897 ], [ 3.454239, 50.515211 ], [ 3.450553, 50.511683 ], [ 3.45185, 50.510014 ], [ 3.449011, 50.506617 ], [ 3.439131, 50.507475 ], [ 3.438467, 50.510064 ], [ 3.435436, 50.509911 ], [ 3.428981, 50.504744 ], [ 3.418597, 50.502344 ], [ 3.416483, 50.503025 ], [ 3.407192, 50.498947 ], [ 3.397239, 50.498419 ], [ 3.395989, 50.496108 ], [ 3.391994, 50.498597 ], [ 3.388956, 50.495431 ], [ 3.377033, 50.491414 ], [ 3.371589, 50.493583 ], [ 3.369103, 50.497242 ], [ 3.361733, 50.503747 ], [ 3.349556, 50.505531 ], [ 3.337542, 50.508811 ], [ 3.329686, 50.508078 ], [ 3.326536, 50.510564 ], [ 3.328003, 50.512203 ], [ 3.322219, 50.515536 ], [ 3.320503, 50.518436 ], [ 3.307783, 50.519572 ], [ 3.292947, 50.524344 ], [ 3.286506, 50.527936 ], [ 3.286819, 50.530794 ], [ 3.284564, 50.535094 ], [ 3.278942, 50.538492 ], [ 3.280464, 50.543511 ], [ 3.277956, 50.551831 ], [ 3.282344, 50.552136 ], [ 3.28095, 50.555931 ], [ 3.278806, 50.555497 ], [ 3.275917, 50.558525 ], [ 3.285161, 50.561672 ], [ 3.277789, 50.564406 ], [ 3.278478, 50.572833 ], [ 3.281522, 50.572828 ], [ 3.280861, 50.578547 ], [ 3.276533, 50.581258 ], [ 3.276222, 50.589864 ], [ 3.279506, 50.595953 ], [ 3.274319, 50.597033 ], [ 3.276006, 50.600453 ], [ 3.273786, 50.600681 ], [ 3.274767, 50.604772 ], [ 3.272072, 50.604764 ], [ 3.270064, 50.611789 ], [ 3.263114, 50.616653 ], [ 3.263739, 50.617892 ], [ 3.257811, 50.620447 ], [ 3.258906, 50.621564 ], [ 3.255181, 50.622725 ], [ 3.257333, 50.625897 ], [ 3.259103, 50.629803 ], [ 3.252672, 50.632853 ], [ 3.251961, 50.635917 ], [ 3.244111, 50.640669 ], [ 3.249411, 50.647244 ], [ 3.248806, 50.649675 ], [ 3.245089, 50.651331 ], [ 3.246883, 50.652244 ], [ 3.240108, 50.658567 ], [ 3.242675, 50.665906 ], [ 3.241183, 50.668803 ], [ 3.252875, 50.674206 ], [ 3.265278, 50.676994 ], [ 3.260989, 50.678989 ], [ 3.260336818673457, 50.680036616860541 ], [ 3.260278, 50.68 ], [ 3.423611, 50.6875 ] ] ] } },
{ "type": "Feature", "properties": { "name": "LUXEUIL 6", "nameV": "TMA LUXEUIL 6", "class": "D", "type": "TMA", "lower": "3000FT AMSL", "lowerM": 914, "upper": "FL075", "upperM": 2286, "desc": "OAT/GAT procedures. Except area LF-R 45 S7 when active. Deactivation announced by RAI 129.925 MHz. Activity known on BASEL INFO.", "activationCode": "HO", "activationDesc": "Possible activation H24 when QFU 29 in use at LFSX.", "declassifiable": true, "UId": "27271249", "id": "LFSX6", "stroke": "#ff0000", "stroke-width": 2, "stroke-opacity": 0.8, "fill": "#ffb9dc", "fill-opacity": 0.3 }, "geometry": { "type": "Polygon", "coordinates": [ [ [ 6.660556, 47.773333 ], [ 6.65, 47.65 ], [ 6.617778, 47.507222 ], [ 6.445556, 47.556944 ], [ 6.490833, 47.606389 ], [ 6.491209, 47.606401 ], [ 6.495385, 47.607751 ], [ 6.499529, 47.609144 ], [ 6.503641, 47.610581 ], [ 6.507719, 47.61206 ], [ 6.511763, 47.613582 ], [ 6.515771, 47.615147 ], [ 6.519743, 47.616753 ], [ 6.523677, 47.618401 ], [ 6.527573, 47.62009 ], [ 6.531429, 47.62182 ], [ 6.535246, 47.62359 ], [ 6.539021, 47.625399 ], [ 6.542753, 47.627248 ], [ 6.546443, 47.629137 ], [ 6.550089, 47.631063 ], [ 6.55369, 47.633028 ], [ 6.557245, 47.63503 ], [ 6.560754, 47.637069 ], [ 6.564215, 47.639145 ], [ 6.567628, 47.641257 ], [ 6.570992, 47.643405 ], [ 6.574306, 47.645587 ], [ 6.577569, 47.647804 ], [ 6.580781, 47.650055 ], [ 6.58394, 47.65234 ], [ 6.587046, 47.654657 ], [ 6.590099, 47.657007 ], [ 6.593097, 47.659388 ], [ 6.596039, 47.661801 ], [ 6.598926, 47.664244 ], [ 6.601755, 47.666717 ], [ 6.604528, 47.66922 ], [ 6.607242, 47.671751 ], [ 6.609897, 47.674311 ], [ 6.612493, 47.676898 ], [ 6.615029, 47.679512 ], [ 6.617504, 47.682152 ], [ 6.619918, 47.684818 ], [ 6.62227, 47.687509 ], [ 6.624559, 47.690225 ], [ 6.626785, 47.692964 ], [ 6.628948, 47.695726 ], [ 6.631046, 47.698511 ], [ 6.63308, 47.701317 ], [ 6.635049, 47.704144 ], [ 6.636952, 47.706992 ], [ 6.638789, 47.709859 ], [ 6.640559, 47.712745 ], [ 6.642263, 47.715649 ], [ 6.643899, 47.718571 ], [ 6.645467, 47.72151 ], [ 6.646966, 47.724464 ], [ 6.648397, 47.727434 ], [ 6.64976, 47.730419 ], [ 6.651052, 47.733418 ], [ 6.652275, 47.73643 ], [ 6.653429, 47.739454 ], [ 6.654511, 47.74249 ], [ 6.655524, 47.745538 ], [ 6.656465, 47.748595 ], [ 6.657336, 47.751662 ], [ 6.658135, 47.754738 ], [ 6.658863, 47.757821 ], [ 6.659519, 47.760912 ], [ 6.660103, 47.76401 ], [ 6.660615, 47.767113 ], [ 6.661056, 47.770221 ], [ 6.661423, 47.773333 ], [ 6.660556, 47.773333 ] ] ] } },
{ "type": "Feature", "properties": { "name": "STRASBOURG 1.2", "nameV": "TMA STRASBOURG 1.2", "class": "D", "type": "TMA", "lower": "2500FT AMSL", "lowerM": 762, "upper": "4000FT AMSL", "upperM": 1219, "desc": "Except for LF-D526 when active. Downgrading to class G following protocol announced on ATIS STRASBOURG.", "activationCode": "HX", "activationDesc": "Activable H24 Possible activation H24", "declassifiable": true, "UId": "1562347", "id": "LFST1.2", "stroke": "#ff0000", "stroke-width": 2, "stroke-opacity": 0.8, "fill": "#ffb9dc", "fill-opacity": 0.3 }, "geometry": { "type": "Polygon", "coordinates": [ [ [ 7.910833, 48.845 ], [ 7.975278, 48.816389 ], [ 7.83, 48.764722 ], [ 7.603056, 48.783333 ], [ 7.671667, 48.835833 ], [ 7.910833, 48.845 ] ] ] } },
{ "type": "Feature", "properties": { "name": "STRASBOURG 2.1", "nameV": "TMA STRASBOURG 2.1", "class": "D", "type": "TMA", "lower": "5000FT AMSL", "lowerM": 1524, "upper": "6500FT AMSL", "upperM": 1981, "desc": "Downgrading to class G following protocol announced on ATIS Strasbourg.", "activationCode": "HO", "activationDesc": "Activable H24 Possible activation H24", "declassifiable": true, "UId": "1561411", "id": "LFST2.1", "stroke": "#ff0000", "stroke-width": 2, "stroke-opacity": 0.8, "fill": "#ffb9dc", "fill-opacity": 0.3 }, "geometry": { "type": "Polygon", "coordinates": [ [ [ 7.591389, 48.916944 ], [ 7.981944, 48.916667 ], [ 7.910833, 48.845 ], [ 7.671667, 48.835833 ], [ 7.521389, 48.859722 ], [ 7.591389, 48.916944 ] ] ] } },
{ "type": "Feature", "properties": { "name": "LORIENT 1", "nameV": "TMA LORIENT 1", "class": "D", "type": "TMA", "lower": "2500FT AMSL", "lowerM": 762, "upper": "FL195", "upperM": 5943, "desc": "OAT/GAT procedures. Deactivation of TMA announced by RAI frequency 123.0 or by IROISE INFO. Except for LF-R 14, LF-R 13 A1, LF-R 13 A2, LF-R 13 B1, LF-R 13 B2, LF-R 13 C and LF-R 94 when active.", "activationCode": "HX", "activationDesc": "Activable H24 Possible activation H24", "declassifiable": true, "UId": "1564419", "id": "LFRH1", "stroke": "#ff0000", "stroke-width": 2, "stroke-opacity": 0.8, "fill": "#ffb9dc", "fill-opacity": 0.3 }, "geometry": { "type": "Polygon", "coordinates": [ [ [ -3.409167, 48.176111 ], [ -3.0, 48.055 ], [ -2.999056, 48.054738 ], [ -2.9885, 48.047431 ], [ -2.978216, 48.039953 ], [ -2.968211, 48.032308 ], [ -2.95849, 48.024503 ], [ -2.949059, 48.01654 ], [ -2.939924, 48.008426 ], [ -2.93109, 48.000164 ], [ -2.922562, 47.99176 ], [ -2.914345, 47.983219 ], [ -2.906444, 47.974546 ], [ -2.898864, 47.965747 ], [ -2.891608, 47.956826 ], [ -2.884682, 47.947788 ], [ -2.878088, 47.938641 ], [ -2.871832, 47.929387 ], [ -2.865916, 47.920035 ], [ -2.860343, 47.910588 ], [ -2.855118, 47.901052 ], [ -2.850242, 47.891434 ], [ -2.845719, 47.88174 ], [ -2.841552, 47.871973 ], [ -2.837741, 47.862142 ], [ -2.83429, 47.852251 ], [ -2.8312, 47.842307 ], [ -2.828473, 47.832315 ], [ -2.826111, 47.822281 ], [ -2.824114, 47.812211 ], [ -2.822483, 47.802112 ], [ -2.82122, 47.79199 ], [ -2.820324, 47.781849 ], [ -2.819797, 47.771697 ], [ -2.819638, 47.761539 ], [ -2.819847, 47.751382 ], [ -2.820424, 47.741231 ], [ -2.821367, 47.731092 ], [ -2.822678, 47.720972 ], [ -2.824353, 47.710877 ], [ -2.826393, 47.700812 ], [ -2.828796, 47.690783 ], [ -2.83156, 47.680797 ], [ -2.834684, 47.670858 ], [ -2.838164, 47.660974 ], [ -2.842, 47.65115 ], [ -2.846188, 47.641391 ], [ -2.850726, 47.631704 ], [ -2.855611, 47.622094 ], [ -2.86084, 47.612567 ], [ -2.86641, 47.603128 ], [ -2.872317, 47.593783 ], [ -2.878558, 47.584538 ], [ -2.885129, 47.575398 ], [ -2.892025, 47.566368 ], [ -2.899243, 47.557453 ], [ -2.906778, 47.548659 ], [ -2.914625, 47.539991 ], [ -2.92278, 47.531455 ], [ -2.931238, 47.523054 ], [ -2.939994, 47.514794 ], [ -2.949043, 47.50668 ], [ -2.958378, 47.498716 ], [ -2.967995, 47.490908 ], [ -2.977888, 47.483259 ], [ -2.98805, 47.475775 ], [ -2.998477, 47.468459 ], [ -3.009161, 47.461316 ], [ -3.020096, 47.45435 ], [ -3.031276, 47.447565 ], [ -3.042694, 47.440965 ], [ -3.054344, 47.434554 ], [ -3.066218, 47.428336 ], [ -3.07831, 47.422314 ], [ -3.090613, 47.416492 ], [ -3.103118, 47.410872 ], [ -3.11582, 47.40546 ], [ -3.12871, 47.400256 ], [ -3.141781, 47.395265 ], [ -3.155025, 47.39049 ], [ -3.168435, 47.385933 ], [ -3.182003, 47.381597 ], [ -3.19572, 47.377484 ], [ -3.209579, 47.373597 ], [ -3.223572, 47.369939 ], [ -3.237691, 47.36651 ], [ -3.251926, 47.363313 ], [ -3.266271, 47.360351 ], [ -3.280717, 47.357624 ], [ -3.295255, 47.355135 ], [ -3.309877, 47.352884 ], [ -3.324574, 47.350874 ], [ -3.339339, 47.349104 ], [ -3.354161, 47.347577 ], [ -3.369033, 47.346293 ], [ -3.383947, 47.345253 ], [ -3.398893, 47.344457 ], [ -3.413863, 47.343907 ], [ -3.428847, 47.343602 ], [ -3.428889, 47.343889 ], [ -3.428889, 47.343889 ], [ -3.430833, 47.260556 ], [ -3.430792, 47.259857 ], [ -3.443287, 47.259823 ], [ -3.45578, 47.259931 ], [ -3.468269, 47.260182 ], [ -3.480751, 47.260575 ], [ -3.49322, 47.26111 ], [ -3.505675, 47.261787 ], [ -3.518112, 47.262605 ], [ -3.530527, 47.263565 ], [ -3.542917, 47.264666 ], [ -3.555278, 47.265908 ], [ -3.567607, 47.267291 ], [ -3.5799, 47.268813 ], [ -3.592155, 47.270476 ], [ -3.604367, 47.272278 ], [ -3.616533, 47.274218 ], [ -3.628649, 47.276297 ], [ -3.640714, 47.278513 ], [ -3.652722, 47.280866 ], [ -3.664671, 47.283356 ], [ -3.676557, 47.285982 ], [ -3.688377, 47.288742 ], [ -3.700128, 47.291636 ], [ -3.711806, 47.294664 ], [ -3.723409, 47.297825 ], [ -3.734932, 47.301117 ], [ -3.746372, 47.304539 ], [ -3.757728, 47.308092 ], [ -3.768994, 47.311773 ], [ -3.780169, 47.315582 ], [ -3.791248, 47.319518 ], [ -3.802229, 47.323579 ], [ -3.813109, 47.327765 ], [ -3.823884, 47.332074 ], [ -3.834552, 47.336505 ], [ -3.84511, 47.341056 ], [ -3.855554, 47.345728 ], [ -3.865882, 47.350517 ], [ -3.876091, 47.355424 ], [ -3.886177, 47.360446 ], [ -3.896138, 47.365582 ], [ -3.905972, 47.370831 ], [ -3.915675, 47.376191 ], [ -3.925244, 47.38166 ], [ -3.934677, 47.387238 ], [ -3.943971, 47.392923 ], [ -3.953124, 47.398712 ], [ -3.962133, 47.404605 ], [ -3.970995, 47.410599 ], [ -3.979708, 47.416694 ], [ -3.988269, 47.422887 ], [ -3.996675, 47.429176 ], [ -4.004926, 47.435561 ], [ -4.013017, 47.442038 ], [ -4.020947, 47.448606 ], [ -4.028713, 47.455264 ], [ -4.036313, 47.462009 ], [ -4.043746, 47.46884 ], [ -4.051008, 47.475755 ], [ -4.058097, 47.482751 ], [ -4.065012, 47.489827 ], [ -4.071751, 47.49698 ], [ -4.078311, 47.50421 ], [ -4.084691, 47.511513 ], [ -4.090889, 47.518887 ], [ -4.096903, 47.526331 ], [ -4.102731, 47.533843 ], [ -4.108371, 47.541419 ], [ -4.113822, 47.549059 ], [ -4.119082, 47.55676 ], [ -4.124149, 47.56452 ], [ -4.129023, 47.572336 ], [ -4.133701, 47.580206 ], [ -4.138183, 47.588129 ], [ -4.142466, 47.596102 ], [ -4.146549, 47.604122 ], [ -4.150432, 47.612187 ], [ -4.154113, 47.620296 ], [ -4.157591, 47.628445 ], [ -4.160864, 47.636633 ], [ -4.163933, 47.644857 ], [ -4.166795, 47.653115 ], [ -4.16945, 47.661404 ], [ -4.171897, 47.669722 ], [ -4.174135, 47.678066 ], [ -4.176164, 47.686435 ], [ -4.177982, 47.694826 ], [ -4.176944, 47.694722 ], [ -4.176944, 47.694722 ], [ -3.823611, 47.693333 ], [ -3.824764, 47.693334 ], [ -3.825346, 47.694845 ], [ -3.825915, 47.696359 ], [ -3.826471, 47.697875 ], [ -3.827014, 47.699394 ], [ -3.827544, 47.700914 ], [ -3.828061, 47.702436 ], [ -3.828564, 47.703961 ], [ -3.829054, 47.705487 ], [ -3.829531, 47.707015 ], [ -3.829995, 47.708545 ], [ -3.830446, 47.710077 ], [ -3.830883, 47.711611 ], [ -3.831307, 47.713146 ], [ -3.831717, 47.714683 ], [ -3.832114, 47.716222 ], [ -3.832498, 47.717762 ], [ -3.832869, 47.719303 ], [ -3.833226, 47.720846 ], [ -3.83357, 47.72239 ], [ -3.8339, 47.723936 ], [ -3.834218, 47.725483 ], [ -3.834521, 47.727031 ], [ -3.834811, 47.72858 ], [ -3.835088, 47.730131 ], [ -3.835351, 47.731682 ], [ -3.835601, 47.733235 ], [ -3.835838, 47.734788 ], [ -3.836061, 47.736343 ], [ -3.83627, 47.737898 ], [ -3.836466, 47.739454 ], [ -3.836648, 47.741011 ], [ -3.836817, 47.742568 ], [ -3.836973, 47.744126 ], [ -3.837114, 47.745685 ], [ -3.837243, 47.747244 ], [ -3.837358, 47.748804 ], [ -3.837459, 47.750364 ], [ -3.837547, 47.751924 ], [ -3.837621, 47.753485 ], [ -3.837681, 47.755046 ], [ -3.837728, 47.756607 ], [ -3.837762, 47.758169 ], [ -3.837782, 47.75973 ], [ -3.837788, 47.761292 ], [ -3.837781, 47.762853 ], [ -3.83776, 47.764415 ], [ -3.837726, 47.765976 ], [ -3.837678, 47.767537 ], [ -3.837616, 47.769098 ], [ -3.837541, 47.770659 ], [ -3.837453, 47.77222 ], [ -3.837351, 47.77378 ], [ -3.837235, 47.775339 ], [ -3.837106, 47.776898 ], [ -3.836963, 47.778457 ], [ -3.836806, 47.780015 ], [ -3.836636, 47.781572 ], [ -3.836453, 47.783129 ], [ -3.836256, 47.784685 ], [ -3.836045, 47.78624 ], [ -3.835821, 47.787795 ], [ -3.835584, 47.789348 ], [ -3.835333, 47.7909 ], [ -3.835068, 47.792452 ], [ -3.83479, 47.794002 ], [ -3.834498, 47.795551 ], [ -3.834193, 47.797099 ], [ -3.833875, 47.798646 ], [ -3.833543, 47.800192 ], [ -3.833197, 47.801736 ], [ -3.832838, 47.803279 ], [ -3.832466, 47.80482 ], [ -3.83208, 47.80636 ], [ -3.831681, 47.807899 ], [ -3.831269, 47.809435 ], [ -3.830843, 47.810971 ], [ -3.830403, 47.812504 ], [ -3.829951, 47.814036 ], [ -3.829485, 47.815566 ], [ -3.829005, 47.817094 ], [ -3.828513, 47.81862 ], [ -3.828007, 47.820144 ], [ -3.827488, 47.821666 ], [ -3.826955, 47.823186 ], [ -3.82641, 47.824704 ], [ -3.825851, 47.82622 ], [ -3.825279, 47.827734 ], [ -3.824693, 47.829245 ], [ -3.824095, 47.830754 ], [ -3.823483, 47.83226 ], [ -3.822858, 47.833765 ], [ -3.822221, 47.835266 ], [ -3.821111, 47.835278 ], [ -3.821111, 47.835278 ], [ -3.635833, 47.928333 ], [ -3.409167, 48.176111 ] ] ] } },
{ "type": "Feature", "properties": { "name": "MONTPELLIER 13", "nameV": "TMA MONTPELLIER 13", "class": "D", "type": "TMA", "lower": "2500FT AMSL", "lowerM": 762, "upper": "FL075", "upperM": 2286, "desc": "This part only exists when part 3 of RHONE CTA and LF-R 217/3 RHONE are deactivated.", "activationCode": "H24", "UId": "23813492", "id": "LFMT13", "stroke": "#ff0000", "stroke-width": 2, "stroke-opacity": 0.8, "fill": "#ff8080", "fill-opacity": 0.3 }, "geometry": { "type": "Polygon", "coordinates": [ [ [ 4.336353, 44.033311 ], [ 4.520597, 44.031425 ], [ 4.550039, 43.945836 ], [ 4.551864, 43.858128 ], [ 4.525, 43.875033 ], [ 4.336353, 44.033311 ] ] ] } },
{ "type": "Feature", "properties": { "name": "VILLACOUBLAY", "nameV": "TMA VILLACOUBLAY", "class": "A", "type": "TMA", "lower": "1500FT AMSL", "lowerM": 457, "upper": "2500FT AMSL", "upperM": 762, "desc": "OAT/GAT procedures Deactivation announced on RAI 128.95 or ORLY APP or CDG APP.", "activationCode": "HX", "activationDesc": "Activable H24 Possible activation H24.", "UId": "1561295", "id": "LFPV", "stroke": "#ff0000", "stroke-width": 2, "stroke-opacity": 0.8, "fill": "#ff8080", "fill-opacity": 0.3 }, "geometry": { "type": "Polygon", "coordinates": [ [ [ 2.089444, 48.797222 ], [ 2.080556, 48.786944 ], [ 2.080556, 48.761667 ], [ 2.117222, 48.758333 ], [ 2.149167, 48.764722 ], [ 2.151667, 48.755556 ], [ 1.988889, 48.754167 ], [ 1.986944, 48.795833 ], [ 2.089444, 48.797222 ] ] ] } },
{ "type": "Feature", "properties": { "name": "PARIS 10", "nameV": "TMA PARIS 10", "class": "A", "type": "TMA", "lower": "2000FT AMSL", "lowerM": 609, "upper": "2500FT AMSL", "upperM": 762, "activationCode": "H24", "UId": "1561211", "id": "LFPG10", "stroke": "#ff0000", "stroke-width": 2, "stroke-opacity": 0.8, "fill": "#ff8080", "fill-opacity": 0.3 }, "geometry": { "type": "Polygon", "coordinates": [ [ [ 1.986667, 48.798611 ], [ 1.986944, 48.795833 ], [ 1.988889, 48.754167 ], [ 1.994167, 48.653889 ], [ 1.999167, 48.633333 ], [ 1.772778, 48.573333 ], [ 1.695833, 48.621667 ], [ 1.739444, 48.7875 ], [ 1.986667, 48.798611 ] ] ] } },
{ "type": "Feature", "properties": { "name": "IROISE 2.2", "nameV": "TMA IROISE 2.2", "class": "D", "type": "TMA", "lower": "FL115", "lowerM": 3505, "upper": "FL195", "upperM": 5943, "activationCode": "H24", "UId": "1564623", "id": "LFRB2.2", "stroke": "#ff0000", "stroke-width": 2, "stroke-opacity": 0.8, "fill": "#ff8080", "fill-opacity": 0.1 }, "geometry": { "type": "Polygon", "coordinates": [ [ [ -4.131667, 48.309722 ], [ -4.010278, 48.278333 ], [ -3.616667, 48.175 ], [ -3.758333, 47.95 ], [ -3.821111, 47.835278 ], [ -3.890556, 47.829722 ], [ -4.366667, 47.791667 ], [ -4.405833, 47.940278 ], [ -4.408333, 47.95 ], [ -4.25, 48.25 ], [ -4.131667, 48.309722 ] ] ] } },
{ "type": "Feature", "properties": { "name": "IROISE 3", "nameV": "TMA IROISE 3", "class": "D", "type": "TMA", "lower": "2500FT AMSL", "lowerM": 762, "upper": "FL195", "upperM": 5943, "desc": "OAT/GAT procedures. Manager announced by RAI FREQ 122.4.", "activationCode": "H24", "UId": "1564625", "id": "LFRB3", "stroke": "#ff0000", "stroke-width": 2, "stroke-opacity": 0.8, "fill": "#ff8080", "fill-opacity": 0.3 }, "geometry": { "type": "Polygon", "coordinates": [ [ [ -3.05, 49.022222 ], [ -3.05, 48.779167 ], [ -3.05, 48.6 ], [ -3.55, 48.447222 ], [ -4.010278, 48.278333 ], [ -4.131667, 48.309722 ], [ -3.616667, 48.566667 ], [ -3.616667, 48.638056 ], [ -3.616667, 48.866667 ], [ -3.616667, 48.905556 ], [ -3.05, 49.022222 ] ] ] } },
{ "type": "Feature", "properties": { "name": "IROISE 4", "nameV": "TMA IROISE 4", "class": "D", "type": "TMA", "lower": "4500FT AMSL", "lowerM": 1371, "upper": "FL195", "upperM": 5943, "desc": "OAT/GAT procedures. Manager announced by RAI FREQ 122.4.", "activationCode": "H24", "UId": "1564627", "id": "LFRB4", "stroke": "#ff0000", "stroke-width": 2, "stroke-opacity": 0.8, "fill": "#ff8080", "fill-opacity": 0.3 }, "geometry": { "type": "Polygon", "coordinates": [ [ [ -3.05, 48.338611 ], [ -3.409167, 48.176111 ], [ -3.616667, 48.175 ], [ -4.010278, 48.278333 ], [ -3.55, 48.447222 ], [ -3.05, 48.6 ], [ -3.05, 48.338611 ] ] ] } },
{ "type": "Feature", "properties": { "name": "TOULOUSE 1.1", "nameV": "TMA TOULOUSE 1.1", "class": "D", "type": "TMA", "lower": "2000FT AMSL", "lowerM": 609, "upper": "3000FT AMSL", "upperM": 914, "desc": "Except for a part of the LF-R 112 FONSORBES when active.", "activationCode": "H24", "UId": "7162803", "id": "LFBO1.1", "stroke": "#ff0000", "stroke-width": 2, "stroke-opacity": 0.8, "fill": "#ff8080", "fill-opacity": 0.3 }, "geometry": { "type": "Polygon", "coordinates": [ [ [ 1.418889, 43.986111 ], [ 1.5675, 43.737222 ], [ 1.540278, 43.703611 ], [ 1.477778, 43.635 ], [ 1.456667, 43.601389 ], [ 1.493889, 43.558056 ], [ 1.515278, 43.545278 ], [ 1.632222, 43.499722 ], [ 1.744167, 43.455833 ], [ 1.666667, 43.341667 ], [ 1.330278, 43.339444 ], [ 1.341667, 43.449444 ], [ 1.172222, 43.504444 ], [ 0.949444, 43.578056 ], [ 0.872778, 43.766667 ], [ 1.090833, 43.931389 ], [ 1.418889, 43.986111 ] ] ] } },
{ "type": "Feature", "properties": { "name": "TOULOUSE 1.2", "nameV": "TMA TOULOUSE 1.2", "class": "D", "type": "TMA", "lower": "3000FT AMSL", "lowerM": 914, "upper": "4000FT AMSL", "upperM": 1219, "activationCode": "H24", "UId": "1561391", "id": "LFBO1.2", "stroke": "#ff0000", "stroke-width": 2, "stroke-opacity": 0.8, "fill": "#ff8080", "fill-opacity": 0.3 }, "geometry": { "type": "Polygon", "coordinates": [ [ [ 1.418889, 43.986111 ], [ 1.647222, 43.602778 ], [ 1.919167, 43.503889 ], [ 1.618056, 43.268611 ], [ 1.324722, 43.286111 ], [ 1.0275, 43.384167 ], [ 0.872778, 43.766667 ], [ 1.090833, 43.931389 ], [ 1.418889, 43.986111 ] ] ] } },
{ "type": "Feature", "properties": { "name": "TOULOUSE 4-2", "nameV": "TMA TOULOUSE 4-2", "class": "E", "type": "TMA", "lower": "3000FT AMSL", "lowerM": 914, "upper": "4000FT AMSL", "upperM": 1219, "activationCode": "H24", "UId": "1561387", "id": "LFBO4-2", "stroke": "#008040", "stroke-width": 2, "stroke-opacity": 0.8, "fill": "#80ff80", "fill-opacity": 0.2 }, "geometry": { "type": "Polygon", "coordinates": [ [ [ 1.350833, 44.125556 ], [ 1.538889, 44.091667 ], [ 1.621667, 44.083889 ], [ 1.725278, 43.9 ], [ 1.725278, 43.574444 ], [ 1.647222, 43.602778 ], [ 1.5675, 43.737222 ], [ 1.418889, 43.986111 ], [ 1.090833, 43.931389 ], [ 0.872778, 43.766667 ], [ 1.002222, 44.038611 ], [ 1.350833, 44.125556 ] ] ] } },
{ "type": "Feature", "properties": { "name": "MARTINIQUE 2", "nameV": "TMA MARTINIQUE 2", "class": "D", "type": "TMA", "lower": "4500FT AGL", "ordinalLowerM": 1371, "lowerM": 1371, "upper": "FL105", "upperM": 3200, "groundEstimatedHeight": [ 0, 0, 0, 0 ], "activationCode": "HO", "declassifiable": true, "UId": "1564407", "id": "TFFF2", "stroke": "#ff0000", "stroke-width": 2, "stroke-opacity": 0.8, "fill": "#ffb9dc", "fill-opacity": 0.3 }, "geometry": { "type": "Polygon", "coordinates": [ [ [ -60.866667, 14.216667 ], [ -60.828889, 14.176667 ], [ -60.674722, 14.029722 ], [ -60.674312, 14.028251 ], [ -60.666734, 14.02073 ], [ -60.659355, 14.013025 ], [ -60.652179, 14.005142 ], [ -60.645211, 13.997085 ], [ -60.638456, 13.988859 ], [ -60.631917, 13.98047 ], [ -60.6256, 13.971924 ], [ -60.619507, 13.963225 ], [ -60.613644, 13.95438 ], [ -60.608013, 13.945393 ], [ -60.602618, 13.936271 ], [ -60.597462, 13.92702 ], [ -60.59255, 13.917645 ], [ -60.587883, 13.908152 ], [ -60.583466, 13.898548 ], [ -60.5793, 13.888839 ], [ -60.575388, 13.879031 ], [ -60.571734, 13.869129 ], [ -60.568338, 13.859141 ], [ -60.565204, 13.849073 ], [ -60.562333, 13.838932 ], [ -60.559727, 13.828723 ], [ -60.557387, 13.818453 ], [ -60.555316, 13.80813 ], [ -60.553514, 13.797758 ], [ -60.551983, 13.787346 ], [ -60.550723, 13.7769 ], [ -60.549735, 13.766426 ], [ -60.549021, 13.755931 ], [ -60.548579, 13.745422 ], [ -60.548411, 13.734905 ], [ -60.548516, 13.724388 ], [ -60.548895, 13.713877 ], [ -60.549548, 13.703378 ], [ -60.550472, 13.692898 ], [ -60.551669, 13.682445 ], [ -60.553138, 13.672025 ], [ -60.554876, 13.661643 ], [ -60.556884, 13.651308 ], [ -60.55916, 13.641025 ], [ -60.561702, 13.630802 ], [ -60.564508, 13.620644 ], [ -60.567578, 13.610558 ], [ -60.570909, 13.600551 ], [ -60.574498, 13.590628 ], [ -60.578344, 13.580797 ], [ -60.582444, 13.571063 ], [ -60.586795, 13.561434 ], [ -60.591394, 13.551914 ], [ -60.596239, 13.542509 ], [ -60.601327, 13.533227 ], [ -60.606654, 13.524073 ], [ -60.612216, 13.515052 ], [ -60.618011, 13.506171 ], [ -60.624034, 13.497434 ], [ -60.630282, 13.488849 ], [ -60.63675, 13.480419 ], [ -60.643435, 13.472151 ], [ -60.650332, 13.464049 ], [ -60.657437, 13.456119 ], [ -60.664745, 13.448366 ], [ -60.672252, 13.440795 ], [ -60.679952, 13.433411 ], [ -60.687842, 13.426218 ], [ -60.695915, 13.419221 ], [ -60.704167, 13.412424 ], [ -60.712592, 13.405832 ], [ -60.721185, 13.399449 ], [ -60.729941, 13.393278 ], [ -60.738854, 13.387325 ], [ -60.747919, 13.381592 ], [ -60.757129, 13.376083 ], [ -60.766478, 13.370803 ], [ -60.775961, 13.365753 ], [ -60.785572, 13.360938 ], [ -60.795305, 13.35636 ], [ -60.805153, 13.352022 ], [ -60.81511, 13.347927 ], [ -60.82517, 13.344079 ], [ -60.835327, 13.340478 ], [ -60.845573, 13.337127 ], [ -60.855903, 13.33403 ], [ -60.866309, 13.331186 ], [ -60.876786, 13.328599 ], [ -60.887327, 13.32627 ], [ -60.897924, 13.3242 ], [ -60.908572, 13.322392 ], [ -60.919263, 13.320844 ], [ -60.929991, 13.31956 ], [ -60.940749, 13.31854 ], [ -60.951529, 13.317784 ], [ -60.962326, 13.317292 ], [ -60.973132, 13.317066 ], [ -60.98394, 13.317105 ], [ -60.994744, 13.31741 ], [ -60.994722, 13.315278 ], [ -60.994722, 13.315278 ], [ -61.5, 13.566667 ], [ -61.668056, 14.034722 ], [ -60.866667, 14.216667 ] ] ] } },
{ "type": "Feature", "properties": { "name": "LA REUNION 2", "nameV": "TMA LA REUNION 2", "class": "A", "type": "TMA", "lower": "FL195", "lowerM": 5943, "upper": "FL460", "upperM": 14020, "activationCode": "H24", "UId": "1566075", "id": "FMEE2", "stroke": "#ff0000", "stroke-width": 2, "stroke-opacity": 0.8, "fill": "#ff8080", "fill-opacity": 0.1 }, "geometry": { "type": "Polygon", "coordinates": [ [ [ 57.0, -23.133333 ], [ 56.15, -23.316667 ], [ 56.15004, -23.302951 ], [ 56.06597, -23.320744 ], [ 55.981305, -23.336028 ], [ 55.896137, -23.348786 ], [ 55.810556, -23.359004 ], [ 55.724654, -23.366672 ], [ 55.638522, -23.371782 ], [ 55.552253, -23.374328 ], [ 55.465938, -23.374306 ], [ 55.37967, -23.371719 ], [ 55.293541, -23.366567 ], [ 55.207644, -23.358857 ], [ 55.122069, -23.348596 ], [ 55.036908, -23.335797 ], [ 54.952253, -23.320472 ], [ 54.868193, -23.302637 ], [ 54.784818, -23.282313 ], [ 54.702216, -23.259521 ], [ 54.620475, -23.234285 ], [ 54.539681, -23.206631 ], [ 54.459921, -23.176591 ], [ 54.381277, -23.144194 ], [ 54.303834, -23.109477 ], [ 54.227671, -23.072476 ], [ 54.152869, -23.03323 ], [ 54.079506, -22.991782 ], [ 54.007659, -22.948174 ], [ 53.9374, -22.902454 ], [ 53.868804, -22.854669 ], [ 53.801941, -22.80487 ], [ 53.736879, -22.753111 ], [ 53.673684, -22.699445 ], [ 53.612421, -22.643928 ], [ 53.553152, -22.586621 ], [ 53.495936, -22.527581 ], [ 53.44083, -22.466873 ], [ 53.387889, -22.404558 ], [ 53.337166, -22.340703 ], [ 53.28871, -22.275374 ], [ 53.242568, -22.208639 ], [ 53.198785, -22.140568 ], [ 53.157403, -22.071231 ], [ 53.11846, -22.0007 ], [ 53.081995, -21.929049 ], [ 53.048039, -21.856352 ], [ 53.016625, -21.782683 ], [ 52.987781, -21.708119 ], [ 52.961532, -21.632737 ], [ 52.937901, -21.556613 ], [ 52.916908, -21.479827 ], [ 52.898571, -21.402456 ], [ 52.882904, -21.32458 ], [ 52.869918, -21.246278 ], [ 52.859622, -21.16763 ], [ 52.852023, -21.088717 ], [ 52.847124, -21.009617 ], [ 52.844926, -20.930413 ], [ 52.845426, -20.851183 ], [ 52.84862, -20.772008 ], [ 52.8545, -20.692968 ], [ 52.863056, -20.614142 ], [ 52.874276, -20.535611 ], [ 52.888144, -20.457452 ], [ 52.904642, -20.379744 ], [ 52.923749, -20.302565 ], [ 52.945444, -20.225992 ], [ 52.9697, -20.150102 ], [ 52.99649, -20.07497 ], [ 53.025783, -20.000672 ], [ 53.057547, -19.927281 ], [ 53.091747, -19.85487 ], [ 53.128346, -19.783511 ], [ 53.167304, -19.713275 ], [ 53.20858, -19.644231 ], [ 53.25213, -19.576448 ], [ 53.297909, -19.509992 ], [ 53.345869, -19.444929 ], [ 53.39596, -19.381324 ], [ 53.448131, -19.319238 ], [ 53.502327, -19.258733 ], [ 53.558494, -19.199868 ], [ 53.616575, -19.142702 ], [ 53.676511, -19.08729 ], [ 53.738241, -19.033686 ], [ 53.801704, -18.981944 ], [ 53.866836, -18.932113 ], [ 53.933571, -18.884242 ], [ 54.001845, -18.838379 ], [ 54.071588, -18.794567 ], [ 54.142733, -18.752851 ], [ 54.215208, -18.713269 ], [ 54.288943, -18.675862 ], [ 54.363865, -18.640664 ], [ 54.4399, -18.607712 ], [ 54.516974, -18.577036 ], [ 54.595012, -18.548666 ], [ 54.673938, -18.522631 ], [ 54.753674, -18.498955 ], [ 54.834143, -18.477662 ], [ 54.915268, -18.458772 ], [ 54.916667, -18.45 ], [ 54.916667, -18.45 ], [ 55.5, -18.333333 ], [ 55.5, -19.0 ], [ 57.0, -22.333333 ], [ 57.0, -23.133333 ] ] ] } },
{ "type": "Feature", "properties": { "name": "MARTINIQUE 1", "nameV": "TMA MARTINIQUE 1", "class": "D", "type": "TMA", "lower": "1500FT AGL", "ordinalLowerM": 457, "lowerM": 457, "upper": "FL105", "upperM": 3200, "groundEstimatedHeight": [ 0, 0, 0, 0 ], "activationCode": "H24", "UId": "1564397", "id": "TFFF1", "stroke": "#ff0000", "stroke-width": 2, "stroke-opacity": 0.8, "fill": "#ff8080", "fill-opacity": 0.3 }, "geometry": { "type": "Polygon", "coordinates": [ [ [ -61.334722, 14.111389 ], [ -61.441111, 14.473889 ], [ -61.441916, 14.474399 ], [ -61.446669, 14.491759 ], [ -61.450656, 14.5093 ], [ -61.453868, 14.526989 ], [ -61.456301, 14.544794 ], [ -61.45795, 14.562683 ], [ -61.458811, 14.580624 ], [ -61.458883, 14.598585 ], [ -61.458165, 14.616531 ], [ -61.456659, 14.634432 ], [ -61.454367, 14.652255 ], [ -61.451292, 14.669968 ], [ -61.447441, 14.687537 ], [ -61.442821, 14.704933 ], [ -61.437438, 14.722122 ], [ -61.431304, 14.739074 ], [ -61.424428, 14.755758 ], [ -61.416824, 14.772144 ], [ -61.408504, 14.788202 ], [ -61.399484, 14.803903 ], [ -61.389781, 14.819219 ], [ -61.37941, 14.834121 ], [ -61.368392, 14.848582 ], [ -61.356746, 14.862577 ], [ -61.344493, 14.87608 ], [ -61.331655, 14.889066 ], [ -61.318256, 14.901512 ], [ -61.30432, 14.913395 ], [ -61.289871, 14.924693 ], [ -61.274937, 14.935386 ], [ -61.259544, 14.945455 ], [ -61.24372, 14.95488 ], [ -61.227494, 14.963646 ], [ -61.210896, 14.971736 ], [ -61.193955, 14.979135 ], [ -61.176703, 14.98583 ], [ -61.15917, 14.991809 ], [ -61.14139, 14.99706 ], [ -61.123393, 15.001575 ], [ -61.105213, 15.005344 ], [ -61.086883, 15.008362 ], [ -61.068436, 15.010622 ], [ -61.049906, 15.012121 ], [ -61.031327, 15.012856 ], [ -61.012732, 15.012825 ], [ -60.994155, 15.012029 ], [ -60.97563, 15.010469 ], [ -60.957192, 15.008147 ], [ -60.938872, 15.005068 ], [ -60.920706, 15.001238 ], [ -60.902725, 14.996664 ], [ -60.884963, 14.991354 ], [ -60.867452, 14.985317 ], [ -60.850224, 14.978565 ], [ -60.83331, 14.97111 ], [ -60.81674, 14.962965 ], [ -60.800546, 14.954145 ], [ -60.784756, 14.944667 ], [ -60.769399, 14.934547 ], [ -60.754502, 14.923805 ], [ -60.740094, 14.912459 ], [ -60.7262, 14.90053 ], [ -60.712845, 14.888039 ], [ -60.700054, 14.875011 ], [ -60.687849, 14.861468 ], [ -60.676253, 14.847434 ], [ -60.665286, 14.832936 ], [ -60.654969, 14.818 ], [ -60.645319, 14.802652 ], [ -60.636355, 14.786921 ], [ -60.628093, 14.770836 ], [ -60.620547, 14.754425 ], [ -60.61373, 14.737718 ], [ -60.607656, 14.720745 ], [ -60.602335, 14.703538 ], [ -60.597776, 14.686128 ], [ -60.593987, 14.668546 ], [ -60.590976, 14.650823 ], [ -60.588747, 14.632993 ], [ -60.587304, 14.615087 ], [ -60.58665, 14.597138 ], [ -60.586785, 14.579178 ], [ -60.58771, 14.56124 ], [ -60.589422, 14.543356 ], [ -60.591918, 14.525559 ], [ -60.595193, 14.507881 ], [ -60.599242, 14.490354 ], [ -60.604056, 14.473009 ], [ -60.609627, 14.455878 ], [ -60.615945, 14.438992 ], [ -60.622998, 14.422381 ], [ -60.630773, 14.406075 ], [ -60.639256, 14.390105 ], [ -60.648431, 14.374498 ], [ -60.658282, 14.359282 ], [ -60.668791, 14.344487 ], [ -60.679939, 14.330137 ], [ -60.691705, 14.316258 ], [ -60.691944, 14.314722 ], [ -60.691944, 14.314722 ], [ -60.828889, 14.176667 ], [ -60.866667, 14.216667 ], [ -61.334722, 14.111389 ] ] ] } },
{ "type": "Feature", "properties": { "name": "MARTINIQUE 3", "nameV": "TMA MARTINIQUE 3", "class": "D", "type": "TMA", "lower": "FL105", "lowerM": 3200, "upper": "FL195", "upperM": 5943, "activationCode": "H24", "UId": "1564409", "id": "TFFF3", "stroke": "#ff0000", "stroke-width": 2, "stroke-opacity": 0.8, "fill": "#ff8080", "fill-opacity": 0.3 }, "geometry": { "type": "Polygon", "coordinates": [ [ [ -60.3, 16.166667 ], [ -59.8, 14.875 ], [ -60.583889, 13.899167 ], [ -60.583364, 13.89834 ], [ -60.579844, 13.89017 ], [ -60.576505, 13.88193 ], [ -60.573347, 13.873623 ], [ -60.570372, 13.865252 ], [ -60.567582, 13.856822 ], [ -60.564977, 13.848336 ], [ -60.562558, 13.839798 ], [ -60.560327, 13.831212 ], [ -60.558285, 13.822582 ], [ -60.556433, 13.813912 ], [ -60.554771, 13.805205 ], [ -60.5533, 13.796466 ], [ -60.552022, 13.787699 ], [ -60.550935, 13.778907 ], [ -60.550041, 13.770095 ], [ -60.549341, 13.761266 ], [ -60.548834, 13.752425 ], [ -60.548521, 13.743575 ], [ -60.548402, 13.734721 ], [ -60.548476, 13.725866 ], [ -60.548745, 13.717015 ], [ -60.549207, 13.708171 ], [ -60.549863, 13.699339 ], [ -60.550712, 13.690523 ], [ -60.551753, 13.681726 ], [ -60.552987, 13.672953 ], [ -60.554412, 13.664207 ], [ -60.556029, 13.655492 ], [ -60.557836, 13.646813 ], [ -60.559832, 13.638173 ], [ -60.562016, 13.629577 ], [ -60.564388, 13.621027 ], [ -60.566947, 13.612528 ], [ -60.569691, 13.604084 ], [ -60.572618, 13.595699 ], [ -60.575729, 13.587376 ], [ -60.57902, 13.57912 ], [ -60.582491, 13.570933 ], [ -60.586141, 13.562819 ], [ -60.589966, 13.554783 ], [ -60.593967, 13.546828 ], [ -60.59814, 13.538957 ], [ -60.602484, 13.531175 ], [ -60.606997, 13.523483 ], [ -60.611678, 13.515887 ], [ -60.616523, 13.508389 ], [ -60.62153, 13.500993 ], [ -60.626698, 13.493702 ], [ -60.632024, 13.48652 ], [ -60.637506, 13.479449 ], [ -60.64314, 13.472493 ], [ -60.648925, 13.465655 ], [ -60.654858, 13.458938 ], [ -60.660936, 13.452345 ], [ -60.667157, 13.44588 ], [ -60.673518, 13.439544 ], [ -60.680015, 13.433341 ], [ -60.686646, 13.427274 ], [ -60.693408, 13.421345 ], [ -60.700297, 13.415557 ], [ -60.707311, 13.409913 ], [ -60.714447, 13.404415 ], [ -60.721701, 13.399065 ], [ -60.72907, 13.393867 ], [ -60.736551, 13.388822 ], [ -60.74414, 13.383933 ], [ -60.751834, 13.379202 ], [ -60.759629, 13.374631 ], [ -60.767523, 13.370222 ], [ -60.77551, 13.365977 ], [ -60.783588, 13.361898 ], [ -60.791754, 13.357987 ], [ -60.800002, 13.354245 ], [ -60.808331, 13.350675 ], [ -60.816735, 13.347277 ], [ -60.825211, 13.344054 ], [ -60.833756, 13.341007 ], [ -60.842366, 13.338137 ], [ -60.851035, 13.335446 ], [ -60.859762, 13.332934 ], [ -60.868541, 13.330604 ], [ -60.877369, 13.328455 ], [ -60.886242, 13.326489 ], [ -60.895156, 13.324707 ], [ -60.904106, 13.323109 ], [ -60.91309, 13.321697 ], [ -60.922102, 13.32047 ], [ -60.931139, 13.31943 ], [ -60.940196, 13.318577 ], [ -60.94927, 13.317912 ], [ -60.958356, 13.317434 ], [ -60.967451, 13.317144 ], [ -60.97655, 13.317041 ], [ -60.985649, 13.317127 ], [ -60.994744, 13.317401 ], [ -60.994722, 13.315278 ], [ -60.994722, 13.315278 ], [ -61.5, 13.566667 ], [ -61.668056, 14.034722 ], [ -61.95, 14.9 ], [ -60.3, 16.166667 ] ] ] } },
{ "type": "Feature", "properties": { "name": "MARTINIQUE 4", "nameV": "TMA MARTINIQUE 4 Lower(1000FT AGL-3000FT AMSL)", "class": "E", "type": "TMA", "lower": "3000FT AMSL", "lowerMin": "1000FT AGL", "lowerM": 914, "upper": "FL105", "upperM": 3200, "activationCode": "H24", "UId": "1564403", "id": "TFFF4", "stroke": "#008040", "stroke-width": 2, "stroke-opacity": 0.8, "fill": "#80ff80", "fill-opacity": 0.2 }, "geometry": { "type": "Polygon", "coordinates": [ [ [ -60.3, 16.166667 ], [ -59.8, 14.875 ], [ -60.583889, 13.899167 ], [ -60.583385, 13.898331 ], [ -60.584066, 13.899857 ], [ -60.584754, 13.90138 ], [ -60.585447, 13.902901 ], [ -60.586147, 13.904419 ], [ -60.586853, 13.905934 ], [ -60.587565, 13.907447 ], [ -60.588284, 13.908957 ], [ -60.589008, 13.910464 ], [ -60.589739, 13.911968 ], [ -60.590476, 13.913469 ], [ -60.59122, 13.914968 ], [ -60.591969, 13.916464 ], [ -60.592725, 13.917956 ], [ -60.593487, 13.919446 ], [ -60.594255, 13.920933 ], [ -60.595029, 13.922416 ], [ -60.595809, 13.923897 ], [ -60.596595, 13.925375 ], [ -60.597387, 13.92685 ], [ -60.598186, 13.928321 ], [ -60.59899, 13.929789 ], [ -60.599801, 13.931255 ], [ -60.600617, 13.932717 ], [ -60.60144, 13.934176 ], [ -60.602268, 13.935632 ], [ -60.603103, 13.937084 ], [ -60.603944, 13.938533 ], [ -60.60479, 13.93998 ], [ -60.605643, 13.941422 ], [ -60.606501, 13.942862 ], [ -60.607365, 13.944298 ], [ -60.608236, 13.94573 ], [ -60.609112, 13.94716 ], [ -60.609994, 13.948586 ], [ -60.610882, 13.950008 ], [ -60.611776, 13.951427 ], [ -60.612675, 13.952842 ], [ -60.613581, 13.954254 ], [ -60.614492, 13.955663 ], [ -60.615409, 13.957068 ], [ -60.616332, 13.958469 ], [ -60.617261, 13.959867 ], [ -60.618195, 13.961261 ], [ -60.619135, 13.962652 ], [ -60.620081, 13.964039 ], [ -60.621033, 13.965422 ], [ -60.62199, 13.966801 ], [ -60.622953, 13.968177 ], [ -60.623922, 13.969549 ], [ -60.624896, 13.970917 ], [ -60.625876, 13.972282 ], [ -60.626861, 13.973642 ], [ -60.627853, 13.974999 ], [ -60.628849, 13.976352 ], [ -60.629852, 13.977701 ], [ -60.63086, 13.979046 ], [ -60.631873, 13.980387 ], [ -60.632892, 13.981725 ], [ -60.633916, 13.983058 ], [ -60.634946, 13.984387 ], [ -60.635982, 13.985713 ], [ -60.637023, 13.987034 ], [ -60.638069, 13.988351 ], [ -60.639121, 13.989664 ], [ -60.640178, 13.990973 ], [ -60.641241, 13.992278 ], [ -60.642308, 13.993579 ], [ -60.643382, 13.994876 ], [ -60.64446, 13.996168 ], [ -60.645544, 13.997457 ], [ -60.646634, 13.998741 ], [ -60.647728, 14.000021 ], [ -60.648828, 14.001296 ], [ -60.649933, 14.002568 ], [ -60.651044, 14.003835 ], [ -60.652159, 14.005097 ], [ -60.65328, 14.006356 ], [ -60.654406, 14.00761 ], [ -60.655537, 14.008859 ], [ -60.656673, 14.010104 ], [ -60.657815, 14.011345 ], [ -60.658961, 14.012582 ], [ -60.660113, 14.013813 ], [ -60.661269, 14.015041 ], [ -60.662431, 14.016264 ], [ -60.663598, 14.017482 ], [ -60.66477, 14.018696 ], [ -60.665946, 14.019905 ], [ -60.667128, 14.02111 ], [ -60.668315, 14.02231 ], [ -60.669507, 14.023506 ], [ -60.670703, 14.024697 ], [ -60.671905, 14.025883 ], [ -60.673111, 14.027064 ], [ -60.674322, 14.028241 ], [ -60.674722, 14.029722 ], [ -60.674722, 14.029722 ], [ -60.828889, 14.176667 ], [ -60.691944, 14.314722 ], [ -60.691705, 14.316258 ], [ -60.679939, 14.330137 ], [ -60.668791, 14.344487 ], [ -60.658282, 14.359282 ], [ -60.648431, 14.374498 ], [ -60.639256, 14.390105 ], [ -60.630773, 14.406075 ], [ -60.622998, 14.422381 ], [ -60.615945, 14.438992 ], [ -60.609627, 14.455878 ], [ -60.604056, 14.473009 ], [ -60.599242, 14.490354 ], [ -60.595193, 14.507881 ], [ -60.591918, 14.525559 ], [ -60.589422, 14.543356 ], [ -60.58771, 14.56124 ], [ -60.586785, 14.579178 ], [ -60.58665, 14.597138 ], [ -60.587304, 14.615087 ], [ -60.588747, 14.632993 ], [ -60.590976, 14.650823 ], [ -60.593987, 14.668546 ], [ -60.597776, 14.686128 ], [ -60.602335, 14.703538 ], [ -60.607656, 14.720745 ], [ -60.61373, 14.737718 ], [ -60.620547, 14.754425 ], [ -60.628093, 14.770836 ], [ -60.636355, 14.786921 ], [ -60.645319, 14.802652 ], [ -60.654969, 14.818 ], [ -60.665286, 14.832936 ], [ -60.676253, 14.847434 ], [ -60.687849, 14.861468 ], [ -60.700054, 14.875011 ], [ -60.712845, 14.888039 ], [ -60.7262, 14.90053 ], [ -60.740094, 14.912459 ], [ -60.754502, 14.923805 ], [ -60.769399, 14.934547 ], [ -60.784756, 14.944667 ], [ -60.800546, 14.954145 ], [ -60.81674, 14.962965 ], [ -60.83331, 14.97111 ], [ -60.850224, 14.978565 ], [ -60.867452, 14.985317 ], [ -60.884963, 14.991354 ], [ -60.902725, 14.996664 ], [ -60.920706, 15.001238 ], [ -60.938872, 15.005068 ], [ -60.957192, 15.008147 ], [ -60.97563, 15.010469 ], [ -60.994155, 15.012029 ], [ -61.012732, 15.012825 ], [ -61.031327, 15.012856 ], [ -61.049906, 15.012121 ], [ -61.068436, 15.010622 ], [ -61.086883, 15.008362 ], [ -61.105213, 15.005344 ], [ -61.123393, 15.001575 ], [ -61.14139, 14.99706 ], [ -61.15917, 14.991809 ], [ -61.176703, 14.98583 ], [ -61.193955, 14.979135 ], [ -61.210896, 14.971736 ], [ -61.227494, 14.963646 ], [ -61.24372, 14.95488 ], [ -61.259544, 14.945455 ], [ -61.274937, 14.935386 ], [ -61.289871, 14.924693 ], [ -61.30432, 14.913395 ], [ -61.318256, 14.901512 ], [ -61.331655, 14.889066 ], [ -61.344493, 14.87608 ], [ -61.356746, 14.862577 ], [ -61.368392, 14.848582 ], [ -61.37941, 14.834121 ], [ -61.389781, 14.819219 ], [ -61.399484, 14.803903 ], [ -61.408504, 14.788202 ], [ -61.416824, 14.772144 ], [ -61.424428, 14.755758 ], [ -61.431304, 14.739074 ], [ -61.437438, 14.722122 ], [ -61.442821, 14.704933 ], [ -61.447441, 14.687537 ], [ -61.451292, 14.669968 ], [ -61.454367, 14.652255 ], [ -61.456659, 14.634432 ], [ -61.458165, 14.616531 ], [ -61.458883, 14.598585 ], [ -61.458811, 14.580624 ], [ -61.45795, 14.562683 ], [ -61.456301, 14.544794 ], [ -61.453868, 14.526989 ], [ -61.450656, 14.5093 ], [ -61.446669, 14.491759 ], [ -61.441916, 14.474399 ], [ -61.441111, 14.473889 ], [ -61.441111, 14.473889 ], [ -61.334722, 14.111389 ], [ -61.668056, 14.034722 ], [ -61.95, 14.9 ], [ -60.3, 16.166667 ] ] ] } },
{ "type": "Feature", "properties": { "name": "MARTINIQUE 5", "nameV": "TMA MARTINIQUE 5", "class": "A", "type": "TMA", "lower": "FL195", "lowerM": 5943, "upper": "FL245", "upperM": 7467, "activationCode": "H24", "UId": "1564405", "id": "TFFF5", "stroke": "#ff0000", "stroke-width": 2, "stroke-opacity": 0.8, "fill": "#ff8080", "fill-opacity": 0.1 }, "geometry": { "type": "Polygon", "coordinates": [ [ [ -60.3, 16.166667 ], [ -59.8, 14.875 ], [ -60.583889, 13.899167 ], [ -60.583364, 13.89834 ], [ -60.579844, 13.89017 ], [ -60.576505, 13.88193 ], [ -60.573347, 13.873623 ], [ -60.570372, 13.865252 ], [ -60.567582, 13.856822 ], [ -60.564977, 13.848336 ], [ -60.562558, 13.839798 ], [ -60.560327, 13.831212 ], [ -60.558285, 13.822582 ], [ -60.556433, 13.813912 ], [ -60.554771, 13.805205 ], [ -60.5533, 13.796466 ], [ -60.552022, 13.787699 ], [ -60.550935, 13.778907 ], [ -60.550041, 13.770095 ], [ -60.549341, 13.761266 ], [ -60.548834, 13.752425 ], [ -60.548521, 13.743575 ], [ -60.548402, 13.734721 ], [ -60.548476, 13.725866 ], [ -60.548745, 13.717015 ], [ -60.549207, 13.708171 ], [ -60.549863, 13.699339 ], [ -60.550712, 13.690523 ], [ -60.551753, 13.681726 ], [ -60.552987, 13.672953 ], [ -60.554412, 13.664207 ], [ -60.556029, 13.655492 ], [ -60.557836, 13.646813 ], [ -60.559832, 13.638173 ], [ -60.562016, 13.629577 ], [ -60.564388, 13.621027 ], [ -60.566947, 13.612528 ], [ -60.569691, 13.604084 ], [ -60.572618, 13.595699 ], [ -60.575729, 13.587376 ], [ -60.57902, 13.57912 ], [ -60.582491, 13.570933 ], [ -60.586141, 13.562819 ], [ -60.589966, 13.554783 ], [ -60.593967, 13.546828 ], [ -60.59814, 13.538957 ], [ -60.602484, 13.531175 ], [ -60.606997, 13.523483 ], [ -60.611678, 13.515887 ], [ -60.616523, 13.508389 ], [ -60.62153, 13.500993 ], [ -60.626698, 13.493702 ], [ -60.632024, 13.48652 ], [ -60.637506, 13.479449 ], [ -60.64314, 13.472493 ], [ -60.648925, 13.465655 ], [ -60.654858, 13.458938 ], [ -60.660936, 13.452345 ], [ -60.667157, 13.44588 ], [ -60.673518, 13.439544 ], [ -60.680015, 13.433341 ], [ -60.686646, 13.427274 ], [ -60.693408, 13.421345 ], [ -60.700297, 13.415557 ], [ -60.707311, 13.409913 ], [ -60.714447, 13.404415 ], [ -60.721701, 13.399065 ], [ -60.72907, 13.393867 ], [ -60.736551, 13.388822 ], [ -60.74414, 13.383933 ], [ -60.751834, 13.379202 ], [ -60.759629, 13.374631 ], [ -60.767523, 13.370222 ], [ -60.77551, 13.365977 ], [ -60.783588, 13.361898 ], [ -60.791754, 13.357987 ], [ -60.800002, 13.354245 ], [ -60.808331, 13.350675 ], [ -60.816735, 13.347277 ], [ -60.825211, 13.344054 ], [ -60.833756, 13.341007 ], [ -60.842366, 13.338137 ], [ -60.851035, 13.335446 ], [ -60.859762, 13.332934 ], [ -60.868541, 13.330604 ], [ -60.877369, 13.328455 ], [ -60.886242, 13.326489 ], [ -60.895156, 13.324707 ], [ -60.904106, 13.323109 ], [ -60.91309, 13.321697 ], [ -60.922102, 13.32047 ], [ -60.931139, 13.31943 ], [ -60.940196, 13.318577 ], [ -60.94927, 13.317912 ], [ -60.958356, 13.317434 ], [ -60.967451, 13.317144 ], [ -60.97655, 13.317041 ], [ -60.985649, 13.317127 ], [ -60.994744, 13.317401 ], [ -60.994722, 13.315278 ], [ -60.994722, 13.315278 ], [ -61.5, 13.566667 ], [ -61.668056, 14.034722 ], [ -61.95, 14.9 ], [ -60.3, 16.166667 ] ] ] } },
{ "type": "Feature", "properties": { "name": "IROISE 2.1", "nameV": "TMA IROISE 2.1", "class": "D", "type": "TMA", "lower": "2500FT AMSL", "lowerM": 762, "upper": "FL115", "upperM": 3505, "desc": "Except for part interfering with LF-D18A1, LF-D18B1 and LF-R141 when active.", "activationCode": "H24", "UId": "1564619", "id": "LFRB2.1", "stroke": "#ff0000", "stroke-width": 2, "stroke-opacity": 0.8, "fill": "#ff8080", "fill-opacity": 0.3 }, "geometry": { "type": "Polygon", "coordinates": [ [ [ -4.131667, 48.309722 ], [ -4.010278, 48.278333 ], [ -3.616667, 48.175 ], [ -3.409167, 48.176111 ], [ -3.635833, 47.928333 ], [ -3.821111, 47.835278 ], [ -3.890556, 47.829722 ], [ -4.366667, 47.791667 ], [ -4.405, 47.937778 ], [ -4.554722, 47.943889 ], [ -4.539722, 48.116667 ], [ -4.325, 48.108333 ], [ -4.25, 48.25 ], [ -4.131667, 48.309722 ] ] ] } },
{ "type": "Feature", "properties": { "name": "BADEN A", "nameV": "TMA BADEN A", "class": "D", "type": "TMA", "lower": "1500FT AMSL", "lowerM": 457, "upper": "6500FT AMSL", "upperM": 1981, "activationCode": "H24", "activationDesc": "H24 TA: 5000 ft", "UId": "1610698", "id": "LFST-BADA", "stroke": "#ff0000", "stroke-width": 2, "stroke-opacity": 0.8, "fill": "#ff8080", "fill-opacity": 0.3 }, "geometry": { "type": "Polygon", "coordinates": [ [ [ 8.130833, 48.928333 ], [ 8.1605319612662, 48.916135262274686 ], [ 8.146672, 48.902403 ], [ 8.134203, 48.886142 ], [ 8.126101028225904, 48.873062176767895 ], [ 8.126111, 48.873056 ], [ 8.091944, 48.886944 ], [ 8.130833, 48.928333 ] ] ] } },
{ "type": "Feature", "properties": { "name": "BADEN B", "nameV": "TMA BADEN B", "class": "D", "type": "TMA", "lower": "1500FT AMSL", "lowerM": 457, "upper": "6500FT AMSL", "upperM": 1981, "activationCode": "H24", "activationDesc": "H24 TA: 5000 ft", "UId": "1610700", "id": "LFST-BADB", "stroke": "#ff0000", "stroke-width": 2, "stroke-opacity": 0.8, "fill": "#ff8080", "fill-opacity": 0.3 }, "geometry": { "type": "Polygon", "coordinates": [ [ [ 7.941389, 48.726111 ], [ 7.95971646370603, 48.718617865128351 ], [ 7.910818620018874, 48.679184831498226 ], [ 7.910833, 48.679167 ], [ 7.901111, 48.683056 ], [ 7.941389, 48.726111 ] ] ] } },
{ "type": "Feature", "properties": { "name": "BADEN C", "nameV": "TMA BADEN C", "class": "D", "type": "TMA", "lower": "2500FT AMSL", "lowerM": 762, "upper": "6500FT AMSL", "upperM": 1981, "activationCode": "H24", "activationDesc": "H24 TA: 5000 ft", "UId": "1610702", "id": "LFST-BADC", "stroke": "#ff0000", "stroke-width": 2, "stroke-opacity": 0.8, "fill": "#ff8080", "fill-opacity": 0.3 }, "geometry": { "type": "Polygon", "coordinates": [ [ [ 8.091944, 48.886944 ], [ 8.126101028225904, 48.873062176767895 ], [ 8.123578, 48.868989 ], [ 8.109611, 48.840039 ], [ 8.102211, 48.817481 ], [ 8.088447, 48.803214 ], [ 8.073036, 48.792825 ], [ 8.063825, 48.789522 ], [ 8.05845, 48.7889 ], [ 8.042686, 48.790692 ], [ 8.036403, 48.789736 ], [ 8.030439, 48.787389 ], [ 8.02605, 48.782789 ], [ 8.022564, 48.767911 ], [ 8.019211, 48.764125 ], [ 8.013122, 48.760497 ], [ 8.002206, 48.758853 ], [ 7.983239, 48.761125 ], [ 7.973147, 48.758639 ], [ 7.96895, 48.753889 ], [ 7.967375, 48.747586 ], [ 7.967258, 48.727075 ], [ 7.962436, 48.720811 ], [ 7.95971646370603, 48.718617865128351 ], [ 7.959722, 48.718611 ], [ 7.941389, 48.726111 ], [ 8.091944, 48.886944 ] ] ] } },
{ "type": "Feature", "properties": { "name": "BADEN D", "nameV": "TMA BADEN D", "class": "D", "type": "TMA", "lower": "2500FT AMSL", "lowerM": 762, "upper": "6500FT AMSL", "upperM": 1981, "activationCode": "H24", "activationDesc": "H24 TA: 5000 ft", "UId": "1610704", "id": "LFST-BADD", "stroke": "#ff0000", "stroke-width": 2, "stroke-opacity": 0.8, "fill": "#ff8080", "fill-opacity": 0.3 }, "geometry": { "type": "Polygon", "coordinates": [ [ [ 8.172222, 48.972222 ], [ 8.203050735242284, 48.959734129247032 ], [ 8.197353, 48.957261 ], [ 8.192078, 48.951975 ], [ 8.179667, 48.935094 ], [ 8.1605319612662, 48.916135262274686 ], [ 8.160556, 48.916111 ], [ 8.130833, 48.928333 ], [ 8.172222, 48.972222 ] ] ] } },
{ "type": "Feature", "properties": { "name": "BADEN E", "nameV": "TMA BADEN E", "class": "D", "type": "TMA", "lower": "2500FT AMSL", "lowerM": 762, "upper": "6500FT AMSL", "upperM": 1981, "activationCode": "H24", "activationDesc": "H24 TA: 5000 ft", "UId": "1610706", "id": "LFST-BADE", "stroke": "#ff0000", "stroke-width": 2, "stroke-opacity": 0.8, "fill": "#ff8080", "fill-opacity": 0.3 }, "geometry": { "type": "Polygon", "coordinates": [ [ [ 7.901111, 48.683056 ], [ 7.910818620018874, 48.679184831498226 ], [ 7.891472, 48.663583 ], [ 7.884122, 48.659644 ], [ 7.876665081348582, 48.65667181370484 ], [ 7.876667, 48.656667 ], [ 7.901111, 48.683056 ] ] ] } },
{ "type": "Feature", "properties": { "name": "NOUMEA 1.1 TONTOUTA", "nameV": "TMA NOUMEA 1.1 TONTOUTA", "class": "D", "type": "TMA", "lower": "1500FT AGL", "ordinalLowerM": 457, "lowerM": 457, "upper": "6500FT AMSL", "upperM": 1981, "groundEstimatedHeight": [ 0, 0, 0, 0 ], "activationCode": "H24", "UId": "1562759", "id": "NWWW10", "stroke": "#ff0000", "stroke-width": 2, "stroke-opacity": 0.8, "fill": "#ff8080", "fill-opacity": 0.3 }, "geometry": { "type": "Polygon", "coordinates": [ [ [ 165.6, -21.45 ], [ 166.5, -22.0 ], [ 166.108333, -22.558333 ], [ 165.2, -22.0 ], [ 165.6, -21.45 ] ] ] } },
{ "type": "Feature", "properties": { "name": "NOUMEA 2", "nameV": "TMA NOUMEA 2", "class": "D", "type": "TMA", "lower": "6500FT AMSL", "lowerM": 1981, "upper": "FL195", "upperM": 5943, "activationCode": "H24", "UId": "1562731", "id": "NWWW2", "stroke": "#ff0000", "stroke-width": 2, "stroke-opacity": 0.8, "fill": "#ff8080", "fill-opacity": 0.3 }, "geometry": { "type": "Polygon", "coordinates": [ [ [ 168.367223, -21.991358 ], [ 168.360967, -21.86469 ], [ 168.34609, -21.738644 ], [ 168.322676, -21.613725 ], [ 168.290839, -21.49043 ], [ 168.250727, -21.369252 ], [ 168.20252, -21.250671 ], [ 168.146427, -21.135159 ], [ 168.082688, -21.023171 ], [ 168.011571, -20.91515 ], [ 167.933372, -20.811522 ], [ 167.848411, -20.712693 ], [ 167.757034, -20.619052 ], [ 167.65961, -20.530966 ], [ 167.556529, -20.448779 ], [ 167.448203, -20.372812 ], [ 167.335059, -20.303362 ], [ 167.217545, -20.240699 ], [ 167.096122, -20.185068 ], [ 166.971266, -20.136683 ], [ 166.843463, -20.095734 ], [ 166.713211, -20.062379 ], [ 166.581017, -20.036748 ], [ 166.447392, -20.018941 ], [ 166.312855, -20.009025 ], [ 166.177927, -20.00704 ], [ 166.043129, -20.012993 ], [ 165.908983, -20.026862 ], [ 165.776009, -20.048592 ], [ 165.644722, -20.078099 ], [ 165.515632, -20.115269 ], [ 165.389241, -20.159957 ], [ 165.266041, -20.21199 ], [ 165.146514, -20.271167 ], [ 165.031129, -20.337255 ], [ 164.920339, -20.409999 ], [ 164.814582, -20.489115 ], [ 164.71428, -20.574293 ], [ 164.619832, -20.665201 ], [ 164.531618, -20.761483 ], [ 164.449996, -20.862761 ], [ 164.3753, -20.968638 ], [ 164.307837, -21.078696 ], [ 164.247889, -21.192503 ], [ 164.195711, -21.309607 ], [ 164.151527, -21.429546 ], [ 164.115532, -21.551843 ], [ 164.08789, -21.676013 ], [ 164.068733, -21.801558 ], [ 164.058158, -21.927978 ], [ 164.056232, -22.054766 ], [ 164.062985, -22.181412 ], [ 164.078413, -22.307406 ], [ 164.102478, -22.432239 ], [ 164.135105, -22.555404 ], [ 164.176185, -22.676401 ], [ 164.225573, -22.794738 ], [ 164.283089, -22.90993 ], [ 164.348517, -23.021506 ], [ 164.42161, -23.129007 ], [ 164.502085, -23.231991 ], [ 164.589626, -23.330032 ], [ 164.683887, -23.422725 ], [ 164.784492, -23.509684 ], [ 164.891035, -23.590549 ], [ 165.003084, -23.664982 ], [ 165.120179, -23.732672 ], [ 165.241841, -23.793337 ], [ 165.367565, -23.846722 ], [ 165.49683, -23.892603 ], [ 165.629097, -23.930787 ], [ 165.763813, -23.961113 ], [ 165.900413, -23.983455 ], [ 166.038322, -23.997718 ], [ 166.176961, -24.003841 ], [ 166.315747, -24.001799 ], [ 166.454094, -23.991601 ], [ 166.591421, -23.973289 ], [ 166.72715, -23.946941 ], [ 166.860711, -23.912668 ], [ 166.991545, -23.870613 ], [ 167.119106, -23.820954 ], [ 167.242864, -23.763899 ], [ 167.362304, -23.699688 ], [ 167.476935, -23.628589 ], [ 167.586286, -23.5509 ], [ 167.689913, -23.466944 ], [ 167.787395, -23.377072 ], [ 167.878341, -23.281655 ], [ 167.96239, -23.181091 ], [ 168.039211, -23.075794 ], [ 168.108505, -22.966199 ], [ 168.170007, -22.852757 ], [ 168.223483, -22.735932 ], [ 168.268737, -22.616204 ], [ 168.305607, -22.494061 ], [ 168.333964, -22.369999 ], [ 168.353718, -22.244523 ], [ 168.364811, -22.118139 ], [ 168.367223, -21.991358 ] ] ] } },
{ "type": "Feature", "properties": { "name": "NOUMEA 3", "nameV": "TMA NOUMEA 3", "class": "A", "type": "TMA", "lower": "FL195", "lowerM": 5943, "upper": "FL245", "upperM": 7467, "activationCode": "H24", "UId": "1564393", "id": "NWWW3", "stroke": "#ff0000", "stroke-width": 2, "stroke-opacity": 0.8, "fill": "#ff8080", "fill-opacity": 0.1 }, "geometry": { "type": "Polygon", "coordinates": [ [ [ 168.367225, -21.99147 ], [ 168.360968, -21.864802 ], [ 168.346092, -21.738756 ], [ 168.322677, -21.613837 ], [ 168.29084, -21.490542 ], [ 168.250728, -21.369364 ], [ 168.202521, -21.250783 ], [ 168.146428, -21.135271 ], [ 168.082689, -21.023283 ], [ 168.011573, -20.915262 ], [ 167.933373, -20.811633 ], [ 167.848412, -20.712805 ], [ 167.757035, -20.619164 ], [ 167.659611, -20.531078 ], [ 167.55653, -20.448891 ], [ 167.448204, -20.372924 ], [ 167.33506, -20.303474 ], [ 167.217546, -20.240811 ], [ 167.096123, -20.18518 ], [ 166.971266, -20.136795 ], [ 166.843464, -20.095846 ], [ 166.713212, -20.062491 ], [ 166.581017, -20.03686 ], [ 166.447393, -20.019053 ], [ 166.312855, -20.009137 ], [ 166.177927, -20.007152 ], [ 166.043128, -20.013105 ], [ 165.908983, -20.026974 ], [ 165.776009, -20.048704 ], [ 165.644722, -20.078211 ], [ 165.515632, -20.115381 ], [ 165.38924, -20.160069 ], [ 165.26604, -20.212102 ], [ 165.146513, -20.271279 ], [ 165.031128, -20.337367 ], [ 164.920338, -20.410111 ], [ 164.814581, -20.489226 ], [ 164.714279, -20.574405 ], [ 164.619831, -20.665313 ], [ 164.531617, -20.761595 ], [ 164.449995, -20.862873 ], [ 164.375299, -20.968749 ], [ 164.307836, -21.078808 ], [ 164.247888, -21.192615 ], [ 164.19571, -21.309719 ], [ 164.151526, -21.429658 ], [ 164.115531, -21.551955 ], [ 164.087889, -21.676124 ], [ 164.068731, -21.80167 ], [ 164.058156, -21.92809 ], [ 164.05623, -22.054878 ], [ 164.062983, -22.181524 ], [ 164.078411, -22.307518 ], [ 164.102476, -22.432351 ], [ 164.135103, -22.555516 ], [ 164.176183, -22.676513 ], [ 164.225571, -22.79485 ], [ 164.283087, -22.910042 ], [ 164.348516, -23.021618 ], [ 164.421609, -23.129119 ], [ 164.502083, -23.232103 ], [ 164.589624, -23.330144 ], [ 164.683886, -23.422837 ], [ 164.784491, -23.509796 ], [ 164.891034, -23.590661 ], [ 165.003083, -23.665094 ], [ 165.120179, -23.732784 ], [ 165.24184, -23.793449 ], [ 165.367565, -23.846834 ], [ 165.49683, -23.892715 ], [ 165.629097, -23.930899 ], [ 165.763813, -23.961225 ], [ 165.900412, -23.983567 ], [ 166.038322, -23.99783 ], [ 166.176961, -24.003953 ], [ 166.315747, -24.001911 ], [ 166.454094, -23.991713 ], [ 166.591421, -23.973401 ], [ 166.72715, -23.947053 ], [ 166.860712, -23.91278 ], [ 166.991546, -23.870725 ], [ 167.119107, -23.821066 ], [ 167.242864, -23.764011 ], [ 167.362305, -23.6998 ], [ 167.476936, -23.628701 ], [ 167.586287, -23.551012 ], [ 167.689914, -23.467056 ], [ 167.787396, -23.377183 ], [ 167.878343, -23.281767 ], [ 167.962392, -23.181203 ], [ 168.039213, -23.075906 ], [ 168.108507, -22.966311 ], [ 168.170008, -22.852869 ], [ 168.223485, -22.736044 ], [ 168.268739, -22.616316 ], [ 168.305609, -22.494173 ], [ 168.333966, -22.370111 ], [ 168.35372, -22.244635 ], [ 168.364813, -22.118251 ], [ 168.367225, -21.99147 ] ] ] } },
{ "type": "Feature", "properties": { "name": "NOUMEA 1.3 ILE DES PINS", "nameV": "TMA NOUMEA 1.3 ILE DES PINS", "class": "D", "type": "TMA", "lower": "1500FT AGL", "ordinalLowerM": 457, "lowerM": 457, "upper": "6500FT AMSL", "upperM": 1981, "groundEstimatedHeight": [ 0, 0, 0, 0 ], "activationCode": "HX", "declassifiable": true, "UId": "1562773", "id": "NWWW30", "stroke": "#ff0000", "stroke-width": 2, "stroke-opacity": 0.8, "fill": "#ffb9dc", "fill-opacity": 0.3 }, "geometry": { "type": "Polygon", "coordinates": [ [ [ 167.0, -22.3 ], [ 167.716667, -22.3 ], [ 167.716667, -22.8 ], [ 167.0, -22.8 ], [ 167.0, -22.3 ] ] ] } },
{ "type": "Feature", "properties": { "name": "NOUMEA 1.4 ILES LOYAUTE", "nameV": "TMA NOUMEA 1.4 ILES LOYAUTE", "class": "D", "type": "TMA", "lower": "1200FT AGL", "ordinalLowerM": 365, "lowerM": 365, "upper": "6500FT AMSL", "upperM": 1981, "groundEstimatedHeight": [ 0, 0, 0, 0 ], "activationCode": "H24", "UId": "1562775", "id": "NWWW40", "stroke": "#ff0000", "stroke-width": 2, "stroke-opacity": 0.8, "fill": "#ff8080", "fill-opacity": 0.3 }, "geometry": { "type": "Polygon", "coordinates": [ [ [ 168.351444, -21.801611 ], [ 167.765861, -21.9645 ], [ 167.767824, -21.965981 ], [ 167.761699, -21.947323 ], [ 167.755262, -21.928755 ], [ 167.748516, -21.910283 ], [ 167.741461, -21.89191 ], [ 167.734099, -21.873642 ], [ 167.726433, -21.855482 ], [ 167.718465, -21.837435 ], [ 167.710196, -21.819505 ], [ 167.701628, -21.801697 ], [ 167.692765, -21.784015 ], [ 167.683607, -21.766463 ], [ 167.674157, -21.749045 ], [ 167.664419, -21.731766 ], [ 167.654393, -21.714629 ], [ 167.644083, -21.69764 ], [ 167.633492, -21.680801 ], [ 167.622621, -21.664118 ], [ 167.611474, -21.647593 ], [ 167.600053, -21.631231 ], [ 167.588362, -21.615037 ], [ 167.576402, -21.599013 ], [ 167.564178, -21.583164 ], [ 167.551691, -21.567493 ], [ 167.538946, -21.552004 ], [ 167.525945, -21.536702 ], [ 167.512692, -21.521589 ], [ 167.499189, -21.506669 ], [ 167.485441, -21.491946 ], [ 167.47145, -21.477424 ], [ 167.457219, -21.463105 ], [ 167.442753, -21.448993 ], [ 167.428055, -21.435092 ], [ 167.413128, -21.421406 ], [ 167.397977, -21.407936 ], [ 167.382604, -21.394687 ], [ 167.367014, -21.381661 ], [ 167.351209, -21.368863 ], [ 167.335195, -21.356294 ], [ 167.318975, -21.343957 ], [ 167.302553, -21.331857 ], [ 167.285933, -21.319995 ], [ 167.269119, -21.308375 ], [ 167.252114, -21.296999 ], [ 167.234924, -21.28587 ], [ 167.217552, -21.274991 ], [ 167.200002, -21.264364 ], [ 167.182279, -21.253991 ], [ 167.164387, -21.243876 ], [ 167.146329, -21.234021 ], [ 167.128112, -21.224427 ], [ 167.109738, -21.215098 ], [ 167.091213, -21.206036 ], [ 167.07254, -21.197242 ], [ 167.053725, -21.188719 ], [ 167.034771, -21.180469 ], [ 167.015683, -21.172493 ], [ 166.996466, -21.164794 ], [ 166.977125, -21.157374 ], [ 166.957664, -21.150234 ], [ 166.938087, -21.143376 ], [ 166.9184, -21.136801 ], [ 166.898607, -21.130512 ], [ 166.878712, -21.124509 ], [ 166.858721, -21.118795 ], [ 166.838639, -21.11337 ], [ 166.818469, -21.108236 ], [ 166.798217, -21.103393 ], [ 166.777888, -21.098844 ], [ 166.757487, -21.094589 ], [ 166.737018, -21.09063 ], [ 166.716486, -21.086966 ], [ 166.695896, -21.0836 ], [ 166.675254, -21.080531 ], [ 166.654563, -21.077761 ], [ 166.633829, -21.07529 ], [ 166.613058, -21.073119 ], [ 166.592252, -21.071248 ], [ 166.571419, -21.069678 ], [ 166.550562, -21.068409 ], [ 166.529687, -21.067442 ], [ 166.508798, -21.066776 ], [ 166.487901, -21.066413 ], [ 166.467, -21.066351 ], [ 166.446101, -21.066591 ], [ 166.425209, -21.067133 ], [ 166.404327, -21.067976 ], [ 166.383462, -21.069122 ], [ 166.362619, -21.070568 ], [ 166.341801, -21.072316 ], [ 166.321015, -21.074364 ], [ 166.300265, -21.076712 ], [ 166.279556, -21.079359 ], [ 166.258893, -21.082306 ], [ 166.238281, -21.08555 ], [ 166.217725, -21.089092 ], [ 166.218111, -21.083806 ], [ 166.218111, -21.083806 ], [ 166.067222, -20.344444 ], [ 166.066674, -20.353294 ], [ 166.087794, -20.349601 ], [ 166.108952, -20.346105 ], [ 166.130145, -20.342807 ], [ 166.151373, -20.339706 ], [ 166.172631, -20.336804 ], [ 166.193919, -20.3341 ], [ 166.215234, -20.331595 ], [ 166.236574, -20.329289 ], [ 166.257938, -20.327181 ], [ 166.279322, -20.325274 ], [ 166.300726, -20.323565 ], [ 166.322146, -20.322057 ], [ 166.343581, -20.320748 ], [ 166.365028, -20.319639 ], [ 166.386487, -20.318731 ], [ 166.407953, -20.318023 ], [ 166.429426, -20.317514 ], [ 166.450903, -20.317207 ], [ 166.472383, -20.317099 ], [ 166.493862, -20.317192 ], [ 166.51534, -20.317485 ], [ 166.536813, -20.317979 ], [ 166.55828, -20.318672 ], [ 166.579739, -20.319566 ], [ 166.601188, -20.32066 ], [ 166.622624, -20.321955 ], [ 166.644045, -20.323448 ], [ 166.66545, -20.325142 ], [ 166.686836, -20.327035 ], [ 166.708201, -20.329128 ], [ 166.729543, -20.33142 ], [ 166.75086, -20.33391 ], [ 166.77215, -20.3366 ], [ 166.79341, -20.339488 ], [ 166.81464, -20.342574 ], [ 166.835836, -20.345858 ], [ 166.856997, -20.349339 ], [ 166.87812, -20.353018 ], [ 166.899203, -20.356893 ], [ 166.920245, -20.360965 ], [ 166.941244, -20.365233 ], [ 166.962196, -20.369697 ], [ 166.983101, -20.374355 ], [ 167.003956, -20.379209 ], [ 167.024759, -20.384257 ], [ 167.045508, -20.389498 ], [ 167.066201, -20.394933 ], [ 167.086837, -20.400561 ], [ 167.107412, -20.40638 ], [ 167.127925, -20.412392 ], [ 167.148374, -20.418594 ], [ 167.168757, -20.424987 ], [ 167.189072, -20.43157 ], [ 167.209317, -20.438341 ], [ 167.22949, -20.445302 ], [ 167.249589, -20.45245 ], [ 167.269612, -20.459785 ], [ 167.289557, -20.467306 ], [ 167.309423, -20.475014 ], [ 167.329206, -20.482906 ], [ 167.348905, -20.490982 ], [ 167.368519, -20.499241 ], [ 167.388045, -20.507683 ], [ 167.407481, -20.516307 ], [ 167.426826, -20.525111 ], [ 167.446077, -20.534096 ], [ 167.465233, -20.543259 ], [ 167.484292, -20.552601 ], [ 167.503252, -20.56212 ], [ 167.52211, -20.571816 ], [ 167.540866, -20.581687 ], [ 167.559517, -20.591732 ], [ 167.578061, -20.60195 ], [ 167.596497, -20.612342 ], [ 167.614823, -20.622904 ], [ 167.633037, -20.633637 ], [ 167.651136, -20.644539 ], [ 167.66912, -20.65561 ], [ 167.686987, -20.666847 ], [ 167.704734, -20.678251 ], [ 167.72236, -20.689819 ], [ 167.739864, -20.701552 ], [ 167.757243, -20.713447 ], [ 167.774495, -20.725503 ], [ 167.79162, -20.73772 ], [ 167.808615, -20.750096 ], [ 167.825478, -20.76263 ], [ 167.842209, -20.77532 ], [ 167.858805, -20.788166 ], [ 167.875264, -20.801166 ], [ 167.891585, -20.814318 ], [ 167.907766, -20.827622 ], [ 167.923806, -20.841077 ], [ 167.939703, -20.85468 ], [ 167.955455, -20.868431 ], [ 167.971061, -20.882328 ], [ 167.98652, -20.89637 ], [ 168.001829, -20.910555 ], [ 168.016987, -20.924883 ], [ 168.014806, -20.91875 ], [ 168.014806, -20.91875 ], [ 168.017209, -20.923617 ], [ 168.022753, -20.931599 ], [ 168.028257, -20.939607 ], [ 168.03372, -20.947638 ], [ 168.039143, -20.955693 ], [ 168.044525, -20.963773 ], [ 168.049867, -20.971876 ], [ 168.055168, -20.980002 ], [ 168.060428, -20.988152 ], [ 168.065647, -20.996324 ], [ 168.070825, -21.00452 ], [ 168.075962, -21.012739 ], [ 168.081057, -21.02098 ], [ 168.086111, -21.029243 ], [ 168.091123, -21.037529 ], [ 168.096093, -21.045837 ], [ 168.101022, -21.054166 ], [ 168.105908, -21.062518 ], [ 168.110752, -21.07089 ], [ 168.115555, -21.079284 ], [ 168.120314, -21.087699 ], [ 168.125032, -21.096135 ], [ 168.129707, -21.104592 ], [ 168.134339, -21.113069 ], [ 168.138928, -21.121567 ], [ 168.143475, -21.130085 ], [ 168.147978, -21.138622 ], [ 168.152439, -21.14718 ], [ 168.156856, -21.155757 ], [ 168.16123, -21.164353 ], [ 168.16556, -21.172969 ], [ 168.169847, -21.181604 ], [ 168.174091, -21.190257 ], [ 168.17829, -21.198929 ], [ 168.182446, -21.20762 ], [ 168.186558, -21.216329 ], [ 168.190626, -21.225056 ], [ 168.19465, -21.2338 ], [ 168.198629, -21.242563 ], [ 168.202565, -21.251343 ], [ 168.206455, -21.26014 ], [ 168.210302, -21.268954 ], [ 168.214103, -21.277785 ], [ 168.21786, -21.286633 ], [ 168.221573, -21.295497 ], [ 168.22524, -21.304377 ], [ 168.228862, -21.313274 ], [ 168.23244, -21.322186 ], [ 168.235972, -21.331114 ], [ 168.239459, -21.340058 ], [ 168.2429, -21.349017 ], [ 168.246297, -21.357991 ], [ 168.249647, -21.36698 ], [ 168.252953, -21.375983 ], [ 168.256212, -21.385001 ], [ 168.259426, -21.394034 ], [ 168.262594, -21.40308 ], [ 168.265716, -21.412141 ], [ 168.268792, -21.421214 ], [ 168.271822, -21.430302 ], [ 168.274806, -21.439403 ], [ 168.277744, -21.448516 ], [ 168.280636, -21.457643 ], [ 168.283481, -21.466782 ], [ 168.286279, -21.475934 ], [ 168.289032, -21.485098 ], [ 168.291737, -21.494274 ], [ 168.294397, -21.503462 ], [ 168.297009, -21.512661 ], [ 168.299575, -21.521872 ], [ 168.302093, -21.531094 ], [ 168.304565, -21.540328 ], [ 168.30699, -21.549571 ], [ 168.309368, -21.558826 ], [ 168.311699, -21.568091 ], [ 168.313983, -21.577366 ], [ 168.316219, -21.586651 ], [ 168.318408, -21.595946 ], [ 168.32055, -21.60525 ], [ 168.322645, -21.614564 ], [ 168.324692, -21.623887 ], [ 168.326691, -21.633219 ], [ 168.328643, -21.642559 ], [ 168.330548, -21.651908 ], [ 168.332405, -21.661266 ], [ 168.334214, -21.670631 ], [ 168.335975, -21.680004 ], [ 168.337689, -21.689385 ], [ 168.339354, -21.698774 ], [ 168.340972, -21.708169 ], [ 168.342542, -21.717572 ], [ 168.344064, -21.726982 ], [ 168.345538, -21.736398 ], [ 168.346964, -21.74582 ], [ 168.348341, -21.755249 ], [ 168.349671, -21.764684 ], [ 168.350952, -21.774124 ], [ 168.352185, -21.78357 ], [ 168.35337, -21.793021 ], [ 168.354506, -21.802478 ], [ 168.351444, -21.801611 ] ] ] } },
{ "type": "Feature", "properties": { "name": "POINTE A PITRE 1", "nameV": "TMA POINTE A PITRE 1 Lower(1000FT AGL-2500FT AMSL)", "class": "D", "type": "TMA", "lower": "2500FT AMSL", "lowerMin": "1000FT AGL", "lowerM": 762, "upper": "FL105", "upperM": 3200, "activationCode": "H24", "UId": "1561473", "id": "TFFR1", "stroke": "#ff0000", "stroke-width": 2, "stroke-opacity": 0.8, "fill": "#ff8080", "fill-opacity": 0.3 }, "geometry": { "type": "Polygon", "coordinates": [ [ [ -60.766667, 17.416667 ], [ -60.536111, 16.802778 ], [ -61.280556, 16.044444 ], [ -61.279988, 16.045328 ], [ -61.282497, 16.042621 ], [ -61.285036, 16.03994 ], [ -61.287605, 16.037287 ], [ -61.290205, 16.03466 ], [ -61.292834, 16.03206 ], [ -61.295492, 16.029489 ], [ -61.298179, 16.026945 ], [ -61.300894, 16.024429 ], [ -61.303638, 16.021942 ], [ -61.30641, 16.019484 ], [ -61.309209, 16.017054 ], [ -61.312036, 16.014655 ], [ -61.31489, 16.012285 ], [ -61.31777, 16.009945 ], [ -61.320677, 16.007635 ], [ -61.323609, 16.005356 ], [ -61.326567, 16.003107 ], [ -61.329551, 16.00089 ], [ -61.332559, 15.998704 ], [ -61.335592, 15.996549 ], [ -61.338648, 15.994426 ], [ -61.341729, 15.992336 ], [ -61.344833, 15.990277 ], [ -61.347961, 15.988252 ], [ -61.35111, 15.986259 ], [ -61.354283, 15.984299 ], [ -61.357477, 15.982373 ], [ -61.360693, 15.980479 ], [ -61.36393, 15.97862 ], [ -61.367187, 15.976795 ], [ -61.370466, 15.975004 ], [ -61.373764, 15.973247 ], [ -61.377082, 15.971525 ], [ -61.380419, 15.969837 ], [ -61.383775, 15.968185 ], [ -61.387149, 15.966568 ], [ -61.390542, 15.964986 ], [ -61.393952, 15.963439 ], [ -61.39738, 15.961929 ], [ -61.400824, 15.960454 ], [ -61.404285, 15.959016 ], [ -61.407762, 15.957613 ], [ -61.411254, 15.956248 ], [ -61.414762, 15.954918 ], [ -61.418284, 15.953626 ], [ -61.421821, 15.95237 ], [ -61.425372, 15.951152 ], [ -61.428936, 15.94997 ], [ -61.432514, 15.948826 ], [ -61.436104, 15.94772 ], [ -61.439706, 15.946651 ], [ -61.443321, 15.94562 ], [ -61.446947, 15.944626 ], [ -61.450583, 15.943671 ], [ -61.454231, 15.942754 ], [ -61.457888, 15.941875 ], [ -61.461555, 15.941034 ], [ -61.465232, 15.940231 ], [ -61.468917, 15.939468 ], [ -61.472611, 15.938742 ], [ -61.476313, 15.938056 ], [ -61.480022, 15.937408 ], [ -61.483738, 15.936798 ], [ -61.487461, 15.936228 ], [ -61.49119, 15.935697 ], [ -61.494925, 15.935205 ], [ -61.498666, 15.934751 ], [ -61.502411, 15.934337 ], [ -61.506161, 15.933963 ], [ -61.509914, 15.933627 ], [ -61.513671, 15.933331 ], [ -61.517432, 15.933073 ], [ -61.521195, 15.932856 ], [ -61.52496, 15.932677 ], [ -61.528727, 15.932538 ], [ -61.532496, 15.932439 ], [ -61.5325, 15.930556 ], [ -61.5325, 15.930556 ], [ -62.391667, 16.5 ], [ -61.25, 16.833333 ], [ -60.766667, 17.416667 ] ] ] } },
{ "type": "Feature", "properties": { "name": "POINTE A PITRE 2", "nameV": "TMA POINTE A PITRE 2", "class": "D", "type": "TMA", "lower": "FL105", "lowerM": 3200, "upper": "FL195", "upperM": 5943, "activationCode": "H24", "UId": "1561469", "id": "TFFR2", "stroke": "#ff0000", "stroke-width": 2, "stroke-opacity": 0.8, "fill": "#ff8080", "fill-opacity": 0.3 }, "geometry": { "type": "Polygon", "coordinates": [ [ [ -60.766667, 17.416667 ], [ -60.536111, 16.802778 ], [ -60.3, 16.166667 ], [ -61.95, 14.9 ], [ -63.0, 15.75 ], [ -63.0, 16.766667 ], [ -62.391667, 16.5 ], [ -61.25, 16.833333 ], [ -60.766667, 17.416667 ] ] ] } },
{ "type": "Feature", "properties": { "name": "POINTE A PITRE 3", "nameV": "TMA POINTE A PITRE 3 Lower(1000FT AGL-3000FT AMSL)", "class": "E", "type": "TMA", "lower": "3000FT AMSL", "lowerMin": "1000FT AGL", "lowerM": 914, "upper": "FL105", "upperM": 3200, "activationCode": "H24", "UId": "1561467", "id": "TFFR3", "stroke": "#008040", "stroke-width": 2, "stroke-opacity": 0.8, "fill": "#80ff80", "fill-opacity": 0.2 }, "geometry": { "type": "Polygon", "coordinates": [ [ [ -60.536111, 16.802778 ], [ -60.3, 16.166667 ], [ -61.95, 14.9 ], [ -63.0, 15.75 ], [ -63.0, 16.766667 ], [ -62.391667, 16.5 ], [ -61.5325, 15.930556 ], [ -61.532496, 15.932439 ], [ -61.528727, 15.932538 ], [ -61.52496, 15.932677 ], [ -61.521195, 15.932856 ], [ -61.517432, 15.933073 ], [ -61.513671, 15.933331 ], [ -61.509914, 15.933627 ], [ -61.506161, 15.933963 ], [ -61.502411, 15.934337 ], [ -61.498666, 15.934751 ], [ -61.494925, 15.935205 ], [ -61.49119, 15.935697 ], [ -61.487461, 15.936228 ], [ -61.483738, 15.936798 ], [ -61.480022, 15.937408 ], [ -61.476313, 15.938056 ], [ -61.472611, 15.938742 ], [ -61.468917, 15.939468 ], [ -61.465232, 15.940231 ], [ -61.461555, 15.941034 ], [ -61.457888, 15.941875 ], [ -61.454231, 15.942754 ], [ -61.450583, 15.943671 ], [ -61.446947, 15.944626 ], [ -61.443321, 15.94562 ], [ -61.439706, 15.946651 ], [ -61.436104, 15.94772 ], [ -61.432514, 15.948826 ], [ -61.428936, 15.94997 ], [ -61.425372, 15.951152 ], [ -61.421821, 15.95237 ], [ -61.418284, 15.953626 ], [ -61.414762, 15.954918 ], [ -61.411254, 15.956248 ], [ -61.407762, 15.957613 ], [ -61.404285, 15.959016 ], [ -61.400824, 15.960454 ], [ -61.39738, 15.961929 ], [ -61.393952, 15.963439 ], [ -61.390542, 15.964986 ], [ -61.387149, 15.966568 ], [ -61.383775, 15.968185 ], [ -61.380419, 15.969837 ], [ -61.377082, 15.971525 ], [ -61.373764, 15.973247 ], [ -61.370466, 15.975004 ], [ -61.367187, 15.976795 ], [ -61.36393, 15.97862 ], [ -61.360693, 15.980479 ], [ -61.357477, 15.982373 ], [ -61.354283, 15.984299 ], [ -61.35111, 15.986259 ], [ -61.347961, 15.988252 ], [ -61.344833, 15.990277 ], [ -61.341729, 15.992336 ], [ -61.338648, 15.994426 ], [ -61.335592, 15.996549 ], [ -61.332559, 15.998704 ], [ -61.329551, 16.00089 ], [ -61.326567, 16.003107 ], [ -61.323609, 16.005356 ], [ -61.320677, 16.007635 ], [ -61.31777, 16.009945 ], [ -61.31489, 16.012285 ], [ -61.312036, 16.014655 ], [ -61.309209, 16.017054 ], [ -61.30641, 16.019484 ], [ -61.303638, 16.021942 ], [ -61.300894, 16.024429 ], [ -61.298179, 16.026945 ], [ -61.295492, 16.029489 ], [ -61.292834, 16.03206 ], [ -61.290205, 16.03466 ], [ -61.287605, 16.037287 ], [ -61.285036, 16.03994 ], [ -61.282497, 16.042621 ], [ -61.279988, 16.045328 ], [ -61.280556, 16.044444 ], [ -61.280556, 16.044444 ], [ -60.536111, 16.802778 ] ] ] } },
{ "type": "Feature", "properties": { "name": "POINTE A PITRE 4", "nameV": "TMA POINTE A PITRE 4", "class": "A", "type": "TMA", "lower": "FL195", "lowerM": 5943, "upper": "FL245", "upperM": 7467, "activationCode": "H24", "UId": "1561463", "id": "TFFR4", "stroke": "#ff0000", "stroke-width": 2, "stroke-opacity": 0.8, "fill": "#ff8080", "fill-opacity": 0.1 }, "geometry": { "type": "Polygon", "coordinates": [ [ [ -60.766667, 17.416667 ], [ -60.536111, 16.802778 ], [ -60.3, 16.166667 ], [ -61.95, 14.9 ], [ -63.0, 15.75 ], [ -63.0, 16.766667 ], [ -62.391667, 16.5 ], [ -61.25, 16.833333 ], [ -60.766667, 17.416667 ] ] ] } },
{ "type": "Feature", "properties": { "name": "SAINT PIERRE", "nameV": "TMA SAINT PIERRE", "class": "D", "type": "TMA", "lower": "700FT AGL", "ordinalLowerM": 213, "lowerM": 213, "upper": "6000FT AMSL", "upperM": 1828, "groundEstimatedHeight": [ 0, 0, 0, 0 ], "desc": "SUM: from 2nd SUN MAR to 1st SUN NOV excluded MON-SAT: 1000-2000 SUN: 1700-2000 WIN: from 1st SUN NOV to 2nd SUN MAR excluded MON-SAT: 1100-2100 SUN: 1800-2100 Outside these SKED, ATS by GANDER ACC.", "activationCode": "HO", "declassifiable": true, "UId": "1561477", "id": "TMA4347", "stroke": "#ff0000", "stroke-width": 2, "stroke-opacity": 0.8, "fill": "#ffb9dc", "fill-opacity": 0.3 }, "geometry": { "type": "Polygon", "coordinates": [ [ [ -55.965278, 47.333889 ], [ -55.964648, 47.333719 ], [ -56.014841, 47.341837 ], [ -56.065675, 47.347878 ], [ -56.116961, 47.35182 ], [ -56.168508, 47.353649 ], [ -56.220125, 47.353357 ], [ -56.271619, 47.350946 ], [ -56.3228, 47.346425 ], [ -56.373477, 47.339811 ], [ -56.423462, 47.331127 ], [ -56.472569, 47.320407 ], [ -56.520618, 47.30769 ], [ -56.56743, 47.293023 ], [ -56.612833, 47.276461 ], [ -56.656661, 47.258065 ], [ -56.698752, 47.237903 ], [ -56.738955, 47.21605 ], [ -56.777122, 47.192587 ], [ -56.813115, 47.167599 ], [ -56.846806, 47.141179 ], [ -56.878074, 47.113424 ], [ -56.906808, 47.084436 ], [ -56.932907, 47.054321 ], [ -56.95628, 47.023189 ], [ -56.976847, 46.991155 ], [ -56.994538, 46.958334 ], [ -57.009293, 46.924846 ], [ -57.021065, 46.890813 ], [ -57.029817, 46.856359 ], [ -57.035523, 46.821607 ], [ -57.038168, 46.786684 ], [ -57.037749, 46.751715 ], [ -57.034273, 46.716826 ], [ -57.027758, 46.682142 ], [ -57.018234, 46.647788 ], [ -57.00574, 46.613887 ], [ -56.990327, 46.580559 ], [ -56.972055, 46.547923 ], [ -56.950994, 46.516096 ], [ -56.927223, 46.48519 ], [ -56.900831, 46.455315 ], [ -56.871916, 46.426577 ], [ -56.840584, 46.399077 ], [ -56.806949, 46.372912 ], [ -56.771132, 46.348174 ], [ -56.733263, 46.324951 ], [ -56.693477, 46.303323 ], [ -56.651916, 46.283368 ], [ -56.608727, 46.265154 ], [ -56.564063, 46.248746 ], [ -56.518082, 46.234201 ], [ -56.470944, 46.22157 ], [ -56.422816, 46.210896 ], [ -56.373867, 46.202218 ], [ -56.324266, 46.195566 ], [ -56.274187, 46.190962 ], [ -56.223806, 46.188422 ], [ -56.173297, 46.187957 ], [ -56.122836, 46.189566 ], [ -56.0726, 46.193245 ], [ -56.022763, 46.198981 ], [ -55.9735, 46.206754 ], [ -55.924982, 46.216536 ], [ -55.87738, 46.228294 ], [ -55.830859, 46.241986 ], [ -55.785584, 46.257565 ], [ -55.741714, 46.274976 ], [ -55.699404, 46.294158 ], [ -55.658804, 46.315044 ], [ -55.620057, 46.337561 ], [ -55.583304, 46.36163 ], [ -55.548674, 46.387166 ], [ -55.516294, 46.414078 ], [ -55.486281, 46.442274 ], [ -55.458745, 46.471651 ], [ -55.433786, 46.502108 ], [ -55.411499, 46.533536 ], [ -55.391966, 46.565823 ], [ -55.375262, 46.598855 ], [ -55.361451, 46.632514 ], [ -55.350589, 46.66668 ], [ -55.353056, 46.666667 ], [ -55.353056, 46.666667 ], [ -55.951944, 46.741944 ], [ -55.95149, 46.741979 ], [ -55.950448, 46.746268 ], [ -55.949571, 46.750575 ], [ -55.948862, 46.754896 ], [ -55.948319, 46.759228 ], [ -55.947944, 46.763568 ], [ -55.947738, 46.767914 ], [ -55.947699, 46.772262 ], [ -55.947829, 46.77661 ], [ -55.948127, 46.780953 ], [ -55.948593, 46.785289 ], [ -55.949227, 46.789616 ], [ -55.950028, 46.793929 ], [ -55.950996, 46.798227 ], [ -55.95213, 46.802505 ], [ -55.95343, 46.806761 ], [ -55.954894, 46.810992 ], [ -55.956522, 46.815195 ], [ -55.958312, 46.819367 ], [ -55.960263, 46.823505 ], [ -55.962375, 46.827606 ], [ -55.964644, 46.831668 ], [ -55.967071, 46.835687 ], [ -55.969653, 46.83966 ], [ -55.972388, 46.843585 ], [ -55.975275, 46.847459 ], [ -55.978311, 46.851279 ], [ -55.981495, 46.855043 ], [ -55.984824, 46.858748 ], [ -55.988296, 46.862391 ], [ -55.991908, 46.865969 ], [ -55.995658, 46.869481 ], [ -55.999543, 46.872924 ], [ -56.003561, 46.876294 ], [ -56.007709, 46.879591 ], [ -56.011984, 46.882811 ], [ -56.016382, 46.885953 ], [ -56.020902, 46.889013 ], [ -56.025539, 46.89199 ], [ -56.03029, 46.894883 ], [ -56.035152, 46.897688 ], [ -56.040122, 46.900403 ], [ -56.045196, 46.903028 ], [ -56.050371, 46.905559 ], [ -56.055642, 46.907996 ], [ -56.061006, 46.910336 ], [ -56.06646, 46.912578 ], [ -56.071999, 46.91472 ], [ -56.07762, 46.916761 ], [ -56.083319, 46.918699 ], [ -56.089091, 46.920533 ], [ -56.094933, 46.922261 ], [ -56.10084, 46.923883 ], [ -56.106808, 46.925397 ], [ -56.112833, 46.926802 ], [ -56.118911, 46.928098 ], [ -56.125037, 46.929282 ], [ -56.125278, 46.929167 ], [ -56.125278, 46.929167 ], [ -55.965278, 47.333889 ] ] ] } },
{ "type": "Feature", "properties": { "name": "BADEN F", "nameV": "TMA BADEN F", "class": "D", "type": "TMA", "lower": "3500FT AMSL", "lowerM": 1066, "upper": "6500FT AMSL", "upperM": 1981, "activationCode": "H24", "activationDesc": "H24 TA: 5000 ft", "UId": "1610708", "id": "LFST-BADF", "stroke": "#ff0000", "stroke-width": 2, "stroke-opacity": 0.8, "fill": "#ff8080", "fill-opacity": 0.3 }, "geometry": { "type": "Polygon", "coordinates": [ [ [ 8.178044962170741, 48.978489374033501 ], [ 8.180319, 48.978283 ], [ 8.180456, 48.977539 ], [ 8.184644, 48.978519 ], [ 8.187633, 48.976592 ], [ 8.19455, 48.977114 ], [ 8.197583, 48.972364 ], [ 8.195536, 48.969228 ], [ 8.199767, 48.9669 ], [ 8.203836, 48.969642 ], [ 8.207789, 48.970125 ], [ 8.214361, 48.974961 ], [ 8.223311, 48.975833 ], [ 8.226761, 48.973928 ], [ 8.229592, 48.968789 ], [ 8.232572, 48.966508 ], [ 8.203267, 48.959828 ], [ 8.203050735242284, 48.959734129247032 ], [ 8.203056, 48.959722 ], [ 8.172222, 48.972222 ], [ 8.178044962170741, 48.978489374033501 ] ] ] } },
{ "type": "Feature", "properties": { "name": "AQUITAINE 1-1", "nameV": "TMA AQUITAINE 1-1", "class": "D", "type": "TMA", "lower": "1000FT AMSL", "lowerM": 304, "upper": "2000FT AMSL", "upperM": 609, "desc": "Airpsace defined except for LF-P 5 area. LF-P 5: entry prohibited, exception see AIP ENR 5.1", "activationCode": "H24", "UId": "1566389", "id": "LFBD1-1", "stroke": "#ff0000", "stroke-width": 2, "stroke-opacity": 0.8, "fill": "#ff8080", "fill-opacity": 0.3 }, "geometry": { "type": "Polygon", "coordinates": [ [ [ -1.0, 44.9 ], [ -0.880833, 44.975556 ], [ -0.925, 44.818056 ], [ -0.77, 44.704167 ], [ -0.751944, 44.706944 ], [ -0.751944, 44.644444 ], [ -0.751771, 44.644444 ], [ -0.751798, 44.643509 ], [ -0.751881, 44.642576 ], [ -0.752017, 44.641646 ], [ -0.752208, 44.640721 ], [ -0.752453, 44.639803 ], [ -0.752752, 44.638892 ], [ -0.753103, 44.637991 ], [ -0.753507, 44.637102 ], [ -0.753963, 44.636225 ], [ -0.754469, 44.635362 ], [ -0.755026, 44.634515 ], [ -0.755631, 44.633685 ], [ -0.756285, 44.632874 ], [ -0.756985, 44.632083 ], [ -0.757731, 44.631314 ], [ -0.758522, 44.630567 ], [ -0.759355, 44.629844 ], [ -0.76023, 44.629147 ], [ -0.761145, 44.628476 ], [ -0.762098, 44.627832 ], [ -0.763088, 44.627218 ], [ -0.764113, 44.626633 ], [ -0.765172, 44.62608 ], [ -0.766262, 44.625558 ], [ -0.767381, 44.625068 ], [ -0.768528, 44.624613 ], [ -0.769701, 44.624191 ], [ -0.770897, 44.623805 ], [ -0.772115, 44.623455 ], [ -0.773352, 44.623141 ], [ -0.774607, 44.622864 ], [ -0.775876, 44.622624 ], [ -0.777159, 44.622422 ], [ -0.778452, 44.622258 ], [ -0.779754, 44.622133 ], [ -0.781062, 44.622046 ], [ -0.782374, 44.621998 ], [ -0.783687, 44.621989 ], [ -0.785, 44.622019 ], [ -0.785, 44.621944 ], [ -0.785, 44.621944 ], [ -0.833611, 44.625556 ], [ -0.833333, 44.666667 ], [ -1.0, 44.825278 ], [ -1.0, 44.9 ] ] ] } },
{ "type": "Feature", "properties": { "name": "AQUITAINE 1-2", "nameV": "TMA AQUITAINE 1-2", "class": "D", "type": "TMA", "lower": "1500FT AMSL", "lowerM": 457, "upper": "2000FT AMSL", "upperM": 609, "activationCode": "H24", "UId": "17782169", "id": "LFBD1-2", "stroke": "#ff0000", "stroke-width": 2, "stroke-opacity": 0.8, "fill": "#ff8080", "fill-opacity": 0.3 }, "geometry": { "type": "Polygon", "coordinates": [ [ [ -0.751944, 44.706944 ], [ -0.654444, 44.721667 ], [ -0.632778, 44.561667 ], [ -0.833333, 44.571944 ], [ -0.833611, 44.625556 ], [ -0.785, 44.621944 ], [ -0.785, 44.622019 ], [ -0.783687, 44.621989 ], [ -0.782374, 44.621998 ], [ -0.781062, 44.622046 ], [ -0.779754, 44.622133 ], [ -0.778452, 44.622258 ], [ -0.777159, 44.622422 ], [ -0.775876, 44.622624 ], [ -0.774607, 44.622864 ], [ -0.773352, 44.623141 ], [ -0.772115, 44.623455 ], [ -0.770897, 44.623805 ], [ -0.769701, 44.624191 ], [ -0.768528, 44.624613 ], [ -0.767381, 44.625068 ], [ -0.766262, 44.625558 ], [ -0.765172, 44.62608 ], [ -0.764113, 44.626633 ], [ -0.763088, 44.627218 ], [ -0.762098, 44.627832 ], [ -0.761145, 44.628476 ], [ -0.76023, 44.629147 ], [ -0.759355, 44.629844 ], [ -0.758522, 44.630567 ], [ -0.757731, 44.631314 ], [ -0.756985, 44.632083 ], [ -0.756285, 44.632874 ], [ -0.755631, 44.633685 ], [ -0.755026, 44.634515 ], [ -0.754469, 44.635362 ], [ -0.753963, 44.636225 ], [ -0.753507, 44.637102 ], [ -0.753103, 44.637991 ], [ -0.752752, 44.638892 ], [ -0.752453, 44.639803 ], [ -0.752208, 44.640721 ], [ -0.752017, 44.641646 ], [ -0.751881, 44.642576 ], [ -0.751798, 44.643509 ], [ -0.751771, 44.644444 ], [ -0.751944, 44.644444 ], [ -0.751944, 44.644444 ], [ -0.751944, 44.706944 ] ] ] } },
{ "type": "Feature", "properties": { "name": "PARIS 4.1", "nameV": "TMA PARIS 4.1", "class": "E", "type": "TMA", "lower": "3500FT AMSL", "lowerM": 1066, "upper": "4500FT AMSL", "upperM": 1371, "desc": "Except for ORLEANS TMA part 1.1 and 7, and SEINE TMA part 2 and 4 when active.", "activationCode": "HX", "activationDesc": "HOR ATS SEINE", "UId": "1566059", "id": "LFPG4.1", "stroke": "#008040", "stroke-width": 2, "stroke-opacity": 0.8, "fill": "#80ff80", "fill-opacity": 0.2 }, "geometry": { "type": "Polygon", "coordinates": [ [ [ 3.500833, 48.809722 ], [ 3.656944, 48.736667 ], [ 3.656389, 48.700556 ], [ 3.73, 48.683889 ], [ 3.781667, 48.672222 ], [ 3.853056, 48.639444 ], [ 3.915556, 48.543889 ], [ 3.780556, 48.406111 ], [ 3.240556, 48.089167 ], [ 3.053889, 48.101389 ], [ 2.906667, 48.273611 ], [ 1.897222, 48.297222 ], [ 1.752778, 48.090833 ], [ 1.726944, 48.06 ], [ 1.709167, 48.049444 ], [ 1.594722, 48.015 ], [ 1.505278, 48.008889 ], [ 1.403056, 48.001667 ], [ 1.205556, 48.083611 ], [ 1.159444, 48.547222 ], [ 1.207778, 48.598611 ], [ 1.286111, 48.657222 ], [ 1.425278, 48.705833 ], [ 1.576111, 48.606667 ], [ 1.676111, 48.546667 ], [ 1.871944, 48.3775 ], [ 2.747222, 48.377222 ], [ 2.813333, 48.455833 ], [ 3.123889, 48.6275 ], [ 3.500833, 48.809722 ] ] ] } },
{ "type": "Feature", "properties": { "name": "MONTPELLIER 3.1", "nameV": "TMA MONTPELLIER 3.1 Lower(1000FT AGL-2500FT AMSL)", "class": "D", "type": "TMA", "lower": "2500FT AMSL", "lowerMin": "1000FT AGL", "lowerM": 762, "upper": "4500FT AMSL", "upperM": 1371, "desc": "Activity known on MONTPELLIER APP and MONTPELLIER INFO. Vertical limits - Lower limit: whichever is higher.", "activationCode": "H24", "activationDesc": "Activable H24.", "UId": "1564381", "id": "LFMT3.1", "stroke": "#ff0000", "stroke-width": 2, "stroke-opacity": 0.8, "fill": "#ff8080", "fill-opacity": 0.3 }, "geometry": { "type": "Polygon", "coordinates": [ [ [ 3.883056, 43.864167 ], [ 3.930278, 43.822778 ], [ 3.815278, 43.766667 ], [ 3.756111, 43.772778 ], [ 3.725556, 43.788611 ], [ 3.883056, 43.864167 ] ] ] } },
{ "type": "Feature", "properties": { "name": "LILLE 10", "nameV": "TMA LILLE 10", "class": "E", "type": "TMA", "lower": "1700FT AMSL", "lowerM": 518, "upper": "3500FT AMSL", "upperM": 1066, "desc": "Except for CTR ALBERT BRAY when active. Part only current when ALBERT BRAY CTR is active.", "activationCode": "HX", "UId": "1561407", "id": "LFQQ10", "stroke": "#008040", "stroke-width": 2, "stroke-opacity": 0.8, "fill": "#80ff80", "fill-opacity": 0.2 }, "geometry": { "type": "Polygon", "coordinates": [ [ [ 3.043611, 50.119444 ], [ 3.092222, 50.0675 ], [ 3.116667, 50.0 ], [ 3.160556, 49.877222 ], [ 3.078333, 49.849167 ], [ 2.832222, 49.849167 ], [ 2.668611, 49.716667 ], [ 2.375, 49.716667 ], [ 2.238889, 49.941944 ], [ 2.359722, 50.097222 ], [ 3.043611, 50.119444 ] ] ] } },
{ "type": "Feature", "properties": { "name": "NOUMEA 1.2 MAGENTA", "nameV": "TMA NOUMEA 1.2 MAGENTA (SeeNotam)", "class": "D", "type": "TMA", "lower": "1500FT AGL", "ordinalLowerM": 457, "lowerM": 457, "upper": "6500FT AMSL", "upperM": 1981, "groundEstimatedHeight": [ 0, 0, 0, 0 ], "desc": "PPR PN 24 HR outside NOTAM SKED. Possible extension without NOTAM for authorized commercial flights. Service noticed on AD frequency or on FIC frequency 128.3 MHz. Outside these SKED, TMA downgraded to G.", "activationCode": "H24", "activationDesc": "HOR NOTAM / NOTAM SKED.", "UId": "1562763", "id": "NWWW20", "stroke": "#ff0000", "stroke-width": 2, "stroke-opacity": 0.8, "fill": "#ff8080", "fill-opacity": 0.3 }, "geometry": { "type": "Polygon", "coordinates": [ [ [ 166.5, -22.0 ], [ 167.0, -22.3 ], [ 167.0, -22.8 ], [ 166.5, -22.8 ], [ 166.108333, -22.558333 ], [ 166.5, -22.0 ] ] ] } },
{ "type": "Feature", "properties": { "name": "BEAUVAIS 1", "nameV": "TMA BEAUVAIS 1", "class": "D", "type": "TMA", "lower": "1500FT AMSL", "lowerM": 457, "upper": "2500FT AMSL", "upperM": 762, "desc": "Activation known on BEAUVAIS APP or ATIS 118.380 MHz and phone number 03 44 84 69 41.", "activationCode": "HO", "activationDesc": "WIN: 0615-2200, SUM: -1HR Extension for all scheduled commercial flights. Extension pour tout vol commercial programmé.", "declassifiable": true, "timeScheduling": { "1": [ "UTCW(01/01->31/12)", "ANY(06:15->22:00)" ] }, "UId": "1560895", "id": "LFOB1", "stroke": "#ff0000", "stroke-width": 2, "stroke-opacity": 0.8, "fill": "#ffb9dc", "fill-opacity": 0.3 }, "geometry": { "type": "Polygon", "coordinates": [ [ [ 1.778611, 49.716667 ], [ 2.016667, 49.666667 ], [ 2.602778, 49.471389 ], [ 2.524444, 49.279444 ], [ 2.524478, 49.279458 ], [ 2.522979, 49.279695 ], [ 2.521466, 49.279892 ], [ 2.519942, 49.280049 ], [ 2.51841, 49.280166 ], [ 2.516872, 49.280243 ], [ 2.515331, 49.280279 ], [ 2.513788, 49.280275 ], [ 2.512247, 49.28023 ], [ 2.51071, 49.280145 ], [ 2.50918, 49.28002 ], [ 2.507659, 49.279854 ], [ 2.506149, 49.279649 ], [ 2.504652, 49.279404 ], [ 2.503173, 49.27912 ], [ 2.501712, 49.278797 ], [ 2.500272, 49.278436 ], [ 2.498855, 49.278038 ], [ 2.497464, 49.277603 ], [ 2.496102, 49.277132 ], [ 2.494769, 49.276625 ], [ 2.493469, 49.276084 ], [ 2.492203, 49.275509 ], [ 2.490974, 49.274901 ], [ 2.489783, 49.274261 ], [ 2.488633, 49.273591 ], [ 2.487525, 49.272891 ], [ 2.486461, 49.272163 ], [ 2.485443, 49.271407 ], [ 2.484472, 49.270625 ], [ 2.483551, 49.269818 ], [ 2.48268, 49.268988 ], [ 2.48186, 49.268135 ], [ 2.481095, 49.267262 ], [ 2.480383, 49.266369 ], [ 2.479727, 49.265458 ], [ 2.479128, 49.264531 ], [ 2.478587, 49.263589 ], [ 2.478104, 49.262633 ], [ 2.477681, 49.261665 ], [ 2.477778, 49.261667 ], [ 2.477778, 49.261667 ], [ 2.1725, 49.268333 ], [ 2.055833, 49.32 ], [ 1.899167, 49.389444 ], [ 1.8525, 49.41 ], [ 1.753056, 49.453889 ], [ 1.766667, 49.4875 ], [ 1.641389, 49.502778 ], [ 1.665833, 49.536944 ], [ 1.723889, 49.630833 ], [ 1.778611, 49.716667 ] ] ] } },
{ "type": "Feature", "properties": { "name": "BEAUVAIS 2.1", "nameV": "TMA BEAUVAIS 2.1", "class": "D", "type": "TMA", "lower": "2500FT AMSL", "lowerM": 762, "upper": "4500FT AMSL", "upperM": 1371, "desc": "Extension for all scheduled commercial flights. Activation known on BEAUVAIS APP or on ATIS 118.380 MHz and phone number 03 44 84 69 41.", "activationCode": "TIMSH", "activationDesc": "WIN: 0615-2200, SUM: -1HR", "declassifiable": true, "timeScheduling": { "1": [ "UTCW(01/01->31/12)", "ANY(06:15->22:00)" ] }, "UId": "1566073", "id": "LFOB2.1", "stroke": "#ff0000", "stroke-width": 2, "stroke-opacity": 0.8, "fill": "#ffb9dc", "fill-opacity": 0.3 }, "geometry": { "type": "Polygon", "coordinates": [ [ [ 1.778611, 49.716667 ], [ 2.501944, 49.716667 ], [ 2.602778, 49.471389 ], [ 2.5, 49.433333 ], [ 2.2425, 49.340556 ], [ 2.165833, 49.3125 ], [ 2.055833, 49.32 ], [ 1.899167, 49.389444 ], [ 1.8525, 49.41 ], [ 1.753056, 49.453889 ], [ 1.766667, 49.4875 ], [ 1.641389, 49.502778 ], [ 1.665833, 49.536944 ], [ 1.723889, 49.630833 ], [ 1.778611, 49.716667 ] ] ] } },
{ "type": "Feature", "properties": { "name": "BEAUVAIS 2.2", "nameV": "TMA BEAUVAIS 2.2", "class": "D", "type": "TMA", "lower": "2500FT AMSL", "lowerM": 762, "upper": "4500FT AMSL", "upperM": 1371, "desc": "Extension for all scheduled commercial flights. Activation known on BEAUVAIS APP or on ATIS 118.380 MHz and phone number 03 44 84 69 41. Can be downgraded to class E for certain air activities, in accordance with protocol.", "activationCode": "TIMSH", "activationDesc": "WIN: 0615-2200, SUM: -1HR", "declassifiable": true, "timeScheduling": { "1": [ "UTCW(01/01->31/12)", "ANY(06:15->22:00)" ] }, "UId": "1566079", "id": "LFOB2.2", "stroke": "#ff0000", "stroke-width": 2, "stroke-opacity": 0.8, "fill": "#ffb9dc", "fill-opacity": 0.3 }, "geometry": { "type": "Polygon", "coordinates": [ [ [ 1.590833, 49.738611 ], [ 1.778611, 49.716667 ], [ 1.723889, 49.630833 ], [ 1.665833, 49.536944 ], [ 1.641389, 49.502778 ], [ 1.550833, 49.560556 ], [ 1.519167, 49.595556 ], [ 1.527222, 49.679167 ], [ 1.590833, 49.738611 ] ] ] } },
{ "type": "Feature", "properties": { "name": "BEAUVAIS 5", "nameV": "TMA BEAUVAIS 5", "class": "D", "type": "TMA", "lower": "FL065", "lowerM": 1981, "upper": "FL085", "upperM": 2590, "desc": "Activation known on BEAUVAIS APP or ATIS 118.380 MHz and phone number 03 44 84 69 41.", "activationCode": "HO", "activationDesc": "WIN: 0615-2200, SUM: -1HR Extension pour tout vol commercial programmé. Extension for all scheduled commercial flights.", "declassifiable": true, "UId": "32230317", "id": "LFOB5", "stroke": "#ff0000", "stroke-width": 2, "stroke-opacity": 0.8, "fill": "#ffb9dc", "fill-opacity": 0.3 }, "geometry": { "type": "Polygon", "coordinates": [ [ [ 1.590833, 49.738611 ], [ 1.778611, 49.716667 ], [ 2.668611, 49.716667 ], [ 2.782778, 49.674167 ], [ 2.743889, 49.635278 ], [ 2.708889, 49.510556 ], [ 2.602778, 49.471389 ], [ 2.5, 49.433333 ], [ 1.665833, 49.536944 ], [ 1.723889, 49.630833 ], [ 1.576944, 49.725556 ], [ 1.590833, 49.738611 ] ] ] } },
{ "type": "Feature", "properties": { "name": "GENEVE 7", "nameV": "TMA GENEVE 7", "class": "C", "type": "TMA", "lower": "FL105", "lowerM": 3200, "upper": "FL195", "upperM": 5943, "desc": "Cross-border airspace wherein ATS is provided by a foreign provider. Refer to Swiss AIP.", "activationCode": "H24", "UId": "1561735", "id": "TMA16167", "stroke": "#ff0000", "stroke-width": 2, "stroke-opacity": 0.8, "fill": "#ff8080", "fill-opacity": 0.3 }, "geometry": { "type": "Polygon", "coordinates": [ [ [ 6.805411, 46.358667 ], [ 6.806961650311243, 46.320383387925638 ], [ 6.80775, 46.320464 ], [ 6.81525, 46.316358 ], [ 6.819128, 46.315678 ], [ 6.821825, 46.312661 ], [ 6.824817, 46.312111 ], [ 6.830014, 46.305906 ], [ 6.827717, 46.302383 ], [ 6.82995, 46.299914 ], [ 6.8346, 46.299758 ], [ 6.836475, 46.296753 ], [ 6.843536, 46.294256 ], [ 6.847167, 46.289775 ], [ 6.85085, 46.290156 ], [ 6.851892, 46.292114 ], [ 6.854342, 46.292394 ], [ 6.858839, 46.290458 ], [ 6.85905, 46.287911 ], [ 6.864158, 46.283233 ], [ 6.864825, 46.280439 ], [ 6.858847, 46.273958 ], [ 6.860331, 46.266175 ], [ 6.854536, 46.258769 ], [ 6.854816082189817, 46.257588261356652 ], [ 6.854444, 46.2575 ], [ 6.479458, 46.076664 ], [ 6.274222, 45.873367 ], [ 6.204178, 45.91888 ], [ 6.256683, 45.973608 ], [ 6.238281, 45.987839 ], [ 6.416681, 46.173331 ], [ 6.805411, 46.358667 ] ] ] } },
{ "type": "Feature", "properties": { "name": "GENEVE 3 FRANCAISE.20", "nameV": "TMA GENEVE 3 FRANCAISE.20 Lower(1000FT AGL-3500FT AMSL)", "class": "E", "type": "TMA", "lower": "3500FT AMSL", "lowerMin": "1000FT AGL", "lowerM": 1066, "upper": "6500FT AMSL", "upperM": 1981, "desc": "Cross-border airspace wherein ATS is provided by a foreign provider. Refer to Swiss AIP.", "activationCode": "H24", "UId": "7530071", "id": "TMA16163F.", "stroke": "#008040", "stroke-width": 2, "stroke-opacity": 0.8, "fill": "#80ff80", "fill-opacity": 0.2 }, "geometry": { "type": "Polygon", "coordinates": [ [ [ 6.499167, 46.581944 ], [ 6.387778, 46.528333 ], [ 6.110833, 46.393889 ], [ 5.817778, 46.117222 ], [ 5.681111, 46.183056 ], [ 5.801111, 46.242222 ], [ 6.034167, 46.374722 ], [ 6.088056, 46.411111 ], [ 6.326389, 46.573056 ], [ 6.499167, 46.581944 ] ] ] } },
{ "type": "Feature", "properties": { "name": "GENEVE 2 FRANCAISE.20", "nameV": "TMA GENEVE 2 FRANCAISE.20 Lower(1000FT AGL-3500FT AMSL)", "class": "E", "type": "TMA", "lower": "3500FT AMSL", "lowerMin": "1000FT AGL", "lowerM": 1066, "upper": "5500FT AMSL", "upperM": 1676, "desc": "Cross-border airspace wherein ATS is provided by a foreign provider. Refer to Swiss AIP.", "activationCode": "H24", "UId": "7530053", "id": "TMA16162F.", "stroke": "#008040", "stroke-width": 2, "stroke-opacity": 0.8, "fill": "#80ff80", "fill-opacity": 0.2 }, "geometry": { "type": "Polygon", "coordinates": [ [ [ 6.499167, 46.581944 ], [ 6.626391781249241, 46.455179110252502 ], [ 6.681911, 46.454317 ], [ 6.725824393494714, 46.445788683999837 ], [ 6.725833, 46.445833 ], [ 6.698056, 46.437222 ], [ 6.666389, 46.415 ], [ 6.509444, 46.304722 ], [ 6.159167, 46.048889 ], [ 5.910833, 45.928056 ], [ 5.911188, 45.928104 ], [ 5.900091, 45.923019 ], [ 5.888567, 45.918417 ], [ 5.87666, 45.914316 ], [ 5.864414, 45.910731 ], [ 5.851876, 45.907676 ], [ 5.839092, 45.905162 ], [ 5.826112, 45.903199 ], [ 5.812983, 45.901793 ], [ 5.799755, 45.900951 ], [ 5.786479, 45.900675 ], [ 5.773202, 45.900967 ], [ 5.759977, 45.901825 ], [ 5.746852, 45.903247 ], [ 5.733876, 45.905226 ], [ 5.721099, 45.907755 ], [ 5.708569, 45.910826 ], [ 5.696332, 45.914425 ], [ 5.684435, 45.918541 ], [ 5.672923, 45.923157 ], [ 5.661838, 45.928255 ], [ 5.651224, 45.933818 ], [ 5.64112, 45.939823 ], [ 5.631563, 45.946248 ], [ 5.622592, 45.95307 ], [ 5.614239, 45.960261 ], [ 5.606536, 45.967796 ], [ 5.599512, 45.975645 ], [ 5.593195, 45.98378 ], [ 5.587608, 45.992169 ], [ 5.582774, 46.000781 ], [ 5.578709, 46.009583 ], [ 5.575432, 46.018541 ], [ 5.572953, 46.027623 ], [ 5.571283, 46.036794 ], [ 5.570428, 46.046018 ], [ 5.570393, 46.055262 ], [ 5.571178, 46.064489 ], [ 5.572779, 46.073666 ], [ 5.575192, 46.082756 ], [ 5.578408, 46.091727 ], [ 5.582415, 46.100543 ], [ 5.587198, 46.109171 ], [ 5.59274, 46.117578 ], [ 5.599018, 46.125733 ], [ 5.606011, 46.133604 ], [ 5.613692, 46.141162 ], [ 5.622031, 46.148377 ], [ 5.630997, 46.155223 ], [ 5.640557, 46.161672 ], [ 5.650674, 46.167701 ], [ 5.661309, 46.173287 ], [ 5.661667, 46.173333 ], [ 5.661667, 46.173333 ], [ 5.681111, 46.183056 ], [ 5.817778, 46.117222 ], [ 5.784167, 46.085556 ], [ 5.803889, 45.999444 ], [ 5.841111, 45.973056 ], [ 6.551111, 46.3675 ], [ 6.387778, 46.528333 ], [ 6.499167, 46.581944 ] ] ] } },
{ "type": "Feature", "properties": { "name": "GENEVE 1", "nameV": "TMA GENEVE 1 Lower(1000FT AGL-3500FT AMSL)", "class": "C", "type": "TMA", "lower": "3500FT AMSL", "lowerMin": "1000FT AGL", "lowerM": 1066, "upper": "FL195", "upperM": 5943, "desc": "Cross-border airspace wherein ATS is provided by a foreign provider. Refer to Swiss AIP.", "activationCode": "H24", "UId": "1560993", "id": "TMA16161", "stroke": "#ff0000", "stroke-width": 2, "stroke-opacity": 0.8, "fill": "#ff8080", "fill-opacity": 0.3 }, "geometry": { "type": "Polygon", "coordinates": [ [ [ 6.387778, 46.528333 ], [ 6.551111, 46.3675 ], [ 5.841111, 45.973056 ], [ 5.803889, 45.999444 ], [ 5.784167, 46.085556 ], [ 5.817778, 46.117222 ], [ 6.110833, 46.393889 ], [ 6.387778, 46.528333 ] ] ] } },
{ "type": "Feature", "properties": { "name": "GENEVE 2", "nameV": "TMA GENEVE 2", "class": "C", "type": "TMA", "lower": "5500FT AMSL", "lowerM": 1676, "upper": "FL195", "upperM": 5943, "desc": "Cross-border airspace wherein ATS is provided by a foreign provider. Refer to Swiss AIP.", "activationCode": "H24", "UId": "1560989", "id": "TMA16162", "stroke": "#ff0000", "stroke-width": 2, "stroke-opacity": 0.8, "fill": "#ff8080", "fill-opacity": 0.3 }, "geometry": { "type": "Polygon", "coordinates": [ [ [ 6.499167, 46.581944 ], [ 6.626391781249241, 46.455179110252502 ], [ 6.681911, 46.454317 ], [ 6.725824393494714, 46.445788683999837 ], [ 6.725833, 46.445833 ], [ 6.698056, 46.437222 ], [ 6.666389, 46.415 ], [ 6.509444, 46.304722 ], [ 6.159167, 46.048889 ], [ 5.910833, 45.928056 ], [ 5.911188, 45.928104 ], [ 5.900091, 45.923019 ], [ 5.888567, 45.918417 ], [ 5.87666, 45.914316 ], [ 5.864414, 45.910731 ], [ 5.851876, 45.907676 ], [ 5.839092, 45.905162 ], [ 5.826112, 45.903199 ], [ 5.812983, 45.901793 ], [ 5.799755, 45.900951 ], [ 5.786479, 45.900675 ], [ 5.773202, 45.900967 ], [ 5.759977, 45.901825 ], [ 5.746852, 45.903247 ], [ 5.733876, 45.905226 ], [ 5.721099, 45.907755 ], [ 5.708569, 45.910826 ], [ 5.696332, 45.914425 ], [ 5.684435, 45.918541 ], [ 5.672923, 45.923157 ], [ 5.661838, 45.928255 ], [ 5.651224, 45.933818 ], [ 5.64112, 45.939823 ], [ 5.631563, 45.946248 ], [ 5.622592, 45.95307 ], [ 5.614239, 45.960261 ], [ 5.606536, 45.967796 ], [ 5.599512, 45.975645 ], [ 5.593195, 45.98378 ], [ 5.587608, 45.992169 ], [ 5.582774, 46.000781 ], [ 5.578709, 46.009583 ], [ 5.575432, 46.018541 ], [ 5.572953, 46.027623 ], [ 5.571283, 46.036794 ], [ 5.570428, 46.046018 ], [ 5.570393, 46.055262 ], [ 5.571178, 46.064489 ], [ 5.572779, 46.073666 ], [ 5.575192, 46.082756 ], [ 5.578408, 46.091727 ], [ 5.582415, 46.100543 ], [ 5.587198, 46.109171 ], [ 5.59274, 46.117578 ], [ 5.599018, 46.125733 ], [ 5.606011, 46.133604 ], [ 5.613692, 46.141162 ], [ 5.622031, 46.148377 ], [ 5.630997, 46.155223 ], [ 5.640557, 46.161672 ], [ 5.650674, 46.167701 ], [ 5.661309, 46.173287 ], [ 5.661667, 46.173333 ], [ 5.661667, 46.173333 ], [ 5.681111, 46.183056 ], [ 5.817778, 46.117222 ], [ 5.784167, 46.085556 ], [ 5.803889, 45.999444 ], [ 5.841111, 45.973056 ], [ 6.551111, 46.3675 ], [ 6.387778, 46.528333 ], [ 6.499167, 46.581944 ] ] ] } },
{ "type": "Feature", "properties": { "name": "GENEVE 3", "nameV": "TMA GENEVE 3", "class": "C", "type": "TMA", "lower": "6500FT AMSL", "lowerM": 1981, "upper": "FL195", "upperM": 5943, "desc": "Cross-border airspace wherein ATS is provided by a foreign provider. Refer to Swiss AIP.", "activationCode": "H24", "UId": "1561007", "id": "TMA16163", "stroke": "#ff0000", "stroke-width": 2, "stroke-opacity": 0.8, "fill": "#ff8080", "fill-opacity": 0.3 }, "geometry": { "type": "Polygon", "coordinates": [ [ [ 6.499167, 46.581944 ], [ 6.387778, 46.528333 ], [ 6.110833, 46.393889 ], [ 5.817778, 46.117222 ], [ 5.681111, 46.183056 ], [ 5.801111, 46.242222 ], [ 6.034167, 46.374722 ], [ 6.088056, 46.411111 ], [ 6.326389, 46.573056 ], [ 6.499167, 46.581944 ] ] ] } },
{ "type": "Feature", "properties": { "name": "GENEVE 9", "nameV": "TMA GENEVE 9", "class": "C", "type": "TMA", "lower": "FL115", "lowerM": 3505, "upper": "FL195", "upperM": 5943, "desc": "Airspace wherein ATS is provided by a foreign provider. Refer to Swiss AIP.", "activationCode": "H24", "UId": "1561743", "id": "TMA16169", "stroke": "#ff0000", "stroke-width": 2, "stroke-opacity": 0.8, "fill": "#ff8080", "fill-opacity": 0.1 }, "geometry": { "type": "Polygon", "coordinates": [ [ [ 6.129047, 45.873597 ], [ 6.101389, 45.843889 ], [ 6.096556, 45.806408 ], [ 5.977081, 45.775344 ], [ 5.701228, 45.744694 ], [ 5.554814, 45.796664 ], [ 5.581389, 45.828889 ], [ 6.129047, 45.873597 ] ] ] } },
{ "type": "Feature", "properties": { "name": "GENEVE 10", "nameV": "TMA GENEVE 10", "class": "C", "type": "TMA", "lower": "FL115", "lowerM": 3505, "upper": "FL155", "upperM": 4724, "desc": "Airspace wherein ATS is provided by a foreign provider. Refer to Swiss AIP.", "activationCode": "H24", "UId": "23547098", "id": "TMA16170", "stroke": "#ff0000", "stroke-width": 2, "stroke-opacity": 0.8, "fill": "#ff8080", "fill-opacity": 0.1 }, "geometry": { "type": "Polygon", "coordinates": [ [ [ 6.096556, 45.806408 ], [ 6.087778, 45.620556 ], [ 5.983333, 45.632222 ], [ 5.498056, 45.685556 ], [ 5.489444, 45.716667 ], [ 5.554814, 45.796664 ], [ 5.701228, 45.744694 ], [ 5.977081, 45.775344 ], [ 6.096556, 45.806408 ] ] ] } },
{ "type": "Feature", "properties": { "name": "BIARRITZ 9.2.20", "nameV": "TMA BIARRITZ 9.2.20", "class": "E", "type": "TMA", "lower": "3500FT AMSL", "lowerM": 1066, "upper": "4500FT AMSL", "upperM": 1371, "desc": "PYRENEES APP outside BIARRITZ APP SKED.", "activationCode": "H24", "UId": "32511260", "id": "LFBZ9.2.20", "stroke": "#008040", "stroke-width": 2, "stroke-opacity": 0.8, "fill": "#80ff80", "fill-opacity": 0.2 }, "geometry": { "type": "Polygon", "coordinates": [ [ [ -1.552778, 43.379167 ], [ -1.455556, 43.375 ], [ -1.385, 43.368056 ], [ -1.386389, 43.2375 ], [ -1.387778, 43.248056 ], [ -1.3925, 43.258056 ], [ -1.393333, 43.258889 ], [ -1.398611, 43.263611 ], [ -1.409444, 43.270556 ], [ -1.417778, 43.271667 ], [ -1.440556, 43.270556 ], [ -1.4575, 43.266944 ], [ -1.466111, 43.268056 ], [ -1.473333, 43.271111 ], [ -1.500833, 43.290278 ], [ -1.501389, 43.290556 ], [ -1.510278, 43.291389 ], [ -1.511389, 43.291667 ], [ -1.546389, 43.289722 ], [ -1.5525, 43.2875 ], [ -1.558889, 43.273056 ], [ -1.566944, 43.262778 ], [ -1.583333, 43.255833 ], [ -1.603056, 43.255278 ], [ -1.608889, 43.256667 ], [ -1.61138873264054, 43.257312036108154 ], [ -1.611389, 43.257311 ], [ -1.552778, 43.379167 ] ] ] } },
{ "type": "Feature", "properties": { "name": "CLERMONT 11", "nameV": "TMA CLERMONT 11", "class": "E", "type": "TMA", "lower": "5000FT AMSL", "lowerM": 1524, "upper": "FL115", "upperM": 3505, "activationCode": "H24", "UId": "1564301", "id": "LFLC11", "stroke": "#008040", "stroke-width": 2, "stroke-opacity": 0.8, "fill": "#80ff80", "fill-opacity": 0.2 }, "geometry": { "type": "Polygon", "coordinates": [ [ [ 1.716667, 44.5 ], [ 2.0, 44.64 ], [ 2.0, 44.360833 ], [ 2.128056, 44.297222 ], [ 2.128056, 44.128056 ], [ 1.858333, 44.166667 ], [ 1.716667, 44.5 ] ] ] } },
{ "type": "Feature", "properties": { "name": "BALE DELEG.LANGEN NORD.20", "nameV": "TMA BALE DELEG.LANGEN NORD.20", "class": "E", "type": "TMA", "lower": "2500FT AGL", "ordinalLowerM": 762, "lowerM": 762, "upper": "FL100", "upperM": 3048, "groundEstimatedHeight": [ 0, 0, 0, 0 ], "activationCode": "H24", "UId": "35860810", "id": "LFSB20L.20", "stroke": "#008040", "stroke-width": 2, "stroke-opacity": 0.8, "fill": "#80ff80", "fill-opacity": 0.2 }, "geometry": { "type": "Polygon", "coordinates": [ [ [ 7.577222, 48.083333 ], [ 7.966667, 48.1 ], [ 7.749444, 47.696944 ], [ 7.584981201826195, 47.93333282711373 ], [ 7.588986, 47.938008 ], [ 7.609389, 47.954028 ], [ 7.620067, 47.967481 ], [ 7.621822, 47.972328 ], [ 7.621175, 47.978586 ], [ 7.6185, 47.985861 ], [ 7.609875, 47.999111 ], [ 7.572633, 48.029567 ], [ 7.568931, 48.034681 ], [ 7.568917, 48.038169 ], [ 7.572394, 48.045778 ], [ 7.573903, 48.052608 ], [ 7.573492, 48.059517 ], [ 7.569169, 48.080369 ], [ 7.569169, 48.080369 ], [ 7.577222, 48.083333 ] ] ] } },
{ "type": "Feature", "properties": { "name": "BALE DELEG.LANGEN SW2 PART1 SUISSE.30", "nameV": "TMA BALE DELEG.LANGEN SW2 PART1 SUISSE.30", "class": "E", "type": "TMA", "lower": "1000FT AGL", "ordinalLowerM": 304, "lowerM": 304, "upper": "4500FT AMSL", "upperM": 1371, "groundEstimatedHeight": [ 0, 0, 0, 0 ], "desc": "By LANGEN ACC delegation. STAUFEN AREA", "activationCode": "H24", "UId": "35860898", "id": "LFSB24L.30", "stroke": "#008040", "stroke-width": 2, "stroke-opacity": 0.8, "fill": "#80ff80", "fill-opacity": 0.2 }, "geometry": { "type": "Polygon", "coordinates": [ [ [ 7.668375002852795, 47.59192825895839 ], [ 7.672211, 47.591886 ], [ 7.673714, 47.591908 ], [ 7.675111, 47.591969 ], [ 7.675514, 47.593047 ], [ 7.676075, 47.593542 ], [ 7.676847, 47.594306 ], [ 7.678078, 47.595336 ], [ 7.679742, 47.59635 ], [ 7.680678, 47.597156 ], [ 7.68165, 47.597333 ], [ 7.682342, 47.597892 ], [ 7.682983, 47.598475 ], [ 7.684847, 47.598722 ], [ 7.687106, 47.598672 ], [ 7.687997, 47.598597 ], [ 7.689328, 47.598819 ], [ 7.690567, 47.599178 ], [ 7.691631, 47.599581 ], [ 7.6933, 47.600925 ], [ 7.693725, 47.600772 ], [ 7.693028, 47.599469 ], [ 7.692028, 47.598706 ], [ 7.690225, 47.597558 ], [ 7.688694, 47.597336 ], [ 7.6865, 47.596919 ], [ 7.684664, 47.596653 ], [ 7.683664, 47.596 ], [ 7.682928, 47.595147 ], [ 7.681994, 47.59425 ], [ 7.681433, 47.593828 ], [ 7.680364, 47.592814 ], [ 7.679325, 47.592094 ], [ 7.677433, 47.591317 ], [ 7.675461, 47.589944 ], [ 7.673364, 47.588286 ], [ 7.67188070771811, 47.587376476666684 ], [ 7.671881, 47.587376 ], [ 7.668375002852795, 47.59192825895839 ] ] ] } },
{ "type": "Feature", "properties": { "name": "BALE DELEG.LANGEN SW2 PART2 SUISSE .20", "nameV": "TMA BALE DELEG.LANGEN SW2 PART2 SUISSE .20", "class": "D", "type": "TMA", "lower": "4500FT AMSL", "lowerM": 1371, "upper": "FL100", "upperM": 3048, "desc": "By LANGEN ACC delegation. STAUFEN AREA", "activationCode": "H24", "UId": "35860908", "id": "LFSB25L.20", "stroke": "#ff0000", "stroke-width": 2, "stroke-opacity": 0.8, "fill": "#ff8080", "fill-opacity": 0.3 }, "geometry": { "type": "Polygon", "coordinates": [ [ [ 7.674084088117342, 47.584511244252113 ], [ 7.674969, 47.584192 ], [ 7.677, 47.583736 ], [ 7.678992, 47.583264 ], [ 7.680917, 47.582722 ], [ 7.681336, 47.580983 ], [ 7.6817, 47.579364 ], [ 7.682022, 47.577458 ], [ 7.683044, 47.57705 ], [ 7.683881, 47.576661 ], [ 7.683875, 47.575628 ], [ 7.683733, 47.573875 ], [ 7.6844, 47.573783 ], [ 7.685617, 47.573042 ], [ 7.686919, 47.572833 ], [ 7.689044, 47.572425 ], [ 7.6894, 47.571819 ], [ 7.689703, 47.571506 ], [ 7.688994, 47.570267 ], [ 7.688528, 47.569889 ], [ 7.687231, 47.568469 ], [ 7.686909238850054, 47.567823880870584 ], [ 7.686909, 47.567824 ], [ 7.674084088117342, 47.584511244252113 ] ] ] } },
{ "type": "Feature", "properties": { "name": "BALE 01 ALLEMANDE NORD.20", "nameV": "TMA BALE 01 ALLEMANDE NORD.20", "class": "D", "type": "TMA", "lower": "1000FT AGL", "ordinalLowerM": 304, "lowerM": 304, "upper": "FL100", "upperM": 3048, "groundEstimatedHeight": [ 0, 0, 0, 0 ], "desc": "BASEL APP provides the air traffic services within the German airspace, by delegation of LANGEN ACC.", "activationCode": "H24", "UId": "35796605", "id": "LFSB01AN.2", "stroke": "#ff0000", "stroke-width": 2, "stroke-opacity": 0.8, "fill": "#ff8080", "fill-opacity": 0.3 }, "geometry": { "type": "Polygon", "coordinates": [ [ [ 7.533395, 47.766759 ], [ 7.607694, 47.670696 ], [ 7.668375002852795, 47.59192825895839 ], [ 7.6674, 47.591939 ], [ 7.664608, 47.592647 ], [ 7.661756, 47.593686 ], [ 7.660161, 47.594111 ], [ 7.658594, 47.594458 ], [ 7.655114, 47.595364 ], [ 7.653586, 47.595475 ], [ 7.652417, 47.595611 ], [ 7.651194, 47.595686 ], [ 7.649028, 47.596203 ], [ 7.648469, 47.596292 ], [ 7.645642, 47.596908 ], [ 7.644372, 47.595717 ], [ 7.643014, 47.594997 ], [ 7.641747, 47.594128 ], [ 7.641878, 47.592978 ], [ 7.643225, 47.591311 ], [ 7.641164, 47.590711 ], [ 7.639567, 47.590308 ], [ 7.636436, 47.588336 ], [ 7.635567, 47.587547 ], [ 7.6341, 47.585822 ], [ 7.633567, 47.585372 ], [ 7.632033, 47.584297 ], [ 7.631139, 47.583553 ], [ 7.629633, 47.582475 ], [ 7.627969, 47.581336 ], [ 7.626211, 47.580303 ], [ 7.625544, 47.579828 ], [ 7.624744, 47.579469 ], [ 7.622442, 47.57835 ], [ 7.619153, 47.576897 ], [ 7.616792, 47.577711 ], [ 7.615036, 47.578028 ], [ 7.613269, 47.578183 ], [ 7.609456, 47.578217 ], [ 7.604936, 47.577925 ], [ 7.605406, 47.579903 ], [ 7.604836, 47.580444 ], [ 7.604747, 47.581208 ], [ 7.604547, 47.581344 ], [ 7.60415, 47.581372 ], [ 7.604553, 47.582856 ], [ 7.604786, 47.585014 ], [ 7.602633, 47.585889 ], [ 7.598478, 47.587631 ], [ 7.596486, 47.588192 ], [ 7.589102945255476, 47.5899687725191 ], [ 7.589103, 47.589969 ], [ 7.592878, 47.597225 ], [ 7.592094, 47.603461 ], [ 7.587525, 47.608239 ], [ 7.574144, 47.616389 ], [ 7.569781, 47.627567 ], [ 7.566925, 47.632117 ], [ 7.559164, 47.638208 ], [ 7.537142, 47.649744 ], [ 7.522683, 47.662014 ], [ 7.519247, 47.669344 ], [ 7.519858, 47.680175 ], [ 7.519036, 47.684831 ], [ 7.511689, 47.696797 ], [ 7.512636, 47.700756 ], [ 7.514442, 47.702786 ], [ 7.539861, 47.718003 ], [ 7.545589, 47.72495 ], [ 7.548653, 47.734992 ], [ 7.547381, 47.741394 ], [ 7.53339507911801, 47.766759043624532 ], [ 7.533395, 47.766759 ] ] ] } },
{ "type": "Feature", "properties": { "name": "BALE 01 ALLEMANDE EST.20", "nameV": "TMA BALE 01 ALLEMANDE EST.20", "class": "D", "type": "TMA", "lower": "1000FT AGL", "ordinalLowerM": 304, "lowerM": 304, "upper": "FL100", "upperM": 3048, "groundEstimatedHeight": [ 0, 0, 0, 0 ], "desc": "BASEL APP provides the air traffic services within the German airspace, by delegation of LANGEN ACC.", "activationCode": "H24", "UId": "35796637", "id": "LFSB01AE.2", "stroke": "#ff0000", "stroke-width": 2, "stroke-opacity": 0.8, "fill": "#ff8080", "fill-opacity": 0.3 }, "geometry": { "type": "Polygon", "coordinates": [ [ [ 7.671881, 47.587376 ], [ 7.674084088117342, 47.584511244252113 ], [ 7.672089, 47.585231 ], [ 7.671725, 47.587281 ], [ 7.67188070771811, 47.587376476666684 ], [ 7.671881, 47.587376 ] ] ] } },
{ "type": "Feature", "properties": { "name": "BALE 01 ALLEMANDE SUD.20", "nameV": "TMA BALE 01 ALLEMANDE SUD.20", "class": "D", "type": "TMA", "lower": "1000FT AGL", "ordinalLowerM": 304, "lowerM": 304, "upper": "FL100", "upperM": 3048, "groundEstimatedHeight": [ 0, 0, 0, 0 ], "desc": "BASEL APP provides the air traffic services within the German airspace, by delegation of LANGEN ACC.", "activationCode": "H24", "UId": "35796651", "id": "17.20", "stroke": "#ff0000", "stroke-width": 2, "stroke-opacity": 0.8, "fill": "#ff8080", "fill-opacity": 0.3 }, "geometry": { "type": "Polygon", "coordinates": [ [ [ 7.686909, 47.567824 ], [ 7.686944, 47.567778 ], [ 7.683889, 47.550556 ], [ 7.643639119491271, 47.554639094825106 ], [ 7.643194, 47.5552 ], [ 7.642664, 47.555653 ], [ 7.641697, 47.556642 ], [ 7.640042, 47.558022 ], [ 7.639581, 47.558517 ], [ 7.638692, 47.559167 ], [ 7.637631, 47.559842 ], [ 7.633983, 47.561269 ], [ 7.634717, 47.562033 ], [ 7.636183, 47.563803 ], [ 7.638242, 47.563197 ], [ 7.640122, 47.561889 ], [ 7.641225, 47.561211 ], [ 7.644081, 47.561314 ], [ 7.645075, 47.560981 ], [ 7.646072, 47.560708 ], [ 7.647333, 47.560231 ], [ 7.648261, 47.559942 ], [ 7.648928, 47.560228 ], [ 7.65035, 47.560881 ], [ 7.651789, 47.561481 ], [ 7.652653, 47.561775 ], [ 7.654542, 47.562358 ], [ 7.655578, 47.562283 ], [ 7.656111, 47.562308 ], [ 7.656311, 47.562444 ], [ 7.656736, 47.563028 ], [ 7.657911, 47.563925 ], [ 7.658775, 47.564436 ], [ 7.6629, 47.565219 ], [ 7.664161, 47.565397 ], [ 7.665689, 47.565081 ], [ 7.667483, 47.565272 ], [ 7.669478, 47.565631 ], [ 7.670275, 47.565808 ], [ 7.670742, 47.565806 ], [ 7.6724, 47.565425 ], [ 7.672333, 47.565022 ], [ 7.672397, 47.564392 ], [ 7.672553, 47.563689 ], [ 7.674453, 47.563442 ], [ 7.675675, 47.563442 ], [ 7.677375, 47.563725 ], [ 7.677342, 47.564894 ], [ 7.676253, 47.565192 ], [ 7.675192, 47.565375 ], [ 7.677019, 47.567097 ], [ 7.677994, 47.568131 ], [ 7.678194, 47.568581 ], [ 7.678489, 47.569028 ], [ 7.678931, 47.569342 ], [ 7.679728, 47.569744 ], [ 7.682125, 47.570775 ], [ 7.683589, 47.571247 ], [ 7.683811, 47.570547 ], [ 7.683647, 47.569603 ], [ 7.683511, 47.568389 ], [ 7.683803, 47.568297 ], [ 7.684239, 47.567892 ], [ 7.684794, 47.567108 ], [ 7.686022, 47.565642 ], [ 7.68625, 47.566297 ], [ 7.686628, 47.567033 ], [ 7.686828, 47.567661 ], [ 7.686909238850054, 47.567823880870584 ], [ 7.686909, 47.567824 ] ] ] } },
{ "type": "Feature", "properties": { "name": "BALE DELEG.LANGEN SW2 PART2 SUISSE .30", "nameV": "TMA BALE DELEG.LANGEN SW2 PART2 SUISSE .30", "class": "E", "type": "TMA", "lower": "1000FT AGL", "ordinalLowerM": 304, "lowerM": 304, "upper": "4500FT AMSL", "upperM": 1371, "groundEstimatedHeight": [ 0, 0, 0, 0 ], "desc": "By LANGEN ACC delegation. STAUFEN AREA", "activationCode": "H24", "UId": "35860916", "id": "LFSB25L.30", "stroke": "#008040", "stroke-width": 2, "stroke-opacity": 0.8, "fill": "#80ff80", "fill-opacity": 0.2 }, "geometry": { "type": "Polygon", "coordinates": [ [ [ 7.674084088117342, 47.584511244252113 ], [ 7.674969, 47.584192 ], [ 7.677, 47.583736 ], [ 7.678992, 47.583264 ], [ 7.680917, 47.582722 ], [ 7.681336, 47.580983 ], [ 7.6817, 47.579364 ], [ 7.682022, 47.577458 ], [ 7.683044, 47.57705 ], [ 7.683881, 47.576661 ], [ 7.683875, 47.575628 ], [ 7.683733, 47.573875 ], [ 7.6844, 47.573783 ], [ 7.685617, 47.573042 ], [ 7.686919, 47.572833 ], [ 7.689044, 47.572425 ], [ 7.6894, 47.571819 ], [ 7.689703, 47.571506 ], [ 7.688994, 47.570267 ], [ 7.688528, 47.569889 ], [ 7.687231, 47.568469 ], [ 7.686909238850054, 47.567823880870584 ], [ 7.686909, 47.567824 ], [ 7.674084088117342, 47.584511244252113 ] ] ] } },
{ "type": "Feature", "properties": { "name": "BALE DELEG.ZURICH-AZ1 ALLEMANDE.20", "nameV": "TMA BALE DELEG.ZURICH-AZ1 ALLEMANDE.20", "class": "D", "type": "TMA", "lower": "5500FT AMSL", "lowerM": 1676, "upper": "FL100", "upperM": 3048, "desc": "By ZURICH ACC delegation.", "activationCode": "H24", "UId": "35860925", "id": "LFSB30Z.20", "stroke": "#ff0000", "stroke-width": 2, "stroke-opacity": 0.8, "fill": "#ff8080", "fill-opacity": 0.3 }, "geometry": { "type": "Polygon", "coordinates": [ [ [ 7.643639, 47.554639 ], [ 7.683889, 47.550556 ], [ 7.663307596923729, 47.541193248603605 ], [ 7.662658, 47.542753 ], [ 7.662039, 47.544058 ], [ 7.661669, 47.544508 ], [ 7.661419, 47.544825 ], [ 7.660717, 47.545231 ], [ 7.660253, 47.545439 ], [ 7.659364, 47.545664 ], [ 7.657931, 47.545911 ], [ 7.656708, 47.546075 ], [ 7.653853, 47.546503 ], [ 7.651931, 47.547 ], [ 7.650736, 47.547389 ], [ 7.650139, 47.54775 ], [ 7.649278, 47.548444 ], [ 7.64835, 47.549075 ], [ 7.64765, 47.549661 ], [ 7.647119, 47.550275 ], [ 7.645639, 47.552119 ], [ 7.643639119491271, 47.554639094825106 ], [ 7.643639, 47.554639 ] ] ] } },
{ "type": "Feature", "properties": { "name": "BALE DELEG.ZURICH-AZ1 FRANCO-SUISSE.20", "nameV": "TMA BALE DELEG.ZURICH-AZ1 FRANCO-SUISSE.20", "class": "D", "type": "TMA", "lower": "5500FT AMSL", "lowerM": 1676, "upper": "FL100", "upperM": 3048, "desc": "By ZURICH ACC delegation.", "activationCode": "H24", "UId": "35860939", "id": "LFSB31Z.20", "stroke": "#ff0000", "stroke-width": 2, "stroke-opacity": 0.8, "fill": "#ff8080", "fill-opacity": 0.3 }, "geometry": { "type": "Polygon", "coordinates": [ [ [ 7.643639119491271, 47.554639094825106 ], [ 7.645639, 47.552119 ], [ 7.647119, 47.550275 ], [ 7.64765, 47.549661 ], [ 7.64835, 47.549075 ], [ 7.649278, 47.548444 ], [ 7.650139, 47.54775 ], [ 7.650736, 47.547389 ], [ 7.651931, 47.547 ], [ 7.653853, 47.546503 ], [ 7.656708, 47.546075 ], [ 7.657931, 47.545911 ], [ 7.659364, 47.545664 ], [ 7.660253, 47.545439 ], [ 7.660717, 47.545231 ], [ 7.661419, 47.544825 ], [ 7.661669, 47.544508 ], [ 7.662039, 47.544058 ], [ 7.662658, 47.542753 ], [ 7.663307596923729, 47.541193248603605 ], [ 7.663307, 47.541193 ], [ 7.38011, 47.41165 ], [ 7.3951, 47.481907 ], [ 7.415556, 47.5775 ], [ 7.643639119491271, 47.554639094825106 ] ] ] } },
{ "type": "Feature", "properties": { "name": "BALE DELEG.ZURICH-AZ2 ALLEMANDE.20", "nameV": "TMA BALE DELEG.ZURICH-AZ2 ALLEMANDE.20", "class": "D", "type": "TMA", "lower": "5500FT AMSL", "lowerM": 1676, "upper": "FL100", "upperM": 3048, "desc": "By ZURICH ACC delegation.", "activationCode": "H24", "UId": "35860956", "id": "LFSB32Z.20", "stroke": "#ff0000", "stroke-width": 2, "stroke-opacity": 0.8, "fill": "#ff8080", "fill-opacity": 0.3 }, "geometry": { "type": "Polygon", "coordinates": [ [ [ 7.686944, 47.567778 ], [ 7.698787, 47.539981 ], [ 7.702267069083295, 47.535210878524992 ], [ 7.700006, 47.533925 ], [ 7.698742, 47.533369 ], [ 7.696853, 47.532761 ], [ 7.694619, 47.532433 ], [ 7.693425, 47.532392 ], [ 7.691008, 47.532369 ], [ 7.689944, 47.532489 ], [ 7.687689, 47.532539 ], [ 7.686228, 47.532542 ], [ 7.684833, 47.532564 ], [ 7.682203, 47.53255 ], [ 7.680981, 47.532617 ], [ 7.679814, 47.532844 ], [ 7.678528, 47.533008 ], [ 7.676497, 47.533328 ], [ 7.675103, 47.5336 ], [ 7.674083, 47.533981 ], [ 7.670594, 47.534842 ], [ 7.669242, 47.535275 ], [ 7.668181, 47.5357 ], [ 7.667478, 47.536178 ], [ 7.665692, 47.537575 ], [ 7.665069, 47.538225 ], [ 7.664436, 47.539017 ], [ 7.663381, 47.541017 ], [ 7.663307596923729, 47.541193248603605 ], [ 7.663307, 47.541193 ], [ 7.683889, 47.550556 ], [ 7.686944, 47.567778 ] ] ] } },
{ "type": "Feature", "properties": { "name": "BALE DELEG.ZURICH-AZ4 .20", "nameV": "TMA BALE DELEG.ZURICH-AZ4 .20", "class": "E", "type": "TMA", "lower": "2000FT AGL", "ordinalLowerM": 609, "lowerM": 609, "upper": "FL100", "upperM": 3048, "groundEstimatedHeight": [ 0, 0, 0, 0 ], "UId": "35861000", "id": "LFSB36Z.20", "stroke": "#008040", "stroke-width": 2, "stroke-opacity": 0.8, "fill": "#80ff80", "fill-opacity": 0.2 }, "geometry": { "type": "Polygon", "coordinates": [ [ [ 7.778056, 47.431111 ], [ 7.858611, 47.32 ], [ 7.811667, 47.291111 ], [ 7.736389, 47.244722 ], [ 7.611111, 47.213333 ], [ 7.485258, 47.250861 ], [ 7.201667, 47.334722 ], [ 7.062083, 47.343678 ], [ 7.055614, 47.346833 ], [ 7.049708, 47.347353 ], [ 7.052639, 47.351994 ], [ 7.049447, 47.361553 ], [ 7.042911, 47.364328 ], [ 7.034525, 47.363453 ], [ 7.033856, 47.369739 ], [ 7.028233, 47.369342 ], [ 7.018889, 47.370658 ], [ 7.017639, 47.372875 ], [ 7.013133, 47.371697 ], [ 7.011958, 47.372961 ], [ 7.007033, 47.368086 ], [ 6.994628, 47.363281 ], [ 6.984047, 47.363797 ], [ 6.974733, 47.359928 ], [ 6.970183, 47.361142 ], [ 6.967472, 47.359358 ], [ 6.964389, 47.360478 ], [ 6.952375, 47.358719 ], [ 6.951739, 47.359922 ], [ 6.942906, 47.357772 ], [ 6.932008, 47.358111 ], [ 6.923428, 47.355519 ], [ 6.918611, 47.35565 ], [ 6.91565, 47.357814 ], [ 6.901944, 47.359586 ], [ 6.899542, 47.357722 ], [ 6.895664, 47.358872 ], [ 6.894261, 47.356267 ], [ 6.883433, 47.352589 ], [ 6.879436, 47.352678 ], [ 6.879217, 47.358417 ], [ 6.885183, 47.367611 ], [ 6.883497, 47.373053 ], [ 6.895717, 47.379803 ], [ 6.895142, 47.3815 ], [ 6.903581, 47.382547 ], [ 6.912097, 47.386364 ], [ 6.913575, 47.389536 ], [ 6.911553, 47.390678 ], [ 6.9098, 47.396247 ], [ 6.915367, 47.397244 ], [ 6.917761, 47.403164 ], [ 6.913453, 47.404708 ], [ 6.9197, 47.406761 ], [ 6.920867, 47.405247 ], [ 6.938492, 47.406161 ], [ 6.941836, 47.415647 ], [ 6.940342, 47.433439 ], [ 6.95475, 47.435264 ], [ 6.957453, 47.433844 ], [ 6.963878, 47.435842 ], [ 6.966153, 47.437614 ], [ 6.970422, 47.446903 ], [ 6.980967, 47.449258 ], [ 6.985036, 47.448033 ], [ 6.990114, 47.447908 ], [ 6.995477847443913, 47.449803431715672 ], [ 6.995478, 47.449803 ], [ 7.061667, 47.443333 ], [ 7.098455, 47.43972 ], [ 7.374444, 47.412222 ], [ 7.38011, 47.41165 ], [ 7.658333, 47.383333 ], [ 7.778056, 47.431111 ] ] ] } },
{ "type": "Feature", "properties": { "name": "BALE DELEG.ZURICH-AZ4 T1.20", "nameV": "TMA BALE DELEG.ZURICH-AZ4 T1.20", "class": "E", "type": "TMA", "lower": "5200FT AMSL", "lowerM": 1584, "upper": "5700FT AMSL", "upperM": 1737, "desc": "As ABV", "UId": "35861051", "id": "LFSB37Z.20", "stroke": "#008040", "stroke-width": 2, "stroke-opacity": 0.8, "fill": "#80ff80", "fill-opacity": 0.2 }, "geometry": { "type": "Polygon", "coordinates": [ [ [ 7.778056, 47.431111 ], [ 7.858611, 47.32 ], [ 7.811667, 47.291111 ], [ 7.439167, 47.318056 ], [ 7.374444, 47.412222 ], [ 7.38011, 47.41165 ], [ 7.658333, 47.383333 ], [ 7.778056, 47.431111 ] ] ] } },
{ "type": "Feature", "properties": { "name": "BALE DELEG.ZURICH-AZ2 SUISSE.20", "nameV": "TMA BALE DELEG.ZURICH-AZ2 SUISSE.20", "class": "D", "type": "TMA", "lower": "5500FT AMSL", "lowerM": 1676, "upper": "FL100", "upperM": 3048, "desc": "By ZURICH ACC delegation.", "activationCode": "H24", "UId": "35860968", "id": "LFSB33Z.20", "stroke": "#ff0000", "stroke-width": 2, "stroke-opacity": 0.8, "fill": "#ff8080", "fill-opacity": 0.3 }, "geometry": { "type": "Polygon", "coordinates": [ [ [ 7.702267, 47.535211 ], [ 7.778056, 47.431111 ], [ 7.658333, 47.383333 ], [ 7.38011, 47.41165 ], [ 7.663307596923729, 47.541193248603605 ], [ 7.663381, 47.541017 ], [ 7.664436, 47.539017 ], [ 7.665069, 47.538225 ], [ 7.665692, 47.537575 ], [ 7.667478, 47.536178 ], [ 7.668181, 47.5357 ], [ 7.669242, 47.535275 ], [ 7.670594, 47.534842 ], [ 7.674083, 47.533981 ], [ 7.675103, 47.5336 ], [ 7.676497, 47.533328 ], [ 7.678528, 47.533008 ], [ 7.679814, 47.532844 ], [ 7.680981, 47.532617 ], [ 7.682203, 47.53255 ], [ 7.684833, 47.532564 ], [ 7.686228, 47.532542 ], [ 7.687689, 47.532539 ], [ 7.689944, 47.532489 ], [ 7.691008, 47.532369 ], [ 7.693425, 47.532392 ], [ 7.694619, 47.532433 ], [ 7.696853, 47.532761 ], [ 7.698742, 47.533369 ], [ 7.700006, 47.533925 ], [ 7.702267069083295, 47.535210878524992 ], [ 7.702267, 47.535211 ] ] ] } },
{ "type": "Feature", "properties": { "name": "BALE DELEG.ZURICH-AZ3 SUISSE.20", "nameV": "TMA BALE DELEG.ZURICH-AZ3 SUISSE.20", "class": "E", "type": "TMA", "lower": "2000FT AGL", "ordinalLowerM": 609, "lowerM": 609, "upper": "6500FT AMSL", "upperM": 1981, "groundEstimatedHeight": [ 0, 0, 0, 0 ], "desc": "By ZURICH ACC delegation.", "activationCode": "H24", "UId": "35860990", "id": "LFSB35Z.20", "stroke": "#008040", "stroke-width": 2, "stroke-opacity": 0.8, "fill": "#80ff80", "fill-opacity": 0.2 }, "geometry": { "type": "Polygon", "coordinates": [ [ [ 7.760789, 47.549118 ], [ 7.778056, 47.431111 ], [ 7.702267069083295, 47.535210878524992 ], [ 7.702575, 47.535386 ], [ 7.704239, 47.535967 ], [ 7.705064, 47.536161 ], [ 7.705861, 47.536656 ], [ 7.706794, 47.537058 ], [ 7.707964, 47.537442 ], [ 7.711425, 47.5388 ], [ 7.712422, 47.53905 ], [ 7.713647, 47.539631 ], [ 7.718172, 47.541347 ], [ 7.719369, 47.541569 ], [ 7.722, 47.54195 ], [ 7.723756, 47.542233 ], [ 7.72535, 47.5423 ], [ 7.726519, 47.542433 ], [ 7.728911, 47.542581 ], [ 7.729908, 47.542578 ], [ 7.730997, 47.542647 ], [ 7.732033, 47.542753 ], [ 7.732856, 47.542706 ], [ 7.734292, 47.542819 ], [ 7.735381, 47.54295 ], [ 7.736683, 47.543036 ], [ 7.737814, 47.543053 ], [ 7.738769, 47.543139 ], [ 7.739767, 47.543317 ], [ 7.7418, 47.543447 ], [ 7.742731, 47.543606 ], [ 7.743728, 47.543694 ], [ 7.744683, 47.543664 ], [ 7.745814, 47.543842 ], [ 7.748472, 47.544058 ], [ 7.748869, 47.544175 ], [ 7.749308, 47.544192 ], [ 7.749908, 47.544306 ], [ 7.751794, 47.544678 ], [ 7.752794, 47.545064 ], [ 7.754364, 47.545597 ], [ 7.755097, 47.546064 ], [ 7.755525, 47.546422 ], [ 7.756033, 47.54705 ], [ 7.757061, 47.547947 ], [ 7.757569, 47.548242 ], [ 7.758633, 47.5486 ], [ 7.759925, 47.548867 ], [ 7.760788864981793, 47.549118463834098 ], [ 7.760789, 47.549118 ] ] ] } },
{ "type": "Feature", "properties": { "name": "BALE DELEG.LANGEN S-E.20", "nameV": "TMA BALE DELEG.LANGEN S-E.20", "class": "D", "type": "TMA", "lower": "5500FT AMSL", "lowerM": 1676, "upper": "FL100", "upperM": 3048, "UId": "35860838", "id": "LFSB21L.20", "stroke": "#ff0000", "stroke-width": 2, "stroke-opacity": 0.8, "fill": "#ff8080", "fill-opacity": 0.3 }, "geometry": { "type": "Polygon", "coordinates": [ [ [ 7.584981, 47.933333 ], [ 7.749444, 47.696944 ], [ 7.755278, 47.586667 ], [ 7.633208, 47.743256 ], [ 7.560292, 47.836792 ], [ 7.563128, 47.843628 ], [ 7.563578, 47.848758 ], [ 7.562608, 47.854292 ], [ 7.555853, 47.867189 ], [ 7.555561, 47.873847 ], [ 7.557078, 47.879 ], [ 7.562561, 47.884856 ], [ 7.572092, 47.889089 ], [ 7.579072, 47.894144 ], [ 7.582919, 47.901947 ], [ 7.580558, 47.922142 ], [ 7.583478, 47.931578 ], [ 7.584981201826195, 47.93333282711373 ], [ 7.584981, 47.933333 ] ] ] } },
{ "type": "Feature", "properties": { "name": "BALE DELEG.LANGEN S-E.30", "nameV": "TMA BALE DELEG.LANGEN S-E.30", "class": "E", "type": "TMA", "lower": "2500FT AGL", "ordinalLowerM": 762, "lowerM": 762, "upper": "5500FT AMSL", "upperM": 1676, "groundEstimatedHeight": [ 0, 0, 0, 0 ], "UId": "35860842", "id": "LFSB21L.30", "stroke": "#008040", "stroke-width": 2, "stroke-opacity": 0.8, "fill": "#80ff80", "fill-opacity": 0.2 }, "geometry": { "type": "Polygon", "coordinates": [ [ [ 7.584981, 47.933333 ], [ 7.749444, 47.696944 ], [ 7.755278, 47.586667 ], [ 7.633208, 47.743256 ], [ 7.560292, 47.836792 ], [ 7.563128, 47.843628 ], [ 7.563578, 47.848758 ], [ 7.562608, 47.854292 ], [ 7.555853, 47.867189 ], [ 7.555561, 47.873847 ], [ 7.557078, 47.879 ], [ 7.562561, 47.884856 ], [ 7.572092, 47.889089 ], [ 7.579072, 47.894144 ], [ 7.582919, 47.901947 ], [ 7.580558, 47.922142 ], [ 7.583478, 47.931578 ], [ 7.584981201826195, 47.93333282711373 ], [ 7.584981, 47.933333 ] ] ] } },
{ "type": "Feature", "properties": { "name": "BALE DELEG.LANGEN SW1.20", "nameV": "TMA BALE DELEG.LANGEN SW1.20", "class": "D", "type": "TMA", "lower": "3300FT AMSL", "lowerM": 1005, "upper": "FL100", "upperM": 3048, "desc": "By LANGEN ACC delegation. STAUFEN AREA", "activationCode": "H24", "UId": "35860853", "id": "LFSB22L.20", "stroke": "#ff0000", "stroke-width": 2, "stroke-opacity": 0.8, "fill": "#ff8080", "fill-opacity": 0.3 }, "geometry": { "type": "Polygon", "coordinates": [ [ [ 7.560292, 47.836792 ], [ 7.633208, 47.743256 ], [ 7.607694, 47.670696 ], [ 7.593391, 47.68922 ], [ 7.53339507911801, 47.766759043624532 ], [ 7.530867, 47.771344 ], [ 7.529769, 47.779389 ], [ 7.53155, 47.786994 ], [ 7.54385, 47.808664 ], [ 7.549786, 47.823272 ], [ 7.560292, 47.836792 ] ] ] } },
{ "type": "Feature", "properties": { "name": "BALE DELEG.LANGEN SW1.30", "nameV": "TMA BALE DELEG.LANGEN SW1.30", "class": "E", "type": "TMA", "lower": "1000FT AGL", "ordinalLowerM": 304, "lowerM": 304, "upper": "3300FT AMSL", "upperM": 1005, "groundEstimatedHeight": [ 0, 0, 0, 0 ], "UId": "35860857", "id": "LFSB22L.30", "stroke": "#008040", "stroke-width": 2, "stroke-opacity": 0.8, "fill": "#80ff80", "fill-opacity": 0.2 }, "geometry": { "type": "Polygon", "coordinates": [ [ [ 7.560292, 47.836792 ], [ 7.633208, 47.743256 ], [ 7.607694, 47.670696 ], [ 7.593391, 47.68922 ], [ 7.53339507911801, 47.766759043624532 ], [ 7.530867, 47.771344 ], [ 7.529769, 47.779389 ], [ 7.53155, 47.786994 ], [ 7.54385, 47.808664 ], [ 7.549786, 47.823272 ], [ 7.560292, 47.836792 ] ] ] } },
{ "type": "Feature", "properties": { "name": "BALE DELEG.LANGEN SW2 ALLEMANDE.20", "nameV": "TMA BALE DELEG.LANGEN SW2 ALLEMANDE.20", "class": "D", "type": "TMA", "lower": "4500FT AMSL", "lowerM": 1371, "upper": "FL100", "upperM": 3048, "desc": "By LANGEN ACC delegation. STAUFEN ARE", "activationCode": "H24", "UId": "35860867", "id": "LFSB23L.20", "stroke": "#ff0000", "stroke-width": 2, "stroke-opacity": 0.8, "fill": "#ff8080", "fill-opacity": 0.3 }, "geometry": { "type": "Polygon", "coordinates": [ [ [ 7.633208, 47.743256 ], [ 7.755278, 47.586667 ], [ 7.686944, 47.567778 ], [ 7.686909238850054, 47.567823880870584 ], [ 7.687231, 47.568469 ], [ 7.688528, 47.569889 ], [ 7.688994, 47.570267 ], [ 7.689703, 47.571506 ], [ 7.6894, 47.571819 ], [ 7.689044, 47.572425 ], [ 7.686919, 47.572833 ], [ 7.685617, 47.573042 ], [ 7.6844, 47.573783 ], [ 7.683733, 47.573875 ], [ 7.683875, 47.575628 ], [ 7.683881, 47.576661 ], [ 7.683044, 47.57705 ], [ 7.682022, 47.577458 ], [ 7.6817, 47.579364 ], [ 7.681336, 47.580983 ], [ 7.680917, 47.582722 ], [ 7.678992, 47.583264 ], [ 7.677, 47.583736 ], [ 7.674969, 47.584192 ], [ 7.674084088117342, 47.584511244252113 ], [ 7.674084, 47.584511 ], [ 7.67188070771811, 47.587376476666684 ], [ 7.673364, 47.588286 ], [ 7.675461, 47.589944 ], [ 7.677433, 47.591317 ], [ 7.679325, 47.592094 ], [ 7.680364, 47.592814 ], [ 7.681433, 47.593828 ], [ 7.681994, 47.59425 ], [ 7.682928, 47.595147 ], [ 7.683664, 47.596 ], [ 7.684664, 47.596653 ], [ 7.6865, 47.596919 ], [ 7.688694, 47.597336 ], [ 7.690225, 47.597558 ], [ 7.692028, 47.598706 ], [ 7.693028, 47.599469 ], [ 7.693725, 47.600772 ], [ 7.6933, 47.600925 ], [ 7.691631, 47.599581 ], [ 7.690567, 47.599178 ], [ 7.689328, 47.598819 ], [ 7.687997, 47.598597 ], [ 7.687106, 47.598672 ], [ 7.684847, 47.598722 ], [ 7.682983, 47.598475 ], [ 7.682342, 47.597892 ], [ 7.68165, 47.597333 ], [ 7.680678, 47.597156 ], [ 7.679742, 47.59635 ], [ 7.678078, 47.595336 ], [ 7.676847, 47.594306 ], [ 7.676075, 47.593542 ], [ 7.675514, 47.593047 ], [ 7.675111, 47.591969 ], [ 7.673714, 47.591908 ], [ 7.672211, 47.591886 ], [ 7.668375002852795, 47.59192825895839 ], [ 7.668375, 47.591928 ], [ 7.607694, 47.670696 ], [ 7.633208, 47.743256 ] ] ] } },
{ "type": "Feature", "properties": { "name": "BALE DELEG.LANGEN SW2 ALLEMANDE.30", "nameV": "TMA BALE DELEG.LANGEN SW2 ALLEMANDE.30", "class": "E", "type": "TMA", "lower": "1000FT AGL", "ordinalLowerM": 304, "lowerM": 304, "upper": "4500FT AMSL", "upperM": 1371, "groundEstimatedHeight": [ 0, 0, 0, 0 ], "desc": "By LANGEN ACC delegation. STAUFEN AREA", "activationCode": "H24", "UId": "35860871", "id": "LFSB23L.30", "stroke": "#008040", "stroke-width": 2, "stroke-opacity": 0.8, "fill": "#80ff80", "fill-opacity": 0.2 }, "geometry": { "type": "Polygon", "coordinates": [ [ [ 7.633208, 47.743256 ], [ 7.755278, 47.586667 ], [ 7.686944, 47.567778 ], [ 7.686909238850054, 47.567823880870584 ], [ 7.687231, 47.568469 ], [ 7.688528, 47.569889 ], [ 7.688994, 47.570267 ], [ 7.689703, 47.571506 ], [ 7.6894, 47.571819 ], [ 7.689044, 47.572425 ], [ 7.686919, 47.572833 ], [ 7.685617, 47.573042 ], [ 7.6844, 47.573783 ], [ 7.683733, 47.573875 ], [ 7.683875, 47.575628 ], [ 7.683881, 47.576661 ], [ 7.683044, 47.57705 ], [ 7.682022, 47.577458 ], [ 7.6817, 47.579364 ], [ 7.681336, 47.580983 ], [ 7.680917, 47.582722 ], [ 7.678992, 47.583264 ], [ 7.677, 47.583736 ], [ 7.674969, 47.584192 ], [ 7.674084088117342, 47.584511244252113 ], [ 7.674084, 47.584511 ], [ 7.67188070771811, 47.587376476666684 ], [ 7.673364, 47.588286 ], [ 7.675461, 47.589944 ], [ 7.677433, 47.591317 ], [ 7.679325, 47.592094 ], [ 7.680364, 47.592814 ], [ 7.681433, 47.593828 ], [ 7.681994, 47.59425 ], [ 7.682928, 47.595147 ], [ 7.683664, 47.596 ], [ 7.684664, 47.596653 ], [ 7.6865, 47.596919 ], [ 7.688694, 47.597336 ], [ 7.690225, 47.597558 ], [ 7.692028, 47.598706 ], [ 7.693028, 47.599469 ], [ 7.693725, 47.600772 ], [ 7.6933, 47.600925 ], [ 7.691631, 47.599581 ], [ 7.690567, 47.599178 ], [ 7.689328, 47.598819 ], [ 7.687997, 47.598597 ], [ 7.687106, 47.598672 ], [ 7.684847, 47.598722 ], [ 7.682983, 47.598475 ], [ 7.682342, 47.597892 ], [ 7.68165, 47.597333 ], [ 7.680678, 47.597156 ], [ 7.679742, 47.59635 ], [ 7.678078, 47.595336 ], [ 7.676847, 47.594306 ], [ 7.676075, 47.593542 ], [ 7.675514, 47.593047 ], [ 7.675111, 47.591969 ], [ 7.673714, 47.591908 ], [ 7.672211, 47.591886 ], [ 7.668375002852795, 47.59192825895839 ], [ 7.668375, 47.591928 ], [ 7.607694, 47.670696 ], [ 7.633208, 47.743256 ] ] ] } },
{ "type": "Feature", "properties": { "name": "BALE DELEG.LANGEN SW2 PART1 SUISSE.20", "nameV": "TMA BALE DELEG.LANGEN SW2 PART1 SUISSE.20", "class": "D", "type": "TMA", "lower": "4500FT AMSL", "lowerM": 1371, "upper": "FL100", "upperM": 3048, "desc": "By LANGEN ACC delegation. STAUFEN AREA", "activationCode": "H24", "UId": "35860892", "id": "LFSB24L.20", "stroke": "#ff0000", "stroke-width": 2, "stroke-opacity": 0.8, "fill": "#ff8080", "fill-opacity": 0.3 }, "geometry": { "type": "Polygon", "coordinates": [ [ [ 7.668375002852795, 47.59192825895839 ], [ 7.672211, 47.591886 ], [ 7.673714, 47.591908 ], [ 7.675111, 47.591969 ], [ 7.675514, 47.593047 ], [ 7.676075, 47.593542 ], [ 7.676847, 47.594306 ], [ 7.678078, 47.595336 ], [ 7.679742, 47.59635 ], [ 7.680678, 47.597156 ], [ 7.68165, 47.597333 ], [ 7.682342, 47.597892 ], [ 7.682983, 47.598475 ], [ 7.684847, 47.598722 ], [ 7.687106, 47.598672 ], [ 7.687997, 47.598597 ], [ 7.689328, 47.598819 ], [ 7.690567, 47.599178 ], [ 7.691631, 47.599581 ], [ 7.6933, 47.600925 ], [ 7.693725, 47.600772 ], [ 7.693028, 47.599469 ], [ 7.692028, 47.598706 ], [ 7.690225, 47.597558 ], [ 7.688694, 47.597336 ], [ 7.6865, 47.596919 ], [ 7.684664, 47.596653 ], [ 7.683664, 47.596 ], [ 7.682928, 47.595147 ], [ 7.681994, 47.59425 ], [ 7.681433, 47.593828 ], [ 7.680364, 47.592814 ], [ 7.679325, 47.592094 ], [ 7.677433, 47.591317 ], [ 7.675461, 47.589944 ], [ 7.673364, 47.588286 ], [ 7.67188070771811, 47.587376476666684 ], [ 7.671881, 47.587376 ], [ 7.668375002852795, 47.59192825895839 ] ] ] } },
{ "type": "Feature", "properties": { "name": "LIMOGES 1.2", "nameV": "TMA LIMOGES 1.2", "class": "E", "type": "TMA", "lower": "1000FT AGL", "ordinalLowerM": 304, "lowerM": 304, "upper": "FL115", "upperM": 3505, "groundEstimatedHeight": [ 0, 0, 0, 0 ], "desc": "Except for TMA 1.1 and LF-R 51 when active.", "activationCode": "TIMSH", "activationDesc": "MON: 0500-2359 TUE: 0000 to FRI 2359 SAT: 0000-2200 SUN, HOL: 0700-2200 SUM: -1 HR.", "UId": "36095634", "id": "LFBL1.2", "stroke": "#008040", "stroke-width": 2, "stroke-opacity": 0.8, "fill": "#80ff80", "fill-opacity": 0.2 }, "geometry": { "type": "Polygon", "coordinates": [ [ [ 0.916667, 46.153333 ], [ 1.546667, 46.238889 ], [ 1.691667, 45.869444 ], [ 1.341667, 45.695833 ], [ 1.018333, 45.699444 ], [ 1.018299, 45.699271 ], [ 1.015414, 45.699376 ], [ 1.012532, 45.699516 ], [ 1.009655, 45.69969 ], [ 1.006781, 45.699899 ], [ 1.003914, 45.700143 ], [ 1.001053, 45.700421 ], [ 0.998199, 45.700733 ], [ 0.995354, 45.70108 ], [ 0.992517, 45.701461 ], [ 0.98969, 45.701876 ], [ 0.986874, 45.702325 ], [ 0.984069, 45.702808 ], [ 0.981277, 45.703325 ], [ 0.978497, 45.703875 ], [ 0.975732, 45.704458 ], [ 0.972981, 45.705075 ], [ 0.970247, 45.705725 ], [ 0.967528, 45.706408 ], [ 0.964827, 45.707123 ], [ 0.962144, 45.70787 ], [ 0.959479, 45.70865 ], [ 0.956834, 45.709462 ], [ 0.95421, 45.710306 ], [ 0.951607, 45.711181 ], [ 0.949025, 45.712087 ], [ 0.946467, 45.713024 ], [ 0.943932, 45.713992 ], [ 0.941421, 45.71499 ], [ 0.938935, 45.716019 ], [ 0.936475, 45.717077 ], [ 0.934041, 45.718164 ], [ 0.931635, 45.719281 ], [ 0.929256, 45.720427 ], [ 0.926906, 45.721601 ], [ 0.924585, 45.722803 ], [ 0.922295, 45.724033 ], [ 0.920035, 45.72529 ], [ 0.917806, 45.726574 ], [ 0.915609, 45.727885 ], [ 0.913445, 45.729222 ], [ 0.911315, 45.730585 ], [ 0.909218, 45.731974 ], [ 0.907156, 45.733388 ], [ 0.905129, 45.734826 ], [ 0.903138, 45.736288 ], [ 0.901183, 45.737774 ], [ 0.899265, 45.739284 ], [ 0.897385, 45.740816 ], [ 0.895543, 45.742371 ], [ 0.893739, 45.743948 ], [ 0.891975, 45.745546 ], [ 0.890251, 45.747165 ], [ 0.888566, 45.748805 ], [ 0.886923, 45.750464 ], [ 0.885321, 45.752144 ], [ 0.88376, 45.753842 ], [ 0.882242, 45.755559 ], [ 0.880766, 45.757294 ], [ 0.879333, 45.759046 ], [ 0.877944, 45.760816 ], [ 0.876599, 45.762601 ], [ 0.875298, 45.764403 ], [ 0.874042, 45.76622 ], [ 0.872831, 45.768053 ], [ 0.871665, 45.769899 ], [ 0.870546, 45.771759 ], [ 0.869472, 45.773632 ], [ 0.868445, 45.775518 ], [ 0.867465, 45.777416 ], [ 0.866532, 45.779326 ], [ 0.865646, 45.781246 ], [ 0.864808, 45.783177 ], [ 0.864018, 45.785118 ], [ 0.863276, 45.787068 ], [ 0.862582, 45.789027 ], [ 0.861937, 45.790993 ], [ 0.861341, 45.792967 ], [ 0.860793, 45.794948 ], [ 0.860295, 45.796936 ], [ 0.859846, 45.798929 ], [ 0.86, 45.798889 ], [ 0.86, 45.798889 ], [ 0.908333, 45.841667 ], [ 0.916667, 46.153333 ] ] ] } },
{ "type": "Feature", "properties": { "name": "LIMOGES 1.1", "nameV": "TMA LIMOGES 1.1 (SeeNotam)", "class": "D", "type": "TMA", "lower": "1000FT AGL", "ordinalLowerM": 304, "lowerM": 304, "upper": "4000FT AMSL", "upperM": 1219, "groundEstimatedHeight": [ 0, 0, 0, 0 ], "desc": "The TMA 1.1 is likely to be maintained active without NOTAM within an hour after the end of SKED. Actual activity known on TWR FREQ and ATIS. Except for LF-R 51 when active.", "activationCode": "TIMSH", "activationDesc": "MON: 0500-2359 TUE: 0000 to FRI 2359 SAT: 0000-2200 SUN, HOL: 0700-2200 SUM: -1 HR.", "declassifiable": true, "UId": "36095618", "id": "LFBL1.1", "stroke": "#ff0000", "stroke-width": 2, "stroke-opacity": 0.8, "fill": "#ffb9dc", "fill-opacity": 0.3 }, "geometry": { "type": "Polygon", "coordinates": [ [ [ 1.277222, 46.056944 ], [ 1.399444, 46.004444 ], [ 1.111944, 45.698611 ], [ 1.016111, 45.699444 ], [ 0.963889, 45.723056 ], [ 1.277222, 46.056944 ] ] ] } },
{ "type": "Feature", "properties": { "name": "LIMOGES 2", "nameV": "TMA LIMOGES 2", "class": "E", "type": "TMA", "lower": "3000FT AMSL", "lowerM": 914, "upper": "FL115", "upperM": 3505, "activationCode": "TIMSH", "activationDesc": "MON: 0500-2359 TUE: 0000 to FRI 2359 SAT: 0000-2200 SUN, HOL: 0700-2200 SUM-1HR", "UId": "1561037", "id": "LFBL2", "stroke": "#008040", "stroke-width": 2, "stroke-opacity": 0.8, "fill": "#80ff80", "fill-opacity": 0.2 }, "geometry": { "type": "Polygon", "coordinates": [ [ [ 0.86, 45.798889 ], [ 0.859846, 45.798929 ], [ 0.860295, 45.796936 ], [ 0.860793, 45.794948 ], [ 0.861341, 45.792967 ], [ 0.861937, 45.790993 ], [ 0.862582, 45.789027 ], [ 0.863276, 45.787068 ], [ 0.864018, 45.785118 ], [ 0.864808, 45.783177 ], [ 0.865646, 45.781246 ], [ 0.866532, 45.779326 ], [ 0.867465, 45.777416 ], [ 0.868445, 45.775518 ], [ 0.869472, 45.773632 ], [ 0.870546, 45.771759 ], [ 0.871665, 45.769899 ], [ 0.872831, 45.768053 ], [ 0.874042, 45.76622 ], [ 0.875298, 45.764403 ], [ 0.876599, 45.762601 ], [ 0.877944, 45.760816 ], [ 0.879333, 45.759046 ], [ 0.880766, 45.757294 ], [ 0.882242, 45.755559 ], [ 0.88376, 45.753842 ], [ 0.885321, 45.752144 ], [ 0.886923, 45.750464 ], [ 0.888566, 45.748805 ], [ 0.890251, 45.747165 ], [ 0.891975, 45.745546 ], [ 0.893739, 45.743948 ], [ 0.895543, 45.742371 ], [ 0.897385, 45.740816 ], [ 0.899265, 45.739284 ], [ 0.901183, 45.737774 ], [ 0.903138, 45.736288 ], [ 0.905129, 45.734826 ], [ 0.907156, 45.733388 ], [ 0.909218, 45.731974 ], [ 0.911315, 45.730585 ], [ 0.913445, 45.729222 ], [ 0.915609, 45.727885 ], [ 0.917806, 45.726574 ], [ 0.920035, 45.72529 ], [ 0.922295, 45.724033 ], [ 0.924585, 45.722803 ], [ 0.926906, 45.721601 ], [ 0.929256, 45.720427 ], [ 0.931635, 45.719281 ], [ 0.934041, 45.718164 ], [ 0.936475, 45.717077 ], [ 0.938935, 45.716019 ], [ 0.941421, 45.71499 ], [ 0.943932, 45.713992 ], [ 0.946467, 45.713024 ], [ 0.949025, 45.712087 ], [ 0.951607, 45.711181 ], [ 0.95421, 45.710306 ], [ 0.956834, 45.709462 ], [ 0.959479, 45.70865 ], [ 0.962144, 45.70787 ], [ 0.964827, 45.707123 ], [ 0.967528, 45.706408 ], [ 0.970247, 45.705725 ], [ 0.972981, 45.705075 ], [ 0.975732, 45.704458 ], [ 0.978497, 45.703875 ], [ 0.981277, 45.703325 ], [ 0.984069, 45.702808 ], [ 0.986874, 45.702325 ], [ 0.98969, 45.701876 ], [ 0.992517, 45.701461 ], [ 0.995354, 45.70108 ], [ 0.998199, 45.700733 ], [ 1.001053, 45.700421 ], [ 1.003914, 45.700143 ], [ 1.006781, 45.699899 ], [ 1.009655, 45.69969 ], [ 1.012532, 45.699516 ], [ 1.015414, 45.699376 ], [ 1.018299, 45.699271 ], [ 1.018333, 45.699444 ], [ 1.018333, 45.699444 ], [ 1.341667, 45.695833 ], [ 1.261667, 45.565278 ], [ 1.262432, 45.565288 ], [ 1.25445, 45.561698 ], [ 1.246359, 45.558233 ], [ 1.23816, 45.554893 ], [ 1.22986, 45.55168 ], [ 1.22146, 45.548596 ], [ 1.212967, 45.545642 ], [ 1.204383, 45.54282 ], [ 1.195713, 45.540131 ], [ 1.186961, 45.537576 ], [ 1.178131, 45.535157 ], [ 1.169227, 45.532874 ], [ 1.160255, 45.530729 ], [ 1.151217, 45.528722 ], [ 1.142119, 45.526856 ], [ 1.132965, 45.52513 ], [ 1.123759, 45.523546 ], [ 1.114506, 45.522104 ], [ 1.105211, 45.520805 ], [ 1.095876, 45.519649 ], [ 1.086508, 45.518638 ], [ 1.077111, 45.517771 ], [ 1.067689, 45.51705 ], [ 1.058246, 45.516474 ], [ 1.048788, 45.516043 ], [ 1.039319, 45.515758 ], [ 1.029843, 45.51562 ], [ 1.020365, 45.515627 ], [ 1.01089, 45.51578 ], [ 1.001421, 45.51608 ], [ 0.991965, 45.516525 ], [ 0.982524, 45.517116 ], [ 0.973104, 45.517852 ], [ 0.96371, 45.518734 ], [ 0.954345, 45.51976 ], [ 0.945014, 45.52093 ], [ 0.935722, 45.522243 ], [ 0.926474, 45.5237 ], [ 0.917273, 45.525298 ], [ 0.908125, 45.527038 ], [ 0.899033, 45.528919 ], [ 0.890002, 45.530939 ], [ 0.881036, 45.533098 ], [ 0.87214, 45.535395 ], [ 0.863317, 45.537828 ], [ 0.854573, 45.540397 ], [ 0.845912, 45.543099 ], [ 0.837337, 45.545935 ], [ 0.828852, 45.548902 ], [ 0.820463, 45.551999 ], [ 0.812172, 45.555225 ], [ 0.803985, 45.558577 ], [ 0.795904, 45.562056 ], [ 0.787934, 45.565657 ], [ 0.780079, 45.569381 ], [ 0.772342, 45.573225 ], [ 0.764727, 45.577187 ], [ 0.757239, 45.581266 ], [ 0.74988, 45.585459 ], [ 0.742654, 45.589764 ], [ 0.735565, 45.59418 ], [ 0.728616, 45.598704 ], [ 0.721811, 45.603334 ], [ 0.715152, 45.608068 ], [ 0.708644, 45.612903 ], [ 0.702289, 45.617837 ], [ 0.69609, 45.622868 ], [ 0.690051, 45.627994 ], [ 0.684174, 45.633211 ], [ 0.685, 45.633056 ], [ 0.685, 45.633056 ], [ 0.86, 45.798889 ] ] ] } },
{ "type": "Feature", "properties": { "name": "LIMOGES 3", "nameV": "TMA LIMOGES 3", "class": "E", "type": "TMA", "lower": "4000FT AMSL", "lowerM": 1219, "upper": "FL115", "upperM": 3505, "desc": "Except for LF-R167 B when active.", "activationCode": "TIMSH", "activationDesc": "MON: 0500-2359 TUE: 0000 to FRI 2359 SAT: 0000-2200 SUN, HOL: 0700-2200 SUM-1HR", "UId": "1561041", "id": "LFBL3", "stroke": "#008040", "stroke-width": 2, "stroke-opacity": 0.8, "fill": "#80ff80", "fill-opacity": 0.2 }, "geometry": { "type": "Polygon", "coordinates": [ [ [ 0.919444, 46.438889 ], [ 2.198333, 46.333333 ], [ 2.198333, 46.124444 ], [ 1.691667, 45.869444 ], [ 1.546667, 46.238889 ], [ 0.916667, 46.153333 ], [ 0.919444, 46.438889 ] ] ] } },
{ "type": "Feature", "properties": { "name": "LIMOGES 4", "nameV": "TMA LIMOGES 4", "class": "E", "type": "TMA", "lower": "2300FT AMSL", "lowerM": 701, "upper": "4300FT AMSL", "upperM": 1310, "desc": "Except for COGNAC CTA or LF R 49 E2 and LF R 102 when active.", "activationCode": "TIMSH", "activationDesc": "MON: 0500-2359 TUE: 0000 to FRI 2359 SAT: 0000-2200 SUN, HOL: 0700-2200 SUM-1HR", "UId": "1562835", "id": "LFBL4", "stroke": "#008040", "stroke-width": 2, "stroke-opacity": 0.8, "fill": "#80ff80", "fill-opacity": 0.2 }, "geometry": { "type": "Polygon", "coordinates": [ [ [ -0.073056, 45.821944 ], [ 0.133333, 45.813611 ], [ 0.258333, 45.808611 ], [ 0.55, 45.795556 ], [ 0.91, 45.909167 ], [ 0.908333, 45.841667 ], [ 0.8425, 45.7825 ], [ 0.65, 45.598889 ], [ 0.547778, 45.501111 ], [ 0.437778, 45.608333 ], [ -0.1, 45.632222 ], [ -0.150278, 45.666667 ], [ -0.149732, 45.666667 ], [ -0.149769, 45.667016 ], [ -0.149807, 45.667366 ], [ -0.149848, 45.667715 ], [ -0.149889, 45.668065 ], [ -0.149932, 45.668414 ], [ -0.149977, 45.668763 ], [ -0.150023, 45.669113 ], [ -0.150071, 45.669462 ], [ -0.15012, 45.669811 ], [ -0.150171, 45.67016 ], [ -0.150223, 45.670508 ], [ -0.150276, 45.670857 ], [ -0.150332, 45.671205 ], [ -0.150388, 45.671554 ], [ -0.150446, 45.671902 ], [ -0.150506, 45.67225 ], [ -0.150567, 45.672598 ], [ -0.15063, 45.672946 ], [ -0.150694, 45.673294 ], [ -0.150759, 45.673642 ], [ -0.150826, 45.673989 ], [ -0.150895, 45.674337 ], [ -0.150965, 45.674684 ], [ -0.151037, 45.675031 ], [ -0.15111, 45.675378 ], [ -0.151184, 45.675725 ], [ -0.15126, 45.676071 ], [ -0.151338, 45.676418 ], [ -0.151417, 45.676764 ], [ -0.151497, 45.67711 ], [ -0.151579, 45.677456 ], [ -0.151663, 45.677802 ], [ -0.151748, 45.678147 ], [ -0.151834, 45.678493 ], [ -0.151922, 45.678838 ], [ -0.152011, 45.679183 ], [ -0.152102, 45.679528 ], [ -0.152195, 45.679873 ], [ -0.152288, 45.680217 ], [ -0.152384, 45.680561 ], [ -0.152481, 45.680905 ], [ -0.152579, 45.681249 ], [ -0.152679, 45.681593 ], [ -0.15278, 45.681936 ], [ -0.152882, 45.68228 ], [ -0.152987, 45.682623 ], [ -0.153092, 45.682965 ], [ -0.153199, 45.683308 ], [ -0.153308, 45.68365 ], [ -0.153418, 45.683992 ], [ -0.15353, 45.684334 ], [ -0.153643, 45.684676 ], [ -0.153757, 45.685017 ], [ -0.153873, 45.685359 ], [ -0.15399, 45.6857 ], [ -0.154109, 45.68604 ], [ -0.154229, 45.686381 ], [ -0.154351, 45.686721 ], [ -0.154474, 45.687061 ], [ -0.154599, 45.6874 ], [ -0.154725, 45.68774 ], [ -0.154853, 45.688079 ], [ -0.154982, 45.688418 ], [ -0.155112, 45.688756 ], [ -0.155244, 45.689095 ], [ -0.155378, 45.689433 ], [ -0.155513, 45.689771 ], [ -0.155649, 45.690108 ], [ -0.155787, 45.690445 ], [ -0.155926, 45.690782 ], [ -0.156067, 45.691119 ], [ -0.156209, 45.691455 ], [ -0.156352, 45.691791 ], [ -0.156497, 45.692127 ], [ -0.156644, 45.692462 ], [ -0.156792, 45.692797 ], [ -0.156941, 45.693132 ], [ -0.157092, 45.693466 ], [ -0.157244, 45.693801 ], [ -0.157398, 45.694134 ], [ -0.157778, 45.694167 ], [ -0.157778, 45.694167 ], [ -0.073056, 45.821944 ] ] ] } },
{ "type": "Feature", "properties": { "name": "CAYENNE 1", "nameV": "TMA CAYENNE 1", "class": "E", "type": "TMA", "lower": "1500FT AGL", "ordinalLowerM": 457, "lowerM": 457, "upper": "FL245", "upperM": 7467, "groundEstimatedHeight": [ 0, 0, 0, 0 ], "desc": "Except for interfering part of SO-P 4 ROURA, SO-R 1, SO-R 3 CEFE, SO-R 5 BEAP, SO-R 6 SECTOR VSV, SO-D 2, SO-D 3, SO-D 10 A and B CONNETABLE and SO-D 11 A and B ROYALE when active.", "activationCode": "H24", "UId": "1563499", "id": "SOCA1", "stroke": "#008040", "stroke-width": 2, "stroke-opacity": 0.8, "fill": "#80ff80", "fill-opacity": 0.2 }, "geometry": { "type": "Polygon", "coordinates": [ [ [ -52.720833, 5.382778 ], [ -52.721235, 5.379643 ], [ -52.684654, 5.400706 ], [ -52.646809, 5.419425 ], [ -52.60785, 5.435727 ], [ -52.567934, 5.449546 ], [ -52.527219, 5.460827 ], [ -52.485869, 5.469525 ], [ -52.44405, 5.475605 ], [ -52.401927, 5.479042 ], [ -52.35967, 5.479824 ], [ -52.317449, 5.477946 ], [ -52.275431, 5.473416 ], [ -52.233784, 5.466253 ], [ -52.192677, 5.456484 ], [ -52.152272, 5.44415 ], [ -52.112731, 5.4293 ], [ -52.074213, 5.411992 ], [ -52.036872, 5.392296 ], [ -52.000856, 5.370291 ], [ -51.966309, 5.346066 ], [ -51.93337, 5.319715 ], [ -51.90217, 5.291346 ], [ -51.872832, 5.261071 ], [ -51.845475, 5.229012 ], [ -51.820207, 5.195296 ], [ -51.797129, 5.160059 ], [ -51.776332, 5.12344 ], [ -51.7579, 5.085587 ], [ -51.741904, 5.046649 ], [ -51.72841, 5.006784 ], [ -51.717469, 4.96615 ], [ -51.709126, 4.924908 ], [ -51.703412, 4.883224 ], [ -51.700351, 4.841264 ], [ -51.699954, 4.799195 ], [ -51.702222, 4.757185 ], [ -51.707145, 4.715401 ], [ -51.714704, 4.674011 ], [ -51.724868, 4.633178 ], [ -51.737596, 4.593065 ], [ -51.752836, 4.553833 ], [ -51.770528, 4.515638 ], [ -51.790602, 4.478631 ], [ -51.812975, 4.44296 ], [ -51.83756, 4.408768 ], [ -51.864259, 4.376189 ], [ -51.892963, 4.345355 ], [ -51.92356, 4.316387 ], [ -51.955927, 4.289401 ], [ -51.989935, 4.264505 ], [ -52.025449, 4.241797 ], [ -52.062327, 4.221367 ], [ -52.100423, 4.203298 ], [ -52.139585, 4.187661 ], [ -52.179656, 4.174517 ], [ -52.220479, 4.16392 ], [ -52.261889, 4.155912 ], [ -52.303724, 4.150524 ], [ -52.345815, 4.147778 ], [ -52.387996, 4.147685 ], [ -52.430099, 4.150244 ], [ -52.471957, 4.155447 ], [ -52.513403, 4.163272 ], [ -52.554272, 4.173688 ], [ -52.594402, 4.186654 ], [ -52.633633, 4.202118 ], [ -52.671809, 4.220018 ], [ -52.708777, 4.240284 ], [ -52.744392, 4.262835 ], [ -52.77851, 4.28758 ], [ -52.810997, 4.314422 ], [ -52.841723, 4.343254 ], [ -52.870564, 4.373961 ], [ -52.897407, 4.406421 ], [ -52.922144, 4.440505 ], [ -52.944677, 4.476076 ], [ -52.964914, 4.512993 ], [ -52.982777, 4.55111 ], [ -52.998192, 4.590274 ], [ -53.011098, 4.63033 ], [ -53.021444, 4.671118 ], [ -53.029187, 4.712474 ], [ -53.034297, 4.754236 ], [ -53.036752, 4.796236 ], [ -53.036542, 4.838306 ], [ -53.033668, 4.880279 ], [ -53.028141, 4.921988 ], [ -53.019981, 4.963266 ], [ -53.009222, 5.003949 ], [ -52.995905, 5.043873 ], [ -52.980084, 5.082881 ], [ -52.961821, 5.120815 ], [ -52.941188, 5.157526 ], [ -52.940556, 5.159444 ], [ -52.940556, 5.159444 ], [ -52.603889, 4.991667 ], [ -52.527778, 5.108333 ], [ -52.588889, 5.276389 ], [ -52.720833, 5.382778 ] ] ] } },
{ "type": "Feature", "properties": { "name": "ILES SOUS LE VENT", "nameV": "TMA ILES SOUS LE VENT Lower(700FT AGL-1500FT AMSL)", "class": "D", "type": "TMA", "lower": "1500FT AMSL", "lowerMin": "700FT AGL", "lowerM": 457, "upper": "FL195", "upperM": 5943, "desc": "Vertical limits, Lower limit: whichever is higher.", "activationCode": "H24", "UId": "1564907", "id": "NTAATMAB", "stroke": "#ff0000", "stroke-width": 2, "stroke-opacity": 0.8, "fill": "#ff8080", "fill-opacity": 0.3 }, "geometry": { "type": "Polygon", "coordinates": [ [ [ -151.909725, -15.824697 ], [ -150.625556, -16.4025 ], [ -150.009336, -16.807931 ], [ -150.009901, -16.811436 ], [ -150.021859, -16.817606 ], [ -150.033716, -16.823953 ], [ -150.045468, -16.830476 ], [ -150.057114, -16.837173 ], [ -150.068649, -16.844043 ], [ -150.080072, -16.851084 ], [ -150.09138, -16.858294 ], [ -150.102569, -16.865671 ], [ -150.113638, -16.873214 ], [ -150.124583, -16.880921 ], [ -150.135402, -16.88879 ], [ -150.146092, -16.896819 ], [ -150.156651, -16.905006 ], [ -150.167076, -16.913349 ], [ -150.177364, -16.921847 ], [ -150.187513, -16.930497 ], [ -150.197521, -16.939297 ], [ -150.207385, -16.948244 ], [ -150.217102, -16.957338 ], [ -150.226671, -16.966575 ], [ -150.236089, -16.975953 ], [ -150.245353, -16.985471 ], [ -150.254462, -16.995125 ], [ -150.263413, -17.004914 ], [ -150.272205, -17.014835 ], [ -150.280834, -17.024886 ], [ -150.289298, -17.035063 ], [ -150.297597, -17.045366 ], [ -150.305727, -17.055791 ], [ -150.313687, -17.066335 ], [ -150.321474, -17.076997 ], [ -150.329087, -17.087774 ], [ -150.336525, -17.098662 ], [ -150.343784, -17.10966 ], [ -150.350863, -17.120765 ], [ -150.357762, -17.131974 ], [ -150.364477, -17.143284 ], [ -150.371007, -17.154693 ], [ -150.37735, -17.166197 ], [ -150.383506, -17.177795 ], [ -150.389472, -17.189483 ], [ -150.395247, -17.201258 ], [ -150.40083, -17.213118 ], [ -150.406219, -17.225059 ], [ -150.411413, -17.237079 ], [ -150.41641, -17.249176 ], [ -150.42121, -17.261345 ], [ -150.42581, -17.273584 ], [ -150.430211, -17.28589 ], [ -150.43441, -17.29826 ], [ -150.438407, -17.310691 ], [ -150.442201, -17.32318 ], [ -150.445791, -17.335724 ], [ -150.449175, -17.34832 ], [ -150.452353, -17.360965 ], [ -150.455325, -17.373655 ], [ -150.458089, -17.386388 ], [ -150.460645, -17.399161 ], [ -150.462992, -17.411971 ], [ -150.465129, -17.424813 ], [ -150.467056, -17.437686 ], [ -150.468772, -17.450586 ], [ -150.470278, -17.46351 ], [ -150.471571, -17.476455 ], [ -150.472653, -17.489418 ], [ -150.473523, -17.502395 ], [ -150.47418, -17.515384 ], [ -150.474625, -17.52838 ], [ -150.474856, -17.541382 ], [ -150.474875, -17.554386 ], [ -150.474681, -17.567388 ], [ -150.474274, -17.580386 ], [ -150.473654, -17.593376 ], [ -150.472821, -17.606355 ], [ -150.471775, -17.619321 ], [ -150.470518, -17.632269 ], [ -150.469047, -17.645197 ], [ -150.467365, -17.658101 ], [ -150.465472, -17.670979 ], [ -150.463367, -17.683827 ], [ -150.461052, -17.696643 ], [ -150.458527, -17.709422 ], [ -150.455792, -17.722162 ], [ -150.452848, -17.734859 ], [ -150.449697, -17.747512 ], [ -150.446337, -17.760116 ], [ -150.442771, -17.772668 ], [ -150.438999, -17.785166 ], [ -150.435022, -17.797606 ], [ -150.430841, -17.809985 ], [ -150.426456, -17.8223 ], [ -150.42187, -17.834549 ], [ -150.417083, -17.846728 ], [ -150.412096, -17.858834 ], [ -150.40691, -17.870865 ], [ -150.405792, -17.872394 ], [ -150.405792, -17.872394 ], [ -152.060064, -16.794353 ], [ -152.060064, -16.410686 ], [ -152.237125, -16.2503 ], [ -151.909725, -15.824697 ] ] ] } },
{ "type": "Feature", "properties": { "name": "TAHITI 2", "nameV": "TMA TAHITI 2", "class": "D", "type": "TMA", "lower": "4500FT AMSL", "lowerM": 1371, "upper": "FL195", "upperM": 5943, "activationCode": "H24", "UId": "1565377", "id": "NTAATMA2", "stroke": "#ff0000", "stroke-width": 2, "stroke-opacity": 0.8, "fill": "#ff8080", "fill-opacity": 0.3 }, "geometry": { "type": "Polygon", "coordinates": [ [ [ -149.601514, -18.132781 ], [ -149.601303, -17.638058 ], [ -149.577142, -17.61885 ], [ -149.330794, -18.342633 ], [ -149.330392, -18.338989 ], [ -149.376751, -18.352021 ], [ -149.423802, -18.362599 ], [ -149.4714, -18.370688 ], [ -149.519398, -18.376266 ], [ -149.56765, -18.379313 ], [ -149.616005, -18.379822 ], [ -149.664317, -18.377791 ], [ -149.712434, -18.373225 ], [ -149.76021, -18.366138 ], [ -149.807498, -18.356554 ], [ -149.854151, -18.344501 ], [ -149.900026, -18.330015 ], [ -149.944983, -18.313143 ], [ -149.988883, -18.293936 ], [ -150.031592, -18.272452 ], [ -150.072979, -18.248758 ], [ -150.112916, -18.222928 ], [ -150.151283, -18.195039 ], [ -150.187962, -18.165178 ], [ -150.222842, -18.133436 ], [ -150.255816, -18.099912 ], [ -150.286785, -18.064707 ], [ -150.315655, -18.027929 ], [ -150.342339, -17.989692 ], [ -150.366756, -17.950111 ], [ -150.388834, -17.909309 ], [ -150.408507, -17.86741 ], [ -150.425717, -17.824541 ], [ -150.440413, -17.780834 ], [ -150.452551, -17.736422 ], [ -150.462097, -17.69144 ], [ -150.469024, -17.646026 ], [ -150.473313, -17.600316 ], [ -150.474953, -17.554451 ], [ -150.47394, -17.508569 ], [ -150.47028, -17.46281 ], [ -150.463986, -17.417313 ], [ -150.455079, -17.372215 ], [ -150.443587, -17.327653 ], [ -150.429548, -17.283762 ], [ -150.413006, -17.240675 ], [ -150.394012, -17.198521 ], [ -150.372625, -17.157429 ], [ -150.348912, -17.117522 ], [ -150.322946, -17.07892 ], [ -150.294805, -17.04174 ], [ -150.264576, -17.006095 ], [ -150.232352, -16.97209 ], [ -150.19823, -16.939829 ], [ -150.162314, -16.909408 ], [ -150.124712, -16.88092 ], [ -150.085538, -16.854449 ], [ -150.044911, -16.830076 ], [ -150.002953, -16.807872 ], [ -149.959791, -16.787906 ], [ -149.915553, -16.770237 ], [ -149.870374, -16.754917 ], [ -149.824389, -16.741994 ], [ -149.777735, -16.731505 ], [ -149.730553, -16.723482 ], [ -149.682985, -16.717949 ], [ -149.635172, -16.714923 ], [ -149.587259, -16.714413 ], [ -149.539388, -16.71642 ], [ -149.491703, -16.720938 ], [ -149.444348, -16.727954 ], [ -149.397463, -16.737447 ], [ -149.35119, -16.749388 ], [ -149.305668, -16.763742 ], [ -149.261033, -16.780465 ], [ -149.217419, -16.799507 ], [ -149.174957, -16.820811 ], [ -149.133775, -16.844314 ], [ -149.093998, -16.869944 ], [ -149.055745, -16.897624 ], [ -149.019133, -16.927272 ], [ -148.984271, -16.958799 ], [ -148.951265, -16.992109 ], [ -148.920216, -17.027102 ], [ -148.891218, -17.063674 ], [ -148.864361, -17.101713 ], [ -148.839725, -17.141105 ], [ -148.817387, -17.181732 ], [ -148.797416, -17.22347 ], [ -148.779873, -17.266195 ], [ -148.764814, -17.309776 ], [ -148.752285, -17.354082 ], [ -148.742327, -17.398979 ], [ -148.734971, -17.444331 ], [ -148.730241, -17.49 ], [ -148.728154, -17.535849 ], [ -148.728719, -17.581738 ], [ -148.731935, -17.627527 ], [ -148.737794, -17.673078 ], [ -148.746282, -17.718252 ], [ -148.747394, -17.719078 ], [ -148.747394, -17.719078 ], [ -149.003944, -17.667994 ], [ -149.003097, -17.667428 ], [ -148.996526, -17.632121 ], [ -148.992247, -17.596497 ], [ -148.990276, -17.560689 ], [ -148.990618, -17.524833 ], [ -148.99327, -17.489066 ], [ -148.998221, -17.453521 ], [ -149.005452, -17.418334 ], [ -149.014932, -17.383637 ], [ -149.026627, -17.349561 ], [ -149.040489, -17.316235 ], [ -149.056466, -17.283784 ], [ -149.074496, -17.252331 ], [ -149.094511, -17.221994 ], [ -149.116434, -17.192888 ], [ -149.140182, -17.165122 ], [ -149.165665, -17.1388 ], [ -149.192785, -17.114021 ], [ -149.221441, -17.090879 ], [ -149.251525, -17.06946 ], [ -149.282923, -17.049844 ], [ -149.315517, -17.032107 ], [ -149.349183, -17.016313 ], [ -149.383797, -17.002522 ], [ -149.419226, -16.990787 ], [ -149.45534, -16.98115 ], [ -149.492001, -16.973649 ], [ -149.529073, -16.968311 ], [ -149.566417, -16.965156 ], [ -149.603892, -16.964197 ], [ -149.641358, -16.965436 ], [ -149.678674, -16.968869 ], [ -149.715702, -16.974483 ], [ -149.752301, -16.982258 ], [ -149.788335, -16.992163 ], [ -149.823668, -17.004163 ], [ -149.858168, -17.018211 ], [ -149.891706, -17.034255 ], [ -149.924154, -17.052236 ], [ -149.955391, -17.072084 ], [ -149.9853, -17.093727 ], [ -150.013766, -17.117082 ], [ -150.040684, -17.142063 ], [ -150.065952, -17.168574 ], [ -150.089472, -17.196517 ], [ -150.111157, -17.225786 ], [ -150.130924, -17.256271 ], [ -150.148697, -17.287857 ], [ -150.164408, -17.320426 ], [ -150.177997, -17.353854 ], [ -150.189413, -17.388016 ], [ -150.198609, -17.422783 ], [ -150.205551, -17.458023 ], [ -150.210211, -17.493604 ], [ -150.21257, -17.52939 ], [ -150.212618, -17.565247 ], [ -150.210352, -17.601039 ], [ -150.205781, -17.636631 ], [ -150.198921, -17.671887 ], [ -150.189795, -17.706674 ], [ -150.178437, -17.74086 ], [ -150.16489, -17.774316 ], [ -150.149203, -17.806914 ], [ -150.131434, -17.83853 ], [ -150.111651, -17.869045 ], [ -150.089927, -17.898341 ], [ -150.066344, -17.926309 ], [ -150.040991, -17.952841 ], [ -150.013964, -17.977836 ], [ -149.985365, -18.0012 ], [ -149.955303, -18.022842 ], [ -149.92389, -18.04268 ], [ -149.891248, -18.06064 ], [ -149.8575, -18.076651 ], [ -149.822775, -18.090653 ], [ -149.787205, -18.102594 ], [ -149.750925, -18.112426 ], [ -149.714075, -18.120112 ], [ -149.676794, -18.125624 ], [ -149.639226, -18.128939 ], [ -149.601514, -18.130046 ], [ -149.601514, -18.132781 ] ] ] } },
{ "type": "Feature", "properties": { "name": "BALE DELEG.ZURICH-AZ3 ALLEMANDE NORD.20", "nameV": "TMA BALE DELEG.ZURICH-AZ3 ALLEMANDE NORD.20", "class": "E", "type": "TMA", "lower": "2500FT AGL", "ordinalLowerM": 762, "lowerM": 762, "upper": "FL100", "upperM": 3048, "groundEstimatedHeight": [ 0, 0, 0, 0 ], "desc": "By ZURICH ACC delegation.", "activationCode": "H24", "UId": "37692768", "id": "LFSBDZZ3DN", "stroke": "#008040", "stroke-width": 2, "stroke-opacity": 0.8, "fill": "#80ff80", "fill-opacity": 0.2 }, "geometry": { "type": "Polygon", "coordinates": [ [ [ 7.755278, 47.586667 ], [ 7.759095, 47.560665 ], [ 7.698787, 47.539981 ], [ 7.686944, 47.567778 ], [ 7.755278, 47.586667 ] ] ] } },
{ "type": "Feature", "properties": { "name": "BALE DELEG.ZURICH-AZ3 ALLEMANDE SUD.20", "nameV": "TMA BALE DELEG.ZURICH-AZ3 ALLEMANDE SUD.20", "class": "E", "type": "TMA", "lower": "2500FT AGL", "ordinalLowerM": 762, "lowerM": 762, "upper": "6500FT AMSL", "upperM": 1981, "groundEstimatedHeight": [ 0, 0, 0, 0 ], "desc": "By ZURICH ACC delegation.", "activationCode": "H24", "UId": "37693005", "id": "LFSBDZZ3DS", "stroke": "#008040", "stroke-width": 2, "stroke-opacity": 0.8, "fill": "#80ff80", "fill-opacity": 0.2 }, "geometry": { "type": "Polygon", "coordinates": [ [ [ 7.698787, 47.539981 ], [ 7.759095, 47.560665 ], [ 7.760788864981793, 47.549118463834098 ], [ 7.759925, 47.548867 ], [ 7.758633, 47.5486 ], [ 7.757569, 47.548242 ], [ 7.757061, 47.547947 ], [ 7.756033, 47.54705 ], [ 7.755525, 47.546422 ], [ 7.755097, 47.546064 ], [ 7.754364, 47.545597 ], [ 7.752794, 47.545064 ], [ 7.751794, 47.544678 ], [ 7.749908, 47.544306 ], [ 7.749308, 47.544192 ], [ 7.748869, 47.544175 ], [ 7.748472, 47.544058 ], [ 7.745814, 47.543842 ], [ 7.744683, 47.543664 ], [ 7.743728, 47.543694 ], [ 7.742731, 47.543606 ], [ 7.7418, 47.543447 ], [ 7.739767, 47.543317 ], [ 7.738769, 47.543139 ], [ 7.737814, 47.543053 ], [ 7.736683, 47.543036 ], [ 7.735381, 47.54295 ], [ 7.734292, 47.542819 ], [ 7.732856, 47.542706 ], [ 7.732033, 47.542753 ], [ 7.730997, 47.542647 ], [ 7.729908, 47.542578 ], [ 7.728911, 47.542581 ], [ 7.726519, 47.542433 ], [ 7.72535, 47.5423 ], [ 7.723756, 47.542233 ], [ 7.722, 47.54195 ], [ 7.719369, 47.541569 ], [ 7.718172, 47.541347 ], [ 7.713647, 47.539631 ], [ 7.712422, 47.53905 ], [ 7.711425, 47.5388 ], [ 7.707964, 47.537442 ], [ 7.706794, 47.537058 ], [ 7.705861, 47.536656 ], [ 7.705064, 47.536161 ], [ 7.704239, 47.535967 ], [ 7.702575, 47.535386 ], [ 7.702267069083295, 47.535210878524992 ], [ 7.702267, 47.535211 ], [ 7.698787, 47.539981 ] ] ] } },
{ "type": "Feature", "properties": { "name": "ILES ANGLO NORMANDES", "nameV": "TMA ILES ANGLO NORMANDES", "class": "A", "type": "TMA", "lower": "FL080", "lowerM": 2438, "upper": "FL195", "upperM": 5943, "desc": "(1)By BREST ACC delegation, ATS services provided by JERSEY APP. UK part (north part): see UK AIP. NOTE: OAT/GAT: particular conditions for transit (See british information). Frequencies: see GEN 3.4", "activationCode": "TIMSH", "activationDesc": "WIN: 0545-2100 SUM: 0445-2030 For details of Channel Islands CTR see UK AIP AD 2 EGJJ. Cf. AIP UK AD 2 EGJJ 1-5", "UId": "7530232", "id": "EGJJ1", "stroke": "#ff0000", "stroke-width": 2, "stroke-opacity": 0.8, "fill": "#ff8080", "fill-opacity": 0.3 }, "geometry": { "type": "Polygon", "coordinates": [ [ [ -2.0, 50.0 ], [ -1.783333, 50.0 ], [ -2.0, 49.733333 ], [ -2.0, 49.5 ], [ -1.666667, 49.033333 ], [ -3.0, 49.033333 ], [ -3.0, 49.583333 ], [ -3.173056, 49.800556 ], [ -2.0, 50.0 ] ] ] } },
{ "type": "Feature", "properties": { "name": "IROISE 1", "nameV": "TMA IROISE 1", "class": "D", "type": "TMA", "lower": "1500FT AMSL", "lowerM": 457, "upper": "FL195", "upperM": 5943, "desc": "OAT/GAT procedures. Manager announced by RAI FREQ 122.400. Except for: - LF-R 195 when active; - LF-P 42 and LF-P 83: entry prohibited, exception see AIP ENR 5.1. Coexists with LF-R 294 B when active and LANDIVISIAU APP active. Lower limit at 2500ft AMSL within LANVEOC CTR 2 lateral limits.", "activationCode": "H24", "UId": "1564611", "id": "LFRB1", "stroke": "#ff0000", "stroke-width": 2, "stroke-opacity": 0.8, "fill": "#ff8080", "fill-opacity": 0.3 }, "geometry": { "type": "Polygon", "coordinates": [ [ [ -3.616667, 48.905556 ], [ -3.616667, 48.866667 ], [ -3.616667, 48.638889 ], [ -3.616667, 48.566667 ], [ -3.842778, 48.454444 ], [ -4.131667, 48.309722 ], [ -4.25, 48.25 ], [ -4.333333, 48.259722 ], [ -4.333333, 48.316667 ], [ -4.466667, 48.4 ], [ -4.511111, 48.4 ], [ -4.572222, 48.354167 ], [ -4.616667, 48.344444 ], [ -4.664444, 48.333611 ], [ -4.715833, 48.328889 ], [ -4.809444, 48.328889 ], [ -4.809444, 48.661111 ], [ -3.616667, 48.905556 ] ] ] } },
{ "type": "Feature", "properties": { "name": "SEINE 8", "nameV": "TMA SEINE 8 (SeeNotam)", "class": "D", "type": "TMA", "lower": "3500FT AMSL", "lowerM": 1066, "upper": "4500FT AMSL", "upperM": 1371, "desc": "Activation is possible during the schedules of part 8 SEINE SIV (Flight Information Service), actual activity published by NOTAM. Activity known on: SEINE APP/INFO, TOURS TWR/INFO, PARIS ACC/FIC, POITIERS INFO.", "UId": "40503065", "id": "LFPM8", "stroke": "#ff0000", "stroke-width": 2, "stroke-opacity": 0.8, "fill": "#ff8080", "fill-opacity": 0.3 }, "geometry": { "type": "Polygon", "coordinates": [ [ [ 0.726389, 47.764167 ], [ 0.838611, 47.763333 ], [ 0.897222, 47.750278 ], [ 0.976667, 47.689722 ], [ 0.932222, 47.4425 ], [ 0.848611, 47.268611 ], [ 0.726667, 47.2175 ], [ 0.618333, 47.097778 ], [ 0.606111, 47.101389 ], [ 0.544167, 47.120278 ], [ 0.479167, 47.146389 ], [ 0.332778, 47.2125 ], [ 0.548889, 47.757222 ], [ 0.726389, 47.764167 ] ] ] } },
{ "type": "Feature", "properties": { "name": "LE BOURGET", "nameV": "TMA LE BOURGET", "class": "D", "type": "TMA", "lower": "1500FT AMSL", "lowerM": 457, "upper": "2500FT AMSL", "upperM": 762, "activationCode": "H24", "UId": "44502058", "id": "LFPB", "stroke": "#ff0000", "stroke-width": 2, "stroke-opacity": 0.8, "fill": "#ff8080", "fill-opacity": 0.3 }, "geometry": { "type": "Polygon", "coordinates": [ [ [ 1.899167, 49.389444 ], [ 2.055833, 49.32 ], [ 2.1725, 49.268333 ], [ 2.477778, 49.261667 ], [ 2.477719, 49.261659 ], [ 2.477421, 49.260871 ], [ 2.477162, 49.260076 ], [ 2.476943, 49.259277 ], [ 2.476765, 49.258473 ], [ 2.476626, 49.257666 ], [ 2.476527, 49.256857 ], [ 2.476469, 49.256046 ], [ 2.476451, 49.255234 ], [ 2.476474, 49.254422 ], [ 2.476537, 49.253611 ], [ 2.476641, 49.252802 ], [ 2.476784, 49.251995 ], [ 2.476968, 49.251192 ], [ 2.477192, 49.250394 ], [ 2.477455, 49.2496 ], [ 2.477758, 49.248812 ], [ 2.4781, 49.248032 ], [ 2.47848, 49.247259 ], [ 2.478899, 49.246494 ], [ 2.479355, 49.245739 ], [ 2.479849, 49.244993 ], [ 2.48038, 49.244259 ], [ 2.480947, 49.243536 ], [ 2.48155, 49.242826 ], [ 2.482187, 49.242129 ], [ 2.48286, 49.241446 ], [ 2.483565, 49.240777 ], [ 2.484304, 49.240124 ], [ 2.485074, 49.239486 ], [ 2.485876, 49.238866 ], [ 2.486709, 49.238262 ], [ 2.487571, 49.237677 ], [ 2.488462, 49.23711 ], [ 2.48938, 49.236563 ], [ 2.490325, 49.236035 ], [ 2.491296, 49.235528 ], [ 2.492292, 49.235041 ], [ 2.493311, 49.234576 ], [ 2.494353, 49.234133 ], [ 2.494444, 49.234167 ], [ 2.494444, 49.234167 ], [ 2.465, 49.203333 ], [ 2.271111, 49.2075 ], [ 2.314444, 49.141111 ], [ 2.197222, 49.121111 ], [ 2.000556, 48.990278 ], [ 1.998333, 48.890833 ], [ 1.756667, 48.953056 ], [ 1.742222, 49.021111 ], [ 1.777778, 49.104167 ], [ 1.899167, 49.389444 ] ] ] } },
{ "type": "Feature", "properties": { "name": "LILLE 15", "nameV": "TMA LILLE 15", "class": "E", "type": "TMA", "lower": "2000FT AMSL", "lowerM": 609, "upper": "3500FT AMSL", "upperM": 1066, "desc": "Except for TMA 14 LILLE when active.", "activationCode": "H24", "UId": "1561091", "id": "LFQQ15", "stroke": "#008040", "stroke-width": 2, "stroke-opacity": 0.8, "fill": "#80ff80", "fill-opacity": 0.2 }, "geometry": { "type": "Polygon", "coordinates": [ [ [ 1.349167, 49.711667 ], [ 1.527222, 49.679167 ], [ 1.519167, 49.595556 ], [ 1.550833, 49.560556 ], [ 1.641389, 49.502778 ], [ 1.458333, 49.383333 ], [ 1.382778, 49.351667 ], [ 1.219167, 49.282778 ], [ 1.096389, 49.252222 ], [ 1.0, 49.228056 ], [ 0.850833, 49.190556 ], [ 0.770833, 49.308333 ], [ 0.755556, 49.4 ], [ 0.774167, 49.4525 ], [ 1.058056, 49.6475 ], [ 1.349167, 49.711667 ] ] ] } },
{ "type": "Feature", "properties": { "name": "RENNES 6", "nameV": "TMA RENNES 6", "class": "D", "type": "TMA", "lower": "2500FT AMSL", "lowerM": 762, "upper": "FL115", "upperM": 3505, "desc": "Downgrading to class G from 2500ft to 4500ft AMSL announced on RENNES APP/FIS, DEAUVILLE TWR and CAEN TWR.", "activationCode": "H24", "UId": "1560981", "id": "LFRN6", "stroke": "#ff0000", "stroke-width": 2, "stroke-opacity": 0.8, "fill": "#ff8080", "fill-opacity": 0.3 }, "geometry": { "type": "Polygon", "coordinates": [ [ [ -0.212224290858747, 49.28392415387767 ], [ -0.153178, 49.287772 ], [ -0.087175, 49.297903 ], [ -0.000553842825634, 49.325549241144827 ], [ -0.000556, 49.325556 ], [ 0.124444, 48.973889 ], [ -0.208333, 48.941667 ], [ -0.636944, 49.051944 ], [ -0.589444, 49.050833 ], [ -0.346111, 49.048333 ], [ -0.289722, 49.064444 ], [ -0.2225, 49.12 ], [ -0.212224290858747, 49.28392415387767 ] ] ] } },
{ "type": "Feature", "properties": { "name": "LA ROCHELLE 2.1", "nameV": "TMA LA ROCHELLE 2.1", "class": "D", "type": "TMA", "lower": "2000FT AMSL", "lowerM": 609, "upper": "3000FT AMSL", "upperM": 914, "activationCode": "HX", "activationDesc": "SUM: MON-SUN: 0530-2030  WIN: MON-SUN: 0630-1930", "declassifiable": true, "UId": "1561031", "id": "LFBH2.1", "stroke": "#ff0000", "stroke-width": 2, "stroke-opacity": 0.8, "fill": "#ffb9dc", "fill-opacity": 0.3 }, "geometry": { "type": "Polygon", "coordinates": [ [ [ -1.076944, 46.416667 ], [ -1.0, 46.416667 ], [ -0.958056, 46.440556 ], [ -0.957019, 46.440875 ], [ -0.952521, 46.438937 ], [ -0.948057, 46.436963 ], [ -0.943628, 46.434952 ], [ -0.939234, 46.432905 ], [ -0.934876, 46.430822 ], [ -0.930554, 46.428703 ], [ -0.926269, 46.426549 ], [ -0.922022, 46.42436 ], [ -0.917813, 46.422137 ], [ -0.913643, 46.419879 ], [ -0.909513, 46.417587 ], [ -0.905422, 46.415261 ], [ -0.901372, 46.412902 ], [ -0.897364, 46.41051 ], [ -0.893396, 46.408085 ], [ -0.889472, 46.405628 ], [ -0.88559, 46.403139 ], [ -0.881751, 46.400618 ], [ -0.877956, 46.398066 ], [ -0.874206, 46.395483 ], [ -0.870501, 46.39287 ], [ -0.866841, 46.390226 ], [ -0.863228, 46.387552 ], [ -0.85966, 46.384849 ], [ -0.85614, 46.382117 ], [ -0.852667, 46.379356 ], [ -0.849243, 46.376567 ], [ -0.845866, 46.37375 ], [ -0.842539, 46.370906 ], [ -0.839261, 46.368034 ], [ -0.836033, 46.365136 ], [ -0.832855, 46.362212 ], [ -0.829728, 46.359261 ], [ -0.826653, 46.356285 ], [ -0.823629, 46.353285 ], [ -0.820656, 46.350259 ], [ -0.817737, 46.34721 ], [ -0.81487, 46.344136 ], [ -0.812056, 46.34104 ], [ -0.809296, 46.33792 ], [ -0.80659, 46.334779 ], [ -0.803939, 46.331615 ], [ -0.801342, 46.32843 ], [ -0.7988, 46.325223 ], [ -0.796314, 46.321996 ], [ -0.793884, 46.318749 ], [ -0.79151, 46.315482 ], [ -0.789192, 46.312196 ], [ -0.786931, 46.308891 ], [ -0.784727, 46.305568 ], [ -0.78258, 46.302227 ], [ -0.780492, 46.298869 ], [ -0.778461, 46.295493 ], [ -0.776488, 46.292102 ], [ -0.774574, 46.288694 ], [ -0.772719, 46.285271 ], [ -0.770922, 46.281833 ], [ -0.769185, 46.27838 ], [ -0.767508, 46.274914 ], [ -0.76589, 46.271434 ], [ -0.764332, 46.267941 ], [ -0.762834, 46.264435 ], [ -0.761397, 46.260917 ], [ -0.76002, 46.257388 ], [ -0.758704, 46.253848 ], [ -0.757449, 46.250297 ], [ -0.756255, 46.246736 ], [ -0.755122, 46.243166 ], [ -0.75405, 46.239586 ], [ -0.75304, 46.235999 ], [ -0.753611, 46.236111 ], [ -0.753611, 46.236111 ], [ -0.703056, 46.058333 ], [ -0.938333, 46.058333 ], [ -1.076944, 46.416667 ] ] ] } },
{ "type": "Feature", "properties": { "name": "LA ROCHELLE 3", "nameV": "TMA LA ROCHELLE 3", "class": "E", "type": "TMA", "lower": "2000FT AMSL", "lowerM": 609, "upper": "FL115", "upperM": 3505, "activationCode": "HX", "activationDesc": "(1) SUM: MON-SUN: 0530-2030  WIN: MON-SUN: 0630-1930 (2) En dehors des HOR ATS. / Outside ATS SKED.", "UId": "1565297", "id": "LFBH3", "stroke": "#008040", "stroke-width": 2, "stroke-opacity": 0.8, "fill": "#80ff80", "fill-opacity": 0.2 }, "geometry": { "type": "Polygon", "coordinates": [ [ [ -1.368889, 46.058333 ], [ -0.938333, 46.058333 ], [ -0.789167, 45.666667 ], [ -1.216667, 45.666667 ], [ -1.341944, 45.989444 ], [ -1.368889, 46.058333 ] ] ] } },
{ "type": "Feature", "properties": { "name": "LA ROCHELLE 2.2", "nameV": "TMA LA ROCHELLE 2.2", "class": "D", "type": "TMA", "lower": "3000FT AMSL", "lowerM": 914, "upper": "FL115", "upperM": 3505, "desc": "Only when LF-R 49 A1, LF-R 49 L1 and LF-R 49 H1 are inactive. Activation known on LA ROCHELLE APP.", "activationCode": "HX", "activationDesc": "SUM: MON-SUN: 0530-2030  WIN: MON-SUN: 0630-1930", "declassifiable": true, "UId": "32511286", "id": "LFBH2.2", "stroke": "#ff0000", "stroke-width": 2, "stroke-opacity": 0.8, "fill": "#ffb9dc", "fill-opacity": 0.3 }, "geometry": { "type": "Polygon", "coordinates": [ [ [ -1.11, 46.5 ], [ -0.958056, 46.440556 ], [ -0.957019, 46.440875 ], [ -0.952521, 46.438937 ], [ -0.948057, 46.436963 ], [ -0.943628, 46.434952 ], [ -0.939234, 46.432905 ], [ -0.934876, 46.430822 ], [ -0.930554, 46.428703 ], [ -0.926269, 46.426549 ], [ -0.922022, 46.42436 ], [ -0.917813, 46.422137 ], [ -0.913643, 46.419879 ], [ -0.909513, 46.417587 ], [ -0.905422, 46.415261 ], [ -0.901372, 46.412902 ], [ -0.897364, 46.41051 ], [ -0.893396, 46.408085 ], [ -0.889472, 46.405628 ], [ -0.88559, 46.403139 ], [ -0.881751, 46.400618 ], [ -0.877956, 46.398066 ], [ -0.874206, 46.395483 ], [ -0.870501, 46.39287 ], [ -0.866841, 46.390226 ], [ -0.863228, 46.387552 ], [ -0.85966, 46.384849 ], [ -0.85614, 46.382117 ], [ -0.852667, 46.379356 ], [ -0.849243, 46.376567 ], [ -0.845866, 46.37375 ], [ -0.842539, 46.370906 ], [ -0.839261, 46.368034 ], [ -0.836033, 46.365136 ], [ -0.832855, 46.362212 ], [ -0.829728, 46.359261 ], [ -0.826653, 46.356285 ], [ -0.823629, 46.353285 ], [ -0.820656, 46.350259 ], [ -0.817737, 46.34721 ], [ -0.81487, 46.344136 ], [ -0.812056, 46.34104 ], [ -0.809296, 46.33792 ], [ -0.80659, 46.334779 ], [ -0.803939, 46.331615 ], [ -0.801342, 46.32843 ], [ -0.7988, 46.325223 ], [ -0.796314, 46.321996 ], [ -0.793884, 46.318749 ], [ -0.79151, 46.315482 ], [ -0.789192, 46.312196 ], [ -0.786931, 46.308891 ], [ -0.784727, 46.305568 ], [ -0.78258, 46.302227 ], [ -0.780492, 46.298869 ], [ -0.778461, 46.295493 ], [ -0.776488, 46.292102 ], [ -0.774574, 46.288694 ], [ -0.772719, 46.285271 ], [ -0.770922, 46.281833 ], [ -0.769185, 46.27838 ], [ -0.767508, 46.274914 ], [ -0.76589, 46.271434 ], [ -0.764332, 46.267941 ], [ -0.762834, 46.264435 ], [ -0.761397, 46.260917 ], [ -0.76002, 46.257388 ], [ -0.758704, 46.253848 ], [ -0.757449, 46.250297 ], [ -0.756255, 46.246736 ], [ -0.755122, 46.243166 ], [ -0.75405, 46.239586 ], [ -0.75304, 46.235999 ], [ -0.753611, 46.236111 ], [ -0.753611, 46.236111 ], [ -0.703056, 46.058333 ], [ -0.938333, 46.058333 ], [ -1.076944, 46.416667 ], [ -1.11, 46.5 ] ] ] } },
{ "type": "Feature", "properties": { "name": "LA ROCHELLE 4", "nameV": "TMA LA ROCHELLE 4", "class": "E", "type": "TMA", "lower": "2000FT AMSL", "lowerM": 609, "upper": "3000FT AMSL", "upperM": 914, "activationCode": "HX", "activationDesc": "SUM: MON-SUN: 0530-2030  WIN: MON-SUN: 0630-1930", "UId": "1565291", "id": "LFBH4", "stroke": "#008040", "stroke-width": 2, "stroke-opacity": 0.8, "fill": "#80ff80", "fill-opacity": 0.2 }, "geometry": { "type": "Polygon", "coordinates": [ [ [ -0.938333, 46.058333 ], [ -0.703056, 46.058333 ], [ -0.666667, 45.933333 ], [ -0.666667, 45.666667 ], [ -0.789167, 45.666667 ], [ -0.938333, 46.058333 ] ] ] } },
{ "type": "Feature", "properties": { "name": "LYON 02.2", "nameV": "TMA LYON 02.2", "class": "E", "type": "TMA", "lower": "3500FT AMSL", "lowerM": 1066, "upper": "FL065", "upperM": 1981, "desc": "Airspace defined excluding interfering part of LF-P 12.", "activationCode": "H24", "UId": "48706070", "id": "LFLL02.2", "stroke": "#008040", "stroke-width": 2, "stroke-opacity": 0.8, "fill": "#80ff80", "fill-opacity": 0.2 }, "geometry": { "type": "Polygon", "coordinates": [ [ [ 5.133889, 45.186111 ], [ 5.133889, 45.066944 ], [ 5.006111, 44.801111 ], [ 4.961111, 44.666667 ], [ 4.745, 44.666667 ], [ 4.714722, 44.924167 ], [ 4.886389, 45.213889 ], [ 5.133889, 45.186111 ] ] ] } },
{ "type": "Feature", "properties": { "name": "LYON 04", "nameV": "TMA LYON 04", "class": "C", "type": "TMA", "lower": "FL065", "lowerM": 1981, "upper": "FL115", "upperM": 3505, "desc": "Airspace defined excluding: - LF-R 3203 and LF-R 3204 B when active. - LF-R 220 A and B CHAMBARAN parts when active.", "activationCode": "H24", "UId": "1561725", "id": "LFLL04", "stroke": "#ff0000", "stroke-width": 2, "stroke-opacity": 0.8, "fill": "#ff8080", "fill-opacity": 0.3 }, "geometry": { "type": "Polygon", "coordinates": [ [ [ 4.816667, 46.433333 ], [ 5.407778, 46.363333 ], [ 5.576389, 46.237222 ], [ 5.570556, 46.060278 ], [ 5.570304, 46.060258 ], [ 5.570165, 46.058521 ], [ 5.570055, 46.056783 ], [ 5.569974, 46.055044 ], [ 5.569922, 46.053305 ], [ 5.569898, 46.051565 ], [ 5.569904, 46.049825 ], [ 5.569939, 46.048085 ], [ 5.570002, 46.046346 ], [ 5.570095, 46.044608 ], [ 5.570217, 46.04287 ], [ 5.570367, 46.041133 ], [ 5.570547, 46.039398 ], [ 5.570755, 46.037664 ], [ 5.570992, 46.035932 ], [ 5.571258, 46.034202 ], [ 5.571553, 46.032474 ], [ 5.571877, 46.030749 ], [ 5.572229, 46.029026 ], [ 5.57261, 46.027307 ], [ 5.573019, 46.02559 ], [ 5.573457, 46.023877 ], [ 5.573924, 46.022168 ], [ 5.574418, 46.020462 ], [ 5.574942, 46.018761 ], [ 5.575493, 46.017064 ], [ 5.576073, 46.015371 ], [ 5.576681, 46.013683 ], [ 5.577316, 46.012001 ], [ 5.57798, 46.010323 ], [ 5.578672, 46.008651 ], [ 5.579391, 46.006984 ], [ 5.580138, 46.005324 ], [ 5.580913, 46.003669 ], [ 5.581715, 46.002021 ], [ 5.582544, 46.000379 ], [ 5.583401, 45.998744 ], [ 5.584284, 45.997116 ], [ 5.585195, 45.995496 ], [ 5.586133, 45.993882 ], [ 5.587097, 45.992277 ], [ 5.588088, 45.990679 ], [ 5.589105, 45.989089 ], [ 5.590149, 45.987508 ], [ 5.591219, 45.985935 ], [ 5.592315, 45.98437 ], [ 5.593436, 45.982815 ], [ 5.594584, 45.981269 ], [ 5.595757, 45.979732 ], [ 5.596956, 45.978204 ], [ 5.59818, 45.976686 ], [ 5.599429, 45.975179 ], [ 5.600278, 45.975278 ], [ 5.600278, 45.975278 ], [ 5.485556, 45.916667 ], [ 5.450556, 45.856111 ], [ 5.544444, 45.52 ], [ 5.618889, 45.449167 ], [ 5.618889, 45.356111 ], [ 5.618889, 45.311389 ], [ 5.600278, 45.287778 ], [ 5.555833, 45.269167 ], [ 5.435, 45.246389 ], [ 5.301944, 45.066111 ], [ 5.201667, 45.066111 ], [ 5.006111, 44.801111 ], [ 4.961111, 44.666667 ], [ 4.745, 44.666667 ], [ 4.714722, 44.924167 ], [ 4.616667, 45.283333 ], [ 4.290278, 45.923889 ], [ 4.203611, 46.086111 ], [ 4.661389, 46.203611 ], [ 4.816667, 46.433333 ] ] ] } },
{ "type": "Feature", "properties": { "name": "LYON 05", "nameV": "TMA LYON 05", "class": "D", "type": "TMA", "lower": "FL085", "lowerM": 2590, "upper": "FL115", "upperM": 3505, "activationCode": "H24", "UId": "1566535", "id": "LFLL05", "stroke": "#ff0000", "stroke-width": 2, "stroke-opacity": 0.8, "fill": "#ff8080", "fill-opacity": 0.3 }, "geometry": { "type": "Polygon", "coordinates": [ [ [ 4.670833, 46.218056 ], [ 4.661389, 46.203611 ], [ 4.203611, 46.086111 ], [ 4.290278, 45.923889 ], [ 3.898056, 45.969444 ], [ 3.853889, 46.05 ], [ 4.05, 46.175 ], [ 4.263889, 46.374167 ], [ 4.670833, 46.218056 ] ] ] } },
{ "type": "Feature", "properties": { "name": "NANTES 6", "nameV": "TMA NANTES 6", "class": "D", "type": "TMA", "lower": "2500FT AMSL", "lowerM": 762, "upper": "3500FT AMSL", "upperM": 1066, "desc": "Except WE from SAT 1100 to SUN 2200 and public HOL: 1100-2200. SUM: - 1HR.", "activationCode": "H24", "UId": "48586191", "id": "LFRS6", "stroke": "#ff0000", "stroke-width": 2, "stroke-opacity": 0.8, "fill": "#ff8080", "fill-opacity": 0.3 }, "geometry": { "type": "Polygon", "coordinates": [ [ [ -2.207222, 47.493889 ], [ -1.605556, 47.493889 ], [ -1.605533, 47.493877 ], [ -1.601484, 47.493823 ], [ -1.597436, 47.493747 ], [ -1.593388, 47.493649 ], [ -1.589343, 47.493528 ], [ -1.585298, 47.493384 ], [ -1.581256, 47.493217 ], [ -1.577216, 47.493029 ], [ -1.573178, 47.492817 ], [ -1.569143, 47.492583 ], [ -1.565111, 47.492326 ], [ -1.561083, 47.492047 ], [ -1.557058, 47.491746 ], [ -1.553037, 47.491422 ], [ -1.54902, 47.491075 ], [ -1.545007, 47.490706 ], [ -1.540999, 47.490315 ], [ -1.536996, 47.489901 ], [ -1.532998, 47.489465 ], [ -1.529006, 47.489007 ], [ -1.52502, 47.488526 ], [ -1.521039, 47.488024 ], [ -1.517065, 47.487498 ], [ -1.513097, 47.486951 ], [ -1.509137, 47.486382 ], [ -1.505183, 47.48579 ], [ -1.501237, 47.485177 ], [ -1.497299, 47.484541 ], [ -1.493368, 47.483883 ], [ -1.489446, 47.483204 ], [ -1.485532, 47.482502 ], [ -1.481628, 47.481779 ], [ -1.477732, 47.481034 ], [ -1.473845, 47.480267 ], [ -1.469968, 47.479479 ], [ -1.466101, 47.478669 ], [ -1.462244, 47.477837 ], [ -1.458397, 47.476984 ], [ -1.454561, 47.476109 ], [ -1.450736, 47.475213 ], [ -1.446921, 47.474296 ], [ -1.443119, 47.473357 ], [ -1.439328, 47.472397 ], [ -1.435549, 47.471416 ], [ -1.431782, 47.470414 ], [ -1.428027, 47.469391 ], [ -1.424286, 47.468347 ], [ -1.420557, 47.467282 ], [ -1.416841, 47.466197 ], [ -1.413139, 47.46509 ], [ -1.409451, 47.463963 ], [ -1.405777, 47.462816 ], [ -1.402117, 47.461648 ], [ -1.398471, 47.460459 ], [ -1.39484, 47.45925 ], [ -1.391224, 47.458021 ], [ -1.387623, 47.456772 ], [ -1.384038, 47.455503 ], [ -1.380469, 47.454214 ], [ -1.376915, 47.452905 ], [ -1.373378, 47.451576 ], [ -1.369857, 47.450227 ], [ -1.366353, 47.448859 ], [ -1.362865, 47.447471 ], [ -1.359395, 47.446064 ], [ -1.355943, 47.444637 ], [ -1.352508, 47.443191 ], [ -1.34909, 47.441726 ], [ -1.345691, 47.440242 ], [ -1.34231, 47.438739 ], [ -1.338948, 47.437218 ], [ -1.335605, 47.435677 ], [ -1.33228, 47.434118 ], [ -1.328975, 47.43254 ], [ -1.325689, 47.430944 ], [ -1.322423, 47.42933 ], [ -1.319177, 47.427697 ], [ -1.32, 47.427778 ], [ -1.32, 47.427778 ], [ -1.712222, 47.625833 ], [ -2.033333, 47.6 ], [ -2.207222, 47.493889 ] ] ] } },
{ "type": "Feature", "properties": { "name": "LIMOGES 5", "nameV": "TMA LIMOGES 5", "class": "E", "type": "TMA", "lower": "4300FT AMSL", "lowerM": 1310, "upper": "FL115", "upperM": 3505, "desc": "Outside COGNAC LF R 49 A and LF R 49 H2 scheduled activities. Except for COGNAC CTA or LF R 49 E2 when active.", "activationCode": "TIMSH", "activationDesc": "MON: 0500-2359 TUE: 0000 to FRI 2359 SAT: 0000-2200 SUN, HOL: 0700-2200 SUM-1HR", "UId": "1562839", "id": "LFBL5", "stroke": "#008040", "stroke-width": 2, "stroke-opacity": 0.8, "fill": "#80ff80", "fill-opacity": 0.2 }, "geometry": { "type": "Polygon", "coordinates": [ [ [ -0.073056, 45.821944 ], [ 0.133333, 45.813611 ], [ 0.258333, 45.808611 ], [ 0.55, 45.795556 ], [ 0.91, 45.909167 ], [ 0.908333, 45.841667 ], [ 0.8425, 45.7825 ], [ 0.65, 45.598889 ], [ 0.547778, 45.501111 ], [ 0.437778, 45.608333 ], [ -0.1, 45.632222 ], [ -0.150278, 45.666667 ], [ -0.149732, 45.666667 ], [ -0.149769, 45.667016 ], [ -0.149807, 45.667366 ], [ -0.149848, 45.667715 ], [ -0.149889, 45.668065 ], [ -0.149932, 45.668414 ], [ -0.149977, 45.668763 ], [ -0.150023, 45.669113 ], [ -0.150071, 45.669462 ], [ -0.15012, 45.669811 ], [ -0.150171, 45.67016 ], [ -0.150223, 45.670508 ], [ -0.150276, 45.670857 ], [ -0.150332, 45.671205 ], [ -0.150388, 45.671554 ], [ -0.150446, 45.671902 ], [ -0.150506, 45.67225 ], [ -0.150567, 45.672598 ], [ -0.15063, 45.672946 ], [ -0.150694, 45.673294 ], [ -0.150759, 45.673642 ], [ -0.150826, 45.673989 ], [ -0.150895, 45.674337 ], [ -0.150965, 45.674684 ], [ -0.151037, 45.675031 ], [ -0.15111, 45.675378 ], [ -0.151184, 45.675725 ], [ -0.15126, 45.676071 ], [ -0.151338, 45.676418 ], [ -0.151417, 45.676764 ], [ -0.151497, 45.67711 ], [ -0.151579, 45.677456 ], [ -0.151663, 45.677802 ], [ -0.151748, 45.678147 ], [ -0.151834, 45.678493 ], [ -0.151922, 45.678838 ], [ -0.152011, 45.679183 ], [ -0.152102, 45.679528 ], [ -0.152195, 45.679873 ], [ -0.152288, 45.680217 ], [ -0.152384, 45.680561 ], [ -0.152481, 45.680905 ], [ -0.152579, 45.681249 ], [ -0.152679, 45.681593 ], [ -0.15278, 45.681936 ], [ -0.152882, 45.68228 ], [ -0.152987, 45.682623 ], [ -0.153092, 45.682965 ], [ -0.153199, 45.683308 ], [ -0.153308, 45.68365 ], [ -0.153418, 45.683992 ], [ -0.15353, 45.684334 ], [ -0.153643, 45.684676 ], [ -0.153757, 45.685017 ], [ -0.153873, 45.685359 ], [ -0.15399, 45.6857 ], [ -0.154109, 45.68604 ], [ -0.154229, 45.686381 ], [ -0.154351, 45.686721 ], [ -0.154474, 45.687061 ], [ -0.154599, 45.6874 ], [ -0.154725, 45.68774 ], [ -0.154853, 45.688079 ], [ -0.154982, 45.688418 ], [ -0.155112, 45.688756 ], [ -0.155244, 45.689095 ], [ -0.155378, 45.689433 ], [ -0.155513, 45.689771 ], [ -0.155649, 45.690108 ], [ -0.155787, 45.690445 ], [ -0.155926, 45.690782 ], [ -0.156067, 45.691119 ], [ -0.156209, 45.691455 ], [ -0.156352, 45.691791 ], [ -0.156497, 45.692127 ], [ -0.156644, 45.692462 ], [ -0.156792, 45.692797 ], [ -0.156941, 45.693132 ], [ -0.157092, 45.693466 ], [ -0.157244, 45.693801 ], [ -0.157398, 45.694134 ], [ -0.157778, 45.694167 ], [ -0.157778, 45.694167 ], [ -0.073056, 45.821944 ] ] ] } },
{ "type": "Feature", "properties": { "name": "TOULOUSE 4-5", "nameV": "TMA TOULOUSE 4-5", "class": "E", "type": "TMA", "lower": "3500FT AMSL", "lowerM": 1066, "upper": "FL115", "upperM": 3505, "activationCode": "H24", "UId": "1562515", "id": "LFBO4-5", "stroke": "#008040", "stroke-width": 2, "stroke-opacity": 0.8, "fill": "#80ff80", "fill-opacity": 0.2 }, "geometry": { "type": "Polygon", "coordinates": [ [ [ 0.579722, 44.5 ], [ 1.036944, 44.5 ], [ 1.025556, 44.346111 ], [ 0.579722, 44.5 ] ] ] } },
{ "type": "Feature", "properties": { "name": "CLERMONT 1", "nameV": "TMA CLERMONT 1 Lower(1000FT AGL-2700FT AMSL)", "class": "D", "type": "TMA", "lower": "2700FT AMSL", "lowerMin": "1000FT AGL", "lowerM": 822, "upper": "5500FT AMSL", "upperM": 1676, "activationCode": "H24", "UId": "1561891", "id": "LFLC1", "stroke": "#ff0000", "stroke-width": 2, "stroke-opacity": 0.8, "fill": "#ff8080", "fill-opacity": 0.3 }, "geometry": { "type": "Polygon", "coordinates": [ [ [ 3.069444, 45.943611 ], [ 3.539167, 45.990556 ], [ 3.540198, 45.990446 ], [ 3.544198, 45.986802 ], [ 3.548126, 45.983121 ], [ 3.551979, 45.979402 ], [ 3.555758, 45.975647 ], [ 3.559462, 45.971856 ], [ 3.563089, 45.96803 ], [ 3.566641, 45.964169 ], [ 3.570115, 45.960275 ], [ 3.573511, 45.956347 ], [ 3.576828, 45.952387 ], [ 3.580067, 45.948396 ], [ 3.583226, 45.944375 ], [ 3.586304, 45.940323 ], [ 3.589302, 45.936242 ], [ 3.592218, 45.932133 ], [ 3.595052, 45.927996 ], [ 3.597803, 45.923833 ], [ 3.600472, 45.919643 ], [ 3.603057, 45.915428 ], [ 3.605558, 45.911189 ], [ 3.607975, 45.906926 ], [ 3.610307, 45.902641 ], [ 3.612553, 45.898333 ], [ 3.614714, 45.894005 ], [ 3.616789, 45.889656 ], [ 3.618777, 45.885287 ], [ 3.620678, 45.8809 ], [ 3.622493, 45.876495 ], [ 3.624219, 45.872074 ], [ 3.625858, 45.867635 ], [ 3.627409, 45.863182 ], [ 3.628872, 45.858714 ], [ 3.630245, 45.854233 ], [ 3.63153, 45.849739 ], [ 3.632726, 45.845233 ], [ 3.633833, 45.840716 ], [ 3.63485, 45.836188 ], [ 3.635778, 45.831652 ], [ 3.636615, 45.827107 ], [ 3.637363, 45.822554 ], [ 3.638021, 45.817995 ], [ 3.638588, 45.813429 ], [ 3.639066, 45.808859 ], [ 3.639453, 45.804284 ], [ 3.639749, 45.799707 ], [ 3.639955, 45.795126 ], [ 3.640071, 45.790545 ], [ 3.640097, 45.785962 ], [ 3.640032, 45.78138 ], [ 3.639876, 45.776799 ], [ 3.639631, 45.77222 ], [ 3.639295, 45.767643 ], [ 3.638869, 45.763071 ], [ 3.638352, 45.758502 ], [ 3.637746, 45.75394 ], [ 3.63705, 45.749383 ], [ 3.636265, 45.744833 ], [ 3.63539, 45.740292 ], [ 3.634426, 45.735759 ], [ 3.633372, 45.731236 ], [ 3.63223, 45.726724 ], [ 3.630999, 45.722223 ], [ 3.62968, 45.717734 ], [ 3.628272, 45.713258 ], [ 3.626777, 45.708796 ], [ 3.625195, 45.704349 ], [ 3.623525, 45.699917 ], [ 3.621768, 45.695502 ], [ 3.619925, 45.691104 ], [ 3.617995, 45.686725 ], [ 3.61598, 45.682364 ], [ 3.61388, 45.678023 ], [ 3.611694, 45.673702 ], [ 3.609424, 45.669403 ], [ 3.60707, 45.665126 ], [ 3.604633, 45.660872 ], [ 3.603333, 45.660833 ], [ 3.603333, 45.660833 ], [ 3.138611, 45.613889 ], [ 3.137586, 45.613998 ], [ 3.133551, 45.617618 ], [ 3.129588, 45.621276 ], [ 3.125696, 45.624972 ], [ 3.121877, 45.628705 ], [ 3.118132, 45.632474 ], [ 3.11446, 45.636279 ], [ 3.110864, 45.640118 ], [ 3.107343, 45.643992 ], [ 3.103898, 45.647899 ], [ 3.10053, 45.651839 ], [ 3.097239, 45.655811 ], [ 3.094027, 45.659815 ], [ 3.090893, 45.663848 ], [ 3.087839, 45.667912 ], [ 3.084865, 45.672004 ], [ 3.081971, 45.676124 ], [ 3.079158, 45.680272 ], [ 3.076427, 45.684447 ], [ 3.073779, 45.688647 ], [ 3.071213, 45.692873 ], [ 3.06873, 45.697122 ], [ 3.066331, 45.701395 ], [ 3.064016, 45.705691 ], [ 3.061785, 45.710009 ], [ 3.05964, 45.714347 ], [ 3.05758, 45.718706 ], [ 3.055606, 45.723084 ], [ 3.053719, 45.72748 ], [ 3.051918, 45.731895 ], [ 3.050204, 45.736326 ], [ 3.048577, 45.740773 ], [ 3.047038, 45.745236 ], [ 3.045588, 45.749713 ], [ 3.044225, 45.754203 ], [ 3.042951, 45.758706 ], [ 3.041766, 45.763221 ], [ 3.04067, 45.767746 ], [ 3.039663, 45.772282 ], [ 3.038746, 45.776827 ], [ 3.037919, 45.781381 ], [ 3.037181, 45.785942 ], [ 3.036534, 45.790509 ], [ 3.035977, 45.795083 ], [ 3.03551, 45.799661 ], [ 3.035134, 45.804243 ], [ 3.034848, 45.808829 ], [ 3.034653, 45.813417 ], [ 3.034548, 45.818006 ], [ 3.034535, 45.822596 ], [ 3.034612, 45.827185 ], [ 3.034779, 45.831774 ], [ 3.035038, 45.83636 ], [ 3.035387, 45.840943 ], [ 3.035827, 45.845523 ], [ 3.036358, 45.850098 ], [ 3.036979, 45.854667 ], [ 3.03769, 45.85923 ], [ 3.038492, 45.863786 ], [ 3.039384, 45.868334 ], [ 3.040366, 45.872872 ], [ 3.041438, 45.877401 ], [ 3.0426, 45.881919 ], [ 3.043851, 45.886426 ], [ 3.045192, 45.89092 ], [ 3.046622, 45.8954 ], [ 3.04814, 45.899867 ], [ 3.049747, 45.904318 ], [ 3.051442, 45.908754 ], [ 3.053225, 45.913173 ], [ 3.055096, 45.917575 ], [ 3.057054, 45.921958 ], [ 3.059099, 45.926321 ], [ 3.061231, 45.930665 ], [ 3.063449, 45.934988 ], [ 3.065752, 45.939289 ], [ 3.068141, 45.943568 ], [ 3.069444, 45.943611 ] ] ] } },
{ "type": "Feature", "properties": { "name": "LYON 01", "nameV": "TMA LYON 01", "class": "C", "type": "TMA", "lower": "2500FT AMSL", "lowerM": 762, "upper": "4500FT AMSL", "upperM": 1371, "desc": "Airspace defined excluding: - LF-R 194 B LA VALBONNE, LF-R 3200 A and LF-R 3201 A when active. - LF-P 9 BUGEY (entry prohibited, exemption: see AIP ENR 5.1 paragraph 1.2.1)", "activationCode": "H24", "UId": "1561071", "id": "LFLL01", "stroke": "#ff0000", "stroke-width": 2, "stroke-opacity": 0.8, "fill": "#ff8080", "fill-opacity": 0.3 }, "geometry": { "type": "Polygon", "coordinates": [ [ [ 5.266389, 46.055278 ], [ 5.398056, 45.623611 ], [ 5.419722, 45.553056 ], [ 5.181944, 45.440556 ], [ 4.883333, 45.383889 ], [ 4.883333, 45.556389 ], [ 4.923889, 45.633889 ], [ 4.905278, 45.682778 ], [ 4.687222, 45.726667 ], [ 4.646667, 45.869444 ], [ 4.646125, 45.869189 ], [ 4.64985, 45.875547 ], [ 4.653763, 45.88185 ], [ 4.657862, 45.888096 ], [ 4.662146, 45.894281 ], [ 4.666614, 45.900404 ], [ 4.671262, 45.906461 ], [ 4.67609, 45.91245 ], [ 4.681094, 45.918368 ], [ 4.686274, 45.924213 ], [ 4.691627, 45.929982 ], [ 4.69715, 45.935674 ], [ 4.702842, 45.941285 ], [ 4.7087, 45.946813 ], [ 4.714722, 45.952255 ], [ 4.720904, 45.95761 ], [ 4.727245, 45.962875 ], [ 4.733742, 45.968048 ], [ 4.740391, 45.973126 ], [ 4.747191, 45.978108 ], [ 4.754139, 45.982991 ], [ 4.76123, 45.987773 ], [ 4.768463, 45.992452 ], [ 4.775834, 45.997026 ], [ 4.783341, 46.001494 ], [ 4.790979, 46.005853 ], [ 4.798747, 46.010101 ], [ 4.806639, 46.014236 ], [ 4.814654, 46.018258 ], [ 4.822787, 46.022163 ], [ 4.831036, 46.025951 ], [ 4.839396, 46.029619 ], [ 4.847864, 46.033167 ], [ 4.856437, 46.036592 ], [ 4.86511, 46.039893 ], [ 4.873881, 46.043069 ], [ 4.882744, 46.046118 ], [ 4.891698, 46.04904 ], [ 4.900737, 46.051832 ], [ 4.909857, 46.054494 ], [ 4.919056, 46.057024 ], [ 4.928328, 46.059421 ], [ 4.937671, 46.061685 ], [ 4.947079, 46.063814 ], [ 4.956549, 46.065807 ], [ 4.966077, 46.067664 ], [ 4.975659, 46.069384 ], [ 4.98529, 46.070966 ], [ 4.994967, 46.072409 ], [ 5.004684, 46.073713 ], [ 5.014439, 46.074877 ], [ 5.024227, 46.0759 ], [ 5.034043, 46.076783 ], [ 5.043884, 46.077525 ], [ 5.053745, 46.078125 ], [ 5.063622, 46.078583 ], [ 5.07351, 46.078899 ], [ 5.083406, 46.079074 ], [ 5.093305, 46.079106 ], [ 5.103202, 46.078995 ], [ 5.113094, 46.078743 ], [ 5.122977, 46.078349 ], [ 5.132846, 46.077813 ], [ 5.142696, 46.077135 ], [ 5.152524, 46.076316 ], [ 5.162325, 46.075356 ], [ 5.172095, 46.074255 ], [ 5.18183, 46.073014 ], [ 5.191526, 46.071634 ], [ 5.201178, 46.070114 ], [ 5.210782, 46.068457 ], [ 5.220335, 46.066661 ], [ 5.229832, 46.064729 ], [ 5.239268, 46.062661 ], [ 5.248641, 46.060458 ], [ 5.257946, 46.058121 ], [ 5.267178, 46.05565 ], [ 5.266389, 46.055278 ] ] ] } },
{ "type": "Feature", "properties": { "name": "LYON 02.1", "nameV": "TMA LYON 02.1", "class": "C", "type": "TMA", "lower": "3500FT AMSL", "lowerM": 1066, "upper": "4500FT AMSL", "upperM": 1371, "desc": "Airspace defined excluding the part which interferes with LF-R 220 A CHAMBARAN and LF-R 3200 A and B when active.", "activationCode": "H24", "UId": "48706002", "id": "LFLL02.1", "stroke": "#ff0000", "stroke-width": 2, "stroke-opacity": 0.8, "fill": "#ff8080", "fill-opacity": 0.3 }, "geometry": { "type": "Polygon", "coordinates": [ [ [ 5.419722, 45.279167 ], [ 4.886389, 45.280833 ], [ 4.883333, 45.383889 ], [ 5.181944, 45.440833 ], [ 5.419722, 45.553056 ], [ 5.489444, 45.447222 ], [ 5.581944, 45.448889 ], [ 5.618889, 45.396667 ], [ 5.618889, 45.338611 ], [ 5.419722, 45.279167 ] ] ] } },
{ "type": "Feature", "properties": { "name": "NANTES 1", "nameV": "TMA NANTES 1", "class": "D", "type": "TMA", "lower": "1500FT AMSL", "lowerM": 457, "upper": "2500FT AMSL", "upperM": 762, "activationCode": "H24", "UId": "48585941", "id": "LFRS1", "stroke": "#ff0000", "stroke-width": 2, "stroke-opacity": 0.8, "fill": "#ff8080", "fill-opacity": 0.3 }, "geometry": { "type": "Polygon", "coordinates": [ [ [ -1.64, 47.366111 ], [ -1.336667, 47.257222 ], [ -1.583611, 46.937778 ], [ -1.885, 47.046667 ], [ -1.64, 47.366111 ] ] ] } },
{ "type": "Feature", "properties": { "name": "LA ROCHELLE 1", "nameV": "TMA LA ROCHELLE 1", "class": "D", "type": "TMA", "lower": "2000FT AMSL", "lowerM": 609, "upper": "FL115", "upperM": 3505, "desc": "Excluding interfering parts with LF-R 147 and LF-D 236 when active.", "activationCode": "HO", "activationDesc": "(1) SUM: MON-SUN: 0530-2030  WIN: MON-SUN: 0630-1930 (2) En dehors des HOR ATS. / Outside ATS SKED.", "declassifiable": true, "UId": "1561029", "id": "LFBH1", "stroke": "#ff0000", "stroke-width": 2, "stroke-opacity": 0.8, "fill": "#ffb9dc", "fill-opacity": 0.3 }, "geometry": { "type": "Polygon", "coordinates": [ [ [ -1.11, 46.5 ], [ -0.938333, 46.058333 ], [ -1.368889, 46.058333 ], [ -1.483333, 46.133333 ], [ -1.625, 46.333333 ], [ -1.543056, 46.5 ], [ -1.11, 46.5 ] ] ] } },
{ "type": "Feature", "properties": { "name": "LORRAINE 1.2", "nameV": "TMA LORRAINE 1.2", "class": "D", "type": "TMA", "lower": "FL075", "lowerM": 2286, "upper": "FL115", "upperM": 3505, "activationCode": "H24", "UId": "48705667", "id": "LFJL1.2", "stroke": "#ff0000", "stroke-width": 2, "stroke-opacity": 0.8, "fill": "#ff8080", "fill-opacity": 0.3 }, "geometry": { "type": "Polygon", "coordinates": [ [ [ 6.0, 49.3 ], [ 6.353889, 49.3 ], [ 6.440278, 49.175 ], [ 6.455, 49.115 ], [ 6.501667, 48.925556 ], [ 6.328333, 48.746667 ], [ 6.257222, 48.753333 ], [ 6.195833, 48.789444 ], [ 5.976111, 48.9175 ], [ 5.907222, 48.9575 ], [ 6.0, 49.3 ] ] ] } },
{ "type": "Feature", "properties": { "name": "LORRAINE 2.2", "nameV": "TMA LORRAINE 2.2", "class": "D", "type": "TMA", "lower": "FL075", "lowerM": 2286, "upper": "FL115", "upperM": 3505, "desc": "Except for LF-R 104 CHAMBLEY when active.", "activationCode": "H24", "UId": "48705744", "id": "LFJL2.2", "stroke": "#ff0000", "stroke-width": 2, "stroke-opacity": 0.8, "fill": "#ff8080", "fill-opacity": 0.3 }, "geometry": { "type": "Polygon", "coordinates": [ [ [ 5.833333, 49.452222 ], [ 5.906389, 49.451667 ], [ 6.042222, 49.447778 ], [ 6.0, 49.3 ], [ 5.907222, 48.9575 ], [ 5.833333, 49.0 ], [ 5.833333, 49.233056 ], [ 5.833333, 49.370833 ], [ 5.833333, 49.452222 ] ] ] } },
{ "type": "Feature", "properties": { "name": "CLERMONT 10", "nameV": "TMA CLERMONT 10 Lower(1000FT AGL-4000FT AMSL)", "class": "E", "type": "TMA", "lower": "4000FT AMSL", "lowerMin": "1000FT AGL", "lowerM": 1219, "upper": "FL115", "upperM": 3505, "desc": "Except for TMA 9 and LF-R 590 A when active. Portions of this airspace are shared with LF-D 192 W, whose entry requirements are specified in part ENR 5.1.", "activationCode": "H24", "UId": "1560941", "id": "LFLC10", "stroke": "#008040", "stroke-width": 2, "stroke-opacity": 0.8, "fill": "#80ff80", "fill-opacity": 0.2 }, "geometry": { "type": "Polygon", "coordinates": [ [ [ 2.224167, 44.75 ], [ 3.038056, 44.716944 ], [ 3.041111, 44.624722 ], [ 2.821667, 44.025833 ], [ 2.128056, 44.128056 ], [ 2.128056, 44.297222 ], [ 2.0, 44.360833 ], [ 2.0, 44.64 ], [ 2.224167, 44.75 ] ] ] } },
{ "type": "Feature", "properties": { "name": "LILLE 8", "nameV": "TMA LILLE 8", "class": "D", "type": "TMA", "lower": "4500FT AMSL", "lowerM": 1371, "upper": "FL115", "upperM": 3505, "desc": "Except for EBR 24 A when active.", "activationCode": "H24", "UId": "49244454", "id": "LFQQ8", "stroke": "#ff0000", "stroke-width": 2, "stroke-opacity": 0.8, "fill": "#ff8080", "fill-opacity": 0.3 }, "geometry": { "type": "Polygon", "coordinates": [ [ [ 2.611944, 50.813889 ], [ 2.828333, 50.703333 ], [ 2.8925, 50.693889 ], [ 2.848611, 50.658333 ], [ 2.728333, 50.561111 ], [ 2.668333, 50.485833 ], [ 2.589722, 50.386944 ], [ 2.560556, 50.350278 ], [ 2.283333, 50.391667 ], [ 2.297222, 50.430556 ], [ 2.269444, 50.503889 ], [ 2.325278, 50.652222 ], [ 2.611944, 50.813889 ] ] ] } },
{ "type": "Feature", "properties": { "name": "CLERMONT 2.2", "nameV": "TMA CLERMONT 2.2", "class": "D", "type": "TMA", "lower": "5500FT AMSL", "lowerM": 1676, "upper": "FL110", "upperM": 3352, "desc": "Deactivation announced on CLERMONT ATIS or by CLERMONT INFO.", "activationCode": "H24", "UId": "1563995", "id": "LFLC2.2", "stroke": "#ff0000", "stroke-width": 2, "stroke-opacity": 0.8, "fill": "#ff8080", "fill-opacity": 0.3 }, "geometry": { "type": "Polygon", "coordinates": [ [ [ 3.233333, 45.623611 ], [ 3.253889, 45.541389 ], [ 3.006389, 45.515556 ], [ 3.002778, 45.599722 ], [ 3.138611, 45.613889 ], [ 3.233333, 45.623611 ] ] ] } },
{ "type": "Feature", "properties": { "name": "CLERMONT 2.1.20", "nameV": "TMA CLERMONT 2.1.20 Lower(1000FT AGL-2700FT AMSL)", "class": "E", "type": "TMA", "lower": "2700FT AMSL", "lowerMin": "1000FT AGL", "lowerM": 822, "upper": "5500FT AMSL", "upperM": 1676, "desc": "Deactivation announced on CLERMONT ATIS or by CLERMONT INFO.", "activationCode": "H24", "UId": "1563971", "id": "LFLC2.1.20", "stroke": "#008040", "stroke-width": 2, "stroke-opacity": 0.8, "fill": "#80ff80", "fill-opacity": 0.2 }, "geometry": { "type": "Polygon", "coordinates": [ [ [ 3.603333, 45.660833 ], [ 3.616667, 45.630556 ], [ 3.443611, 45.560833 ], [ 3.253889, 45.541389 ], [ 3.233333, 45.623611 ], [ 3.603333, 45.660833 ] ] ] } },
{ "type": "Feature", "properties": { "name": "NANTES 2", "nameV": "TMA NANTES 2", "class": "D", "type": "TMA", "lower": "2500FT AMSL", "lowerM": 762, "upper": "3500FT AMSL", "upperM": 1066, "desc": "LF-P 8 SAINT NAZAIRE MONTOIR AD: entry prohibited, exception see AIP ENR 5.1", "activationCode": "H24", "UId": "1561113", "id": "LFRS2", "stroke": "#ff0000", "stroke-width": 2, "stroke-opacity": 0.8, "fill": "#ff8080", "fill-opacity": 0.3 }, "geometry": { "type": "Polygon", "coordinates": [ [ [ -2.207222, 47.493889 ], [ -1.605556, 47.493889 ], [ -1.605532, 47.493899 ], [ -1.597911, 47.49378 ], [ -1.590293, 47.49358 ], [ -1.58268, 47.493301 ], [ -1.575075, 47.492942 ], [ -1.567479, 47.492502 ], [ -1.559895, 47.491983 ], [ -1.552323, 47.491384 ], [ -1.544766, 47.490706 ], [ -1.537225, 47.489948 ], [ -1.529704, 47.489111 ], [ -1.522202, 47.488196 ], [ -1.514723, 47.487201 ], [ -1.507267, 47.486128 ], [ -1.499837, 47.484976 ], [ -1.492435, 47.483747 ], [ -1.485063, 47.48244 ], [ -1.477721, 47.481055 ], [ -1.470412, 47.479594 ], [ -1.463138, 47.478056 ], [ -1.455901, 47.476441 ], [ -1.448702, 47.474751 ], [ -1.441543, 47.472985 ], [ -1.434426, 47.471144 ], [ -1.427352, 47.469229 ], [ -1.420323, 47.467239 ], [ -1.413341, 47.465176 ], [ -1.406408, 47.463039 ], [ -1.399525, 47.46083 ], [ -1.392694, 47.458549 ], [ -1.385917, 47.456196 ], [ -1.379194, 47.453773 ], [ -1.372529, 47.451278 ], [ -1.365922, 47.448715 ], [ -1.359376, 47.446081 ], [ -1.35289, 47.44338 ], [ -1.346469, 47.440611 ], [ -1.340111, 47.437774 ], [ -1.333821, 47.434871 ], [ -1.327598, 47.431902 ], [ -1.321444, 47.428868 ], [ -1.315361, 47.42577 ], [ -1.30935, 47.422608 ], [ -1.303414, 47.419383 ], [ -1.297552, 47.416096 ], [ -1.291767, 47.412749 ], [ -1.286059, 47.40934 ], [ -1.280431, 47.405872 ], [ -1.274884, 47.402346 ], [ -1.269419, 47.398761 ], [ -1.264037, 47.395119 ], [ -1.258739, 47.391421 ], [ -1.253527, 47.387668 ], [ -1.248403, 47.383861 ], [ -1.243367, 47.38 ], [ -1.23842, 47.376087 ], [ -1.233564, 47.372122 ], [ -1.2288, 47.368107 ], [ -1.224128, 47.364042 ], [ -1.219551, 47.359928 ], [ -1.215069, 47.355767 ], [ -1.210684, 47.351559 ], [ -1.206395, 47.347306 ], [ -1.202205, 47.343008 ], [ -1.198114, 47.338666 ], [ -1.194123, 47.334282 ], [ -1.190234, 47.329856 ], [ -1.186446, 47.32539 ], [ -1.182762, 47.320885 ], [ -1.179181, 47.316342 ], [ -1.175705, 47.311762 ], [ -1.172334, 47.307145 ], [ -1.16907, 47.302494 ], [ -1.165913, 47.297809 ], [ -1.162863, 47.293091 ], [ -1.159922, 47.288342 ], [ -1.15709, 47.283562 ], [ -1.158333, 47.283611 ], [ -1.158333, 47.283611 ], [ -1.499722, 46.836944 ], [ -1.499364, 46.836933 ], [ -1.503746, 46.836232 ], [ -1.508137, 46.835559 ], [ -1.512536, 46.834914 ], [ -1.516945, 46.834296 ], [ -1.521361, 46.833706 ], [ -1.525785, 46.833143 ], [ -1.530216, 46.832609 ], [ -1.534654, 46.832102 ], [ -1.539099, 46.831623 ], [ -1.54355, 46.831173 ], [ -1.548007, 46.83075 ], [ -1.552469, 46.830355 ], [ -1.556936, 46.829988 ], [ -1.561408, 46.82965 ], [ -1.565885, 46.829339 ], [ -1.570365, 46.829057 ], [ -1.574849, 46.828802 ], [ -1.579336, 46.828576 ], [ -1.583826, 46.828379 ], [ -1.588318, 46.828209 ], [ -1.592813, 46.828068 ], [ -1.597309, 46.827955 ], [ -1.601806, 46.82787 ], [ -1.606305, 46.827813 ], [ -1.610804, 46.827785 ], [ -1.615303, 46.827785 ], [ -1.619802, 46.827813 ], [ -1.6243, 46.82787 ], [ -1.628798, 46.827954 ], [ -1.633294, 46.828068 ], [ -1.637788, 46.828209 ], [ -1.642281, 46.828378 ], [ -1.646771, 46.828576 ], [ -1.651258, 46.828802 ], [ -1.655742, 46.829056 ], [ -1.660222, 46.829339 ], [ -1.664698, 46.829649 ], [ -1.66917, 46.829988 ], [ -1.673638, 46.830354 ], [ -1.6781, 46.830749 ], [ -1.682557, 46.831172 ], [ -1.687008, 46.831623 ], [ -1.691452, 46.832101 ], [ -1.695891, 46.832608 ], [ -1.700322, 46.833143 ], [ -1.704746, 46.833705 ], [ -1.709162, 46.834295 ], [ -1.71357, 46.834913 ], [ -1.71797, 46.835558 ], [ -1.722361, 46.836232 ], [ -1.726743, 46.836932 ], [ -1.731115, 46.83766 ], [ -1.735477, 46.838416 ], [ -1.739829, 46.839199 ], [ -1.744171, 46.84001 ], [ -1.748501, 46.840847 ], [ -1.75282, 46.841712 ], [ -1.757127, 46.842604 ], [ -1.761423, 46.843523 ], [ -1.765705, 46.844469 ], [ -1.769975, 46.845441 ], [ -1.774232, 46.846441 ], [ -1.778476, 46.847467 ], [ -1.782705, 46.84852 ], [ -1.78692, 46.8496 ], [ -1.791121, 46.850705 ], [ -1.795306, 46.851838 ], [ -1.799477, 46.852996 ], [ -1.803631, 46.854181 ], [ -1.80777, 46.855391 ], [ -1.811892, 46.856628 ], [ -1.815998, 46.857891 ], [ -1.820086, 46.859179 ], [ -1.824158, 46.860493 ], [ -1.828211, 46.861832 ], [ -1.832246, 46.863197 ], [ -1.831667, 46.863056 ], [ -1.831667, 46.863056 ], [ -2.352222, 47.070833 ], [ -2.333333, 47.416667 ], [ -2.207222, 47.493889 ] ] ] } },
{ "type": "Feature", "properties": { "name": "LYON 09", "nameV": "TMA LYON 09", "class": "E", "type": "TMA", "lower": "FL085", "lowerM": 2590, "upper": "FL115", "upperM": 3505, "activationCode": "H24", "UId": "1561883", "id": "LFLL09", "stroke": "#008040", "stroke-width": 2, "stroke-opacity": 0.8, "fill": "#80ff80", "fill-opacity": 0.2 }, "geometry": { "type": "Polygon", "coordinates": [ [ [ 3.898056, 45.969444 ], [ 4.290278, 45.923889 ], [ 4.616667, 45.283333 ], [ 4.533333, 45.266667 ], [ 4.316667, 45.2 ], [ 3.898056, 45.969444 ] ] ] } },
{ "type": "Feature", "properties": { "name": "LYON 10", "nameV": "TMA LYON 10", "class": "C", "type": "TMA", "lower": "FL095", "lowerM": 2895, "upper": "FL115", "upperM": 3505, "activationCode": "H24", "UId": "1566467", "id": "LFLL10", "stroke": "#ff0000", "stroke-width": 2, "stroke-opacity": 0.8, "fill": "#ff8080", "fill-opacity": 0.3 }, "geometry": { "type": "Polygon", "coordinates": [ [ [ 5.389722, 45.066667 ], [ 5.301944, 45.066111 ], [ 5.435, 45.246389 ], [ 5.555833, 45.269167 ], [ 5.600278, 45.287778 ], [ 5.618889, 45.311389 ], [ 5.618889, 45.356111 ], [ 5.725833, 45.451111 ], [ 5.717778, 45.490278 ], [ 5.528056, 45.581667 ], [ 5.498056, 45.685556 ], [ 5.955, 45.635278 ], [ 5.982778, 45.605556 ], [ 5.979167, 45.455556 ], [ 5.908611, 45.449167 ], [ 5.788889, 45.438333 ], [ 5.703611, 45.3025 ], [ 5.65, 45.216667 ], [ 5.520278, 45.088056 ], [ 5.389722, 45.066667 ] ] ] } },
{ "type": "Feature", "properties": { "name": "NANTES 3", "nameV": "TMA NANTES 3", "class": "D", "type": "TMA", "lower": "3500FT AMSL", "lowerM": 1066, "upper": "FL055", "upperM": 1676, "activationCode": "H24", "UId": "1561111", "id": "LFRS3", "stroke": "#ff0000", "stroke-width": 2, "stroke-opacity": 0.8, "fill": "#ff8080", "fill-opacity": 0.3 }, "geometry": { "type": "Polygon", "coordinates": [ [ [ -1.239722, 47.660833 ], [ -0.953889, 47.486944 ], [ -0.91, 47.253889 ], [ -1.353889, 46.978056 ], [ -1.445833, 46.791667 ], [ -1.957778, 46.668056 ], [ -2.270833, 46.793333 ], [ -2.363056, 46.86 ], [ -2.333333, 47.416667 ], [ -2.207222, 47.493889 ], [ -2.033333, 47.6 ], [ -1.821389, 47.616667 ], [ -1.239722, 47.660833 ] ] ] } },
{ "type": "Feature", "properties": { "name": "LYON 06", "nameV": "TMA LYON 06", "class": "D", "type": "TMA", "lower": "FL115", "lowerM": 3505, "upper": "FL145", "upperM": 4419, "activationCode": "H24", "UId": "1561075", "id": "LFLL06", "stroke": "#ff0000", "stroke-width": 2, "stroke-opacity": 0.8, "fill": "#ff8080", "fill-opacity": 0.1 }, "geometry": { "type": "Polygon", "coordinates": [ [ [ 5.407778, 46.363333 ], [ 5.606111, 46.477222 ], [ 5.801111, 46.242222 ], [ 5.661667, 46.173333 ], [ 5.661083, 46.173507 ], [ 5.658011, 46.171967 ], [ 5.654979, 46.17039 ], [ 5.651988, 46.168776 ], [ 5.649037, 46.167126 ], [ 5.646129, 46.165441 ], [ 5.643264, 46.163721 ], [ 5.640443, 46.161966 ], [ 5.637667, 46.160178 ], [ 5.634937, 46.158356 ], [ 5.632253, 46.156501 ], [ 5.629616, 46.154614 ], [ 5.627027, 46.152696 ], [ 5.624488, 46.150746 ], [ 5.621998, 46.148766 ], [ 5.619558, 46.146756 ], [ 5.61717, 46.144717 ], [ 5.614834, 46.142649 ], [ 5.61255, 46.140554 ], [ 5.61032, 46.13843 ], [ 5.608143, 46.136281 ], [ 5.606021, 46.134105 ], [ 5.603955, 46.131903 ], [ 5.601944, 46.129678 ], [ 5.59999, 46.127428 ], [ 5.598094, 46.125154 ], [ 5.596254, 46.122858 ], [ 5.594474, 46.12054 ], [ 5.592751, 46.118201 ], [ 5.591089, 46.115842 ], [ 5.589486, 46.113462 ], [ 5.587943, 46.111064 ], [ 5.586461, 46.108647 ], [ 5.58504, 46.106213 ], [ 5.583681, 46.103762 ], [ 5.582384, 46.101295 ], [ 5.58115, 46.098812 ], [ 5.579978, 46.096315 ], [ 5.578869, 46.093804 ], [ 5.577824, 46.09128 ], [ 5.576842, 46.088743 ], [ 5.575925, 46.086196 ], [ 5.575072, 46.083637 ], [ 5.574284, 46.081069 ], [ 5.57356, 46.078491 ], [ 5.572902, 46.075905 ], [ 5.572308, 46.073311 ], [ 5.571781, 46.070711 ], [ 5.571318, 46.068104 ], [ 5.570922, 46.065493 ], [ 5.570591, 46.062877 ], [ 5.570326, 46.060257 ], [ 5.570556, 46.060278 ], [ 5.570556, 46.060278 ], [ 5.576389, 46.237222 ], [ 5.407778, 46.363333 ] ] ] } },
{ "type": "Feature", "properties": { "name": "LYON 06.30", "nameV": "TMA LYON 06.30", "class": "C", "type": "TMA", "lower": "FL075", "lowerM": 2286, "upper": "FL115", "upperM": 3505, "desc": "Except for LF-R 135 when active. Lower limit FL 085 within part 06.1 lateral limits.", "activationCode": "H24", "UId": "1561833", "id": "LFLL06.30", "stroke": "#ff0000", "stroke-width": 2, "stroke-opacity": 0.8, "fill": "#ff8080", "fill-opacity": 0.3 }, "geometry": { "type": "Polygon", "coordinates": [ [ [ 5.407778, 46.363333 ], [ 5.606111, 46.477222 ], [ 5.801111, 46.242222 ], [ 5.661667, 46.173333 ], [ 5.661083, 46.173507 ], [ 5.658011, 46.171967 ], [ 5.654979, 46.17039 ], [ 5.651988, 46.168776 ], [ 5.649037, 46.167126 ], [ 5.646129, 46.165441 ], [ 5.643264, 46.163721 ], [ 5.640443, 46.161966 ], [ 5.637667, 46.160178 ], [ 5.634937, 46.158356 ], [ 5.632253, 46.156501 ], [ 5.629616, 46.154614 ], [ 5.627027, 46.152696 ], [ 5.624488, 46.150746 ], [ 5.621998, 46.148766 ], [ 5.619558, 46.146756 ], [ 5.61717, 46.144717 ], [ 5.614834, 46.142649 ], [ 5.61255, 46.140554 ], [ 5.61032, 46.13843 ], [ 5.608143, 46.136281 ], [ 5.606021, 46.134105 ], [ 5.603955, 46.131903 ], [ 5.601944, 46.129678 ], [ 5.59999, 46.127428 ], [ 5.598094, 46.125154 ], [ 5.596254, 46.122858 ], [ 5.594474, 46.12054 ], [ 5.592751, 46.118201 ], [ 5.591089, 46.115842 ], [ 5.589486, 46.113462 ], [ 5.587943, 46.111064 ], [ 5.586461, 46.108647 ], [ 5.58504, 46.106213 ], [ 5.583681, 46.103762 ], [ 5.582384, 46.101295 ], [ 5.58115, 46.098812 ], [ 5.579978, 46.096315 ], [ 5.578869, 46.093804 ], [ 5.577824, 46.09128 ], [ 5.576842, 46.088743 ], [ 5.575925, 46.086196 ], [ 5.575072, 46.083637 ], [ 5.574284, 46.081069 ], [ 5.57356, 46.078491 ], [ 5.572902, 46.075905 ], [ 5.572308, 46.073311 ], [ 5.571781, 46.070711 ], [ 5.571318, 46.068104 ], [ 5.570922, 46.065493 ], [ 5.570591, 46.062877 ], [ 5.570326, 46.060257 ], [ 5.570556, 46.060278 ], [ 5.570556, 46.060278 ], [ 5.576389, 46.237222 ], [ 5.407778, 46.363333 ] ] ] } },
{ "type": "Feature", "properties": { "name": "LYON 07", "nameV": "TMA LYON 07", "class": "C", "type": "TMA", "lower": "FL095", "lowerM": 2895, "upper": "FL115", "upperM": 3505, "activationCode": "H24", "UId": "1561723", "id": "LFLL07", "stroke": "#ff0000", "stroke-width": 2, "stroke-opacity": 0.8, "fill": "#ff8080", "fill-opacity": 0.3 }, "geometry": { "type": "Polygon", "coordinates": [ [ [ 5.485556, 45.916667 ], [ 5.600278, 45.975278 ], [ 5.599833, 45.975343 ], [ 5.60076, 45.974249 ], [ 5.601701, 45.973161 ], [ 5.602654, 45.972078 ], [ 5.603621, 45.971001 ], [ 5.6046, 45.969929 ], [ 5.605593, 45.968863 ], [ 5.606599, 45.967804 ], [ 5.607617, 45.96675 ], [ 5.608648, 45.965702 ], [ 5.609692, 45.96466 ], [ 5.610748, 45.963625 ], [ 5.611817, 45.962595 ], [ 5.612898, 45.961572 ], [ 5.613992, 45.960556 ], [ 5.615098, 45.959545 ], [ 5.616216, 45.958542 ], [ 5.617346, 45.957545 ], [ 5.618488, 45.956554 ], [ 5.619643, 45.955571 ], [ 5.620809, 45.954594 ], [ 5.621987, 45.953624 ], [ 5.623177, 45.952661 ], [ 5.624378, 45.951705 ], [ 5.625591, 45.950756 ], [ 5.626815, 45.949814 ], [ 5.628051, 45.948879 ], [ 5.629298, 45.947952 ], [ 5.630556, 45.947032 ], [ 5.631825, 45.94612 ], [ 5.633106, 45.945215 ], [ 5.634397, 45.944317 ], [ 5.635699, 45.943427 ], [ 5.637011, 45.942545 ], [ 5.638335, 45.941671 ], [ 5.639669, 45.940804 ], [ 5.641013, 45.939945 ], [ 5.642368, 45.939094 ], [ 5.643733, 45.938251 ], [ 5.645108, 45.937417 ], [ 5.646493, 45.93659 ], [ 5.647889, 45.935771 ], [ 5.649294, 45.934961 ], [ 5.650708, 45.934159 ], [ 5.652133, 45.933365 ], [ 5.653567, 45.93258 ], [ 5.65501, 45.931803 ], [ 5.656463, 45.931034 ], [ 5.657925, 45.930274 ], [ 5.659397, 45.929523 ], [ 5.660877, 45.92878 ], [ 5.662366, 45.928047 ], [ 5.662778, 45.928056 ], [ 5.662778, 45.928056 ], [ 5.489444, 45.716667 ], [ 5.450556, 45.856111 ], [ 5.485556, 45.916667 ] ] ] } },
{ "type": "Feature", "properties": { "name": "CLERMONT 2.2.20", "nameV": "TMA CLERMONT 2.2.20 Lower(1000FT AGL-2700FT AMSL)", "class": "E", "type": "TMA", "lower": "2700FT AMSL", "lowerMin": "1000FT AGL", "lowerM": 822, "upper": "5500FT AMSL", "upperM": 1676, "desc": "Deactivation announced on CLERMONT ATIS or by CLERMONT INFO.", "activationCode": "H24", "UId": "1563991", "id": "LFLC2.2.20", "stroke": "#008040", "stroke-width": 2, "stroke-opacity": 0.8, "fill": "#80ff80", "fill-opacity": 0.2 }, "geometry": { "type": "Polygon", "coordinates": [ [ [ 3.233333, 45.623611 ], [ 3.253889, 45.541389 ], [ 3.006389, 45.515556 ], [ 3.002778, 45.599722 ], [ 3.138611, 45.613889 ], [ 3.233333, 45.623611 ] ] ] } },
{ "type": "Feature", "properties": { "name": "CLERMONT 2.3.20", "nameV": "TMA CLERMONT 2.3.20 Lower(1000FT AGL-2700FT AMSL)", "class": "E", "type": "TMA", "lower": "2700FT AMSL", "lowerMin": "1000FT AGL", "lowerM": 822, "upper": "5500FT AMSL", "upperM": 1676, "desc": "Deactivation announced on CLERMONT ATIS or by CLERMONT INFO.", "activationCode": "H24", "UId": "1563987", "id": "LFLC2.3.20", "stroke": "#008040", "stroke-width": 2, "stroke-opacity": 0.8, "fill": "#80ff80", "fill-opacity": 0.2 }, "geometry": { "type": "Polygon", "coordinates": [ [ [ 2.99, 45.812222 ], [ 3.034722, 45.806667 ], [ 3.034144, 45.806693 ], [ 3.03433, 45.803941 ], [ 3.034549, 45.80119 ], [ 3.034799, 45.798441 ], [ 3.035083, 45.795693 ], [ 3.035399, 45.792947 ], [ 3.035747, 45.790202 ], [ 3.036128, 45.78746 ], [ 3.036541, 45.78472 ], [ 3.036986, 45.781983 ], [ 3.037464, 45.779248 ], [ 3.037975, 45.776516 ], [ 3.038517, 45.773787 ], [ 3.039092, 45.771062 ], [ 3.039699, 45.768339 ], [ 3.040338, 45.76562 ], [ 3.041009, 45.762906 ], [ 3.041712, 45.760195 ], [ 3.042447, 45.757488 ], [ 3.043215, 45.754785 ], [ 3.044014, 45.752087 ], [ 3.044844, 45.749394 ], [ 3.045707, 45.746705 ], [ 3.046601, 45.744022 ], [ 3.047527, 45.741344 ], [ 3.048485, 45.738671 ], [ 3.049474, 45.736004 ], [ 3.050494, 45.733342 ], [ 3.051546, 45.730687 ], [ 3.052629, 45.728038 ], [ 3.053743, 45.725395 ], [ 3.054888, 45.722758 ], [ 3.056065, 45.720128 ], [ 3.057272, 45.717506 ], [ 3.05851, 45.71489 ], [ 3.059779, 45.712281 ], [ 3.061079, 45.70968 ], [ 3.062409, 45.707086 ], [ 3.063769, 45.7045 ], [ 3.065161, 45.701922 ], [ 3.066582, 45.699352 ], [ 3.068034, 45.69679 ], [ 3.069515, 45.694237 ], [ 3.071027, 45.691692 ], [ 3.072569, 45.689156 ], [ 3.07414, 45.68663 ], [ 3.075741, 45.684112 ], [ 3.077371, 45.681603 ], [ 3.079031, 45.679104 ], [ 3.080721, 45.676615 ], [ 3.082439, 45.674135 ], [ 3.084187, 45.671666 ], [ 3.085964, 45.669206 ], [ 3.087769, 45.666757 ], [ 3.089603, 45.664318 ], [ 3.091466, 45.66189 ], [ 3.093357, 45.659473 ], [ 3.095277, 45.657067 ], [ 3.097224, 45.654672 ], [ 3.0992, 45.652288 ], [ 3.101204, 45.649915 ], [ 3.103235, 45.647555 ], [ 3.105295, 45.645205 ], [ 3.107381, 45.642868 ], [ 3.109495, 45.640543 ], [ 3.111636, 45.638231 ], [ 3.113805, 45.63593 ], [ 3.116, 45.633642 ], [ 3.118222, 45.631367 ], [ 3.12047, 45.629105 ], [ 3.122745, 45.626856 ], [ 3.125046, 45.62462 ], [ 3.127374, 45.622397 ], [ 3.129727, 45.620187 ], [ 3.132106, 45.617992 ], [ 3.134511, 45.61581 ], [ 3.136942, 45.613642 ], [ 3.138611, 45.613889 ], [ 3.138611, 45.613889 ], [ 3.002778, 45.599722 ], [ 2.995833, 45.737222 ], [ 2.993333, 45.789167 ], [ 2.99, 45.812222 ] ] ] } },
{ "type": "Feature", "properties": { "name": "NANTES 4", "nameV": "TMA NANTES 4", "class": "D", "type": "TMA", "lower": "FL055", "lowerM": 1676, "upper": "FL065", "upperM": 1981, "activationCode": "H24", "UId": "48586019", "id": "LFRS4", "stroke": "#ff0000", "stroke-width": 2, "stroke-opacity": 0.8, "fill": "#ff8080", "fill-opacity": 0.3 }, "geometry": { "type": "Polygon", "coordinates": [ [ [ -1.239722, 47.660833 ], [ -0.953889, 47.486944 ], [ -0.91, 47.253889 ], [ -1.11, 46.5 ], [ -1.543056, 46.5 ], [ -2.270833, 46.793333 ], [ -2.363056, 46.86 ], [ -2.333333, 47.416667 ], [ -2.033333, 47.6 ], [ -1.821389, 47.616667 ], [ -1.239722, 47.660833 ] ] ] } },
{ "type": "Feature", "properties": { "name": "LYON 08", "nameV": "TMA LYON 08", "class": "C", "type": "TMA", "lower": "FL075", "lowerM": 2286, "upper": "FL115", "upperM": 3505, "activationCode": "H24", "UId": "1561837", "id": "LFLL08", "stroke": "#ff0000", "stroke-width": 2, "stroke-opacity": 0.8, "fill": "#ff8080", "fill-opacity": 0.3 }, "geometry": { "type": "Polygon", "coordinates": [ [ [ 5.528056, 45.581667 ], [ 5.717778, 45.490278 ], [ 5.725833, 45.451111 ], [ 5.618889, 45.356111 ], [ 5.618889, 45.449167 ], [ 5.544444, 45.52 ], [ 5.528056, 45.581667 ] ] ] } },
{ "type": "Feature", "properties": { "name": "LUXEUIL 1", "nameV": "TMA LUXEUIL 1", "class": "D", "type": "TMA", "lower": "2200FT AMSL", "lowerM": 670, "upper": "FL195", "upperM": 5943, "desc": "OAT/GAT procedures. Except for CTR Luxeuil, TMA 5 Luxeuil, LF-R 45 S1 and LF-R 152 when active and for AWY Y112. Deactivation announced by RAI 129.925 MHz. Activity known on REIMS ACC, BASEL INFO and STRASBOURG INFO.", "activationCode": "HO", "activationDesc": "Activable H24. Possible activation H24.", "declassifiable": true, "UId": "1564629", "id": "LFSX1", "stroke": "#ff0000", "stroke-width": 2, "stroke-opacity": 0.8, "fill": "#ffb9dc", "fill-opacity": 0.3 }, "geometry": { "type": "Polygon", "coordinates": [ [ [ 6.161944, 48.133889 ], [ 6.343611, 47.953056 ], [ 6.1175, 47.785 ], [ 6.038611, 47.775278 ], [ 5.793333, 47.863333 ], [ 6.161944, 48.133889 ] ] ] } },
{ "type": "Feature", "properties": { "name": "LUXEUIL 3", "nameV": "TMA LUXEUIL 3", "class": "D", "type": "TMA", "lower": "4000FT AMSL", "lowerM": 1219, "upper": "FL195", "upperM": 5943, "desc": "OAT/GAT procedures. Except for LF-R 45 S1, LF-R 45 S2, LF-R 45 NS and LF-R 152 when active and for AWY Y112. Deactivation announced by RAI 129.925 MHz. Activity known on REIMS ACC, BASEL INFO and STRASBOURG INFO.", "activationCode": "HO", "activationDesc": "Activable H24. Possible activation H24.", "declassifiable": true, "UId": "1564635", "id": "LFSX3", "stroke": "#ff0000", "stroke-width": 2, "stroke-opacity": 0.8, "fill": "#ffb9dc", "fill-opacity": 0.3 }, "geometry": { "type": "Polygon", "coordinates": [ [ [ 5.994167, 48.176944 ], [ 5.994164, 48.176907 ], [ 5.9974, 48.176903 ], [ 6.000636, 48.17687 ], [ 6.003871, 48.17681 ], [ 6.007104, 48.176721 ], [ 6.010336, 48.176605 ], [ 6.013565, 48.176461 ], [ 6.016791, 48.176288 ], [ 6.020013, 48.176088 ], [ 6.023231, 48.17586 ], [ 6.026444, 48.175603 ], [ 6.029652, 48.175319 ], [ 6.032854, 48.175008 ], [ 6.03605, 48.174668 ], [ 6.039239, 48.174301 ], [ 6.04242, 48.173907 ], [ 6.045594, 48.173484 ], [ 6.048759, 48.173035 ], [ 6.051914, 48.172558 ], [ 6.055061, 48.172053 ], [ 6.058197, 48.171522 ], [ 6.061322, 48.170963 ], [ 6.064437, 48.170377 ], [ 6.067539, 48.169765 ], [ 6.07063, 48.169125 ], [ 6.073707, 48.168459 ], [ 6.076772, 48.167766 ], [ 6.079822, 48.167047 ], [ 6.082859, 48.166301 ], [ 6.08588, 48.165529 ], [ 6.088886, 48.164731 ], [ 6.091876, 48.163907 ], [ 6.09485, 48.163058 ], [ 6.097807, 48.162182 ], [ 6.100747, 48.161281 ], [ 6.103669, 48.160354 ], [ 6.106573, 48.159403 ], [ 6.109457, 48.158426 ], [ 6.112323, 48.157424 ], [ 6.115168, 48.156398 ], [ 6.117994, 48.155347 ], [ 6.120798, 48.154271 ], [ 6.123581, 48.153172 ], [ 6.126343, 48.152048 ], [ 6.129082, 48.150901 ], [ 6.131799, 48.14973 ], [ 6.134493, 48.148535 ], [ 6.137163, 48.147317 ], [ 6.139809, 48.146077 ], [ 6.142431, 48.144813 ], [ 6.145028, 48.143527 ], [ 6.1476, 48.142218 ], [ 6.150146, 48.140887 ], [ 6.152665, 48.139535 ], [ 6.155158, 48.13816 ], [ 6.157624, 48.136764 ], [ 6.160063, 48.135347 ], [ 6.162474, 48.133909 ], [ 6.161944, 48.133889 ], [ 6.161944, 48.133889 ], [ 5.793333, 47.863333 ], [ 5.792843, 47.86342 ], [ 5.789917, 47.865252 ], [ 5.787028, 47.867111 ], [ 5.784176, 47.868995 ], [ 5.781362, 47.870905 ], [ 5.778586, 47.87284 ], [ 5.775849, 47.874799 ], [ 5.773151, 47.876784 ], [ 5.770493, 47.878792 ], [ 5.767875, 47.880824 ], [ 5.765298, 47.882879 ], [ 5.762763, 47.884957 ], [ 5.760269, 47.887058 ], [ 5.757817, 47.889181 ], [ 5.755407, 47.891326 ], [ 5.753041, 47.893492 ], [ 5.750718, 47.89568 ], [ 5.748438, 47.897888 ], [ 5.746203, 47.900116 ], [ 5.744013, 47.902364 ], [ 5.741868, 47.904632 ], [ 5.739768, 47.906919 ], [ 5.737714, 47.909224 ], [ 5.735706, 47.911548 ], [ 5.733745, 47.91389 ], [ 5.731831, 47.916249 ], [ 5.729964, 47.918625 ], [ 5.728144, 47.921017 ], [ 5.726373, 47.923426 ], [ 5.72465, 47.92585 ], [ 5.722975, 47.92829 ], [ 5.72135, 47.930744 ], [ 5.719773, 47.933213 ], [ 5.718246, 47.935696 ], [ 5.716769, 47.938192 ], [ 5.715342, 47.940702 ], [ 5.713965, 47.943224 ], [ 5.712639, 47.945758 ], [ 5.711364, 47.948304 ], [ 5.710139, 47.950861 ], [ 5.708966, 47.953429 ], [ 5.707845, 47.956007 ], [ 5.706775, 47.958595 ], [ 5.705757, 47.961192 ], [ 5.704791, 47.963798 ], [ 5.703877, 47.966413 ], [ 5.703016, 47.969036 ], [ 5.702207, 47.971666 ], [ 5.701451, 47.974303 ], [ 5.700749, 47.976947 ], [ 5.700099, 47.979597 ], [ 5.699502, 47.982252 ], [ 5.698959, 47.984913 ], [ 5.698469, 47.987578 ], [ 5.698032, 47.990247 ], [ 5.697649, 47.99292 ], [ 5.69732, 47.995597 ], [ 5.697044, 47.998276 ], [ 5.696822, 48.000957 ], [ 5.696654, 48.00364 ], [ 5.69654, 48.006324 ], [ 5.69648, 48.009009 ], [ 5.696474, 48.011694 ], [ 5.696521, 48.014379 ], [ 5.696623, 48.017064 ], [ 5.696778, 48.019747 ], [ 5.696988, 48.022429 ], [ 5.697251, 48.025108 ], [ 5.697568, 48.027785 ], [ 5.698611, 48.027778 ], [ 5.698611, 48.027778 ], [ 5.994167, 48.176944 ] ] ] } },
{ "type": "Feature", "properties": { "name": "LYON 11", "nameV": "TMA LYON 11", "class": "D", "type": "TMA", "lower": "FL085", "lowerM": 2590, "upper": "FL115", "upperM": 3505, "activationCode": "H24", "UId": "50623428", "id": "LFLL11", "stroke": "#ff0000", "stroke-width": 2, "stroke-opacity": 0.8, "fill": "#ff8080", "fill-opacity": 0.3 }, "geometry": { "type": "Polygon", "coordinates": [ [ [ 4.616667, 45.283333 ], [ 4.714722, 44.924167 ], [ 4.398333, 45.0475 ], [ 4.316667, 45.2 ], [ 4.533333, 45.266667 ], [ 4.616667, 45.283333 ] ] ] } },
{ "type": "Feature", "properties": { "name": "BALE DELEG.LANGEN SW2 PART2 SUISSE", "nameV": "TMA BALE DELEG.LANGEN SW2 PART2 SUISSE", "class": "C", "type": "TMA", "lower": "FL100", "lowerM": 3048, "upper": "FL115", "upperM": 3505, "desc": "By LANGEN ACC delegation. STAUFEN AREA", "activationCode": "H24", "UId": "35860736", "id": "LFSBDLSW22", "stroke": "#ff0000", "stroke-width": 2, "stroke-opacity": 0.8, "fill": "#ff8080", "fill-opacity": 0.3 }, "geometry": { "type": "Polygon", "coordinates": [ [ [ 7.674084088117342, 47.584511244252113 ], [ 7.674969, 47.584192 ], [ 7.677, 47.583736 ], [ 7.678992, 47.583264 ], [ 7.680917, 47.582722 ], [ 7.681336, 47.580983 ], [ 7.6817, 47.579364 ], [ 7.682022, 47.577458 ], [ 7.683044, 47.57705 ], [ 7.683881, 47.576661 ], [ 7.683875, 47.575628 ], [ 7.683733, 47.573875 ], [ 7.6844, 47.573783 ], [ 7.685617, 47.573042 ], [ 7.686919, 47.572833 ], [ 7.689044, 47.572425 ], [ 7.6894, 47.571819 ], [ 7.689703, 47.571506 ], [ 7.688994, 47.570267 ], [ 7.688528, 47.569889 ], [ 7.687231, 47.568469 ], [ 7.686909238850054, 47.567823880870584 ], [ 7.686909, 47.567824 ], [ 7.674084088117342, 47.584511244252113 ] ] ] } },
{ "type": "Feature", "properties": { "name": "BALE DELEG.LANGEN SW2 PART1 SUISSE", "nameV": "TMA BALE DELEG.LANGEN SW2 PART1 SUISSE", "class": "C", "type": "TMA", "lower": "FL100", "lowerM": 3048, "upper": "FL115", "upperM": 3505, "desc": "By LANGEN ACC delegation. STAUFEN AREA", "activationCode": "H24", "UId": "35860732", "id": "LFSBDLSW21", "stroke": "#ff0000", "stroke-width": 2, "stroke-opacity": 0.8, "fill": "#ff8080", "fill-opacity": 0.3 }, "geometry": { "type": "Polygon", "coordinates": [ [ [ 7.668375002852795, 47.59192825895839 ], [ 7.672211, 47.591886 ], [ 7.673714, 47.591908 ], [ 7.675111, 47.591969 ], [ 7.675514, 47.593047 ], [ 7.676075, 47.593542 ], [ 7.676847, 47.594306 ], [ 7.678078, 47.595336 ], [ 7.679742, 47.59635 ], [ 7.680678, 47.597156 ], [ 7.68165, 47.597333 ], [ 7.682342, 47.597892 ], [ 7.682983, 47.598475 ], [ 7.684847, 47.598722 ], [ 7.687106, 47.598672 ], [ 7.687997, 47.598597 ], [ 7.689328, 47.598819 ], [ 7.690567, 47.599178 ], [ 7.691631, 47.599581 ], [ 7.6933, 47.600925 ], [ 7.693725, 47.600772 ], [ 7.693028, 47.599469 ], [ 7.692028, 47.598706 ], [ 7.690225, 47.597558 ], [ 7.688694, 47.597336 ], [ 7.6865, 47.596919 ], [ 7.684664, 47.596653 ], [ 7.683664, 47.596 ], [ 7.682928, 47.595147 ], [ 7.681994, 47.59425 ], [ 7.681433, 47.593828 ], [ 7.680364, 47.592814 ], [ 7.679325, 47.592094 ], [ 7.677433, 47.591317 ], [ 7.675461, 47.589944 ], [ 7.673364, 47.588286 ], [ 7.67188070771811, 47.587376476666684 ], [ 7.671881, 47.587376 ], [ 7.668375002852795, 47.59192825895839 ] ] ] } },
{ "type": "Feature", "properties": { "name": "BALE 06", "nameV": "TMA BALE 06", "class": "D", "type": "TMA", "lower": "FL095", "lowerM": 2895, "upper": "FL115", "upperM": 3505, "activationCode": "H24", "UId": "35848438", "id": "LFSB06F", "stroke": "#ff0000", "stroke-width": 2, "stroke-opacity": 0.8, "fill": "#ff8080", "fill-opacity": 0.3 }, "geometry": { "type": "Polygon", "coordinates": [ [ [ 6.416667, 47.9 ], [ 6.808333, 47.833333 ], [ 6.808333, 47.75 ], [ 6.65, 47.65 ], [ 6.614842, 47.488355 ], [ 6.333333, 47.533333 ], [ 6.416667, 47.9 ] ] ] } },
{ "type": "Feature", "properties": { "name": "BALE DELEG.LANGEN S-E", "nameV": "TMA BALE DELEG.LANGEN S-E", "class": "C", "type": "TMA", "lower": "FL100", "lowerM": 3048, "upper": "FL115", "upperM": 3505, "desc": "By LANGEN ACC delegation. STAUFEN AREA", "activationCode": "H24", "UId": "35860720", "id": "LFSBDLSE", "stroke": "#ff0000", "stroke-width": 2, "stroke-opacity": 0.8, "fill": "#ff8080", "fill-opacity": 0.3 }, "geometry": { "type": "Polygon", "coordinates": [ [ [ 7.584981, 47.933333 ], [ 7.749444, 47.696944 ], [ 7.755278, 47.586667 ], [ 7.633208, 47.743256 ], [ 7.560292, 47.836792 ], [ 7.563128, 47.843628 ], [ 7.563578, 47.848758 ], [ 7.562608, 47.854292 ], [ 7.555853, 47.867189 ], [ 7.555561, 47.873847 ], [ 7.557078, 47.879 ], [ 7.562561, 47.884856 ], [ 7.572092, 47.889089 ], [ 7.579072, 47.894144 ], [ 7.582919, 47.901947 ], [ 7.580558, 47.922142 ], [ 7.583478, 47.931578 ], [ 7.584981201826195, 47.93333282711373 ], [ 7.584981, 47.933333 ] ] ] } },
{ "type": "Feature", "properties": { "name": "BALE DELEG.LANGEN NORD", "nameV": "TMA BALE DELEG.LANGEN NORD", "class": "C", "type": "TMA", "lower": "FL100", "lowerM": 3048, "upper": "FL145", "upperM": 4419, "desc": "By LANGEN ACC delegation. STAUFEN AREA", "activationCode": "H24", "UId": "35860716", "id": "LFSBDLN", "stroke": "#ff0000", "stroke-width": 2, "stroke-opacity": 0.8, "fill": "#ff8080", "fill-opacity": 0.3 }, "geometry": { "type": "Polygon", "coordinates": [ [ [ 7.577222, 48.083333 ], [ 7.966667, 48.1 ], [ 7.749444, 47.696944 ], [ 7.584981201826195, 47.93333282711373 ], [ 7.588986, 47.938008 ], [ 7.609389, 47.954028 ], [ 7.620067, 47.967481 ], [ 7.621822, 47.972328 ], [ 7.621175, 47.978586 ], [ 7.6185, 47.985861 ], [ 7.609875, 47.999111 ], [ 7.572633, 48.029567 ], [ 7.568931, 48.034681 ], [ 7.568917, 48.038169 ], [ 7.572394, 48.045778 ], [ 7.573903, 48.052608 ], [ 7.573492, 48.059517 ], [ 7.569169, 48.080369 ], [ 7.569169, 48.080369 ], [ 7.577222, 48.083333 ] ] ] } },
{ "type": "Feature", "properties": { "name": "BALE DELEG.ZURICH-AZ3 ALLEMANDE NORD", "nameV": "TMA BALE DELEG.ZURICH-AZ3 ALLEMANDE NORD", "class": "C", "type": "TMA", "lower": "FL100", "lowerM": 3048, "upper": "FL105", "upperM": 3200, "desc": "By ZURICH ACC delegation.", "activationCode": "H24", "UId": "37692763", "id": "LFSBDZZ3DN", "stroke": "#ff0000", "stroke-width": 2, "stroke-opacity": 0.8, "fill": "#ff8080", "fill-opacity": 0.3 }, "geometry": { "type": "Polygon", "coordinates": [ [ [ 7.755278, 47.586667 ], [ 7.759095, 47.560665 ], [ 7.698787, 47.539981 ], [ 7.686944, 47.567778 ], [ 7.755278, 47.586667 ] ] ] } },
{ "type": "Feature", "properties": { "name": "BALE 01 FRANCO-SUISSE", "nameV": "TMA BALE 01 FRANCO-SUISSE", "class": "D", "type": "TMA", "lower": "1000FT AGL", "ordinalLowerM": 304, "lowerM": 304, "upper": "FL145", "upperM": 4419, "groundEstimatedHeight": [ 0, 0, 0, 0 ], "desc": "BASEL APP provides the air traffic services within the Swiss airspace, by delegation of ZURICH ACC.", "activationCode": "H24", "UId": "35796677", "id": "LFSB01", "stroke": "#ff0000", "stroke-width": 2, "stroke-opacity": 0.8, "fill": "#ff8080", "fill-opacity": 0.3 }, "geometry": { "type": "Polygon", "coordinates": [ [ [ 7.546210573210736, 47.814473173426961 ], [ 7.54385, 47.808664 ], [ 7.53155, 47.786994 ], [ 7.529769, 47.779389 ], [ 7.530867, 47.771344 ], [ 7.53339507911801, 47.766759043624532 ], [ 7.53339507911801, 47.766759043624532 ], [ 7.547381, 47.741394 ], [ 7.548653, 47.734992 ], [ 7.545589, 47.72495 ], [ 7.539861, 47.718003 ], [ 7.514442, 47.702786 ], [ 7.512636, 47.700756 ], [ 7.511689, 47.696797 ], [ 7.519036, 47.684831 ], [ 7.519858, 47.680175 ], [ 7.519247, 47.669344 ], [ 7.522683, 47.662014 ], [ 7.537142, 47.649744 ], [ 7.559164, 47.638208 ], [ 7.566925, 47.632117 ], [ 7.569781, 47.627567 ], [ 7.574144, 47.616389 ], [ 7.587525, 47.608239 ], [ 7.592094, 47.603461 ], [ 7.592878, 47.597225 ], [ 7.589103, 47.589969 ], [ 7.589102945255476, 47.5899687725191 ], [ 7.596486, 47.588192 ], [ 7.598478, 47.587631 ], [ 7.602633, 47.585889 ], [ 7.604786, 47.585014 ], [ 7.604553, 47.582856 ], [ 7.60415, 47.581372 ], [ 7.604547, 47.581344 ], [ 7.604747, 47.581208 ], [ 7.604836, 47.580444 ], [ 7.605406, 47.579903 ], [ 7.604936, 47.577925 ], [ 7.609456, 47.578217 ], [ 7.613269, 47.578183 ], [ 7.615036, 47.578028 ], [ 7.616792, 47.577711 ], [ 7.619153, 47.576897 ], [ 7.622442, 47.57835 ], [ 7.624744, 47.579469 ], [ 7.625544, 47.579828 ], [ 7.626211, 47.580303 ], [ 7.627969, 47.581336 ], [ 7.629633, 47.582475 ], [ 7.631139, 47.583553 ], [ 7.632033, 47.584297 ], [ 7.633567, 47.585372 ], [ 7.6341, 47.585822 ], [ 7.635567, 47.587547 ], [ 7.636436, 47.588336 ], [ 7.639567, 47.590308 ], [ 7.641164, 47.590711 ], [ 7.643225, 47.591311 ], [ 7.641878, 47.592978 ], [ 7.641747, 47.594128 ], [ 7.643014, 47.594997 ], [ 7.644372, 47.595717 ], [ 7.645642, 47.596908 ], [ 7.648469, 47.596292 ], [ 7.649028, 47.596203 ], [ 7.651194, 47.595686 ], [ 7.652417, 47.595611 ], [ 7.653586, 47.595475 ], [ 7.655114, 47.595364 ], [ 7.658594, 47.594458 ], [ 7.660161, 47.594111 ], [ 7.661756, 47.593686 ], [ 7.664608, 47.592647 ], [ 7.6674, 47.591939 ], [ 7.668375002852795, 47.59192825895839 ], [ 7.668375, 47.591928 ], [ 7.67188070771811, 47.587376476666684 ], [ 7.671725, 47.587281 ], [ 7.672089, 47.585231 ], [ 7.674084088117342, 47.584511244252113 ], [ 7.674084, 47.584511 ], [ 7.686909238850054, 47.567823880870584 ], [ 7.686828, 47.567661 ], [ 7.686628, 47.567033 ], [ 7.68625, 47.566297 ], [ 7.686022, 47.565642 ], [ 7.684794, 47.567108 ], [ 7.684239, 47.567892 ], [ 7.683803, 47.568297 ], [ 7.683511, 47.568389 ], [ 7.683647, 47.569603 ], [ 7.683811, 47.570547 ], [ 7.683589, 47.571247 ], [ 7.682125, 47.570775 ], [ 7.679728, 47.569744 ], [ 7.678931, 47.569342 ], [ 7.678489, 47.569028 ], [ 7.678194, 47.568581 ], [ 7.677994, 47.568131 ], [ 7.677019, 47.567097 ], [ 7.675192, 47.565375 ], [ 7.676253, 47.565192 ], [ 7.677342, 47.564894 ], [ 7.677375, 47.563725 ], [ 7.675675, 47.563442 ], [ 7.674453, 47.563442 ], [ 7.672553, 47.563689 ], [ 7.672397, 47.564392 ], [ 7.672333, 47.565022 ], [ 7.6724, 47.565425 ], [ 7.670742, 47.565806 ], [ 7.670275, 47.565808 ], [ 7.669478, 47.565631 ], [ 7.667483, 47.565272 ], [ 7.665689, 47.565081 ], [ 7.664161, 47.565397 ], [ 7.6629, 47.565219 ], [ 7.658775, 47.564436 ], [ 7.657911, 47.563925 ], [ 7.656736, 47.563028 ], [ 7.656311, 47.562444 ], [ 7.656111, 47.562308 ], [ 7.655578, 47.562283 ], [ 7.654542, 47.562358 ], [ 7.652653, 47.561775 ], [ 7.651789, 47.561481 ], [ 7.65035, 47.560881 ], [ 7.648928, 47.560228 ], [ 7.648261, 47.559942 ], [ 7.647333, 47.560231 ], [ 7.646072, 47.560708 ], [ 7.645075, 47.560981 ], [ 7.644081, 47.561314 ], [ 7.641225, 47.561211 ], [ 7.640122, 47.561889 ], [ 7.638242, 47.563197 ], [ 7.636183, 47.563803 ], [ 7.634717, 47.562033 ], [ 7.633983, 47.561269 ], [ 7.637631, 47.559842 ], [ 7.638692, 47.559167 ], [ 7.639581, 47.558517 ], [ 7.640042, 47.558022 ], [ 7.641697, 47.556642 ], [ 7.642664, 47.555653 ], [ 7.643194, 47.5552 ], [ 7.643639119491271, 47.554639094825106 ], [ 7.643639, 47.554639 ], [ 7.415556, 47.5775 ], [ 7.3951, 47.481907 ], [ 7.394793, 47.481926 ], [ 7.387008, 47.484499 ], [ 7.379361, 47.487254 ], [ 7.371861, 47.49019 ], [ 7.364518, 47.493301 ], [ 7.35734, 47.496584 ], [ 7.350336, 47.500035 ], [ 7.343516, 47.50365 ], [ 7.336886, 47.507424 ], [ 7.330457, 47.511353 ], [ 7.324234, 47.515432 ], [ 7.318227, 47.519655 ], [ 7.312443, 47.524019 ], [ 7.306888, 47.528517 ], [ 7.301569, 47.533143 ], [ 7.296494, 47.537893 ], [ 7.291669, 47.54276 ], [ 7.287099, 47.547738 ], [ 7.28279, 47.552821 ], [ 7.278748, 47.558004 ], [ 7.274977, 47.563279 ], [ 7.271483, 47.56864 ], [ 7.26827, 47.57408 ], [ 7.265341, 47.579594 ], [ 7.262701, 47.585173 ], [ 7.260352, 47.590811 ], [ 7.258299, 47.596502 ], [ 7.256543, 47.602237 ], [ 7.255087, 47.608011 ], [ 7.253932, 47.613815 ], [ 7.253081, 47.619644 ], [ 7.252533, 47.625489 ], [ 7.252291, 47.631343 ], [ 7.252354, 47.637199 ], [ 7.252723, 47.643051 ], [ 7.253397, 47.64889 ], [ 7.254376, 47.654709 ], [ 7.255657, 47.660501 ], [ 7.257241, 47.66626 ], [ 7.259124, 47.671978 ], [ 7.261306, 47.677647 ], [ 7.263782, 47.683261 ], [ 7.266551, 47.688813 ], [ 7.269608, 47.694296 ], [ 7.27295, 47.699704 ], [ 7.276574, 47.705028 ], [ 7.280474, 47.710264 ], [ 7.284646, 47.715404 ], [ 7.289085, 47.720442 ], [ 7.293785, 47.725372 ], [ 7.29874, 47.730187 ], [ 7.303946, 47.734882 ], [ 7.309394, 47.739451 ], [ 7.315079, 47.743887 ], [ 7.320993, 47.748187 ], [ 7.327129, 47.752343 ], [ 7.333479, 47.756352 ], [ 7.340037, 47.760208 ], [ 7.340508, 47.76022 ], [ 7.340508, 47.76022 ], [ 7.340333, 47.760231 ], [ 7.340928, 47.760133 ], [ 7.341524, 47.760036 ], [ 7.34212, 47.75994 ], [ 7.342717, 47.759845 ], [ 7.343314, 47.759751 ], [ 7.343911, 47.759658 ], [ 7.344509, 47.759566 ], [ 7.345107, 47.759475 ], [ 7.345705, 47.759385 ], [ 7.346304, 47.759296 ], [ 7.346903, 47.759208 ], [ 7.347502, 47.759121 ], [ 7.348101, 47.759034 ], [ 7.348701, 47.758949 ], [ 7.349302, 47.758865 ], [ 7.349902, 47.758782 ], [ 7.350503, 47.7587 ], [ 7.351104, 47.758619 ], [ 7.351705, 47.758539 ], [ 7.352307, 47.75846 ], [ 7.352909, 47.758381 ], [ 7.353511, 47.758304 ], [ 7.354114, 47.758228 ], [ 7.354717, 47.758153 ], [ 7.35532, 47.758079 ], [ 7.355923, 47.758006 ], [ 7.356527, 47.757934 ], [ 7.357131, 47.757863 ], [ 7.357735, 47.757792 ], [ 7.358339, 47.757723 ], [ 7.358944, 47.757655 ], [ 7.359549, 47.757588 ], [ 7.360154, 47.757522 ], [ 7.360759, 47.757457 ], [ 7.361365, 47.757393 ], [ 7.361971, 47.75733 ], [ 7.362577, 47.757267 ], [ 7.363183, 47.757206 ], [ 7.36379, 47.757146 ], [ 7.364397, 47.757087 ], [ 7.365004, 47.757029 ], [ 7.365611, 47.756972 ], [ 7.366218, 47.756916 ], [ 7.366826, 47.756861 ], [ 7.367434, 47.756807 ], [ 7.368042, 47.756754 ], [ 7.36865, 47.756702 ], [ 7.369258, 47.756651 ], [ 7.369867, 47.756601 ], [ 7.370475, 47.756552 ], [ 7.371084, 47.756504 ], [ 7.371693, 47.756457 ], [ 7.372303, 47.756411 ], [ 7.372912, 47.756366 ], [ 7.373522, 47.756322 ], [ 7.374131, 47.756279 ], [ 7.374741, 47.756237 ], [ 7.374815, 47.756225 ], [ 7.374815, 47.756225 ], [ 7.383333, 47.766667 ], [ 7.546210573210736, 47.814473173426961 ] ] ] } },
{ "type": "Feature", "properties": { "name": "BALE 01 ALLEMANDE SUD", "nameV": "TMA BALE 01 ALLEMANDE SUD", "class": "C", "type": "TMA", "lower": "FL100", "lowerM": 3048, "upper": "FL145", "upperM": 4419, "desc": "BASEL APP provides the air traffic services within the German airspace, by delegation of LANGEN ACC.", "activationCode": "H24", "UId": "35796646", "id": "LFSBCLD01S", "stroke": "#ff0000", "stroke-width": 2, "stroke-opacity": 0.8, "fill": "#ff8080", "fill-opacity": 0.3 }, "geometry": { "type": "Polygon", "coordinates": [ [ [ 7.686909, 47.567824 ], [ 7.686944, 47.567778 ], [ 7.683889, 47.550556 ], [ 7.643639119491271, 47.554639094825106 ], [ 7.643194, 47.5552 ], [ 7.642664, 47.555653 ], [ 7.641697, 47.556642 ], [ 7.640042, 47.558022 ], [ 7.639581, 47.558517 ], [ 7.638692, 47.559167 ], [ 7.637631, 47.559842 ], [ 7.633983, 47.561269 ], [ 7.634717, 47.562033 ], [ 7.636183, 47.563803 ], [ 7.638242, 47.563197 ], [ 7.640122, 47.561889 ], [ 7.641225, 47.561211 ], [ 7.644081, 47.561314 ], [ 7.645075, 47.560981 ], [ 7.646072, 47.560708 ], [ 7.647333, 47.560231 ], [ 7.648261, 47.559942 ], [ 7.648928, 47.560228 ], [ 7.65035, 47.560881 ], [ 7.651789, 47.561481 ], [ 7.652653, 47.561775 ], [ 7.654542, 47.562358 ], [ 7.655578, 47.562283 ], [ 7.656111, 47.562308 ], [ 7.656311, 47.562444 ], [ 7.656736, 47.563028 ], [ 7.657911, 47.563925 ], [ 7.658775, 47.564436 ], [ 7.6629, 47.565219 ], [ 7.664161, 47.565397 ], [ 7.665689, 47.565081 ], [ 7.667483, 47.565272 ], [ 7.669478, 47.565631 ], [ 7.670275, 47.565808 ], [ 7.670742, 47.565806 ], [ 7.6724, 47.565425 ], [ 7.672333, 47.565022 ], [ 7.672397, 47.564392 ], [ 7.672553, 47.563689 ], [ 7.674453, 47.563442 ], [ 7.675675, 47.563442 ], [ 7.677375, 47.563725 ], [ 7.677342, 47.564894 ], [ 7.676253, 47.565192 ], [ 7.675192, 47.565375 ], [ 7.677019, 47.567097 ], [ 7.677994, 47.568131 ], [ 7.678194, 47.568581 ], [ 7.678489, 47.569028 ], [ 7.678931, 47.569342 ], [ 7.679728, 47.569744 ], [ 7.682125, 47.570775 ], [ 7.683589, 47.571247 ], [ 7.683811, 47.570547 ], [ 7.683647, 47.569603 ], [ 7.683511, 47.568389 ], [ 7.683803, 47.568297 ], [ 7.684239, 47.567892 ], [ 7.684794, 47.567108 ], [ 7.686022, 47.565642 ], [ 7.68625, 47.566297 ], [ 7.686628, 47.567033 ], [ 7.686828, 47.567661 ], [ 7.686909238850054, 47.567823880870584 ], [ 7.686909, 47.567824 ] ] ] } },
{ "type": "Feature", "properties": { "name": "BALE 02 FRANCO-SUISSE", "nameV": "TMA BALE 02 FRANCO-SUISSE", "class": "D", "type": "TMA", "lower": "1000FT AGL", "ordinalLowerM": 304, "lowerM": 304, "upper": "5500FT AMSL", "upperM": 1676, "groundEstimatedHeight": [ 0, 0, 0, 0 ], "desc": "BASEL APP provides the air traffic services within the Swiss airspace, by delegation of ZURICH ACC.", "activationCode": "H24", "UId": "35797742", "id": "LFSB02", "stroke": "#ff0000", "stroke-width": 2, "stroke-opacity": 0.8, "fill": "#ff8080", "fill-opacity": 0.3 }, "geometry": { "type": "Polygon", "coordinates": [ [ [ 7.702267, 47.535211 ], [ 7.778056, 47.431111 ], [ 7.658333, 47.383333 ], [ 7.38011, 47.41165 ], [ 7.3951, 47.481907 ], [ 7.415556, 47.5775 ], [ 7.643639119491271, 47.554639094825106 ], [ 7.645639, 47.552119 ], [ 7.647119, 47.550275 ], [ 7.64765, 47.549661 ], [ 7.64835, 47.549075 ], [ 7.649278, 47.548444 ], [ 7.650139, 47.54775 ], [ 7.650736, 47.547389 ], [ 7.651931, 47.547 ], [ 7.653853, 47.546503 ], [ 7.656708, 47.546075 ], [ 7.657931, 47.545911 ], [ 7.659364, 47.545664 ], [ 7.660253, 47.545439 ], [ 7.660717, 47.545231 ], [ 7.661419, 47.544825 ], [ 7.661669, 47.544508 ], [ 7.662039, 47.544058 ], [ 7.662658, 47.542753 ], [ 7.663381, 47.541017 ], [ 7.664436, 47.539017 ], [ 7.665069, 47.538225 ], [ 7.665692, 47.537575 ], [ 7.667478, 47.536178 ], [ 7.668181, 47.5357 ], [ 7.669242, 47.535275 ], [ 7.670594, 47.534842 ], [ 7.674083, 47.533981 ], [ 7.675103, 47.5336 ], [ 7.676497, 47.533328 ], [ 7.678528, 47.533008 ], [ 7.679814, 47.532844 ], [ 7.680981, 47.532617 ], [ 7.682203, 47.53255 ], [ 7.684833, 47.532564 ], [ 7.686228, 47.532542 ], [ 7.687689, 47.532539 ], [ 7.689944, 47.532489 ], [ 7.691008, 47.532369 ], [ 7.693425, 47.532392 ], [ 7.694619, 47.532433 ], [ 7.696853, 47.532761 ], [ 7.698742, 47.533369 ], [ 7.700006, 47.533925 ], [ 7.702267069083295, 47.535210878524992 ], [ 7.702267, 47.535211 ] ] ] } },
{ "type": "Feature", "properties": { "name": "BALE 02 ALLEMANDE", "nameV": "TMA BALE 02 ALLEMANDE", "class": "D", "type": "TMA", "lower": "1000FT AGL", "ordinalLowerM": 304, "lowerM": 304, "upper": "5500FT AMSL", "upperM": 1676, "groundEstimatedHeight": [ 0, 0, 0, 0 ], "desc": "BASEL APP provides the air traffic services within the German airspace, by delegation of LANGEN ACC.", "activationCode": "H24", "UId": "35797732", "id": "LFSBCLD02", "stroke": "#ff0000", "stroke-width": 2, "stroke-opacity": 0.8, "fill": "#ff8080", "fill-opacity": 0.3 }, "geometry": { "type": "Polygon", "coordinates": [ [ [ 7.686944, 47.567778 ], [ 7.698787, 47.539981 ], [ 7.702267069083295, 47.535210878524992 ], [ 7.700006, 47.533925 ], [ 7.698742, 47.533369 ], [ 7.696853, 47.532761 ], [ 7.694619, 47.532433 ], [ 7.693425, 47.532392 ], [ 7.691008, 47.532369 ], [ 7.689944, 47.532489 ], [ 7.687689, 47.532539 ], [ 7.686228, 47.532542 ], [ 7.684833, 47.532564 ], [ 7.682203, 47.53255 ], [ 7.680981, 47.532617 ], [ 7.679814, 47.532844 ], [ 7.678528, 47.533008 ], [ 7.676497, 47.533328 ], [ 7.675103, 47.5336 ], [ 7.674083, 47.533981 ], [ 7.670594, 47.534842 ], [ 7.669242, 47.535275 ], [ 7.668181, 47.5357 ], [ 7.667478, 47.536178 ], [ 7.665692, 47.537575 ], [ 7.665069, 47.538225 ], [ 7.664436, 47.539017 ], [ 7.663381, 47.541017 ], [ 7.662658, 47.542753 ], [ 7.662039, 47.544058 ], [ 7.661669, 47.544508 ], [ 7.661419, 47.544825 ], [ 7.660717, 47.545231 ], [ 7.660253, 47.545439 ], [ 7.659364, 47.545664 ], [ 7.657931, 47.545911 ], [ 7.656708, 47.546075 ], [ 7.653853, 47.546503 ], [ 7.651931, 47.547 ], [ 7.650736, 47.547389 ], [ 7.650139, 47.54775 ], [ 7.649278, 47.548444 ], [ 7.64835, 47.549075 ], [ 7.64765, 47.549661 ], [ 7.647119, 47.550275 ], [ 7.645639, 47.552119 ], [ 7.643639119491271, 47.554639094825106 ], [ 7.643639, 47.554639 ], [ 7.683889, 47.550556 ], [ 7.686944, 47.567778 ] ] ] } },
{ "type": "Feature", "properties": { "name": "BALE DELEG.ZURICH-AZ4 T1", "nameV": "TMA BALE DELEG.ZURICH-AZ4 T1", "class": "D", "type": "TMA", "lower": "5700FT AMSL", "lowerM": 1737, "upper": "FL100", "upperM": 3048, "desc": "HX status airspace with possible activation H24 Refer to Swiss AIP ENR1.4 Airspace status check mandatory before penetration Activation announced by: AIT 134.680 Constant listening watch mandatory TEL: (0)3 89 90 34 67 from France (0)61 325 34 67 from Switzerland.", "activationCode": "H24", "UId": "35860768", "id": "LFSBDZZ4T1", "stroke": "#ff0000", "stroke-width": 2, "stroke-opacity": 0.8, "fill": "#ff8080", "fill-opacity": 0.3 }, "geometry": { "type": "Polygon", "coordinates": [ [ [ 7.778056, 47.431111 ], [ 7.858611, 47.32 ], [ 7.811667, 47.291111 ], [ 7.439167, 47.318056 ], [ 7.374444, 47.412222 ], [ 7.38011, 47.41165 ], [ 7.658333, 47.383333 ], [ 7.778056, 47.431111 ] ] ] } },
{ "type": "Feature", "properties": { "name": "BALE DELEG.ZURICH-AZ4", "nameV": "TMA BALE DELEG.ZURICH-AZ4", "class": "C", "type": "TMA", "lower": "FL100", "lowerM": 3048, "upper": "FL105", "upperM": 3200, "desc": "By ZURICH ACC delegation Airspace classes except for T1/T2/T3 sectors when active.", "activationCode": "H24", "UId": "35860764", "id": "LFSBDZZ4", "stroke": "#ff0000", "stroke-width": 2, "stroke-opacity": 0.8, "fill": "#ff8080", "fill-opacity": 0.3 }, "geometry": { "type": "Polygon", "coordinates": [ [ [ 7.778056, 47.431111 ], [ 7.858611, 47.32 ], [ 7.811667, 47.291111 ], [ 7.736389, 47.244722 ], [ 7.611111, 47.213333 ], [ 7.485258, 47.250861 ], [ 7.201667, 47.334722 ], [ 7.062083, 47.343678 ], [ 7.055614, 47.346833 ], [ 7.049708, 47.347353 ], [ 7.052639, 47.351994 ], [ 7.049447, 47.361553 ], [ 7.042911, 47.364328 ], [ 7.034525, 47.363453 ], [ 7.033856, 47.369739 ], [ 7.028233, 47.369342 ], [ 7.018889, 47.370658 ], [ 7.017639, 47.372875 ], [ 7.013133, 47.371697 ], [ 7.011958, 47.372961 ], [ 7.007033, 47.368086 ], [ 6.994628, 47.363281 ], [ 6.984047, 47.363797 ], [ 6.974733, 47.359928 ], [ 6.970183, 47.361142 ], [ 6.967472, 47.359358 ], [ 6.964389, 47.360478 ], [ 6.952375, 47.358719 ], [ 6.951739, 47.359922 ], [ 6.942906, 47.357772 ], [ 6.932008, 47.358111 ], [ 6.923428, 47.355519 ], [ 6.918611, 47.35565 ], [ 6.91565, 47.357814 ], [ 6.901944, 47.359586 ], [ 6.899542, 47.357722 ], [ 6.895664, 47.358872 ], [ 6.894261, 47.356267 ], [ 6.883433, 47.352589 ], [ 6.879436, 47.352678 ], [ 6.879217, 47.358417 ], [ 6.885183, 47.367611 ], [ 6.883497, 47.373053 ], [ 6.895717, 47.379803 ], [ 6.895142, 47.3815 ], [ 6.903581, 47.382547 ], [ 6.912097, 47.386364 ], [ 6.913575, 47.389536 ], [ 6.911553, 47.390678 ], [ 6.9098, 47.396247 ], [ 6.915367, 47.397244 ], [ 6.917761, 47.403164 ], [ 6.913453, 47.404708 ], [ 6.9197, 47.406761 ], [ 6.920867, 47.405247 ], [ 6.938492, 47.406161 ], [ 6.941836, 47.415647 ], [ 6.940342, 47.433439 ], [ 6.95475, 47.435264 ], [ 6.957453, 47.433844 ], [ 6.963878, 47.435842 ], [ 6.966153, 47.437614 ], [ 6.970422, 47.446903 ], [ 6.980967, 47.449258 ], [ 6.985036, 47.448033 ], [ 6.990114, 47.447908 ], [ 6.995477847443913, 47.449803431715672 ], [ 6.995478, 47.449803 ], [ 7.061667, 47.443333 ], [ 7.098455, 47.43972 ], [ 7.374444, 47.412222 ], [ 7.38011, 47.41165 ], [ 7.658333, 47.383333 ], [ 7.778056, 47.431111 ] ] ] } },
{ "type": "Feature", "properties": { "name": "BALE DELEG.ZURICH-AZ2 ALLEMANDE", "nameV": "TMA BALE DELEG.ZURICH-AZ2 ALLEMANDE", "class": "C", "type": "TMA", "lower": "FL100", "lowerM": 3048, "upper": "FL105", "upperM": 3200, "desc": "By ZURICH ACC delegation.", "activationCode": "H24", "UId": "35860748", "id": "LFSBDZZ2D", "stroke": "#ff0000", "stroke-width": 2, "stroke-opacity": 0.8, "fill": "#ff8080", "fill-opacity": 0.3 }, "geometry": { "type": "Polygon", "coordinates": [ [ [ 7.686944, 47.567778 ], [ 7.698787, 47.539981 ], [ 7.702267069083295, 47.535210878524992 ], [ 7.700006, 47.533925 ], [ 7.698742, 47.533369 ], [ 7.696853, 47.532761 ], [ 7.694619, 47.532433 ], [ 7.693425, 47.532392 ], [ 7.691008, 47.532369 ], [ 7.689944, 47.532489 ], [ 7.687689, 47.532539 ], [ 7.686228, 47.532542 ], [ 7.684833, 47.532564 ], [ 7.682203, 47.53255 ], [ 7.680981, 47.532617 ], [ 7.679814, 47.532844 ], [ 7.678528, 47.533008 ], [ 7.676497, 47.533328 ], [ 7.675103, 47.5336 ], [ 7.674083, 47.533981 ], [ 7.670594, 47.534842 ], [ 7.669242, 47.535275 ], [ 7.668181, 47.5357 ], [ 7.667478, 47.536178 ], [ 7.665692, 47.537575 ], [ 7.665069, 47.538225 ], [ 7.664436, 47.539017 ], [ 7.663381, 47.541017 ], [ 7.663307596923729, 47.541193248603605 ], [ 7.663307, 47.541193 ], [ 7.683889, 47.550556 ], [ 7.686944, 47.567778 ] ] ] } },
{ "type": "Feature", "properties": { "name": "BALE DELEG.ZURICH-AZ1 FRANCO-SUISSE", "nameV": "TMA BALE DELEG.ZURICH-AZ1 FRANCO-SUISSE", "class": "C", "type": "TMA", "lower": "FL100", "lowerM": 3048, "upper": "FL115", "upperM": 3505, "desc": "By ZURICH ACC delegation.", "activationCode": "H24", "UId": "35860744", "id": "LFSBDZZ1FS", "stroke": "#ff0000", "stroke-width": 2, "stroke-opacity": 0.8, "fill": "#ff8080", "fill-opacity": 0.3 }, "geometry": { "type": "Polygon", "coordinates": [ [ [ 7.643639119491271, 47.554639094825106 ], [ 7.645639, 47.552119 ], [ 7.647119, 47.550275 ], [ 7.64765, 47.549661 ], [ 7.64835, 47.549075 ], [ 7.649278, 47.548444 ], [ 7.650139, 47.54775 ], [ 7.650736, 47.547389 ], [ 7.651931, 47.547 ], [ 7.653853, 47.546503 ], [ 7.656708, 47.546075 ], [ 7.657931, 47.545911 ], [ 7.659364, 47.545664 ], [ 7.660253, 47.545439 ], [ 7.660717, 47.545231 ], [ 7.661419, 47.544825 ], [ 7.661669, 47.544508 ], [ 7.662039, 47.544058 ], [ 7.662658, 47.542753 ], [ 7.663307596923729, 47.541193248603605 ], [ 7.663307, 47.541193 ], [ 7.38011, 47.41165 ], [ 7.3951, 47.481907 ], [ 7.415556, 47.5775 ], [ 7.643639119491271, 47.554639094825106 ] ] ] } },
{ "type": "Feature", "properties": { "name": "BALE DELEG.LANGEN SW2 ALLEMANDE", "nameV": "TMA BALE DELEG.LANGEN SW2 ALLEMANDE", "class": "C", "type": "TMA", "lower": "FL100", "lowerM": 3048, "upper": "FL115", "upperM": 3505, "desc": "By LANGEN ACC delegation. STAUFEN AREA", "activationCode": "H24", "UId": "35860728", "id": "LFSBDLSW2D", "stroke": "#ff0000", "stroke-width": 2, "stroke-opacity": 0.8, "fill": "#ff8080", "fill-opacity": 0.3 }, "geometry": { "type": "Polygon", "coordinates": [ [ [ 7.633208, 47.743256 ], [ 7.755278, 47.586667 ], [ 7.686944, 47.567778 ], [ 7.686909238850054, 47.567823880870584 ], [ 7.687231, 47.568469 ], [ 7.688528, 47.569889 ], [ 7.688994, 47.570267 ], [ 7.689703, 47.571506 ], [ 7.6894, 47.571819 ], [ 7.689044, 47.572425 ], [ 7.686919, 47.572833 ], [ 7.685617, 47.573042 ], [ 7.6844, 47.573783 ], [ 7.683733, 47.573875 ], [ 7.683875, 47.575628 ], [ 7.683881, 47.576661 ], [ 7.683044, 47.57705 ], [ 7.682022, 47.577458 ], [ 7.6817, 47.579364 ], [ 7.681336, 47.580983 ], [ 7.680917, 47.582722 ], [ 7.678992, 47.583264 ], [ 7.677, 47.583736 ], [ 7.674969, 47.584192 ], [ 7.674084088117342, 47.584511244252113 ], [ 7.674084, 47.584511 ], [ 7.67188070771811, 47.587376476666684 ], [ 7.673364, 47.588286 ], [ 7.675461, 47.589944 ], [ 7.677433, 47.591317 ], [ 7.679325, 47.592094 ], [ 7.680364, 47.592814 ], [ 7.681433, 47.593828 ], [ 7.681994, 47.59425 ], [ 7.682928, 47.595147 ], [ 7.683664, 47.596 ], [ 7.684664, 47.596653 ], [ 7.6865, 47.596919 ], [ 7.688694, 47.597336 ], [ 7.690225, 47.597558 ], [ 7.692028, 47.598706 ], [ 7.693028, 47.599469 ], [ 7.693725, 47.600772 ], [ 7.6933, 47.600925 ], [ 7.691631, 47.599581 ], [ 7.690567, 47.599178 ], [ 7.689328, 47.598819 ], [ 7.687997, 47.598597 ], [ 7.687106, 47.598672 ], [ 7.684847, 47.598722 ], [ 7.682983, 47.598475 ], [ 7.682342, 47.597892 ], [ 7.68165, 47.597333 ], [ 7.680678, 47.597156 ], [ 7.679742, 47.59635 ], [ 7.678078, 47.595336 ], [ 7.676847, 47.594306 ], [ 7.676075, 47.593542 ], [ 7.675514, 47.593047 ], [ 7.675111, 47.591969 ], [ 7.673714, 47.591908 ], [ 7.672211, 47.591886 ], [ 7.668375002852795, 47.59192825895839 ], [ 7.668375, 47.591928 ], [ 7.607694, 47.670696 ], [ 7.633208, 47.743256 ] ] ] } },
{ "type": "Feature", "properties": { "name": "BALE 01 ALLEMANDE NORD", "nameV": "TMA BALE 01 ALLEMANDE NORD", "class": "C", "type": "TMA", "lower": "FL100", "lowerM": 3048, "upper": "FL145", "upperM": 4419, "desc": "BASEL APP provides the air traffic services within the German airspace, by delegation of LANGEN ACC.", "activationCode": "H24", "UId": "35746795", "id": "LFSBCLD01N", "stroke": "#ff0000", "stroke-width": 2, "stroke-opacity": 0.8, "fill": "#ff8080", "fill-opacity": 0.3 }, "geometry": { "type": "Polygon", "coordinates": [ [ [ 7.533395, 47.766759 ], [ 7.607694, 47.670696 ], [ 7.668375002852795, 47.59192825895839 ], [ 7.6674, 47.591939 ], [ 7.664608, 47.592647 ], [ 7.661756, 47.593686 ], [ 7.660161, 47.594111 ], [ 7.658594, 47.594458 ], [ 7.655114, 47.595364 ], [ 7.653586, 47.595475 ], [ 7.652417, 47.595611 ], [ 7.651194, 47.595686 ], [ 7.649028, 47.596203 ], [ 7.648469, 47.596292 ], [ 7.645642, 47.596908 ], [ 7.644372, 47.595717 ], [ 7.643014, 47.594997 ], [ 7.641747, 47.594128 ], [ 7.641878, 47.592978 ], [ 7.643225, 47.591311 ], [ 7.641164, 47.590711 ], [ 7.639567, 47.590308 ], [ 7.636436, 47.588336 ], [ 7.635567, 47.587547 ], [ 7.6341, 47.585822 ], [ 7.633567, 47.585372 ], [ 7.632033, 47.584297 ], [ 7.631139, 47.583553 ], [ 7.629633, 47.582475 ], [ 7.627969, 47.581336 ], [ 7.626211, 47.580303 ], [ 7.625544, 47.579828 ], [ 7.624744, 47.579469 ], [ 7.622442, 47.57835 ], [ 7.619153, 47.576897 ], [ 7.616792, 47.577711 ], [ 7.615036, 47.578028 ], [ 7.613269, 47.578183 ], [ 7.609456, 47.578217 ], [ 7.604936, 47.577925 ], [ 7.605406, 47.579903 ], [ 7.604836, 47.580444 ], [ 7.604747, 47.581208 ], [ 7.604547, 47.581344 ], [ 7.60415, 47.581372 ], [ 7.604553, 47.582856 ], [ 7.604786, 47.585014 ], [ 7.602633, 47.585889 ], [ 7.598478, 47.587631 ], [ 7.596486, 47.588192 ], [ 7.589102945255476, 47.5899687725191 ], [ 7.589103, 47.589969 ], [ 7.592878, 47.597225 ], [ 7.592094, 47.603461 ], [ 7.587525, 47.608239 ], [ 7.574144, 47.616389 ], [ 7.569781, 47.627567 ], [ 7.566925, 47.632117 ], [ 7.559164, 47.638208 ], [ 7.537142, 47.649744 ], [ 7.522683, 47.662014 ], [ 7.519247, 47.669344 ], [ 7.519858, 47.680175 ], [ 7.519036, 47.684831 ], [ 7.511689, 47.696797 ], [ 7.512636, 47.700756 ], [ 7.514442, 47.702786 ], [ 7.539861, 47.718003 ], [ 7.545589, 47.72495 ], [ 7.548653, 47.734992 ], [ 7.547381, 47.741394 ], [ 7.53339507911801, 47.766759043624532 ], [ 7.533395, 47.766759 ] ] ] } },
{ "type": "Feature", "properties": { "name": "BALE DELEG.LANGEN SW1", "nameV": "TMA BALE DELEG.LANGEN SW1", "class": "C", "type": "TMA", "lower": "FL100", "lowerM": 3048, "upper": "FL115", "upperM": 3505, "desc": "By LANGEN ACC delegation. STAUFEN AREA", "activationCode": "H24", "UId": "35860724", "id": "LFSBDLSW1", "stroke": "#ff0000", "stroke-width": 2, "stroke-opacity": 0.8, "fill": "#ff8080", "fill-opacity": 0.3 }, "geometry": { "type": "Polygon", "coordinates": [ [ [ 7.560292, 47.836792 ], [ 7.633208, 47.743256 ], [ 7.607694, 47.670696 ], [ 7.593391, 47.68922 ], [ 7.53339507911801, 47.766759043624532 ], [ 7.530867, 47.771344 ], [ 7.529769, 47.779389 ], [ 7.53155, 47.786994 ], [ 7.54385, 47.808664 ], [ 7.549786, 47.823272 ], [ 7.560292, 47.836792 ] ] ] } },
{ "type": "Feature", "properties": { "name": "BALE DELEG.ZURICH-AZ3 ALLEMANDE SUD", "nameV": "TMA BALE DELEG.ZURICH-AZ3 ALLEMANDE SUD", "class": "C", "type": "TMA", "lower": "6500FT AMSL", "lowerM": 1981, "upper": "FL105", "upperM": 3200, "desc": "By ZURICH ACC delegation.", "activationCode": "H24", "UId": "37692995", "id": "LFSBDZZ3DS", "stroke": "#ff0000", "stroke-width": 2, "stroke-opacity": 0.8, "fill": "#ff8080", "fill-opacity": 0.3 }, "geometry": { "type": "Polygon", "coordinates": [ [ [ 7.698787, 47.539981 ], [ 7.759095, 47.560665 ], [ 7.760788864981793, 47.549118463834098 ], [ 7.759925, 47.548867 ], [ 7.758633, 47.5486 ], [ 7.757569, 47.548242 ], [ 7.757061, 47.547947 ], [ 7.756033, 47.54705 ], [ 7.755525, 47.546422 ], [ 7.755097, 47.546064 ], [ 7.754364, 47.545597 ], [ 7.752794, 47.545064 ], [ 7.751794, 47.544678 ], [ 7.749908, 47.544306 ], [ 7.749308, 47.544192 ], [ 7.748869, 47.544175 ], [ 7.748472, 47.544058 ], [ 7.745814, 47.543842 ], [ 7.744683, 47.543664 ], [ 7.743728, 47.543694 ], [ 7.742731, 47.543606 ], [ 7.7418, 47.543447 ], [ 7.739767, 47.543317 ], [ 7.738769, 47.543139 ], [ 7.737814, 47.543053 ], [ 7.736683, 47.543036 ], [ 7.735381, 47.54295 ], [ 7.734292, 47.542819 ], [ 7.732856, 47.542706 ], [ 7.732033, 47.542753 ], [ 7.730997, 47.542647 ], [ 7.729908, 47.542578 ], [ 7.728911, 47.542581 ], [ 7.726519, 47.542433 ], [ 7.72535, 47.5423 ], [ 7.723756, 47.542233 ], [ 7.722, 47.54195 ], [ 7.719369, 47.541569 ], [ 7.718172, 47.541347 ], [ 7.713647, 47.539631 ], [ 7.712422, 47.53905 ], [ 7.711425, 47.5388 ], [ 7.707964, 47.537442 ], [ 7.706794, 47.537058 ], [ 7.705861, 47.536656 ], [ 7.705064, 47.536161 ], [ 7.704239, 47.535967 ], [ 7.702575, 47.535386 ], [ 7.702267069083295, 47.535210878524992 ], [ 7.702267, 47.535211 ], [ 7.698787, 47.539981 ] ] ] } },
{ "type": "Feature", "properties": { "name": "BALE 01 ALLEMANDE EST", "nameV": "TMA BALE 01 ALLEMANDE EST", "class": "C", "type": "TMA", "lower": "FL100", "lowerM": 3048, "upper": "FL145", "upperM": 4419, "desc": "BASEL APP provides the air traffic services within the German airspace, by delegation of LANGEN ACC.", "activationCode": "H24", "UId": "35796630", "id": "LFSBCLD01E", "stroke": "#ff0000", "stroke-width": 2, "stroke-opacity": 0.8, "fill": "#ff8080", "fill-opacity": 0.3 }, "geometry": { "type": "Polygon", "coordinates": [ [ [ 7.671881, 47.587376 ], [ 7.674084088117342, 47.584511244252113 ], [ 7.672089, 47.585231 ], [ 7.671725, 47.587281 ], [ 7.67188070771811, 47.587376476666684 ], [ 7.671881, 47.587376 ] ] ] } },
{ "type": "Feature", "properties": { "name": "BALE 03", "nameV": "TMA BALE 03 Lower(1000FT AGL-3000FT AMSL)", "class": "D", "type": "TMA", "lower": "3000FT AMSL", "lowerMin": "1000FT AGL", "lowerM": 914, "upper": "FL145", "upperM": 4419, "desc": "Except for LF-D 253 Harth North when active. LF-P 36 Fessenheim: entry prohibited, exception see ENR 5.1. BASEL APP provides the air traffic services within the Swiss airspace by delegation of ZURICH ACC.", "activationCode": "H24", "UId": "35645384", "id": "LFSB03", "stroke": "#ff0000", "stroke-width": 2, "stroke-opacity": 0.8, "fill": "#ff8080", "fill-opacity": 0.3 }, "geometry": { "type": "Polygon", "coordinates": [ [ [ 7.584981201826195, 47.93333282711373 ], [ 7.583478, 47.931578 ], [ 7.580558, 47.922142 ], [ 7.582919, 47.901947 ], [ 7.579072, 47.894144 ], [ 7.572092, 47.889089 ], [ 7.562561, 47.884856 ], [ 7.557078, 47.879 ], [ 7.555561, 47.873847 ], [ 7.555853, 47.867189 ], [ 7.562608, 47.854292 ], [ 7.563578, 47.848758 ], [ 7.563128, 47.843628 ], [ 7.560292, 47.836792 ], [ 7.549786, 47.823272 ], [ 7.546210573210736, 47.814473173426961 ], [ 7.546211, 47.814473 ], [ 7.383333, 47.766667 ], [ 7.374815, 47.756225 ], [ 7.374741, 47.756237 ], [ 7.374131, 47.756279 ], [ 7.373522, 47.756322 ], [ 7.372912, 47.756366 ], [ 7.372303, 47.756411 ], [ 7.371693, 47.756457 ], [ 7.371084, 47.756504 ], [ 7.370475, 47.756552 ], [ 7.369867, 47.756601 ], [ 7.369258, 47.756651 ], [ 7.36865, 47.756702 ], [ 7.368042, 47.756754 ], [ 7.367434, 47.756807 ], [ 7.366826, 47.756861 ], [ 7.366218, 47.756916 ], [ 7.365611, 47.756972 ], [ 7.365004, 47.757029 ], [ 7.364397, 47.757087 ], [ 7.36379, 47.757146 ], [ 7.363183, 47.757206 ], [ 7.362577, 47.757267 ], [ 7.361971, 47.75733 ], [ 7.361365, 47.757393 ], [ 7.360759, 47.757457 ], [ 7.360154, 47.757522 ], [ 7.359549, 47.757588 ], [ 7.358944, 47.757655 ], [ 7.358339, 47.757723 ], [ 7.357735, 47.757792 ], [ 7.357131, 47.757863 ], [ 7.356527, 47.757934 ], [ 7.355923, 47.758006 ], [ 7.35532, 47.758079 ], [ 7.354717, 47.758153 ], [ 7.354114, 47.758228 ], [ 7.353511, 47.758304 ], [ 7.352909, 47.758381 ], [ 7.352307, 47.75846 ], [ 7.351705, 47.758539 ], [ 7.351104, 47.758619 ], [ 7.350503, 47.7587 ], [ 7.349902, 47.758782 ], [ 7.349302, 47.758865 ], [ 7.348701, 47.758949 ], [ 7.348101, 47.759034 ], [ 7.347502, 47.759121 ], [ 7.346903, 47.759208 ], [ 7.346304, 47.759296 ], [ 7.345705, 47.759385 ], [ 7.345107, 47.759475 ], [ 7.344509, 47.759566 ], [ 7.343911, 47.759658 ], [ 7.343314, 47.759751 ], [ 7.342717, 47.759845 ], [ 7.34212, 47.75994 ], [ 7.341524, 47.760036 ], [ 7.340928, 47.760133 ], [ 7.340333, 47.760231 ], [ 7.340508, 47.76022 ], [ 7.340508, 47.76022 ], [ 7.340037, 47.760208 ], [ 7.333479, 47.756352 ], [ 7.327129, 47.752343 ], [ 7.320993, 47.748187 ], [ 7.315079, 47.743887 ], [ 7.309394, 47.739451 ], [ 7.303946, 47.734882 ], [ 7.29874, 47.730187 ], [ 7.293785, 47.725372 ], [ 7.289085, 47.720442 ], [ 7.284646, 47.715404 ], [ 7.280474, 47.710264 ], [ 7.276574, 47.705028 ], [ 7.27295, 47.699704 ], [ 7.269608, 47.694296 ], [ 7.266551, 47.688813 ], [ 7.263782, 47.683261 ], [ 7.261306, 47.677647 ], [ 7.259124, 47.671978 ], [ 7.257241, 47.66626 ], [ 7.255657, 47.660501 ], [ 7.254376, 47.654709 ], [ 7.253397, 47.64889 ], [ 7.252723, 47.643051 ], [ 7.252354, 47.637199 ], [ 7.252291, 47.631343 ], [ 7.252533, 47.625489 ], [ 7.253081, 47.619644 ], [ 7.253932, 47.613815 ], [ 7.255087, 47.608011 ], [ 7.256543, 47.602237 ], [ 7.258299, 47.596502 ], [ 7.260352, 47.590811 ], [ 7.262701, 47.585173 ], [ 7.265341, 47.579594 ], [ 7.26827, 47.57408 ], [ 7.271483, 47.56864 ], [ 7.274977, 47.563279 ], [ 7.278748, 47.558004 ], [ 7.28279, 47.552821 ], [ 7.287099, 47.547738 ], [ 7.291669, 47.54276 ], [ 7.296494, 47.537893 ], [ 7.301569, 47.533143 ], [ 7.306888, 47.528517 ], [ 7.312443, 47.524019 ], [ 7.318227, 47.519655 ], [ 7.324234, 47.515432 ], [ 7.330457, 47.511353 ], [ 7.336886, 47.507424 ], [ 7.343516, 47.50365 ], [ 7.350336, 47.500035 ], [ 7.35734, 47.496584 ], [ 7.364518, 47.493301 ], [ 7.371861, 47.49019 ], [ 7.379361, 47.487254 ], [ 7.387008, 47.484499 ], [ 7.394793, 47.481926 ], [ 7.3951, 47.481907 ], [ 7.3951, 47.481907 ], [ 7.38011, 47.41165 ], [ 7.374444, 47.412222 ], [ 7.098455, 47.43972 ], [ 7.097278, 47.439743 ], [ 7.093759, 47.443117 ], [ 7.090301, 47.44652 ], [ 7.086905, 47.449952 ], [ 7.083572, 47.453411 ], [ 7.080302, 47.456899 ], [ 7.077096, 47.460413 ], [ 7.073955, 47.463954 ], [ 7.070878, 47.467521 ], [ 7.067866, 47.471113 ], [ 7.06492, 47.47473 ], [ 7.062039, 47.478371 ], [ 7.059226, 47.482036 ], [ 7.05648, 47.485725 ], [ 7.053801, 47.489436 ], [ 7.05119, 47.493169 ], [ 7.048647, 47.496924 ], [ 7.046173, 47.500699 ], [ 7.043768, 47.504495 ], [ 7.041433, 47.508311 ], [ 7.039167, 47.512146 ], [ 7.036972, 47.516 ], [ 7.034847, 47.519871 ], [ 7.032793, 47.52376 ], [ 7.03081, 47.527666 ], [ 7.028899, 47.531589 ], [ 7.02706, 47.535527 ], [ 7.025293, 47.539479 ], [ 7.023598, 47.543447 ], [ 7.021976, 47.547428 ], [ 7.020427, 47.551423 ], [ 7.018951, 47.55543 ], [ 7.017549, 47.559449 ], [ 7.01622, 47.563479 ], [ 7.014966, 47.567521 ], [ 7.013785, 47.571572 ], [ 7.012679, 47.575633 ], [ 7.011647, 47.579703 ], [ 7.01069, 47.583782 ], [ 7.009808, 47.587868 ], [ 7.009001, 47.591961 ], [ 7.008269, 47.59606 ], [ 7.007613, 47.600165 ], [ 7.007031, 47.604276 ], [ 7.006526, 47.608391 ], [ 7.006095, 47.612509 ], [ 7.005741, 47.616632 ], [ 7.005462, 47.620756 ], [ 7.005259, 47.624883 ], [ 7.005132, 47.629011 ], [ 7.005081, 47.63314 ], [ 7.005106, 47.637269 ], [ 7.005207, 47.641398 ], [ 7.005384, 47.645525 ], [ 7.005636, 47.649651 ], [ 7.005965, 47.653774 ], [ 7.006369, 47.657894 ], [ 7.00685, 47.66201 ], [ 7.007406, 47.666122 ], [ 7.008038, 47.670229 ], [ 7.008745, 47.674331 ], [ 7.009528, 47.678426 ], [ 7.010387, 47.682514 ], [ 7.011321, 47.686595 ], [ 7.01233, 47.690668 ], [ 7.013414, 47.694732 ], [ 7.014573, 47.698787 ], [ 7.015806, 47.702831 ], [ 7.017115, 47.706865 ], [ 7.018497, 47.710888 ], [ 7.019954, 47.714899 ], [ 7.021485, 47.718898 ], [ 7.02309, 47.722883 ], [ 7.024768, 47.726855 ], [ 7.02652, 47.730812 ], [ 7.028345, 47.734755 ], [ 7.030242, 47.738682 ], [ 7.031626, 47.738695 ], [ 7.031626, 47.738695 ], [ 7.263094, 47.850152 ], [ 7.262688, 47.850156 ], [ 7.261932, 47.85081 ], [ 7.261182, 47.851467 ], [ 7.260439, 47.852127 ], [ 7.259704, 47.852792 ], [ 7.258975, 47.853459 ], [ 7.258253, 47.85413 ], [ 7.257539, 47.854805 ], [ 7.256831, 47.855483 ], [ 7.256131, 47.856164 ], [ 7.255438, 47.856849 ], [ 7.254752, 47.857536 ], [ 7.254073, 47.858228 ], [ 7.253402, 47.858922 ], [ 7.252738, 47.859619 ], [ 7.252082, 47.86032 ], [ 7.251433, 47.861024 ], [ 7.250791, 47.86173 ], [ 7.250157, 47.86244 ], [ 7.24953, 47.863153 ], [ 7.248911, 47.863869 ], [ 7.248299, 47.864588 ], [ 7.247695, 47.865309 ], [ 7.247099, 47.866034 ], [ 7.24651, 47.866761 ], [ 7.245929, 47.867491 ], [ 7.245356, 47.868224 ], [ 7.24479, 47.868959 ], [ 7.244233, 47.869698 ], [ 7.243683, 47.870438 ], [ 7.24314, 47.871182 ], [ 7.242606, 47.871928 ], [ 7.24208, 47.872676 ], [ 7.241561, 47.873427 ], [ 7.241051, 47.874181 ], [ 7.240548, 47.874936 ], [ 7.240054, 47.875695 ], [ 7.239567, 47.876455 ], [ 7.239089, 47.877218 ], [ 7.238618, 47.877983 ], [ 7.238156, 47.87875 ], [ 7.237702, 47.87952 ], [ 7.237256, 47.880292 ], [ 7.236818, 47.881065 ], [ 7.236388, 47.881841 ], [ 7.235967, 47.882619 ], [ 7.235554, 47.883399 ], [ 7.235149, 47.88418 ], [ 7.234752, 47.884964 ], [ 7.234363, 47.88575 ], [ 7.233983, 47.886537 ], [ 7.233611, 47.887326 ], [ 7.233248, 47.888117 ], [ 7.232893, 47.88891 ], [ 7.232546, 47.889704 ], [ 7.232208, 47.8905 ], [ 7.231878, 47.891297 ], [ 7.231557, 47.892096 ], [ 7.231244, 47.892897 ], [ 7.230939, 47.893699 ], [ 7.230643, 47.894502 ], [ 7.230356, 47.895307 ], [ 7.230077, 47.896113 ], [ 7.229806, 47.896921 ], [ 7.229544, 47.89773 ], [ 7.229291, 47.89854 ], [ 7.229046, 47.899351 ], [ 7.22881, 47.900163 ], [ 7.228582, 47.900976 ], [ 7.228363, 47.901791 ], [ 7.228153, 47.902606 ], [ 7.227951, 47.903423 ], [ 7.227758, 47.90424 ], [ 7.227574, 47.905058 ], [ 7.227398, 47.905878 ], [ 7.227231, 47.906698 ], [ 7.227072, 47.907518 ], [ 7.226922, 47.90834 ], [ 7.226781, 47.909162 ], [ 7.226649, 47.909985 ], [ 7.226525, 47.910808 ], [ 7.227038, 47.910808 ], [ 7.227038, 47.910808 ], [ 7.249167, 47.933333 ], [ 7.584981201826195, 47.93333282711373 ] ] ] } },
{ "type": "Feature", "properties": { "name": "BALE 04", "nameV": "TMA BALE 04", "class": "D", "type": "TMA", "lower": "5000FT AMSL", "lowerM": 1524, "upper": "FL145", "upperM": 4419, "desc": "Except for LF-R 125 A Belfort Chaux when active. BASEL APP provides the air traffic services within the Swiss airspace by delegation of ZURICH ACC.", "activationCode": "H24", "UId": "35696239", "id": "LFSB04", "stroke": "#ff0000", "stroke-width": 2, "stroke-opacity": 0.8, "fill": "#ff8080", "fill-opacity": 0.3 }, "geometry": { "type": "Polygon", "coordinates": [ [ [ 7.031626, 47.738695 ], [ 7.030242, 47.738682 ], [ 7.028345, 47.734755 ], [ 7.02652, 47.730812 ], [ 7.024768, 47.726855 ], [ 7.02309, 47.722883 ], [ 7.021485, 47.718898 ], [ 7.019954, 47.714899 ], [ 7.018497, 47.710888 ], [ 7.017115, 47.706865 ], [ 7.015806, 47.702831 ], [ 7.014573, 47.698787 ], [ 7.013414, 47.694732 ], [ 7.01233, 47.690668 ], [ 7.011321, 47.686595 ], [ 7.010387, 47.682514 ], [ 7.009528, 47.678426 ], [ 7.008745, 47.674331 ], [ 7.008038, 47.670229 ], [ 7.007406, 47.666122 ], [ 7.00685, 47.66201 ], [ 7.006369, 47.657894 ], [ 7.005965, 47.653774 ], [ 7.005636, 47.649651 ], [ 7.005384, 47.645525 ], [ 7.005207, 47.641398 ], [ 7.005106, 47.637269 ], [ 7.005081, 47.63314 ], [ 7.005132, 47.629011 ], [ 7.005259, 47.624883 ], [ 7.005462, 47.620756 ], [ 7.005741, 47.616632 ], [ 7.006095, 47.612509 ], [ 7.006526, 47.608391 ], [ 7.007031, 47.604276 ], [ 7.007613, 47.600165 ], [ 7.008269, 47.59606 ], [ 7.009001, 47.591961 ], [ 7.009808, 47.587868 ], [ 7.01069, 47.583782 ], [ 7.011647, 47.579703 ], [ 7.012679, 47.575633 ], [ 7.013785, 47.571572 ], [ 7.014966, 47.567521 ], [ 7.01622, 47.563479 ], [ 7.017549, 47.559449 ], [ 7.018951, 47.55543 ], [ 7.020427, 47.551423 ], [ 7.021976, 47.547428 ], [ 7.023598, 47.543447 ], [ 7.025293, 47.539479 ], [ 7.02706, 47.535527 ], [ 7.028899, 47.531589 ], [ 7.03081, 47.527666 ], [ 7.032793, 47.52376 ], [ 7.034847, 47.519871 ], [ 7.036972, 47.516 ], [ 7.039167, 47.512146 ], [ 7.041433, 47.508311 ], [ 7.043768, 47.504495 ], [ 7.046173, 47.500699 ], [ 7.048647, 47.496924 ], [ 7.05119, 47.493169 ], [ 7.053801, 47.489436 ], [ 7.05648, 47.485725 ], [ 7.059226, 47.482036 ], [ 7.062039, 47.478371 ], [ 7.06492, 47.47473 ], [ 7.067866, 47.471113 ], [ 7.070878, 47.467521 ], [ 7.073955, 47.463954 ], [ 7.077096, 47.460413 ], [ 7.080302, 47.456899 ], [ 7.083572, 47.453411 ], [ 7.086905, 47.449952 ], [ 7.090301, 47.44652 ], [ 7.093759, 47.443117 ], [ 7.097278, 47.439743 ], [ 7.098455, 47.43972 ], [ 7.098455, 47.43972 ], [ 7.061667, 47.443333 ], [ 6.995478, 47.449803 ], [ 6.943294, 47.454876 ], [ 6.941662, 47.454896 ], [ 6.939684, 47.457728 ], [ 6.937737, 47.460571 ], [ 6.935821, 47.463424 ], [ 6.933937, 47.466286 ], [ 6.932085, 47.469157 ], [ 6.930264, 47.472038 ], [ 6.928475, 47.474929 ], [ 6.926719, 47.477828 ], [ 6.924994, 47.480736 ], [ 6.923302, 47.483652 ], [ 6.921642, 47.486577 ], [ 6.920014, 47.489511 ], [ 6.918419, 47.492452 ], [ 6.916857, 47.495402 ], [ 6.915327, 47.498359 ], [ 6.91383, 47.501324 ], [ 6.912366, 47.504297 ], [ 6.910935, 47.507277 ], [ 6.909537, 47.510264 ], [ 6.908172, 47.513258 ], [ 6.906841, 47.516259 ], [ 6.905543, 47.519266 ], [ 6.904278, 47.52228 ], [ 6.903046, 47.525301 ], [ 6.901848, 47.528327 ], [ 6.900684, 47.53136 ], [ 6.899554, 47.534398 ], [ 6.898457, 47.537442 ], [ 6.897394, 47.540492 ], [ 6.896365, 47.543547 ], [ 6.895369, 47.546607 ], [ 6.894408, 47.549671 ], [ 6.893481, 47.552741 ], [ 6.892588, 47.555815 ], [ 6.89173, 47.558894 ], [ 6.890905, 47.561977 ], [ 6.890115, 47.565064 ], [ 6.889359, 47.568155 ], [ 6.888638, 47.57125 ], [ 6.887951, 47.574348 ], [ 6.887298, 47.57745 ], [ 6.88668, 47.580555 ], [ 6.886097, 47.583663 ], [ 6.885548, 47.586774 ], [ 6.885034, 47.589887 ], [ 6.884554, 47.593003 ], [ 6.884109, 47.596122 ], [ 6.883699, 47.599242 ], [ 6.883324, 47.602365 ], [ 6.882984, 47.605489 ], [ 6.882678, 47.608615 ], [ 6.882407, 47.611743 ], [ 6.882171, 47.614872 ], [ 6.88197, 47.618001 ], [ 6.881804, 47.621132 ], [ 6.881673, 47.624264 ], [ 6.881577, 47.627396 ], [ 6.881515, 47.630528 ], [ 6.881489, 47.633661 ], [ 6.881498, 47.636794 ], [ 6.881541, 47.639927 ], [ 6.88162, 47.643059 ], [ 6.881734, 47.646191 ], [ 6.881882, 47.649322 ], [ 6.882066, 47.652452 ], [ 6.882284, 47.655582 ], [ 6.882538, 47.65871 ], [ 6.882826, 47.661837 ], [ 6.88315, 47.664962 ], [ 6.883508, 47.668085 ], [ 6.883901, 47.671207 ], [ 6.88433, 47.674326 ], [ 6.884793, 47.677444 ], [ 6.885291, 47.680558 ], [ 6.885823, 47.683671 ], [ 6.886391, 47.68678 ], [ 6.886994, 47.689886 ], [ 6.887631, 47.69299 ], [ 6.888303, 47.69609 ], [ 6.889009, 47.699186 ], [ 6.889751, 47.702279 ], [ 6.890527, 47.705368 ], [ 6.891337, 47.708453 ], [ 6.892182, 47.711534 ], [ 6.893062, 47.71461 ], [ 6.893976, 47.717682 ], [ 6.894925, 47.720749 ], [ 6.895907, 47.723811 ], [ 6.896925, 47.726868 ], [ 6.897976, 47.72992 ], [ 6.899062, 47.732967 ], [ 6.900182, 47.736008 ], [ 6.901336, 47.739043 ], [ 6.902524, 47.742072 ], [ 6.903746, 47.745095 ], [ 6.905501, 47.745111 ], [ 6.905501, 47.745111 ], [ 7.031626, 47.738695 ] ] ] } },
{ "type": "Feature", "properties": { "name": "BALE 05", "nameV": "TMA BALE 05", "class": "E", "type": "TMA", "lower": "5000FT AMSL", "lowerM": 1524, "upper": "6500FT AMSL", "upperM": 1981, "activationCode": "H24", "UId": "35798161", "id": "LFSB05F", "stroke": "#008040", "stroke-width": 2, "stroke-opacity": 0.8, "fill": "#80ff80", "fill-opacity": 0.2 }, "geometry": { "type": "Polygon", "coordinates": [ [ [ 6.905501, 47.745111 ], [ 6.903746, 47.745095 ], [ 6.902524, 47.742072 ], [ 6.901336, 47.739043 ], [ 6.900182, 47.736008 ], [ 6.899062, 47.732967 ], [ 6.897976, 47.72992 ], [ 6.896925, 47.726868 ], [ 6.895907, 47.723811 ], [ 6.894925, 47.720749 ], [ 6.893976, 47.717682 ], [ 6.893062, 47.71461 ], [ 6.892182, 47.711534 ], [ 6.891337, 47.708453 ], [ 6.890527, 47.705368 ], [ 6.889751, 47.702279 ], [ 6.889009, 47.699186 ], [ 6.888303, 47.69609 ], [ 6.887631, 47.69299 ], [ 6.886994, 47.689886 ], [ 6.886391, 47.68678 ], [ 6.885823, 47.683671 ], [ 6.885291, 47.680558 ], [ 6.884793, 47.677444 ], [ 6.88433, 47.674326 ], [ 6.883901, 47.671207 ], [ 6.883508, 47.668085 ], [ 6.88315, 47.664962 ], [ 6.882826, 47.661837 ], [ 6.882538, 47.65871 ], [ 6.882284, 47.655582 ], [ 6.882066, 47.652452 ], [ 6.881882, 47.649322 ], [ 6.881734, 47.646191 ], [ 6.88162, 47.643059 ], [ 6.881541, 47.639927 ], [ 6.881498, 47.636794 ], [ 6.881489, 47.633661 ], [ 6.881515, 47.630528 ], [ 6.881577, 47.627396 ], [ 6.881673, 47.624264 ], [ 6.881804, 47.621132 ], [ 6.88197, 47.618001 ], [ 6.882171, 47.614872 ], [ 6.882407, 47.611743 ], [ 6.882678, 47.608615 ], [ 6.882984, 47.605489 ], [ 6.883324, 47.602365 ], [ 6.883699, 47.599242 ], [ 6.884109, 47.596122 ], [ 6.884554, 47.593003 ], [ 6.885034, 47.589887 ], [ 6.885548, 47.586774 ], [ 6.886097, 47.583663 ], [ 6.88668, 47.580555 ], [ 6.887298, 47.57745 ], [ 6.887951, 47.574348 ], [ 6.888638, 47.57125 ], [ 6.889359, 47.568155 ], [ 6.890115, 47.565064 ], [ 6.890905, 47.561977 ], [ 6.89173, 47.558894 ], [ 6.892588, 47.555815 ], [ 6.893481, 47.552741 ], [ 6.894408, 47.549671 ], [ 6.895369, 47.546607 ], [ 6.896365, 47.543547 ], [ 6.897394, 47.540492 ], [ 6.898457, 47.537442 ], [ 6.899554, 47.534398 ], [ 6.900684, 47.53136 ], [ 6.901848, 47.528327 ], [ 6.903046, 47.525301 ], [ 6.904278, 47.52228 ], [ 6.905543, 47.519266 ], [ 6.906841, 47.516259 ], [ 6.908172, 47.513258 ], [ 6.909537, 47.510264 ], [ 6.910935, 47.507277 ], [ 6.912366, 47.504297 ], [ 6.91383, 47.501324 ], [ 6.915327, 47.498359 ], [ 6.916857, 47.495402 ], [ 6.918419, 47.492452 ], [ 6.920014, 47.489511 ], [ 6.921642, 47.486577 ], [ 6.923302, 47.483652 ], [ 6.924994, 47.480736 ], [ 6.926719, 47.477828 ], [ 6.928475, 47.474929 ], [ 6.930264, 47.472038 ], [ 6.932085, 47.469157 ], [ 6.933937, 47.466286 ], [ 6.935821, 47.463424 ], [ 6.937737, 47.460571 ], [ 6.939684, 47.457728 ], [ 6.941662, 47.454896 ], [ 6.943294, 47.454876 ], [ 6.943294, 47.454876 ], [ 6.995477847443913, 47.449803431715672 ], [ 6.990114, 47.447908 ], [ 6.985036, 47.448033 ], [ 6.980967, 47.449258 ], [ 6.970422, 47.446903 ], [ 6.966153, 47.437614 ], [ 6.963878, 47.435842 ], [ 6.957453, 47.433844 ], [ 6.95475, 47.435264 ], [ 6.940342, 47.433439 ], [ 6.941836, 47.415647 ], [ 6.938492, 47.406161 ], [ 6.920867, 47.405247 ], [ 6.9197, 47.406761 ], [ 6.913453, 47.404708 ], [ 6.917761, 47.403164 ], [ 6.915367, 47.397244 ], [ 6.9098, 47.396247 ], [ 6.911553, 47.390678 ], [ 6.913575, 47.389536 ], [ 6.912097, 47.386364 ], [ 6.903581, 47.382547 ], [ 6.895142, 47.3815 ], [ 6.895717, 47.379803 ], [ 6.883497, 47.373053 ], [ 6.885183, 47.367611 ], [ 6.879217, 47.358417 ], [ 6.879436, 47.352678 ], [ 6.883433, 47.352589 ], [ 6.894261, 47.356267 ], [ 6.895664, 47.358872 ], [ 6.899542, 47.357722 ], [ 6.901944, 47.359586 ], [ 6.91565, 47.357814 ], [ 6.918611, 47.35565 ], [ 6.923428, 47.355519 ], [ 6.932008, 47.358111 ], [ 6.942906, 47.357772 ], [ 6.951739, 47.359922 ], [ 6.952375, 47.358719 ], [ 6.964389, 47.360478 ], [ 6.967472, 47.359358 ], [ 6.970183, 47.361142 ], [ 6.974733, 47.359928 ], [ 6.984047, 47.363797 ], [ 6.994628, 47.363281 ], [ 7.007033, 47.368086 ], [ 7.011958, 47.372961 ], [ 7.013133, 47.371697 ], [ 7.017639, 47.372875 ], [ 7.018889, 47.370658 ], [ 7.028233, 47.369342 ], [ 7.033856, 47.369739 ], [ 7.034525, 47.363453 ], [ 7.042911, 47.364328 ], [ 7.049447, 47.361553 ], [ 7.052639, 47.351994 ], [ 7.049708, 47.347353 ], [ 7.055614, 47.346833 ], [ 7.062083, 47.343678 ], [ 7.059144, 47.339872 ], [ 7.054417, 47.338544 ], [ 7.055228, 47.3379 ], [ 7.052972, 47.336931 ], [ 7.053211, 47.335303 ], [ 7.056561, 47.334683 ], [ 7.044425, 47.326314 ], [ 7.033917, 47.328589 ], [ 7.030686, 47.327086 ], [ 7.009886, 47.324347 ], [ 7.009708, 47.320397 ], [ 7.013622, 47.320367 ], [ 7.016578, 47.3148 ], [ 7.013747, 47.309564 ], [ 7.011522, 47.308486 ], [ 7.008078, 47.301081 ], [ 7.003867, 47.301658 ], [ 6.996275, 47.295808 ], [ 6.989667, 47.296997 ], [ 6.982975, 47.295478 ], [ 6.975867, 47.296378 ], [ 6.976025, 47.293417 ], [ 6.973847, 47.291528 ], [ 6.967833, 47.292961 ], [ 6.964698966044907, 47.292234146406948 ], [ 6.964699, 47.292234 ], [ 6.614842, 47.488355 ], [ 6.65, 47.65 ], [ 6.808333, 47.75 ], [ 6.905501, 47.745111 ] ] ] } },
{ "type": "Feature", "properties": { "name": "BALE DELEG.ZURICH-AZ3 SUISSE", "nameV": "TMA BALE DELEG.ZURICH-AZ3 SUISSE", "class": "C", "type": "TMA", "lower": "6500FT AMSL", "lowerM": 1981, "upper": "FL105", "upperM": 3200, "desc": "By ZURICH ACC delegation.", "activationCode": "H24", "UId": "35860760", "id": "LFSBDZZ3S", "stroke": "#ff0000", "stroke-width": 2, "stroke-opacity": 0.8, "fill": "#ff8080", "fill-opacity": 0.3 }, "geometry": { "type": "Polygon", "coordinates": [ [ [ 7.760789, 47.549118 ], [ 7.778056, 47.431111 ], [ 7.702267069083295, 47.535210878524992 ], [ 7.702575, 47.535386 ], [ 7.704239, 47.535967 ], [ 7.705064, 47.536161 ], [ 7.705861, 47.536656 ], [ 7.706794, 47.537058 ], [ 7.707964, 47.537442 ], [ 7.711425, 47.5388 ], [ 7.712422, 47.53905 ], [ 7.713647, 47.539631 ], [ 7.718172, 47.541347 ], [ 7.719369, 47.541569 ], [ 7.722, 47.54195 ], [ 7.723756, 47.542233 ], [ 7.72535, 47.5423 ], [ 7.726519, 47.542433 ], [ 7.728911, 47.542581 ], [ 7.729908, 47.542578 ], [ 7.730997, 47.542647 ], [ 7.732033, 47.542753 ], [ 7.732856, 47.542706 ], [ 7.734292, 47.542819 ], [ 7.735381, 47.54295 ], [ 7.736683, 47.543036 ], [ 7.737814, 47.543053 ], [ 7.738769, 47.543139 ], [ 7.739767, 47.543317 ], [ 7.7418, 47.543447 ], [ 7.742731, 47.543606 ], [ 7.743728, 47.543694 ], [ 7.744683, 47.543664 ], [ 7.745814, 47.543842 ], [ 7.748472, 47.544058 ], [ 7.748869, 47.544175 ], [ 7.749308, 47.544192 ], [ 7.749908, 47.544306 ], [ 7.751794, 47.544678 ], [ 7.752794, 47.545064 ], [ 7.754364, 47.545597 ], [ 7.755097, 47.546064 ], [ 7.755525, 47.546422 ], [ 7.756033, 47.54705 ], [ 7.757061, 47.547947 ], [ 7.757569, 47.548242 ], [ 7.758633, 47.5486 ], [ 7.759925, 47.548867 ], [ 7.760788864981793, 47.549118463834098 ], [ 7.760789, 47.549118 ] ] ] } },
{ "type": "Feature", "properties": { "name": "BALE 07", "nameV": "TMA BALE 07", "class": "D", "type": "TMA", "lower": "6200FT AMSL", "lowerM": 1889, "upper": "FL115", "upperM": 3505, "activationCode": "H24", "UId": "35851707", "id": "LFSB07F", "stroke": "#ff0000", "stroke-width": 2, "stroke-opacity": 0.8, "fill": "#ff8080", "fill-opacity": 0.3 }, "geometry": { "type": "Polygon", "coordinates": [ [ [ 7.569169, 48.080369 ], [ 7.573492, 48.059517 ], [ 7.573903, 48.052608 ], [ 7.572394, 48.045778 ], [ 7.568917, 48.038169 ], [ 7.568931, 48.034681 ], [ 7.572633, 48.029567 ], [ 7.609875, 47.999111 ], [ 7.6185, 47.985861 ], [ 7.621175, 47.978586 ], [ 7.621822, 47.972328 ], [ 7.620067, 47.967481 ], [ 7.609389, 47.954028 ], [ 7.588986, 47.938008 ], [ 7.584981201826195, 47.93333282711373 ], [ 7.584981, 47.933333 ], [ 7.249167, 47.933333 ], [ 7.338563, 48.031067 ], [ 7.338381, 48.031062 ], [ 7.339111, 48.031245 ], [ 7.339843, 48.031425 ], [ 7.340576, 48.031604 ], [ 7.34131, 48.03178 ], [ 7.342045, 48.031954 ], [ 7.342781, 48.032126 ], [ 7.343518, 48.032295 ], [ 7.344257, 48.032463 ], [ 7.344997, 48.032628 ], [ 7.345737, 48.032791 ], [ 7.346479, 48.032951 ], [ 7.347222, 48.03311 ], [ 7.347966, 48.033266 ], [ 7.348711, 48.03342 ], [ 7.349457, 48.033572 ], [ 7.350204, 48.033721 ], [ 7.350953, 48.033869 ], [ 7.351702, 48.034014 ], [ 7.352452, 48.034157 ], [ 7.353203, 48.034297 ], [ 7.353955, 48.034435 ], [ 7.354707, 48.034571 ], [ 7.355461, 48.034705 ], [ 7.356216, 48.034837 ], [ 7.356971, 48.034966 ], [ 7.357728, 48.035093 ], [ 7.358485, 48.035218 ], [ 7.359243, 48.03534 ], [ 7.360002, 48.03546 ], [ 7.360761, 48.035578 ], [ 7.361522, 48.035694 ], [ 7.362283, 48.035807 ], [ 7.363045, 48.035918 ], [ 7.363808, 48.036027 ], [ 7.364571, 48.036134 ], [ 7.365335, 48.036238 ], [ 7.3661, 48.03634 ], [ 7.366866, 48.03644 ], [ 7.367632, 48.036537 ], [ 7.368399, 48.036632 ], [ 7.369166, 48.036725 ], [ 7.369934, 48.036815 ], [ 7.370703, 48.036903 ], [ 7.371472, 48.036989 ], [ 7.372242, 48.037073 ], [ 7.373012, 48.037154 ], [ 7.373783, 48.037233 ], [ 7.374555, 48.037309 ], [ 7.375327, 48.037384 ], [ 7.376099, 48.037456 ], [ 7.376872, 48.037525 ], [ 7.377645, 48.037592 ], [ 7.378419, 48.037658 ], [ 7.379193, 48.03772 ], [ 7.379968, 48.037781 ], [ 7.380743, 48.037839 ], [ 7.381519, 48.037894 ], [ 7.382294, 48.037948 ], [ 7.383071, 48.037999 ], [ 7.383847, 48.038048 ], [ 7.384624, 48.038094 ], [ 7.385401, 48.038138 ], [ 7.386178, 48.03818 ], [ 7.386956, 48.038219 ], [ 7.387734, 48.038256 ], [ 7.388512, 48.038291 ], [ 7.389291, 48.038324 ], [ 7.390069, 48.038354 ], [ 7.390848, 48.038381 ], [ 7.391627, 48.038407 ], [ 7.392406, 48.03843 ], [ 7.393185, 48.038451 ], [ 7.393965, 48.038469 ], [ 7.394744, 48.038485 ], [ 7.395524, 48.038499 ], [ 7.396304, 48.03851 ], [ 7.397083, 48.038519 ], [ 7.397863, 48.038526 ], [ 7.398643, 48.038531 ], [ 7.399423, 48.038533 ], [ 7.399424, 48.038538 ], [ 7.399424, 48.038538 ], [ 7.569169, 48.080369 ] ] ] } },
{ "type": "Feature", "properties": { "name": "BALE 08", "nameV": "TMA BALE 08", "class": "D", "type": "TMA", "lower": "FL095", "lowerM": 2895, "upper": "FL115", "upperM": 3505, "activationCode": "H24", "UId": "35851737", "id": "LFSB08F", "stroke": "#ff0000", "stroke-width": 2, "stroke-opacity": 0.8, "fill": "#ff8080", "fill-opacity": 0.3 }, "geometry": { "type": "Polygon", "coordinates": [ [ [ 7.661707116707334, 48.217220863805004 ], [ 7.6613, 48.216872 ], [ 7.645533, 48.208539 ], [ 7.642728, 48.20555 ], [ 7.629378, 48.183706 ], [ 7.602083, 48.159417 ], [ 7.599811, 48.156222 ], [ 7.598942, 48.152017 ], [ 7.600564, 48.140947 ], [ 7.598856, 48.1357 ], [ 7.593486, 48.130725 ], [ 7.580194, 48.124492 ], [ 7.577147, 48.119967 ], [ 7.579589, 48.105653 ], [ 7.577586, 48.096558 ], [ 7.571944, 48.089097 ], [ 7.569169, 48.080369 ], [ 7.569169, 48.080369 ], [ 7.399424, 48.038538 ], [ 7.399423, 48.038533 ], [ 7.398996, 48.038532 ], [ 7.398569, 48.03853 ], [ 7.398142, 48.038528 ], [ 7.397715, 48.038525 ], [ 7.397288, 48.038521 ], [ 7.396862, 48.038517 ], [ 7.396435, 48.038512 ], [ 7.396008, 48.038506 ], [ 7.395581, 48.0385 ], [ 7.395154, 48.038493 ], [ 7.394727, 48.038485 ], [ 7.394301, 48.038476 ], [ 7.393874, 48.038467 ], [ 7.393447, 48.038457 ], [ 7.393021, 48.038446 ], [ 7.392594, 48.038435 ], [ 7.392167, 48.038423 ], [ 7.391741, 48.03841 ], [ 7.391314, 48.038397 ], [ 7.390888, 48.038383 ], [ 7.390462, 48.038368 ], [ 7.390035, 48.038352 ], [ 7.389609, 48.038336 ], [ 7.389183, 48.038319 ], [ 7.388757, 48.038301 ], [ 7.388331, 48.038283 ], [ 7.387905, 48.038264 ], [ 7.387479, 48.038244 ], [ 7.387053, 48.038224 ], [ 7.386627, 48.038203 ], [ 7.386201, 48.038181 ], [ 7.385776, 48.038158 ], [ 7.38535, 48.038135 ], [ 7.384925, 48.038111 ], [ 7.384499, 48.038087 ], [ 7.384074, 48.038061 ], [ 7.383649, 48.038035 ], [ 7.383224, 48.038008 ], [ 7.382799, 48.037981 ], [ 7.382374, 48.037953 ], [ 7.381949, 48.037924 ], [ 7.381525, 48.037895 ], [ 7.3811, 48.037864 ], [ 7.380676, 48.037833 ], [ 7.380251, 48.037802 ], [ 7.379827, 48.03777 ], [ 7.379403, 48.037737 ], [ 7.378979, 48.037703 ], [ 7.378555, 48.037669 ], [ 7.378132, 48.037633 ], [ 7.377708, 48.037598 ], [ 7.377284, 48.037561 ], [ 7.376861, 48.037524 ], [ 7.376438, 48.037486 ], [ 7.376015, 48.037448 ], [ 7.375592, 48.037408 ], [ 7.375169, 48.037368 ], [ 7.374747, 48.037328 ], [ 7.374324, 48.037286 ], [ 7.373902, 48.037244 ], [ 7.37348, 48.037202 ], [ 7.373058, 48.037158 ], [ 7.372636, 48.037114 ], [ 7.372214, 48.037069 ], [ 7.371793, 48.037024 ], [ 7.371372, 48.036978 ], [ 7.370951, 48.036931 ], [ 7.37053, 48.036883 ], [ 7.370109, 48.036835 ], [ 7.369688, 48.036786 ], [ 7.369268, 48.036737 ], [ 7.368847, 48.036686 ], [ 7.368427, 48.036635 ], [ 7.368007, 48.036584 ], [ 7.367588, 48.036531 ], [ 7.367168, 48.036478 ], [ 7.366749, 48.036424 ], [ 7.36633, 48.03637 ], [ 7.365911, 48.036315 ], [ 7.365492, 48.036259 ], [ 7.365594, 48.036264 ], [ 7.365594, 48.036264 ], [ 7.399722, 48.220556 ], [ 7.661707116707334, 48.217220863805004 ] ] ] } },
{ "type": "Feature", "properties": { "name": "BALE 09", "nameV": "TMA BALE 09", "class": "D", "type": "TMA", "lower": "6500FT AMSL", "lowerM": 1981, "upper": "FL115", "upperM": 3505, "desc": "Except for LF-R 125 B Belfort Chaux when active.", "activationCode": "H24", "UId": "35851769", "id": "LFSB09F", "stroke": "#ff0000", "stroke-width": 2, "stroke-opacity": 0.8, "fill": "#ff8080", "fill-opacity": 0.3 }, "geometry": { "type": "Polygon", "coordinates": [ [ [ 6.905501, 47.745111 ], [ 6.903746, 47.745095 ], [ 6.902524, 47.742072 ], [ 6.901336, 47.739043 ], [ 6.900182, 47.736008 ], [ 6.899062, 47.732967 ], [ 6.897976, 47.72992 ], [ 6.896925, 47.726868 ], [ 6.895907, 47.723811 ], [ 6.894925, 47.720749 ], [ 6.893976, 47.717682 ], [ 6.893062, 47.71461 ], [ 6.892182, 47.711534 ], [ 6.891337, 47.708453 ], [ 6.890527, 47.705368 ], [ 6.889751, 47.702279 ], [ 6.889009, 47.699186 ], [ 6.888303, 47.69609 ], [ 6.887631, 47.69299 ], [ 6.886994, 47.689886 ], [ 6.886391, 47.68678 ], [ 6.885823, 47.683671 ], [ 6.885291, 47.680558 ], [ 6.884793, 47.677444 ], [ 6.88433, 47.674326 ], [ 6.883901, 47.671207 ], [ 6.883508, 47.668085 ], [ 6.88315, 47.664962 ], [ 6.882826, 47.661837 ], [ 6.882538, 47.65871 ], [ 6.882284, 47.655582 ], [ 6.882066, 47.652452 ], [ 6.881882, 47.649322 ], [ 6.881734, 47.646191 ], [ 6.88162, 47.643059 ], [ 6.881541, 47.639927 ], [ 6.881498, 47.636794 ], [ 6.881489, 47.633661 ], [ 6.881515, 47.630528 ], [ 6.881577, 47.627396 ], [ 6.881673, 47.624264 ], [ 6.881804, 47.621132 ], [ 6.88197, 47.618001 ], [ 6.882171, 47.614872 ], [ 6.882407, 47.611743 ], [ 6.882678, 47.608615 ], [ 6.882984, 47.605489 ], [ 6.883324, 47.602365 ], [ 6.883699, 47.599242 ], [ 6.884109, 47.596122 ], [ 6.884554, 47.593003 ], [ 6.885034, 47.589887 ], [ 6.885548, 47.586774 ], [ 6.886097, 47.583663 ], [ 6.88668, 47.580555 ], [ 6.887298, 47.57745 ], [ 6.887951, 47.574348 ], [ 6.888638, 47.57125 ], [ 6.889359, 47.568155 ], [ 6.890115, 47.565064 ], [ 6.890905, 47.561977 ], [ 6.89173, 47.558894 ], [ 6.892588, 47.555815 ], [ 6.893481, 47.552741 ], [ 6.894408, 47.549671 ], [ 6.895369, 47.546607 ], [ 6.896365, 47.543547 ], [ 6.897394, 47.540492 ], [ 6.898457, 47.537442 ], [ 6.899554, 47.534398 ], [ 6.900684, 47.53136 ], [ 6.901848, 47.528327 ], [ 6.903046, 47.525301 ], [ 6.904278, 47.52228 ], [ 6.905543, 47.519266 ], [ 6.906841, 47.516259 ], [ 6.908172, 47.513258 ], [ 6.909537, 47.510264 ], [ 6.910935, 47.507277 ], [ 6.912366, 47.504297 ], [ 6.91383, 47.501324 ], [ 6.915327, 47.498359 ], [ 6.916857, 47.495402 ], [ 6.918419, 47.492452 ], [ 6.920014, 47.489511 ], [ 6.921642, 47.486577 ], [ 6.923302, 47.483652 ], [ 6.924994, 47.480736 ], [ 6.926719, 47.477828 ], [ 6.928475, 47.474929 ], [ 6.930264, 47.472038 ], [ 6.932085, 47.469157 ], [ 6.933937, 47.466286 ], [ 6.935821, 47.463424 ], [ 6.937737, 47.460571 ], [ 6.939684, 47.457728 ], [ 6.941662, 47.454896 ], [ 6.943294, 47.454876 ], [ 6.943294, 47.454876 ], [ 6.614842, 47.488355 ], [ 6.65, 47.65 ], [ 6.808333, 47.75 ], [ 6.905501, 47.745111 ] ] ] } },
{ "type": "Feature", "properties": { "name": "BALE 10", "nameV": "TMA BALE 10", "class": "E", "type": "TMA", "lower": "6500FT AMSL", "lowerM": 1981, "upper": "FL115", "upperM": 3505, "activationCode": "H24", "UId": "35851779", "id": "LFSB10F", "stroke": "#008040", "stroke-width": 2, "stroke-opacity": 0.8, "fill": "#80ff80", "fill-opacity": 0.2 }, "geometry": { "type": "Polygon", "coordinates": [ [ [ 6.995477847443913, 47.449803431715672 ], [ 6.990114, 47.447908 ], [ 6.985036, 47.448033 ], [ 6.980967, 47.449258 ], [ 6.970422, 47.446903 ], [ 6.966153, 47.437614 ], [ 6.963878, 47.435842 ], [ 6.957453, 47.433844 ], [ 6.95475, 47.435264 ], [ 6.940342, 47.433439 ], [ 6.941836, 47.415647 ], [ 6.938492, 47.406161 ], [ 6.920867, 47.405247 ], [ 6.9197, 47.406761 ], [ 6.913453, 47.404708 ], [ 6.917761, 47.403164 ], [ 6.915367, 47.397244 ], [ 6.9098, 47.396247 ], [ 6.911553, 47.390678 ], [ 6.913575, 47.389536 ], [ 6.912097, 47.386364 ], [ 6.903581, 47.382547 ], [ 6.895142, 47.3815 ], [ 6.895717, 47.379803 ], [ 6.883497, 47.373053 ], [ 6.885183, 47.367611 ], [ 6.879217, 47.358417 ], [ 6.879436, 47.352678 ], [ 6.883433, 47.352589 ], [ 6.894261, 47.356267 ], [ 6.895664, 47.358872 ], [ 6.899542, 47.357722 ], [ 6.901944, 47.359586 ], [ 6.91565, 47.357814 ], [ 6.918611, 47.35565 ], [ 6.923428, 47.355519 ], [ 6.932008, 47.358111 ], [ 6.942906, 47.357772 ], [ 6.951739, 47.359922 ], [ 6.952375, 47.358719 ], [ 6.964389, 47.360478 ], [ 6.967472, 47.359358 ], [ 6.970183, 47.361142 ], [ 6.974733, 47.359928 ], [ 6.984047, 47.363797 ], [ 6.994628, 47.363281 ], [ 7.007033, 47.368086 ], [ 7.011958, 47.372961 ], [ 7.013133, 47.371697 ], [ 7.017639, 47.372875 ], [ 7.018889, 47.370658 ], [ 7.028233, 47.369342 ], [ 7.033856, 47.369739 ], [ 7.034525, 47.363453 ], [ 7.042911, 47.364328 ], [ 7.049447, 47.361553 ], [ 7.052639, 47.351994 ], [ 7.049708, 47.347353 ], [ 7.055614, 47.346833 ], [ 7.062083, 47.343678 ], [ 7.059144, 47.339872 ], [ 7.054417, 47.338544 ], [ 7.055228, 47.3379 ], [ 7.052972, 47.336931 ], [ 7.053211, 47.335303 ], [ 7.056561, 47.334683 ], [ 7.044425, 47.326314 ], [ 7.033917, 47.328589 ], [ 7.030686, 47.327086 ], [ 7.009886, 47.324347 ], [ 7.009708, 47.320397 ], [ 7.013622, 47.320367 ], [ 7.016578, 47.3148 ], [ 7.013747, 47.309564 ], [ 7.011522, 47.308486 ], [ 7.008078, 47.301081 ], [ 7.003867, 47.301658 ], [ 6.996275, 47.295808 ], [ 6.989667, 47.296997 ], [ 6.982975, 47.295478 ], [ 6.975867, 47.296378 ], [ 6.976025, 47.293417 ], [ 6.973847, 47.291528 ], [ 6.967833, 47.292961 ], [ 6.964698966044907, 47.292234146406948 ], [ 6.964699, 47.292234 ], [ 6.614842, 47.488355 ], [ 6.943294, 47.454876 ], [ 6.995477847443913, 47.449803431715672 ] ] ] } },
{ "type": "Feature", "properties": { "name": "BALE DELEG.ZURICH-AZ2 SUISSE", "nameV": "TMA BALE DELEG.ZURICH-AZ2 SUISSE", "class": "C", "type": "TMA", "lower": "FL100", "lowerM": 3048, "upper": "FL105", "upperM": 3200, "desc": "By ZURICH ACC delegation.", "activationCode": "H24", "UId": "35860752", "id": "LFSBDZZ2S", "stroke": "#ff0000", "stroke-width": 2, "stroke-opacity": 0.8, "fill": "#ff8080", "fill-opacity": 0.3 }, "geometry": { "type": "Polygon", "coordinates": [ [ [ 7.702267, 47.535211 ], [ 7.778056, 47.431111 ], [ 7.658333, 47.383333 ], [ 7.38011, 47.41165 ], [ 7.663307596923729, 47.541193248603605 ], [ 7.663381, 47.541017 ], [ 7.664436, 47.539017 ], [ 7.665069, 47.538225 ], [ 7.665692, 47.537575 ], [ 7.667478, 47.536178 ], [ 7.668181, 47.5357 ], [ 7.669242, 47.535275 ], [ 7.670594, 47.534842 ], [ 7.674083, 47.533981 ], [ 7.675103, 47.5336 ], [ 7.676497, 47.533328 ], [ 7.678528, 47.533008 ], [ 7.679814, 47.532844 ], [ 7.680981, 47.532617 ], [ 7.682203, 47.53255 ], [ 7.684833, 47.532564 ], [ 7.686228, 47.532542 ], [ 7.687689, 47.532539 ], [ 7.689944, 47.532489 ], [ 7.691008, 47.532369 ], [ 7.693425, 47.532392 ], [ 7.694619, 47.532433 ], [ 7.696853, 47.532761 ], [ 7.698742, 47.533369 ], [ 7.700006, 47.533925 ], [ 7.702267069083295, 47.535210878524992 ], [ 7.702267, 47.535211 ] ] ] } },
{ "type": "Feature", "properties": { "name": "BALE DELEG.ZURICH-AZ1 ALLEMANDE", "nameV": "TMA BALE DELEG.ZURICH-AZ1 ALLEMANDE", "class": "C", "type": "TMA", "lower": "FL100", "lowerM": 3048, "upper": "FL115", "upperM": 3505, "desc": "By ZURICH ACC delegation.", "activationCode": "H24", "UId": "35860740", "id": "LFSBDZZ1D", "stroke": "#ff0000", "stroke-width": 2, "stroke-opacity": 0.8, "fill": "#ff8080", "fill-opacity": 0.3 }, "geometry": { "type": "Polygon", "coordinates": [ [ [ 7.643639, 47.554639 ], [ 7.683889, 47.550556 ], [ 7.663307596923729, 47.541193248603605 ], [ 7.662658, 47.542753 ], [ 7.662039, 47.544058 ], [ 7.661669, 47.544508 ], [ 7.661419, 47.544825 ], [ 7.660717, 47.545231 ], [ 7.660253, 47.545439 ], [ 7.659364, 47.545664 ], [ 7.657931, 47.545911 ], [ 7.656708, 47.546075 ], [ 7.653853, 47.546503 ], [ 7.651931, 47.547 ], [ 7.650736, 47.547389 ], [ 7.650139, 47.54775 ], [ 7.649278, 47.548444 ], [ 7.64835, 47.549075 ], [ 7.64765, 47.549661 ], [ 7.647119, 47.550275 ], [ 7.645639, 47.552119 ], [ 7.643639119491271, 47.554639094825106 ], [ 7.643639, 47.554639 ] ] ] } },
{ "type": "Feature", "properties": { "name": "STRASBOURG 9", "nameV": "TMA STRASBOURG 9", "class": "E", "type": "TMA", "lower": "6500FT AMSL", "lowerM": 1981, "upper": "FL115", "upperM": 3505, "desc": "Except for LF-R 150 A, LF-R 150 D1, LF-R 150 D2 and LR-R 228 B when active. Part situated ABV SARRE TMA: lower limit FL 075.", "activationCode": "H24", "UId": "1561807", "id": "LFST9", "stroke": "#008040", "stroke-width": 2, "stroke-opacity": 0.8, "fill": "#80ff80", "fill-opacity": 0.2 }, "geometry": { "type": "Polygon", "coordinates": [ [ [ 7.149443113057539, 49.125269272878747 ], [ 7.150292, 49.125183 ], [ 7.155947, 49.121464 ], [ 7.159467, 49.120464 ], [ 7.159547, 49.122186 ], [ 7.165114, 49.128617 ], [ 7.167797, 49.127378 ], [ 7.174492, 49.129222 ], [ 7.178242, 49.128583 ], [ 7.17745, 49.130272 ], [ 7.183567, 49.129961 ], [ 7.183939, 49.131433 ], [ 7.185425, 49.131244 ], [ 7.187175, 49.127806 ], [ 7.190211, 49.128022 ], [ 7.191561, 49.126386 ], [ 7.190525, 49.125836 ], [ 7.196336, 49.121625 ], [ 7.198133, 49.115172 ], [ 7.201303, 49.117303 ], [ 7.203675, 49.120303 ], [ 7.203806, 49.122622 ], [ 7.205461, 49.1236 ], [ 7.228764, 49.126169 ], [ 7.235647, 49.128692 ], [ 7.245047, 49.130086 ], [ 7.248828, 49.127372 ], [ 7.265617, 49.122658 ], [ 7.271669, 49.124272 ], [ 7.279819, 49.122161 ], [ 7.281592, 49.124375 ], [ 7.283831, 49.123439 ], [ 7.282333, 49.116908 ], [ 7.293164, 49.114947 ], [ 7.298408, 49.117275 ], [ 7.304175, 49.123189 ], [ 7.305608, 49.127072 ], [ 7.310172, 49.129467 ], [ 7.313806, 49.137114 ], [ 7.32115, 49.141289 ], [ 7.329889, 49.144792 ], [ 7.341558, 49.145228 ], [ 7.345325, 49.143283 ], [ 7.362722, 49.143194 ], [ 7.361508, 49.144733 ], [ 7.362986, 49.145236 ], [ 7.361308, 49.152917 ], [ 7.362464, 49.156403 ], [ 7.366683, 49.160697 ], [ 7.368956, 49.161656 ], [ 7.365789, 49.164214 ], [ 7.364756, 49.166942 ], [ 7.365189, 49.171861 ], [ 7.381128, 49.175053 ], [ 7.445614, 49.184189 ], [ 7.443664, 49.182206 ], [ 7.436, 49.18005 ], [ 7.4361, 49.176936 ], [ 7.439375, 49.175822 ], [ 7.441792, 49.172186 ], [ 7.440428, 49.1704 ], [ 7.433081, 49.168086 ], [ 7.432572, 49.165653 ], [ 7.439142, 49.164222 ], [ 7.446189, 49.168317 ], [ 7.448739, 49.168497 ], [ 7.453903, 49.166903 ], [ 7.457653, 49.163069 ], [ 7.459758, 49.162803 ], [ 7.465517, 49.164989 ], [ 7.467414, 49.167339 ], [ 7.482219, 49.169633 ], [ 7.493964, 49.169508 ], [ 7.492572, 49.164336 ], [ 7.495953, 49.155178 ], [ 7.506436, 49.154719 ], [ 7.505939, 49.150617 ], [ 7.497728, 49.146314 ], [ 7.495231, 49.143622 ], [ 7.496758, 49.142456 ], [ 7.495381, 49.141408 ], [ 7.489878, 49.142292 ], [ 7.489531, 49.136564 ], [ 7.495489, 49.135828 ], [ 7.4977, 49.134539 ], [ 7.505489, 49.1224 ], [ 7.511775, 49.122419 ], [ 7.515347, 49.121047 ], [ 7.519053, 49.116464 ], [ 7.521839, 49.108047 ], [ 7.525194, 49.103947 ], [ 7.528311, 49.103644 ], [ 7.529558, 49.102058 ], [ 7.528444, 49.097106 ], [ 7.537789, 49.096436 ], [ 7.535633, 49.093683 ], [ 7.549836, 49.085839 ], [ 7.563706, 49.080247 ], [ 7.569336, 49.079769 ], [ 7.600989, 49.083233 ], [ 7.620214, 49.074153 ], [ 7.629392, 49.073583 ], [ 7.630942, 49.072644 ], [ 7.630617, 49.065725 ], [ 7.6326, 49.063819 ], [ 7.632653, 49.058589 ], [ 7.631208, 49.054889 ], [ 7.674697, 49.044992 ], [ 7.680703, 49.048928 ], [ 7.683858, 49.048278 ], [ 7.685653, 49.049197 ], [ 7.697314, 49.049625 ], [ 7.697194, 49.051808 ], [ 7.692478, 49.054144 ], [ 7.695947, 49.057803 ], [ 7.698047, 49.055847 ], [ 7.700811, 49.056975 ], [ 7.705664, 49.056158 ], [ 7.708247, 49.052486 ], [ 7.717575, 49.053928 ], [ 7.720225, 49.051611 ], [ 7.722789, 49.051178 ], [ 7.727083, 49.054942 ], [ 7.731464, 49.055553 ], [ 7.732247, 49.043972 ], [ 7.737417, 49.044803 ], [ 7.74075, 49.047347 ], [ 7.747039, 49.046369 ], [ 7.751578, 49.047897 ], [ 7.756736, 49.045506 ], [ 7.761078, 49.045514 ], [ 7.768778, 49.047697 ], [ 7.76985, 49.050472 ], [ 7.776494, 49.056711 ], [ 7.779889, 49.0583 ], [ 7.788967, 49.058403 ], [ 7.794422, 49.065711 ], [ 7.810456, 49.061286 ], [ 7.812644, 49.057094 ], [ 7.815689, 49.054961 ], [ 7.825931, 49.052189 ], [ 7.830536, 49.047297 ], [ 7.836294, 49.047272 ], [ 7.844067, 49.044739 ], [ 7.8437, 49.043169 ], [ 7.845711, 49.042606 ], [ 7.849836, 49.044047 ], [ 7.851569, 49.042283 ], [ 7.852225, 49.037747 ], [ 7.85465, 49.035531 ], [ 7.860808, 49.034958 ], [ 7.8674, 49.033011 ], [ 7.874469, 49.040547 ], [ 7.880378, 49.043761 ], [ 7.881308, 49.046036 ], [ 7.884367, 49.046486 ], [ 7.888739, 49.049028 ], [ 7.9026, 49.044522 ], [ 7.910667, 49.045156 ], [ 7.91075, 49.043728 ], [ 7.91385, 49.041947 ], [ 7.913525, 49.039997 ], [ 7.923153, 49.043722 ], [ 7.926533, 49.049822 ], [ 7.931194, 49.054267 ], [ 7.931747, 49.058089 ], [ 7.940289, 49.056356 ], [ 7.940947, 49.0544 ], [ 7.945464, 49.055486 ], [ 7.946497, 49.051611 ], [ 7.945661, 49.04975 ], [ 7.949739, 49.048617 ], [ 7.949053, 49.047228 ], [ 7.95745, 49.044964 ], [ 7.956894, 49.043081 ], [ 7.965117, 49.042986 ], [ 7.966761, 49.041589 ], [ 7.966856, 49.036369 ], [ 7.972189, 49.035964 ], [ 7.9722, 49.034136 ], [ 7.974069, 49.031797 ], [ 7.972958, 49.030733 ], [ 7.974683, 49.029878 ], [ 7.975181, 49.026553 ], [ 7.978678, 49.027228 ], [ 7.982386, 49.025844 ], [ 7.989672, 49.028628 ], [ 8.000397, 49.028558 ], [ 8.002275, 49.026342 ], [ 8.007253, 49.025033 ], [ 8.010678, 49.025397 ], [ 8.012614, 49.024042 ], [ 8.013667, 49.020761 ], [ 8.016339, 49.020103 ], [ 8.018528, 49.021381 ], [ 8.022817, 49.018114 ], [ 8.031486, 49.018464 ], [ 8.0449, 49.013664 ], [ 8.049608, 49.014292 ], [ 8.058828, 49.006789 ], [ 8.064, 49.005481 ], [ 8.065231, 49.002936 ], [ 8.064161, 49.000972 ], [ 8.066668264498515, 49.000003272781207 ], [ 8.066667, 49.0 ], [ 7.981944, 48.916667 ], [ 7.472778, 48.916944 ], [ 7.472521, 48.916798 ], [ 7.47117, 48.916655 ], [ 7.469819, 48.91651 ], [ 7.468468, 48.916363 ], [ 7.467118, 48.916214 ], [ 7.465769, 48.916063 ], [ 7.46442, 48.91591 ], [ 7.463071, 48.915755 ], [ 7.461723, 48.915598 ], [ 7.460376, 48.915439 ], [ 7.459029, 48.915279 ], [ 7.457683, 48.915116 ], [ 7.456337, 48.914952 ], [ 7.454992, 48.914785 ], [ 7.453647, 48.914617 ], [ 7.452303, 48.914447 ], [ 7.450959, 48.914275 ], [ 7.449616, 48.914101 ], [ 7.448274, 48.913925 ], [ 7.446932, 48.913747 ], [ 7.445591, 48.913567 ], [ 7.44425, 48.913385 ], [ 7.44291, 48.913201 ], [ 7.441571, 48.913016 ], [ 7.440232, 48.912828 ], [ 7.438894, 48.912639 ], [ 7.437557, 48.912447 ], [ 7.43622, 48.912254 ], [ 7.434884, 48.912059 ], [ 7.433548, 48.911862 ], [ 7.432213, 48.911663 ], [ 7.430879, 48.911462 ], [ 7.429545, 48.911259 ], [ 7.428213, 48.911054 ], [ 7.42688, 48.910848 ], [ 7.425549, 48.910639 ], [ 7.424218, 48.910429 ], [ 7.422888, 48.910217 ], [ 7.421559, 48.910002 ], [ 7.42023, 48.909786 ], [ 7.418902, 48.909568 ], [ 7.417575, 48.909348 ], [ 7.416248, 48.909126 ], [ 7.414923, 48.908903 ], [ 7.413598, 48.908677 ], [ 7.412274, 48.908449 ], [ 7.41095, 48.90822 ], [ 7.409627, 48.907989 ], [ 7.408306, 48.907756 ], [ 7.406984, 48.90752 ], [ 7.405664, 48.907283 ], [ 7.404345, 48.907045 ], [ 7.403026, 48.906804 ], [ 7.401708, 48.906561 ], [ 7.400391, 48.906317 ], [ 7.399075, 48.90607 ], [ 7.397759, 48.905822 ], [ 7.396444, 48.905572 ], [ 7.395131, 48.90532 ], [ 7.393818, 48.905066 ], [ 7.392506, 48.90481 ], [ 7.391194, 48.904552 ], [ 7.389884, 48.904293 ], [ 7.388575, 48.904031 ], [ 7.387266, 48.903768 ], [ 7.385958, 48.903503 ], [ 7.384651, 48.903236 ], [ 7.383345, 48.902967 ], [ 7.38204, 48.902696 ], [ 7.380736, 48.902423 ], [ 7.379433, 48.902149 ], [ 7.37813, 48.901872 ], [ 7.376829, 48.901594 ], [ 7.375529, 48.901314 ], [ 7.374229, 48.901032 ], [ 7.37293, 48.900748 ], [ 7.371633, 48.900462 ], [ 7.370336, 48.900175 ], [ 7.36904, 48.899885 ], [ 7.367746, 48.899594 ], [ 7.366452, 48.899301 ], [ 7.365159, 48.899006 ], [ 7.363867, 48.898709 ], [ 7.362576, 48.898411 ], [ 7.361287, 48.89811 ], [ 7.359998, 48.897808 ], [ 7.35871, 48.897504 ], [ 7.357423, 48.897198 ], [ 7.356138, 48.89689 ], [ 7.354853, 48.89658 ], [ 7.353569, 48.896269 ], [ 7.352286, 48.895955 ], [ 7.351005, 48.89564 ], [ 7.349724, 48.895323 ], [ 7.348445, 48.895004 ], [ 7.347166, 48.894683 ], [ 7.345889, 48.894361 ], [ 7.346667, 48.894167 ], [ 7.346667, 48.894167 ], [ 7.100278, 48.991667 ], [ 7.149443113057539, 49.125269272878747 ] ] ] } },
{ "type": "Feature", "properties": { "name": "BALE 12", "nameV": "TMA BALE 12", "class": "E", "type": "TMA", "lower": "3000FT AMSL", "lowerM": 914, "upper": "FL065", "upperM": 1981, "activationCode": "H24", "UId": "10916078", "id": "LFSB12F", "stroke": "#008040", "stroke-width": 2, "stroke-opacity": 0.8, "fill": "#80ff80", "fill-opacity": 0.2 }, "geometry": { "type": "Polygon", "coordinates": [ [ [ 4.973611, 47.516667 ], [ 5.3, 47.516667 ], [ 5.349722, 47.081389 ], [ 4.960833, 46.9975 ], [ 4.891944, 47.145278 ], [ 5.0, 47.327778 ], [ 4.973611, 47.516667 ] ] ] } },
{ "type": "Feature", "properties": { "name": "STRASBOURG 3", "nameV": "TMA STRASBOURG 3", "class": "D", "type": "TMA", "lower": "6500FT AMSL", "lowerM": 1981, "upper": "FL115", "upperM": 3505, "desc": "Except for LF-R150A and LF-R 150B when active.", "activationCode": "H24", "UId": "1561415", "id": "LFST3", "stroke": "#ff0000", "stroke-width": 2, "stroke-opacity": 0.8, "fill": "#ff8080", "fill-opacity": 0.3 }, "geometry": { "type": "Polygon", "coordinates": [ [ [ 7.472778, 48.916944 ], [ 7.591389, 48.916944 ], [ 7.105833, 48.515278 ], [ 7.109444, 48.788611 ], [ 7.108358, 48.78844 ], [ 7.111332, 48.790559 ], [ 7.114328, 48.792664 ], [ 7.117347, 48.794755 ], [ 7.120388, 48.796832 ], [ 7.123452, 48.798895 ], [ 7.126537, 48.800945 ], [ 7.129643, 48.80298 ], [ 7.132771, 48.805 ], [ 7.135921, 48.807007 ], [ 7.139092, 48.808998 ], [ 7.142284, 48.810976 ], [ 7.145497, 48.812938 ], [ 7.14873, 48.814886 ], [ 7.151985, 48.816819 ], [ 7.15526, 48.818737 ], [ 7.158555, 48.82064 ], [ 7.16187, 48.822528 ], [ 7.165206, 48.8244 ], [ 7.168561, 48.826257 ], [ 7.171936, 48.828099 ], [ 7.17533, 48.829925 ], [ 7.178744, 48.831736 ], [ 7.182177, 48.833531 ], [ 7.185629, 48.83531 ], [ 7.1891, 48.837073 ], [ 7.192589, 48.83882 ], [ 7.196097, 48.840552 ], [ 7.199624, 48.842267 ], [ 7.203168, 48.843966 ], [ 7.206731, 48.845648 ], [ 7.210311, 48.847315 ], [ 7.21391, 48.848964 ], [ 7.217525, 48.850598 ], [ 7.221158, 48.852214 ], [ 7.224808, 48.853814 ], [ 7.228475, 48.855398 ], [ 7.232159, 48.856964 ], [ 7.23586, 48.858513 ], [ 7.239577, 48.860046 ], [ 7.24331, 48.861561 ], [ 7.247059, 48.863059 ], [ 7.250824, 48.86454 ], [ 7.254605, 48.866004 ], [ 7.258402, 48.86745 ], [ 7.262213, 48.868879 ], [ 7.26604, 48.87029 ], [ 7.269882, 48.871684 ], [ 7.273739, 48.87306 ], [ 7.27761, 48.874419 ], [ 7.281496, 48.875759 ], [ 7.285395, 48.877082 ], [ 7.289309, 48.878387 ], [ 7.293237, 48.879674 ], [ 7.297178, 48.880943 ], [ 7.301133, 48.882193 ], [ 7.305101, 48.883426 ], [ 7.309082, 48.88464 ], [ 7.313076, 48.885836 ], [ 7.317083, 48.887014 ], [ 7.321102, 48.888173 ], [ 7.325134, 48.889314 ], [ 7.329177, 48.890437 ], [ 7.333233, 48.891541 ], [ 7.3373, 48.892626 ], [ 7.341379, 48.893692 ], [ 7.345469, 48.89474 ], [ 7.34957, 48.895769 ], [ 7.353682, 48.896779 ], [ 7.357804, 48.897771 ], [ 7.361938, 48.898743 ], [ 7.366081, 48.899696 ], [ 7.370234, 48.900631 ], [ 7.374398, 48.901546 ], [ 7.378571, 48.902442 ], [ 7.382754, 48.903319 ], [ 7.386946, 48.904177 ], [ 7.391146, 48.905016 ], [ 7.395356, 48.905835 ], [ 7.399575, 48.906635 ], [ 7.403802, 48.907416 ], [ 7.408037, 48.908177 ], [ 7.41228, 48.908919 ], [ 7.416531, 48.909642 ], [ 7.42079, 48.910344 ], [ 7.425056, 48.911028 ], [ 7.429329, 48.911692 ], [ 7.433609, 48.912336 ], [ 7.437896, 48.91296 ], [ 7.44219, 48.913565 ], [ 7.44649, 48.91415 ], [ 7.450796, 48.914716 ], [ 7.455108, 48.915261 ], [ 7.459426, 48.915787 ], [ 7.46375, 48.916293 ], [ 7.468078, 48.916779 ], [ 7.472412, 48.917246 ], [ 7.472778, 48.916944 ] ] ] } },
{ "type": "Feature", "properties": { "name": "STRASBOURG 5", "nameV": "TMA STRASBOURG 5", "class": "D", "type": "TMA", "lower": "6500FT AMSL", "lowerM": 1981, "upper": "FL115", "upperM": 3505, "activationCode": "H24", "UId": "1561403", "id": "LFST5", "stroke": "#ff0000", "stroke-width": 2, "stroke-opacity": 0.8, "fill": "#ff8080", "fill-opacity": 0.3 }, "geometry": { "type": "Polygon", "coordinates": [ [ [ 6.824444, 48.471111 ], [ 7.105278, 48.471111 ], [ 7.091944, 48.235833 ], [ 6.816944, 48.250556 ], [ 6.824444, 48.471111 ] ] ] } },
{ "type": "Feature", "properties": { "name": "STRASBOURG 8", "nameV": "TMA STRASBOURG 8", "class": "D", "type": "TMA", "lower": "6500FT AMSL", "lowerM": 1981, "upper": "FL115", "upperM": 3505, "activationCode": "H24", "UId": "1561811", "id": "LFST8", "stroke": "#ff0000", "stroke-width": 2, "stroke-opacity": 0.8, "fill": "#ff8080", "fill-opacity": 0.3 }, "geometry": { "type": "Polygon", "coordinates": [ [ [ 8.066668264498515, 49.000003272781207 ], [ 8.069164, 48.999039 ], [ 8.068992, 48.997611 ], [ 8.071625, 48.996317 ], [ 8.087617, 48.991772 ], [ 8.088025, 48.990483 ], [ 8.091431, 48.98935 ], [ 8.096667, 48.989703 ], [ 8.097642, 48.988847 ], [ 8.100728, 48.989922 ], [ 8.106575, 48.989056 ], [ 8.108728, 48.987022 ], [ 8.115106, 48.986908 ], [ 8.11985, 48.984711 ], [ 8.123503, 48.986422 ], [ 8.128094, 48.982519 ], [ 8.131081, 48.983158 ], [ 8.132886, 48.981175 ], [ 8.135672, 48.981156 ], [ 8.136533, 48.979564 ], [ 8.139586, 48.978481 ], [ 8.144656, 48.978556 ], [ 8.148608, 48.977319 ], [ 8.153831, 48.977183 ], [ 8.160808, 48.978614 ], [ 8.162153, 48.97755 ], [ 8.166981, 48.977692 ], [ 8.170122, 48.976397 ], [ 8.171625, 48.979072 ], [ 8.180319, 48.978283 ], [ 8.180456, 48.977539 ], [ 8.184644, 48.978519 ], [ 8.187633, 48.976592 ], [ 8.19455, 48.977114 ], [ 8.197583, 48.972364 ], [ 8.195536, 48.969228 ], [ 8.199767, 48.9669 ], [ 8.203836, 48.969642 ], [ 8.207789, 48.970125 ], [ 8.214361, 48.974961 ], [ 8.223311, 48.975833 ], [ 8.226761, 48.973928 ], [ 8.229592, 48.968789 ], [ 8.232572, 48.966508 ], [ 8.203267, 48.959828 ], [ 8.197353, 48.957261 ], [ 8.192078, 48.951975 ], [ 8.179667, 48.935094 ], [ 8.146672, 48.902403 ], [ 8.134203, 48.886142 ], [ 8.123578, 48.868989 ], [ 8.109611, 48.840039 ], [ 8.102211, 48.817481 ], [ 8.088447, 48.803214 ], [ 8.073036, 48.792825 ], [ 8.063825, 48.789522 ], [ 8.05845, 48.7889 ], [ 8.042686, 48.790692 ], [ 8.036403, 48.789736 ], [ 8.036145385813812, 48.789634621647387 ], [ 8.036111, 48.789722 ], [ 7.910833, 48.845 ], [ 8.066668264498515, 49.000003272781207 ] ] ] } },
{ "type": "Feature", "properties": { "name": "STRASBOURG 1", "nameV": "TMA STRASBOURG 1", "class": "D", "type": "TMA", "lower": "2500FT AMSL", "lowerM": 762, "upper": "FL115", "upperM": 3505, "desc": "Except for LF-D 526 and LF-R 199 when active and parts B, C and E of BADEN TMA. Lower level: 4000ft within TMA 1.2 limits.", "activationCode": "H24", "UId": "1561339", "id": "LFST1", "stroke": "#ff0000", "stroke-width": 2, "stroke-opacity": 0.8, "fill": "#ff8080", "fill-opacity": 0.3 }, "geometry": { "type": "Polygon", "coordinates": [ [ [ 7.910833, 48.845 ], [ 8.036145385813812, 48.789634621647387 ], [ 8.030439, 48.787389 ], [ 8.02605, 48.782789 ], [ 8.022564, 48.767911 ], [ 8.019211, 48.764125 ], [ 8.013122, 48.760497 ], [ 8.002206, 48.758853 ], [ 7.983239, 48.761125 ], [ 7.973147, 48.758639 ], [ 7.96895, 48.753889 ], [ 7.967375, 48.747586 ], [ 7.967258, 48.727075 ], [ 7.962436, 48.720811 ], [ 7.891472, 48.663583 ], [ 7.884122, 48.659644 ], [ 7.862839, 48.651161 ], [ 7.845389, 48.645922 ], [ 7.839778, 48.641422 ], [ 7.833283, 48.625444 ], [ 7.828933, 48.617917 ], [ 7.8055, 48.593439 ], [ 7.8007, 48.585236 ], [ 7.800508, 48.577522 ], [ 7.804142, 48.567036 ], [ 7.805658, 48.558125 ], [ 7.80565, 48.549242 ], [ 7.803636, 48.537119 ], [ 7.806669, 48.523364 ], [ 7.805392, 48.5141 ], [ 7.801128, 48.507361 ], [ 7.794264, 48.501361 ], [ 7.772875, 48.493078 ], [ 7.768189, 48.489619 ], [ 7.76715, 48.4868 ], [ 7.766375, 48.461733 ], [ 7.762964, 48.450775 ], [ 7.733628, 48.398997 ], [ 7.730997, 48.385633 ], [ 7.733147, 48.371092 ], [ 7.745522, 48.333514 ], [ 7.744663460255988, 48.328621272121829 ], [ 7.744722, 48.328611 ], [ 7.69, 48.353889 ], [ 7.47, 48.361389 ], [ 7.500833, 48.705278 ], [ 7.671667, 48.835833 ], [ 7.910833, 48.845 ] ] ] } },
{ "type": "Feature", "properties": { "name": "STRASBOURG 2", "nameV": "TMA STRASBOURG 2", "class": "D", "type": "TMA", "lower": "5000FT AMSL", "lowerM": 1524, "upper": "FL115", "upperM": 3505, "desc": "Lower limit 6500ft AMSL within TMA 2.1 limits.", "activationCode": "H24", "UId": "25092061", "id": "LFST2", "stroke": "#ff0000", "stroke-width": 2, "stroke-opacity": 0.8, "fill": "#ff8080", "fill-opacity": 0.3 }, "geometry": { "type": "Polygon", "coordinates": [ [ [ 7.591389, 48.916944 ], [ 7.981944, 48.916667 ], [ 7.910833, 48.845 ], [ 7.671667, 48.835833 ], [ 7.565278, 48.755278 ], [ 7.500833, 48.705278 ], [ 7.47, 48.361389 ], [ 7.423889, 48.294167 ], [ 7.372222, 48.220833 ], [ 7.231111, 48.228333 ], [ 7.091944, 48.235833 ], [ 7.105278, 48.471111 ], [ 7.105833, 48.515278 ], [ 7.591389, 48.916944 ] ] ] } },
{ "type": "Feature", "properties": { "name": "STRASBOURG 7", "nameV": "TMA STRASBOURG 7", "class": "D", "type": "TMA", "lower": "6000FT AMSL", "lowerM": 1828, "upper": "FL115", "upperM": 3505, "activationCode": "H24", "UId": "1565423", "id": "LFST7", "stroke": "#ff0000", "stroke-width": 2, "stroke-opacity": 0.8, "fill": "#ff8080", "fill-opacity": 0.3 }, "geometry": { "type": "Polygon", "coordinates": [ [ [ 7.47, 48.361389 ], [ 7.69, 48.353889 ], [ 7.744663460255988, 48.328621272121829 ], [ 7.744436, 48.327325 ], [ 7.740017, 48.321728 ], [ 7.733817, 48.318019 ], [ 7.705931, 48.310231 ], [ 7.699164, 48.306525 ], [ 7.693558, 48.301769 ], [ 7.689406, 48.293547 ], [ 7.688806, 48.279128 ], [ 7.666283, 48.221142 ], [ 7.661684546754373, 48.21720152330748 ], [ 7.661667, 48.217222 ], [ 7.399722, 48.220556 ], [ 7.372222, 48.220833 ], [ 7.423889, 48.294167 ], [ 7.47, 48.361389 ] ] ] } },
{ "type": "Feature", "properties": { "name": "BALE DELEG.ZURICH-AZ4 T3", "nameV": "TMA BALE DELEG.ZURICH-AZ4 T3", "class": "D", "type": "TMA", "lower": "5700FT AMSL", "lowerM": 1737, "upper": "FL100", "upperM": 3048, "desc": "As ABV", "activationCode": "H24", "UId": "35860776", "id": "LFSBDZZ4T3", "stroke": "#ff0000", "stroke-width": 2, "stroke-opacity": 0.8, "fill": "#ff8080", "fill-opacity": 0.3 }, "geometry": { "type": "Polygon", "coordinates": [ [ [ 7.811667, 47.291111 ], [ 7.736389, 47.244722 ], [ 7.611111, 47.213333 ], [ 7.485258, 47.250861 ], [ 7.439167, 47.318056 ], [ 7.811667, 47.291111 ] ] ] } },
{ "type": "Feature", "properties": { "name": "BALE DELEG.ZURICH-AZ4 T3.20", "nameV": "TMA BALE DELEG.ZURICH-AZ4 T3.20 Lower(700FT AGL-5200FT AMSL)", "class": "E", "type": "TMA", "lower": "5200FT AMSL", "lowerMin": "700FT AGL", "lowerM": 1584, "upper": "5700FT AMSL", "upperM": 1737, "desc": "As ABV", "activationCode": "H24", "UId": "35861078", "id": "LFSB39Z.20", "stroke": "#008040", "stroke-width": 2, "stroke-opacity": 0.8, "fill": "#80ff80", "fill-opacity": 0.2 }, "geometry": { "type": "Polygon", "coordinates": [ [ [ 7.811667, 47.291111 ], [ 7.736389, 47.244722 ], [ 7.611111, 47.213333 ], [ 7.485258, 47.250861 ], [ 7.439167, 47.318056 ], [ 7.811667, 47.291111 ] ] ] } },
{ "type": "Feature", "properties": { "name": "BALE DELEG.ZURICH-AZ4 T2", "nameV": "TMA BALE DELEG.ZURICH-AZ4 T2", "class": "D", "type": "TMA", "lower": "FL085", "lowerM": 2590, "upper": "FL100", "upperM": 3048, "desc": "As ABV", "activationCode": "H24", "UId": "35860772", "id": "LFSBDZZ4T2", "stroke": "#ff0000", "stroke-width": 2, "stroke-opacity": 0.8, "fill": "#ff8080", "fill-opacity": 0.3 }, "geometry": { "type": "Polygon", "coordinates": [ [ [ 7.374444, 47.412222 ], [ 7.439167, 47.318056 ], [ 7.201667, 47.334722 ], [ 7.1125, 47.360556 ], [ 7.044444, 47.391111 ], [ 7.061667, 47.443333 ], [ 7.098455, 47.43972 ], [ 7.374444, 47.412222 ] ] ] } },
{ "type": "Feature", "properties": { "name": "BALE DELEG.ZURICH-AZ4 T2.20", "nameV": "TMA BALE DELEG.ZURICH-AZ4 T2.20", "class": "E", "type": "TMA", "lower": "6500FT AMSL", "lowerM": 1981, "upper": "FL085", "upperM": 2590, "desc": "As ABV", "activationCode": "H24", "UId": "35861066", "id": "LFSB38Z.20", "stroke": "#008040", "stroke-width": 2, "stroke-opacity": 0.8, "fill": "#80ff80", "fill-opacity": 0.2 }, "geometry": { "type": "Polygon", "coordinates": [ [ [ 7.374444, 47.412222 ], [ 7.439167, 47.318056 ], [ 7.201667, 47.334722 ], [ 7.1125, 47.360556 ], [ 7.044444, 47.391111 ], [ 7.061667, 47.443333 ], [ 7.098455, 47.43972 ], [ 7.374444, 47.412222 ] ] ] } },
{ "type": "Feature", "properties": { "name": "AJACCIO 1", "nameV": "TMA AJACCIO 1 Lower(2000FT AGL-2500FT AMSL)", "class": "D", "type": "TMA", "lower": "2500FT AMSL", "lowerMin": "2000FT AGL", "lowerM": 762, "upper": "FL115", "upperM": 3505, "desc": "Except for parts interfering with LF-D 54 CS when active.", "activationCode": "H24", "UId": "1560853", "id": "LFKJ1", "stroke": "#ff0000", "stroke-width": 2, "stroke-opacity": 0.8, "fill": "#ff8080", "fill-opacity": 0.3 }, "geometry": { "type": "Polygon", "coordinates": [ [ [ 8.499167, 42.416667 ], [ 8.5, 42.358333 ], [ 8.691667, 42.266667 ], [ 8.830556, 42.124167 ], [ 8.816667, 42.0 ], [ 8.916667, 42.0 ], [ 8.852222, 41.768056 ], [ 8.833333, 41.7 ], [ 8.783333, 41.7 ], [ 8.783333, 41.666667 ], [ 8.57, 41.333333 ], [ 7.965278, 41.332778 ], [ 7.860556, 42.314722 ], [ 8.499167, 42.416667 ] ] ] } },
{ "type": "Feature", "properties": { "name": "BASTIA 2", "nameV": "TMA BASTIA 2 Lower(1000FT AGL-4000FT AMSL)", "class": "D", "type": "TMA", "lower": "4000FT AMSL", "lowerMin": "1000FT AGL", "lowerM": 1219, "upper": "FL115", "upperM": 3505, "activationCode": "H24", "UId": "1560883", "id": "LFKB2", "stroke": "#ff0000", "stroke-width": 2, "stroke-opacity": 0.8, "fill": "#ff8080", "fill-opacity": 0.3 }, "geometry": { "type": "Polygon", "coordinates": [ [ [ 9.175833, 43.331667 ], [ 9.75, 43.166667 ], [ 9.75, 42.822778 ], [ 9.4, 42.872222 ], [ 9.4, 43.038889 ], [ 9.191667, 43.143333 ], [ 9.175833, 43.331667 ] ] ] } },
{ "type": "Feature", "properties": { "name": "PYRENEES 3", "nameV": "TMA PYRENEES 3", "class": "D", "type": "TMA", "lower": "4500FT AMSL", "lowerM": 1371, "upper": "FL115", "upperM": 3505, "desc": "Except for interfering parts of LF-R 201 A1 and A2 when active.", "activationCode": "H24", "UId": "1561297", "id": "LFBP3", "stroke": "#ff0000", "stroke-width": 2, "stroke-opacity": 0.8, "fill": "#ff8080", "fill-opacity": 0.3 }, "geometry": { "type": "Polygon", "coordinates": [ [ [ -0.9, 43.471111 ], [ -0.716667, 43.458333 ], [ -0.622222, 43.471944 ], [ -0.550556, 43.482222 ], [ -0.648056, 43.286944 ], [ -0.9, 43.302778 ], [ -0.9, 43.471111 ] ] ] } },
{ "type": "Feature", "properties": { "name": "PYRENEES 4", "nameV": "TMA PYRENEES 4", "class": "D", "type": "TMA", "lower": "4500FT AMSL", "lowerM": 1371, "upper": "FL115", "upperM": 3505, "activationCode": "H24", "UId": "1560965", "id": "LFBP4", "stroke": "#ff0000", "stroke-width": 2, "stroke-opacity": 0.8, "fill": "#ff8080", "fill-opacity": 0.3 }, "geometry": { "type": "Polygon", "coordinates": [ [ [ 0.066111, 43.585278 ], [ 0.255278, 43.645278 ], [ 0.258333, 43.633333 ], [ 0.558333, 43.495 ], [ 0.558333, 43.251389 ], [ 0.398889, 43.175556 ], [ 0.398889, 43.412222 ], [ 0.066667, 43.583333 ], [ 0.066111, 43.585278 ] ] ] } },
{ "type": "Feature", "properties": { "name": "PYRENEES 7", "nameV": "TMA PYRENEES 7", "class": "D", "type": "TMA", "lower": "4500FT AMSL", "lowerM": 1371, "upper": "FL115", "upperM": 3505, "desc": "Outside TMA MARSAN parts 1.1 and 1.2 and LF-R 34 A1 and A2 activity periods.", "activationCode": "H24", "UId": "1560973", "id": "LFBP7", "stroke": "#ff0000", "stroke-width": 2, "stroke-opacity": 0.8, "fill": "#ff8080", "fill-opacity": 0.3 }, "geometry": { "type": "Polygon", "coordinates": [ [ [ -0.566667, 43.585556 ], [ 0.066667, 43.585556 ], [ -0.013611, 43.559722 ], [ -0.176944, 43.536111 ], [ -0.399444, 43.504167 ], [ -0.550556, 43.482222 ], [ -0.622222, 43.471944 ], [ -0.676667, 43.516389 ], [ -0.566667, 43.585556 ] ] ] } },
{ "type": "Feature", "properties": { "name": "TOULOUSE 4-1", "nameV": "TMA TOULOUSE 4-1", "class": "E", "type": "TMA", "lower": "2400FT AMSL", "lowerM": 731, "upper": "3000FT AMSL", "upperM": 914, "desc": "Except for a part of LF-R 112 FONSORBES when active. Mandatory radio contact with MURET TWR in the part which coexists with the RMZ MURET 2 when active.", "activationCode": "H24", "UId": "1561381", "id": "LFBO4-1", "stroke": "#008040", "stroke-width": 2, "stroke-opacity": 0.8, "fill": "#80ff80", "fill-opacity": 0.2 }, "geometry": { "type": "Polygon", "coordinates": [ [ [ 1.5675, 43.737222 ], [ 1.647222, 43.602778 ], [ 1.919167, 43.503889 ], [ 1.618056, 43.268611 ], [ 1.324722, 43.286111 ], [ 1.0275, 43.384167 ], [ 0.949444, 43.578056 ], [ 1.172222, 43.504444 ], [ 1.341667, 43.449444 ], [ 1.330278, 43.339444 ], [ 1.666667, 43.341667 ], [ 1.744167, 43.455833 ], [ 1.632222, 43.499722 ], [ 1.515278, 43.545278 ], [ 1.493889, 43.558056 ], [ 1.456667, 43.601389 ], [ 1.477778, 43.635 ], [ 1.540278, 43.703611 ], [ 1.5675, 43.737222 ] ] ] } },
{ "type": "Feature", "properties": { "name": "AQUITAINE 8", "nameV": "TMA AQUITAINE 8", "class": "D", "type": "TMA", "lower": "2000FT AMSL", "lowerM": 609, "upper": "FL115", "upperM": 3505, "activationCode": "H24", "UId": "1562727", "id": "LFBD8", "stroke": "#ff0000", "stroke-width": 2, "stroke-opacity": 0.8, "fill": "#ff8080", "fill-opacity": 0.3 }, "geometry": { "type": "Polygon", "coordinates": [ [ [ 0.325278, 45.0 ], [ 0.646111, 45.0 ], [ 0.958333, 45.0 ], [ 0.933889, 44.666944 ], [ 0.326944, 44.723889 ], [ 0.216944, 44.775556 ], [ 0.219722, 44.816111 ], [ 0.220278, 44.863333 ], [ 0.211111, 44.926667 ], [ 0.284444, 44.973611 ], [ 0.325278, 45.0 ] ] ] } },
{ "type": "Feature", "properties": { "name": "AQUITAINE 9", "nameV": "TMA AQUITAINE 9", "class": "D", "type": "TMA", "lower": "1000FT AMSL", "lowerM": 304, "upper": "5000FT AMSL", "upperM": 1524, "desc": "Possible activation H24. TMA Aquitaine part 9 activation announced on ATIS Merignac and on CTL frequencies when RWY 05 in use at LFBD and CTR CAZAUX, TMA CAZAUX parts 3 and 5 and LF-R31 A1, A3, A5 inactive.", "activationCode": "H24", "UId": "1561771", "id": "LFBD9", "stroke": "#ff0000", "stroke-width": 2, "stroke-opacity": 0.8, "fill": "#ff8080", "fill-opacity": 0.3 }, "geometry": { "type": "Polygon", "coordinates": [ [ [ -1.026567, 44.825278 ], [ -1.0, 44.825278 ], [ -0.833333, 44.666667 ], [ -0.833611, 44.625556 ], [ -0.834084, 44.625393 ], [ -0.838607, 44.626702 ], [ -0.8431, 44.628062 ], [ -0.847562, 44.629474 ], [ -0.851992, 44.630935 ], [ -0.856389, 44.632447 ], [ -0.860751, 44.634009 ], [ -0.865078, 44.63562 ], [ -0.869368, 44.63728 ], [ -0.873621, 44.638988 ], [ -0.877835, 44.640745 ], [ -0.882009, 44.642549 ], [ -0.886142, 44.644401 ], [ -0.890233, 44.646299 ], [ -0.894281, 44.648243 ], [ -0.898285, 44.650233 ], [ -0.902245, 44.652269 ], [ -0.906158, 44.654349 ], [ -0.910024, 44.656473 ], [ -0.913842, 44.658641 ], [ -0.917611, 44.660852 ], [ -0.92133, 44.663105 ], [ -0.924998, 44.665401 ], [ -0.928614, 44.667738 ], [ -0.932178, 44.670115 ], [ -0.935687, 44.672533 ], [ -0.939142, 44.67499 ], [ -0.942542, 44.677487 ], [ -0.945885, 44.680021 ], [ -0.949171, 44.682594 ], [ -0.952399, 44.685203 ], [ -0.955568, 44.687849 ], [ -0.958677, 44.69053 ], [ -0.961726, 44.693246 ], [ -0.964714, 44.695997 ], [ -0.967639, 44.698781 ], [ -0.970501, 44.701598 ], [ -0.9733, 44.704447 ], [ -0.976035, 44.707328 ], [ -0.978705, 44.710239 ], [ -0.981309, 44.71318 ], [ -0.983846, 44.716151 ], [ -0.986317, 44.71915 ], [ -0.98872, 44.722176 ], [ -0.991055, 44.72523 ], [ -0.99332, 44.728309 ], [ -0.995517, 44.731414 ], [ -0.997643, 44.734544 ], [ -0.999698, 44.737697 ], [ -1.001683, 44.740873 ], [ -1.003596, 44.744072 ], [ -1.005436, 44.747292 ], [ -1.007204, 44.750532 ], [ -1.008899, 44.753792 ], [ -1.010521, 44.75707 ], [ -1.012068, 44.760367 ], [ -1.013541, 44.763681 ], [ -1.014939, 44.767011 ], [ -1.016262, 44.770357 ], [ -1.01751, 44.773717 ], [ -1.018681, 44.777091 ], [ -1.019777, 44.780478 ], [ -1.020796, 44.783877 ], [ -1.021738, 44.787287 ], [ -1.022604, 44.790707 ], [ -1.023392, 44.794137 ], [ -1.024103, 44.797575 ], [ -1.024736, 44.801021 ], [ -1.025291, 44.804473 ], [ -1.025769, 44.807932 ], [ -1.026168, 44.811395 ], [ -1.026489, 44.814863 ], [ -1.026732, 44.818333 ], [ -1.026896, 44.821806 ], [ -1.026982, 44.825281 ], [ -1.026567, 44.825278 ] ] ] } },
{ "type": "Feature", "properties": { "name": "AQUITAINE 7", "nameV": "TMA AQUITAINE 7", "class": "E", "type": "TMA", "lower": "3500FT AMSL", "lowerM": 1066, "upper": "FL115", "upperM": 3505, "activationCode": "H24", "UId": "52920273", "id": "LFBD71", "stroke": "#008040", "stroke-width": 2, "stroke-opacity": 0.8, "fill": "#80ff80", "fill-opacity": 0.2 }, "geometry": { "type": "Polygon", "coordinates": [ [ [ 0.958333, 45.0 ], [ 1.078056, 45.0 ], [ 1.070556, 44.907222 ], [ 1.057778, 44.747778 ], [ 1.05, 44.655833 ], [ 1.036944, 44.5 ], [ 0.579722, 44.5 ], [ 0.022778, 44.706389 ], [ 0.326944, 44.723889 ], [ 0.933889, 44.666944 ], [ 0.958333, 45.0 ] ] ] } },
{ "type": "Feature", "properties": { "name": "BIARRITZ 1", "nameV": "TMA BIARRITZ 1", "class": "D", "type": "TMA", "lower": "2000FT AMSL", "lowerM": 609, "upper": "FL115", "upperM": 3505, "desc": "PYRENEES APP outside BIARRITZ APP SKED.", "activationCode": "H24", "UId": "1560907", "id": "LFBZ1", "stroke": "#ff0000", "stroke-width": 2, "stroke-opacity": 0.8, "fill": "#ff8080", "fill-opacity": 0.3 }, "geometry": { "type": "Polygon", "coordinates": [ [ [ -1.783333, 43.587222 ], [ -1.5825, 43.625 ], [ -1.361111, 43.636111 ], [ -1.172222, 43.591667 ], [ -1.133333, 43.515278 ], [ -1.133333, 43.483333 ], [ -1.133333, 43.334444 ], [ -1.385, 43.368056 ], [ -1.455556, 43.375 ], [ -1.643889, 43.383056 ], [ -1.681389, 43.401667 ], [ -1.756097915642257, 43.346334805868395 ], [ -1.762778, 43.344722 ], [ -1.764167, 43.344444 ], [ -1.768889, 43.345 ], [ -1.769444, 43.345 ], [ -1.769722, 43.345 ], [ -1.770278, 43.345278 ], [ -1.779722, 43.348889 ], [ -1.783333, 43.35 ], [ -1.783333, 43.35 ], [ -1.783333, 43.476944 ], [ -1.783333, 43.587222 ] ] ] } },
{ "type": "Feature", "properties": { "name": "BIARRITZ 2", "nameV": "TMA BIARRITZ 2", "class": "D", "type": "TMA", "lower": "2500FT AMSL", "lowerM": 762, "upper": "FL115", "upperM": 3505, "desc": "PYRENEES APP outside BIARRITZ APP SKED.", "activationCode": "H24", "UId": "1560913", "id": "LFBZ2", "stroke": "#ff0000", "stroke-width": 2, "stroke-opacity": 0.8, "fill": "#ff8080", "fill-opacity": 0.3 }, "geometry": { "type": "Polygon", "coordinates": [ [ [ -1.783333, 43.711111 ], [ -1.472222, 43.775 ], [ -1.375, 43.858333 ], [ -1.117222, 43.700278 ], [ -1.183333, 43.616667 ], [ -1.172222, 43.591667 ], [ -1.361111, 43.636111 ], [ -1.5825, 43.625 ], [ -1.783333, 43.587222 ], [ -1.783333, 43.711111 ] ] ] } },
{ "type": "Feature", "properties": { "name": "BIARRITZ 4", "nameV": "TMA BIARRITZ 4", "class": "D", "type": "TMA", "lower": "2500FT AMSL", "lowerM": 762, "upper": "FL115", "upperM": 3505, "desc": "PYRENEES APP outside BIARRITZ APP SKED.", "activationCode": "H24", "UId": "32511197", "id": "LFBZ4", "stroke": "#ff0000", "stroke-width": 2, "stroke-opacity": 0.8, "fill": "#ff8080", "fill-opacity": 0.3 }, "geometry": { "type": "Polygon", "coordinates": [ [ [ -1.133333, 43.483333 ], [ -0.936111, 43.4875 ], [ -0.9, 43.471111 ], [ -0.9, 43.302778 ], [ -1.133333, 43.334444 ], [ -1.133333, 43.483333 ] ] ] } },
{ "type": "Feature", "properties": { "name": "BIARRITZ 5", "nameV": "TMA BIARRITZ 5", "class": "D", "type": "TMA", "lower": "4500FT AMSL", "lowerM": 1371, "upper": "FL115", "upperM": 3505, "desc": "PYRENEES APP outside BIARRITZ APP SKED.", "activationCode": "H24", "UId": "1562565", "id": "LFBZ5", "stroke": "#ff0000", "stroke-width": 2, "stroke-opacity": 0.8, "fill": "#ff8080", "fill-opacity": 0.3 }, "geometry": { "type": "Polygon", "coordinates": [ [ [ -1.283889, 43.943056 ], [ -1.015833, 43.791667 ], [ -1.117222, 43.700278 ], [ -1.375, 43.858333 ], [ -1.283889, 43.943056 ] ] ] } },
{ "type": "Feature", "properties": { "name": "PROVENCE 7", "nameV": "TMA PROVENCE 7", "class": "D", "type": "TMA", "lower": "3000FT AMSL", "lowerM": 914, "upper": "FL115", "upperM": 3505, "activationCode": "H24", "UId": "1561225", "id": "LFML7", "stroke": "#ff0000", "stroke-width": 2, "stroke-opacity": 0.8, "fill": "#ff8080", "fill-opacity": 0.3 }, "geometry": { "type": "Polygon", "coordinates": [ [ [ 4.549722, 43.166667 ], [ 5.633333, 43.166667 ], [ 5.633333, 43.033333 ], [ 5.177778, 42.773056 ], [ 5.17802, 42.773621 ], [ 5.167013, 42.7728 ], [ 5.155993, 42.772085 ], [ 5.144961, 42.771476 ], [ 5.133919, 42.770972 ], [ 5.122869, 42.770574 ], [ 5.111813, 42.770282 ], [ 5.100753, 42.770096 ], [ 5.089691, 42.770015 ], [ 5.078628, 42.770041 ], [ 5.067566, 42.770172 ], [ 5.056508, 42.77041 ], [ 5.045455, 42.770753 ], [ 5.034409, 42.771202 ], [ 5.023371, 42.771757 ], [ 5.012345, 42.772418 ], [ 5.001331, 42.773184 ], [ 4.990331, 42.774055 ], [ 4.979348, 42.775032 ], [ 4.968382, 42.776114 ], [ 4.957437, 42.777301 ], [ 4.946513, 42.778592 ], [ 4.935613, 42.779988 ], [ 4.924739, 42.781489 ], [ 4.913892, 42.783093 ], [ 4.903074, 42.784801 ], [ 4.892287, 42.786613 ], [ 4.881533, 42.788527 ], [ 4.870813, 42.790545 ], [ 4.86013, 42.792665 ], [ 4.849485, 42.794887 ], [ 4.838881, 42.79721 ], [ 4.828318, 42.799636 ], [ 4.817798, 42.802162 ], [ 4.807324, 42.804788 ], [ 4.796897, 42.807515 ], [ 4.78652, 42.810342 ], [ 4.776192, 42.813267 ], [ 4.765918, 42.816291 ], [ 4.755697, 42.819414 ], [ 4.745533, 42.822633 ], [ 4.735426, 42.82595 ], [ 4.725378, 42.829364 ], [ 4.715391, 42.832873 ], [ 4.705468, 42.836478 ], [ 4.695608, 42.840178 ], [ 4.685815, 42.843971 ], [ 4.67609, 42.847858 ], [ 4.666434, 42.851838 ], [ 4.656849, 42.85591 ], [ 4.647337, 42.860073 ], [ 4.637899, 42.864328 ], [ 4.628538, 42.868672 ], [ 4.619254, 42.873105 ], [ 4.610049, 42.877627 ], [ 4.600924, 42.882237 ], [ 4.591883, 42.886934 ], [ 4.582925, 42.891717 ], [ 4.574052, 42.896585 ], [ 4.565266, 42.901538 ], [ 4.556569, 42.906574 ], [ 4.547962, 42.911694 ], [ 4.539446, 42.916895 ], [ 4.531023, 42.922178 ], [ 4.522694, 42.927541 ], [ 4.514461, 42.932983 ], [ 4.506325, 42.938503 ], [ 4.498288, 42.944101 ], [ 4.490351, 42.949775 ], [ 4.482515, 42.955525 ], [ 4.474782, 42.961349 ], [ 4.467153, 42.967247 ], [ 4.459629, 42.973218 ], [ 4.452212, 42.97926 ], [ 4.444904, 42.985373 ], [ 4.437704, 42.991555 ], [ 4.430615, 42.997805 ], [ 4.423638, 43.004123 ], [ 4.416773, 43.010507 ], [ 4.410023, 43.016956 ], [ 4.403389, 43.02347 ], [ 4.396871, 43.030046 ], [ 4.39047, 43.036684 ], [ 4.384189, 43.043383 ], [ 4.378027, 43.050142 ], [ 4.371987, 43.056958 ], [ 4.373889, 43.056667 ], [ 4.373889, 43.056667 ], [ 4.549722, 43.166667 ] ] ] } },
{ "type": "Feature", "properties": { "name": "BIARRITZ 9.1", "nameV": "TMA BIARRITZ 9.1", "class": "D", "type": "TMA", "lower": "3000FT AMSL", "lowerM": 914, "upper": "FL115", "upperM": 3505, "desc": "PYRENEES APP outside BIARRITZ APP SKED.", "activationCode": "H24", "UId": "32511031", "id": "LFBZ9.1", "stroke": "#ff0000", "stroke-width": 2, "stroke-opacity": 0.8, "fill": "#ff8080", "fill-opacity": 0.3 }, "geometry": { "type": "Polygon", "coordinates": [ [ [ -1.681389, 43.401667 ], [ -1.643889, 43.383056 ], [ -1.552778, 43.379167 ], [ -1.61138873264054, 43.257312036108154 ], [ -1.6175, 43.258889 ], [ -1.624444, 43.262222 ], [ -1.628889, 43.277222 ], [ -1.629444, 43.295 ], [ -1.627778, 43.3 ], [ -1.629444, 43.306111 ], [ -1.630833, 43.31 ], [ -1.637778, 43.313056 ], [ -1.671667, 43.313333 ], [ -1.692778, 43.311667 ], [ -1.700556, 43.310833 ], [ -1.716111, 43.305 ], [ -1.726389, 43.301389 ], [ -1.726944, 43.301111 ], [ -1.73, 43.304167 ], [ -1.7325, 43.306667 ], [ -1.733056, 43.3075 ], [ -1.734722, 43.312222 ], [ -1.735278, 43.313333 ], [ -1.736389, 43.319167 ], [ -1.736667, 43.320556 ], [ -1.735, 43.331389 ], [ -1.735, 43.331667 ], [ -1.7375, 43.335556 ], [ -1.738889, 43.3375 ], [ -1.738889, 43.337778 ], [ -1.748611, 43.338611 ], [ -1.749167, 43.338889 ], [ -1.750278, 43.3425 ], [ -1.750278, 43.343056 ], [ -1.750556, 43.343056 ], [ -1.750556, 43.343333 ], [ -1.754722, 43.346667 ], [ -1.756097915642257, 43.346334805868395 ], [ -1.756111, 43.346389 ], [ -1.681389, 43.401667 ] ] ] } },
{ "type": "Feature", "properties": { "name": "BIARRITZ 9.2", "nameV": "TMA BIARRITZ 9.2", "class": "D", "type": "TMA", "lower": "4500FT AMSL", "lowerM": 1371, "upper": "FL115", "upperM": 3505, "desc": "PYRENEES APP outside BIARRITZ APP SKED.", "activationCode": "H24", "UId": "32511250", "id": "LFBZ9.2", "stroke": "#ff0000", "stroke-width": 2, "stroke-opacity": 0.8, "fill": "#ff8080", "fill-opacity": 0.3 }, "geometry": { "type": "Polygon", "coordinates": [ [ [ -1.552778, 43.379167 ], [ -1.455556, 43.375 ], [ -1.385, 43.368056 ], [ -1.386389, 43.2375 ], [ -1.387778, 43.248056 ], [ -1.3925, 43.258056 ], [ -1.393333, 43.258889 ], [ -1.398611, 43.263611 ], [ -1.409444, 43.270556 ], [ -1.417778, 43.271667 ], [ -1.440556, 43.270556 ], [ -1.4575, 43.266944 ], [ -1.466111, 43.268056 ], [ -1.473333, 43.271111 ], [ -1.500833, 43.290278 ], [ -1.501389, 43.290556 ], [ -1.510278, 43.291389 ], [ -1.511389, 43.291667 ], [ -1.546389, 43.289722 ], [ -1.5525, 43.2875 ], [ -1.558889, 43.273056 ], [ -1.566944, 43.262778 ], [ -1.583333, 43.255833 ], [ -1.603056, 43.255278 ], [ -1.608889, 43.256667 ], [ -1.61138873264054, 43.257312036108154 ], [ -1.611389, 43.257311 ], [ -1.552778, 43.379167 ] ] ] } },
{ "type": "Feature", "properties": { "name": "PYRENEES 1", "nameV": "TMA PYRENEES 1 Lower(1000FT AGL-2500FT AMSL)", "class": "D", "type": "TMA", "lower": "2500FT AMSL", "lowerMin": "1000FT AGL", "lowerM": 762, "upper": "FL115", "upperM": 3505, "desc": "Except for interfering parts of LF-R 201 A1 and A2, LF-R 44 A and B, LF-R 240 when active and of LF-P 4 LF-P 4: entry prohibited, exception see AIP ENR 5.1", "activationCode": "H24", "UId": "1561279", "id": "LFBP1", "stroke": "#ff0000", "stroke-width": 2, "stroke-opacity": 0.8, "fill": "#ff8080", "fill-opacity": 0.3 }, "geometry": { "type": "Polygon", "coordinates": [ [ [ -0.550556, 43.482222 ], [ -0.013611, 43.559722 ], [ 0.066111, 43.585278 ], [ 0.066667, 43.583333 ], [ 0.398889, 43.412222 ], [ 0.398889, 43.251389 ], [ 0.283333, 43.251389 ], [ 0.200278, 43.2475 ], [ 0.055556, 43.114167 ], [ 0.055556, 43.065278 ], [ -0.051944, 43.083333 ], [ -0.160278, 43.1625 ], [ -0.428333, 43.273056 ], [ -0.648056, 43.286944 ], [ -0.550556, 43.482222 ] ] ] } },
{ "type": "Feature", "properties": { "name": "PYRENEES 2", "nameV": "TMA PYRENEES 2", "class": "D", "type": "TMA", "lower": "3500FT AMSL", "lowerM": 1066, "upper": "FL115", "upperM": 3505, "activationCode": "H24", "UId": "1560959", "id": "LFBP2", "stroke": "#ff0000", "stroke-width": 2, "stroke-opacity": 0.8, "fill": "#ff8080", "fill-opacity": 0.3 }, "geometry": { "type": "Polygon", "coordinates": [ [ [ 0.283333, 43.251389 ], [ 0.398889, 43.251389 ], [ 0.398889, 43.175556 ], [ 0.140556, 43.051389 ], [ 0.055556, 43.065278 ], [ 0.055556, 43.114167 ], [ 0.200278, 43.2475 ], [ 0.283333, 43.251389 ] ] ] } },
{ "type": "Feature", "properties": { "name": "PROVENCE 1.30", "nameV": "TMA PROVENCE 1.30", "class": "D", "type": "TMA", "lower": "2500FT AMSL", "lowerM": 762, "upper": "4500FT AMSL", "upperM": 1371, "desc": "Airspace defined except TMA PROVENCE part 2 and interfering parts of LF-R 107 PILON DU ROY, CTA 1 SALON, LF-R 276 (Patrouille de France) when active.", "activationCode": "H24", "UId": "1565477", "id": "LFML1.30", "stroke": "#ff0000", "stroke-width": 2, "stroke-opacity": 0.8, "fill": "#ff8080", "fill-opacity": 0.3 }, "geometry": { "type": "Polygon", "coordinates": [ [ [ 5.027828, 43.536775 ], [ 5.025636, 43.542369 ], [ 5.024339, 43.545122 ], [ 5.022908, 43.547839 ], [ 5.02135, 43.550519 ], [ 5.019664, 43.553158 ], [ 5.017853, 43.55575 ], [ 5.015919, 43.558297 ], [ 5.014292, 43.560175 ], [ 5.011686, 43.563233 ], [ 5.009397, 43.565619 ], [ 5.004478, 43.570208 ], [ 4.787778, 43.710278 ], [ 4.966761, 43.710253 ], [ 4.977494, 43.685808 ], [ 5.282597, 43.684836 ], [ 5.325, 43.563889 ], [ 5.336389, 43.562222 ], [ 5.371944, 43.572222 ], [ 5.558333, 43.536944 ], [ 5.558333, 43.413056 ], [ 5.489444, 43.420278 ], [ 5.408889, 43.402222 ], [ 5.408889, 43.252778 ], [ 5.179722, 43.252778 ], [ 5.091389, 43.346111 ], [ 5.058333, 43.4 ], [ 5.027828, 43.536775 ] ] ] } },
{ "type": "Feature", "properties": { "name": "PROVENCE 1", "nameV": "TMA PROVENCE 1", "class": "C", "type": "TMA", "lower": "4500FT AMSL", "lowerM": 1371, "upper": "FL115", "upperM": 3505, "activationCode": "H24", "UId": "1561253", "id": "LFML1", "stroke": "#ff0000", "stroke-width": 2, "stroke-opacity": 0.8, "fill": "#ff8080", "fill-opacity": 0.3 }, "geometry": { "type": "Polygon", "coordinates": [ [ [ 5.027828, 43.536775 ], [ 5.025636, 43.542369 ], [ 5.024339, 43.545122 ], [ 5.022908, 43.547839 ], [ 5.02135, 43.550519 ], [ 5.019664, 43.553158 ], [ 5.017853, 43.55575 ], [ 5.015919, 43.558297 ], [ 5.014292, 43.560175 ], [ 5.011686, 43.563233 ], [ 5.009397, 43.565619 ], [ 5.004478, 43.570208 ], [ 4.787778, 43.710278 ], [ 4.966761, 43.710253 ], [ 4.977494, 43.685808 ], [ 5.282597, 43.684836 ], [ 5.325, 43.563889 ], [ 5.336389, 43.562222 ], [ 5.371944, 43.572222 ], [ 5.558333, 43.536944 ], [ 5.558333, 43.413056 ], [ 5.489444, 43.420278 ], [ 5.408889, 43.402222 ], [ 5.408889, 43.252778 ], [ 5.179722, 43.252778 ], [ 5.091389, 43.346111 ], [ 5.058333, 43.4 ], [ 5.027828, 43.536775 ] ] ] } },
{ "type": "Feature", "properties": { "name": "PROVENCE 8", "nameV": "TMA PROVENCE 8", "class": "D", "type": "TMA", "lower": "4500FT AMSL", "lowerM": 1371, "upper": "FL115", "upperM": 3505, "desc": "Airspace defined except TMA PROVENCE parts 9.1, 9.2, 9.3 and CTA 3 SALON, LF-R 276 PATROUILLE DE FRANCE when active.", "activationCode": "H24", "UId": "1561247", "id": "LFML8", "stroke": "#ff0000", "stroke-width": 2, "stroke-opacity": 0.8, "fill": "#ff8080", "fill-opacity": 0.3 }, "geometry": { "type": "Polygon", "coordinates": [ [ [ 4.599761, 44.125144 ], [ 4.520597, 44.031425 ], [ 4.550042, 43.945836 ], [ 4.551681, 43.858353 ], [ 4.613258, 43.819242 ], [ 4.787253, 43.710225 ], [ 4.966761, 43.710253 ], [ 4.977494, 43.685808 ], [ 5.282597, 43.684836 ], [ 5.210833, 43.889167 ], [ 5.038889, 43.938889 ], [ 4.993056, 43.913889 ], [ 4.975, 43.816667 ], [ 4.841667, 43.805556 ], [ 4.780556, 43.816667 ], [ 4.765278, 44.012222 ], [ 4.599761, 44.125144 ] ] ] } },
{ "type": "Feature", "properties": { "name": "PROVENCE 8.20", "nameV": "TMA PROVENCE 8.20 Lower(2000FT AGL-2500FT AMSL)", "class": "E", "type": "TMA", "lower": "2500FT AMSL", "lowerMin": "2000FT AGL", "lowerM": 762, "upper": "4500FT AMSL", "upperM": 1371, "desc": "Airspace defined except parts interfering with CTA 1 SALON and LF-R 276 PATROUILLE DE FRANCE when active. Lower limit: whichever is higher.", "activationCode": "H24", "UId": "1561243", "id": "LFML8.20", "stroke": "#008040", "stroke-width": 2, "stroke-opacity": 0.8, "fill": "#80ff80", "fill-opacity": 0.2 }, "geometry": { "type": "Polygon", "coordinates": [ [ [ 4.599761, 44.125144 ], [ 4.520597, 44.031425 ], [ 4.550042, 43.945836 ], [ 4.551681, 43.858353 ], [ 4.613258, 43.819242 ], [ 4.787253, 43.710225 ], [ 4.966761, 43.710253 ], [ 4.977494, 43.685808 ], [ 5.282597, 43.684836 ], [ 5.210833, 43.889167 ], [ 5.038889, 43.938889 ], [ 4.993056, 43.913889 ], [ 4.975, 43.816667 ], [ 4.841667, 43.805556 ], [ 4.780556, 43.816667 ], [ 4.765278, 44.012222 ], [ 4.599761, 44.125144 ] ] ] } },
{ "type": "Feature", "properties": { "name": "PROVENCE 17", "nameV": "TMA PROVENCE 17", "class": "D", "type": "TMA", "lower": "3500FT AMSL", "lowerM": 1066, "upper": "FL115", "upperM": 3505, "desc": "Airspace defined except parts interfering with CTA RHONE parts 1 and 2, LF-R 217/1, LF- R 217/2 RHONE, LF-R 108 A F1/F2 ISTRES, when active. LF-P 41 ISTRES: entry prohibited. Exception: see AIP ENR 5.1 paragraph 1.2.2.", "activationCode": "H24", "UId": "1564941", "id": "LFML17", "stroke": "#ff0000", "stroke-width": 2, "stroke-opacity": 0.8, "fill": "#ff8080", "fill-opacity": 0.3 }, "geometry": { "type": "Polygon", "coordinates": [ [ [ 4.643889, 43.8 ], [ 4.787778, 43.710278 ], [ 4.938611, 43.433056 ], [ 4.7375, 43.374722 ], [ 4.763333, 43.364444 ], [ 4.827222, 43.338889 ], [ 4.688056, 43.252778 ], [ 4.549722, 43.166667 ], [ 4.482222, 43.166111 ], [ 4.486111, 43.252778 ], [ 4.494444, 43.433889 ], [ 4.496111, 43.47 ], [ 4.500278, 43.561389 ], [ 4.643889, 43.8 ] ] ] } },
{ "type": "Feature", "properties": { "name": "PROVENCE 18", "nameV": "TMA PROVENCE 18", "class": "E", "type": "TMA", "lower": "FL095", "lowerM": 2895, "upper": "FL115", "upperM": 3505, "desc": "Airspace defined except parts interfering with CTA RHONE parts 2 and 3, LF-R 217/2 and R 217/3 RHONE, when active.", "activationCode": "H24", "UId": "1564937", "id": "LFML18", "stroke": "#008040", "stroke-width": 2, "stroke-opacity": 0.8, "fill": "#80ff80", "fill-opacity": 0.2 }, "geometry": { "type": "Polygon", "coordinates": [ [ [ 4.160556, 43.625278 ], [ 4.500278, 43.561389 ], [ 4.487778, 43.285 ], [ 4.208333, 43.393889 ], [ 4.308333, 43.5 ], [ 4.160556, 43.625278 ] ] ] } },
{ "type": "Feature", "properties": { "name": "PROVENCE 19", "nameV": "TMA PROVENCE 19", "class": "D", "type": "TMA", "lower": "FL075", "lowerM": 2286, "upper": "FL115", "upperM": 3505, "desc": "Airspace defined except parts interfering with LF-R 55 B ORANGE CARITAT,  LF-R 217/5 RHONE and CTA RHONE part 5, when active. ", "activationCode": "H24", "UId": "25091641", "id": "LFML19", "stroke": "#ff0000", "stroke-width": 2, "stroke-opacity": 0.8, "fill": "#ff8080", "fill-opacity": 0.3 }, "geometry": { "type": "Polygon", "coordinates": [ [ [ 4.635842, 44.438003 ], [ 4.650022, 44.416653 ], [ 4.599761, 44.125144 ], [ 4.520278, 44.031389 ], [ 4.336389, 44.033333 ], [ 4.635842, 44.438003 ] ] ] } },
{ "type": "Feature", "properties": { "name": "BASTIA 1", "nameV": "TMA BASTIA 1 Lower(1000FT AGL-1500FT AMSL)", "class": "D", "type": "TMA", "lower": "1500FT AMSL", "lowerMin": "1000FT AGL", "lowerM": 457, "upper": "FL115", "upperM": 3505, "activationCode": "H24", "UId": "1560881", "id": "LFKB1", "stroke": "#ff0000", "stroke-width": 2, "stroke-opacity": 0.8, "fill": "#ff8080", "fill-opacity": 0.3 }, "geometry": { "type": "Polygon", "coordinates": [ [ [ 9.4, 42.872222 ], [ 9.75, 42.822778 ], [ 9.75, 42.333333 ], [ 9.7, 42.333333 ], [ 9.4, 42.333333 ], [ 9.4, 42.751111 ], [ 9.419444, 42.7875 ], [ 9.4, 42.872222 ] ] ] } },
{ "type": "Feature", "properties": { "name": "BASTIA 6", "nameV": "TMA BASTIA 6 Lower(1000FT AGL-2000FT AMSL)", "class": "D", "type": "TMA", "lower": "2000FT AMSL", "lowerMin": "1000FT AGL", "lowerM": 609, "upper": "4000FT AMSL", "upperM": 1219, "desc": "Except for CALVI CTR when active. TA 5000ft AMSL specific to aircraft using procedure published for CALVI airport. Airspace defined except for the interfering parts of LF-R 282 CAMPANELLA and LF-R 335 PUNTA BIANCA when active.", "activationCode": "H24", "UId": "1565413", "id": "LFKB6", "stroke": "#ff0000", "stroke-width": 2, "stroke-opacity": 0.8, "fill": "#ff8080", "fill-opacity": 0.3 }, "geometry": { "type": "Polygon", "coordinates": [ [ [ 8.655, 42.758333 ], [ 8.926389, 42.758333 ], [ 8.926389, 42.633333 ], [ 8.85, 42.5975 ], [ 8.85, 42.458333 ], [ 8.655, 42.458333 ], [ 8.655, 42.758333 ] ] ] } },
{ "type": "Feature", "properties": { "name": "MONTPELLIER 16", "nameV": "TMA MONTPELLIER 16", "class": "D", "type": "TMA", "lower": "4000FT AMSL", "lowerM": 1219, "upper": "FL115", "upperM": 3505, "activationCode": "H24", "UId": "23812905", "id": "LFMT16", "stroke": "#ff0000", "stroke-width": 2, "stroke-opacity": 0.8, "fill": "#ff8080", "fill-opacity": 0.3 }, "geometry": { "type": "Polygon", "coordinates": [ [ [ 2.960278, 42.938333 ], [ 2.96056, 42.938221 ], [ 2.956734, 42.939221 ], [ 2.952889, 42.940178 ], [ 2.949024, 42.941093 ], [ 2.945141, 42.941966 ], [ 2.941241, 42.942797 ], [ 2.937324, 42.943585 ], [ 2.933391, 42.944329 ], [ 2.929443, 42.945031 ], [ 2.925482, 42.94569 ], [ 2.921507, 42.946305 ], [ 2.917521, 42.946876 ], [ 2.913523, 42.947404 ], [ 2.909515, 42.947889 ], [ 2.905497, 42.948329 ], [ 2.901471, 42.948725 ], [ 2.897437, 42.949078 ], [ 2.893396, 42.949386 ], [ 2.88935, 42.94965 ], [ 2.885298, 42.94987 ], [ 2.881243, 42.950045 ], [ 2.877184, 42.950176 ], [ 2.873123, 42.950263 ], [ 2.869061, 42.950305 ], [ 2.864998, 42.950303 ], [ 2.860936, 42.950257 ], [ 2.856876, 42.950166 ], [ 2.852817, 42.950031 ], [ 2.848762, 42.949851 ], [ 2.844711, 42.949627 ], [ 2.840665, 42.949359 ], [ 2.836625, 42.949046 ], [ 2.832592, 42.94869 ], [ 2.828566, 42.948289 ], [ 2.824549, 42.947845 ], [ 2.820542, 42.947356 ], [ 2.816545, 42.946824 ], [ 2.81256, 42.946248 ], [ 2.808587, 42.945629 ], [ 2.804627, 42.944967 ], [ 2.80068, 42.944261 ], [ 2.796749, 42.943512 ], [ 2.792834, 42.94272 ], [ 2.788935, 42.941886 ], [ 2.785053, 42.941009 ], [ 2.78119, 42.940089 ], [ 2.777347, 42.939128 ], [ 2.773523, 42.938124 ], [ 2.76972, 42.937079 ], [ 2.76594, 42.935993 ], [ 2.762181, 42.934865 ], [ 2.758447, 42.933696 ], [ 2.754736, 42.932487 ], [ 2.751051, 42.931237 ], [ 2.747392, 42.929947 ], [ 2.743759, 42.928617 ], [ 2.740154, 42.927248 ], [ 2.736578, 42.92584 ], [ 2.73303, 42.924392 ], [ 2.729513, 42.922906 ], [ 2.726027, 42.921381 ], [ 2.722572, 42.919819 ], [ 2.719149, 42.918219 ], [ 2.715759, 42.916582 ], [ 2.712404, 42.914908 ], [ 2.709082, 42.913197 ], [ 2.705797, 42.911451 ], [ 2.702547, 42.909668 ], [ 2.699334, 42.90785 ], [ 2.699722, 42.908056 ], [ 2.699722, 42.908056 ], [ 2.724444, 42.88 ], [ 2.724048, 42.879889 ], [ 2.723163, 42.879359 ], [ 2.722282, 42.878826 ], [ 2.721405, 42.878289 ], [ 2.720531, 42.877749 ], [ 2.719661, 42.877206 ], [ 2.718795, 42.87666 ], [ 2.717933, 42.876111 ], [ 2.717074, 42.875558 ], [ 2.716219, 42.875002 ], [ 2.715368, 42.874443 ], [ 2.714521, 42.873881 ], [ 2.713678, 42.873316 ], [ 2.712839, 42.872748 ], [ 2.712003, 42.872176 ], [ 2.711172, 42.871602 ], [ 2.710344, 42.871024 ], [ 2.709521, 42.870444 ], [ 2.708701, 42.86986 ], [ 2.707886, 42.869274 ], [ 2.707074, 42.868684 ], [ 2.706267, 42.868091 ], [ 2.705464, 42.867496 ], [ 2.704664, 42.866897 ], [ 2.703869, 42.866296 ], [ 2.703078, 42.865691 ], [ 2.702292, 42.865084 ], [ 2.701509, 42.864474 ], [ 2.700731, 42.863861 ], [ 2.699957, 42.863245 ], [ 2.699187, 42.862626 ], [ 2.698422, 42.862004 ], [ 2.69766, 42.86138 ], [ 2.696903, 42.860752 ], [ 2.696151, 42.860122 ], [ 2.695402, 42.85949 ], [ 2.694658, 42.858854 ], [ 2.693919, 42.858216 ], [ 2.693184, 42.857575 ], [ 2.692453, 42.856931 ], [ 2.691727, 42.856284 ], [ 2.691005, 42.855635 ], [ 2.690288, 42.854984 ], [ 2.689575, 42.854329 ], [ 2.688866, 42.853672 ], [ 2.688163, 42.853013 ], [ 2.687463, 42.85235 ], [ 2.686769, 42.851686 ], [ 2.686078, 42.851018 ], [ 2.685393, 42.850348 ], [ 2.684712, 42.849676 ], [ 2.684036, 42.849001 ], [ 2.683364, 42.848324 ], [ 2.682697, 42.847644 ], [ 2.682035, 42.846961 ], [ 2.681377, 42.846277 ], [ 2.680724, 42.845589 ], [ 2.680076, 42.8449 ], [ 2.680556, 42.845 ], [ 2.680556, 42.845 ], [ 2.694167, 42.89 ], [ 2.657222, 42.904444 ], [ 2.525833, 43.058611 ], [ 2.631111, 43.106667 ], [ 2.748889, 43.100556 ], [ 2.853333, 43.162778 ], [ 3.109444, 43.074722 ], [ 3.041944, 43.003056 ], [ 3.042408, 43.002813 ], [ 3.042196, 43.002892 ], [ 3.041984, 43.002971 ], [ 3.041772, 43.00305 ], [ 3.041559, 43.003129 ], [ 3.041347, 43.003208 ], [ 3.041134, 43.003286 ], [ 3.040922, 43.003365 ], [ 3.040709, 43.003443 ], [ 3.040496, 43.003522 ], [ 3.040284, 43.0036 ], [ 3.040071, 43.003678 ], [ 3.039858, 43.003756 ], [ 3.039645, 43.003834 ], [ 3.039432, 43.003912 ], [ 3.039219, 43.00399 ], [ 3.039005, 43.004067 ], [ 3.038792, 43.004145 ], [ 3.038579, 43.004222 ], [ 3.038365, 43.0043 ], [ 3.038152, 43.004377 ], [ 3.037938, 43.004454 ], [ 3.037725, 43.004531 ], [ 3.037511, 43.004608 ], [ 3.037297, 43.004685 ], [ 3.037084, 43.004762 ], [ 3.03687, 43.004839 ], [ 3.036656, 43.004916 ], [ 3.036442, 43.004992 ], [ 3.036228, 43.005068 ], [ 3.036014, 43.005145 ], [ 3.0358, 43.005221 ], [ 3.035585, 43.005297 ], [ 3.035371, 43.005373 ], [ 3.035157, 43.005449 ], [ 3.034942, 43.005525 ], [ 3.034728, 43.005601 ], [ 3.034513, 43.005676 ], [ 3.034299, 43.005752 ], [ 3.034084, 43.005827 ], [ 3.033869, 43.005903 ], [ 3.033654, 43.005978 ], [ 3.033439, 43.006053 ], [ 3.033224, 43.006128 ], [ 3.033009, 43.006203 ], [ 3.032794, 43.006278 ], [ 3.032579, 43.006353 ], [ 3.032364, 43.006427 ], [ 3.032149, 43.006502 ], [ 3.031933, 43.006577 ], [ 3.031718, 43.006651 ], [ 3.031503, 43.006725 ], [ 3.031287, 43.006799 ], [ 3.031072, 43.006874 ], [ 3.030856, 43.006948 ], [ 3.03064, 43.007021 ], [ 3.030424, 43.007095 ], [ 3.030209, 43.007169 ], [ 3.029993, 43.007243 ], [ 3.029777, 43.007316 ], [ 3.029561, 43.007389 ], [ 3.029345, 43.007463 ], [ 3.029129, 43.007536 ], [ 3.028912, 43.007609 ], [ 3.028696, 43.007682 ], [ 3.02848, 43.007755 ], [ 3.028263, 43.007828 ], [ 3.028047, 43.007901 ], [ 3.02783, 43.007973 ], [ 3.027614, 43.008046 ], [ 3.027397, 43.008118 ], [ 3.027181, 43.00819 ], [ 3.026964, 43.008263 ], [ 3.026747, 43.008335 ], [ 3.02653, 43.008407 ], [ 3.026313, 43.008479 ], [ 3.026096, 43.008551 ], [ 3.025879, 43.008622 ], [ 3.025662, 43.008694 ], [ 3.025445, 43.008766 ], [ 3.025228, 43.008837 ], [ 3.02501, 43.008908 ], [ 3.024793, 43.00898 ], [ 3.024575, 43.009051 ], [ 3.024358, 43.009122 ], [ 3.02414, 43.009193 ], [ 3.023923, 43.009264 ], [ 3.023705, 43.009335 ], [ 3.023487, 43.009405 ], [ 3.02327, 43.009476 ], [ 3.023052, 43.009546 ], [ 3.022834, 43.009617 ], [ 3.022616, 43.009687 ], [ 3.022398, 43.009757 ], [ 3.02218, 43.009827 ], [ 3.021962, 43.009897 ], [ 3.021743, 43.009967 ], [ 3.021525, 43.010037 ], [ 3.021111, 43.010278 ], [ 3.021111, 43.010278 ], [ 2.993333, 43.005 ], [ 2.960278, 42.938333 ] ] ] } },
{ "type": "Feature", "properties": { "name": "MONTPELLIER 17", "nameV": "TMA MONTPELLIER 17", "class": "D", "type": "TMA", "lower": "FL055", "lowerM": 1676, "upper": "FL115", "upperM": 3505, "activationCode": "H24", "UId": "23812925", "id": "LFMT17", "stroke": "#ff0000", "stroke-width": 2, "stroke-opacity": 0.8, "fill": "#ff8080", "fill-opacity": 0.3 }, "geometry": { "type": "Polygon", "coordinates": [ [ [ 3.338333, 42.987222 ], [ 3.564722, 42.409167 ], [ 3.491389, 42.341944 ], [ 3.174722, 42.431389 ], [ 3.250556, 42.72 ], [ 3.3175, 42.971667 ], [ 3.338333, 42.987222 ] ] ] } },
{ "type": "Feature", "properties": { "name": "CHAMBERY 4", "nameV": "TMA CHAMBERY 4 Lower(1000FT AGL-4000FT AMSL)", "class": "E", "type": "TMA", "lower": "4000FT AMSL", "lowerMin": "1000FT AGL", "lowerM": 1219, "upper": "FL075", "upperM": 2286, "desc": "ATS SKED (see AD 2 LFLB 2.3) Inactive: - from the 2nd Monday of April to the 2nd Friday of December. - outside this period, and with the exception of the French Christmas holidays: from Monday 1100 UTC to Thursday 2359 UTC.", "activationCode": "HX", "UId": "47052140", "id": "LFLB4", "stroke": "#008040", "stroke-width": 2, "stroke-opacity": 0.8, "fill": "#80ff80", "fill-opacity": 0.2 }, "geometry": { "type": "Polygon", "coordinates": [ [ [ 5.869444, 45.490556 ], [ 5.823056, 45.443611 ], [ 5.788889, 45.438333 ], [ 5.725833, 45.451111 ], [ 5.695, 45.450278 ], [ 5.656667, 45.519722 ], [ 5.717778, 45.490278 ], [ 5.869444, 45.490556 ] ] ] } },
{ "type": "Feature", "properties": { "name": "CAZAUX 2", "nameV": "TMA CAZAUX 2", "class": "D", "type": "TMA", "lower": "1000FT AMSL", "lowerM": 304, "upper": "4000FT AMSL", "upperM": 1219, "desc": "Possible activation H24. OAT/GAT procedures. Deactivation is announced by RAI 119.6. Actual activity known on AQUITAINE INFO.", "activationCode": "HX", "declassifiable": true, "UId": "52922862", "id": "LFBC2", "stroke": "#ff0000", "stroke-width": 2, "stroke-opacity": 0.8, "fill": "#ffb9dc", "fill-opacity": 0.3 }, "geometry": { "type": "Polygon", "coordinates": [ [ [ -1.079167, 44.391667 ], [ -0.922222, 44.2 ], [ -0.9, 44.2 ], [ -0.845833, 44.391667 ], [ -1.079167, 44.391667 ] ] ] } },
{ "type": "Feature", "properties": { "name": "PROVENCE 11", "nameV": "TMA PROVENCE 11", "class": "D", "type": "TMA", "lower": "FL055", "lowerM": 1676, "upper": "FL115", "upperM": 3505, "desc": "Airspace defined except parts interfering with LF-D 54 BN TOULON when active.", "activationCode": "H24", "UId": "1561305", "id": "LFML11", "stroke": "#ff0000", "stroke-width": 2, "stroke-opacity": 0.8, "fill": "#ff8080", "fill-opacity": 0.3 }, "geometry": { "type": "Polygon", "coordinates": [ [ [ 4.373889, 43.056667 ], [ 4.371987, 43.056958 ], [ 4.378027, 43.050142 ], [ 4.384189, 43.043383 ], [ 4.39047, 43.036684 ], [ 4.396871, 43.030046 ], [ 4.403389, 43.02347 ], [ 4.410023, 43.016956 ], [ 4.416773, 43.010507 ], [ 4.423638, 43.004123 ], [ 4.430615, 42.997805 ], [ 4.437704, 42.991555 ], [ 4.444904, 42.985373 ], [ 4.452212, 42.97926 ], [ 4.459629, 42.973218 ], [ 4.467153, 42.967247 ], [ 4.474782, 42.961349 ], [ 4.482515, 42.955525 ], [ 4.490351, 42.949775 ], [ 4.498288, 42.944101 ], [ 4.506325, 42.938503 ], [ 4.514461, 42.932983 ], [ 4.522694, 42.927541 ], [ 4.531023, 42.922178 ], [ 4.539446, 42.916895 ], [ 4.547962, 42.911694 ], [ 4.556569, 42.906574 ], [ 4.565266, 42.901538 ], [ 4.574052, 42.896585 ], [ 4.582925, 42.891717 ], [ 4.591883, 42.886934 ], [ 4.600924, 42.882237 ], [ 4.610049, 42.877627 ], [ 4.619254, 42.873105 ], [ 4.628538, 42.868672 ], [ 4.637899, 42.864328 ], [ 4.647337, 42.860073 ], [ 4.656849, 42.85591 ], [ 4.666434, 42.851838 ], [ 4.67609, 42.847858 ], [ 4.685815, 42.843971 ], [ 4.695608, 42.840178 ], [ 4.705468, 42.836478 ], [ 4.715391, 42.832873 ], [ 4.725378, 42.829364 ], [ 4.735426, 42.82595 ], [ 4.745533, 42.822633 ], [ 4.755697, 42.819414 ], [ 4.765918, 42.816291 ], [ 4.776192, 42.813267 ], [ 4.78652, 42.810342 ], [ 4.796897, 42.807515 ], [ 4.807324, 42.804788 ], [ 4.817798, 42.802162 ], [ 4.828318, 42.799636 ], [ 4.838881, 42.79721 ], [ 4.849485, 42.794887 ], [ 4.86013, 42.792665 ], [ 4.870813, 42.790545 ], [ 4.881533, 42.788527 ], [ 4.892287, 42.786613 ], [ 4.903074, 42.784801 ], [ 4.913892, 42.783093 ], [ 4.924739, 42.781489 ], [ 4.935613, 42.779988 ], [ 4.946513, 42.778592 ], [ 4.957437, 42.777301 ], [ 4.968382, 42.776114 ], [ 4.979348, 42.775032 ], [ 4.990331, 42.774055 ], [ 5.001331, 42.773184 ], [ 5.012345, 42.772418 ], [ 5.023371, 42.771757 ], [ 5.034409, 42.771202 ], [ 5.045455, 42.770753 ], [ 5.056508, 42.77041 ], [ 5.067566, 42.770172 ], [ 5.078628, 42.770041 ], [ 5.089691, 42.770015 ], [ 5.100753, 42.770096 ], [ 5.111813, 42.770282 ], [ 5.122869, 42.770574 ], [ 5.133919, 42.770972 ], [ 5.144961, 42.771476 ], [ 5.155993, 42.772085 ], [ 5.167013, 42.7728 ], [ 5.17802, 42.773621 ], [ 5.177778, 42.773056 ], [ 5.177778, 42.773056 ], [ 5.633333, 43.033333 ], [ 5.633333, 42.5 ], [ 4.283333, 42.5 ], [ 4.283333, 43.0 ], [ 4.373889, 43.056667 ] ] ] } },
{ "type": "Feature", "properties": { "name": "PROVENCE 12", "nameV": "TMA PROVENCE 12 Lower(2000FT AGL-2500FT AMSL)", "class": "D", "type": "TMA", "lower": "2500FT AMSL", "lowerMin": "2000FT AGL", "lowerM": 762, "upper": "FL115", "upperM": 3505, "desc": "Airspace defined except parts interfering with CTR ORANGE, LF-R 55 A ORANGE-PLAN DE DIEU and LF-R 71 B and 71 C SALON when active. Lower limit: whichever is higher. LF-P 16 MARCOULE, LF-P 19 TRICASTIN: entry prohibited. Exception: see AIP ENR 5.1 paragraph 1.2.1.", "activationCode": "H24", "UId": "1561325", "id": "LFML12", "stroke": "#ff0000", "stroke-width": 2, "stroke-opacity": 0.8, "fill": "#ff8080", "fill-opacity": 0.3 }, "geometry": { "type": "Polygon", "coordinates": [ [ [ 4.65, 44.416667 ], [ 4.678056, 44.383333 ], [ 4.83, 44.297778 ], [ 4.829822, 44.298004 ], [ 4.834048, 44.298461 ], [ 4.838285, 44.298863 ], [ 4.842531, 44.299209 ], [ 4.846786, 44.299498 ], [ 4.851047, 44.299732 ], [ 4.855314, 44.299909 ], [ 4.859584, 44.300031 ], [ 4.863857, 44.300096 ], [ 4.868131, 44.300105 ], [ 4.872404, 44.300057 ], [ 4.876676, 44.299954 ], [ 4.880944, 44.299794 ], [ 4.885207, 44.299578 ], [ 4.889464, 44.299306 ], [ 4.893713, 44.298978 ], [ 4.897953, 44.298594 ], [ 4.902182, 44.298154 ], [ 4.9064, 44.297659 ], [ 4.910604, 44.297108 ], [ 4.914792, 44.296502 ], [ 4.918965, 44.295841 ], [ 4.92312, 44.295125 ], [ 4.927256, 44.294355 ], [ 4.931371, 44.29353 ], [ 4.935464, 44.292652 ], [ 4.939534, 44.291719 ], [ 4.943579, 44.290733 ], [ 4.947598, 44.289694 ], [ 4.95159, 44.288603 ], [ 4.955553, 44.287459 ], [ 4.959486, 44.286263 ], [ 4.963387, 44.285015 ], [ 4.967255, 44.283716 ], [ 4.97109, 44.282367 ], [ 4.974889, 44.280967 ], [ 4.978651, 44.279518 ], [ 4.982376, 44.278019 ], [ 4.986061, 44.276472 ], [ 4.989705, 44.274876 ], [ 4.993308, 44.273233 ], [ 4.996869, 44.271542 ], [ 5.000385, 44.269805 ], [ 5.003855, 44.268022 ], [ 5.00728, 44.266193 ], [ 5.010656, 44.26432 ], [ 5.013984, 44.262403 ], [ 5.017262, 44.260442 ], [ 5.020489, 44.258438 ], [ 5.023664, 44.256392 ], [ 5.026786, 44.254305 ], [ 5.029853, 44.252177 ], [ 5.032866, 44.250009 ], [ 5.035822, 44.247802 ], [ 5.038721, 44.245556 ], [ 5.041561, 44.243272 ], [ 5.044343, 44.240952 ], [ 5.047064, 44.238595 ], [ 5.046944, 44.238889 ], [ 5.046944, 44.238889 ], [ 5.038889, 43.938889 ], [ 4.993056, 43.913889 ], [ 4.975, 43.816667 ], [ 4.841667, 43.805556 ], [ 4.780556, 43.816667 ], [ 4.775278, 43.883333 ], [ 4.765278, 44.012222 ], [ 4.6, 44.125 ], [ 4.65, 44.416667 ] ] ] } },
{ "type": "Feature", "properties": { "name": "PROVENCE 13", "nameV": "TMA PROVENCE 13", "class": "D", "type": "TMA", "lower": "FL075", "lowerM": 2286, "upper": "FL115", "upperM": 3505, "desc": "This part only exists when part 3 of RHONE CTA and LF-R 217/3 RHONE are deactivated. ", "activationCode": "H24", "UId": "1561315", "id": "LFML13", "stroke": "#ff0000", "stroke-width": 2, "stroke-opacity": 0.8, "fill": "#ff8080", "fill-opacity": 0.3 }, "geometry": { "type": "Polygon", "coordinates": [ [ [ 4.336353, 44.033311 ], [ 4.520597, 44.031425 ], [ 4.550039, 43.945833 ], [ 4.551864, 43.858128 ], [ 4.525, 43.875033 ], [ 4.336353, 44.033311 ] ] ] } },
{ "type": "Feature", "properties": { "name": "PROVENCE 14", "nameV": "TMA PROVENCE 14 Lower(2000FT AGL-2500FT AMSL)", "class": "E", "type": "TMA", "lower": "2500FT AMSL", "lowerMin": "2000FT AGL", "lowerM": 762, "upper": "FL115", "upperM": 3505, "desc": "Airspace defined except parts interfering with LF-R 71 B, C SALON or CTA 2 SALON, when active. Lower limit: whichever is higher.", "activationCode": "H24", "UId": "1561283", "id": "LFML14", "stroke": "#008040", "stroke-width": 2, "stroke-opacity": 0.8, "fill": "#80ff80", "fill-opacity": 0.2 }, "geometry": { "type": "Polygon", "coordinates": [ [ [ 5.040278, 43.995833 ], [ 5.166667, 43.958333 ], [ 5.210833, 43.889167 ], [ 5.038889, 43.938889 ], [ 5.040278, 43.995833 ] ] ] } },
{ "type": "Feature", "properties": { "name": "PROVENCE 15", "nameV": "TMA PROVENCE 15", "class": "D", "type": "TMA", "lower": "3000FT AMSL", "lowerM": 914, "upper": "FL115", "upperM": 3505, "desc": "Airspace defined with the exclusion of LF-R 283 CARPIAGNE interfering part.", "activationCode": "H24", "UId": "1560919", "id": "LFML15", "stroke": "#ff0000", "stroke-width": 2, "stroke-opacity": 0.8, "fill": "#ff8080", "fill-opacity": 0.3 }, "geometry": { "type": "Polygon", "coordinates": [ [ [ 5.489444, 43.420278 ], [ 5.487778, 43.166944 ], [ 5.408889, 43.166944 ], [ 5.408889, 43.402222 ], [ 5.489444, 43.420278 ] ] ] } },
{ "type": "Feature", "properties": { "name": "MONTPELLIER 19", "nameV": "TMA MONTPELLIER 19 Lower(1000FT AGL-3500FT AMSL)", "class": "D", "type": "TMA", "lower": "3500FT AMSL", "lowerMin": "1000FT AGL", "lowerM": 1066, "upper": "FL115", "upperM": 3505, "desc": "Vertical limits - Lower limit: whichever is higher.", "activationCode": "H24", "UId": "23812999", "id": "LFMT19", "stroke": "#ff0000", "stroke-width": 2, "stroke-opacity": 0.8, "fill": "#ff8080", "fill-opacity": 0.3 }, "geometry": { "type": "Polygon", "coordinates": [ [ [ 2.680833, 42.845 ], [ 2.859167, 42.633889 ], [ 2.909722, 42.583333 ], [ 2.735556, 42.591111 ], [ 2.6, 42.712222 ], [ 2.599696, 42.712317 ], [ 2.599231, 42.714101 ], [ 2.598787, 42.715889 ], [ 2.598366, 42.717679 ], [ 2.597968, 42.719472 ], [ 2.597591, 42.721267 ], [ 2.597236, 42.723065 ], [ 2.596904, 42.724865 ], [ 2.596594, 42.726668 ], [ 2.596306, 42.728472 ], [ 2.59604, 42.730278 ], [ 2.595797, 42.732086 ], [ 2.595576, 42.733896 ], [ 2.595377, 42.735707 ], [ 2.595201, 42.737519 ], [ 2.595047, 42.739332 ], [ 2.594916, 42.741146 ], [ 2.594807, 42.742961 ], [ 2.59472, 42.744776 ], [ 2.594656, 42.746593 ], [ 2.594614, 42.748409 ], [ 2.594595, 42.750226 ], [ 2.594598, 42.752042 ], [ 2.594623, 42.753859 ], [ 2.594671, 42.755675 ], [ 2.594742, 42.757491 ], [ 2.594835, 42.759307 ], [ 2.59495, 42.761122 ], [ 2.595088, 42.762935 ], [ 2.595248, 42.764748 ], [ 2.595431, 42.76656 ], [ 2.595636, 42.768371 ], [ 2.595864, 42.77018 ], [ 2.596113, 42.771987 ], [ 2.596386, 42.773793 ], [ 2.59668, 42.775597 ], [ 2.596997, 42.777398 ], [ 2.597336, 42.779198 ], [ 2.597697, 42.780995 ], [ 2.598081, 42.78279 ], [ 2.598486, 42.784582 ], [ 2.598914, 42.786371 ], [ 2.599364, 42.788158 ], [ 2.599837, 42.789941 ], [ 2.600331, 42.791721 ], [ 2.600847, 42.793498 ], [ 2.601385, 42.795271 ], [ 2.601945, 42.797041 ], [ 2.602527, 42.798807 ], [ 2.603131, 42.800569 ], [ 2.603757, 42.802326 ], [ 2.604405, 42.80408 ], [ 2.605074, 42.805829 ], [ 2.605764, 42.807574 ], [ 2.606477, 42.809313 ], [ 2.607211, 42.811049 ], [ 2.607966, 42.812779 ], [ 2.608743, 42.814504 ], [ 2.609541, 42.816224 ], [ 2.610361, 42.817938 ], [ 2.611201, 42.819647 ], [ 2.612063, 42.82135 ], [ 2.612946, 42.823047 ], [ 2.61385, 42.824739 ], [ 2.614775, 42.826424 ], [ 2.61572, 42.828103 ], [ 2.616687, 42.829776 ], [ 2.617674, 42.831442 ], [ 2.618682, 42.833102 ], [ 2.619722, 42.833056 ], [ 2.619722, 42.833056 ], [ 2.680833, 42.845 ] ] ] } },
{ "type": "Feature", "properties": { "name": "MONTPELLIER 20", "nameV": "TMA MONTPELLIER 20", "class": "D", "type": "TMA", "lower": "FL065", "lowerM": 1981, "upper": "FL115", "upperM": 3505, "activationCode": "H24", "UId": "23813011", "id": "LFMT20", "stroke": "#ff0000", "stroke-width": 2, "stroke-opacity": 0.8, "fill": "#ff8080", "fill-opacity": 0.3 }, "geometry": { "type": "Polygon", "coordinates": [ [ [ 2.748889, 43.100556 ], [ 2.631111, 43.106667 ], [ 2.525833, 43.058611 ], [ 2.425556, 43.130556 ], [ 2.4275, 43.132222 ], [ 2.625, 43.131111 ], [ 2.66, 43.213889 ], [ 2.66, 43.228611 ], [ 2.853333, 43.162778 ], [ 2.748889, 43.100556 ] ] ] } },
{ "type": "Feature", "properties": { "name": "MONTPELLIER 21", "nameV": "TMA MONTPELLIER 21", "class": "D", "type": "TMA", "lower": "3500FT AMSL", "lowerM": 1066, "upper": "FL115", "upperM": 3505, "activationCode": "H24", "UId": "23813043", "id": "LFMT21", "stroke": "#ff0000", "stroke-width": 2, "stroke-opacity": 0.8, "fill": "#ff8080", "fill-opacity": 0.3 }, "geometry": { "type": "Polygon", "coordinates": [ [ [ 3.109444, 43.074722 ], [ 3.325, 43.0 ], [ 3.338333, 42.987222 ], [ 3.3175, 42.971667 ], [ 3.250556, 42.72 ], [ 3.250966, 42.720077 ], [ 3.251459, 42.723549 ], [ 3.251893, 42.727025 ], [ 3.252269, 42.730504 ], [ 3.252587, 42.733986 ], [ 3.252846, 42.737471 ], [ 3.253047, 42.740959 ], [ 3.253189, 42.744447 ], [ 3.253274, 42.747937 ], [ 3.253299, 42.751427 ], [ 3.253266, 42.754917 ], [ 3.253175, 42.758407 ], [ 3.253024, 42.761895 ], [ 3.252816, 42.765382 ], [ 3.252549, 42.768867 ], [ 3.252223, 42.772349 ], [ 3.25184, 42.775828 ], [ 3.251397, 42.779303 ], [ 3.250897, 42.782774 ], [ 3.250338, 42.78624 ], [ 3.249721, 42.789701 ], [ 3.249046, 42.793156 ], [ 3.248313, 42.796604 ], [ 3.247522, 42.800046 ], [ 3.246673, 42.80348 ], [ 3.245767, 42.806907 ], [ 3.244803, 42.810325 ], [ 3.243782, 42.813733 ], [ 3.242703, 42.817133 ], [ 3.241568, 42.820522 ], [ 3.240375, 42.823901 ], [ 3.239126, 42.827269 ], [ 3.23782, 42.830625 ], [ 3.236457, 42.833969 ], [ 3.235039, 42.837301 ], [ 3.233565, 42.84062 ], [ 3.232034, 42.843925 ], [ 3.230449, 42.847216 ], [ 3.228808, 42.850492 ], [ 3.227111, 42.853753 ], [ 3.22536, 42.856999 ], [ 3.223555, 42.860229 ], [ 3.221695, 42.863442 ], [ 3.219781, 42.866637 ], [ 3.217814, 42.869816 ], [ 3.215793, 42.872976 ], [ 3.213719, 42.876118 ], [ 3.211592, 42.879241 ], [ 3.209412, 42.882344 ], [ 3.20718, 42.885428 ], [ 3.204897, 42.888491 ], [ 3.202562, 42.891533 ], [ 3.200175, 42.894554 ], [ 3.197738, 42.897553 ], [ 3.195251, 42.90053 ], [ 3.192713, 42.903484 ], [ 3.190126, 42.906415 ], [ 3.187489, 42.909322 ], [ 3.184804, 42.912205 ], [ 3.182069, 42.915064 ], [ 3.179287, 42.917898 ], [ 3.176457, 42.920706 ], [ 3.17358, 42.923489 ], [ 3.170656, 42.926246 ], [ 3.167686, 42.928975 ], [ 3.16467, 42.931678 ], [ 3.161608, 42.934353 ], [ 3.158501, 42.937001 ], [ 3.15535, 42.93962 ], [ 3.152155, 42.94221 ], [ 3.148916, 42.944771 ], [ 3.145634, 42.947303 ], [ 3.142309, 42.949805 ], [ 3.138942, 42.952277 ], [ 3.135534, 42.954718 ], [ 3.132084, 42.957128 ], [ 3.128594, 42.959507 ], [ 3.125064, 42.961854 ], [ 3.121495, 42.964169 ], [ 3.117887, 42.966451 ], [ 3.11424, 42.968701 ], [ 3.110555, 42.970917 ], [ 3.106833, 42.9731 ], [ 3.103075, 42.97525 ], [ 3.09928, 42.977365 ], [ 3.095449, 42.979445 ], [ 3.091584, 42.981491 ], [ 3.087684, 42.983502 ], [ 3.083751, 42.985477 ], [ 3.079784, 42.987417 ], [ 3.075785, 42.98932 ], [ 3.071754, 42.991188 ], [ 3.067691, 42.993018 ], [ 3.063598, 42.994812 ], [ 3.059474, 42.996569 ], [ 3.055321, 42.998288 ], [ 3.051139, 42.99997 ], [ 3.046929, 43.001613 ], [ 3.042692, 43.003219 ], [ 3.041944, 43.003056 ], [ 3.041944, 43.003056 ], [ 3.109444, 43.074722 ] ] ] } },
{ "type": "Feature", "properties": { "name": "MONTPELLIER 22", "nameV": "TMA MONTPELLIER 22", "class": "D", "type": "TMA", "lower": "FL065", "lowerM": 1981, "upper": "FL115", "upperM": 3505, "activationCode": "H24", "UId": "23813054", "id": "LFMT22", "stroke": "#ff0000", "stroke-width": 2, "stroke-opacity": 0.8, "fill": "#ff8080", "fill-opacity": 0.3 }, "geometry": { "type": "Polygon", "coordinates": [ [ [ 2.7075, 43.319722 ], [ 2.915833, 43.319722 ], [ 2.930833, 43.274444 ], [ 3.042778, 43.208333 ], [ 3.117222, 43.208333 ], [ 3.181111, 43.156944 ], [ 3.109444, 43.074722 ], [ 2.706944, 43.2125 ], [ 2.7075, 43.319722 ] ] ] } },
{ "type": "Feature", "properties": { "name": "NANTES 5", "nameV": "TMA NANTES 5", "class": "D", "type": "TMA", "lower": "FL065", "lowerM": 1981, "upper": "FL115", "upperM": 3505, "desc": "Except for LF-R 49 N2 when active.", "activationCode": "H24", "UId": "1561117", "id": "LFRS5", "stroke": "#ff0000", "stroke-width": 2, "stroke-opacity": 0.8, "fill": "#ff8080", "fill-opacity": 0.3 }, "geometry": { "type": "Polygon", "coordinates": [ [ [ -1.239722, 47.660833 ], [ -0.953889, 47.486944 ], [ -0.91, 47.253889 ], [ -0.832222, 46.835556 ], [ -0.805, 46.666667 ], [ -1.11, 46.5 ], [ -1.543056, 46.5 ], [ -2.270833, 46.793333 ], [ -2.363056, 46.86 ], [ -2.333333, 47.416667 ], [ -2.033333, 47.6 ], [ -1.821389, 47.616667 ], [ -1.239722, 47.660833 ] ] ] } },
{ "type": "Feature", "properties": { "name": "CAZAUX 3", "nameV": "TMA CAZAUX 3", "class": "D", "type": "TMA", "lower": "1000FT AMSL", "lowerM": 304, "upper": "4000FT AMSL", "upperM": 1219, "desc": "Possible activation H24. OAT/GAT procedures. Deactivation is announced by RAI 119.6. Actual activity known on AQUITAINE INFO. Except for Cozes Lège LF-R162 and Arcachon LF-R599 when active.", "activationCode": "HX", "declassifiable": true, "UId": "52922881", "id": "LFBC3", "stroke": "#ff0000", "stroke-width": 2, "stroke-opacity": 0.8, "fill": "#ffb9dc", "fill-opacity": 0.3 }, "geometry": { "type": "Polygon", "coordinates": [ [ [ -0.861111, 44.690278 ], [ -1.100556, 44.578611 ], [ -1.148333, 44.578611 ], [ -1.240556, 44.558056 ], [ -1.256389, 44.571389 ], [ -1.240556, 44.704444 ], [ -1.233056, 44.711667 ], [ -1.196111, 44.877778 ], [ -1.0, 44.877778 ], [ -1.0, 44.825278 ], [ -0.861111, 44.690278 ] ] ] } },
{ "type": "Feature", "properties": { "name": "CAZAUX 4", "nameV": "TMA CAZAUX 4", "class": "D", "type": "TMA", "lower": "3300FT AMSL", "lowerM": 1005, "upper": "FL195", "upperM": 5943, "desc": "Possible activation H24. OAT/GAT procedures. Deactivation is announced by RAI 119.6. Actual activity known on AQUITAINE INFO, BIARRITZ INFO, BORDEAUX ACC.", "activationCode": "HX", "declassifiable": true, "UId": "52922905", "id": "LFBC4", "stroke": "#ff0000", "stroke-width": 2, "stroke-opacity": 0.8, "fill": "#ffb9dc", "fill-opacity": 0.3 }, "geometry": { "type": "Polygon", "coordinates": [ [ [ -1.598616233693447, 44.200001459219784 ], [ -1.672536, 43.934878 ], [ -1.724567, 43.753358 ], [ -1.72615, 43.747347 ], [ -1.727469, 43.741314 ], [ -1.7285, 43.735253 ], [ -1.730853, 43.72195 ], [ -1.730833, 43.721944 ], [ -1.472222, 43.775 ], [ -1.401111, 43.835833 ], [ -1.093889, 44.116667 ], [ -0.9, 44.2 ], [ -1.598616233693447, 44.200001459219784 ] ] ] } },
{ "type": "Feature", "properties": { "name": "CHAMBERY 3", "nameV": "TMA CHAMBERY 3", "class": "D", "type": "TMA", "lower": "FL095", "lowerM": 2895, "upper": "FL115", "upperM": 3505, "desc": "Outside CHAMBERY APP SKED, TMA controlled by LYON APP. Downgrading to class E: - from the 2nd Monday of April to the 2nd Friday of December. - outside this period, and with the exception of the French Christmas holidays: from Monday 1100 UTC to Thursday 2359 UTC.", "activationCode": "H24", "UId": "23811610", "id": "LFLB3", "stroke": "#ff0000", "stroke-width": 2, "stroke-opacity": 0.8, "fill": "#ff8080", "fill-opacity": 0.3 }, "geometry": { "type": "Polygon", "coordinates": [ [ [ 6.112778, 45.872222 ], [ 5.581111, 45.828889 ], [ 5.489444, 45.716667 ], [ 5.498056, 45.685556 ], [ 5.955, 45.635278 ], [ 5.955, 45.680556 ], [ 6.056111, 45.7875 ], [ 6.083889, 45.846944 ], [ 6.112778, 45.872222 ] ] ] } },
{ "type": "Feature", "properties": { "name": "CAZAUX 1", "nameV": "TMA CAZAUX 1", "class": "D", "type": "TMA", "lower": "3000FT AMSL", "lowerM": 914, "upper": "FL195", "upperM": 5943, "desc": "Possible activation H24. OAT/GAT procedures. Deactivation is announced by RAI 119.6. Except for Carcans LF-R290 when active. Actual activity known on AQUITAINE INFO, BORDEAUX ACC.", "activationCode": "HX", "declassifiable": true, "UId": "52922827", "id": "LFBC1", "stroke": "#ff0000", "stroke-width": 2, "stroke-opacity": 0.8, "fill": "#ffb9dc", "fill-opacity": 0.3 }, "geometry": { "type": "Polygon", "coordinates": [ [ [ -1.430833, 45.561111 ], [ -1.183333, 45.561111 ], [ -1.0, 44.9 ], [ -1.0, 44.877778 ], [ -1.517302683230562, 44.877788616987289 ], [ -1.488722, 45.094986 ], [ -1.488603, 45.095847 ], [ -1.488486, 45.096714 ], [ -1.488353, 45.097583 ], [ -1.45595, 45.312114 ], [ -1.454528, 45.356061 ], [ -1.455308, 45.40385 ], [ -1.454881, 45.417183 ], [ -1.453131, 45.430467 ], [ -1.450092, 45.443636 ], [ -1.449269, 45.446556 ], [ -1.451258, 45.466978 ], [ -1.449639, 45.491558 ], [ -1.443592, 45.515822 ], [ -1.430767724141459, 45.561092508588196 ], [ -1.430833, 45.561111 ] ] ] } },
{ "type": "Feature", "properties": { "name": "CAZAUX 5", "nameV": "TMA CAZAUX 5", "class": "D", "type": "TMA", "lower": "4000FT AMSL", "lowerM": 1219, "upper": "FL195", "upperM": 5943, "desc": "Possible activation H24. OAT/GAT procedures. Deactivation is announced by RAI 119.6. Actual activity known on AQUITAINE INFO. Except for Lamanchs LF-R259, Arcachon LF-R599 and Calamar LF-R170 B when active.", "activationCode": "HX", "declassifiable": true, "UId": "52922952", "id": "LFBC5", "stroke": "#ff0000", "stroke-width": 2, "stroke-opacity": 0.8, "fill": "#ffb9dc", "fill-opacity": 0.3 }, "geometry": { "type": "Polygon", "coordinates": [ [ [ -1.517222, 44.877778 ], [ -1.0, 44.877778 ], [ -1.0, 44.825278 ], [ -0.861111, 44.690278 ], [ -0.833333, 44.666667 ], [ -0.833333, 44.433333 ], [ -0.845833, 44.391667 ], [ -0.9, 44.2 ], [ -1.598616233693447, 44.200001459219784 ], [ -1.597067, 44.205558 ], [ -1.565089, 44.372603 ], [ -1.549661, 44.466828 ], [ -1.547539, 44.506206 ], [ -1.550453, 44.521561 ], [ -1.552869, 44.546111 ], [ -1.550817, 44.570686 ], [ -1.550489, 44.591217 ], [ -1.551022, 44.593467 ], [ -1.552961, 44.602142 ], [ -1.555419, 44.616706 ], [ -1.556311, 44.631342 ], [ -1.555611, 44.645983 ], [ -1.550414, 44.697078 ], [ -1.549969, 44.700867 ], [ -1.549425, 44.704661 ], [ -1.548778, 44.708439 ], [ -1.517647, 44.875172 ], [ -1.517302683230562, 44.877788616987289 ], [ -1.517222, 44.877778 ] ] ] } },
{ "type": "Feature", "properties": { "name": "CAZAUX 6", "nameV": "TMA CAZAUX 6", "class": "D", "type": "TMA", "lower": "1000FT AMSL", "lowerM": 304, "upper": "4000FT AMSL", "upperM": 1219, "desc": "Possible activation H24. OAT/GAT procedures. Deactivation is announced by RAI 119.6. Actual activity known on AQUITAINE INFO.", "activationCode": "HX", "declassifiable": true, "UId": "52922971", "id": "LFBC6", "stroke": "#ff0000", "stroke-width": 2, "stroke-opacity": 0.8, "fill": "#ffb9dc", "fill-opacity": 0.3 }, "geometry": { "type": "Polygon", "coordinates": [ [ [ -1.079167, 44.391667 ], [ -0.922222, 44.2 ], [ -1.180556, 44.2 ], [ -1.180556, 44.391667 ], [ -1.079167, 44.391667 ] ] ] } },
{ "type": "Feature", "properties": { "name": "LANVEOC 1", "nameV": "TMA LANVEOC 1", "class": "D", "type": "TMA", "lower": "2500FT AMSL", "lowerM": 762, "upper": "FL115", "upperM": 3505, "desc": "Deactivation announced on RAI 120.6 MHz. Coexists with LF-P 112 BREST. Coexists with LF-D603 LIDAR BREST when active. LF-P 112 BREST: entry prohibited.  Exception: see AIP ENR 5.1.", "activationCode": "H24", "activationDesc": "Possible activation H24.", "UId": "13647467", "id": "LFRL1", "stroke": "#ff0000", "stroke-width": 2, "stroke-opacity": 0.8, "fill": "#ff8080", "fill-opacity": 0.3 }, "geometry": { "type": "Polygon", "coordinates": [ [ [ -4.511111, 48.4 ], [ -4.466667, 48.4 ], [ -4.333333, 48.316667 ], [ -4.333333, 48.166667 ], [ -4.616667, 48.166667 ], [ -4.616667, 48.344444 ], [ -4.572222, 48.354167 ], [ -4.511111, 48.4 ] ] ] } },
{ "type": "Feature", "properties": { "name": "LANVEOC 2", "nameV": "TMA LANVEOC 2", "class": "D", "type": "TMA", "lower": "FL115", "lowerM": 3505, "upper": "FL195", "upperM": 5943, "desc": "Deactivation announced on RAI 120.6 MHz. Coexists with LF-P 112 BREST. Coexists with LF-D603 LIDAR BREST when active. LF-P 112 BREST: entry prohibited.  Exception: see AIP ENR 5.1.", "activationCode": "H24", "activationDesc": "Possible activation H24.", "UId": "13751971", "id": "LFRL2", "stroke": "#ff0000", "stroke-width": 2, "stroke-opacity": 0.8, "fill": "#ff8080", "fill-opacity": 0.1 }, "geometry": { "type": "Polygon", "coordinates": [ [ [ -4.511111, 48.4 ], [ -4.466667, 48.4 ], [ -4.333333, 48.316667 ], [ -4.333333, 48.166667 ], [ -4.616667, 48.166667 ], [ -4.616667, 48.344444 ], [ -4.572222, 48.354167 ], [ -4.511111, 48.4 ] ] ] } },
{ "type": "Feature", "properties": { "name": "AJACCIO 2", "nameV": "TMA AJACCIO 2", "class": "D", "type": "TMA", "lower": "5500FT AMSL", "lowerM": 1676, "upper": "FL115", "upperM": 3505, "activationCode": "H24", "UId": "1560859", "id": "LFKJ2", "stroke": "#ff0000", "stroke-width": 2, "stroke-opacity": 0.8, "fill": "#ff8080", "fill-opacity": 0.3 }, "geometry": { "type": "Polygon", "coordinates": [ [ [ 8.852222, 41.768056 ], [ 9.208333, 41.666667 ], [ 8.966667, 41.516667 ], [ 8.833333, 41.7 ], [ 8.852222, 41.768056 ] ] ] } },
{ "type": "Feature", "properties": { "name": "AJACCIO 3", "nameV": "TMA AJACCIO 3 Lower(2000FT AGL-2500FT AMSL)", "class": "D", "type": "TMA", "lower": "2500FT AMSL", "lowerMin": "2000FT AGL", "lowerM": 762, "upper": "FL115", "upperM": 3505, "desc": "Except for parts interfering with LF-R 65 and/or LF-D 580 and FIGARI CTR when active.", "activationCode": "H24", "UId": "1565021", "id": "LFKJ3", "stroke": "#ff0000", "stroke-width": 2, "stroke-opacity": 0.8, "fill": "#ff8080", "fill-opacity": 0.3 }, "geometry": { "type": "Polygon", "coordinates": [ [ [ 9.4025, 41.749444 ], [ 9.7, 41.738333 ], [ 9.7, 41.333333 ], [ 8.57, 41.333333 ], [ 8.783333, 41.666667 ], [ 8.783333, 41.7 ], [ 8.833333, 41.7 ], [ 8.966667, 41.516667 ], [ 9.345278, 41.751389 ], [ 9.4025, 41.749444 ] ] ] } },
{ "type": "Feature", "properties": { "name": "AJACCIO 4", "nameV": "TMA AJACCIO 4", "class": "D", "type": "TMA", "lower": "5500FT AMSL", "lowerM": 1676, "upper": "FL115", "upperM": 3505, "desc": "Except for part interfering with LF-R 65 when active.", "activationCode": "H24", "UId": "1565023", "id": "LFKJ4", "stroke": "#ff0000", "stroke-width": 2, "stroke-opacity": 0.8, "fill": "#ff8080", "fill-opacity": 0.3 }, "geometry": { "type": "Polygon", "coordinates": [ [ [ 9.393889, 41.933333 ], [ 9.405278, 41.929167 ], [ 9.7, 41.929167 ], [ 9.7, 41.738333 ], [ 9.4025, 41.749444 ], [ 9.393889, 41.933333 ] ] ] } },
{ "type": "Feature", "properties": { "name": "BASTIA 4", "nameV": "TMA BASTIA 4", "class": "E", "type": "TMA", "lower": "1800FT AGL", "ordinalLowerM": 548, "lowerM": 548, "upper": "3000FT AGL", "ordinalUpperM": 914, "upperM": 914, "groundEstimatedHeight": [ 0, 0, 0, 0 ], "desc": "Sections of the TMA are shared with LF-R 65 and LF-D 67, whose entry requirements are specified in part ENR 5.1.", "activationCode": "H24", "UId": "1560889", "id": "LFKB4", "stroke": "#008040", "stroke-width": 2, "stroke-opacity": 0.8, "fill": "#80ff80", "fill-opacity": 0.2 }, "geometry": { "type": "Polygon", "coordinates": [ [ [ 9.75, 42.333333 ], [ 9.7, 42.266667 ], [ 9.5, 42.266667 ], [ 9.5, 42.333333 ], [ 9.75, 42.333333 ] ] ] } },
{ "type": "Feature", "properties": { "name": "f", "nameV": "TMA NICE 2", "class": "D", "type": "TMA", "lower": "1500FT AMSL", "lowerM": 457, "upper": "FL115", "upperM": 3505, "desc": "Airspace defined with the exception of the interfering portion with LF-R106 MONACO.", "activationCode": "H24", "UId": "1561107", "id": "LFMN2", "stroke": "#ff0000", "stroke-width": 2, "stroke-opacity": 0.8, "fill": "#ff8080", "fill-opacity": 0.3 }, "geometry": { "type": "Polygon", "coordinates": [ [ [ 7.529722, 43.783889 ], [ 7.8375, 43.701944 ], [ 8.031407686923435, 43.649252714795239 ], [ 8.031402895272493, 43.648723869353574 ], [ 8.03122, 43.643832 ], [ 8.030917, 43.637922 ], [ 8.030531, 43.632015 ], [ 8.030062, 43.626111 ], [ 8.029511, 43.620211 ], [ 8.028878, 43.614315 ], [ 8.028162, 43.608424 ], [ 8.027364, 43.602539 ], [ 8.026485, 43.59666 ], [ 8.025523, 43.590787 ], [ 8.024479, 43.584922 ], [ 8.023353, 43.579065 ], [ 8.022146, 43.573216 ], [ 8.020858, 43.567377 ], [ 8.019488, 43.561547 ], [ 8.018037, 43.555728 ], [ 8.016505, 43.549919 ], [ 8.014892, 43.544122 ], [ 8.013199, 43.538337 ], [ 8.011425, 43.532565 ], [ 8.009571, 43.526806 ], [ 8.007638, 43.521061 ], [ 8.005624, 43.515331 ], [ 8.003531, 43.509615 ], [ 8.001359, 43.503915 ], [ 7.999107, 43.498232 ], [ 7.996777, 43.492565 ], [ 7.994368, 43.486915 ], [ 7.991881, 43.481284 ], [ 7.989316, 43.475671 ], [ 7.986673, 43.470077 ], [ 7.983953, 43.464502 ], [ 7.981156, 43.458948 ], [ 7.978282, 43.453415 ], [ 7.975331, 43.447903 ], [ 7.972305, 43.442412 ], [ 7.969202, 43.436945 ], [ 7.966024, 43.4315 ], [ 7.96277, 43.426079 ], [ 7.959442, 43.420682 ], [ 7.95604, 43.415309 ], [ 7.952563, 43.409962 ], [ 7.949012, 43.404641 ], [ 7.945388, 43.399346 ], [ 7.941692, 43.394077 ], [ 7.937922, 43.388836 ], [ 7.934081, 43.383623 ], [ 7.930167, 43.378438 ], [ 7.926183, 43.373282 ], [ 7.922127, 43.368156 ], [ 7.918001, 43.36306 ], [ 7.913804, 43.357994 ], [ 7.909539, 43.352959 ], [ 7.905203, 43.347956 ], [ 7.9008, 43.342984 ], [ 7.896328, 43.338045 ], [ 7.891788, 43.333139 ], [ 7.887181, 43.328267 ], [ 7.882506, 43.323429 ], [ 7.877766, 43.318625 ], [ 7.87296, 43.313856 ], [ 7.868088, 43.309122 ], [ 7.863152, 43.304425 ], [ 7.858151, 43.299764 ], [ 7.853086, 43.295139 ], [ 7.847958, 43.290553 ], [ 7.842767, 43.286003 ], [ 7.837514, 43.281493 ], [ 7.8322, 43.27702 ], [ 7.826824, 43.272587 ], [ 7.821387, 43.268194 ], [ 7.815891, 43.263841 ], [ 7.810335, 43.259528 ], [ 7.80472, 43.255256 ], [ 7.799047, 43.251025 ], [ 7.793316, 43.246836 ], [ 7.787528, 43.24269 ], [ 7.781683, 43.238586 ], [ 7.775783, 43.234525 ], [ 7.769827, 43.230507 ], [ 7.768853310977747, 43.22987824481244 ], [ 7.768853310977747, 43.22987824481244 ], [ 7.9775, 43.0825 ], [ 7.977829259648738, 43.082224551295852 ], [ 7.976743, 43.081624 ], [ 7.97406, 43.08015 ], [ 7.971372, 43.078681 ], [ 7.968678, 43.077217 ], [ 7.965979, 43.07576 ], [ 7.963274, 43.074307 ], [ 7.960563, 43.072861 ], [ 7.957848, 43.07142 ], [ 7.955126, 43.069984 ], [ 7.9524, 43.068554 ], [ 7.949667, 43.067129 ], [ 7.94693, 43.065711 ], [ 7.944187, 43.064297 ], [ 7.941439, 43.06289 ], [ 7.938685, 43.061488 ], [ 7.935926, 43.060091 ], [ 7.933162, 43.0587 ], [ 7.930393, 43.057315 ], [ 7.927618, 43.055936 ], [ 7.924839, 43.054562 ], [ 7.922054, 43.053194 ], [ 7.919263, 43.051832 ], [ 7.916468, 43.050475 ], [ 7.913668, 43.049124 ], [ 7.910862, 43.047779 ], [ 7.908052, 43.04644 ], [ 7.905236, 43.045106 ], [ 7.902415, 43.043778 ], [ 7.899589, 43.042456 ], [ 7.896759, 43.041139 ], [ 7.893923, 43.039829 ], [ 7.891082, 43.038524 ], [ 7.888237, 43.037225 ], [ 7.885387, 43.035932 ], [ 7.882531, 43.034645 ], [ 7.879671, 43.033363 ], [ 7.876806, 43.032088 ], [ 7.873936, 43.030818 ], [ 7.871062, 43.029554 ], [ 7.868182, 43.028296 ], [ 7.865298, 43.027044 ], [ 7.862409, 43.025798 ], [ 7.859516, 43.024557 ], [ 7.856618, 43.023323 ], [ 7.853715, 43.022095 ], [ 7.850807, 43.020872 ], [ 7.847895, 43.019656 ], [ 7.844979, 43.018445 ], [ 7.842057, 43.01724 ], [ 7.839132, 43.016042 ], [ 7.836201, 43.014849 ], [ 7.833266, 43.013662 ], [ 7.830327, 43.012482 ], [ 7.827384, 43.011307 ], [ 7.824435, 43.010138 ], [ 7.821483, 43.008976 ], [ 7.818526, 43.007819 ], [ 7.815565, 43.006669 ], [ 7.812599, 43.005524 ], [ 7.809629, 43.004386 ], [ 7.806655, 43.003254 ], [ 7.803677, 43.002127 ], [ 7.800694, 43.001007 ], [ 7.797707, 42.999893 ], [ 7.794716, 42.998785 ], [ 7.791721, 42.997684 ], [ 7.788721, 42.996588 ], [ 7.785718, 42.995499 ], [ 7.78271, 42.994415 ], [ 7.779698, 42.993338 ], [ 7.776683, 42.992267 ], [ 7.773663, 42.991202 ], [ 7.770639, 42.990143 ], [ 7.767611, 42.989091 ], [ 7.76458, 42.988044 ], [ 7.761544, 42.987004 ], [ 7.758504, 42.98597 ], [ 7.755461, 42.984943 ], [ 7.752413, 42.983921 ], [ 7.749362, 42.982906 ], [ 7.746307, 42.981897 ], [ 7.743249, 42.980894 ], [ 7.740186, 42.979898 ], [ 7.73712, 42.978908 ], [ 7.73405, 42.977924 ], [ 7.732778, 42.977222 ], [ 7.732778, 42.977222 ], [ 7.716667, 43.0 ], [ 7.506667, 43.031389 ], [ 6.7275, 43.121389 ], [ 6.7275, 43.289722 ], [ 6.919167, 43.388333 ], [ 7.1, 43.480833 ], [ 7.160278, 43.495556 ], [ 7.433333, 43.608889 ], [ 7.433333, 43.751667 ], [ 7.529722, 43.783889 ] ] ] } },
{ "type": "Feature", "properties": { "name": "NICE 3", "nameV": "TMA NICE 3", "class": "D", "type": "TMA", "lower": "2500FT AMSL", "lowerM": 762, "upper": "FL115", "upperM": 3505, "activationCode": "H24", "UId": "1566517", "id": "LFMN3", "stroke": "#ff0000", "stroke-width": 2, "stroke-opacity": 0.8, "fill": "#ff8080", "fill-opacity": 0.3 }, "geometry": { "type": "Polygon", "coordinates": [ [ [ 8.031407686923435, 43.649252714795239 ], [ 8.321722, 43.570278 ], [ 8.406688, 43.547515 ], [ 8.410754698017262, 43.546327660464904 ], [ 8.408478, 43.540413 ], [ 8.405922, 43.533964 ], [ 8.403297, 43.527529 ], [ 8.400604, 43.521109 ], [ 8.397843, 43.514705 ], [ 8.395014, 43.508316 ], [ 8.392118, 43.501943 ], [ 8.389155, 43.495587 ], [ 8.386124, 43.489247 ], [ 8.383026, 43.482925 ], [ 8.379862, 43.47662 ], [ 8.376631, 43.470333 ], [ 8.373334, 43.464064 ], [ 8.36997, 43.457814 ], [ 8.366541, 43.451583 ], [ 8.363046, 43.445371 ], [ 8.359485, 43.439179 ], [ 8.35586, 43.433007 ], [ 8.352169, 43.426855 ], [ 8.348414, 43.420724 ], [ 8.344594, 43.414615 ], [ 8.34071, 43.408527 ], [ 8.336762, 43.402461 ], [ 8.33275, 43.396417 ], [ 8.328674, 43.390396 ], [ 8.324535, 43.384397 ], [ 8.320334, 43.378422 ], [ 8.316069, 43.372471 ], [ 8.311742, 43.366544 ], [ 8.307353, 43.360641 ], [ 8.302903, 43.354763 ], [ 8.29839, 43.34891 ], [ 8.293816, 43.343082 ], [ 8.289181, 43.337281 ], [ 8.284485, 43.331505 ], [ 8.279729, 43.325756 ], [ 8.274913, 43.320033 ], [ 8.270037, 43.314337 ], [ 8.265101, 43.308669 ], [ 8.260106, 43.303029 ], [ 8.255052, 43.297417 ], [ 8.249939, 43.291833 ], [ 8.244768, 43.286278 ], [ 8.239539, 43.280753 ], [ 8.234252, 43.275256 ], [ 8.228908, 43.26979 ], [ 8.223507, 43.264353 ], [ 8.218049, 43.258947 ], [ 8.212535, 43.253571 ], [ 8.206964, 43.248226 ], [ 8.201338, 43.242913 ], [ 8.195657, 43.237632 ], [ 8.189921, 43.232382 ], [ 8.18413, 43.227164 ], [ 8.178285, 43.221979 ], [ 8.172385, 43.216827 ], [ 8.166433, 43.211708 ], [ 8.160427, 43.206623 ], [ 8.154368, 43.201571 ], [ 8.148256, 43.196553 ], [ 8.142093, 43.19157 ], [ 8.135877, 43.186621 ], [ 8.129611, 43.181708 ], [ 8.123293, 43.176829 ], [ 8.116925, 43.171986 ], [ 8.110506, 43.167178 ], [ 8.104038, 43.162407 ], [ 8.09752, 43.157672 ], [ 8.090953, 43.152974 ], [ 8.084337, 43.148312 ], [ 8.077673, 43.143688 ], [ 8.070962, 43.139101 ], [ 8.064202, 43.134551 ], [ 8.057396, 43.13004 ], [ 8.050543, 43.125567 ], [ 8.043643, 43.121132 ], [ 8.036698, 43.116736 ], [ 8.029707, 43.112379 ], [ 8.022672, 43.108061 ], [ 8.015591, 43.103783 ], [ 8.008467, 43.099545 ], [ 8.001299, 43.095346 ], [ 7.994087, 43.091188 ], [ 7.986833, 43.08707 ], [ 7.979535, 43.082993 ], [ 7.977829259648738, 43.082224551295852 ], [ 7.9775, 43.0825 ], [ 7.9775, 43.0825 ], [ 7.768853310977747, 43.22987824481244 ], [ 7.769827, 43.230507 ], [ 7.775783, 43.234525 ], [ 7.781683, 43.238586 ], [ 7.787528, 43.24269 ], [ 7.793316, 43.246836 ], [ 7.799047, 43.251025 ], [ 7.80472, 43.255256 ], [ 7.810335, 43.259528 ], [ 7.815891, 43.263841 ], [ 7.821387, 43.268194 ], [ 7.826824, 43.272587 ], [ 7.8322, 43.27702 ], [ 7.837514, 43.281493 ], [ 7.842767, 43.286003 ], [ 7.847958, 43.290553 ], [ 7.853086, 43.295139 ], [ 7.858151, 43.299764 ], [ 7.863152, 43.304425 ], [ 7.868088, 43.309122 ], [ 7.87296, 43.313856 ], [ 7.877766, 43.318625 ], [ 7.882506, 43.323429 ], [ 7.887181, 43.328267 ], [ 7.891788, 43.333139 ], [ 7.896328, 43.338045 ], [ 7.9008, 43.342984 ], [ 7.905203, 43.347956 ], [ 7.909539, 43.352959 ], [ 7.913804, 43.357994 ], [ 7.918001, 43.36306 ], [ 7.922127, 43.368156 ], [ 7.926183, 43.373282 ], [ 7.930167, 43.378438 ], [ 7.934081, 43.383623 ], [ 7.937922, 43.388836 ], [ 7.941692, 43.394077 ], [ 7.945388, 43.399346 ], [ 7.949012, 43.404641 ], [ 7.952563, 43.409962 ], [ 7.95604, 43.415309 ], [ 7.959442, 43.420682 ], [ 7.96277, 43.426079 ], [ 7.966024, 43.4315 ], [ 7.969202, 43.436945 ], [ 7.972305, 43.442412 ], [ 7.975331, 43.447903 ], [ 7.978282, 43.453415 ], [ 7.981156, 43.458948 ], [ 7.983953, 43.464502 ], [ 7.986673, 43.470077 ], [ 7.989316, 43.475671 ], [ 7.991881, 43.481284 ], [ 7.994368, 43.486915 ], [ 7.996777, 43.492565 ], [ 7.999107, 43.498232 ], [ 8.001359, 43.503915 ], [ 8.003531, 43.509615 ], [ 8.005624, 43.515331 ], [ 8.007638, 43.521061 ], [ 8.009571, 43.526806 ], [ 8.011425, 43.532565 ], [ 8.013199, 43.538337 ], [ 8.014892, 43.544122 ], [ 8.016505, 43.549919 ], [ 8.018037, 43.555728 ], [ 8.019488, 43.561547 ], [ 8.020858, 43.567377 ], [ 8.022146, 43.573216 ], [ 8.023353, 43.579065 ], [ 8.024479, 43.584922 ], [ 8.025523, 43.590787 ], [ 8.026485, 43.59666 ], [ 8.027364, 43.602539 ], [ 8.028162, 43.608424 ], [ 8.028878, 43.614315 ], [ 8.029511, 43.620211 ], [ 8.030062, 43.626111 ], [ 8.030531, 43.632015 ], [ 8.030917, 43.637922 ], [ 8.03122, 43.643832 ], [ 8.031402895272493, 43.648723869353574 ], [ 8.031407686923435, 43.649252714795239 ] ] ] } },
{ "type": "Feature", "properties": { "name": "NICE 5", "nameV": "TMA NICE 5", "class": "C", "type": "TMA", "lower": "3500FT AMSL", "lowerM": 1066, "upper": "FL115", "upperM": 3505, "desc": "Airspace defined with the exception of the interfering portion with LF-R95 A.", "activationCode": "H24", "UId": "52922761", "id": "LFMN5", "stroke": "#ff0000", "stroke-width": 2, "stroke-opacity": 0.8, "fill": "#ff8080", "fill-opacity": 0.3 }, "geometry": { "type": "Polygon", "coordinates": [ [ [ 6.741111, 43.537778 ], [ 6.842778, 43.526944 ], [ 6.830556, 43.511944 ], [ 6.657222, 43.2975 ], [ 6.5025, 43.313889 ], [ 6.611111, 43.416667 ], [ 6.611111, 43.523611 ], [ 6.741111, 43.537778 ] ] ] } },
{ "type": "Feature", "properties": { "name": "PROVENCE 5.2", "nameV": "TMA PROVENCE 5.2", "class": "D", "type": "TMA", "lower": "4500FT AMSL", "lowerM": 1371, "upper": "FL115", "upperM": 3505, "desc": "Airspace definied except parts interfering with LF-R 108 A F2 and A F3 ISTRES when active.", "activationCode": "H24", "UId": "1564933", "id": "LFML5.2", "stroke": "#ff0000", "stroke-width": 2, "stroke-opacity": 0.8, "fill": "#ff8080", "fill-opacity": 0.3 }, "geometry": { "type": "Polygon", "coordinates": [ [ [ 4.787778, 43.710278 ], [ 5.003333, 43.571389 ], [ 5.003652, 43.571396 ], [ 5.004888, 43.570346 ], [ 5.0061, 43.569281 ], [ 5.007288, 43.568201 ], [ 5.008451, 43.567108 ], [ 5.009588, 43.566 ], [ 5.010701, 43.564879 ], [ 5.011787, 43.563745 ], [ 5.012847, 43.562598 ], [ 5.013881, 43.561439 ], [ 5.014889, 43.560267 ], [ 5.015869, 43.559083 ], [ 5.016822, 43.557888 ], [ 5.017748, 43.556681 ], [ 5.018646, 43.555464 ], [ 5.019516, 43.554236 ], [ 5.020358, 43.552997 ], [ 5.021172, 43.551749 ], [ 5.021957, 43.550491 ], [ 5.022713, 43.549224 ], [ 5.02344, 43.547948 ], [ 5.024138, 43.546664 ], [ 5.024806, 43.545371 ], [ 5.025445, 43.54407 ], [ 5.026054, 43.542762 ], [ 5.026633, 43.541447 ], [ 5.027182, 43.540125 ], [ 5.027701, 43.538797 ], [ 5.028189, 43.537463 ], [ 5.028647, 43.536123 ], [ 5.029074, 43.534777 ], [ 5.029471, 43.533427 ], [ 5.029836, 43.532072 ], [ 5.030171, 43.530713 ], [ 5.030475, 43.52935 ], [ 5.030747, 43.527984 ], [ 5.030988, 43.526614 ], [ 5.031198, 43.525242 ], [ 5.031377, 43.523868 ], [ 5.031524, 43.522491 ], [ 5.03164, 43.521113 ], [ 5.031724, 43.519734 ], [ 5.031777, 43.518354 ], [ 5.031798, 43.516974 ], [ 5.031788, 43.515593 ], [ 5.031747, 43.514213 ], [ 5.031674, 43.512834 ], [ 5.031569, 43.511455 ], [ 5.031433, 43.510078 ], [ 5.031266, 43.508703 ], [ 5.031068, 43.50733 ], [ 5.030838, 43.505959 ], [ 5.030577, 43.504592 ], [ 5.030285, 43.503228 ], [ 5.029962, 43.501867 ], [ 5.029608, 43.500511 ], [ 5.029223, 43.499159 ], [ 5.028807, 43.497812 ], [ 5.028611, 43.497778 ], [ 5.028611, 43.497778 ], [ 5.025278, 43.484167 ], [ 5.025788, 43.484236 ], [ 5.025042, 43.48286 ], [ 5.024279, 43.481488 ], [ 5.023499, 43.480121 ], [ 5.022703, 43.478759 ], [ 5.02189, 43.477402 ], [ 5.02106, 43.476051 ], [ 5.020214, 43.474705 ], [ 5.019352, 43.473364 ], [ 5.018474, 43.472029 ], [ 5.017579, 43.4707 ], [ 5.016668, 43.469376 ], [ 5.015741, 43.468059 ], [ 5.014798, 43.466747 ], [ 5.013839, 43.465442 ], [ 5.012864, 43.464143 ], [ 5.011874, 43.46285 ], [ 5.010867, 43.461563 ], [ 5.009845, 43.460283 ], [ 5.008808, 43.45901 ], [ 5.007755, 43.457743 ], [ 5.006686, 43.456483 ], [ 5.005603, 43.45523 ], [ 5.004504, 43.453984 ], [ 5.00339, 43.452746 ], [ 5.002261, 43.451514 ], [ 5.001117, 43.45029 ], [ 4.999958, 43.449073 ], [ 4.998785, 43.447863 ], [ 4.997597, 43.446662 ], [ 4.996394, 43.445467 ], [ 4.995176, 43.444281 ], [ 4.993945, 43.443102 ], [ 4.992699, 43.441932 ], [ 4.991439, 43.440769 ], [ 4.990164, 43.439615 ], [ 4.988876, 43.438469 ], [ 4.987574, 43.437331 ], [ 4.986258, 43.436202 ], [ 4.984928, 43.435081 ], [ 4.983585, 43.433968 ], [ 4.982229, 43.432865 ], [ 4.980859, 43.43177 ], [ 4.979475, 43.430684 ], [ 4.978079, 43.429607 ], [ 4.976669, 43.428539 ], [ 4.975247, 43.42748 ], [ 4.973812, 43.42643 ], [ 4.972364, 43.425389 ], [ 4.970903, 43.424358 ], [ 4.96943, 43.423336 ], [ 4.967945, 43.422324 ], [ 4.966447, 43.421321 ], [ 4.964938, 43.420328 ], [ 4.963416, 43.419345 ], [ 4.961882, 43.418371 ], [ 4.960337, 43.417408 ], [ 4.95878, 43.416454 ], [ 4.958333, 43.416389 ], [ 4.958333, 43.416389 ], [ 4.95, 43.411944 ], [ 4.938611, 43.433056 ], [ 4.787778, 43.710278 ] ] ] } },
{ "type": "Feature", "properties": { "name": "PROVENCE 6", "nameV": "TMA PROVENCE 6", "class": "D", "type": "TMA", "lower": "4500FT AMSL", "lowerM": 1371, "upper": "FL115", "upperM": 3505, "desc": "Airspace defined except parts interfering with LF-R 234 B TOURRIS, LF-R 95 D2 LE LUC, LF-R 64 A2 TOULON, LF-D 54 N TOULON, LF-D 54 NR TOULON and CTA TOULON 1.2 when active. Lower level FL 055 within lateral limits of TMA 6.1 PROVENCE.", "activationCode": "H24", "UId": "1561231", "id": "LFML6", "stroke": "#ff0000", "stroke-width": 2, "stroke-opacity": 0.8, "fill": "#ff8080", "fill-opacity": 0.3 }, "geometry": { "type": "Polygon", "coordinates": [ [ [ 5.558333, 43.536944 ], [ 5.891111, 43.485 ], [ 5.983333, 43.470556 ], [ 6.025, 43.143889 ], [ 5.866667, 43.175 ], [ 5.633333, 43.033333 ], [ 5.633333, 43.166667 ], [ 5.487778, 43.166944 ], [ 5.489444, 43.420278 ], [ 5.558333, 43.413056 ], [ 5.558333, 43.536944 ] ] ] } },
{ "type": "Feature", "properties": { "name": "PROVENCE 16", "nameV": "TMA PROVENCE 16", "class": "D", "type": "TMA", "lower": "2100FT AMSL", "lowerM": 640, "upper": "FL115", "upperM": 3505, "desc": "Airspace defined except parts interfering with CTR 1.1 and CTR 1.2 ISTRES and LF-R217/1.1 and LF-R 217/1.2 RHONE when active.", "activationCode": "H24", "UId": "1560915", "id": "LFML16", "stroke": "#ff0000", "stroke-width": 2, "stroke-opacity": 0.8, "fill": "#ff8080", "fill-opacity": 0.3 }, "geometry": { "type": "Polygon", "coordinates": [ [ [ 5.031111, 43.523611 ], [ 5.058333, 43.4 ], [ 5.091389, 43.346111 ], [ 5.179722, 43.252778 ], [ 5.408889, 43.252778 ], [ 5.408889, 43.166944 ], [ 4.549722, 43.166667 ], [ 4.688056, 43.252778 ], [ 4.827222, 43.338889 ], [ 4.861111, 43.359444 ], [ 4.95, 43.411944 ], [ 4.958333, 43.416389 ], [ 4.95878, 43.416454 ], [ 4.960337, 43.417408 ], [ 4.961882, 43.418371 ], [ 4.963416, 43.419345 ], [ 4.964938, 43.420328 ], [ 4.966447, 43.421321 ], [ 4.967945, 43.422324 ], [ 4.96943, 43.423336 ], [ 4.970903, 43.424358 ], [ 4.972364, 43.425389 ], [ 4.973812, 43.42643 ], [ 4.975247, 43.42748 ], [ 4.976669, 43.428539 ], [ 4.978079, 43.429607 ], [ 4.979475, 43.430684 ], [ 4.980859, 43.43177 ], [ 4.982229, 43.432865 ], [ 4.983585, 43.433968 ], [ 4.984928, 43.435081 ], [ 4.986258, 43.436202 ], [ 4.987574, 43.437331 ], [ 4.988876, 43.438469 ], [ 4.990164, 43.439615 ], [ 4.991439, 43.440769 ], [ 4.992699, 43.441932 ], [ 4.993945, 43.443102 ], [ 4.995176, 43.444281 ], [ 4.996394, 43.445467 ], [ 4.997597, 43.446662 ], [ 4.998785, 43.447863 ], [ 4.999958, 43.449073 ], [ 5.001117, 43.45029 ], [ 5.002261, 43.451514 ], [ 5.00339, 43.452746 ], [ 5.004504, 43.453984 ], [ 5.005603, 43.45523 ], [ 5.006686, 43.456483 ], [ 5.007755, 43.457743 ], [ 5.008808, 43.45901 ], [ 5.009845, 43.460283 ], [ 5.010867, 43.461563 ], [ 5.011874, 43.46285 ], [ 5.012864, 43.464143 ], [ 5.013839, 43.465442 ], [ 5.014798, 43.466747 ], [ 5.015741, 43.468059 ], [ 5.016668, 43.469376 ], [ 5.017579, 43.4707 ], [ 5.018474, 43.472029 ], [ 5.019352, 43.473364 ], [ 5.020214, 43.474705 ], [ 5.02106, 43.476051 ], [ 5.02189, 43.477402 ], [ 5.022703, 43.478759 ], [ 5.023499, 43.480121 ], [ 5.024279, 43.481488 ], [ 5.025042, 43.48286 ], [ 5.025788, 43.484236 ], [ 5.025278, 43.484167 ], [ 5.025278, 43.484167 ], [ 5.028611, 43.497778 ], [ 5.028868, 43.497801 ], [ 5.029008, 43.498246 ], [ 5.029146, 43.49869 ], [ 5.02928, 43.499136 ], [ 5.02941, 43.499582 ], [ 5.029537, 43.500028 ], [ 5.029661, 43.500475 ], [ 5.029782, 43.500922 ], [ 5.029899, 43.50137 ], [ 5.030013, 43.501818 ], [ 5.030123, 43.502267 ], [ 5.03023, 43.502716 ], [ 5.030334, 43.503166 ], [ 5.030434, 43.503615 ], [ 5.030531, 43.504066 ], [ 5.030625, 43.504517 ], [ 5.030715, 43.504968 ], [ 5.030802, 43.505419 ], [ 5.030885, 43.505871 ], [ 5.030965, 43.506323 ], [ 5.031041, 43.506775 ], [ 5.031115, 43.507228 ], [ 5.031184, 43.507681 ], [ 5.031251, 43.508134 ], [ 5.031313, 43.508588 ], [ 5.031373, 43.509041 ], [ 5.031429, 43.509495 ], [ 5.031482, 43.50995 ], [ 5.031531, 43.510404 ], [ 5.031577, 43.510859 ], [ 5.031619, 43.511313 ], [ 5.031658, 43.511768 ], [ 5.031694, 43.512223 ], [ 5.031726, 43.512678 ], [ 5.031755, 43.513134 ], [ 5.03178, 43.513589 ], [ 5.031802, 43.514045 ], [ 5.03182, 43.5145 ], [ 5.031835, 43.514956 ], [ 5.031847, 43.515412 ], [ 5.031855, 43.515867 ], [ 5.03186, 43.516323 ], [ 5.031861, 43.516779 ], [ 5.031859, 43.517235 ], [ 5.031854, 43.517691 ], [ 5.031845, 43.518146 ], [ 5.031832, 43.518602 ], [ 5.031816, 43.519058 ], [ 5.031797, 43.519513 ], [ 5.031774, 43.519969 ], [ 5.031748, 43.520424 ], [ 5.031719, 43.520879 ], [ 5.031686, 43.521334 ], [ 5.031649, 43.52179 ], [ 5.031609, 43.522244 ], [ 5.031566, 43.522699 ], [ 5.03152, 43.523154 ], [ 5.031469, 43.523608 ], [ 5.031111, 43.523611 ] ] ] } },
{ "type": "Feature", "properties": { "name": "MONTPELLIER 2", "nameV": "TMA MONTPELLIER 2", "class": "D", "type": "TMA", "lower": "2000FT AMSL", "lowerM": 609, "upper": "FL115", "upperM": 3505, "desc": "Portions of this airspace coexist with LF- R 108 E1, 108 E2 and 108 C ISTRES, whose entry conditions are stated in part ENR 5.1.", "activationCode": "H24", "UId": "1566551", "id": "LFMT2", "stroke": "#ff0000", "stroke-width": 2, "stroke-opacity": 0.8, "fill": "#ff8080", "fill-opacity": 0.3 }, "geometry": { "type": "Polygon", "coordinates": [ [ [ 3.844167, 43.483889 ], [ 3.717778, 43.57 ], [ 3.661111, 43.640833 ], [ 3.660172, 43.640801 ], [ 3.66078, 43.642425 ], [ 3.661403, 43.644046 ], [ 3.662043, 43.645664 ], [ 3.662699, 43.647278 ], [ 3.663372, 43.648889 ], [ 3.66406, 43.650497 ], [ 3.664764, 43.6521 ], [ 3.665485, 43.6537 ], [ 3.666221, 43.655296 ], [ 3.666973, 43.656888 ], [ 3.667742, 43.658477 ], [ 3.668526, 43.660061 ], [ 3.669326, 43.661641 ], [ 3.670141, 43.663217 ], [ 3.670973, 43.664788 ], [ 3.67182, 43.666355 ], [ 3.672683, 43.667918 ], [ 3.673561, 43.669476 ], [ 3.674455, 43.671029 ], [ 3.675365, 43.672578 ], [ 3.67629, 43.674122 ], [ 3.67723, 43.675661 ], [ 3.678186, 43.677195 ], [ 3.679157, 43.678724 ], [ 3.680143, 43.680248 ], [ 3.681145, 43.681767 ], [ 3.682162, 43.683281 ], [ 3.683194, 43.684789 ], [ 3.684241, 43.686291 ], [ 3.685303, 43.687789 ], [ 3.68638, 43.68928 ], [ 3.687472, 43.690766 ], [ 3.688579, 43.692246 ], [ 3.689701, 43.693721 ], [ 3.690837, 43.695189 ], [ 3.691988, 43.696652 ], [ 3.693154, 43.698108 ], [ 3.694334, 43.699558 ], [ 3.695529, 43.701002 ], [ 3.696738, 43.70244 ], [ 3.697961, 43.703871 ], [ 3.699199, 43.705296 ], [ 3.700451, 43.706715 ], [ 3.701718, 43.708127 ], [ 3.702998, 43.709532 ], [ 3.704293, 43.71093 ], [ 3.705601, 43.712322 ], [ 3.706924, 43.713707 ], [ 3.70826, 43.715085 ], [ 3.70961, 43.716456 ], [ 3.710974, 43.717819 ], [ 3.712351, 43.719176 ], [ 3.713742, 43.720525 ], [ 3.715147, 43.721867 ], [ 3.716565, 43.723202 ], [ 3.717996, 43.724529 ], [ 3.719441, 43.725849 ], [ 3.720898, 43.727161 ], [ 3.722369, 43.728465 ], [ 3.723853, 43.729762 ], [ 3.72535, 43.731051 ], [ 3.72686, 43.732332 ], [ 3.728383, 43.733605 ], [ 3.729918, 43.73487 ], [ 3.731466, 43.736128 ], [ 3.733027, 43.737376 ], [ 3.7346, 43.738617 ], [ 3.736186, 43.73985 ], [ 3.737783, 43.741074 ], [ 3.739394, 43.74229 ], [ 3.741016, 43.743497 ], [ 3.74265, 43.744696 ], [ 3.744297, 43.745886 ], [ 3.745955, 43.747068 ], [ 3.747625, 43.748241 ], [ 3.749307, 43.749405 ], [ 3.751001, 43.75056 ], [ 3.752706, 43.751707 ], [ 3.754423, 43.752844 ], [ 3.756151, 43.753972 ], [ 3.756667, 43.754167 ], [ 3.756667, 43.754167 ], [ 3.998889, 43.7625 ], [ 4.111111, 43.666944 ], [ 4.111425, 43.666832 ], [ 4.107127, 43.670359 ], [ 4.10266, 43.673773 ], [ 4.098029, 43.677072 ], [ 4.09324, 43.68025 ], [ 4.088298, 43.683304 ], [ 4.08321, 43.68623 ], [ 4.077982, 43.689024 ], [ 4.072621, 43.691683 ], [ 4.067134, 43.694204 ], [ 4.061526, 43.696583 ], [ 4.055806, 43.698818 ], [ 4.04998, 43.700905 ], [ 4.044055, 43.702842 ], [ 4.038039, 43.704627 ], [ 4.03194, 43.706257 ], [ 4.025765, 43.707731 ], [ 4.019522, 43.709046 ], [ 4.013218, 43.710201 ], [ 4.006861, 43.711195 ], [ 4.00046, 43.712026 ], [ 3.994022, 43.712693 ], [ 3.987556, 43.713195 ], [ 3.981069, 43.713532 ], [ 3.97457, 43.713703 ], [ 3.968066, 43.713708 ], [ 3.961566, 43.713548 ], [ 3.955078, 43.713221 ], [ 3.94861, 43.712729 ], [ 3.94217, 43.712073 ], [ 3.935767, 43.711253 ], [ 3.929407, 43.710269 ], [ 3.9231, 43.709124 ], [ 3.916852, 43.707819 ], [ 3.910672, 43.706356 ], [ 3.904568, 43.704735 ], [ 3.898547, 43.70296 ], [ 3.892616, 43.701032 ], [ 3.886784, 43.698955 ], [ 3.881056, 43.696729 ], [ 3.875442, 43.694359 ], [ 3.869946, 43.691848 ], [ 3.864577, 43.689197 ], [ 3.85934, 43.686411 ], [ 3.854243, 43.683494 ], [ 3.849292, 43.680448 ], [ 3.844493, 43.677277 ], [ 3.839851, 43.673986 ], [ 3.835374, 43.670579 ], [ 3.831065, 43.66706 ], [ 3.826931, 43.663433 ], [ 3.822977, 43.659703 ], [ 3.819207, 43.655874 ], [ 3.815626, 43.651951 ], [ 3.812239, 43.64794 ], [ 3.80905, 43.643844 ], [ 3.806063, 43.63967 ], [ 3.803281, 43.635422 ], [ 3.800708, 43.631106 ], [ 3.798346, 43.626727 ], [ 3.7962, 43.62229 ], [ 3.794271, 43.617801 ], [ 3.792562, 43.613266 ], [ 3.791075, 43.60869 ], [ 3.789812, 43.604079 ], [ 3.788774, 43.599439 ], [ 3.787962, 43.594775 ], [ 3.787378, 43.590093 ], [ 3.787022, 43.585399 ], [ 3.786894, 43.580699 ], [ 3.786995, 43.575999 ], [ 3.787325, 43.571304 ], [ 3.787882, 43.566621 ], [ 3.788667, 43.561954 ], [ 3.789678, 43.557311 ], [ 3.790913, 43.552696 ], [ 3.792372, 43.548115 ], [ 3.794053, 43.543575 ], [ 3.795952, 43.53908 ], [ 3.798069, 43.534637 ], [ 3.8004, 43.53025 ], [ 3.802942, 43.525926 ], [ 3.805692, 43.521669 ], [ 3.808647, 43.517485 ], [ 3.811803, 43.513379 ], [ 3.815156, 43.509355 ], [ 3.818702, 43.50542 ], [ 3.822436, 43.501578 ], [ 3.826354, 43.497834 ], [ 3.830451, 43.494191 ], [ 3.834721, 43.490656 ], [ 3.83916, 43.487232 ], [ 3.843762, 43.483923 ], [ 3.844167, 43.483889 ] ] ] } },
{ "type": "Feature", "properties": { "name": "MONTPELLIER 3", "nameV": "TMA MONTPELLIER 3 Lower(1000FT AGL-2500FT AMSL)", "class": "D", "type": "TMA", "lower": "2500FT AMSL", "lowerMin": "1000FT AGL", "lowerM": 762, "upper": "FL115", "upperM": 3505, "desc": "This airspace is defined except for parts interfering with LF-R 46 E2, LF-R 191A, 191B, 191C and LF-R 193 A when active. This part coexists with LF-R 108 C, 108 E1 and 108 E2. Vertical limits - Lower limit: 4500ft AMSL within part 3.1 \"Pic Saint Loup\" lateral limits of TMA MONTPELLIER.", "activationCode": "H24", "UId": "1566549", "id": "LFMT3", "stroke": "#ff0000", "stroke-width": 2, "stroke-opacity": 0.8, "fill": "#ff8080", "fill-opacity": 0.3 }, "geometry": { "type": "Polygon", "coordinates": [ [ [ 3.883056, 43.864167 ], [ 3.998889, 43.7625 ], [ 3.756667, 43.754167 ], [ 3.756151, 43.753972 ], [ 3.754423, 43.752844 ], [ 3.752706, 43.751707 ], [ 3.751001, 43.75056 ], [ 3.749307, 43.749405 ], [ 3.747625, 43.748241 ], [ 3.745955, 43.747068 ], [ 3.744297, 43.745886 ], [ 3.74265, 43.744696 ], [ 3.741016, 43.743497 ], [ 3.739394, 43.74229 ], [ 3.737783, 43.741074 ], [ 3.736186, 43.73985 ], [ 3.7346, 43.738617 ], [ 3.733027, 43.737376 ], [ 3.731466, 43.736128 ], [ 3.729918, 43.73487 ], [ 3.728383, 43.733605 ], [ 3.72686, 43.732332 ], [ 3.72535, 43.731051 ], [ 3.723853, 43.729762 ], [ 3.722369, 43.728465 ], [ 3.720898, 43.727161 ], [ 3.719441, 43.725849 ], [ 3.717996, 43.724529 ], [ 3.716565, 43.723202 ], [ 3.715147, 43.721867 ], [ 3.713742, 43.720525 ], [ 3.712351, 43.719176 ], [ 3.710974, 43.717819 ], [ 3.70961, 43.716456 ], [ 3.70826, 43.715085 ], [ 3.706924, 43.713707 ], [ 3.705601, 43.712322 ], [ 3.704293, 43.71093 ], [ 3.702998, 43.709532 ], [ 3.701718, 43.708127 ], [ 3.700451, 43.706715 ], [ 3.699199, 43.705296 ], [ 3.697961, 43.703871 ], [ 3.696738, 43.70244 ], [ 3.695529, 43.701002 ], [ 3.694334, 43.699558 ], [ 3.693154, 43.698108 ], [ 3.691988, 43.696652 ], [ 3.690837, 43.695189 ], [ 3.689701, 43.693721 ], [ 3.688579, 43.692246 ], [ 3.687472, 43.690766 ], [ 3.68638, 43.68928 ], [ 3.685303, 43.687789 ], [ 3.684241, 43.686291 ], [ 3.683194, 43.684789 ], [ 3.682162, 43.683281 ], [ 3.681145, 43.681767 ], [ 3.680143, 43.680248 ], [ 3.679157, 43.678724 ], [ 3.678186, 43.677195 ], [ 3.67723, 43.675661 ], [ 3.67629, 43.674122 ], [ 3.675365, 43.672578 ], [ 3.674455, 43.671029 ], [ 3.673561, 43.669476 ], [ 3.672683, 43.667918 ], [ 3.67182, 43.666355 ], [ 3.670973, 43.664788 ], [ 3.670141, 43.663217 ], [ 3.669326, 43.661641 ], [ 3.668526, 43.660061 ], [ 3.667742, 43.658477 ], [ 3.666973, 43.656888 ], [ 3.666221, 43.655296 ], [ 3.665485, 43.6537 ], [ 3.664764, 43.6521 ], [ 3.66406, 43.650497 ], [ 3.663372, 43.648889 ], [ 3.662699, 43.647278 ], [ 3.662043, 43.645664 ], [ 3.661403, 43.644046 ], [ 3.66078, 43.642425 ], [ 3.660172, 43.640801 ], [ 3.661111, 43.640833 ], [ 3.661111, 43.640833 ], [ 3.717778, 43.57 ], [ 4.033333, 43.35 ], [ 3.716111, 43.25 ], [ 3.568056, 43.09 ], [ 3.385833, 43.0225 ], [ 3.355556, 43.0 ], [ 3.338333, 42.987222 ], [ 3.325, 43.0 ], [ 3.109444, 43.074722 ], [ 3.181111, 43.156944 ], [ 3.117222, 43.208333 ], [ 3.353333, 43.206667 ], [ 3.414444, 43.208333 ], [ 3.563889, 43.305556 ], [ 3.548889, 43.44 ], [ 3.431944, 43.44 ], [ 3.5, 43.6025 ], [ 3.5, 43.680278 ], [ 3.690278, 43.771667 ], [ 3.883056, 43.864167 ] ] ] } },
{ "type": "Feature", "properties": { "name": "MONTPELLIER 4", "nameV": "TMA MONTPELLIER 4", "class": "D", "type": "TMA", "lower": "4500FT AMSL", "lowerM": 1371, "upper": "FL115", "upperM": 3505, "desc": "Portions of this airspace coexist with LF-R 108 E1, 108 E2 ISTRES and LF-D 192 S, whose entry conditions are stated in part ENR 5.1. Lower limit FL 075 within part 4.1 \"Ganges I\" lateral limits of TMA MONTPELLIER.", "activationCode": "H24", "UId": "1566547", "id": "LFMT4", "stroke": "#ff0000", "stroke-width": 2, "stroke-opacity": 0.8, "fill": "#ff8080", "fill-opacity": 0.3 }, "geometry": { "type": "Polygon", "coordinates": [ [ [ 3.826111, 43.9375 ], [ 3.883056, 43.864167 ], [ 3.690278, 43.771667 ], [ 3.5, 43.680278 ], [ 3.5, 43.6025 ], [ 3.477778, 43.549444 ], [ 3.24, 43.55 ], [ 3.257222, 43.710556 ], [ 3.623611, 43.857222 ], [ 3.826111, 43.9375 ] ] ] } },
{ "type": "Feature", "properties": { "name": "MONTPELLIER 7", "nameV": "TMA MONTPELLIER 7", "class": "D", "type": "TMA", "lower": "1500FT AMSL", "lowerM": 457, "upper": "FL115", "upperM": 3505, "desc": "A portion of this airspace coexists with LF-R 108 E1 and 108 C ISTRES, whose entry conditions are stated in part ENR 5.1.", "activationCode": "H24", "UId": "1566543", "id": "LFMT7", "stroke": "#ff0000", "stroke-width": 2, "stroke-opacity": 0.8, "fill": "#ff8080", "fill-opacity": 0.3 }, "geometry": { "type": "Polygon", "coordinates": [ [ [ 3.353389, 43.440111 ], [ 3.431944, 43.440111 ], [ 3.548889, 43.44 ], [ 3.563889, 43.305556 ], [ 3.414444, 43.208333 ], [ 3.353389, 43.20675 ], [ 3.042778, 43.208333 ], [ 3.025278, 43.439444 ], [ 3.353389, 43.440111 ] ] ] } },
{ "type": "Feature", "properties": { "name": "MONTPELLIER 8", "nameV": "TMA MONTPELLIER 8", "class": "D", "type": "TMA", "lower": "2500FT AMSL", "lowerM": 762, "upper": "FL115", "upperM": 3505, "activationCode": "H24", "UId": "1566541", "id": "LFMT8", "stroke": "#ff0000", "stroke-width": 2, "stroke-opacity": 0.8, "fill": "#ff8080", "fill-opacity": 0.3 }, "geometry": { "type": "Polygon", "coordinates": [ [ [ 3.025278, 43.439444 ], [ 3.042778, 43.208333 ], [ 2.930833, 43.274444 ], [ 2.879444, 43.429167 ], [ 3.025278, 43.439444 ] ] ] } },
{ "type": "Feature", "properties": { "name": "MONTPELLIER 9", "nameV": "TMA MONTPELLIER 9", "class": "D", "type": "TMA", "lower": "3500FT AMSL", "lowerM": 1066, "upper": "FL115", "upperM": 3505, "desc": "A portion of this airspace coexists with LF-R 108 E1 ISTRES, whose entry conditions are stated in part ENR 5.1.", "activationCode": "H24", "UId": "1566539", "id": "LFMT9", "stroke": "#ff0000", "stroke-width": 2, "stroke-opacity": 0.8, "fill": "#ff8080", "fill-opacity": 0.3 }, "geometry": { "type": "Polygon", "coordinates": [ [ [ 2.838889, 43.55 ], [ 3.24, 43.55 ], [ 3.477778, 43.549444 ], [ 3.431944, 43.440111 ], [ 3.353389, 43.440111 ], [ 3.025278, 43.439444 ], [ 2.879444, 43.429167 ], [ 2.838889, 43.55 ] ] ] } },
{ "type": "Feature", "properties": { "name": "MONTPELLIER 10", "nameV": "TMA MONTPELLIER 10", "class": "D", "type": "TMA", "lower": "2500FT AMSL", "lowerM": 762, "upper": "FL115", "upperM": 3505, "desc": "This part only exists when part 3 of RHONE CTA and LF-R 217/3 RHONE are deactivated. Airspace defined except for LF-R 190 A, B and C NIMES when active.", "activationCode": "H24", "UId": "1560939", "id": "LFMT10", "stroke": "#ff0000", "stroke-width": 2, "stroke-opacity": 0.8, "fill": "#ff8080", "fill-opacity": 0.3 }, "geometry": { "type": "Polygon", "coordinates": [ [ [ 4.24625, 44.033306 ], [ 4.336353, 44.033311 ], [ 4.525, 43.875033 ], [ 4.551864, 43.858128 ], [ 4.643736, 43.800278 ], [ 4.500153, 43.561386 ], [ 4.160556, 43.625278 ], [ 4.066619, 43.704953 ], [ 4.215236, 43.872956 ], [ 4.223664, 44.02285 ], [ 4.24625, 44.033306 ] ] ] } },
{ "type": "Feature", "properties": { "name": "MONTPELLIER 12", "nameV": "TMA MONTPELLIER 12", "class": "D", "type": "TMA", "lower": "3500FT AMSL", "lowerM": 1066, "upper": "FL115", "upperM": 3505, "desc": "This part exists only when CTA RHONE part 4 and LF-R 217/4 RHONE are not active.", "activationCode": "H24", "UId": "23812756", "id": "LFMT12", "stroke": "#ff0000", "stroke-width": 2, "stroke-opacity": 0.8, "fill": "#ff8080", "fill-opacity": 0.3 }, "geometry": { "type": "Polygon", "coordinates": [ [ [ 4.223664, 44.02285 ], [ 4.215239, 43.872956 ], [ 4.066619, 43.704953 ], [ 3.883056, 43.864167 ], [ 4.223664, 44.02285 ] ] ] } },
{ "type": "Feature", "properties": { "name": "MONTPELLIER 14", "nameV": "TMA MONTPELLIER 14 Lower(1000FT AGL-1500FT AMSL)", "class": "D", "type": "TMA", "lower": "1500FT AMSL", "lowerMin": "1000FT AGL", "lowerM": 457, "upper": "FL115", "upperM": 3505, "desc": "Airspace defined except for LF-R 73 LA SALANQUE area. Vertical limits - Lower limit: whichever is higher.", "activationCode": "H24", "UId": "23812785", "id": "LFMT14", "stroke": "#ff0000", "stroke-width": 2, "stroke-opacity": 0.8, "fill": "#ff8080", "fill-opacity": 0.3 }, "geometry": { "type": "Polygon", "coordinates": [ [ [ 3.021111, 43.010278 ], [ 3.021772, 43.01045 ], [ 3.026349, 43.008962 ], [ 3.0309, 43.007431 ], [ 3.035422, 43.005856 ], [ 3.039916, 43.004239 ], [ 3.044381, 43.002579 ], [ 3.048816, 43.000878 ], [ 3.053221, 42.999134 ], [ 3.057594, 42.997348 ], [ 3.061934, 42.995521 ], [ 3.066242, 42.993654 ], [ 3.070517, 42.991745 ], [ 3.074757, 42.989796 ], [ 3.078961, 42.987807 ], [ 3.083131, 42.985778 ], [ 3.087263, 42.98371 ], [ 3.091359, 42.981603 ], [ 3.095416, 42.979457 ], [ 3.099436, 42.977273 ], [ 3.103415, 42.975051 ], [ 3.107356, 42.972791 ], [ 3.111255, 42.970495 ], [ 3.115114, 42.968161 ], [ 3.11893, 42.965791 ], [ 3.122704, 42.963385 ], [ 3.126435, 42.960943 ], [ 3.130123, 42.958466 ], [ 3.133766, 42.955955 ], [ 3.137364, 42.953409 ], [ 3.140916, 42.950829 ], [ 3.144422, 42.948215 ], [ 3.147882, 42.945569 ], [ 3.151294, 42.94289 ], [ 3.154659, 42.940179 ], [ 3.157975, 42.937436 ], [ 3.161242, 42.934662 ], [ 3.16446, 42.931857 ], [ 3.167627, 42.929022 ], [ 3.170744, 42.926157 ], [ 3.17381, 42.923262 ], [ 3.176824, 42.920339 ], [ 3.179786, 42.917388 ], [ 3.182696, 42.914408 ], [ 3.185552, 42.911402 ], [ 3.188355, 42.908368 ], [ 3.191104, 42.905308 ], [ 3.193798, 42.902222 ], [ 3.196437, 42.899111 ], [ 3.199021, 42.895976 ], [ 3.20155, 42.892816 ], [ 3.204022, 42.889632 ], [ 3.206437, 42.886425 ], [ 3.208796, 42.883195 ], [ 3.211097, 42.879944 ], [ 3.21334, 42.87667 ], [ 3.215525, 42.873376 ], [ 3.217652, 42.870061 ], [ 3.21972, 42.866727 ], [ 3.221729, 42.863373 ], [ 3.223678, 42.86 ], [ 3.225567, 42.856609 ], [ 3.227397, 42.8532 ], [ 3.229165, 42.849775 ], [ 3.230874, 42.846333 ], [ 3.232521, 42.842874 ], [ 3.234107, 42.839401 ], [ 3.235631, 42.835913 ], [ 3.237094, 42.832411 ], [ 3.238494, 42.828895 ], [ 3.239833, 42.825366 ], [ 3.241109, 42.821824 ], [ 3.242322, 42.818271 ], [ 3.243473, 42.814707 ], [ 3.24456, 42.811132 ], [ 3.245584, 42.807547 ], [ 3.246545, 42.803953 ], [ 3.247443, 42.800349 ], [ 3.248277, 42.796738 ], [ 3.249047, 42.793119 ], [ 3.249753, 42.789493 ], [ 3.250396, 42.785861 ], [ 3.250974, 42.782222 ], [ 3.251488, 42.778579 ], [ 3.251938, 42.774931 ], [ 3.252323, 42.771279 ], [ 3.252645, 42.767624 ], [ 3.252901, 42.763966 ], [ 3.253094, 42.760306 ], [ 3.253222, 42.756644 ], [ 3.253285, 42.752981 ], [ 3.253284, 42.749318 ], [ 3.253219, 42.745656 ], [ 3.253089, 42.741994 ], [ 3.252895, 42.738334 ], [ 3.252636, 42.734676 ], [ 3.252314, 42.731021 ], [ 3.251926, 42.727369 ], [ 3.251475, 42.723721 ], [ 3.25096, 42.720078 ], [ 3.250556, 42.72 ], [ 3.250556, 42.72 ], [ 3.174722, 42.431389 ], [ 3.130833, 42.518333 ], [ 3.058889, 42.535 ], [ 2.969722, 42.523611 ], [ 2.909722, 42.583333 ], [ 2.859167, 42.633889 ], [ 2.859142, 42.633958 ], [ 2.861212, 42.63389 ], [ 2.863283, 42.633842 ], [ 2.865354, 42.633815 ], [ 2.867425, 42.633807 ], [ 2.869497, 42.633819 ], [ 2.871568, 42.63385 ], [ 2.873639, 42.633902 ], [ 2.875708, 42.633973 ], [ 2.877776, 42.634065 ], [ 2.879842, 42.634176 ], [ 2.881906, 42.634306 ], [ 2.883967, 42.634457 ], [ 2.886026, 42.634628 ], [ 2.888082, 42.634818 ], [ 2.890133, 42.635027 ], [ 2.892181, 42.635257 ], [ 2.894225, 42.635506 ], [ 2.896265, 42.635775 ], [ 2.898299, 42.636063 ], [ 2.900328, 42.63637 ], [ 2.902351, 42.636697 ], [ 2.904369, 42.637044 ], [ 2.90638, 42.63741 ], [ 2.908385, 42.637795 ], [ 2.910382, 42.638199 ], [ 2.912372, 42.638622 ], [ 2.914355, 42.639064 ], [ 2.91633, 42.639526 ], [ 2.918296, 42.640006 ], [ 2.920254, 42.640505 ], [ 2.922202, 42.641023 ], [ 2.924142, 42.641559 ], [ 2.926071, 42.642114 ], [ 2.927991, 42.642687 ], [ 2.9299, 42.643279 ], [ 2.931799, 42.643889 ], [ 2.933687, 42.644517 ], [ 2.935563, 42.645163 ], [ 2.937428, 42.645827 ], [ 2.939281, 42.646509 ], [ 2.941122, 42.647209 ], [ 2.942951, 42.647926 ], [ 2.944766, 42.64866 ], [ 2.946568, 42.649412 ], [ 2.948357, 42.650182 ], [ 2.950132, 42.650968 ], [ 2.951893, 42.651771 ], [ 2.95364, 42.652591 ], [ 2.955372, 42.653428 ], [ 2.957089, 42.654281 ], [ 2.958791, 42.655151 ], [ 2.960477, 42.656037 ], [ 2.962148, 42.656939 ], [ 2.963802, 42.657856 ], [ 2.96544, 42.65879 ], [ 2.967062, 42.659739 ], [ 2.968666, 42.660704 ], [ 2.970253, 42.661684 ], [ 2.971823, 42.662679 ], [ 2.973375, 42.66369 ], [ 2.974909, 42.664715 ], [ 2.976424, 42.665754 ], [ 2.977922, 42.666808 ], [ 2.9794, 42.667876 ], [ 2.980859, 42.668959 ], [ 2.982299, 42.670055 ], [ 2.98372, 42.671165 ], [ 2.98512, 42.672288 ], [ 2.986501, 42.673425 ], [ 2.987861, 42.674575 ], [ 2.989201, 42.675738 ], [ 2.990521, 42.676914 ], [ 2.991819, 42.678102 ], [ 2.993096, 42.679302 ], [ 2.994352, 42.680515 ], [ 2.995586, 42.68174 ], [ 2.996798, 42.682976 ], [ 2.997989, 42.684224 ], [ 2.999157, 42.685483 ], [ 3.000303, 42.686753 ], [ 3.0, 42.686667 ], [ 3.0, 42.686667 ], [ 2.929167, 42.875833 ], [ 2.993333, 43.005 ], [ 3.021111, 43.010278 ] ] ] } },
{ "type": "Feature", "properties": { "name": "MONTPELLIER 18", "nameV": "TMA MONTPELLIER 18", "class": "D", "type": "TMA", "lower": "FL075", "lowerM": 2286, "upper": "FL115", "upperM": 3505, "activationCode": "H24", "UId": "23812948", "id": "LFMT18", "stroke": "#ff0000", "stroke-width": 2, "stroke-opacity": 0.8, "fill": "#ff8080", "fill-opacity": 0.3 }, "geometry": { "type": "Polygon", "coordinates": [ [ [ 2.909722, 42.583333 ], [ 2.969722, 42.523611 ], [ 3.058889, 42.535 ], [ 3.130833, 42.518333 ], [ 3.174722, 42.431389 ], [ 3.166667, 42.433333 ], [ 3.158889, 42.442222 ], [ 3.155, 42.443333 ], [ 3.154722, 42.443333 ], [ 3.144722, 42.443611 ], [ 3.143611, 42.443611 ], [ 3.129722, 42.443889 ], [ 3.119167, 42.445 ], [ 3.114167, 42.444722 ], [ 3.108333, 42.444722 ], [ 3.103056, 42.441944 ], [ 3.098333, 42.438611 ], [ 3.097222, 42.436944 ], [ 3.092778, 42.435278 ], [ 3.088333, 42.436111 ], [ 3.083333, 42.436667 ], [ 3.077778, 42.438056 ], [ 3.068056, 42.443889 ], [ 3.065, 42.445 ], [ 3.058056, 42.454167 ], [ 3.054444, 42.455833 ], [ 3.0475, 42.46 ], [ 3.045, 42.461667 ], [ 3.040278, 42.470278 ], [ 3.037222, 42.476667 ], [ 3.034167, 42.483333 ], [ 3.031944, 42.484167 ], [ 3.0275, 42.484167 ], [ 3.020833, 42.481111 ], [ 3.010833, 42.476667 ], [ 3.006667, 42.476944 ], [ 3.003611, 42.477222 ], [ 3.0, 42.479444 ], [ 2.965, 42.471667 ], [ 2.956389, 42.474444 ], [ 2.942778, 42.475 ], [ 2.919444, 42.464444 ], [ 2.9125, 42.463056 ], [ 2.901944, 42.461944 ], [ 2.875833, 42.465 ], [ 2.875833, 42.465 ], [ 2.735556, 42.591111 ], [ 2.909722, 42.583333 ] ] ] } },
{ "type": "Feature", "properties": { "name": "MONTPELLIER 18.20", "nameV": "TMA MONTPELLIER 18.20 Lower(1000FT AGL-5000FT AMSL)", "class": "E", "type": "TMA", "lower": "5000FT AMSL", "lowerMin": "1000FT AGL", "lowerM": 1524, "upper": "FL075", "upperM": 2286, "desc": "Vertical limits - Lower limit: whichever is higher.", "activationCode": "H24", "UId": "52962928", "id": "LFMT18.20", "stroke": "#008040", "stroke-width": 2, "stroke-opacity": 0.8, "fill": "#80ff80", "fill-opacity": 0.2 }, "geometry": { "type": "Polygon", "coordinates": [ [ [ 2.909722, 42.583333 ], [ 2.969722, 42.523611 ], [ 3.058889, 42.535 ], [ 3.130833, 42.518333 ], [ 3.174722, 42.431389 ], [ 3.166667, 42.433333 ], [ 3.158889, 42.442222 ], [ 3.155, 42.443333 ], [ 3.154722, 42.443333 ], [ 3.144722, 42.443611 ], [ 3.143611, 42.443611 ], [ 3.129722, 42.443889 ], [ 3.119167, 42.445 ], [ 3.114167, 42.444722 ], [ 3.108333, 42.444722 ], [ 3.103056, 42.441944 ], [ 3.098333, 42.438611 ], [ 3.097222, 42.436944 ], [ 3.092778, 42.435278 ], [ 3.088333, 42.436111 ], [ 3.083333, 42.436667 ], [ 3.077778, 42.438056 ], [ 3.068056, 42.443889 ], [ 3.065, 42.445 ], [ 3.058056, 42.454167 ], [ 3.054444, 42.455833 ], [ 3.0475, 42.46 ], [ 3.045, 42.461667 ], [ 3.040278, 42.470278 ], [ 3.037222, 42.476667 ], [ 3.034167, 42.483333 ], [ 3.031944, 42.484167 ], [ 3.0275, 42.484167 ], [ 3.020833, 42.481111 ], [ 3.010833, 42.476667 ], [ 3.006667, 42.476944 ], [ 3.003611, 42.477222 ], [ 3.0, 42.479444 ], [ 2.965, 42.471667 ], [ 2.956389, 42.474444 ], [ 2.942778, 42.475 ], [ 2.919444, 42.464444 ], [ 2.9125, 42.463056 ], [ 2.901944, 42.461944 ], [ 2.875833, 42.465 ], [ 2.875833, 42.465 ], [ 2.735556, 42.591111 ], [ 2.909722, 42.583333 ] ] ] } },
{ "type": "Feature", "properties": { "name": "MONTPELLIER 23", "nameV": "TMA MONTPELLIER 23", "class": "D", "type": "TMA", "lower": "FL085", "lowerM": 2590, "upper": "FL115", "upperM": 3505, "activationCode": "H24", "UId": "23813073", "id": "LFMT23", "stroke": "#ff0000", "stroke-width": 2, "stroke-opacity": 0.8, "fill": "#ff8080", "fill-opacity": 0.3 }, "geometry": { "type": "Polygon", "coordinates": [ [ [ 2.708611, 43.55 ], [ 2.838889, 43.55 ], [ 2.915833, 43.319722 ], [ 2.7075, 43.319722 ], [ 2.708611, 43.55 ] ] ] } },
{ "type": "Feature", "properties": { "name": "PROVENCE 10", "nameV": "TMA PROVENCE 10 Lower(1000FT AGL-FL075)", "class": "E", "type": "TMA", "lower": "FL075", "lowerMin": "1000FT AGL", "lowerM": 2286, "upper": "FL115", "upperM": 3505, "desc": "Aispace defined with the exception of LF-R 71 A, B SALON interfering parts when active. Vertical limits-Lower limit: whichever is higher.", "activationCode": "H24", "UId": "1561311", "id": "LFML10", "stroke": "#008040", "stroke-width": 2, "stroke-opacity": 0.8, "fill": "#80ff80", "fill-opacity": 0.2 }, "geometry": { "type": "Polygon", "coordinates": [ [ [ 4.916667, 44.425 ], [ 5.341667, 44.293056 ], [ 5.271944, 44.094444 ], [ 5.365278, 43.871944 ], [ 5.210833, 43.889167 ], [ 5.166667, 43.958333 ], [ 5.040278, 43.995833 ], [ 5.046944, 44.238889 ], [ 5.047147, 44.238643 ], [ 5.045673, 44.239931 ], [ 5.044181, 44.241208 ], [ 5.042671, 44.242474 ], [ 5.041144, 44.24373 ], [ 5.039599, 44.244974 ], [ 5.038036, 44.246207 ], [ 5.036457, 44.247429 ], [ 5.03486, 44.24864 ], [ 5.033247, 44.249839 ], [ 5.031617, 44.251027 ], [ 5.02997, 44.252202 ], [ 5.028307, 44.253366 ], [ 5.026628, 44.254518 ], [ 5.024932, 44.255658 ], [ 5.023221, 44.256786 ], [ 5.021495, 44.257901 ], [ 5.019752, 44.259004 ], [ 5.017994, 44.260095 ], [ 5.016222, 44.261172 ], [ 5.014434, 44.262237 ], [ 5.012631, 44.26329 ], [ 5.010814, 44.264329 ], [ 5.008982, 44.265355 ], [ 5.007136, 44.266368 ], [ 5.005276, 44.267367 ], [ 5.003402, 44.268354 ], [ 5.001514, 44.269326 ], [ 4.999613, 44.270286 ], [ 4.997698, 44.271231 ], [ 4.99577, 44.272163 ], [ 4.99383, 44.273081 ], [ 4.991876, 44.273985 ], [ 4.98991, 44.274875 ], [ 4.987932, 44.275751 ], [ 4.985941, 44.276612 ], [ 4.983939, 44.27746 ], [ 4.981924, 44.278293 ], [ 4.979898, 44.279111 ], [ 4.977861, 44.279915 ], [ 4.975813, 44.280704 ], [ 4.973753, 44.281479 ], [ 4.971683, 44.282238 ], [ 4.969603, 44.282983 ], [ 4.967512, 44.283713 ], [ 4.96541, 44.284428 ], [ 4.963299, 44.285128 ], [ 4.961179, 44.285813 ], [ 4.959048, 44.286482 ], [ 4.956909, 44.287136 ], [ 4.95476, 44.287775 ], [ 4.952603, 44.288399 ], [ 4.950437, 44.289006 ], [ 4.948263, 44.289599 ], [ 4.94608, 44.290175 ], [ 4.943889, 44.290737 ], [ 4.941691, 44.291282 ], [ 4.939485, 44.291811 ], [ 4.939167, 44.291667 ], [ 4.939167, 44.291667 ], [ 4.916667, 44.425 ] ] ] } },
{ "type": "Feature", "properties": { "name": "NICE 1", "nameV": "TMA NICE 1", "class": "C", "type": "TMA", "lower": "3500FT AMSL", "lowerM": 1066, "upper": "FL115", "upperM": 3505, "activationCode": "H24", "UId": "1561105", "id": "LFMN1", "stroke": "#ff0000", "stroke-width": 2, "stroke-opacity": 0.8, "fill": "#ff8080", "fill-opacity": 0.3 }, "geometry": { "type": "Polygon", "coordinates": [ [ [ 7.433333, 43.751667 ], [ 7.433333, 43.608889 ], [ 7.160278, 43.495556 ], [ 7.121667, 43.486111 ], [ 7.1, 43.480833 ], [ 7.1, 43.520833 ], [ 7.053333, 43.538333 ], [ 7.0, 43.642222 ], [ 7.278889, 43.751667 ], [ 7.433333, 43.751667 ] ] ] } },
{ "type": "Feature", "properties": { "name": "NICE 7", "nameV": "TMA NICE 7", "class": "D", "type": "TMA", "lower": "3500FT AMSL", "lowerM": 1066, "upper": "FL115", "upperM": 3505, "desc": "Airspace defined with the exception of the interfering portion with LF-R 95 A/B1/B2 LE LUC, LF-R 64 A1/A2, LF-D 54 N, LF-D 54 NR and part 1.1 of CTA TOULON when they are active.", "activationCode": "H24", "UId": "1561123", "id": "LFMN7", "stroke": "#ff0000", "stroke-width": 2, "stroke-opacity": 0.8, "fill": "#ff8080", "fill-opacity": 0.3 }, "geometry": { "type": "Polygon", "coordinates": [ [ [ 6.371944, 43.328333 ], [ 6.5025, 43.313889 ], [ 6.657222, 43.2975 ], [ 6.7275, 43.289722 ], [ 6.7275, 43.121389 ], [ 6.577778, 43.136111 ], [ 6.55, 43.136667 ], [ 6.487778, 43.1375 ], [ 6.309357821086938, 43.139963304478307 ], [ 6.246480809176302, 43.140831373362616 ], [ 6.371944, 43.328333 ] ] ] } },
{ "type": "Feature", "properties": { "name": "NICE 14", "nameV": "TMA NICE 14", "class": "D", "type": "TMA", "lower": "700FT AMSL", "lowerM": 213, "upper": "3500FT AMSL", "upperM": 1066, "activationCode": "H24", "UId": "47052218", "id": "LFMN14", "stroke": "#ff0000", "stroke-width": 2, "stroke-opacity": 0.8, "fill": "#ff8080", "fill-opacity": 0.3 }, "geometry": { "type": "Polygon", "coordinates": [ [ [ 7.077222, 43.561667 ], [ 7.077166, 43.561664 ], [ 7.078089, 43.562579 ], [ 7.079103, 43.563442 ], [ 7.080202, 43.564248 ], [ 7.08138, 43.564993 ], [ 7.082631, 43.565673 ], [ 7.083947, 43.566285 ], [ 7.085322, 43.566825 ], [ 7.086749, 43.567289 ], [ 7.088218, 43.567677 ], [ 7.089724, 43.567984 ], [ 7.091256, 43.568211 ], [ 7.092807, 43.568355 ], [ 7.094369, 43.568415 ], [ 7.095933, 43.568392 ], [ 7.09749, 43.568286 ], [ 7.099032, 43.568097 ], [ 7.10055, 43.567825 ], [ 7.102037, 43.567474 ], [ 7.103484, 43.567044 ], [ 7.104883, 43.566538 ], [ 7.106227, 43.565958 ], [ 7.107508, 43.565308 ], [ 7.10872, 43.564592 ], [ 7.109855, 43.563813 ], [ 7.110908, 43.562975 ], [ 7.111873, 43.562083 ], [ 7.112745, 43.561142 ], [ 7.113518, 43.560157 ], [ 7.114189, 43.559134 ], [ 7.114754, 43.558077 ], [ 7.115211, 43.556993 ], [ 7.115555, 43.555888 ], [ 7.115786, 43.554767 ], [ 7.115903, 43.553637 ], [ 7.115904, 43.552504 ], [ 7.11579, 43.551374 ], [ 7.115562, 43.550253 ], [ 7.11522, 43.549147 ], [ 7.114766, 43.548063 ], [ 7.114722, 43.548056 ], [ 7.114722, 43.548056 ], [ 7.121944, 43.526111 ], [ 7.121667, 43.486111 ], [ 7.1, 43.480833 ], [ 7.1, 43.520833 ], [ 7.053333, 43.538333 ], [ 7.077222, 43.561667 ] ] ] } },
{ "type": "Feature", "properties": { "name": "PROVENCE 20", "nameV": "TMA PROVENCE 20", "class": "D", "type": "TMA", "lower": "FL055", "lowerM": 1676, "upper": "FL115", "upperM": 3505, "desc": "Airspace defined except parts interfering with CTA SALON part 2, LF-R 71 A, D, C, E SALON and LF-R 276 PATROUILLE DE FRANCE, when active.", "activationCode": "H24", "UId": "52923907", "id": "LFML20", "stroke": "#ff0000", "stroke-width": 2, "stroke-opacity": 0.8, "fill": "#ff8080", "fill-opacity": 0.3 }, "geometry": { "type": "Polygon", "coordinates": [ [ [ 5.296667, 43.645 ], [ 5.442778, 43.680833 ], [ 5.457531, 43.642592 ], [ 5.558333, 43.536944 ], [ 5.371944, 43.572222 ], [ 5.336389, 43.562222 ], [ 5.325, 43.563889 ], [ 5.296667, 43.645 ] ] ] } },
{ "type": "Feature", "properties": { "name": "MONTPELLIER 1", "nameV": "TMA MONTPELLIER 1", "class": "D", "type": "TMA", "lower": "1500FT AMSL", "lowerM": 457, "upper": "FL115", "upperM": 3505, "desc": "Portions of this airspace coexist with LF- R 108 E1, 108 E2 and 108 C ISTRES, whose entry conditions are stated in part ENR 5.1.", "activationCode": "H24", "UId": "1561081", "id": "LFMT1", "stroke": "#ff0000", "stroke-width": 2, "stroke-opacity": 0.8, "fill": "#ff8080", "fill-opacity": 0.3 }, "geometry": { "type": "Polygon", "coordinates": [ [ [ 3.844167, 43.483889 ], [ 3.843762, 43.483923 ], [ 3.83916, 43.487232 ], [ 3.834721, 43.490656 ], [ 3.830451, 43.494191 ], [ 3.826354, 43.497834 ], [ 3.822436, 43.501578 ], [ 3.818702, 43.50542 ], [ 3.815156, 43.509355 ], [ 3.811803, 43.513379 ], [ 3.808647, 43.517485 ], [ 3.805692, 43.521669 ], [ 3.802942, 43.525926 ], [ 3.8004, 43.53025 ], [ 3.798069, 43.534637 ], [ 3.795952, 43.53908 ], [ 3.794053, 43.543575 ], [ 3.792372, 43.548115 ], [ 3.790913, 43.552696 ], [ 3.789678, 43.557311 ], [ 3.788667, 43.561954 ], [ 3.787882, 43.566621 ], [ 3.787325, 43.571304 ], [ 3.786995, 43.575999 ], [ 3.786894, 43.580699 ], [ 3.787022, 43.585399 ], [ 3.787378, 43.590093 ], [ 3.787962, 43.594775 ], [ 3.788774, 43.599439 ], [ 3.789812, 43.604079 ], [ 3.791075, 43.60869 ], [ 3.792562, 43.613266 ], [ 3.794271, 43.617801 ], [ 3.7962, 43.62229 ], [ 3.798346, 43.626727 ], [ 3.800708, 43.631106 ], [ 3.803281, 43.635422 ], [ 3.806063, 43.63967 ], [ 3.80905, 43.643844 ], [ 3.812239, 43.64794 ], [ 3.815626, 43.651951 ], [ 3.819207, 43.655874 ], [ 3.822977, 43.659703 ], [ 3.826931, 43.663433 ], [ 3.831065, 43.66706 ], [ 3.835374, 43.670579 ], [ 3.839851, 43.673986 ], [ 3.844493, 43.677277 ], [ 3.849292, 43.680448 ], [ 3.854243, 43.683494 ], [ 3.85934, 43.686411 ], [ 3.864577, 43.689197 ], [ 3.869946, 43.691848 ], [ 3.875442, 43.694359 ], [ 3.881056, 43.696729 ], [ 3.886784, 43.698955 ], [ 3.892616, 43.701032 ], [ 3.898547, 43.70296 ], [ 3.904568, 43.704735 ], [ 3.910672, 43.706356 ], [ 3.916852, 43.707819 ], [ 3.9231, 43.709124 ], [ 3.929407, 43.710269 ], [ 3.935767, 43.711253 ], [ 3.94217, 43.712073 ], [ 3.94861, 43.712729 ], [ 3.955078, 43.713221 ], [ 3.961566, 43.713548 ], [ 3.968066, 43.713708 ], [ 3.97457, 43.713703 ], [ 3.981069, 43.713532 ], [ 3.987556, 43.713195 ], [ 3.994022, 43.712693 ], [ 4.00046, 43.712026 ], [ 4.006861, 43.711195 ], [ 4.013218, 43.710201 ], [ 4.019522, 43.709046 ], [ 4.025765, 43.707731 ], [ 4.03194, 43.706257 ], [ 4.038039, 43.704627 ], [ 4.044055, 43.702842 ], [ 4.04998, 43.700905 ], [ 4.055806, 43.698818 ], [ 4.061526, 43.696583 ], [ 4.067134, 43.694204 ], [ 4.072621, 43.691683 ], [ 4.077982, 43.689024 ], [ 4.08321, 43.68623 ], [ 4.088298, 43.683304 ], [ 4.09324, 43.68025 ], [ 4.098029, 43.677072 ], [ 4.10266, 43.673773 ], [ 4.107127, 43.670359 ], [ 4.111425, 43.666832 ], [ 4.111111, 43.666944 ], [ 4.111111, 43.666944 ], [ 4.308333, 43.5 ], [ 4.166667, 43.35 ], [ 4.033333, 43.35 ], [ 3.844167, 43.483889 ] ] ] } },
{ "type": "Feature", "properties": { "name": "MONTPELLIER 15", "nameV": "TMA MONTPELLIER 15 Lower(1000FT AGL-2000FT AMSL)", "class": "D", "type": "TMA", "lower": "2000FT AMSL", "lowerMin": "1000FT AGL", "lowerM": 609, "upper": "FL115", "upperM": 3505, "desc": "Airspace defined except for part interfering with LF-R 89 OPOUL area when active. Vertical limits - Lower limit: whichever is higher. ", "activationCode": "H24", "UId": "23812893", "id": "LFMT15", "stroke": "#ff0000", "stroke-width": 2, "stroke-opacity": 0.8, "fill": "#ff8080", "fill-opacity": 0.3 }, "geometry": { "type": "Polygon", "coordinates": [ [ [ 2.960278, 42.938333 ], [ 2.929167, 42.875833 ], [ 3.0, 42.686667 ], [ 3.000303, 42.686753 ], [ 2.999157, 42.685483 ], [ 2.997989, 42.684224 ], [ 2.996798, 42.682976 ], [ 2.995586, 42.68174 ], [ 2.994352, 42.680515 ], [ 2.993096, 42.679302 ], [ 2.991819, 42.678102 ], [ 2.990521, 42.676914 ], [ 2.989201, 42.675738 ], [ 2.987861, 42.674575 ], [ 2.986501, 42.673425 ], [ 2.98512, 42.672288 ], [ 2.98372, 42.671165 ], [ 2.982299, 42.670055 ], [ 2.980859, 42.668959 ], [ 2.9794, 42.667876 ], [ 2.977922, 42.666808 ], [ 2.976424, 42.665754 ], [ 2.974909, 42.664715 ], [ 2.973375, 42.66369 ], [ 2.971823, 42.662679 ], [ 2.970253, 42.661684 ], [ 2.968666, 42.660704 ], [ 2.967062, 42.659739 ], [ 2.96544, 42.65879 ], [ 2.963802, 42.657856 ], [ 2.962148, 42.656939 ], [ 2.960477, 42.656037 ], [ 2.958791, 42.655151 ], [ 2.957089, 42.654281 ], [ 2.955372, 42.653428 ], [ 2.95364, 42.652591 ], [ 2.951893, 42.651771 ], [ 2.950132, 42.650968 ], [ 2.948357, 42.650182 ], [ 2.946568, 42.649412 ], [ 2.944766, 42.64866 ], [ 2.942951, 42.647926 ], [ 2.941122, 42.647209 ], [ 2.939281, 42.646509 ], [ 2.937428, 42.645827 ], [ 2.935563, 42.645163 ], [ 2.933687, 42.644517 ], [ 2.931799, 42.643889 ], [ 2.9299, 42.643279 ], [ 2.927991, 42.642687 ], [ 2.926071, 42.642114 ], [ 2.924142, 42.641559 ], [ 2.922202, 42.641023 ], [ 2.920254, 42.640505 ], [ 2.918296, 42.640006 ], [ 2.91633, 42.639526 ], [ 2.914355, 42.639064 ], [ 2.912372, 42.638622 ], [ 2.910382, 42.638199 ], [ 2.908385, 42.637795 ], [ 2.90638, 42.63741 ], [ 2.904369, 42.637044 ], [ 2.902351, 42.636697 ], [ 2.900328, 42.63637 ], [ 2.898299, 42.636063 ], [ 2.896265, 42.635775 ], [ 2.894225, 42.635506 ], [ 2.892181, 42.635257 ], [ 2.890133, 42.635027 ], [ 2.888082, 42.634818 ], [ 2.886026, 42.634628 ], [ 2.883967, 42.634457 ], [ 2.881906, 42.634306 ], [ 2.879842, 42.634176 ], [ 2.877776, 42.634065 ], [ 2.875708, 42.633973 ], [ 2.873639, 42.633902 ], [ 2.871568, 42.63385 ], [ 2.869497, 42.633819 ], [ 2.867425, 42.633807 ], [ 2.865354, 42.633815 ], [ 2.863283, 42.633842 ], [ 2.861212, 42.63389 ], [ 2.859142, 42.633958 ], [ 2.859167, 42.633889 ], [ 2.859167, 42.633889 ], [ 2.680556, 42.845 ], [ 2.680076, 42.8449 ], [ 2.680724, 42.845589 ], [ 2.681377, 42.846277 ], [ 2.682035, 42.846961 ], [ 2.682697, 42.847644 ], [ 2.683364, 42.848324 ], [ 2.684036, 42.849001 ], [ 2.684712, 42.849676 ], [ 2.685393, 42.850348 ], [ 2.686078, 42.851018 ], [ 2.686769, 42.851686 ], [ 2.687463, 42.85235 ], [ 2.688163, 42.853013 ], [ 2.688866, 42.853672 ], [ 2.689575, 42.854329 ], [ 2.690288, 42.854984 ], [ 2.691005, 42.855635 ], [ 2.691727, 42.856284 ], [ 2.692453, 42.856931 ], [ 2.693184, 42.857575 ], [ 2.693919, 42.858216 ], [ 2.694658, 42.858854 ], [ 2.695402, 42.85949 ], [ 2.696151, 42.860122 ], [ 2.696903, 42.860752 ], [ 2.69766, 42.86138 ], [ 2.698422, 42.862004 ], [ 2.699187, 42.862626 ], [ 2.699957, 42.863245 ], [ 2.700731, 42.863861 ], [ 2.701509, 42.864474 ], [ 2.702292, 42.865084 ], [ 2.703078, 42.865691 ], [ 2.703869, 42.866296 ], [ 2.704664, 42.866897 ], [ 2.705464, 42.867496 ], [ 2.706267, 42.868091 ], [ 2.707074, 42.868684 ], [ 2.707886, 42.869274 ], [ 2.708701, 42.86986 ], [ 2.709521, 42.870444 ], [ 2.710344, 42.871024 ], [ 2.711172, 42.871602 ], [ 2.712003, 42.872176 ], [ 2.712839, 42.872748 ], [ 2.713678, 42.873316 ], [ 2.714521, 42.873881 ], [ 2.715368, 42.874443 ], [ 2.716219, 42.875002 ], [ 2.717074, 42.875558 ], [ 2.717933, 42.876111 ], [ 2.718795, 42.87666 ], [ 2.719661, 42.877206 ], [ 2.720531, 42.877749 ], [ 2.721405, 42.878289 ], [ 2.722282, 42.878826 ], [ 2.723163, 42.879359 ], [ 2.724048, 42.879889 ], [ 2.724444, 42.88 ], [ 2.724444, 42.88 ], [ 2.699722, 42.908056 ], [ 2.699334, 42.90785 ], [ 2.702547, 42.909668 ], [ 2.705797, 42.911451 ], [ 2.709082, 42.913197 ], [ 2.712404, 42.914908 ], [ 2.715759, 42.916582 ], [ 2.719149, 42.918219 ], [ 2.722572, 42.919819 ], [ 2.726027, 42.921381 ], [ 2.729513, 42.922906 ], [ 2.73303, 42.924392 ], [ 2.736578, 42.92584 ], [ 2.740154, 42.927248 ], [ 2.743759, 42.928617 ], [ 2.747392, 42.929947 ], [ 2.751051, 42.931237 ], [ 2.754736, 42.932487 ], [ 2.758447, 42.933696 ], [ 2.762181, 42.934865 ], [ 2.76594, 42.935993 ], [ 2.76972, 42.937079 ], [ 2.773523, 42.938124 ], [ 2.777347, 42.939128 ], [ 2.78119, 42.940089 ], [ 2.785053, 42.941009 ], [ 2.788935, 42.941886 ], [ 2.792834, 42.94272 ], [ 2.796749, 42.943512 ], [ 2.80068, 42.944261 ], [ 2.804627, 42.944967 ], [ 2.808587, 42.945629 ], [ 2.81256, 42.946248 ], [ 2.816545, 42.946824 ], [ 2.820542, 42.947356 ], [ 2.824549, 42.947845 ], [ 2.828566, 42.948289 ], [ 2.832592, 42.94869 ], [ 2.836625, 42.949046 ], [ 2.840665, 42.949359 ], [ 2.844711, 42.949627 ], [ 2.848762, 42.949851 ], [ 2.852817, 42.950031 ], [ 2.856876, 42.950166 ], [ 2.860936, 42.950257 ], [ 2.864998, 42.950303 ], [ 2.869061, 42.950305 ], [ 2.873123, 42.950263 ], [ 2.877184, 42.950176 ], [ 2.881243, 42.950045 ], [ 2.885298, 42.94987 ], [ 2.88935, 42.94965 ], [ 2.893396, 42.949386 ], [ 2.897437, 42.949078 ], [ 2.901471, 42.948725 ], [ 2.905497, 42.948329 ], [ 2.909515, 42.947889 ], [ 2.913523, 42.947404 ], [ 2.917521, 42.946876 ], [ 2.921507, 42.946305 ], [ 2.925482, 42.94569 ], [ 2.929443, 42.945031 ], [ 2.933391, 42.944329 ], [ 2.937324, 42.943585 ], [ 2.941241, 42.942797 ], [ 2.945141, 42.941966 ], [ 2.949024, 42.941093 ], [ 2.952889, 42.940178 ], [ 2.956734, 42.939221 ], [ 2.96056, 42.938221 ], [ 2.960278, 42.938333 ] ] ] } },
{ "type": "Feature", "properties": { "name": "CHAMBERY 2", "nameV": "TMA CHAMBERY 2 Lower(1000FT AGL-5500FT AMSL)", "class": "D", "type": "TMA", "lower": "5500FT AMSL", "lowerMin": "1000FT AGL", "lowerM": 1676, "upper": "FL095", "upperM": 2895, "desc": "Outside CHAMBERY APP SKED, lower limit raised to 6000 ft AMSL and TMA controlled by LYON APP. Downgrading to class E: - from the 2nd Monday of April to the 2nd Friday of December. - outside this period, and with the exception of the French Christmas holidays: from Monday 1100 UTC to Thursday 2359 UTC.", "activationCode": "H24", "UId": "1560925", "id": "LFLB2", "stroke": "#ff0000", "stroke-width": 2, "stroke-opacity": 0.8, "fill": "#ff8080", "fill-opacity": 0.3 }, "geometry": { "type": "Polygon", "coordinates": [ [ [ 5.600278, 45.975278 ], [ 5.599763, 45.975314 ], [ 5.601739, 45.973008 ], [ 5.603774, 45.970726 ], [ 5.605867, 45.96847 ], [ 5.608018, 45.96624 ], [ 5.610225, 45.964037 ], [ 5.612489, 45.961862 ], [ 5.614807, 45.959716 ], [ 5.617181, 45.957598 ], [ 5.619608, 45.95551 ], [ 5.622089, 45.953453 ], [ 5.624622, 45.951427 ], [ 5.627206, 45.949433 ], [ 5.629841, 45.947471 ], [ 5.632526, 45.945542 ], [ 5.63526, 45.943646 ], [ 5.638042, 45.941785 ], [ 5.640871, 45.939959 ], [ 5.643747, 45.938168 ], [ 5.646668, 45.936412 ], [ 5.649633, 45.934694 ], [ 5.652642, 45.933012 ], [ 5.655693, 45.931369 ], [ 5.658786, 45.929763 ], [ 5.66192, 45.928196 ], [ 5.665093, 45.926668 ], [ 5.668305, 45.925179 ], [ 5.671554, 45.923731 ], [ 5.67484, 45.922323 ], [ 5.678161, 45.920956 ], [ 5.681517, 45.919631 ], [ 5.684906, 45.918347 ], [ 5.688328, 45.917106 ], [ 5.69178, 45.915908 ], [ 5.695263, 45.914752 ], [ 5.698775, 45.91364 ], [ 5.702314, 45.912571 ], [ 5.705881, 45.911547 ], [ 5.709473, 45.910567 ], [ 5.713089, 45.909631 ], [ 5.716729, 45.908741 ], [ 5.720391, 45.907896 ], [ 5.724074, 45.907097 ], [ 5.727777, 45.906343 ], [ 5.731498, 45.905636 ], [ 5.735237, 45.904974 ], [ 5.738993, 45.90436 ], [ 5.742763, 45.903791 ], [ 5.746547, 45.90327 ], [ 5.750344, 45.902796 ], [ 5.754153, 45.902369 ], [ 5.757972, 45.901989 ], [ 5.758056, 45.901944 ], [ 5.758056, 45.901944 ], [ 5.746389, 45.727222 ], [ 5.775, 45.490278 ], [ 5.717778, 45.490278 ], [ 5.528056, 45.581667 ], [ 5.450556, 45.856111 ], [ 5.485556, 45.916667 ], [ 5.600278, 45.975278 ] ] ] } },
{ "type": "Feature", "properties": { "name": "PROVENCE 5.1", "nameV": "TMA PROVENCE 5.1", "class": "D", "type": "TMA", "lower": "3500FT AMSL", "lowerM": 1066, "upper": "4500FT AMSL", "upperM": 1371, "desc": "Airspace defined except parts interfering with CTA RHONE part 1 and LF-R 217/1 RHONE, LF-R 108 A F2 and A F3 ISTRES when active. LF-P 41 ISTRES: entry prohibited. Exception: see AIP ENR 5.1 paragraph 1.2.2.", "activationCode": "H24", "UId": "1564931", "id": "LFML5.1", "stroke": "#ff0000", "stroke-width": 2, "stroke-opacity": 0.8, "fill": "#ff8080", "fill-opacity": 0.3 }, "geometry": { "type": "Polygon", "coordinates": [ [ [ 4.787778, 43.710278 ], [ 5.003333, 43.571389 ], [ 5.003652, 43.571396 ], [ 5.004888, 43.570346 ], [ 5.0061, 43.569281 ], [ 5.007288, 43.568201 ], [ 5.008451, 43.567108 ], [ 5.009588, 43.566 ], [ 5.010701, 43.564879 ], [ 5.011787, 43.563745 ], [ 5.012847, 43.562598 ], [ 5.013881, 43.561439 ], [ 5.014889, 43.560267 ], [ 5.015869, 43.559083 ], [ 5.016822, 43.557888 ], [ 5.017748, 43.556681 ], [ 5.018646, 43.555464 ], [ 5.019516, 43.554236 ], [ 5.020358, 43.552997 ], [ 5.021172, 43.551749 ], [ 5.021957, 43.550491 ], [ 5.022713, 43.549224 ], [ 5.02344, 43.547948 ], [ 5.024138, 43.546664 ], [ 5.024806, 43.545371 ], [ 5.025445, 43.54407 ], [ 5.026054, 43.542762 ], [ 5.026633, 43.541447 ], [ 5.027182, 43.540125 ], [ 5.027701, 43.538797 ], [ 5.028189, 43.537463 ], [ 5.028647, 43.536123 ], [ 5.029074, 43.534777 ], [ 5.029471, 43.533427 ], [ 5.029836, 43.532072 ], [ 5.030171, 43.530713 ], [ 5.030475, 43.52935 ], [ 5.030747, 43.527984 ], [ 5.030988, 43.526614 ], [ 5.031198, 43.525242 ], [ 5.031377, 43.523868 ], [ 5.031524, 43.522491 ], [ 5.03164, 43.521113 ], [ 5.031724, 43.519734 ], [ 5.031777, 43.518354 ], [ 5.031798, 43.516974 ], [ 5.031788, 43.515593 ], [ 5.031747, 43.514213 ], [ 5.031674, 43.512834 ], [ 5.031569, 43.511455 ], [ 5.031433, 43.510078 ], [ 5.031266, 43.508703 ], [ 5.031068, 43.50733 ], [ 5.030838, 43.505959 ], [ 5.030577, 43.504592 ], [ 5.030285, 43.503228 ], [ 5.029962, 43.501867 ], [ 5.029608, 43.500511 ], [ 5.029223, 43.499159 ], [ 5.028807, 43.497812 ], [ 5.028611, 43.497778 ], [ 5.028611, 43.497778 ], [ 5.025278, 43.484167 ], [ 5.025788, 43.484236 ], [ 5.025042, 43.48286 ], [ 5.024279, 43.481488 ], [ 5.023499, 43.480121 ], [ 5.022703, 43.478759 ], [ 5.02189, 43.477402 ], [ 5.02106, 43.476051 ], [ 5.020214, 43.474705 ], [ 5.019352, 43.473364 ], [ 5.018474, 43.472029 ], [ 5.017579, 43.4707 ], [ 5.016668, 43.469376 ], [ 5.015741, 43.468059 ], [ 5.014798, 43.466747 ], [ 5.013839, 43.465442 ], [ 5.012864, 43.464143 ], [ 5.011874, 43.46285 ], [ 5.010867, 43.461563 ], [ 5.009845, 43.460283 ], [ 5.008808, 43.45901 ], [ 5.007755, 43.457743 ], [ 5.006686, 43.456483 ], [ 5.005603, 43.45523 ], [ 5.004504, 43.453984 ], [ 5.00339, 43.452746 ], [ 5.002261, 43.451514 ], [ 5.001117, 43.45029 ], [ 4.999958, 43.449073 ], [ 4.998785, 43.447863 ], [ 4.997597, 43.446662 ], [ 4.996394, 43.445467 ], [ 4.995176, 43.444281 ], [ 4.993945, 43.443102 ], [ 4.992699, 43.441932 ], [ 4.991439, 43.440769 ], [ 4.990164, 43.439615 ], [ 4.988876, 43.438469 ], [ 4.987574, 43.437331 ], [ 4.986258, 43.436202 ], [ 4.984928, 43.435081 ], [ 4.983585, 43.433968 ], [ 4.982229, 43.432865 ], [ 4.980859, 43.43177 ], [ 4.979475, 43.430684 ], [ 4.978079, 43.429607 ], [ 4.976669, 43.428539 ], [ 4.975247, 43.42748 ], [ 4.973812, 43.42643 ], [ 4.972364, 43.425389 ], [ 4.970903, 43.424358 ], [ 4.96943, 43.423336 ], [ 4.967945, 43.422324 ], [ 4.966447, 43.421321 ], [ 4.964938, 43.420328 ], [ 4.963416, 43.419345 ], [ 4.961882, 43.418371 ], [ 4.960337, 43.417408 ], [ 4.95878, 43.416454 ], [ 4.958333, 43.416389 ], [ 4.958333, 43.416389 ], [ 4.95, 43.411944 ], [ 4.938611, 43.433056 ], [ 4.787778, 43.710278 ] ] ] } },
{ "type": "Feature", "properties": { "name": "AJACCIO 5", "nameV": "TMA AJACCIO 5 Lower(1000FT AGL-FL085)", "class": "E", "type": "TMA", "lower": "FL085", "lowerMin": "1000FT AGL", "lowerM": 2590, "upper": "FL115", "upperM": 3505, "desc": "Except for part interfering with LF-R 65 when active.", "activationCode": "H24", "UId": "1565025", "id": "LFKJ5", "stroke": "#008040", "stroke-width": 2, "stroke-opacity": 0.8, "fill": "#80ff80", "fill-opacity": 0.2 }, "geometry": { "type": "Polygon", "coordinates": [ [ [ 8.691667, 42.266667 ], [ 8.991667, 42.2325 ], [ 9.2075, 41.999167 ], [ 9.393889, 41.933333 ], [ 9.4025, 41.749444 ], [ 9.345278, 41.751389 ], [ 9.208333, 41.666667 ], [ 8.852222, 41.768056 ], [ 8.916667, 42.0 ], [ 8.816667, 42.0 ], [ 8.830556, 42.124167 ], [ 8.691667, 42.266667 ] ] ] } },
{ "type": "Feature", "properties": { "name": "CLERMONT 2", "nameV": "TMA CLERMONT 2", "class": "D", "type": "TMA", "lower": "5500FT AMSL", "lowerM": 1676, "upper": "FL115", "upperM": 3505, "desc": "Lower limit FL 065 within VIC part 2.1 lateral limits. Lower limit FL 110 within CHAMPEIX part 2.2 lateral limits. Lower limit FL 085 within ORCINES part 2.3 lateral limits. ", "activationCode": "H24", "UId": "1560933", "id": "LFLC2", "stroke": "#ff0000", "stroke-width": 2, "stroke-opacity": 0.8, "fill": "#ff8080", "fill-opacity": 0.3 }, "geometry": { "type": "Polygon", "coordinates": [ [ [ 3.633333, 46.2 ], [ 3.683333, 46.104444 ], [ 3.737778, 46.0 ], [ 3.898056, 45.969444 ], [ 4.0, 45.783333 ], [ 3.616667, 45.630556 ], [ 3.443611, 45.560833 ], [ 3.253889, 45.541389 ], [ 3.006389, 45.515556 ], [ 3.002778, 45.599722 ], [ 2.995833, 45.737222 ], [ 2.993333, 45.789167 ], [ 2.99, 45.812222 ], [ 2.936389, 46.177778 ], [ 3.633333, 46.2 ] ] ] } },
{ "type": "Feature", "properties": { "name": "CLERMONT 2.20", "nameV": "TMA CLERMONT 2.20 Lower(1000FT AGL-2700FT AMSL)", "class": "E", "type": "TMA", "lower": "2700FT AMSL", "lowerMin": "1000FT AGL", "lowerM": 822, "upper": "5500FT AMSL", "upperM": 1676, "desc": "Except for TMA CLERMONT part 1. Lower limit FL 065 within VIC part 2.1 lateral limits. Lower limit FL 110 within CHAMPEIX part 2.2 lateral limits. Lower limit FL 085 within ORCINES part 2.3 lateral limits.", "activationCode": "H24", "UId": "52962842", "id": "LFLC2.20", "stroke": "#008040", "stroke-width": 2, "stroke-opacity": 0.8, "fill": "#80ff80", "fill-opacity": 0.2 }, "geometry": { "type": "Polygon", "coordinates": [ [ [ 3.633333, 46.2 ], [ 3.683333, 46.104444 ], [ 3.737778, 46.0 ], [ 3.898056, 45.969444 ], [ 4.0, 45.783333 ], [ 3.616667, 45.630556 ], [ 3.443611, 45.560833 ], [ 3.253889, 45.541389 ], [ 3.006389, 45.515556 ], [ 3.002778, 45.599722 ], [ 2.995833, 45.737222 ], [ 2.993333, 45.789167 ], [ 2.99, 45.812222 ], [ 2.936389, 46.177778 ], [ 3.633333, 46.2 ] ] ] } },
{ "type": "Feature", "properties": { "name": "CLERMONT 3", "nameV": "TMA CLERMONT 3", "class": "E", "type": "TMA", "lower": "1000FT AGL", "ordinalLowerM": 304, "lowerM": 304, "upper": "FL115", "upperM": 3505, "groundEstimatedHeight": [ 0, 0, 0, 0 ], "activationCode": "H24", "UId": "1560953", "id": "LFLC3", "stroke": "#008040", "stroke-width": 2, "stroke-opacity": 0.8, "fill": "#80ff80", "fill-opacity": 0.2 }, "geometry": { "type": "Polygon", "coordinates": [ [ [ 3.683333, 46.104444 ], [ 3.853889, 46.05 ], [ 3.898056, 45.969444 ], [ 3.737778, 46.0 ], [ 3.683333, 46.104444 ] ] ] } },
{ "type": "Feature", "properties": { "name": "CLERMONT 4", "nameV": "TMA CLERMONT 4", "class": "D", "type": "TMA", "lower": "FL085", "lowerM": 2590, "upper": "FL115", "upperM": 3505, "desc": "Lower limit FL 095 within JOB part 4.1 lateral limits. Lower limit FL 110 within ONDE part 4.2. lateral limits.", "activationCode": "H24", "UId": "1560957", "id": "LFLC4", "stroke": "#ff0000", "stroke-width": 2, "stroke-opacity": 0.8, "fill": "#ff8080", "fill-opacity": 0.3 }, "geometry": { "type": "Polygon", "coordinates": [ [ [ 4.0, 45.783333 ], [ 4.108889, 45.581667 ], [ 3.665, 45.437222 ], [ 3.309167, 45.319722 ], [ 3.021111, 45.223333 ], [ 3.006389, 45.515556 ], [ 3.253889, 45.541389 ], [ 3.443611, 45.560833 ], [ 3.616667, 45.630556 ], [ 4.0, 45.783333 ] ] ] } },
{ "type": "Feature", "properties": { "name": "CLERMONT 4.20", "nameV": "TMA CLERMONT 4.20 Lower(1000FT AGL-FL065)", "class": "E", "type": "TMA", "lower": "FL065", "lowerMin": "1000FT AGL", "lowerM": 1981, "upper": "FL085", "upperM": 2590, "desc": "Lower limit FL 095 within JOB part 4.1 lateral limits. Lower limit FL 110 within ONDE part 4.2. lateral limits.", "activationCode": "H24", "UId": "52962856", "id": "LFLC4.20", "stroke": "#008040", "stroke-width": 2, "stroke-opacity": 0.8, "fill": "#80ff80", "fill-opacity": 0.2 }, "geometry": { "type": "Polygon", "coordinates": [ [ [ 4.0, 45.783333 ], [ 4.108889, 45.581667 ], [ 3.665, 45.437222 ], [ 3.309167, 45.319722 ], [ 3.021111, 45.223333 ], [ 3.006389, 45.515556 ], [ 3.253889, 45.541389 ], [ 3.443611, 45.560833 ], [ 3.616667, 45.630556 ], [ 4.0, 45.783333 ] ] ] } },
{ "type": "Feature", "properties": { "name": "CLERMONT 5", "nameV": "TMA CLERMONT 5", "class": "D", "type": "TMA", "lower": "FL085", "lowerM": 2590, "upper": "FL115", "upperM": 3505, "desc": "Except for the volume of TMA 5.1 PUY DE DOME. Except for LF-R 68 B and LF-R 368 E1 when active.", "activationCode": "H24", "UId": "1560969", "id": "LFLC5", "stroke": "#ff0000", "stroke-width": 2, "stroke-opacity": 0.8, "fill": "#ff8080", "fill-opacity": 0.3 }, "geometry": { "type": "Polygon", "coordinates": [ [ [ 2.927778, 46.255556 ], [ 2.936389, 46.177778 ], [ 2.99, 45.812222 ], [ 2.993333, 45.789167 ], [ 2.995833, 45.737222 ], [ 3.002778, 45.599722 ], [ 3.006389, 45.515556 ], [ 3.021111, 45.223333 ], [ 2.604722, 45.166667 ], [ 2.5, 45.166667 ], [ 2.5, 45.608611 ], [ 2.5, 45.870556 ], [ 2.5, 46.229444 ], [ 2.588889, 46.259722 ], [ 2.927778, 46.255556 ] ] ] } },
{ "type": "Feature", "properties": { "name": "BASTIA 3", "nameV": "TMA BASTIA 3 Lower(1000FT AGL-5000FT AMSL)", "class": "E", "type": "TMA", "lower": "5000FT AMSL", "lowerMin": "1000FT AGL", "lowerM": 1524, "upper": "FL115", "upperM": 3505, "desc": "Except for LF-R 223 when active.", "activationCode": "H24", "UId": "1560885", "id": "LFKB3", "stroke": "#008040", "stroke-width": 2, "stroke-opacity": 0.8, "fill": "#80ff80", "fill-opacity": 0.2 }, "geometry": { "type": "Polygon", "coordinates": [ [ [ 8.916667, 43.404167 ], [ 9.175833, 43.331667 ], [ 9.191667, 43.143333 ], [ 9.4, 43.038889 ], [ 9.4, 42.872222 ], [ 9.419444, 42.7875 ], [ 9.4, 42.751111 ], [ 9.4, 42.333333 ], [ 9.333333, 42.333333 ], [ 9.0, 42.638889 ], [ 9.0, 43.0 ], [ 8.875, 43.016667 ], [ 8.916667, 43.404167 ] ] ] } },
{ "type": "Feature", "properties": { "name": "BASTIA 5", "nameV": "TMA BASTIA 5 Lower(1000FT AGL-2000FT AMSL)", "class": "E", "type": "TMA", "lower": "2000FT AMSL", "lowerMin": "1000FT AGL", "lowerM": 609, "upper": "FL115", "upperM": 3505, "desc": "Except for TMA 6. TA 5000 ft AMSL specific to aircraft using procedure published for CALVI airport. Airspace defined except for the interfering part of LF-R 282 CAMPANELLA when active.", "activationCode": "H24", "UId": "1566405", "id": "LFKB5", "stroke": "#008040", "stroke-width": 2, "stroke-opacity": 0.8, "fill": "#80ff80", "fill-opacity": 0.2 }, "geometry": { "type": "Polygon", "coordinates": [ [ [ 8.491667, 43.066667 ], [ 8.875, 43.016667 ], [ 9.0, 43.0 ], [ 9.0, 42.638889 ], [ 9.0, 42.358333 ], [ 8.5, 42.358333 ], [ 8.491667, 43.066667 ] ] ] } },
{ "type": "Feature", "properties": { "name": "BASTIA 7", "nameV": "TMA BASTIA 7", "class": "D", "type": "TMA", "lower": "3000FT AGL", "ordinalLowerM": 914, "lowerM": 914, "upper": "FL115", "upperM": 3505, "groundEstimatedHeight": [ 0, 0, 0, 0 ], "desc": "Downgrading to class E following protocol announced by BASTIA ATIS. Except for LF-R 65 and R 66 SOLENZARA when active. Sections of the TMA are shared with LF-D 67, whose entry requirements are specified in part ENR 5.1.", "activationCode": "H24", "UId": "32512534", "id": "LFKB7", "stroke": "#ff0000", "stroke-width": 2, "stroke-opacity": 0.8, "fill": "#ff8080", "fill-opacity": 0.3 }, "geometry": { "type": "Polygon", "coordinates": [ [ [ 9.333333, 42.333333 ], [ 9.75, 42.333333 ], [ 9.75, 42.0 ], [ 9.333333, 42.0 ], [ 9.333333, 42.333333 ] ] ] } },
{ "type": "Feature", "properties": { "name": "CLERMONT 6", "nameV": "TMA CLERMONT 6", "class": "D", "type": "TMA", "lower": "FL085", "lowerM": 2590, "upper": "FL115", "upperM": 3505, "desc": "Except for LF-R 137 B when active.", "activationCode": "H24", "UId": "1560963", "id": "LFLC6", "stroke": "#ff0000", "stroke-width": 2, "stroke-opacity": 0.8, "fill": "#ff8080", "fill-opacity": 0.3 }, "geometry": { "type": "Polygon", "coordinates": [ [ [ 3.566667, 46.333333 ], [ 3.633333, 46.308333 ], [ 3.633333, 46.2 ], [ 2.936389, 46.177778 ], [ 2.927778, 46.255556 ], [ 2.916667, 46.333333 ], [ 3.566667, 46.333333 ] ] ] } },
{ "type": "Feature", "properties": { "name": "CLERMONT 6.20", "nameV": "TMA CLERMONT 6.20", "class": "E", "type": "TMA", "lower": "FL065", "lowerM": 1981, "upper": "FL085", "upperM": 2590, "desc": "Except for LF-R 137 A when active.", "activationCode": "H24", "UId": "52962868", "id": "LFLC6.20", "stroke": "#008040", "stroke-width": 2, "stroke-opacity": 0.8, "fill": "#80ff80", "fill-opacity": 0.2 }, "geometry": { "type": "Polygon", "coordinates": [ [ [ 3.566667, 46.333333 ], [ 3.633333, 46.308333 ], [ 3.633333, 46.2 ], [ 2.936389, 46.177778 ], [ 2.927778, 46.255556 ], [ 2.916667, 46.333333 ], [ 3.566667, 46.333333 ] ] ] } },
{ "type": "Feature", "properties": { "name": "PARIS 2", "nameV": "TMA PARIS 2", "class": "A", "type": "TMA", "lower": "1500FT AMSL", "lowerM": 457, "upper": "2500FT AMSL", "upperM": 762, "desc": "Caution: this part of TMA coexists with LF-R 205/2 PARIS 2 which sets restrictions of entry for flights GAT IFR and VFR. Except for: - LF-R 275 (Paris) areas, LF-R 84 A, LF-R 3103 A-F, LF-R 3109 A (La Ferté Alais), LF-R 3111 A and LF-R 3112 (Satory), - PARIS and VILLACOUBLAY CTR, - VILLACOUBLAY TMA, when active. LF-P 21 BRUYERES LE CHATEL, LF-P 23 PARIS and LF-P 25 FONTENAY AUX ROSES: entry prohibited, exception see AIP ENR 5.1.", "activationCode": "H24", "UId": "1566071", "id": "LFPG2", "stroke": "#ff0000", "stroke-width": 2, "stroke-opacity": 0.8, "fill": "#ff8080", "fill-opacity": 0.3 }, "geometry": { "type": "Polygon", "coordinates": [ [ [ 2.866667, 49.232778 ], [ 3.060833, 48.907778 ], [ 2.857778, 48.813889 ], [ 2.848333, 48.728611 ], [ 2.721944, 48.681389 ], [ 2.618889, 48.698611 ], [ 2.488889, 48.618889 ], [ 2.489167, 48.556111 ], [ 2.368333, 48.480556 ], [ 2.174444, 48.490833 ], [ 2.025833, 48.524167 ], [ 1.999167, 48.633333 ], [ 1.994167, 48.653889 ], [ 1.988889, 48.754167 ], [ 1.986944, 48.795833 ], [ 1.986667, 48.798611 ], [ 1.996667, 48.798889 ], [ 1.998333, 48.890833 ], [ 2.000556, 48.990278 ], [ 2.197222, 49.121111 ], [ 2.314444, 49.141111 ], [ 2.419444, 49.16 ], [ 2.866667, 49.232778 ] ] ] } },
{ "type": "Feature", "properties": { "name": "PARIS 3", "nameV": "TMA PARIS 3", "class": "A", "type": "TMA", "lower": "2500FT AMSL", "lowerM": 762, "upper": "3500FT AMSL", "upperM": 1066, "desc": "Caution: this part of TMA coexists with LF-R 205/3 PARIS 3 which sets restrictions of entry for flights GAT IFR and VFR. Except for: - LF-R 84 A, LF-R 3100 A-B-J, LF-R 3102 A-B-C-V, LF-R 3103 A-B-F-G-H, LF-R 3104 C, LF-R 3107, LF-R 3109 A-B (La Ferté Alais), LF-R 3110 (Persan), LF-R 3111 A and LF-R 3112 (Satory), when active. LF-P 21 BRUYERES LE CHATEL, LF-P 23 PARIS, LF-P 25 FONTENAY AUX ROSES: entry prohibited, exception see AIP ENR 5.1.", "activationCode": "H24", "UId": "1566069", "id": "LFPG3", "stroke": "#ff0000", "stroke-width": 2, "stroke-opacity": 0.8, "fill": "#ff8080", "fill-opacity": 0.3 }, "geometry": { "type": "Polygon", "coordinates": [ [ [ 2.708889, 49.510556 ], [ 3.157778, 49.4375 ], [ 3.164722, 49.383333 ], [ 3.238889, 48.848333 ], [ 3.093056, 48.845833 ], [ 2.98, 48.777778 ], [ 2.911667, 48.647222 ], [ 2.847222, 48.522222 ], [ 2.685278, 48.483333 ], [ 2.489167, 48.505 ], [ 2.395833, 48.406389 ], [ 1.885278, 48.429444 ], [ 1.676111, 48.546667 ], [ 1.695833, 48.621667 ], [ 1.739444, 48.7875 ], [ 1.768889, 48.899167 ], [ 1.742222, 49.021111 ], [ 1.777778, 49.104167 ], [ 1.899167, 49.389444 ], [ 2.055833, 49.32 ], [ 2.165833, 49.3125 ], [ 2.2425, 49.340556 ], [ 2.5, 49.433333 ], [ 2.602778, 49.471389 ], [ 2.708889, 49.510556 ] ] ] } },
{ "type": "Feature", "properties": { "name": "PARIS 4", "nameV": "TMA PARIS 4", "class": "A", "type": "TMA", "lower": "3500FT AMSL", "lowerM": 1066, "upper": "4500FT AMSL", "upperM": 1371, "desc": "Caution: this part of TMA coexists with LF-R 205/4 PARIS 4 which sets restrictions of entry for flights GAT IFR and VFR. Except for: - LF-R 84 A, LF-R 3100 B-C-D-F-H, LF-R 3101 B to D, LF-R 3102 A-B-C-V, LF-R 3103 C-D-H-J-K-M, LF-R 3104 A-C-D-F-G-V, LF-R 3105 A-C-D, LF-R 3106 B to D, LF-R 3109 B (La Ferté Alais), LF-R 3111 A and LF-R 3112 (Satory). when active. LF-P 21 BRUYERES LE CHATEL, LF-P 23 PARIS, LF-P 25 FONTENAY AUX ROSES: entry prohibited, exception see AIP ENR 5.1.", "activationCode": "H24", "UId": "1566061", "id": "LFPG4", "stroke": "#ff0000", "stroke-width": 2, "stroke-opacity": 0.8, "fill": "#ff8080", "fill-opacity": 0.3 }, "geometry": { "type": "Polygon", "coordinates": [ [ [ 2.708889, 49.510556 ], [ 3.157778, 49.4375 ], [ 3.164722, 49.383333 ], [ 3.373056, 49.316667 ], [ 3.483333, 49.033333 ], [ 3.500833, 48.809722 ], [ 3.213056, 48.790278 ], [ 3.084444, 48.699167 ], [ 3.123889, 48.6275 ], [ 2.813333, 48.455833 ], [ 2.747222, 48.377222 ], [ 1.871944, 48.3775 ], [ 1.676111, 48.546667 ], [ 1.576111, 48.606667 ], [ 1.425278, 48.705833 ], [ 1.606111, 49.059722 ], [ 1.723056, 49.375278 ], [ 1.8525, 49.41 ], [ 1.899167, 49.389444 ], [ 2.055833, 49.32 ], [ 2.165833, 49.3125 ], [ 2.2425, 49.340556 ], [ 2.5, 49.433333 ], [ 2.602778, 49.471389 ], [ 2.708889, 49.510556 ] ] ] } },
{ "type": "Feature", "properties": { "name": "LORIENT 2", "nameV": "TMA LORIENT 2", "class": "D", "type": "TMA", "lower": "2500FT AMSL", "lowerM": 762, "upper": "FL195", "upperM": 5943, "desc": "OAT/GAT procedures. Deactivation of TMA announced by RAI frequency 123.000 or by IROISE APP.", "activationCode": "HX", "activationDesc": "Activable H24 Possible activation H24", "declassifiable": true, "UId": "1564399", "id": "LFRH2", "stroke": "#ff0000", "stroke-width": 2, "stroke-opacity": 0.8, "fill": "#ffb9dc", "fill-opacity": 0.3 }, "geometry": { "type": "Polygon", "coordinates": [ [ [ -3.821111, 47.835278 ], [ -3.822221, 47.835266 ], [ -3.822858, 47.833765 ], [ -3.823483, 47.83226 ], [ -3.824095, 47.830754 ], [ -3.824693, 47.829245 ], [ -3.825279, 47.827734 ], [ -3.825851, 47.82622 ], [ -3.82641, 47.824704 ], [ -3.826955, 47.823186 ], [ -3.827488, 47.821666 ], [ -3.828007, 47.820144 ], [ -3.828513, 47.81862 ], [ -3.829005, 47.817094 ], [ -3.829485, 47.815566 ], [ -3.829951, 47.814036 ], [ -3.830403, 47.812504 ], [ -3.830843, 47.810971 ], [ -3.831269, 47.809435 ], [ -3.831681, 47.807899 ], [ -3.83208, 47.80636 ], [ -3.832466, 47.80482 ], [ -3.832838, 47.803279 ], [ -3.833197, 47.801736 ], [ -3.833543, 47.800192 ], [ -3.833875, 47.798646 ], [ -3.834193, 47.797099 ], [ -3.834498, 47.795551 ], [ -3.83479, 47.794002 ], [ -3.835068, 47.792452 ], [ -3.835333, 47.7909 ], [ -3.835584, 47.789348 ], [ -3.835821, 47.787795 ], [ -3.836045, 47.78624 ], [ -3.836256, 47.784685 ], [ -3.836453, 47.783129 ], [ -3.836636, 47.781572 ], [ -3.836806, 47.780015 ], [ -3.836963, 47.778457 ], [ -3.837106, 47.776898 ], [ -3.837235, 47.775339 ], [ -3.837351, 47.77378 ], [ -3.837453, 47.77222 ], [ -3.837541, 47.770659 ], [ -3.837616, 47.769098 ], [ -3.837678, 47.767537 ], [ -3.837726, 47.765976 ], [ -3.83776, 47.764415 ], [ -3.837781, 47.762853 ], [ -3.837788, 47.761292 ], [ -3.837782, 47.75973 ], [ -3.837762, 47.758169 ], [ -3.837728, 47.756607 ], [ -3.837681, 47.755046 ], [ -3.837621, 47.753485 ], [ -3.837547, 47.751924 ], [ -3.837459, 47.750364 ], [ -3.837358, 47.748804 ], [ -3.837243, 47.747244 ], [ -3.837114, 47.745685 ], [ -3.836973, 47.744126 ], [ -3.836817, 47.742568 ], [ -3.836648, 47.741011 ], [ -3.836466, 47.739454 ], [ -3.83627, 47.737898 ], [ -3.836061, 47.736343 ], [ -3.835838, 47.734788 ], [ -3.835601, 47.733235 ], [ -3.835351, 47.731682 ], [ -3.835088, 47.730131 ], [ -3.834811, 47.72858 ], [ -3.834521, 47.727031 ], [ -3.834218, 47.725483 ], [ -3.8339, 47.723936 ], [ -3.83357, 47.72239 ], [ -3.833226, 47.720846 ], [ -3.832869, 47.719303 ], [ -3.832498, 47.717762 ], [ -3.832114, 47.716222 ], [ -3.831717, 47.714683 ], [ -3.831307, 47.713146 ], [ -3.830883, 47.711611 ], [ -3.830446, 47.710077 ], [ -3.829995, 47.708545 ], [ -3.829531, 47.707015 ], [ -3.829054, 47.705487 ], [ -3.828564, 47.703961 ], [ -3.828061, 47.702436 ], [ -3.827544, 47.700914 ], [ -3.827014, 47.699394 ], [ -3.826471, 47.697875 ], [ -3.825915, 47.696359 ], [ -3.825346, 47.694845 ], [ -3.824764, 47.693334 ], [ -3.823611, 47.693333 ], [ -3.823611, 47.693333 ], [ -4.176944, 47.694722 ], [ -4.366667, 47.791667 ], [ -3.821111, 47.835278 ] ] ] } },
{ "type": "Feature", "properties": { "name": "LORIENT 3", "nameV": "TMA LORIENT 3", "class": "D", "type": "TMA", "lower": "FL115", "lowerM": 3505, "upper": "FL195", "upperM": 5943, "desc": "OAT/GAT procedures. Deactivation of TMA announced by RAI frequency 123.000.", "activationCode": "HO", "activationDesc": "Activable H24 Possible activation H24", "declassifiable": true, "UId": "1564395", "id": "LFRH3", "stroke": "#ff0000", "stroke-width": 2, "stroke-opacity": 0.8, "fill": "#ffb9dc", "fill-opacity": 0.1 }, "geometry": { "type": "Polygon", "coordinates": [ [ [ -3.616667, 48.175 ], [ -3.409167, 48.176111 ], [ -3.635833, 47.928333 ], [ -3.821111, 47.835278 ], [ -3.758333, 47.95 ], [ -3.616667, 48.175 ] ] ] } },
{ "type": "Feature", "properties": { "name": "LORIENT 2.20", "nameV": "TMA LORIENT 2.20", "class": "D", "type": "TMA", "lower": "2500FT AMSL", "lowerM": 762, "upper": "FL195", "upperM": 5943, "desc": "H24 outside LORIENT APP operation periods. Administrator and rendered services announced by RAI frequency 123.000.", "activationCode": "H24", "UId": "1564401", "id": "LFRH2.20", "stroke": "#ff0000", "stroke-width": 2, "stroke-opacity": 0.8, "fill": "#ff8080", "fill-opacity": 0.3 }, "geometry": { "type": "Polygon", "coordinates": [ [ [ -3.821111, 47.835278 ], [ -3.822221, 47.835266 ], [ -3.822858, 47.833765 ], [ -3.823483, 47.83226 ], [ -3.824095, 47.830754 ], [ -3.824693, 47.829245 ], [ -3.825279, 47.827734 ], [ -3.825851, 47.82622 ], [ -3.82641, 47.824704 ], [ -3.826955, 47.823186 ], [ -3.827488, 47.821666 ], [ -3.828007, 47.820144 ], [ -3.828513, 47.81862 ], [ -3.829005, 47.817094 ], [ -3.829485, 47.815566 ], [ -3.829951, 47.814036 ], [ -3.830403, 47.812504 ], [ -3.830843, 47.810971 ], [ -3.831269, 47.809435 ], [ -3.831681, 47.807899 ], [ -3.83208, 47.80636 ], [ -3.832466, 47.80482 ], [ -3.832838, 47.803279 ], [ -3.833197, 47.801736 ], [ -3.833543, 47.800192 ], [ -3.833875, 47.798646 ], [ -3.834193, 47.797099 ], [ -3.834498, 47.795551 ], [ -3.83479, 47.794002 ], [ -3.835068, 47.792452 ], [ -3.835333, 47.7909 ], [ -3.835584, 47.789348 ], [ -3.835821, 47.787795 ], [ -3.836045, 47.78624 ], [ -3.836256, 47.784685 ], [ -3.836453, 47.783129 ], [ -3.836636, 47.781572 ], [ -3.836806, 47.780015 ], [ -3.836963, 47.778457 ], [ -3.837106, 47.776898 ], [ -3.837235, 47.775339 ], [ -3.837351, 47.77378 ], [ -3.837453, 47.77222 ], [ -3.837541, 47.770659 ], [ -3.837616, 47.769098 ], [ -3.837678, 47.767537 ], [ -3.837726, 47.765976 ], [ -3.83776, 47.764415 ], [ -3.837781, 47.762853 ], [ -3.837788, 47.761292 ], [ -3.837782, 47.75973 ], [ -3.837762, 47.758169 ], [ -3.837728, 47.756607 ], [ -3.837681, 47.755046 ], [ -3.837621, 47.753485 ], [ -3.837547, 47.751924 ], [ -3.837459, 47.750364 ], [ -3.837358, 47.748804 ], [ -3.837243, 47.747244 ], [ -3.837114, 47.745685 ], [ -3.836973, 47.744126 ], [ -3.836817, 47.742568 ], [ -3.836648, 47.741011 ], [ -3.836466, 47.739454 ], [ -3.83627, 47.737898 ], [ -3.836061, 47.736343 ], [ -3.835838, 47.734788 ], [ -3.835601, 47.733235 ], [ -3.835351, 47.731682 ], [ -3.835088, 47.730131 ], [ -3.834811, 47.72858 ], [ -3.834521, 47.727031 ], [ -3.834218, 47.725483 ], [ -3.8339, 47.723936 ], [ -3.83357, 47.72239 ], [ -3.833226, 47.720846 ], [ -3.832869, 47.719303 ], [ -3.832498, 47.717762 ], [ -3.832114, 47.716222 ], [ -3.831717, 47.714683 ], [ -3.831307, 47.713146 ], [ -3.830883, 47.711611 ], [ -3.830446, 47.710077 ], [ -3.829995, 47.708545 ], [ -3.829531, 47.707015 ], [ -3.829054, 47.705487 ], [ -3.828564, 47.703961 ], [ -3.828061, 47.702436 ], [ -3.827544, 47.700914 ], [ -3.827014, 47.699394 ], [ -3.826471, 47.697875 ], [ -3.825915, 47.696359 ], [ -3.825346, 47.694845 ], [ -3.824764, 47.693334 ], [ -3.823611, 47.693333 ], [ -3.823611, 47.693333 ], [ -4.176944, 47.694722 ], [ -4.366667, 47.791667 ], [ -3.821111, 47.835278 ] ] ] } },
{ "type": "Feature", "properties": { "name": "LA REUNION 1", "nameV": "TMA LA REUNION 1", "class": "E", "type": "TMA", "lower": "1000FT AGL", "ordinalLowerM": 304, "lowerM": 304, "upper": "FL195", "upperM": 5943, "groundEstimatedHeight": [ 0, 0, 0, 0 ], "desc": "Lower limit at 6500 ft AMSL within the lateral limits of CTR LA REUNION. Lower limit at 10000 ft AMSL within the lateral limits of FM-R 3 area. Lower limit at 2500 ft ASFC within the lateral limits of RMZ PIERREFONDS when active.", "activationCode": "H24", "UId": "1566087", "id": "FMEE1", "stroke": "#008040", "stroke-width": 2, "stroke-opacity": 0.8, "fill": "#80ff80", "fill-opacity": 0.2 }, "geometry": { "type": "Polygon", "coordinates": [ [ [ 57.0, -23.133333 ], [ 56.15, -23.316667 ], [ 56.15004, -23.302951 ], [ 56.06597, -23.320744 ], [ 55.981305, -23.336028 ], [ 55.896137, -23.348786 ], [ 55.810556, -23.359004 ], [ 55.724654, -23.366672 ], [ 55.638522, -23.371782 ], [ 55.552253, -23.374328 ], [ 55.465938, -23.374306 ], [ 55.37967, -23.371719 ], [ 55.293541, -23.366567 ], [ 55.207644, -23.358857 ], [ 55.122069, -23.348596 ], [ 55.036908, -23.335797 ], [ 54.952253, -23.320472 ], [ 54.868193, -23.302637 ], [ 54.784818, -23.282313 ], [ 54.702216, -23.259521 ], [ 54.620475, -23.234285 ], [ 54.539681, -23.206631 ], [ 54.459921, -23.176591 ], [ 54.381277, -23.144194 ], [ 54.303834, -23.109477 ], [ 54.227671, -23.072476 ], [ 54.152869, -23.03323 ], [ 54.079506, -22.991782 ], [ 54.007659, -22.948174 ], [ 53.9374, -22.902454 ], [ 53.868804, -22.854669 ], [ 53.801941, -22.80487 ], [ 53.736879, -22.753111 ], [ 53.673684, -22.699445 ], [ 53.612421, -22.643928 ], [ 53.553152, -22.586621 ], [ 53.495936, -22.527581 ], [ 53.44083, -22.466873 ], [ 53.387889, -22.404558 ], [ 53.337166, -22.340703 ], [ 53.28871, -22.275374 ], [ 53.242568, -22.208639 ], [ 53.198785, -22.140568 ], [ 53.157403, -22.071231 ], [ 53.11846, -22.0007 ], [ 53.081995, -21.929049 ], [ 53.048039, -21.856352 ], [ 53.016625, -21.782683 ], [ 52.987781, -21.708119 ], [ 52.961532, -21.632737 ], [ 52.937901, -21.556613 ], [ 52.916908, -21.479827 ], [ 52.898571, -21.402456 ], [ 52.882904, -21.32458 ], [ 52.869918, -21.246278 ], [ 52.859622, -21.16763 ], [ 52.852023, -21.088717 ], [ 52.847124, -21.009617 ], [ 52.844926, -20.930413 ], [ 52.845426, -20.851183 ], [ 52.84862, -20.772008 ], [ 52.8545, -20.692968 ], [ 52.863056, -20.614142 ], [ 52.874276, -20.535611 ], [ 52.888144, -20.457452 ], [ 52.904642, -20.379744 ], [ 52.923749, -20.302565 ], [ 52.945444, -20.225992 ], [ 52.9697, -20.150102 ], [ 52.99649, -20.07497 ], [ 53.025783, -20.000672 ], [ 53.057547, -19.927281 ], [ 53.091747, -19.85487 ], [ 53.128346, -19.783511 ], [ 53.167304, -19.713275 ], [ 53.20858, -19.644231 ], [ 53.25213, -19.576448 ], [ 53.297909, -19.509992 ], [ 53.345869, -19.444929 ], [ 53.39596, -19.381324 ], [ 53.448131, -19.319238 ], [ 53.502327, -19.258733 ], [ 53.558494, -19.199868 ], [ 53.616575, -19.142702 ], [ 53.676511, -19.08729 ], [ 53.738241, -19.033686 ], [ 53.801704, -18.981944 ], [ 53.866836, -18.932113 ], [ 53.933571, -18.884242 ], [ 54.001845, -18.838379 ], [ 54.071588, -18.794567 ], [ 54.142733, -18.752851 ], [ 54.215208, -18.713269 ], [ 54.288943, -18.675862 ], [ 54.363865, -18.640664 ], [ 54.4399, -18.607712 ], [ 54.516974, -18.577036 ], [ 54.595012, -18.548666 ], [ 54.673938, -18.522631 ], [ 54.753674, -18.498955 ], [ 54.834143, -18.477662 ], [ 54.915268, -18.458772 ], [ 54.916667, -18.45 ], [ 54.916667, -18.45 ], [ 55.5, -18.333333 ], [ 55.5, -19.0 ], [ 57.0, -22.333333 ], [ 57.0, -23.133333 ] ] ] } },
{ "type": "Feature", "properties": { "name": "SEINE 10", "nameV": "TMA SEINE 10 (SeeNotam)", "class": "D", "type": "TMA", "lower": "FL065", "lowerM": 1981, "upper": "FL115", "upperM": 3505, "desc": "Activation is possible during the schedules of part 8 SEINE SIV (Flight Information Service), actual activity published by NOTAM. Activity known on: SEINE APP/INFO, TOURS TWR/INFO, PARIS ACC/FIC, POITIERS INFO.", "activationCode": "NOTAM", "declassifiable": true, "UId": "40503114", "id": "LFPM10", "stroke": "#ff0000", "stroke-width": 2, "stroke-opacity": 0.8, "fill": "#ffb9dc", "fill-opacity": 0.3 }, "geometry": { "type": "Polygon", "coordinates": [ [ [ 0.772222, 47.85 ], [ 1.005556, 47.85 ], [ 0.976667, 47.689722 ], [ 0.932222, 47.4425 ], [ 0.726667, 47.2175 ], [ 0.618333, 47.097778 ], [ 0.496111, 46.961944 ], [ 0.332778, 47.2125 ], [ 0.284167, 47.435833 ], [ 0.341111, 47.580556 ], [ 0.548889, 47.757222 ], [ 0.772222, 47.85 ] ] ] } },
{ "type": "Feature", "properties": { "name": "SEINE 7.1", "nameV": "TMA SEINE 7.1 (SeeNotam)", "class": "D", "type": "TMA", "lower": "2500FT AMSL", "lowerM": 762, "upper": "3500FT AMSL", "upperM": 1066, "desc": "Activation is possible during the schedules of part 8 SEINE SIV (Flight Information Service), actual activity published by NOTAM. Except for LF-P 29 LE RIPAULT. Activity known on: SEINE APP/INFO, TOURS TWR/INFO, PARIS ACC/FIC, POITIERS INFO.", "activationCode": "NOTAM", "declassifiable": true, "UId": "40503037", "id": "LFPM7.1", "stroke": "#ff0000", "stroke-width": 2, "stroke-opacity": 0.8, "fill": "#ffb9dc", "fill-opacity": 0.3 }, "geometry": { "type": "Polygon", "coordinates": [ [ [ 0.726389, 47.764167 ], [ 0.838611, 47.763333 ], [ 0.897222, 47.750278 ], [ 0.976667, 47.689722 ], [ 0.932222, 47.4425 ], [ 0.848611, 47.268611 ], [ 0.726667, 47.2175 ], [ 0.666667, 47.194167 ], [ 0.606111, 47.101389 ], [ 0.544167, 47.120278 ], [ 0.479167, 47.146389 ], [ 0.555556, 47.383611 ], [ 0.615278, 47.533056 ], [ 0.726389, 47.764167 ] ] ] } },
{ "type": "Feature", "properties": { "name": "TAHITI 1", "nameV": "TMA TAHITI 1 Lower(700FT AGL-2500FT AMSL)", "class": "D", "type": "TMA", "lower": "2500FT AMSL", "lowerMin": "700FT AGL", "lowerM": 762, "upper": "FL195", "upperM": 5943, "desc": "Vertical limits, Lower limit: whichever is higher.", "activationCode": "H24", "UId": "1565379", "id": "NTAATMA1", "stroke": "#ff0000", "stroke-width": 2, "stroke-opacity": 0.8, "fill": "#ff8080", "fill-opacity": 0.3 }, "geometry": { "type": "Polygon", "coordinates": [ [ [ -149.601514, -18.132781 ], [ -149.601303, -17.638058 ], [ -149.508544, -17.566039 ], [ -149.003944, -17.667994 ], [ -149.003097, -17.667428 ], [ -148.996526, -17.632121 ], [ -148.992247, -17.596497 ], [ -148.990276, -17.560689 ], [ -148.990618, -17.524833 ], [ -148.99327, -17.489066 ], [ -148.998221, -17.453521 ], [ -149.005452, -17.418334 ], [ -149.014932, -17.383637 ], [ -149.026627, -17.349561 ], [ -149.040489, -17.316235 ], [ -149.056466, -17.283784 ], [ -149.074496, -17.252331 ], [ -149.094511, -17.221994 ], [ -149.116434, -17.192888 ], [ -149.140182, -17.165122 ], [ -149.165665, -17.1388 ], [ -149.192785, -17.114021 ], [ -149.221441, -17.090879 ], [ -149.251525, -17.06946 ], [ -149.282923, -17.049844 ], [ -149.315517, -17.032107 ], [ -149.349183, -17.016313 ], [ -149.383797, -17.002522 ], [ -149.419226, -16.990787 ], [ -149.45534, -16.98115 ], [ -149.492001, -16.973649 ], [ -149.529073, -16.968311 ], [ -149.566417, -16.965156 ], [ -149.603892, -16.964197 ], [ -149.641358, -16.965436 ], [ -149.678674, -16.968869 ], [ -149.715702, -16.974483 ], [ -149.752301, -16.982258 ], [ -149.788335, -16.992163 ], [ -149.823668, -17.004163 ], [ -149.858168, -17.018211 ], [ -149.891706, -17.034255 ], [ -149.924154, -17.052236 ], [ -149.955391, -17.072084 ], [ -149.9853, -17.093727 ], [ -150.013766, -17.117082 ], [ -150.040684, -17.142063 ], [ -150.065952, -17.168574 ], [ -150.089472, -17.196517 ], [ -150.111157, -17.225786 ], [ -150.130924, -17.256271 ], [ -150.148697, -17.287857 ], [ -150.164408, -17.320426 ], [ -150.177997, -17.353854 ], [ -150.189413, -17.388016 ], [ -150.198609, -17.422783 ], [ -150.205551, -17.458023 ], [ -150.210211, -17.493604 ], [ -150.21257, -17.52939 ], [ -150.212618, -17.565247 ], [ -150.210352, -17.601039 ], [ -150.205781, -17.636631 ], [ -150.198921, -17.671887 ], [ -150.189795, -17.706674 ], [ -150.178437, -17.74086 ], [ -150.16489, -17.774316 ], [ -150.149203, -17.806914 ], [ -150.131434, -17.83853 ], [ -150.111651, -17.869045 ], [ -150.089927, -17.898341 ], [ -150.066344, -17.926309 ], [ -150.040991, -17.952841 ], [ -150.013964, -17.977836 ], [ -149.985365, -18.0012 ], [ -149.955303, -18.022842 ], [ -149.92389, -18.04268 ], [ -149.891248, -18.06064 ], [ -149.8575, -18.076651 ], [ -149.822775, -18.090653 ], [ -149.787205, -18.102594 ], [ -149.750925, -18.112426 ], [ -149.714075, -18.120112 ], [ -149.676794, -18.125624 ], [ -149.639226, -18.128939 ], [ -149.601514, -18.130046 ], [ -149.601514, -18.132781 ] ] ] } },
{ "type": "Feature", "properties": { "name": "POITIERS 3-1", "nameV": "TMA POITIERS 3-1", "class": "E", "type": "TMA", "lower": "4000FT AMSL", "lowerM": 1219, "upper": "FL115", "upperM": 3505, "desc": "Except for POITIERS TMA parts interfering with LF-R 105 B, LF-R 49 A1, LF-R 49 A2, LF-R 49 N1, LF-R 49 H1 and LF-R 49 H2 areas when active.", "activationCode": "TIMSH", "activationDesc": "H24 du LUN 0600 ou JF 0700 au SAM 1900 ou la veille de JF 1900. DIM: 0700-1900. ETE: -1 HR. H24 from MON 0600 or public holiday 0700 to SAT 1900 or day before public holiday 1900. SUN: 0700-1900. SUM: -1 HR.", "timeScheduling": { "1": [ "UTCW(01/01->31/12)", "MON to SAT(04:30->19:00)" ], "2": [ "UTCW(01/01->31/12)", "SUN(07:00->21:00)" ] }, "UId": "1561263", "id": "LFBI3-1", "stroke": "#008040", "stroke-width": 2, "stroke-opacity": 0.8, "fill": "#80ff80", "fill-opacity": 0.2 }, "geometry": { "type": "Polygon", "coordinates": [ [ [ 0.399722, 46.916667 ], [ 0.85, 46.916667 ], [ 0.936111, 46.916667 ], [ 0.919444, 46.438889 ], [ 0.474444, 46.479722 ], [ 0.253056, 46.316389 ], [ 0.252921, 46.316439 ], [ 0.249729, 46.316707 ], [ 0.24654, 46.316993 ], [ 0.243355, 46.317297 ], [ 0.240173, 46.31762 ], [ 0.236996, 46.31796 ], [ 0.233822, 46.318319 ], [ 0.230653, 46.318696 ], [ 0.227489, 46.319091 ], [ 0.224329, 46.319505 ], [ 0.221175, 46.319936 ], [ 0.218026, 46.320385 ], [ 0.214882, 46.320853 ], [ 0.211744, 46.321338 ], [ 0.208612, 46.321842 ], [ 0.205486, 46.322363 ], [ 0.202366, 46.322902 ], [ 0.199253, 46.323459 ], [ 0.196147, 46.324034 ], [ 0.193047, 46.324627 ], [ 0.189955, 46.325237 ], [ 0.18687, 46.325865 ], [ 0.183793, 46.326511 ], [ 0.180724, 46.327174 ], [ 0.177662, 46.327855 ], [ 0.174609, 46.328553 ], [ 0.171565, 46.329269 ], [ 0.168529, 46.330002 ], [ 0.165502, 46.330753 ], [ 0.162484, 46.331521 ], [ 0.159475, 46.332306 ], [ 0.156476, 46.333108 ], [ 0.153486, 46.333928 ], [ 0.150507, 46.334765 ], [ 0.147537, 46.335618 ], [ 0.144578, 46.336489 ], [ 0.141629, 46.337377 ], [ 0.138691, 46.338281 ], [ 0.135764, 46.339202 ], [ 0.132848, 46.34014 ], [ 0.129944, 46.341095 ], [ 0.127051, 46.342066 ], [ 0.124169, 46.343054 ], [ 0.1213, 46.344058 ], [ 0.118442, 46.345079 ], [ 0.115597, 46.346116 ], [ 0.112765, 46.347169 ], [ 0.109945, 46.348238 ], [ 0.107138, 46.349324 ], [ 0.104344, 46.350426 ], [ 0.101564, 46.351543 ], [ 0.098797, 46.352677 ], [ 0.096044, 46.353826 ], [ 0.093304, 46.354991 ], [ 0.090579, 46.356172 ], [ 0.087867, 46.357368 ], [ 0.08517, 46.358579 ], [ 0.082488, 46.359807 ], [ 0.079821, 46.361049 ], [ 0.077168, 46.362307 ], [ 0.074531, 46.363579 ], [ 0.071909, 46.364867 ], [ 0.069303, 46.36617 ], [ 0.066712, 46.367488 ], [ 0.064137, 46.36882 ], [ 0.061578, 46.370168 ], [ 0.059036, 46.37153 ], [ 0.05651, 46.372906 ], [ 0.054, 46.374297 ], [ 0.051507, 46.375702 ], [ 0.049031, 46.377121 ], [ 0.046572, 46.378555 ], [ 0.044131, 46.380002 ], [ 0.041707, 46.381464 ], [ 0.0393, 46.382939 ], [ 0.036912, 46.384428 ], [ 0.034541, 46.385931 ], [ 0.032188, 46.387447 ], [ 0.029854, 46.388976 ], [ 0.027538, 46.390519 ], [ 0.025241, 46.392075 ], [ 0.022962, 46.393645 ], [ 0.020702, 46.395227 ], [ 0.018462, 46.396822 ], [ 0.01624, 46.39843 ], [ 0.014038, 46.40005 ], [ 0.011856, 46.401684 ], [ 0.009693, 46.403329 ], [ 0.00755, 46.404987 ], [ 0.005427, 46.406657 ], [ 0.003324, 46.408339 ], [ 0.001241, 46.410034 ], [ -0.000821, 46.41174 ], [ 0.0, 46.411667 ], [ 0.0, 46.411667 ], [ 0.0, 46.5 ], [ 0.0, 46.663889 ], [ 0.301111, 46.803056 ], [ 0.399722, 46.916667 ] ] ] } },
{ "type": "Feature", "properties": { "name": "POITIERS 3-2", "nameV": "TMA POITIERS 3-2", "class": "E", "type": "TMA", "lower": "3500FT AMSL", "lowerM": 1066, "upper": "FL115", "upperM": 3505, "desc": "Except for part interfering with LF-R 49 N1 area when active.", "activationCode": "H24", "activationDesc": "H24 du LUN 0600 ou JF 0700 au SAM 1900 ou la veille de JF 1900. DIM: 0700-1900. ETE: -1 HR. H24 from MON 0600 or public holiday 0700 to SAT 1900 or day before public holiday 1900. SUN: 0700-1900. SUM: -1 HR.", "UId": "16474192", "id": "LFBI3-2", "stroke": "#008040", "stroke-width": 2, "stroke-opacity": 0.8, "fill": "#80ff80", "fill-opacity": 0.2 }, "geometry": { "type": "Polygon", "coordinates": [ [ [ 0.399722, 46.916667 ], [ 0.301111, 46.803056 ], [ 0.0, 46.663889 ], [ 0.0, 46.5 ], [ -0.133333, 46.5 ], [ -0.133333, 46.693611 ], [ 0.399722, 46.916667 ] ] ] } },
{ "type": "Feature", "properties": { "name": "POITIERS 2", "nameV": "TMA POITIERS 2", "class": "E", "type": "TMA", "lower": "2500FT AMSL", "lowerM": 762, "upper": "4000FT AMSL", "upperM": 1219, "desc": "Except for POITIERS TMA part 1 and parts interfering with LF-R 105 B, LF-R 49 A1 and LF-R 49 A2 areas when active.", "activationCode": "TIMSH", "activationDesc": "H24 du LUN 0600 ou JF 0700 au SAM 1900 ou la veille de JF 1900. DIM: 0700-1900. ETE: -1 HR. H24 from MON 0600 or public holiday 0700 to SAT 1900 or day before public holiday 1900. SUN: 0700-1900. SUM: -1 HR.", "timeScheduling": { "1": [ "UTCW(01/01->31/12)", "SUN(07:00->21:00)" ], "2": [ "UTCW(01/01->31/12)", "MON to SAT(04:30->19:00)" ] }, "UId": "1561203", "id": "LFBI2", "stroke": "#008040", "stroke-width": 2, "stroke-opacity": 0.8, "fill": "#80ff80", "fill-opacity": 0.2 }, "geometry": { "type": "Polygon", "coordinates": [ [ [ 0.399722, 46.916667 ], [ 0.85, 46.916667 ], [ 0.474444, 46.479722 ], [ 0.253056, 46.316389 ], [ 0.252921, 46.316439 ], [ 0.249729, 46.316707 ], [ 0.24654, 46.316993 ], [ 0.243355, 46.317297 ], [ 0.240173, 46.31762 ], [ 0.236996, 46.31796 ], [ 0.233822, 46.318319 ], [ 0.230653, 46.318696 ], [ 0.227489, 46.319091 ], [ 0.224329, 46.319505 ], [ 0.221175, 46.319936 ], [ 0.218026, 46.320385 ], [ 0.214882, 46.320853 ], [ 0.211744, 46.321338 ], [ 0.208612, 46.321842 ], [ 0.205486, 46.322363 ], [ 0.202366, 46.322902 ], [ 0.199253, 46.323459 ], [ 0.196147, 46.324034 ], [ 0.193047, 46.324627 ], [ 0.189955, 46.325237 ], [ 0.18687, 46.325865 ], [ 0.183793, 46.326511 ], [ 0.180724, 46.327174 ], [ 0.177662, 46.327855 ], [ 0.174609, 46.328553 ], [ 0.171565, 46.329269 ], [ 0.168529, 46.330002 ], [ 0.165502, 46.330753 ], [ 0.162484, 46.331521 ], [ 0.159475, 46.332306 ], [ 0.156476, 46.333108 ], [ 0.153486, 46.333928 ], [ 0.150507, 46.334765 ], [ 0.147537, 46.335618 ], [ 0.144578, 46.336489 ], [ 0.141629, 46.337377 ], [ 0.138691, 46.338281 ], [ 0.135764, 46.339202 ], [ 0.132848, 46.34014 ], [ 0.129944, 46.341095 ], [ 0.127051, 46.342066 ], [ 0.124169, 46.343054 ], [ 0.1213, 46.344058 ], [ 0.118442, 46.345079 ], [ 0.115597, 46.346116 ], [ 0.112765, 46.347169 ], [ 0.109945, 46.348238 ], [ 0.107138, 46.349324 ], [ 0.104344, 46.350426 ], [ 0.101564, 46.351543 ], [ 0.098797, 46.352677 ], [ 0.096044, 46.353826 ], [ 0.093304, 46.354991 ], [ 0.090579, 46.356172 ], [ 0.087867, 46.357368 ], [ 0.08517, 46.358579 ], [ 0.082488, 46.359807 ], [ 0.079821, 46.361049 ], [ 0.077168, 46.362307 ], [ 0.074531, 46.363579 ], [ 0.071909, 46.364867 ], [ 0.069303, 46.36617 ], [ 0.066712, 46.367488 ], [ 0.064137, 46.36882 ], [ 0.061578, 46.370168 ], [ 0.059036, 46.37153 ], [ 0.05651, 46.372906 ], [ 0.054, 46.374297 ], [ 0.051507, 46.375702 ], [ 0.049031, 46.377121 ], [ 0.046572, 46.378555 ], [ 0.044131, 46.380002 ], [ 0.041707, 46.381464 ], [ 0.0393, 46.382939 ], [ 0.036912, 46.384428 ], [ 0.034541, 46.385931 ], [ 0.032188, 46.387447 ], [ 0.029854, 46.388976 ], [ 0.027538, 46.390519 ], [ 0.025241, 46.392075 ], [ 0.022962, 46.393645 ], [ 0.020702, 46.395227 ], [ 0.018462, 46.396822 ], [ 0.01624, 46.39843 ], [ 0.014038, 46.40005 ], [ 0.011856, 46.401684 ], [ 0.009693, 46.403329 ], [ 0.00755, 46.404987 ], [ 0.005427, 46.406657 ], [ 0.003324, 46.408339 ], [ 0.001241, 46.410034 ], [ -0.000821, 46.41174 ], [ 0.0, 46.411667 ], [ 0.0, 46.411667 ], [ 0.0, 46.5 ], [ 0.0, 46.663889 ], [ 0.301111, 46.803056 ], [ 0.399722, 46.916667 ] ] ] } },
{ "type": "Feature", "properties": { "name": "POITIERS 1", "nameV": "TMA POITIERS 1", "class": "D", "type": "TMA", "lower": "2500FT AMSL", "lowerM": 762, "upper": "4000FT AMSL", "upperM": 1219, "desc": "Except for part interfering with LF-R 105 B area", "activationCode": "TIMSH", "activationDesc": "H24 du LUN 0600 ou JF 0700 au SAM 1900 ou la veille de JF 1900. DIM: 0700-1900 ETE: -1 HR. H24 from MON 0600 or public holiday 0700 to SAT 1900 or day before public holiday 1900. SUN: 0700-1900 SUM: -1HR.", "declassifiable": true, "timeScheduling": { "1": [ "UTCW(01/01->31/12)", "MON to SAT(04:30->19:00)" ], "2": [ "UTCW(01/01->31/12)", "SUN(07:00->21:00)" ] }, "UId": "1561201", "id": "LFBI1", "stroke": "#ff0000", "stroke-width": 2, "stroke-opacity": 0.8, "fill": "#ffb9dc", "fill-opacity": 0.3 }, "geometry": { "type": "Polygon", "coordinates": [ [ [ 0.394722, 46.7875 ], [ 0.519722, 46.736667 ], [ 0.368611, 46.560833 ], [ 0.289444, 46.423056 ], [ 0.251111, 46.356667 ], [ 0.250905, 46.356656 ], [ 0.248552, 46.356962 ], [ 0.246201, 46.357278 ], [ 0.243854, 46.357605 ], [ 0.24151, 46.357944 ], [ 0.239169, 46.358293 ], [ 0.236832, 46.358653 ], [ 0.234498, 46.359025 ], [ 0.232168, 46.359407 ], [ 0.229842, 46.3598 ], [ 0.22752, 46.360204 ], [ 0.225201, 46.360619 ], [ 0.222887, 46.361045 ], [ 0.220577, 46.361482 ], [ 0.218272, 46.361929 ], [ 0.215971, 46.362388 ], [ 0.213674, 46.362857 ], [ 0.211382, 46.363337 ], [ 0.209095, 46.363828 ], [ 0.206813, 46.364329 ], [ 0.204536, 46.364841 ], [ 0.202264, 46.365364 ], [ 0.199997, 46.365898 ], [ 0.197735, 46.366442 ], [ 0.195479, 46.366997 ], [ 0.193228, 46.367562 ], [ 0.190983, 46.368138 ], [ 0.188743, 46.368724 ], [ 0.18651, 46.369321 ], [ 0.184282, 46.369929 ], [ 0.18206, 46.370547 ], [ 0.179845, 46.371175 ], [ 0.177635, 46.371814 ], [ 0.175432, 46.372463 ], [ 0.173236, 46.373122 ], [ 0.171045, 46.373792 ], [ 0.168862, 46.374472 ], [ 0.166685, 46.375162 ], [ 0.164515, 46.375862 ], [ 0.162352, 46.376573 ], [ 0.160196, 46.377293 ], [ 0.158048, 46.378024 ], [ 0.155906, 46.378765 ], [ 0.153772, 46.379516 ], [ 0.151645, 46.380277 ], [ 0.149526, 46.381048 ], [ 0.147414, 46.381829 ], [ 0.14531, 46.38262 ], [ 0.143214, 46.38342 ], [ 0.141126, 46.384231 ], [ 0.139046, 46.385051 ], [ 0.136974, 46.385881 ], [ 0.13491, 46.38672 ], [ 0.132854, 46.38757 ], [ 0.130807, 46.388429 ], [ 0.128769, 46.389297 ], [ 0.126739, 46.390176 ], [ 0.124717, 46.391063 ], [ 0.122705, 46.39196 ], [ 0.120701, 46.392867 ], [ 0.118706, 46.393783 ], [ 0.11672, 46.394708 ], [ 0.114744, 46.395643 ], [ 0.112777, 46.396587 ], [ 0.110819, 46.39754 ], [ 0.10887, 46.398502 ], [ 0.106931, 46.399473 ], [ 0.105002, 46.400454 ], [ 0.103082, 46.401443 ], [ 0.101172, 46.402442 ], [ 0.099272, 46.403449 ], [ 0.097382, 46.404466 ], [ 0.095502, 46.405491 ], [ 0.093632, 46.406525 ], [ 0.091772, 46.407568 ], [ 0.089922, 46.408619 ], [ 0.088083, 46.409679 ], [ 0.086255, 46.410748 ], [ 0.084437, 46.411825 ], [ 0.08263, 46.412911 ], [ 0.080833, 46.414006 ], [ 0.079047, 46.415108 ], [ 0.077272, 46.416219 ], [ 0.075508, 46.417339 ], [ 0.076111, 46.417222 ], [ 0.076111, 46.417222 ], [ 0.126944, 46.475556 ], [ 0.207778, 46.57 ], [ 0.225, 46.575 ], [ 0.258333, 46.594444 ], [ 0.283333, 46.658333 ], [ 0.394722, 46.7875 ] ] ] } },
{ "type": "Feature", "properties": { "name": "CAYENNE 2", "nameV": "TMA CAYENNE 2", "class": "E", "type": "TMA", "lower": "FL035", "lowerM": 1066, "upper": "FL245", "upperM": 7467, "desc": "Except for interfering part of SO-R 1, SO-D 2, SO-D 3, SO-D 4, SO-D 6, SO-D 10 A and B CONNETABLE and SO-D 11 A and B ROYALE when active.", "activationCode": "H24", "UId": "1563501", "id": "SOCA2", "stroke": "#008040", "stroke-width": 2, "stroke-opacity": 0.8, "fill": "#80ff80", "fill-opacity": 0.2 }, "geometry": { "type": "Polygon", "coordinates": [ [ [ -51.859167, 6.7575 ], [ -51.858676, 6.746497 ], [ -51.834453, 6.740012 ], [ -51.810313, 6.733227 ], [ -51.786261, 6.726143 ], [ -51.762301, 6.71876 ], [ -51.738436, 6.71108 ], [ -51.71467, 6.703104 ], [ -51.691007, 6.694834 ], [ -51.66745, 6.68627 ], [ -51.644003, 6.677414 ], [ -51.62067, 6.668268 ], [ -51.597455, 6.658832 ], [ -51.57436, 6.649108 ], [ -51.551391, 6.639099 ], [ -51.528549, 6.628804 ], [ -51.50584, 6.618227 ], [ -51.483266, 6.607369 ], [ -51.460831, 6.59623 ], [ -51.438539, 6.584814 ], [ -51.416392, 6.573122 ], [ -51.394395, 6.561156 ], [ -51.372551, 6.548917 ], [ -51.350863, 6.536408 ], [ -51.329335, 6.52363 ], [ -51.30797, 6.510586 ], [ -51.286771, 6.497277 ], [ -51.265743, 6.483706 ], [ -51.244887, 6.469875 ], [ -51.224207, 6.455786 ], [ -51.203707, 6.441441 ], [ -51.183389, 6.426842 ], [ -51.163258, 6.411993 ], [ -51.143315, 6.396894 ], [ -51.123564, 6.381549 ], [ -51.104009, 6.365959 ], [ -51.084652, 6.350128 ], [ -51.065496, 6.334057 ], [ -51.046544, 6.31775 ], [ -51.027799, 6.301209 ], [ -51.009265, 6.284436 ], [ -50.990943, 6.267434 ], [ -50.972837, 6.250206 ], [ -50.95495, 6.232754 ], [ -50.937284, 6.215082 ], [ -50.919842, 6.197191 ], [ -50.902627, 6.179085 ], [ -50.885642, 6.160767 ], [ -50.868888, 6.142239 ], [ -50.852369, 6.123505 ], [ -50.836088, 6.104566 ], [ -50.820046, 6.085427 ], [ -50.804247, 6.06609 ], [ -50.788692, 6.046559 ], [ -50.773385, 6.026836 ], [ -50.758327, 6.006924 ], [ -50.743521, 5.986827 ], [ -50.728968, 5.966547 ], [ -50.714673, 5.946088 ], [ -50.700635, 5.925453 ], [ -50.686859, 5.904646 ], [ -50.673345, 5.883669 ], [ -50.660096, 5.862525 ], [ -50.647114, 5.841219 ], [ -50.6344, 5.819754 ], [ -50.621958, 5.798132 ], [ -50.609789, 5.776357 ], [ -50.597894, 5.754432 ], [ -50.586275, 5.732362 ], [ -50.574935, 5.710149 ], [ -50.563875, 5.687797 ], [ -50.553096, 5.66531 ], [ -50.542601, 5.64269 ], [ -50.532391, 5.619942 ], [ -50.522467, 5.597068 ], [ -50.512831, 5.574073 ], [ -50.503484, 5.550961 ], [ -50.494429, 5.527734 ], [ -50.485665, 5.504396 ], [ -50.477195, 5.480951 ], [ -50.46902, 5.457403 ], [ -50.461142, 5.433755 ], [ -50.45356, 5.410012 ], [ -50.446277, 5.386176 ], [ -50.439293, 5.362251 ], [ -50.43261, 5.338241 ], [ -50.426228, 5.314151 ], [ -50.420149, 5.289983 ], [ -50.414373, 5.265741 ], [ -50.408902, 5.241429 ], [ -50.403735, 5.217052 ], [ -50.398875, 5.192612 ], [ -50.394321, 5.168114 ], [ -50.390075, 5.143561 ], [ -50.386136, 5.118957 ], [ -50.382506, 5.094306 ], [ -50.379184, 5.069612 ], [ -50.376173, 5.044879 ], [ -50.373471, 5.02011 ], [ -50.371079, 4.99531 ], [ -50.368998, 4.970482 ], [ -50.370833, 4.971389 ], [ -50.370833, 4.971389 ], [ -52.024722, 4.239444 ], [ -52.024304, 4.24257 ], [ -52.004864, 4.254665 ], [ -51.985851, 4.267417 ], [ -51.967287, 4.280812 ], [ -51.949195, 4.294832 ], [ -51.931594, 4.309463 ], [ -51.914506, 4.324687 ], [ -51.897951, 4.340486 ], [ -51.881948, 4.356841 ], [ -51.866517, 4.373734 ], [ -51.851675, 4.391144 ], [ -51.83744, 4.409051 ], [ -51.823828, 4.427434 ], [ -51.810856, 4.446271 ], [ -51.798539, 4.465541 ], [ -51.786892, 4.48522 ], [ -51.775928, 4.505286 ], [ -51.765659, 4.525714 ], [ -51.756099, 4.546481 ], [ -51.747259, 4.567563 ], [ -51.739149, 4.588935 ], [ -51.731778, 4.610571 ], [ -51.725155, 4.632447 ], [ -51.719289, 4.654535 ], [ -51.714185, 4.676812 ], [ -51.709851, 4.699249 ], [ -51.706291, 4.721822 ], [ -51.70351, 4.744503 ], [ -51.701511, 4.767265 ], [ -51.700296, 4.790083 ], [ -51.699867, 4.812929 ], [ -51.700225, 4.835776 ], [ -51.701369, 4.858597 ], [ -51.703297, 4.881366 ], [ -51.706008, 4.904055 ], [ -51.709499, 4.926638 ], [ -51.713766, 4.949089 ], [ -51.718803, 4.971381 ], [ -51.724605, 4.993488 ], [ -51.731164, 5.015383 ], [ -51.738475, 5.037041 ], [ -51.746527, 5.058437 ], [ -51.755311, 5.079545 ], [ -51.764817, 5.10034 ], [ -51.775035, 5.120798 ], [ -51.785952, 5.140895 ], [ -51.797555, 5.160607 ], [ -51.80983, 5.179911 ], [ -51.822764, 5.198784 ], [ -51.836341, 5.217204 ], [ -51.850545, 5.235149 ], [ -51.865359, 5.252598 ], [ -51.880767, 5.269531 ], [ -51.896749, 5.285927 ], [ -51.913288, 5.301767 ], [ -51.930363, 5.317033 ], [ -51.947955, 5.331706 ], [ -51.966042, 5.345769 ], [ -51.984604, 5.359206 ], [ -52.003619, 5.372001 ], [ -52.023064, 5.384138 ], [ -52.042917, 5.395604 ], [ -52.063154, 5.406384 ], [ -52.08375, 5.416466 ], [ -52.104683, 5.425839 ], [ -52.125927, 5.434491 ], [ -52.147457, 5.442411 ], [ -52.169247, 5.449591 ], [ -52.191273, 5.456023 ], [ -52.213507, 5.461697 ], [ -52.235925, 5.466609 ], [ -52.258499, 5.470751 ], [ -52.281202, 5.47412 ], [ -52.304008, 5.47671 ], [ -52.326891, 5.47852 ], [ -52.349822, 5.479547 ], [ -52.372775, 5.479789 ], [ -52.395723, 5.479247 ], [ -52.418639, 5.477921 ], [ -52.441496, 5.475812 ], [ -52.464266, 5.472924 ], [ -52.486923, 5.469259 ], [ -52.50944, 5.464822 ], [ -52.531791, 5.459618 ], [ -52.553949, 5.453654 ], [ -52.575888, 5.446935 ], [ -52.597582, 5.439471 ], [ -52.619005, 5.43127 ], [ -52.640133, 5.422342 ], [ -52.66094, 5.412696 ], [ -52.681402, 5.402346 ], [ -52.701494, 5.391302 ], [ -52.721194, 5.379578 ], [ -52.720833, 5.382778 ], [ -52.720833, 5.382778 ], [ -52.766111, 5.419167 ], [ -51.859167, 6.7575 ] ] ] } },
{ "type": "Feature", "properties": { "name": "LIMOGES 6.2", "nameV": "TMA LIMOGES 6.2", "class": "E", "type": "TMA", "lower": "4500FT AMSL", "lowerM": 1371, "upper": "FL065", "upperM": 1981, "activationCode": "TIMSH", "activationDesc": "MON: 0500-2359 TUE: 0000 to FRI 2359 SAT: 0000-2200 SUN, HOL: 0700-2200 SUM-1HR", "UId": "1565463", "id": "LFBL6.2", "stroke": "#008040", "stroke-width": 2, "stroke-opacity": 0.8, "fill": "#80ff80", "fill-opacity": 0.2 }, "geometry": { "type": "Polygon", "coordinates": [ [ [ 1.533333, 45.166667 ], [ 1.891667, 45.05 ], [ 1.892712, 45.049988 ], [ 1.892874, 45.047211 ], [ 1.892997, 45.044433 ], [ 1.893081, 45.041654 ], [ 1.893127, 45.038875 ], [ 1.893134, 45.036095 ], [ 1.893102, 45.033316 ], [ 1.893032, 45.030537 ], [ 1.892923, 45.027758 ], [ 1.892776, 45.024981 ], [ 1.89259, 45.022205 ], [ 1.892366, 45.01943 ], [ 1.892103, 45.016656 ], [ 1.891801, 45.013885 ], [ 1.891462, 45.011116 ], [ 1.891084, 45.00835 ], [ 1.890667, 45.005586 ], [ 1.890212, 45.002825 ], [ 1.889719, 45.000067 ], [ 1.889188, 44.997313 ], [ 1.888619, 44.994563 ], [ 1.888011, 44.991817 ], [ 1.887366, 44.989076 ], [ 1.886682, 44.986338 ], [ 1.885961, 44.983606 ], [ 1.885202, 44.980879 ], [ 1.884405, 44.978157 ], [ 1.88357, 44.975441 ], [ 1.882698, 44.972731 ], [ 1.881788, 44.970027 ], [ 1.880842, 44.96733 ], [ 1.879857, 44.964639 ], [ 1.878836, 44.961955 ], [ 1.877777, 44.959279 ], [ 1.876682, 44.956609 ], [ 1.87555, 44.953948 ], [ 1.874381, 44.951294 ], [ 1.873175, 44.948649 ], [ 1.871933, 44.946012 ], [ 1.870654, 44.943384 ], [ 1.869339, 44.940765 ], [ 1.867988, 44.938156 ], [ 1.866601, 44.935555 ], [ 1.865178, 44.932965 ], [ 1.86372, 44.930384 ], [ 1.862226, 44.927814 ], [ 1.860696, 44.925254 ], [ 1.859131, 44.922705 ], [ 1.857531, 44.920167 ], [ 1.855896, 44.91764 ], [ 1.854227, 44.915125 ], [ 1.852522, 44.912621 ], [ 1.850783, 44.910129 ], [ 1.84901, 44.90765 ], [ 1.847203, 44.905183 ], [ 1.845362, 44.902728 ], [ 1.843487, 44.900286 ], [ 1.841578, 44.897858 ], [ 1.839636, 44.895443 ], [ 1.837661, 44.893041 ], [ 1.835653, 44.890653 ], [ 1.833612, 44.88828 ], [ 1.831539, 44.88592 ], [ 1.829433, 44.883575 ], [ 1.827295, 44.881245 ], [ 1.825124, 44.87893 ], [ 1.822922, 44.87663 ], [ 1.820689, 44.874345 ], [ 1.818424, 44.872076 ], [ 1.816128, 44.869822 ], [ 1.813801, 44.867585 ], [ 1.811443, 44.865364 ], [ 1.809055, 44.863159 ], [ 1.806637, 44.860971 ], [ 1.804188, 44.8588 ], [ 1.80171, 44.856646 ], [ 1.799203, 44.85451 ], [ 1.796666, 44.85239 ], [ 1.7941, 44.850289 ], [ 1.791505, 44.848205 ], [ 1.788882, 44.84614 ], [ 1.78623, 44.844092 ], [ 1.783551, 44.842064 ], [ 1.780844, 44.840054 ], [ 1.778109, 44.838063 ], [ 1.775347, 44.83609 ], [ 1.772558, 44.834138 ], [ 1.769742, 44.832204 ], [ 1.7669, 44.83029 ], [ 1.764032, 44.828396 ], [ 1.761137, 44.826522 ], [ 1.758218, 44.824668 ], [ 1.755272, 44.822835 ], [ 1.752302, 44.821022 ], [ 1.749307, 44.81923 ], [ 1.746288, 44.817458 ], [ 1.743244, 44.815708 ], [ 1.740177, 44.813978 ], [ 1.739444, 44.813889 ], [ 1.739444, 44.813889 ], [ 1.275278, 44.963611 ], [ 1.358333, 44.771111 ], [ 1.4775, 44.780278 ], [ 1.771944, 44.768333 ], [ 1.773009, 44.768215 ], [ 1.779604, 44.771738 ], [ 1.786112, 44.775342 ], [ 1.79253, 44.779026 ], [ 1.798857, 44.78279 ], [ 1.805091, 44.786631 ], [ 1.81123, 44.79055 ], [ 1.817272, 44.794543 ], [ 1.823215, 44.798611 ], [ 1.829057, 44.802753 ], [ 1.834796, 44.806966 ], [ 1.840432, 44.811249 ], [ 1.845961, 44.815602 ], [ 1.851382, 44.820023 ], [ 1.856694, 44.82451 ], [ 1.861895, 44.829063 ], [ 1.866984, 44.83368 ], [ 1.871958, 44.838358 ], [ 1.876816, 44.843098 ], [ 1.881557, 44.847898 ], [ 1.886179, 44.852755 ], [ 1.890681, 44.85767 ], [ 1.895061, 44.862639 ], [ 1.899318, 44.867662 ], [ 1.903451, 44.872737 ], [ 1.907458, 44.877862 ], [ 1.911339, 44.883036 ], [ 1.915091, 44.888258 ], [ 1.918714, 44.893525 ], [ 1.922206, 44.898837 ], [ 1.925567, 44.904191 ], [ 1.928795, 44.909586 ], [ 1.93189, 44.91502 ], [ 1.93485, 44.920492 ], [ 1.937674, 44.926 ], [ 1.940362, 44.931542 ], [ 1.942912, 44.937116 ], [ 1.945325, 44.942721 ], [ 1.947598, 44.948355 ], [ 1.949732, 44.954017 ], [ 1.951725, 44.959704 ], [ 1.953578, 44.965415 ], [ 1.955288, 44.971148 ], [ 1.956857, 44.976902 ], [ 1.958283, 44.982674 ], [ 1.959565, 44.988463 ], [ 1.960704, 44.994266 ], [ 1.961699, 45.000084 ], [ 1.962549, 45.005912 ], [ 1.963255, 45.01175 ], [ 1.963815, 45.017596 ], [ 1.964231, 45.023449 ], [ 1.964501, 45.029305 ], [ 1.964626, 45.035164 ], [ 1.964605, 45.041023 ], [ 1.964438, 45.046881 ], [ 1.964126, 45.052737 ], [ 1.963668, 45.058587 ], [ 1.963065, 45.064431 ], [ 1.962317, 45.070267 ], [ 1.961423, 45.076092 ], [ 1.960384, 45.081906 ], [ 1.959201, 45.087705 ], [ 1.957874, 45.093489 ], [ 1.956403, 45.099256 ], [ 1.954788, 45.105004 ], [ 1.95303, 45.11073 ], [ 1.951129, 45.116434 ], [ 1.949087, 45.122114 ], [ 1.946903, 45.127767 ], [ 1.944578, 45.133392 ], [ 1.942113, 45.138988 ], [ 1.939509, 45.144552 ], [ 1.936766, 45.150083 ], [ 1.933886, 45.155579 ], [ 1.930868, 45.161038 ], [ 1.927714, 45.166459 ], [ 1.926944, 45.166667 ], [ 1.926944, 45.166667 ], [ 1.533333, 45.166667 ] ] ] } },
{ "type": "Feature", "properties": { "name": "LIMOGES 6.1", "nameV": "TMA LIMOGES 6.1", "class": "E", "type": "TMA", "lower": "2500FT AMSL", "lowerM": 762, "upper": "FL065", "upperM": 1981, "activationCode": "TIMSH", "activationDesc": "MON: 0500-2359 TUE: 0000 to FRI 2359 SAT: 0000-2200 SUN, HOL: 0700-2200 SUM-1HR", "UId": "1565457", "id": "LFBL6.1", "stroke": "#008040", "stroke-width": 2, "stroke-opacity": 0.8, "fill": "#80ff80", "fill-opacity": 0.2 }, "geometry": { "type": "Polygon", "coordinates": [ [ [ 1.186667, 45.166667 ], [ 1.533333, 45.166667 ], [ 1.891667, 45.05 ], [ 1.892712, 45.049988 ], [ 1.892874, 45.047211 ], [ 1.892997, 45.044433 ], [ 1.893081, 45.041654 ], [ 1.893127, 45.038875 ], [ 1.893134, 45.036095 ], [ 1.893102, 45.033316 ], [ 1.893032, 45.030537 ], [ 1.892923, 45.027758 ], [ 1.892776, 45.024981 ], [ 1.89259, 45.022205 ], [ 1.892366, 45.01943 ], [ 1.892103, 45.016656 ], [ 1.891801, 45.013885 ], [ 1.891462, 45.011116 ], [ 1.891084, 45.00835 ], [ 1.890667, 45.005586 ], [ 1.890212, 45.002825 ], [ 1.889719, 45.000067 ], [ 1.889188, 44.997313 ], [ 1.888619, 44.994563 ], [ 1.888011, 44.991817 ], [ 1.887366, 44.989076 ], [ 1.886682, 44.986338 ], [ 1.885961, 44.983606 ], [ 1.885202, 44.980879 ], [ 1.884405, 44.978157 ], [ 1.88357, 44.975441 ], [ 1.882698, 44.972731 ], [ 1.881788, 44.970027 ], [ 1.880842, 44.96733 ], [ 1.879857, 44.964639 ], [ 1.878836, 44.961955 ], [ 1.877777, 44.959279 ], [ 1.876682, 44.956609 ], [ 1.87555, 44.953948 ], [ 1.874381, 44.951294 ], [ 1.873175, 44.948649 ], [ 1.871933, 44.946012 ], [ 1.870654, 44.943384 ], [ 1.869339, 44.940765 ], [ 1.867988, 44.938156 ], [ 1.866601, 44.935555 ], [ 1.865178, 44.932965 ], [ 1.86372, 44.930384 ], [ 1.862226, 44.927814 ], [ 1.860696, 44.925254 ], [ 1.859131, 44.922705 ], [ 1.857531, 44.920167 ], [ 1.855896, 44.91764 ], [ 1.854227, 44.915125 ], [ 1.852522, 44.912621 ], [ 1.850783, 44.910129 ], [ 1.84901, 44.90765 ], [ 1.847203, 44.905183 ], [ 1.845362, 44.902728 ], [ 1.843487, 44.900286 ], [ 1.841578, 44.897858 ], [ 1.839636, 44.895443 ], [ 1.837661, 44.893041 ], [ 1.835653, 44.890653 ], [ 1.833612, 44.88828 ], [ 1.831539, 44.88592 ], [ 1.829433, 44.883575 ], [ 1.827295, 44.881245 ], [ 1.825124, 44.87893 ], [ 1.822922, 44.87663 ], [ 1.820689, 44.874345 ], [ 1.818424, 44.872076 ], [ 1.816128, 44.869822 ], [ 1.813801, 44.867585 ], [ 1.811443, 44.865364 ], [ 1.809055, 44.863159 ], [ 1.806637, 44.860971 ], [ 1.804188, 44.8588 ], [ 1.80171, 44.856646 ], [ 1.799203, 44.85451 ], [ 1.796666, 44.85239 ], [ 1.7941, 44.850289 ], [ 1.791505, 44.848205 ], [ 1.788882, 44.84614 ], [ 1.78623, 44.844092 ], [ 1.783551, 44.842064 ], [ 1.780844, 44.840054 ], [ 1.778109, 44.838063 ], [ 1.775347, 44.83609 ], [ 1.772558, 44.834138 ], [ 1.769742, 44.832204 ], [ 1.7669, 44.83029 ], [ 1.764032, 44.828396 ], [ 1.761137, 44.826522 ], [ 1.758218, 44.824668 ], [ 1.755272, 44.822835 ], [ 1.752302, 44.821022 ], [ 1.749307, 44.81923 ], [ 1.746288, 44.817458 ], [ 1.743244, 44.815708 ], [ 1.740177, 44.813978 ], [ 1.739444, 44.813889 ], [ 1.739444, 44.813889 ], [ 1.275278, 44.963611 ], [ 1.186667, 45.166667 ] ] ] } },
{ "type": "Feature", "properties": { "name": "ORLEANS 7", "nameV": "TMA ORLEANS 7", "class": "D", "type": "TMA", "lower": "1500FT AMSL", "lowerM": 457, "upper": "FL065", "upperM": 1981, "desc": "OAT/GAT procedures. Activity known on RAI 122.7, PARIS ACC/FIC or SEINE SIV.", "activationCode": "HX", "activationDesc": "Activable H24. Possible activation H24.", "declassifiable": true, "UId": "1563059", "id": "LFOJ7", "stroke": "#ff0000", "stroke-width": 2, "stroke-opacity": 0.8, "fill": "#ffb9dc", "fill-opacity": 0.3 }, "geometry": { "type": "Polygon", "coordinates": [ [ [ 1.363611, 48.229722 ], [ 1.563889, 48.17 ], [ 1.629722, 48.15 ], [ 1.537222, 48.058889 ], [ 1.439444, 47.904444 ], [ 1.15, 47.863889 ], [ 1.120278, 47.870833 ], [ 1.158889, 47.928056 ], [ 1.363611, 48.229722 ] ] ] } },
{ "type": "Feature", "properties": { "name": "ORLEANS 1.1", "nameV": "TMA ORLEANS 1.1", "class": "D", "type": "TMA", "lower": "1500FT AMSL", "lowerM": 457, "upper": "FL065", "upperM": 1981, "desc": "OAT/GAT procedures. Activity known on RAI 122.7, PARIS ACC/FIC or SEINE SIV. Except for: - LF-P 34 SAINT LAURENT DES EAUX: entry prohibited, exception see AIP ENR 5.1: - LF-R 295 BRICY when active.", "activationCode": "HX", "activationDesc": "Activable H24. Possible activation H24", "declassifiable": true, "UId": "1563019", "id": "LFOJ1.1", "stroke": "#ff0000", "stroke-width": 2, "stroke-opacity": 0.8, "fill": "#ffb9dc", "fill-opacity": 0.3 }, "geometry": { "type": "Polygon", "coordinates": [ [ [ 1.629722, 48.15 ], [ 2.052778, 48.15 ], [ 2.127778, 48.058333 ], [ 2.120278, 47.895556 ], [ 2.0325, 47.872222 ], [ 1.541667, 47.741667 ], [ 1.381667, 47.791667 ], [ 1.15, 47.863889 ], [ 1.439444, 47.904444 ], [ 1.537222, 48.058889 ], [ 1.629722, 48.15 ] ] ] } },
{ "type": "Feature", "properties": { "name": "LUXEUIL 2", "nameV": "TMA LUXEUIL 2", "class": "D", "type": "TMA", "lower": "3500FT AMSL", "lowerM": 1066, "upper": "FL075", "upperM": 2286, "desc": "OAT/GAT procedures. Except for LF-R 45 S7 when active. Deactivation announced by RAI 129.925 MHz. Activity known on BASEL SIV.", "activationCode": "HO", "activationDesc": "Activable H24. Possible activation H24.", "declassifiable": true, "UId": "1564631", "id": "LFSX2", "stroke": "#ff0000", "stroke-width": 2, "stroke-opacity": 0.8, "fill": "#ffb9dc", "fill-opacity": 0.3 }, "geometry": { "type": "Polygon", "coordinates": [ [ [ 5.793333, 47.863333 ], [ 6.038611, 47.775278 ], [ 6.1175, 47.785 ], [ 6.116803, 47.785 ], [ 6.116875, 47.782763 ], [ 6.116992, 47.780528 ], [ 6.117154, 47.778294 ], [ 6.11736, 47.776061 ], [ 6.11761, 47.773831 ], [ 6.117905, 47.771603 ], [ 6.118245, 47.769377 ], [ 6.118629, 47.767156 ], [ 6.119057, 47.764937 ], [ 6.11953, 47.762723 ], [ 6.120046, 47.760513 ], [ 6.120607, 47.758309 ], [ 6.121211, 47.756109 ], [ 6.12186, 47.753915 ], [ 6.122552, 47.751727 ], [ 6.123288, 47.749546 ], [ 6.124067, 47.747371 ], [ 6.124889, 47.745204 ], [ 6.125755, 47.743044 ], [ 6.126663, 47.740892 ], [ 6.127615, 47.738749 ], [ 6.128609, 47.736614 ], [ 6.129645, 47.734488 ], [ 6.130724, 47.732373 ], [ 6.131845, 47.730267 ], [ 6.133007, 47.728171 ], [ 6.134211, 47.726086 ], [ 6.135457, 47.724012 ], [ 6.136744, 47.721949 ], [ 6.138071, 47.719899 ], [ 6.13944, 47.71786 ], [ 6.140849, 47.715834 ], [ 6.142298, 47.713821 ], [ 6.143787, 47.711821 ], [ 6.145316, 47.709834 ], [ 6.146884, 47.707862 ], [ 6.148491, 47.705904 ], [ 6.150137, 47.703961 ], [ 6.151821, 47.702032 ], [ 6.153544, 47.700119 ], [ 6.155304, 47.698222 ], [ 6.157102, 47.696341 ], [ 6.158938, 47.694476 ], [ 6.16081, 47.692628 ], [ 6.162719, 47.690797 ], [ 6.164664, 47.688983 ], [ 6.166645, 47.687187 ], [ 6.168661, 47.68541 ], [ 6.170713, 47.68365 ], [ 6.172799, 47.681909 ], [ 6.17492, 47.680187 ], [ 6.177074, 47.678485 ], [ 6.179263, 47.676802 ], [ 6.181484, 47.675138 ], [ 6.183738, 47.673495 ], [ 6.186025, 47.671873 ], [ 6.188344, 47.670271 ], [ 6.188889, 47.670278 ], [ 6.188889, 47.670278 ], [ 6.188862, 47.670238 ], [ 6.191149, 47.670699 ], [ 6.193467, 47.671086 ], [ 6.19581, 47.671396 ], [ 6.198173, 47.67163 ], [ 6.20055, 47.671787 ], [ 6.202935, 47.671866 ], [ 6.205323, 47.671867 ], [ 6.207708, 47.67179 ], [ 6.210086, 47.671636 ], [ 6.212449, 47.671405 ], [ 6.214793, 47.671097 ], [ 6.217112, 47.670713 ], [ 6.2194, 47.670254 ], [ 6.221653, 47.669721 ], [ 6.223865, 47.669115 ], [ 6.226031, 47.668438 ], [ 6.228146, 47.667691 ], [ 6.230205, 47.666876 ], [ 6.232202, 47.665995 ], [ 6.234134, 47.66505 ], [ 6.235996, 47.664044 ], [ 6.237784, 47.662977 ], [ 6.239492, 47.661854 ], [ 6.241118, 47.660677 ], [ 6.242658, 47.659448 ], [ 6.244108, 47.65817 ], [ 6.245464, 47.656847 ], [ 6.246723, 47.655481 ], [ 6.247883, 47.654075 ], [ 6.248941, 47.652633 ], [ 6.249894, 47.651159 ], [ 6.25074, 47.649655 ], [ 6.251477, 47.648126 ], [ 6.252104, 47.646574 ], [ 6.252618, 47.645004 ], [ 6.25302, 47.643419 ], [ 6.253307, 47.641822 ], [ 6.253479, 47.640219 ], [ 6.253536, 47.638611 ], [ 6.253333, 47.638611 ], [ 6.253333, 47.638611 ], [ 6.252978, 47.63859 ], [ 6.253505, 47.638411 ], [ 6.254033, 47.638233 ], [ 6.254562, 47.638056 ], [ 6.255091, 47.63788 ], [ 6.255621, 47.637704 ], [ 6.256151, 47.63753 ], [ 6.256682, 47.637356 ], [ 6.257214, 47.637183 ], [ 6.257746, 47.637011 ], [ 6.258279, 47.63684 ], [ 6.258812, 47.636669 ], [ 6.259346, 47.6365 ], [ 6.259881, 47.636331 ], [ 6.260416, 47.636163 ], [ 6.260952, 47.635996 ], [ 6.261488, 47.63583 ], [ 6.262025, 47.635665 ], [ 6.262563, 47.635501 ], [ 6.263101, 47.635337 ], [ 6.26364, 47.635175 ], [ 6.264179, 47.635013 ], [ 6.264719, 47.634852 ], [ 6.265259, 47.634692 ], [ 6.2658, 47.634533 ], [ 6.266342, 47.634375 ], [ 6.266884, 47.634217 ], [ 6.267427, 47.634061 ], [ 6.26797, 47.633905 ], [ 6.268514, 47.63375 ], [ 6.269058, 47.633596 ], [ 6.269603, 47.633443 ], [ 6.270148, 47.633291 ], [ 6.270694, 47.63314 ], [ 6.27124, 47.632989 ], [ 6.271787, 47.63284 ], [ 6.272335, 47.632691 ], [ 6.272883, 47.632543 ], [ 6.273431, 47.632396 ], [ 6.27398, 47.63225 ], [ 6.27453, 47.632105 ], [ 6.27508, 47.631961 ], [ 6.275631, 47.631818 ], [ 6.276182, 47.631675 ], [ 6.276733, 47.631533 ], [ 6.277285, 47.631393 ], [ 6.277838, 47.631253 ], [ 6.278391, 47.631114 ], [ 6.278944, 47.630976 ], [ 6.279498, 47.630839 ], [ 6.280053, 47.630702 ], [ 6.280608, 47.630567 ], [ 6.281163, 47.630432 ], [ 6.281719, 47.630299 ], [ 6.282276, 47.630166 ], [ 6.282833, 47.630034 ], [ 6.28339, 47.629903 ], [ 6.283948, 47.629773 ], [ 6.284167, 47.629722 ], [ 6.284167, 47.629722 ], [ 6.435, 47.593056 ], [ 6.435222, 47.593033 ], [ 6.436062, 47.593172 ], [ 6.436902, 47.593313 ], [ 6.43774, 47.593455 ], [ 6.438579, 47.593599 ], [ 6.439416, 47.593745 ], [ 6.440253, 47.593892 ], [ 6.441089, 47.594041 ], [ 6.441925, 47.594192 ], [ 6.44276, 47.594344 ], [ 6.443594, 47.594498 ], [ 6.444428, 47.594653 ], [ 6.445261, 47.59481 ], [ 6.446093, 47.594969 ], [ 6.446925, 47.595129 ], [ 6.447755, 47.595291 ], [ 6.448586, 47.595455 ], [ 6.449415, 47.59562 ], [ 6.450244, 47.595787 ], [ 6.451072, 47.595955 ], [ 6.451899, 47.596125 ], [ 6.452726, 47.596297 ], [ 6.453552, 47.59647 ], [ 6.454377, 47.596645 ], [ 6.455201, 47.596822 ], [ 6.456025, 47.597 ], [ 6.456848, 47.59718 ], [ 6.45767, 47.597361 ], [ 6.458491, 47.597544 ], [ 6.459312, 47.597729 ], [ 6.460131, 47.597915 ], [ 6.46095, 47.598103 ], [ 6.461768, 47.598293 ], [ 6.462586, 47.598484 ], [ 6.463402, 47.598676 ], [ 6.464218, 47.598871 ], [ 6.465032, 47.599066 ], [ 6.465846, 47.599264 ], [ 6.466659, 47.599463 ], [ 6.467472, 47.599664 ], [ 6.468283, 47.599866 ], [ 6.469093, 47.60007 ], [ 6.469903, 47.600275 ], [ 6.470712, 47.600482 ], [ 6.47152, 47.600691 ], [ 6.472326, 47.600901 ], [ 6.473132, 47.601112 ], [ 6.473938, 47.601326 ], [ 6.474742, 47.601541 ], [ 6.475545, 47.601757 ], [ 6.476347, 47.601975 ], [ 6.477149, 47.602195 ], [ 6.477949, 47.602416 ], [ 6.478749, 47.602639 ], [ 6.479547, 47.602863 ], [ 6.480345, 47.603089 ], [ 6.481141, 47.603316 ], [ 6.481937, 47.603545 ], [ 6.482731, 47.603776 ], [ 6.483525, 47.604008 ], [ 6.484318, 47.604242 ], [ 6.485109, 47.604477 ], [ 6.4859, 47.604714 ], [ 6.486689, 47.604952 ], [ 6.487478, 47.605192 ], [ 6.488265, 47.605433 ], [ 6.489052, 47.605676 ], [ 6.489837, 47.605921 ], [ 6.490622, 47.606167 ], [ 6.490278, 47.606111 ], [ 6.490278, 47.606111 ], [ 6.445556, 47.556944 ], [ 6.246944, 47.611111 ], [ 6.003611, 47.66 ], [ 5.608333, 47.741667 ], [ 5.793333, 47.863333 ] ] ] } },
{ "type": "Feature", "properties": { "name": "CLERMONT 7", "nameV": "TMA CLERMONT 7 Lower(1000FT AGL-2500FT AMSL)", "class": "E", "type": "TMA", "lower": "2500FT AMSL", "lowerMin": "1000FT AGL", "lowerM": 762, "upper": "FL085", "upperM": 2590, "desc": "Except for SAINT ETIENNE CTR part 1 and 2 when active.", "activationCode": "H24", "UId": "1565365", "id": "LFLC7", "stroke": "#008040", "stroke-width": 2, "stroke-opacity": 0.8, "fill": "#80ff80", "fill-opacity": 0.2 }, "geometry": { "type": "Polygon", "coordinates": [ [ [ 3.898056, 45.969444 ], [ 4.290278, 45.923889 ], [ 4.616667, 45.283333 ], [ 4.533333, 45.266667 ], [ 4.316667, 45.2 ], [ 3.898056, 45.969444 ] ] ] } },
{ "type": "Feature", "properties": { "name": "LILLE 4.1", "nameV": "TMA LILLE 4.1", "class": "D", "type": "TMA", "lower": "4500FT AMSL", "lowerM": 1371, "upper": "FL065", "upperM": 1981, "desc": "Can be downgraded to class E for certain air activities, in accordance with protocol. Users INFO on LILLE APP.", "activationCode": "H24", "UId": "1613230", "id": "LFQQ4.1", "stroke": "#ff0000", "stroke-width": 2, "stroke-opacity": 0.8, "fill": "#ff8080", "fill-opacity": 0.3 }, "geometry": { "type": "Polygon", "coordinates": [ [ [ 3.614444, 50.409167 ], [ 3.658157767662281, 50.373306152288485 ], [ 3.657103, 50.369308 ], [ 3.658947, 50.366861 ], [ 3.664542, 50.365522 ], [ 3.667214, 50.360892 ], [ 3.667192, 50.3512 ], [ 3.664689, 50.347667 ], [ 3.669336, 50.346731 ], [ 3.669164, 50.345261 ], [ 3.6774, 50.3403 ], [ 3.672914, 50.334819 ], [ 3.674547, 50.332922 ], [ 3.677839, 50.33295 ], [ 3.679481, 50.329178 ], [ 3.685606, 50.326483 ], [ 3.684878, 50.324967 ], [ 3.688678, 50.322764 ], [ 3.693872, 50.321822 ], [ 3.692647, 50.318794 ], [ 3.691614, 50.318953 ], [ 3.692156, 50.320114 ], [ 3.690575, 50.320339 ], [ 3.689792, 50.319006 ], [ 3.683997, 50.320133 ], [ 3.695276637912547, 50.316107183667604 ], [ 3.695278, 50.316111 ], [ 3.415278, 50.206111 ], [ 3.484444, 50.3425 ], [ 3.614444, 50.409167 ] ] ] } },
{ "type": "Feature", "properties": { "name": "MARSAN 1.2", "nameV": "TMA MARSAN 1.2", "class": "D", "type": "TMA", "lower": "FL065", "lowerM": 1981, "upper": "FL195", "upperM": 5943, "desc": "Activation H24. OAT/GAT procedures. Deactivation announced by RAI 119.7. Activity known on PYRENEES INFO 126.525,BORDEAUX INFO 120.575 and BIARRITZ INFO 119.175.", "activationCode": "HX", "declassifiable": true, "UId": "1606067", "id": "LFBM1.2", "stroke": "#ff0000", "stroke-width": 2, "stroke-opacity": 0.8, "fill": "#ffb9dc", "fill-opacity": 0.3 }, "geometry": { "type": "Polygon", "coordinates": [ [ [ -0.162778, 44.5375 ], [ 0.554167, 44.013611 ], [ 0.38, 43.685 ], [ 0.198611, 43.6275 ], [ 0.066667, 43.585556 ], [ -0.013611, 43.559722 ], [ -0.176944, 43.536111 ], [ -0.399444, 43.504167 ], [ -0.550556, 43.482222 ], [ -0.716667, 43.458333 ], [ -0.9, 43.471111 ], [ -0.936111, 43.4875 ], [ -1.133333, 43.483333 ], [ -1.133333, 43.515278 ], [ -1.172222, 43.591667 ], [ -1.183333, 43.616667 ], [ -1.145278, 43.664722 ], [ -0.890833, 43.894167 ], [ -0.162778, 44.5375 ] ] ] } },
{ "type": "Feature", "properties": { "name": "LILLE 5", "nameV": "TMA LILLE 5", "class": "D", "type": "TMA", "lower": "FL065", "lowerM": 1981, "upper": "FL115", "upperM": 3505, "activationCode": "H24", "UId": "1561045", "id": "LFQQ5", "stroke": "#ff0000", "stroke-width": 2, "stroke-opacity": 0.8, "fill": "#ff8080", "fill-opacity": 0.3 }, "geometry": { "type": "Polygon", "coordinates": [ [ [ 3.695276637912547, 50.316107183667604 ], [ 3.69535, 50.316081 ], [ 3.694322, 50.313464 ], [ 3.702033, 50.310956 ], [ 3.71025, 50.303228 ], [ 3.720031, 50.305017 ], [ 3.715436, 50.306483 ], [ 3.716764740025713, 50.308259911917816 ], [ 3.716667, 50.308333 ], [ 3.74, 50.308333 ], [ 4.000278, 50.160556 ], [ 3.779444, 50.0 ], [ 3.558333, 50.0 ], [ 3.116667, 50.0 ], [ 2.488056, 50.0 ], [ 2.361667, 50.046389 ], [ 2.344722, 50.077778 ], [ 2.359722, 50.097222 ], [ 2.525, 50.305556 ], [ 2.776944, 50.214722 ], [ 3.415278, 50.206111 ], [ 3.695276637912547, 50.316107183667604 ] ] ] } },
{ "type": "Feature", "properties": { "name": "LILLE 1.1", "nameV": "TMA LILLE 1.1", "class": "D", "type": "TMA", "lower": "1500FT AMSL", "lowerM": 457, "upper": "FL065", "upperM": 1981, "desc": "Can be downgraded to class G for certain air activities, in accordance with protocol. Users INFO on LILLE APP.", "activationCode": "H24", "UId": "1564335", "id": "LFQQ1.1", "stroke": "#ff0000", "stroke-width": 2, "stroke-opacity": 0.8, "fill": "#ff8080", "fill-opacity": 0.3 }, "geometry": { "type": "Polygon", "coordinates": [ [ [ 2.8925, 50.693889 ], [ 3.07, 50.67 ], [ 3.225, 50.678333 ], [ 3.148056, 50.664444 ], [ 3.111944, 50.658056 ], [ 3.058889, 50.650556 ], [ 2.970833, 50.644722 ], [ 2.907222, 50.643056 ], [ 2.848611, 50.658333 ], [ 2.8925, 50.693889 ] ] ] } },
{ "type": "Feature", "properties": { "name": "PARIS 7.1.20", "nameV": "TMA PARIS 7.1.20", "class": "E", "type": "TMA", "lower": "FL065", "lowerM": 1981, "upper": "FL085", "upperM": 2590, "activationCode": "HX", "activationDesc": "Hors HOR ATS SEINE Outside SEINE ATS SKED", "UId": "1566057", "id": "LFPG7.1.20", "stroke": "#008040", "stroke-width": 2, "stroke-opacity": 0.8, "fill": "#80ff80", "fill-opacity": 0.2 }, "geometry": { "type": "Polygon", "coordinates": [ [ [ 3.915556, 48.543889 ], [ 4.080833, 48.455278 ], [ 3.794722, 48.099722 ], [ 3.283889, 47.890556 ], [ 3.053889, 48.101389 ], [ 3.240556, 48.089167 ], [ 3.780556, 48.406111 ], [ 3.915556, 48.543889 ] ] ] } },
{ "type": "Feature", "properties": { "name": "PARIS 7.2.20", "nameV": "TMA PARIS 7.2.20", "class": "E", "type": "TMA", "lower": "FL065", "lowerM": 1981, "upper": "FL085", "upperM": 2590, "activationCode": "HX", "activationDesc": "Hors HOR ATS SEINE Outside SEINE ATS SKED", "UId": "1566055", "id": "LFPG7.2.20", "stroke": "#008040", "stroke-width": 2, "stroke-opacity": 0.8, "fill": "#80ff80", "fill-opacity": 0.2 }, "geometry": { "type": "Polygon", "coordinates": [ [ [ 1.159444, 48.547222 ], [ 1.205556, 48.083611 ], [ 1.403056, 48.001667 ], [ 1.505278, 48.008889 ], [ 1.439444, 47.904444 ], [ 1.027222, 47.848333 ], [ 0.740833, 47.933333 ], [ 0.609167, 48.268333 ], [ 0.755833, 48.408611 ], [ 1.159444, 48.547222 ] ] ] } },
{ "type": "Feature", "properties": { "name": "STRASBOURG 11", "nameV": "TMA STRASBOURG 11", "class": "E", "type": "TMA", "lower": "FL055", "lowerM": 1676, "upper": "FL115", "upperM": 3505, "activationCode": "H24", "UId": "1613232", "id": "LFST11", "stroke": "#008040", "stroke-width": 2, "stroke-opacity": 0.8, "fill": "#80ff80", "fill-opacity": 0.2 }, "geometry": { "type": "Polygon", "coordinates": [ [ [ 5.818611, 49.4525 ], [ 5.833333, 49.452222 ], [ 5.833333, 49.233056 ], [ 5.138333, 49.306389 ], [ 5.818611, 49.4525 ] ] ] } },
{ "type": "Feature", "properties": { "name": "SAINT DIZIER 1.1", "nameV": "TMA SAINT DIZIER 1.1", "class": "D", "type": "TMA", "lower": "2400FT AMSL", "lowerM": 731, "upper": "FL055", "upperM": 1676, "desc": "Activation H24 OAT/GAT procedures. Except for LF-R45 N5 when active. Deactivation announced by RAI 134.775. Activity known on REIMS ACC, PARIS ACC/FIC, BASEL INFO and STRASBOURG INFO.", "activationCode": "H24", "UId": "1564651", "id": "LFSI1.1", "stroke": "#ff0000", "stroke-width": 2, "stroke-opacity": 0.8, "fill": "#ff8080", "fill-opacity": 0.3 }, "geometry": { "type": "Polygon", "coordinates": [ [ [ 5.210278, 48.717778 ], [ 5.398611, 48.665278 ], [ 5.398611, 48.486111 ], [ 5.147222, 48.485556 ], [ 5.147968, 48.48553 ], [ 5.151414, 48.48801 ], [ 5.154801, 48.490524 ], [ 5.15813, 48.493073 ], [ 5.161399, 48.495656 ], [ 5.164608, 48.498273 ], [ 5.167755, 48.500921 ], [ 5.17084, 48.503602 ], [ 5.173862, 48.506314 ], [ 5.176821, 48.509057 ], [ 5.179715, 48.51183 ], [ 5.182544, 48.514632 ], [ 5.185308, 48.517463 ], [ 5.188005, 48.520322 ], [ 5.190635, 48.523208 ], [ 5.193197, 48.526121 ], [ 5.195691, 48.52906 ], [ 5.198117, 48.532024 ], [ 5.200472, 48.535012 ], [ 5.202758, 48.538025 ], [ 5.204973, 48.54106 ], [ 5.207117, 48.544118 ], [ 5.209189, 48.547198 ], [ 5.211188, 48.550298 ], [ 5.213116, 48.553419 ], [ 5.214969, 48.556559 ], [ 5.21675, 48.559717 ], [ 5.218456, 48.562894 ], [ 5.220087, 48.566087 ], [ 5.221644, 48.569297 ], [ 5.223126, 48.572523 ], [ 5.224531, 48.575763 ], [ 5.225861, 48.579017 ], [ 5.227114, 48.582285 ], [ 5.228291, 48.585565 ], [ 5.229391, 48.588857 ], [ 5.230413, 48.59216 ], [ 5.231358, 48.595472 ], [ 5.232225, 48.598794 ], [ 5.233014, 48.602125 ], [ 5.233725, 48.605463 ], [ 5.234357, 48.608808 ], [ 5.234911, 48.61216 ], [ 5.235387, 48.615516 ], [ 5.235783, 48.618877 ], [ 5.236101, 48.622242 ], [ 5.236339, 48.625609 ], [ 5.236498, 48.628979 ], [ 5.236579, 48.63235 ], [ 5.23658, 48.635721 ], [ 5.236501, 48.639092 ], [ 5.236344, 48.642461 ], [ 5.236107, 48.645829 ], [ 5.235792, 48.649193 ], [ 5.235397, 48.652555 ], [ 5.234923, 48.655911 ], [ 5.23437, 48.659263 ], [ 5.233739, 48.662608 ], [ 5.233029, 48.665946 ], [ 5.23224, 48.669277 ], [ 5.231373, 48.672599 ], [ 5.230428, 48.675912 ], [ 5.229405, 48.679215 ], [ 5.228304, 48.682507 ], [ 5.227126, 48.685787 ], [ 5.225871, 48.689055 ], [ 5.224538, 48.692309 ], [ 5.22313, 48.69555 ], [ 5.221645, 48.698775 ], [ 5.220084, 48.701985 ], [ 5.218447, 48.705179 ], [ 5.216736, 48.708355 ], [ 5.214949, 48.711513 ], [ 5.213089, 48.714653 ], [ 5.211154, 48.717773 ], [ 5.210278, 48.717778 ] ] ] } },
{ "type": "Feature", "properties": { "name": "SAINT DIZIER 1.2", "nameV": "TMA SAINT DIZIER 1.2", "class": "D", "type": "TMA", "lower": "2400FT AMSL", "lowerM": 731, "upper": "FL055", "upperM": 1676, "desc": "Activation H24 OAT/GAT procedures. Except for LF-R69 area when active. Downgrading to class G following protocol announced on 134.775(ST DIZIER APP or RAI). Activity known on REIMS ACC, PARIS ACC/FIC, BASEL INFO and STRASBOURG INFO.", "activationCode": "H24", "UId": "1564649", "id": "LFSI1.2", "stroke": "#ff0000", "stroke-width": 2, "stroke-opacity": 0.8, "fill": "#ff8080", "fill-opacity": 0.3 }, "geometry": { "type": "Polygon", "coordinates": [ [ [ 5.398611, 48.486111 ], [ 5.398611, 48.418056 ], [ 5.293056, 48.408333 ], [ 5.173611, 48.410556 ], [ 5.052222, 48.353889 ], [ 4.962778, 48.455 ], [ 5.035556, 48.434167 ], [ 5.036058, 48.43397 ], [ 5.037762, 48.434452 ], [ 5.039462, 48.434942 ], [ 5.041158, 48.435437 ], [ 5.04285, 48.435939 ], [ 5.044538, 48.436447 ], [ 5.046221, 48.436961 ], [ 5.0479, 48.437482 ], [ 5.049574, 48.438009 ], [ 5.051244, 48.438543 ], [ 5.052909, 48.439082 ], [ 5.05457, 48.439628 ], [ 5.056226, 48.44018 ], [ 5.057877, 48.440738 ], [ 5.059524, 48.441302 ], [ 5.061166, 48.441873 ], [ 5.062802, 48.44245 ], [ 5.064434, 48.443032 ], [ 5.066061, 48.443621 ], [ 5.067683, 48.444216 ], [ 5.0693, 48.444817 ], [ 5.070912, 48.445425 ], [ 5.072519, 48.446038 ], [ 5.07412, 48.446657 ], [ 5.075716, 48.447282 ], [ 5.077307, 48.447913 ], [ 5.078892, 48.44855 ], [ 5.080472, 48.449193 ], [ 5.082047, 48.449842 ], [ 5.083616, 48.450497 ], [ 5.085179, 48.451157 ], [ 5.086737, 48.451824 ], [ 5.088289, 48.452496 ], [ 5.089835, 48.453174 ], [ 5.091376, 48.453858 ], [ 5.092911, 48.454548 ], [ 5.09444, 48.455243 ], [ 5.095963, 48.455944 ], [ 5.09748, 48.456651 ], [ 5.09899, 48.457364 ], [ 5.100495, 48.458082 ], [ 5.101994, 48.458806 ], [ 5.103487, 48.459535 ], [ 5.104973, 48.46027 ], [ 5.106453, 48.46101 ], [ 5.107927, 48.461756 ], [ 5.109394, 48.462508 ], [ 5.110855, 48.463265 ], [ 5.11231, 48.464027 ], [ 5.113758, 48.464795 ], [ 5.115199, 48.465569 ], [ 5.116634, 48.466347 ], [ 5.118063, 48.467132 ], [ 5.119484, 48.467921 ], [ 5.120899, 48.468716 ], [ 5.122307, 48.469516 ], [ 5.123709, 48.470321 ], [ 5.125103, 48.471132 ], [ 5.126491, 48.471947 ], [ 5.127871, 48.472768 ], [ 5.129245, 48.473594 ], [ 5.130611, 48.474426 ], [ 5.131971, 48.475262 ], [ 5.133323, 48.476103 ], [ 5.134668, 48.47695 ], [ 5.136006, 48.477801 ], [ 5.137337, 48.478658 ], [ 5.13866, 48.479519 ], [ 5.139976, 48.480386 ], [ 5.141285, 48.481257 ], [ 5.142586, 48.482133 ], [ 5.14388, 48.483014 ], [ 5.145166, 48.4839 ], [ 5.146445, 48.484791 ], [ 5.147716, 48.485686 ], [ 5.147222, 48.485556 ], [ 5.147222, 48.485556 ], [ 5.398611, 48.486111 ] ] ] } },
{ "type": "Feature", "properties": { "name": "SAINT DIZIER 2", "nameV": "TMA SAINT DIZIER 2", "class": "D", "type": "TMA", "lower": "1900FT AMSL", "lowerM": 579, "upper": "FL055", "upperM": 1676, "desc": "Activation H24 OAT/GAT procedures. Except for LF-R69 and LF-R 6E when active. Deactivation announced by RAI 134.775. Activity known on REIMS ACC, PARIS ACC/FIC, BASEL INFO and STRASBOURG INFO.", "activationCode": "H24", "UId": "1564655", "id": "LFSI2", "stroke": "#ff0000", "stroke-width": 2, "stroke-opacity": 0.8, "fill": "#ff8080", "fill-opacity": 0.3 }, "geometry": { "type": "Polygon", "coordinates": [ [ [ 4.655, 48.8625 ], [ 4.814167, 48.823889 ], [ 4.813782, 48.824108 ], [ 4.806719, 48.822523 ], [ 4.799718, 48.820824 ], [ 4.792782, 48.819013 ], [ 4.785917, 48.817089 ], [ 4.779125, 48.815055 ], [ 4.772412, 48.812912 ], [ 4.765782, 48.81066 ], [ 4.759238, 48.808302 ], [ 4.752784, 48.805838 ], [ 4.746424, 48.803271 ], [ 4.740163, 48.800601 ], [ 4.734004, 48.797831 ], [ 4.72795, 48.794961 ], [ 4.722005, 48.791995 ], [ 4.716174, 48.788933 ], [ 4.710459, 48.785778 ], [ 4.704863, 48.782531 ], [ 4.699391, 48.779194 ], [ 4.694045, 48.77577 ], [ 4.68883, 48.77226 ], [ 4.683747, 48.768666 ], [ 4.678799, 48.764992 ], [ 4.673991, 48.761238 ], [ 4.669325, 48.757407 ], [ 4.664803, 48.753503 ], [ 4.660428, 48.749526 ], [ 4.656203, 48.745479 ], [ 4.652131, 48.741365 ], [ 4.648213, 48.737187 ], [ 4.644452, 48.732946 ], [ 4.640851, 48.728645 ], [ 4.637412, 48.724288 ], [ 4.634136, 48.719876 ], [ 4.631025, 48.715412 ], [ 4.628082, 48.7109 ], [ 4.625308, 48.706341 ], [ 4.622704, 48.701738 ], [ 4.620273, 48.697095 ], [ 4.618015, 48.692414 ], [ 4.615932, 48.687697 ], [ 4.614026, 48.682948 ], [ 4.612296, 48.67817 ], [ 4.610745, 48.673365 ], [ 4.609373, 48.668537 ], [ 4.608181, 48.663687 ], [ 4.607169, 48.65882 ], [ 4.606339, 48.653938 ], [ 4.60569, 48.649044 ], [ 4.605223, 48.644141 ], [ 4.604938, 48.639232 ], [ 4.604835, 48.634319 ], [ 4.604915, 48.629407 ], [ 4.605177, 48.624497 ], [ 4.60562, 48.619593 ], [ 4.606246, 48.614698 ], [ 4.607052, 48.609814 ], [ 4.608039, 48.604945 ], [ 4.609206, 48.600093 ], [ 4.610553, 48.595261 ], [ 4.612078, 48.590453 ], [ 4.61378, 48.585671 ], [ 4.615659, 48.580918 ], [ 4.617713, 48.576197 ], [ 4.61994, 48.57151 ], [ 4.622341, 48.566862 ], [ 4.624912, 48.562253 ], [ 4.627653, 48.557687 ], [ 4.630561, 48.553167 ], [ 4.633636, 48.548696 ], [ 4.634167, 48.548611 ], [ 4.634167, 48.548611 ], [ 4.561111, 48.548611 ], [ 4.538889, 48.6825 ], [ 4.575, 48.829167 ], [ 4.655, 48.8625 ] ] ] } },
{ "type": "Feature", "properties": { "name": "ORLEANS 2", "nameV": "TMA ORLEANS 2", "class": "D", "type": "TMA", "lower": "FL065", "lowerM": 1981, "upper": "FL115", "upperM": 3505, "desc": "OAT/GAT procedures. Activity known on RAI 122.7, PARIS ACC/FIC or SEINE SIV.", "activationCode": "HX", "activationDesc": "Activable H24. Possible activation H24", "declassifiable": true, "UId": "1563027", "id": "LFOJ2", "stroke": "#ff0000", "stroke-width": 2, "stroke-opacity": 0.8, "fill": "#ffb9dc", "fill-opacity": 0.3 }, "geometry": { "type": "Polygon", "coordinates": [ [ [ 1.897222, 48.297222 ], [ 2.133333, 48.15 ], [ 2.124722, 47.961944 ], [ 2.120278, 47.895556 ], [ 2.105278, 47.703333 ], [ 1.887222, 47.770556 ], [ 1.439444, 47.904444 ], [ 1.537222, 48.058889 ], [ 1.678611, 48.058889 ], [ 1.768333, 48.110278 ], [ 1.897222, 48.297222 ] ] ] } },
{ "type": "Feature", "properties": { "name": "ORLEANS 5.2", "nameV": "TMA ORLEANS 5.2", "class": "D", "type": "TMA", "lower": "3500FT AMSL", "lowerM": 1066, "upper": "FL065", "upperM": 1981, "desc": "OAT/GAT procedures. ORLEANS TMA part 5.2 is downgraded to class G according to protocol. Activity known on RAI 122.7, PARIS ACC/FIC or SEINE SIV.", "activationCode": "HX", "activationDesc": "Activable H24. Possible activation H24.", "declassifiable": true, "UId": "1563047", "id": "LFOJ5.2", "stroke": "#ff0000", "stroke-width": 2, "stroke-opacity": 0.8, "fill": "#ffb9dc", "fill-opacity": 0.3 }, "geometry": { "type": "Polygon", "coordinates": [ [ [ 2.120278, 47.895556 ], [ 2.105278, 47.703333 ], [ 2.0325, 47.872222 ], [ 2.120278, 47.895556 ] ] ] } },
{ "type": "Feature", "properties": { "name": "SAINT-YAN 1", "nameV": "TMA SAINT-YAN 1", "class": "D", "type": "TMA", "lower": "2000FT AGL", "ordinalLowerM": 609, "lowerM": 609, "upper": "FL085", "upperM": 2590, "groundEstimatedHeight": [ 0, 0, 0, 0 ], "desc": "Lower limit 5000ft AMSL within TMA SAINT-YAN parts ROANNE 1.1, PARAY 1.2 and MOULINS 1.3 limits. Lower limit is set to the highest value between FL055 and 2500 ft ASFC within TMA SAIN-YAN part 1.4 limits.", "activationCode": "HO", "activationDesc": "LUN-VEN sauf JF: ETE: 0600-2200 HIV: 0700-2100 MON-FRI except HOL: SUM: 0600-2200 WIN: 0700-2100", "declassifiable": true, "UId": "1561351", "id": "LFLN1", "stroke": "#ff0000", "stroke-width": 2, "stroke-opacity": 0.8, "fill": "#ffb9dc", "fill-opacity": 0.3 }, "geometry": { "type": "Polygon", "coordinates": [ [ [ 3.498056, 47.105556 ], [ 3.666667, 47.077222 ], [ 4.283333, 46.966667 ], [ 4.65, 46.583333 ], [ 4.731111, 46.307222 ], [ 4.661389, 46.203611 ], [ 4.203611, 46.086111 ], [ 3.683333, 46.104444 ], [ 3.633333, 46.2 ], [ 3.633333, 46.308333 ], [ 3.566667, 46.333333 ], [ 3.225, 46.333333 ], [ 3.25, 46.5 ], [ 3.383333, 46.983333 ], [ 3.498056, 47.105556 ] ] ] } },
{ "type": "Feature", "properties": { "name": "BALE 11", "nameV": "TMA BALE 11", "class": "D", "type": "TMA", "lower": "2500FT AMSL", "lowerM": 762, "upper": "FL065", "upperM": 1981, "desc": "Activity known on BASEL Info", "activationCode": "HX", "activationDesc": "HOR ATS publiés de DOLE TWR DOLE TWR ATS SKED published", "declassifiable": true, "UId": "4237908", "id": "LFSB11F", "stroke": "#ff0000", "stroke-width": 2, "stroke-opacity": 0.8, "fill": "#ffb9dc", "fill-opacity": 0.3 }, "geometry": { "type": "Polygon", "coordinates": [ [ [ 5.508889, 47.137778 ], [ 5.608333, 47.083333 ], [ 5.688056, 46.985833 ], [ 5.603611, 46.906944 ], [ 5.464444, 46.8325 ], [ 5.106944, 46.757222 ], [ 4.974444, 46.865278 ], [ 4.960833, 46.9975 ], [ 5.349722, 47.081389 ], [ 5.508889, 47.137778 ] ] ] } },
{ "type": "Feature", "properties": { "name": "STRASBOURG 4", "nameV": "TMA STRASBOURG 4", "class": "D", "type": "TMA", "lower": "FL085", "lowerM": 2590, "upper": "FL115", "upperM": 3505, "desc": "Except for LF-R150 D2 when active.", "activationCode": "H24", "UId": "1561419", "id": "LFST4", "stroke": "#ff0000", "stroke-width": 2, "stroke-opacity": 0.8, "fill": "#ff8080", "fill-opacity": 0.3 }, "geometry": { "type": "Polygon", "coordinates": [ [ [ 7.346667, 48.894167 ], [ 7.345739, 48.894617 ], [ 7.342925, 48.893899 ], [ 7.340116, 48.893173 ], [ 7.337313, 48.892437 ], [ 7.334515, 48.891692 ], [ 7.331723, 48.890939 ], [ 7.328936, 48.890177 ], [ 7.326155, 48.889406 ], [ 7.323379, 48.888626 ], [ 7.32061, 48.887838 ], [ 7.317846, 48.887041 ], [ 7.315088, 48.886235 ], [ 7.312336, 48.88542 ], [ 7.30959, 48.884597 ], [ 7.30685, 48.883765 ], [ 7.304116, 48.882925 ], [ 7.301389, 48.882076 ], [ 7.298668, 48.881218 ], [ 7.295953, 48.880352 ], [ 7.293244, 48.879477 ], [ 7.290542, 48.878594 ], [ 7.287847, 48.877702 ], [ 7.285158, 48.876802 ], [ 7.282475, 48.875893 ], [ 7.2798, 48.874975 ], [ 7.277131, 48.87405 ], [ 7.274469, 48.873116 ], [ 7.271814, 48.872173 ], [ 7.269165, 48.871222 ], [ 7.266524, 48.870263 ], [ 7.26389, 48.869296 ], [ 7.261263, 48.86832 ], [ 7.258643, 48.867336 ], [ 7.256031, 48.866343 ], [ 7.253426, 48.865343 ], [ 7.250828, 48.864334 ], [ 7.248237, 48.863317 ], [ 7.245655, 48.862292 ], [ 7.243079, 48.861259 ], [ 7.240511, 48.860218 ], [ 7.237951, 48.859168 ], [ 7.235399, 48.858111 ], [ 7.232855, 48.857045 ], [ 7.230318, 48.855972 ], [ 7.227789, 48.85489 ], [ 7.225268, 48.8538 ], [ 7.222755, 48.852703 ], [ 7.220251, 48.851598 ], [ 7.217754, 48.850484 ], [ 7.215266, 48.849363 ], [ 7.212786, 48.848234 ], [ 7.210314, 48.847098 ], [ 7.20785, 48.845953 ], [ 7.205395, 48.844801 ], [ 7.202949, 48.843641 ], [ 7.20051, 48.842473 ], [ 7.198081, 48.841298 ], [ 7.19566, 48.840115 ], [ 7.193248, 48.838924 ], [ 7.190845, 48.837726 ], [ 7.18845, 48.83652 ], [ 7.186064, 48.835307 ], [ 7.183688, 48.834086 ], [ 7.18132, 48.832858 ], [ 7.178961, 48.831622 ], [ 7.176611, 48.830379 ], [ 7.174271, 48.829128 ], [ 7.171939, 48.82787 ], [ 7.169617, 48.826605 ], [ 7.167304, 48.825332 ], [ 7.165001, 48.824052 ], [ 7.162707, 48.822765 ], [ 7.160422, 48.821471 ], [ 7.158147, 48.820169 ], [ 7.155881, 48.81886 ], [ 7.153625, 48.817544 ], [ 7.151379, 48.816221 ], [ 7.149142, 48.814891 ], [ 7.146915, 48.813554 ], [ 7.144698, 48.81221 ], [ 7.142491, 48.810859 ], [ 7.140294, 48.809501 ], [ 7.138107, 48.808136 ], [ 7.135929, 48.806764 ], [ 7.133762, 48.805386 ], [ 7.131605, 48.804 ], [ 7.129458, 48.802608 ], [ 7.127321, 48.801209 ], [ 7.125194, 48.799803 ], [ 7.123078, 48.798391 ], [ 7.120972, 48.796972 ], [ 7.118877, 48.795546 ], [ 7.116792, 48.794114 ], [ 7.114717, 48.792675 ], [ 7.112653, 48.79123 ], [ 7.1106, 48.789778 ], [ 7.108557, 48.788319 ], [ 7.109444, 48.788611 ], [ 7.109444, 48.788611 ], [ 7.105278, 48.471111 ], [ 6.824444, 48.471111 ], [ 6.832222, 48.714167 ], [ 7.068889, 48.899444 ], [ 7.100278, 48.991667 ], [ 7.346667, 48.894167 ] ] ] } },
{ "type": "Feature", "properties": { "name": "STRASBOURG 10", "nameV": "TMA STRASBOURG 10", "class": "D", "type": "TMA", "lower": "FL075", "lowerM": 2286, "upper": "FL115", "upperM": 3505, "desc": "TA 5000ft. Except for LF-R 150 D2 when active.", "activationCode": "H24", "activationDesc": "H24.", "UId": "1610746", "id": "LFST10", "stroke": "#ff0000", "stroke-width": 2, "stroke-opacity": 0.8, "fill": "#ff8080", "fill-opacity": 0.3 }, "geometry": { "type": "Polygon", "coordinates": [ [ [ 6.421667, 49.202222 ], [ 6.508056, 49.1975 ], [ 6.687980068907945, 49.249081234516645 ], [ 6.687986, 49.249075 ], [ 6.689917, 49.249583 ], [ 6.690653, 49.247764 ], [ 6.685683, 49.243778 ], [ 6.684872, 49.241703 ], [ 6.685692, 49.239606 ], [ 6.688675, 49.238183 ], [ 6.689711, 49.235564 ], [ 6.689356, 49.232761 ], [ 6.690769, 49.230006 ], [ 6.688297, 49.224478 ], [ 6.689681, 49.220433 ], [ 6.696103, 49.215128 ], [ 6.701878, 49.216711 ], [ 6.706361, 49.216417 ], [ 6.719647, 49.221183 ], [ 6.7232, 49.218944 ], [ 6.731461, 49.205936 ], [ 6.711153, 49.188322 ], [ 6.720328, 49.175356 ], [ 6.726811, 49.172567 ], [ 6.729825, 49.169242 ], [ 6.738333, 49.163667 ], [ 6.749853, 49.166733 ], [ 6.761192, 49.164778 ], [ 6.773558, 49.167533 ], [ 6.780664, 49.168186 ], [ 6.789836, 49.166372 ], [ 6.794253, 49.1632 ], [ 6.802953, 49.162011 ], [ 6.808033, 49.158667 ], [ 6.816894, 49.157736 ], [ 6.824417, 49.154033 ], [ 6.833891267523341, 49.151118370791004 ], [ 6.833889, 49.151111 ], [ 6.993056, 49.033889 ], [ 6.965556, 49.018333 ], [ 6.96629, 49.018334 ], [ 6.966602, 49.017255 ], [ 6.966903, 49.016174 ], [ 6.967193, 49.015093 ], [ 6.967472, 49.01401 ], [ 6.967741, 49.012926 ], [ 6.967998, 49.011841 ], [ 6.968245, 49.010755 ], [ 6.968481, 49.009668 ], [ 6.968706, 49.008579 ], [ 6.968919, 49.00749 ], [ 6.969123, 49.0064 ], [ 6.969315, 49.005309 ], [ 6.969496, 49.004218 ], [ 6.969666, 49.003125 ], [ 6.969825, 49.002032 ], [ 6.969974, 49.000938 ], [ 6.970111, 48.999844 ], [ 6.970238, 48.998749 ], [ 6.970353, 48.997653 ], [ 6.970457, 48.996557 ], [ 6.970551, 48.995461 ], [ 6.970633, 48.994364 ], [ 6.970705, 48.993267 ], [ 6.970766, 48.992169 ], [ 6.970815, 48.991071 ], [ 6.970854, 48.989974 ], [ 6.970881, 48.988876 ], [ 6.970898, 48.987777 ], [ 6.970903, 48.986679 ], [ 6.970898, 48.985581 ], [ 6.970882, 48.984483 ], [ 6.970854, 48.983385 ], [ 6.970816, 48.982287 ], [ 6.970767, 48.981189 ], [ 6.970706, 48.980092 ], [ 6.970635, 48.978995 ], [ 6.970553, 48.977898 ], [ 6.970459, 48.976802 ], [ 6.970355, 48.975706 ], [ 6.97024, 48.97461 ], [ 6.970114, 48.973515 ], [ 6.969977, 48.972421 ], [ 6.969829, 48.971327 ], [ 6.96967, 48.970233 ], [ 6.9695, 48.969141 ], [ 6.969319, 48.968049 ], [ 6.969127, 48.966958 ], [ 6.968925, 48.965868 ], [ 6.968711, 48.964779 ], [ 6.968487, 48.963691 ], [ 6.968252, 48.962604 ], [ 6.968006, 48.961517 ], [ 6.967749, 48.960432 ], [ 6.967481, 48.959348 ], [ 6.967202, 48.958265 ], [ 6.966913, 48.957184 ], [ 6.966613, 48.956104 ], [ 6.965833, 48.956111 ], [ 6.965833, 48.956111 ], [ 7.068889, 48.899444 ], [ 6.905833, 48.771944 ], [ 6.801667, 48.829444 ], [ 6.8019, 48.829472 ], [ 6.800209, 48.829077 ], [ 6.798513, 48.82869 ], [ 6.796813, 48.828311 ], [ 6.79511, 48.82794 ], [ 6.793402, 48.827576 ], [ 6.79169, 48.827221 ], [ 6.789975, 48.826873 ], [ 6.788256, 48.826534 ], [ 6.786533, 48.826202 ], [ 6.784807, 48.825879 ], [ 6.783078, 48.825563 ], [ 6.781345, 48.825256 ], [ 6.779609, 48.824957 ], [ 6.77787, 48.824666 ], [ 6.776127, 48.824382 ], [ 6.774382, 48.824107 ], [ 6.772634, 48.823841 ], [ 6.770883, 48.823582 ], [ 6.769129, 48.823331 ], [ 6.767373, 48.823089 ], [ 6.765614, 48.822854 ], [ 6.763852, 48.822628 ], [ 6.762089, 48.82241 ], [ 6.760323, 48.822201 ], [ 6.758554, 48.821999 ], [ 6.756784, 48.821806 ], [ 6.755012, 48.821621 ], [ 6.753237, 48.821444 ], [ 6.751461, 48.821276 ], [ 6.749683, 48.821115 ], [ 6.747904, 48.820963 ], [ 6.746123, 48.82082 ], [ 6.74434, 48.820684 ], [ 6.742556, 48.820557 ], [ 6.740771, 48.820438 ], [ 6.738984, 48.820328 ], [ 6.737196, 48.820226 ], [ 6.735407, 48.820132 ], [ 6.733618, 48.820046 ], [ 6.731827, 48.819969 ], [ 6.730036, 48.8199 ], [ 6.728244, 48.819839 ], [ 6.726451, 48.819787 ], [ 6.724658, 48.819743 ], [ 6.722864, 48.819708 ], [ 6.72107, 48.819681 ], [ 6.719276, 48.819662 ], [ 6.717482, 48.819651 ], [ 6.715687, 48.819649 ], [ 6.713893, 48.819655 ], [ 6.712099, 48.81967 ], [ 6.710304, 48.819692 ], [ 6.708511, 48.819724 ], [ 6.706717, 48.819763 ], [ 6.704924, 48.819811 ], [ 6.703132, 48.819867 ], [ 6.70134, 48.819932 ], [ 6.701389, 48.82 ], [ 6.701389, 48.82 ], [ 6.660278, 48.798333 ], [ 6.460833, 48.883333 ], [ 6.501667, 48.925833 ], [ 6.440278, 49.175 ], [ 6.421667, 49.202222 ] ] ] } },
{ "type": "Feature", "properties": { "name": "ORLEANS 6.2", "nameV": "TMA ORLEANS 6.2", "class": "D", "type": "TMA", "lower": "4500FT AMSL", "lowerM": 1371, "upper": "FL065", "upperM": 1981, "desc": "OAT/GAT procedures. ORLEANS TMA part 6.2 is downgraded to class G according to protocol. Activity known on RAI 122.7, PARIS ACC/FIC or SEINE SIV.", "activationCode": "HX", "activationDesc": "Activable H24. Possible activation H24.", "declassifiable": true, "UId": "1563055", "id": "LFOJ6.2", "stroke": "#ff0000", "stroke-width": 2, "stroke-opacity": 0.8, "fill": "#ffb9dc", "fill-opacity": 0.3 }, "geometry": { "type": "Polygon", "coordinates": [ [ [ 1.293056, 47.6125 ], [ 1.4875, 47.474444 ], [ 1.188056, 47.398056 ], [ 1.293056, 47.6125 ] ] ] } },
{ "type": "Feature", "properties": { "name": "SEINE 2", "nameV": "TMA SEINE 2", "class": "E", "type": "TMA", "lower": "2000FT AMSL", "lowerM": 609, "upper": "FL065", "upperM": 1981, "activationCode": "HX", "activationDesc": "MON-FRI (EXC HOL): SUM: 0400-2030 WIN: 0600-2100", "UId": "1561335", "id": "LFPM2", "stroke": "#008040", "stroke-width": 2, "stroke-opacity": 0.8, "fill": "#80ff80", "fill-opacity": 0.2 }, "geometry": { "type": "Polygon", "coordinates": [ [ [ 3.711111, 48.5675 ], [ 3.82, 48.583333 ], [ 4.155556, 48.583333 ], [ 4.416667, 48.247778 ], [ 4.1, 48.083333 ], [ 3.9, 48.116667 ], [ 3.780556, 48.136389 ], [ 3.801944, 48.379722 ], [ 3.711111, 48.5675 ] ] ] } },
{ "type": "Feature", "properties": { "name": "SAINT-YAN 2", "nameV": "TMA SAINT-YAN 2", "class": "E", "type": "TMA", "lower": "2000FT AGL", "ordinalLowerM": 609, "lowerM": 609, "upper": "FL085", "upperM": 2590, "groundEstimatedHeight": [ 0, 0, 0, 0 ], "activationCode": "HO", "activationDesc": "LUN-VEN sauf JF ETE: 0600-2200 HIV: 0700-2100. MON-FRI except HOL: SUM: 0600-2200 WIN: 0700-2100.", "UId": "1561347", "id": "LFLN2", "stroke": "#008040", "stroke-width": 2, "stroke-opacity": 0.8, "fill": "#80ff80", "fill-opacity": 0.2 }, "geometry": { "type": "Polygon", "coordinates": [ [ [ 4.203611, 46.086111 ], [ 4.290278, 45.923889 ], [ 3.898056, 45.969444 ], [ 3.853889, 46.05 ], [ 3.683333, 46.104444 ], [ 4.203611, 46.086111 ] ] ] } },
{ "type": "Feature", "properties": { "name": "ORLEANS 1.2", "nameV": "TMA ORLEANS 1.2", "class": "D", "type": "TMA", "lower": "1500FT AMSL", "lowerM": 457, "upper": "FL065", "upperM": 1981, "desc": "OAT/GAT procedures. ORLEANS TMA part 1.2 is downgraded to class G according to protocol. Activity known on RAI 122.7, PARIS ACC/FIC or SEINE SIV.", "activationCode": "HX", "activationDesc": "Activable H24. Possible activation H24.", "declassifiable": true, "UId": "1563031", "id": "LFOJ1.2", "stroke": "#ff0000", "stroke-width": 2, "stroke-opacity": 0.8, "fill": "#ffb9dc", "fill-opacity": 0.3 }, "geometry": { "type": "Polygon", "coordinates": [ [ [ 2.052778, 48.15 ], [ 2.133333, 48.15 ], [ 2.2, 48.025833 ], [ 2.2, 47.916667 ], [ 2.120278, 47.895556 ], [ 2.127778, 48.058333 ], [ 2.052778, 48.15 ] ] ] } },
{ "type": "Feature", "properties": { "name": "RENNES 3", "nameV": "TMA RENNES 3", "class": "D", "type": "TMA", "lower": "FL065", "lowerM": 1981, "upper": "FL115", "upperM": 3505, "desc": "Except for R 506 A, when active.", "activationCode": "H24", "UId": "1561373", "id": "LFRN3", "stroke": "#ff0000", "stroke-width": 2, "stroke-opacity": 0.8, "fill": "#ff8080", "fill-opacity": 0.3 }, "geometry": { "type": "Polygon", "coordinates": [ [ [ -1.233333, 48.480556 ], [ -0.933333, 48.471944 ], [ -0.933333, 47.852222 ], [ -1.239722, 47.660833 ], [ -1.821389, 47.616667 ], [ -2.206944, 47.898889 ], [ -2.206944, 48.245278 ], [ -2.116389, 48.258333 ], [ -1.95, 48.282778 ], [ -1.736944, 48.340556 ], [ -1.513056, 48.404167 ], [ -1.233333, 48.480556 ] ] ] } },
{ "type": "Feature", "properties": { "name": "SEINE 3", "nameV": "TMA SEINE 3", "class": "E", "type": "TMA", "lower": "2000FT AMSL", "lowerM": 609, "upper": "FL065", "upperM": 1981, "activationCode": "HX", "activationDesc": "MON-FRI (EXC HOL): SUM: 0400-2030 WIN: 0600-2100", "UId": "1561331", "id": "LFPM3", "stroke": "#008040", "stroke-width": 2, "stroke-opacity": 0.8, "fill": "#80ff80", "fill-opacity": 0.2 }, "geometry": { "type": "Polygon", "coordinates": [ [ [ 3.518889, 48.179167 ], [ 3.780556, 48.136389 ], [ 3.9, 48.116667 ], [ 4.1, 48.083333 ], [ 3.733333, 47.890556 ], [ 3.732778, 47.6 ], [ 3.255278, 47.6 ], [ 3.25, 47.607778 ], [ 3.25, 48.0 ], [ 3.518889, 48.179167 ] ] ] } },
{ "type": "Feature", "properties": { "name": "SEINE 4", "nameV": "TMA SEINE 4", "class": "E", "type": "TMA", "lower": "2000FT AMSL", "lowerM": 609, "upper": "FL065", "upperM": 1981, "desc": "Except for R6A, SAINT DIZIER TMA 3 and VATRY CTR when active. Upper limit 4500ft AMSL in part situated BLW PARIS TMA 5.", "activationCode": "HX", "activationDesc": "ATS SEINE: SUM: 0400-2030 WIN: 0600-2100", "UId": "1561343", "id": "LFPM4", "stroke": "#008040", "stroke-width": 2, "stroke-opacity": 0.8, "fill": "#80ff80", "fill-opacity": 0.2 }, "geometry": { "type": "Polygon", "coordinates": [ [ [ 3.483333, 49.033333 ], [ 3.95, 49.033333 ], [ 4.193611, 48.976111 ], [ 4.516667, 48.9 ], [ 4.575, 48.829167 ], [ 4.538889, 48.6825 ], [ 4.155556, 48.583333 ], [ 3.82, 48.583333 ], [ 3.711111, 48.5675 ], [ 3.483333, 49.033333 ] ] ] } },
{ "type": "Feature", "properties": { "name": "SAINT-YAN 1.4", "nameV": "TMA SAINT-YAN 1.4 Upper(FL055-2500FT AGL)", "class": "D", "type": "TMA", "lower": "2000FT AGL", "ordinalLowerM": 609, "lowerM": 609, "upper": "FL055", "upperMax": "2500FT AGL", "upperM": 1676, "groundEstimatedHeight": [ 0, 0, 0, 0 ], "desc": "Upper limit is set to the highest value between FL 055 and 2500 ft ASFC. Downgrading following protocol. SKED kown on ST-YAN APP and SIV Clermont. Except forLF-R 45 S4.", "activationCode": "HX", "activationDesc": "LUN-VEN sauf JF: ETE: 0600-2200 HIV: 0700-2100 MON-FRI except HOL: SUM: 0600-2200 WIN: 0700-2100", "declassifiable": true, "UId": "17782569", "id": "LFLN1.4", "stroke": "#ff0000", "stroke-width": 2, "stroke-opacity": 0.8, "fill": "#ffb9dc", "fill-opacity": 0.3 }, "geometry": { "type": "Polygon", "coordinates": [ [ [ 3.666667, 47.077222 ], [ 4.283333, 46.966667 ], [ 4.65, 46.583333 ], [ 4.731111, 46.307222 ], [ 4.661389, 46.203611 ], [ 4.433889, 46.145556 ], [ 4.530556, 46.403889 ], [ 4.124722, 46.878889 ], [ 3.564444, 46.977222 ], [ 3.666667, 47.077222 ] ] ] } },
{ "type": "Feature", "properties": { "name": "PYRENEES 5.20", "nameV": "TMA PYRENEES 5.20", "class": "E", "type": "TMA", "lower": "4500FT AMSL", "lowerM": 1371, "upper": "FL065", "upperM": 1981, "activationCode": "H24", "UId": "1560979", "id": "LFBT5.20", "stroke": "#008040", "stroke-width": 2, "stroke-opacity": 0.8, "fill": "#80ff80", "fill-opacity": 0.2 }, "geometry": { "type": "Polygon", "coordinates": [ [ [ 0.553611, 44.010833 ], [ 0.872778, 43.766667 ], [ 0.75, 43.673889 ], [ 0.75, 43.251389 ], [ 0.558333, 43.251389 ], [ 0.558333, 43.495 ], [ 0.258333, 43.633333 ], [ 0.255278, 43.645278 ], [ 0.38, 43.685 ], [ 0.553611, 44.010833 ] ] ] } },
{ "type": "Feature", "properties": { "name": "MARSAN 1.1", "nameV": "TMA MARSAN 1.1", "class": "D", "type": "TMA", "lower": "3000FT AMSL", "lowerM": 914, "upper": "FL065", "upperM": 1981, "desc": "Airspace defined except for LF-R 267 A/B/C areas, when active. Activation H24. OAT/GAT procedures. Deactivation announced by RAI 119.7. Activity known on: - PYRENEES INFO 126.525, - BORDEAUX INFO 120.575, - BIARRITZ INFO 119.175. LF-P 35: entry prohibited, except derogation (see AIP ENR 5.1).", "activationCode": "HX", "declassifiable": true, "UId": "1606065", "id": "LFBM1.1", "stroke": "#ff0000", "stroke-width": 2, "stroke-opacity": 0.8, "fill": "#ffb9dc", "fill-opacity": 0.3 }, "geometry": { "type": "Polygon", "coordinates": [ [ [ -0.162778, 44.5375 ], [ 0.553611, 44.010833 ], [ 0.380278, 43.685556 ], [ -0.013611, 43.559722 ], [ -0.615833, 43.472778 ], [ -0.669444, 43.555556 ], [ -0.890833, 43.894167 ], [ -0.162778, 44.5375 ] ] ] } },
{ "type": "Feature", "properties": { "name": "PROVENCE 9.1", "nameV": "TMA PROVENCE 9.1", "class": "D", "type": "TMA", "lower": "4500FT AMSL", "lowerM": 1371, "upper": "FL065", "upperM": 1981, "desc": "Airspace defined except CTA 3 SALON and LF-R 276 PATROUILLE DE FRANCE when active. Downgrading to class E following protocol announced on PROVENCE ATIS.", "activationCode": "H24", "UId": "1613220", "id": "LFML9.1", "stroke": "#ff0000", "stroke-width": 2, "stroke-opacity": 0.8, "fill": "#ff8080", "fill-opacity": 0.3 }, "geometry": { "type": "Polygon", "coordinates": [ [ [ 4.983333, 43.861944 ], [ 5.050214, 43.832783 ], [ 5.1102, 43.685486 ], [ 5.282883, 43.684836 ], [ 5.210833, 43.889167 ], [ 5.038889, 43.938889 ], [ 4.993056, 43.913889 ], [ 4.983333, 43.861944 ] ] ] } },
{ "type": "Feature", "properties": { "name": "PROVENCE 9.2", "nameV": "TMA PROVENCE 9.2", "class": "D", "type": "TMA", "lower": "4500FT AMSL", "lowerM": 1371, "upper": "FL065", "upperM": 1981, "desc": "Downgrading to class E following protocol announced on PROVENCE ATIS.", "activationCode": "H24", "UId": "1613222", "id": "LFML9.2", "stroke": "#ff0000", "stroke-width": 2, "stroke-opacity": 0.8, "fill": "#ff8080", "fill-opacity": 0.3 }, "geometry": { "type": "Polygon", "coordinates": [ [ [ 4.765278, 44.012222 ], [ 4.780556, 43.816667 ], [ 4.643736, 43.800278 ], [ 4.551864, 43.858128 ], [ 4.550041, 43.945835 ], [ 4.765278, 44.012222 ] ] ] } },
{ "type": "Feature", "properties": { "name": "PARIS 7.2", "nameV": "TMA PARIS 7.2", "class": "D", "type": "TMA", "lower": "FL065", "lowerM": 1981, "upper": "FL085", "upperM": 2590, "activationCode": "HX", "activationDesc": "HOR ATS SEINE During SEINE ATS SKED", "declassifiable": true, "UId": "1566049", "id": "LFPG7.2", "stroke": "#ff0000", "stroke-width": 2, "stroke-opacity": 0.8, "fill": "#ffb9dc", "fill-opacity": 0.3 }, "geometry": { "type": "Polygon", "coordinates": [ [ [ 1.159444, 48.547222 ], [ 1.205556, 48.083611 ], [ 1.403056, 48.001667 ], [ 1.505278, 48.008889 ], [ 1.439444, 47.904444 ], [ 1.027222, 47.848333 ], [ 0.740833, 47.933333 ], [ 0.609167, 48.268333 ], [ 0.755833, 48.408611 ], [ 1.159444, 48.547222 ] ] ] } },
{ "type": "Feature", "properties": { "name": "PARIS 7.1", "nameV": "TMA PARIS 7.1", "class": "D", "type": "TMA", "lower": "FL065", "lowerM": 1981, "upper": "FL085", "upperM": 2590, "activationCode": "HX", "activationDesc": "HOR ATS SEINE During SEINE ATS SKED", "declassifiable": true, "UId": "1566051", "id": "LFPG7.1", "stroke": "#ff0000", "stroke-width": 2, "stroke-opacity": 0.8, "fill": "#ffb9dc", "fill-opacity": 0.3 }, "geometry": { "type": "Polygon", "coordinates": [ [ [ 3.915556, 48.543889 ], [ 4.080833, 48.455278 ], [ 3.794722, 48.099722 ], [ 3.283889, 47.890556 ], [ 3.053889, 48.101389 ], [ 3.240556, 48.089167 ], [ 3.780556, 48.406111 ], [ 3.915556, 48.543889 ] ] ] } },
{ "type": "Feature", "properties": { "name": "PARIS 9", "nameV": "TMA PARIS 9", "class": "A", "type": "TMA", "lower": "FL085", "lowerM": 2590, "upper": "FL115", "upperM": 3505, "desc": "Caution: this part of TMA coexists with LF-R 205/9 PARIS 9 which sets restrictions of entry for flights GAT IFR and VFR. Except for ORLEANS TMA 2, LF-R 3111 B and LF-R 3112 (Satory) when active.", "activationCode": "H24", "UId": "1566043", "id": "LFPG9", "stroke": "#ff0000", "stroke-width": 2, "stroke-opacity": 0.8, "fill": "#ff8080", "fill-opacity": 0.3 }, "geometry": { "type": "Polygon", "coordinates": [ [ [ 1.403889, 49.836389 ], [ 1.536111, 49.751667 ], [ 1.723889, 49.630833 ], [ 1.665833, 49.536944 ], [ 2.5, 49.433333 ], [ 2.602778, 49.471389 ], [ 2.708889, 49.510556 ], [ 2.743889, 49.635278 ], [ 2.782778, 49.674167 ], [ 2.976389, 49.6025 ], [ 3.105833, 49.611944 ], [ 3.236389, 49.666667 ], [ 3.660278, 49.748333 ], [ 3.933333, 49.8 ], [ 4.250833, 49.505278 ], [ 3.8825, 49.256667 ], [ 3.661667, 49.105833 ], [ 3.656944, 48.736667 ], [ 3.656389, 48.700556 ], [ 3.73, 48.683889 ], [ 3.781667, 48.672222 ], [ 3.853056, 48.639444 ], [ 3.915556, 48.543889 ], [ 4.080833, 48.455278 ], [ 3.794722, 48.099722 ], [ 3.283889, 47.890556 ], [ 3.053889, 48.101389 ], [ 2.906667, 48.273611 ], [ 1.897222, 48.297222 ], [ 1.752778, 48.090833 ], [ 1.726944, 48.06 ], [ 1.709167, 48.049444 ], [ 1.594722, 48.015 ], [ 1.505278, 48.008889 ], [ 1.439444, 47.904444 ], [ 1.027222, 47.848333 ], [ 0.740833, 47.933333 ], [ 0.609167, 48.268333 ], [ 0.755833, 48.408611 ], [ 1.159444, 48.547222 ], [ 1.207778, 48.598611 ], [ 1.286111, 48.657222 ], [ 1.425278, 48.705833 ], [ 1.419167, 48.917222 ], [ 1.495278, 49.101111 ], [ 1.488611, 49.138611 ], [ 1.316667, 49.166667 ], [ 0.9125, 49.231389 ], [ 1.255556, 49.834444 ], [ 1.403889, 49.836389 ] ] ] } },
{ "type": "Feature", "properties": { "name": "PYRENEES 5", "nameV": "TMA PYRENEES 5", "class": "D", "type": "TMA", "lower": "FL065", "lowerM": 1981, "upper": "FL115", "upperM": 3505, "activationCode": "H24", "UId": "1560983", "id": "LFBP5", "stroke": "#ff0000", "stroke-width": 2, "stroke-opacity": 0.8, "fill": "#ff8080", "fill-opacity": 0.3 }, "geometry": { "type": "Polygon", "coordinates": [ [ [ 0.553611, 44.010833 ], [ 0.872778, 43.766667 ], [ 0.75, 43.673889 ], [ 0.75, 43.251389 ], [ 0.558333, 43.251389 ], [ 0.558333, 43.495 ], [ 0.258333, 43.633333 ], [ 0.255278, 43.645278 ], [ 0.38, 43.685 ], [ 0.553611, 44.010833 ] ] ] } },
{ "type": "Feature", "properties": { "name": "PYRENEES 8", "nameV": "TMA PYRENEES 8", "class": "D", "type": "TMA", "lower": "FL075", "lowerM": 2286, "upper": "FL115", "upperM": 3505, "desc": "Outside TMA MARSAN part 1.2 and LF-R 34 A2 activity periods.", "activationCode": "H24", "UId": "1562553", "id": "LFBP8", "stroke": "#ff0000", "stroke-width": 2, "stroke-opacity": 0.8, "fill": "#ff8080", "fill-opacity": 0.3 }, "geometry": { "type": "Polygon", "coordinates": [ [ [ -0.608333, 43.683333 ], [ 0.375, 43.683333 ], [ 0.198611, 43.6275 ], [ 0.066667, 43.585556 ], [ -0.566667, 43.585556 ], [ -0.676667, 43.516389 ], [ -0.622222, 43.471944 ], [ -0.716667, 43.458333 ], [ -0.9, 43.471111 ], [ -0.869722, 43.5625 ], [ -0.608333, 43.683333 ] ] ] } },
{ "type": "Feature", "properties": { "name": "AQUITAINE 4", "nameV": "TMA AQUITAINE 4", "class": "D", "type": "TMA", "lower": "FL065", "lowerM": 1981, "upper": "FL115", "upperM": 3505, "desc": "Except for LF R204 T4 when active.", "activationCode": "H24", "UId": "1566379", "id": "LFBD4", "stroke": "#ff0000", "stroke-width": 2, "stroke-opacity": 0.8, "fill": "#ff8080", "fill-opacity": 0.3 }, "geometry": { "type": "Polygon", "coordinates": [ [ [ -0.833333, 44.433333 ], [ -0.431667, 44.3025 ], [ -0.686944, 44.076111 ], [ -0.9, 44.2 ], [ -0.833333, 44.433333 ] ] ] } },
{ "type": "Feature", "properties": { "name": "AQUITAINE 10", "nameV": "TMA AQUITAINE 10", "class": "D", "type": "TMA", "lower": "FL065", "lowerM": 1981, "upper": "FL115", "upperM": 3505, "desc": "Except for LF-R49 H3 when active. Activity known from AQUITAINE INFO..", "activationCode": "H24", "UId": "1563097", "id": "LFBD10", "stroke": "#ff0000", "stroke-width": 2, "stroke-opacity": 0.8, "fill": "#ff8080", "fill-opacity": 0.3 }, "geometry": { "type": "Polygon", "coordinates": [ [ [ 0.166667, 45.45 ], [ 0.646111, 45.0 ], [ 0.325278, 45.0 ], [ 0.284444, 44.973611 ], [ 0.166667, 45.132778 ], [ 0.166667, 45.45 ] ] ] } },
{ "type": "Feature", "properties": { "name": "AQUITAINE 6", "nameV": "TMA AQUITAINE 6", "class": "E", "type": "TMA", "lower": "4500FT AMSL", "lowerM": 1371, "upper": "FL065", "upperM": 1981, "desc": "Except for BORDEAUX ESSAIS CTA part 1 when active.", "activationCode": "H24", "UId": "1566385", "id": "LFBD6", "stroke": "#008040", "stroke-width": 2, "stroke-opacity": 0.8, "fill": "#80ff80", "fill-opacity": 0.2 }, "geometry": { "type": "Polygon", "coordinates": [ [ [ -1.216667, 45.666667 ], [ -0.789167, 45.666667 ], [ -0.725, 45.5 ], [ -1.166194, 45.5 ], [ -1.216667, 45.666667 ] ] ] } },
{ "type": "Feature", "properties": { "name": "BIARRITZ 6", "nameV": "TMA BIARRITZ 6", "class": "D", "type": "TMA", "lower": "FL065", "lowerM": 1981, "upper": "FL115", "upperM": 3505, "desc": "PYRENEES APP outside BIARRITZ APP SKED.", "activationCode": "H24", "UId": "1563677", "id": "LFBZ6", "stroke": "#ff0000", "stroke-width": 2, "stroke-opacity": 0.8, "fill": "#ff8080", "fill-opacity": 0.3 }, "geometry": { "type": "Polygon", "coordinates": [ [ [ -1.283889, 43.943056 ], [ -1.015833, 43.791667 ], [ -0.9225, 43.875278 ], [ -1.192222, 44.027778 ], [ -1.283889, 43.943056 ] ] ] } },
{ "type": "Feature", "properties": { "name": "PYRENEES 6", "nameV": "TMA PYRENEES 6", "class": "E", "type": "TMA", "lower": "FL075", "lowerM": 2286, "upper": "FL115", "upperM": 3505, "activationCode": "H24", "UId": "52920329", "id": "LFBP61", "stroke": "#008040", "stroke-width": 2, "stroke-opacity": 0.8, "fill": "#80ff80", "fill-opacity": 0.2 }, "geometry": { "type": "Polygon", "coordinates": [ [ [ 0.558333, 43.251389 ], [ 0.75, 43.251389 ], [ 0.75, 43.0 ], [ 0.140556, 43.051389 ], [ 0.398889, 43.175556 ], [ 0.558333, 43.251389 ] ] ] } },
{ "type": "Feature", "properties": { "name": "CHAMBERY 1", "nameV": "TMA CHAMBERY 1 Lower(1000FT AGL-3000FT AMSL)", "class": "D", "type": "TMA", "lower": "3000FT AMSL", "lowerMin": "1000FT AGL", "lowerM": 914, "upper": "FL095", "upperM": 2895, "desc": "Outside CHAMBERY APP SKED, lower limit raised to 6000 ft AMSL and TMA controlled by LYON APP. Airspace defined excluding: - CHAMBERY CTR and ANNECY CTR. - LF-R 48 PAS DE LA FOSSE and LF-R 185 SACCONGES parts with which it interferes. Downgrading to class E: - from the 2nd Monday of April to the 2nd Friday of December. - outside this period, and with the exception of the French Christmas holidays: from Monday 1100 UTC to Thursday 2359 UTC.", "activationCode": "H24", "UId": "1560921", "id": "LFLB1", "stroke": "#ff0000", "stroke-width": 2, "stroke-opacity": 0.8, "fill": "#ff8080", "fill-opacity": 0.3 }, "geometry": { "type": "Polygon", "coordinates": [ [ [ 6.159167, 46.048889 ], [ 6.242222, 45.985 ], [ 6.083889, 45.846944 ], [ 6.056111, 45.7875 ], [ 5.955, 45.680556 ], [ 5.955, 45.635278 ], [ 5.982778, 45.605556 ], [ 5.98, 45.490556 ], [ 5.775, 45.490278 ], [ 5.746389, 45.727222 ], [ 5.758056, 45.901944 ], [ 5.757975, 45.902004 ], [ 5.761115, 45.901728 ], [ 5.764261, 45.901484 ], [ 5.767412, 45.901272 ], [ 5.770567, 45.901092 ], [ 5.773725, 45.900944 ], [ 5.776886, 45.900828 ], [ 5.780049, 45.900745 ], [ 5.783214, 45.900694 ], [ 5.786379, 45.900675 ], [ 5.789544, 45.900688 ], [ 5.792709, 45.900733 ], [ 5.795873, 45.900811 ], [ 5.799034, 45.900921 ], [ 5.802193, 45.901063 ], [ 5.805348, 45.901237 ], [ 5.8085, 45.901443 ], [ 5.811647, 45.901681 ], [ 5.814788, 45.901952 ], [ 5.817924, 45.902254 ], [ 5.821053, 45.902588 ], [ 5.824174, 45.902954 ], [ 5.827288, 45.903352 ], [ 5.830393, 45.903781 ], [ 5.833488, 45.904242 ], [ 5.836574, 45.904735 ], [ 5.839649, 45.905258 ], [ 5.842712, 45.905813 ], [ 5.845764, 45.9064 ], [ 5.848803, 45.907017 ], [ 5.851829, 45.907665 ], [ 5.85484, 45.908344 ], [ 5.857838, 45.909053 ], [ 5.86082, 45.909793 ], [ 5.863786, 45.910563 ], [ 5.866735, 45.911363 ], [ 5.869668, 45.912193 ], [ 5.872583, 45.913053 ], [ 5.87548, 45.913943 ], [ 5.878357, 45.914861 ], [ 5.881215, 45.91581 ], [ 5.884053, 45.916787 ], [ 5.88687, 45.917793 ], [ 5.889665, 45.918827 ], [ 5.892439, 45.91989 ], [ 5.89519, 45.920981 ], [ 5.897918, 45.9221 ], [ 5.900622, 45.923246 ], [ 5.903301, 45.92442 ], [ 5.905956, 45.925621 ], [ 5.908585, 45.926849 ], [ 5.911188, 45.928103 ], [ 5.910833, 45.928056 ], [ 5.910833, 45.928056 ], [ 6.159167, 46.048889 ] ] ] } },
{ "type": "Feature", "properties": { "name": "NICE 9.20", "nameV": "TMA NICE 9.20", "class": "E", "type": "TMA", "lower": "FL055", "lowerM": 1676, "upper": "FL095", "upperM": 2895, "desc": "Airspace defined with the exception of the interfering portion with LF-R 95 D1 LE LUC when active.", "activationCode": "H24", "UId": "1564999", "id": "LFMN9.20", "stroke": "#008040", "stroke-width": 2, "stroke-opacity": 0.8, "fill": "#80ff80", "fill-opacity": 0.2 }, "geometry": { "type": "Polygon", "coordinates": [ [ [ 6.222222, 43.675 ], [ 6.320833, 43.625 ], [ 6.341667, 43.625 ], [ 6.341667, 43.476389 ], [ 5.983333, 43.470556 ], [ 5.983333, 43.625 ], [ 6.222222, 43.675 ] ] ] } },
{ "type": "Feature", "properties": { "name": "NICE 12.20", "nameV": "TMA NICE 12.20 Lower(1000FT AGL-FL065)", "class": "E", "type": "TMA", "lower": "FL065", "lowerMin": "1000FT AGL", "lowerM": 1981, "upper": "FL095", "upperM": 2895, "activationCode": "H24", "UId": "1564997", "id": "LFMN12.20", "stroke": "#008040", "stroke-width": 2, "stroke-opacity": 0.8, "fill": "#80ff80", "fill-opacity": 0.2 }, "geometry": { "type": "Polygon", "coordinates": [ [ [ 6.82, 43.805 ], [ 6.866191293671432, 43.600137544805875 ], [ 6.754167, 43.583056 ], [ 6.733611, 43.68 ], [ 6.713882874353159, 43.772133430901974 ], [ 6.82, 43.805 ] ] ] } },
{ "type": "Feature", "properties": { "name": "PROVENCE 6.1", "nameV": "TMA PROVENCE 6.1", "class": "E", "type": "TMA", "lower": "4500FT AMSL", "lowerM": 1371, "upper": "FL055", "upperM": 1676, "desc": "Aispace defined except parts interfering with LF-R 234 B TOURRIS, LF-R 95 A and 95 B1 LE LUC, LF-R 64 A2 TOULON, LF-D 54 N TOULON, LF-D 54 NR TOULON and CTA 1.2 TOULON when active.", "activationCode": "H24", "UId": "1565479", "id": "LFML6.1", "stroke": "#008040", "stroke-width": 2, "stroke-opacity": 0.8, "fill": "#80ff80", "fill-opacity": 0.2 }, "geometry": { "type": "Polygon", "coordinates": [ [ [ 5.700556, 43.515 ], [ 5.983333, 43.470556 ], [ 6.025, 43.143889 ], [ 5.891111, 43.316944 ], [ 5.691667, 43.472222 ], [ 5.700556, 43.515 ] ] ] } },
{ "type": "Feature", "properties": { "name": "PROVENCE 4.1", "nameV": "TMA PROVENCE 4.1", "class": "D", "type": "TMA", "lower": "3500FT AMSL", "lowerM": 1066, "upper": "FL055", "upperM": 1676, "desc": "Airspace defined except parts intefering with CTA RHONE part 1, LF-R 217/1, LF-R 108 A F1, A F2 ISTRES when active.", "activationCode": "H24", "UId": "1564979", "id": "LFML4.1", "stroke": "#ff0000", "stroke-width": 2, "stroke-opacity": 0.8, "fill": "#ff8080", "fill-opacity": 0.3 }, "geometry": { "type": "Polygon", "coordinates": [ [ [ 4.95, 43.411944 ], [ 4.861111, 43.359444 ], [ 4.827222, 43.338889 ], [ 4.763333, 43.364444 ], [ 4.7375, 43.374722 ], [ 4.938611, 43.433056 ], [ 4.95, 43.411944 ] ] ] } },
{ "type": "Feature", "properties": { "name": "MONTPELLIER 11", "nameV": "TMA MONTPELLIER 11", "class": "D", "type": "TMA", "lower": "2500FT AMSL", "lowerM": 762, "upper": "FL095", "upperM": 2895, "desc": "This part only exists when part 3 of RHONE CTA and LF-R 217/3 RHONE are deactivated. Coexists with LF-R 108 C ISTRES.", "activationCode": "H24", "UId": "1560955", "id": "LFMT11", "stroke": "#ff0000", "stroke-width": 2, "stroke-opacity": 0.8, "fill": "#ff8080", "fill-opacity": 0.3 }, "geometry": { "type": "Polygon", "coordinates": [ [ [ 4.160556, 43.625278 ], [ 4.500278, 43.561389 ], [ 4.487778, 43.285 ], [ 4.208333, 43.393889 ], [ 4.308333, 43.5 ], [ 4.160556, 43.625278 ] ] ] } },
{ "type": "Feature", "properties": { "name": "LILLE 16", "nameV": "TMA LILLE 16", "class": "E", "type": "TMA", "lower": "3500FT AMSL", "lowerM": 1066, "upper": "FL065", "upperM": 1981, "activationCode": "H24", "UId": "1561361", "id": "LFQQ16", "stroke": "#008040", "stroke-width": 2, "stroke-opacity": 0.8, "fill": "#80ff80", "fill-opacity": 0.2 }, "geometry": { "type": "Polygon", "coordinates": [ [ [ 0.616667, 49.833333 ], [ 1.218333, 49.769722 ], [ 1.4, 49.75 ], [ 1.536111, 49.751667 ], [ 1.590833, 49.738611 ], [ 1.527222, 49.679167 ], [ 1.519167, 49.595556 ], [ 1.550833, 49.560556 ], [ 1.641389, 49.502778 ], [ 1.458333, 49.383333 ], [ 1.382778, 49.351667 ], [ 1.219167, 49.282778 ], [ 1.096389, 49.252222 ], [ 1.0, 49.228056 ], [ 0.850833, 49.190556 ], [ 0.609444, 49.185556 ], [ 0.666389, 49.278056 ], [ 0.616667, 49.833333 ] ] ] } },
{ "type": "Feature", "properties": { "name": "GENEVE 4.1 ST CLAUDE NORD", "nameV": "TMA GENEVE 4.1 ST CLAUDE NORD", "class": "C", "type": "TMA", "lower": "FL075", "lowerM": 2286, "upper": "FL085", "upperM": 2590, "desc": "Deactivation announced on SWISS GLIDER ATIS 124.755 MHz. Airspace wherein ATS is provided by a foreign provider. Refer to Swiss AIP. Permanent radio monitoring mandatory during deactivation: 121.130 MHz.", "activationCode": "H24", "UId": "1564493", "id": "TMA161645", "stroke": "#ff0000", "stroke-width": 2, "stroke-opacity": 0.8, "fill": "#ff8080", "fill-opacity": 0.3 }, "geometry": { "type": "Polygon", "coordinates": [ [ [ 6.110944002237082, 46.576275413897513 ], [ 6.156553, 46.545483 ], [ 6.148469, 46.539436 ], [ 6.153339, 46.536928 ], [ 6.143653, 46.527739 ], [ 6.137953, 46.531156 ], [ 6.11255, 46.509664 ], [ 6.096847, 46.481356 ], [ 6.076889, 46.467514 ], [ 6.072689, 46.465692 ], [ 6.073525, 46.459989 ], [ 6.076764, 46.457492 ], [ 6.074375, 46.453656 ], [ 6.078277059515896, 46.45129648803092 ], [ 6.078333, 46.451389 ], [ 5.963056, 46.372778 ], [ 5.743333, 46.312222 ], [ 5.606111, 46.477222 ], [ 5.586111, 46.5 ], [ 5.890556, 46.5 ], [ 6.108056, 46.574444 ], [ 6.110944002237082, 46.576275413897513 ] ] ] } },
{ "type": "Feature", "properties": { "name": "LYON 06.1", "nameV": "TMA LYON 06.1", "class": "C", "type": "TMA", "lower": "FL075", "lowerM": 2286, "upper": "FL085", "upperM": 2590, "desc": "Deactivation announced on SWISS GLIDER ATIS 124.755 MHz. Permanent radio monitoring mandatory during deactivation: 121.130 MHz.", "activationCode": "H24", "UId": "48706277", "id": "LFLL06.1", "stroke": "#ff0000", "stroke-width": 2, "stroke-opacity": 0.8, "fill": "#ff8080", "fill-opacity": 0.3 }, "geometry": { "type": "Polygon", "coordinates": [ [ [ 5.606111, 46.477222 ], [ 5.743333, 46.312222 ], [ 5.576389, 46.237222 ], [ 5.407778, 46.363333 ], [ 5.606111, 46.477222 ] ] ] } },
{ "type": "Feature", "properties": { "name": "NICE 6", "nameV": "TMA NICE 6", "class": "C", "type": "TMA", "lower": "FL055", "lowerM": 1676, "upper": "FL115", "upperM": 3505, "activationCode": "H24", "UId": "52922773", "id": "LFMN6", "stroke": "#ff0000", "stroke-width": 2, "stroke-opacity": 0.8, "fill": "#ff8080", "fill-opacity": 0.3 }, "geometry": { "type": "Polygon", "coordinates": [ [ [ 6.611111, 43.523611 ], [ 6.611111, 43.416667 ], [ 6.5025, 43.313889 ], [ 6.341667, 43.476389 ], [ 6.434444, 43.503889 ], [ 6.611111, 43.523611 ] ] ] } },
{ "type": "Feature", "properties": { "name": "MONTPELLIER 5", "nameV": "TMA MONTPELLIER 5", "class": "D", "type": "TMA", "lower": "FL065", "lowerM": 1981, "upper": "FL115", "upperM": 3505, "desc": "A portion of this airspace coexists with LF-R 108 E2 ISTRES and LF-D 192 S, whose entry conditions are stated in part ENR 5.1.", "activationCode": "H24", "UId": "1566537", "id": "LFMT5", "stroke": "#ff0000", "stroke-width": 2, "stroke-opacity": 0.8, "fill": "#ff8080", "fill-opacity": 0.3 }, "geometry": { "type": "Polygon", "coordinates": [ [ [ 3.546806, 43.955194 ], [ 3.623611, 43.857222 ], [ 3.257222, 43.710556 ], [ 3.24, 43.55 ], [ 2.838889, 43.55 ], [ 3.049722, 43.834722 ], [ 3.276389, 43.889444 ], [ 3.546806, 43.955194 ] ] ] } },
{ "type": "Feature", "properties": { "name": "MONTPELLIER 6", "nameV": "TMA MONTPELLIER 6", "class": "D", "type": "TMA", "lower": "FL075", "lowerM": 2286, "upper": "FL115", "upperM": 3505, "desc": "A portion of this airspace coexists with LF-R 108 E3 ISTRES, whose entry conditions are stated in part ENR 5.1. Lower limit FL 095 within part 6.1 \"Ganges II\" lateral limits of TMA MONTPELLIER.", "activationCode": "H24", "UId": "1566545", "id": "LFMT6", "stroke": "#ff0000", "stroke-width": 2, "stroke-opacity": 0.8, "fill": "#ff8080", "fill-opacity": 0.3 }, "geometry": { "type": "Polygon", "coordinates": [ [ [ 3.633611, 44.183611 ], [ 3.826111, 43.9375 ], [ 3.623611, 43.857222 ], [ 3.546944, 43.955278 ], [ 3.276389, 43.889444 ], [ 3.3, 44.1 ], [ 3.431667, 44.101667 ], [ 3.633611, 44.183611 ] ] ] } },
{ "type": "Feature", "properties": { "name": "PROVENCE 3", "nameV": "TMA PROVENCE 3", "class": "D", "type": "TMA", "lower": "FL075", "lowerM": 2286, "upper": "FL115", "upperM": 3505, "desc": "Airspace defined except part interfering with LF-R 71 A SALON when active.", "activationCode": "H24", "UId": "1561271", "id": "LFML3", "stroke": "#ff0000", "stroke-width": 2, "stroke-opacity": 0.8, "fill": "#ff8080", "fill-opacity": 0.3 }, "geometry": { "type": "Polygon", "coordinates": [ [ [ 5.210833, 43.889167 ], [ 5.365278, 43.871944 ], [ 5.442778, 43.680833 ], [ 5.296667, 43.645 ], [ 5.273889, 43.710278 ], [ 5.210833, 43.889167 ] ] ] } },
{ "type": "Feature", "properties": { "name": "PROVENCE 4.2", "nameV": "TMA PROVENCE 4.2", "class": "D", "type": "TMA", "lower": "FL055", "lowerM": 1676, "upper": "FL115", "upperM": 3505, "desc": "Airspace defined except parts interfering with LF-R 108 A F1 and A F2 ISTRES when active.", "activationCode": "H24", "UId": "1564927", "id": "LFML4.2", "stroke": "#ff0000", "stroke-width": 2, "stroke-opacity": 0.8, "fill": "#ff8080", "fill-opacity": 0.3 }, "geometry": { "type": "Polygon", "coordinates": [ [ [ 4.95, 43.411944 ], [ 4.861111, 43.359444 ], [ 4.827222, 43.338889 ], [ 4.763333, 43.364444 ], [ 4.7375, 43.374722 ], [ 4.938611, 43.433056 ], [ 4.95, 43.411944 ] ] ] } },
{ "type": "Feature", "properties": { "name": "NICE 8", "nameV": "TMA NICE 8", "class": "D", "type": "TMA", "lower": "FL055", "lowerM": 1676, "upper": "FL115", "upperM": 3505, "desc": "Airspace defined with the exception of the interfering portions with LF-R95 D1/D3 LE LUC, LF-R 64 A2, LF-D 54 N, LF-D 54 NR and CTA TOULON part 1.2, when they are active.", "activationCode": "H24", "UId": "1561147", "id": "LFMN8", "stroke": "#ff0000", "stroke-width": 2, "stroke-opacity": 0.8, "fill": "#ff8080", "fill-opacity": 0.3 }, "geometry": { "type": "Polygon", "coordinates": [ [ [ 6.341667, 43.476389 ], [ 6.5025, 43.313889 ], [ 6.371944, 43.328333 ], [ 6.263414426678759, 43.166171920775611 ], [ 6.246480809176302, 43.140831373362616 ], [ 6.025, 43.143889 ], [ 6.023178548842223, 43.158205767640105 ], [ 5.983333, 43.470556 ], [ 6.341667, 43.476389 ] ] ] } },
{ "type": "Feature", "properties": { "name": "NICE 9", "nameV": "TMA NICE 9", "class": "D", "type": "TMA", "lower": "FL095", "lowerM": 2895, "upper": "FL115", "upperM": 3505, "activationCode": "H24", "UId": "1560987", "id": "LFMN9", "stroke": "#ff0000", "stroke-width": 2, "stroke-opacity": 0.8, "fill": "#ff8080", "fill-opacity": 0.3 }, "geometry": { "type": "Polygon", "coordinates": [ [ [ 6.222222, 43.675 ], [ 6.320833, 43.625 ], [ 6.341667, 43.625 ], [ 6.341667, 43.476389 ], [ 5.983333, 43.470556 ], [ 5.983333, 43.625 ], [ 6.222222, 43.675 ] ] ] } },
{ "type": "Feature", "properties": { "name": "NICE 10", "nameV": "TMA NICE 10", "class": "D", "type": "TMA", "lower": "FL075", "lowerM": 2286, "upper": "FL115", "upperM": 3505, "desc": "Airspace defined with the exception of the interfering portion of LF-R138 TB CANJUERS when active.", "activationCode": "H24", "UId": "1561009", "id": "LFMN10", "stroke": "#ff0000", "stroke-width": 2, "stroke-opacity": 0.8, "fill": "#ff8080", "fill-opacity": 0.3 }, "geometry": { "type": "Polygon", "coordinates": [ [ [ 6.631944, 43.655556 ], [ 6.741111, 43.537778 ], [ 6.611111, 43.523611 ], [ 6.434444, 43.503889 ], [ 6.341667, 43.476389 ], [ 6.341667, 43.625 ], [ 6.505556, 43.625 ], [ 6.631944, 43.655556 ] ] ] } },
{ "type": "Feature", "properties": { "name": "NICE 11", "nameV": "TMA NICE 11", "class": "D", "type": "TMA", "lower": "FL065", "lowerM": 1981, "upper": "FL115", "upperM": 3505, "activationCode": "H24", "UId": "1561005", "id": "LFMN11", "stroke": "#ff0000", "stroke-width": 2, "stroke-opacity": 0.8, "fill": "#ff8080", "fill-opacity": 0.3 }, "geometry": { "type": "Polygon", "coordinates": [ [ [ 6.866191293671432, 43.600137544805875 ], [ 6.866191293671432, 43.600137544805875 ], [ 6.864958, 43.598899 ], [ 6.863783, 43.597833 ], [ 6.862632, 43.596752 ], [ 6.861506, 43.595658 ], [ 6.860404, 43.594551 ], [ 6.859328, 43.593431 ], [ 6.858277, 43.592298 ], [ 6.857253, 43.591153 ], [ 6.856254, 43.589996 ], [ 6.855281, 43.588828 ], [ 6.854336, 43.587647 ], [ 6.853417, 43.586456 ], [ 6.852525, 43.585254 ], [ 6.85166, 43.584042 ], [ 6.850823, 43.582819 ], [ 6.850014, 43.581587 ], [ 6.849233, 43.580345 ], [ 6.84848, 43.579094 ], [ 6.847756, 43.577835 ], [ 6.84706, 43.576567 ], [ 6.846393, 43.575291 ], [ 6.845755, 43.574007 ], [ 6.845146, 43.572715 ], [ 6.844566, 43.571417 ], [ 6.844016, 43.570112 ], [ 6.843496, 43.568801 ], [ 6.843005, 43.567483 ], [ 6.842544, 43.56616 ], [ 6.842113, 43.564832 ], [ 6.841712, 43.563498 ], [ 6.841342, 43.56216 ], [ 6.841002, 43.560818 ], [ 6.840692, 43.559472 ], [ 6.840412, 43.558123 ], [ 6.840164, 43.55677 ], [ 6.839946, 43.555415 ], [ 6.839758, 43.554057 ], [ 6.839601, 43.552697 ], [ 6.839475, 43.551336 ], [ 6.83938, 43.549973 ], [ 6.839316, 43.548609 ], [ 6.839282, 43.547245 ], [ 6.83928, 43.54588 ], [ 6.839308, 43.544516 ], [ 6.839367, 43.543152 ], [ 6.839457, 43.541789 ], [ 6.839578, 43.540427 ], [ 6.839729, 43.539067 ], [ 6.839911, 43.537709 ], [ 6.840124, 43.536353 ], [ 6.840368, 43.535 ], [ 6.840642, 43.53365 ], [ 6.840946, 43.532303 ], [ 6.841281, 43.53096 ], [ 6.841646, 43.529622 ], [ 6.842041, 43.528288 ], [ 6.842596, 43.526981 ], [ 6.842778, 43.526944 ], [ 6.842778, 43.526944 ], [ 6.741111, 43.537778 ], [ 6.705833, 43.575833 ], [ 6.866191293671432, 43.600137544805875 ] ] ] } },
{ "type": "Feature", "properties": { "name": "NICE 12", "nameV": "TMA NICE 12", "class": "D", "type": "TMA", "lower": "FL095", "lowerM": 2895, "upper": "FL115", "upperM": 3505, "activationCode": "H24", "UId": "1561001", "id": "LFMN12", "stroke": "#ff0000", "stroke-width": 2, "stroke-opacity": 0.8, "fill": "#ff8080", "fill-opacity": 0.3 }, "geometry": { "type": "Polygon", "coordinates": [ [ [ 6.82, 43.805 ], [ 6.866191293671432, 43.600137544805875 ], [ 6.754167, 43.583056 ], [ 6.733611, 43.68 ], [ 6.713882874353159, 43.772133430901974 ], [ 6.82, 43.805 ] ] ] } },
{ "type": "Feature", "properties": { "name": "NICE 13", "nameV": "TMA NICE 13 Lower(1000FT AGL-FL065)", "class": "D", "type": "TMA", "lower": "FL065", "lowerMin": "1000FT AGL", "lowerM": 1981, "upper": "FL115", "upperM": 3505, "activationCode": "H24", "UId": "1565003", "id": "LFMN13", "stroke": "#ff0000", "stroke-width": 2, "stroke-opacity": 0.8, "fill": "#ff8080", "fill-opacity": 0.3 }, "geometry": { "type": "Polygon", "coordinates": [ [ [ 7.551667, 44.027778 ], [ 7.635566611178684, 43.967762801906922 ], [ 7.629083, 43.963236 ], [ 7.619986, 43.960158 ], [ 7.611269, 43.954697 ], [ 7.6016, 43.957658 ], [ 7.597539, 43.956408 ], [ 7.589694, 43.955189 ], [ 7.584947, 43.953078 ], [ 7.581744, 43.948669 ], [ 7.579339, 43.949472 ], [ 7.575061, 43.948192 ], [ 7.575394, 43.946008 ], [ 7.56965, 43.947286 ], [ 7.569753, 43.945353 ], [ 7.566833, 43.943089 ], [ 7.573622, 43.936858 ], [ 7.570483, 43.932467 ], [ 7.571108, 43.928983 ], [ 7.568186, 43.927225 ], [ 7.56825, 43.923325 ], [ 7.558322, 43.917989 ], [ 7.559097, 43.915461 ], [ 7.562061, 43.908692 ], [ 7.562664, 43.903358 ], [ 7.561094, 43.898719 ], [ 7.550758, 43.894294 ], [ 7.539758, 43.893356 ], [ 7.5352, 43.891211 ], [ 7.532214, 43.890517 ], [ 7.527617, 43.886786 ], [ 7.521106, 43.886464 ], [ 7.517322, 43.882425 ], [ 7.512897, 43.885231 ], [ 7.512208, 43.883472 ], [ 7.510383, 43.882147 ], [ 7.510017, 43.880311 ], [ 7.507247, 43.877508 ], [ 7.502539, 43.874917 ], [ 7.497639, 43.871172 ], [ 7.499639, 43.867717 ], [ 7.499167, 43.865036 ], [ 7.496114, 43.864325 ], [ 7.495017, 43.857464 ], [ 7.498628, 43.846103 ], [ 7.507031, 43.841894 ], [ 7.507031, 43.840044 ], [ 7.508814, 43.834942 ], [ 7.510233, 43.828867 ], [ 7.514228, 43.817969 ], [ 7.517775, 43.80585 ], [ 7.520289, 43.801011 ], [ 7.529167, 43.789936 ], [ 7.529828, 43.784008 ], [ 7.529722, 43.783889 ], [ 7.433333, 43.751667 ], [ 7.278889, 43.751667 ], [ 7.0, 43.642222 ], [ 6.923333, 43.626667 ], [ 6.923249, 43.626602 ], [ 6.922085, 43.626362 ], [ 6.920925, 43.626113 ], [ 6.919769, 43.625855 ], [ 6.918616, 43.625588 ], [ 6.917467, 43.625313 ], [ 6.916323, 43.625029 ], [ 6.915182, 43.624736 ], [ 6.914046, 43.624434 ], [ 6.912915, 43.624124 ], [ 6.911788, 43.623805 ], [ 6.910665, 43.623478 ], [ 6.909548, 43.623142 ], [ 6.908435, 43.622798 ], [ 6.907328, 43.622445 ], [ 6.906225, 43.622084 ], [ 6.905129, 43.621714 ], [ 6.904037, 43.621336 ], [ 6.902951, 43.62095 ], [ 6.901871, 43.620555 ], [ 6.900796, 43.620152 ], [ 6.899728, 43.619741 ], [ 6.898665, 43.619322 ], [ 6.897609, 43.618895 ], [ 6.896559, 43.61846 ], [ 6.895515, 43.618017 ], [ 6.894478, 43.617566 ], [ 6.893448, 43.617107 ], [ 6.892424, 43.61664 ], [ 6.891407, 43.616165 ], [ 6.890397, 43.615683 ], [ 6.889394, 43.615193 ], [ 6.888399, 43.614696 ], [ 6.88741, 43.61419 ], [ 6.886429, 43.613678 ], [ 6.885456, 43.613158 ], [ 6.88449, 43.61263 ], [ 6.883532, 43.612095 ], [ 6.882582, 43.611553 ], [ 6.881639, 43.611004 ], [ 6.880705, 43.610447 ], [ 6.879779, 43.609884 ], [ 6.878861, 43.609313 ], [ 6.877952, 43.608736 ], [ 6.877051, 43.608151 ], [ 6.876158, 43.60756 ], [ 6.875274, 43.606962 ], [ 6.874399, 43.606357 ], [ 6.873533, 43.605746 ], [ 6.872676, 43.605128 ], [ 6.871828, 43.604503 ], [ 6.870989, 43.603872 ], [ 6.870159, 43.603235 ], [ 6.869338, 43.602591 ], [ 6.868527, 43.601942 ], [ 6.867725, 43.601286 ], [ 6.866191293671432, 43.600137544805875 ], [ 6.866191293671432, 43.600137544805875 ], [ 6.866191293671432, 43.600137544805875 ], [ 6.866191293671432, 43.600137544805875 ], [ 6.82, 43.805 ], [ 7.551667, 44.027778 ] ] ] } },
{ "type": "Feature", "properties": { "name": "RENNES 2", "nameV": "TMA RENNES 2", "class": "D", "type": "TMA", "lower": "3500FT AMSL", "lowerM": 1066, "upper": "FL065", "upperM": 1981, "desc": "Except for LF-R 506 A COETQUIDAN and LF-R 239 COETQUIDAN SUD when active.", "activationCode": "H24", "UId": "1561377", "id": "LFRN2", "stroke": "#ff0000", "stroke-width": 2, "stroke-opacity": 0.8, "fill": "#ff8080", "fill-opacity": 0.3 }, "geometry": { "type": "Polygon", "coordinates": [ [ [ -1.513056, 48.404167 ], [ -1.158889, 48.314167 ], [ -1.138333, 47.949167 ], [ -1.41, 47.796389 ], [ -1.825833, 47.819167 ], [ -2.206944, 47.898889 ], [ -2.206944, 48.245278 ], [ -2.116389, 48.258333 ], [ -1.95, 48.282778 ], [ -1.736944, 48.340556 ], [ -1.513056, 48.404167 ] ] ] } },
{ "type": "Feature", "properties": { "name": "PARIS 5.1", "nameV": "TMA PARIS 5.1", "class": "E", "type": "TMA", "lower": "4500FT AMSL", "lowerM": 1371, "upper": "FL065", "upperM": 1981, "desc": "Except for ORLEANS TMA part 1.1 and 7, and SEINE TMA part 2 and 4 when active.", "activationCode": "HX", "activationDesc": "HOR ATS SEINE", "UId": "1566047", "id": "LFPG5.1", "stroke": "#008040", "stroke-width": 2, "stroke-opacity": 0.8, "fill": "#80ff80", "fill-opacity": 0.2 }, "geometry": { "type": "Polygon", "coordinates": [ [ [ 3.656944, 48.736667 ], [ 3.656389, 48.700556 ], [ 3.73, 48.683889 ], [ 3.781667, 48.672222 ], [ 3.853056, 48.639444 ], [ 3.915556, 48.543889 ], [ 3.780556, 48.406111 ], [ 3.240556, 48.089167 ], [ 3.053889, 48.101389 ], [ 2.906667, 48.273611 ], [ 1.897222, 48.297222 ], [ 1.752778, 48.090833 ], [ 1.726944, 48.06 ], [ 1.709167, 48.049444 ], [ 1.594722, 48.015 ], [ 1.505278, 48.008889 ], [ 1.403056, 48.001667 ], [ 1.205556, 48.083611 ], [ 1.159444, 48.547222 ], [ 1.207778, 48.598611 ], [ 1.286111, 48.657222 ], [ 1.425278, 48.705833 ], [ 1.576111, 48.606667 ], [ 1.552222, 48.498333 ], [ 1.753889, 48.376944 ], [ 1.871944, 48.3775 ], [ 2.747222, 48.377222 ], [ 2.885, 48.376667 ], [ 3.158611, 48.608056 ], [ 3.509167, 48.698889 ], [ 3.656944, 48.736667 ] ] ] } },
{ "type": "Feature", "properties": { "name": "PARIS 9.1", "nameV": "TMA PARIS 9.1", "class": "A", "type": "TMA", "lower": "FL085", "lowerM": 2590, "upper": "FL115", "upperM": 3505, "desc": "REM holding procedures. Actual activity on PARIS INFO.", "activationCode": "H24", "activationDesc": "Activable H24 Possible activation H24", "UId": "1566045", "id": "LFPG9.1", "stroke": "#ff0000", "stroke-width": 2, "stroke-opacity": 0.8, "fill": "#ff8080", "fill-opacity": 0.3 }, "geometry": { "type": "Polygon", "coordinates": [ [ [ 4.250833, 49.505278 ], [ 4.393889, 49.36 ], [ 4.1725, 49.248611 ], [ 3.8825, 49.256667 ], [ 4.250833, 49.505278 ] ] ] } },
{ "type": "Feature", "properties": { "name": "CLERMONT 2.1", "nameV": "TMA CLERMONT 2.1", "class": "D", "type": "TMA", "lower": "5500FT AMSL", "lowerM": 1676, "upper": "FL065", "upperM": 1981, "desc": "Deactivation announced on CLERMONT ATIS or by CLERMONT INFO.", "activationCode": "H24", "UId": "1563975", "id": "LFLC2.1", "stroke": "#ff0000", "stroke-width": 2, "stroke-opacity": 0.8, "fill": "#ff8080", "fill-opacity": 0.3 }, "geometry": { "type": "Polygon", "coordinates": [ [ [ 3.603333, 45.660833 ], [ 3.616667, 45.630556 ], [ 3.443611, 45.560833 ], [ 3.253889, 45.541389 ], [ 3.233333, 45.623611 ], [ 3.603333, 45.660833 ] ] ] } },
{ "type": "Feature", "properties": { "name": "LYON 03", "nameV": "TMA LYON 03", "class": "C", "type": "TMA", "lower": "4500FT AMSL", "lowerM": 1371, "upper": "FL065", "upperM": 1981, "desc": "Airspace defined excluding LF-R 220 A, LF-R 3201 B, LF-R 3202, LF-R 3204 A, LF-R 3205 A and LF-R 3205 B when active.", "activationCode": "H24", "UId": "1561065", "id": "LFLL03", "stroke": "#ff0000", "stroke-width": 2, "stroke-opacity": 0.8, "fill": "#ff8080", "fill-opacity": 0.3 }, "geometry": { "type": "Polygon", "coordinates": [ [ [ 5.370278, 46.142222 ], [ 5.498056, 45.685556 ], [ 5.528056, 45.581667 ], [ 5.544444, 45.52 ], [ 5.618889, 45.449167 ], [ 5.618889, 45.356111 ], [ 5.618889, 45.311389 ], [ 5.600278, 45.287778 ], [ 5.555833, 45.269167 ], [ 5.435, 45.246389 ], [ 5.133889, 45.186111 ], [ 4.886389, 45.213889 ], [ 4.886389, 45.280833 ], [ 4.766667, 45.280833 ], [ 4.696111, 45.467222 ], [ 4.651944, 45.581111 ], [ 4.537222, 45.878333 ], [ 4.672778, 46.078056 ], [ 4.671689, 46.077835 ], [ 4.679114, 46.082306 ], [ 4.68664, 46.086696 ], [ 4.694263, 46.091005 ], [ 4.701982, 46.095231 ], [ 4.709796, 46.099373 ], [ 4.717702, 46.103431 ], [ 4.725698, 46.107404 ], [ 4.733784, 46.111289 ], [ 4.741955, 46.115087 ], [ 4.750212, 46.118797 ], [ 4.758551, 46.122417 ], [ 4.766971, 46.125948 ], [ 4.775469, 46.129387 ], [ 4.784045, 46.132734 ], [ 4.792694, 46.135988 ], [ 4.801416, 46.139149 ], [ 4.810209, 46.142215 ], [ 4.819069, 46.145187 ], [ 4.827996, 46.148063 ], [ 4.836986, 46.150842 ], [ 4.846039, 46.153524 ], [ 4.85515, 46.156108 ], [ 4.86432, 46.158594 ], [ 4.873544, 46.160981 ], [ 4.882821, 46.163268 ], [ 4.892148, 46.165455 ], [ 4.901524, 46.167542 ], [ 4.910946, 46.169527 ], [ 4.920412, 46.17141 ], [ 4.929919, 46.173192 ], [ 4.939466, 46.17487 ], [ 4.949049, 46.176446 ], [ 4.958667, 46.177918 ], [ 4.968317, 46.179287 ], [ 4.977996, 46.180552 ], [ 4.987704, 46.181712 ], [ 4.997436, 46.182767 ], [ 5.007191, 46.183718 ], [ 5.016966, 46.184563 ], [ 5.026759, 46.185303 ], [ 5.036568, 46.185938 ], [ 5.04639, 46.186466 ], [ 5.056222, 46.186889 ], [ 5.066064, 46.187206 ], [ 5.075911, 46.187418 ], [ 5.085761, 46.187523 ], [ 5.095613, 46.187521 ], [ 5.105464, 46.187414 ], [ 5.115311, 46.187201 ], [ 5.125152, 46.186882 ], [ 5.134984, 46.186457 ], [ 5.144806, 46.185926 ], [ 5.154614, 46.185289 ], [ 5.164407, 46.184547 ], [ 5.174182, 46.183699 ], [ 5.183936, 46.182747 ], [ 5.193668, 46.181689 ], [ 5.203375, 46.180527 ], [ 5.213054, 46.17926 ], [ 5.222703, 46.177889 ], [ 5.23232, 46.176415 ], [ 5.241902, 46.174837 ], [ 5.251448, 46.173156 ], [ 5.260955, 46.171373 ], [ 5.270419, 46.169487 ], [ 5.279841, 46.1675 ], [ 5.289216, 46.165411 ], [ 5.298542, 46.163222 ], [ 5.307818, 46.160933 ], [ 5.317041, 46.158544 ], [ 5.326209, 46.156056 ], [ 5.33532, 46.15347 ], [ 5.344371, 46.150786 ], [ 5.35336, 46.148005 ], [ 5.362285, 46.145127 ], [ 5.371145, 46.142153 ], [ 5.370278, 46.142222 ] ] ] } },
{ "type": "Feature", "properties": { "name": "PARIS 7", "nameV": "TMA PARIS 7", "class": "A", "type": "TMA", "lower": "FL065", "lowerM": 1981, "upper": "FL085", "upperM": 2590, "desc": "Caution: this part of TMA coexists with LF-R 205/7 PARIS 7 which sets restrictions of entry for flights GAT IFR and VFR. Airspace of procedures PARIS, DE GAULLE and ORLY. Except for ORLEANS 2 TMA, LF-R 3102 C-D-E, LF-R 3111 B and LF-R 3112 (Satory) when active.", "activationCode": "H24", "UId": "1566053", "id": "LFPG7", "stroke": "#ff0000", "stroke-width": 2, "stroke-opacity": 0.8, "fill": "#ff8080", "fill-opacity": 0.3 }, "geometry": { "type": "Polygon", "coordinates": [ [ [ 1.4, 49.75 ], [ 1.536111, 49.751667 ], [ 1.723889, 49.630833 ], [ 1.665833, 49.536944 ], [ 2.5, 49.433333 ], [ 2.602778, 49.471389 ], [ 2.708889, 49.510556 ], [ 2.743889, 49.635278 ], [ 2.782778, 49.674167 ], [ 2.976389, 49.6025 ], [ 3.105833, 49.611944 ], [ 3.236389, 49.666667 ], [ 3.484722, 49.714722 ], [ 3.660278, 49.748333 ], [ 3.765556, 49.556111 ], [ 3.8825, 49.256667 ], [ 3.661667, 49.105833 ], [ 3.656944, 48.736667 ], [ 3.656389, 48.700556 ], [ 3.73, 48.683889 ], [ 3.781667, 48.672222 ], [ 3.853056, 48.639444 ], [ 3.915556, 48.543889 ], [ 3.780556, 48.406111 ], [ 3.240556, 48.089167 ], [ 3.053889, 48.101389 ], [ 2.906667, 48.273611 ], [ 1.897222, 48.297222 ], [ 1.752778, 48.090833 ], [ 1.726944, 48.06 ], [ 1.709167, 48.049444 ], [ 1.594722, 48.015 ], [ 1.505278, 48.008889 ], [ 1.403056, 48.001667 ], [ 1.205556, 48.083611 ], [ 1.159444, 48.547222 ], [ 1.207778, 48.598611 ], [ 1.286111, 48.657222 ], [ 1.425278, 48.705833 ], [ 1.419167, 48.917222 ], [ 1.495278, 49.101111 ], [ 1.488611, 49.138611 ], [ 1.316667, 49.166667 ], [ 1.233333, 49.233333 ], [ 1.283333, 49.566667 ], [ 1.4, 49.75 ] ] ] } },
{ "type": "Feature", "properties": { "name": "STRASBOURG 1.1", "nameV": "TMA STRASBOURG 1.1", "class": "D", "type": "TMA", "lower": "2500FT AMSL", "lowerM": 762, "upper": "FL060", "upperM": 1828, "desc": "By delegation of FRANKFURT ACC and STUTTGART APP.", "activationCode": "HX", "declassifiable": true, "UId": "1561089", "id": "LFST1.1", "stroke": "#ff0000", "stroke-width": 2, "stroke-opacity": 0.8, "fill": "#ffb9dc", "fill-opacity": 0.3 }, "geometry": { "type": "Polygon", "coordinates": [ [ [ 8.036111, 48.789722 ], [ 8.070833, 48.673611 ], [ 7.802043745353004, 48.573090567481671 ], [ 7.800508, 48.577522 ], [ 7.8007, 48.585236 ], [ 7.8055, 48.593439 ], [ 7.828933, 48.617917 ], [ 7.833283, 48.625444 ], [ 7.839778, 48.641422 ], [ 7.845389, 48.645922 ], [ 7.862839, 48.651161 ], [ 7.884122, 48.659644 ], [ 7.891472, 48.663583 ], [ 7.962436, 48.720811 ], [ 7.967258, 48.727075 ], [ 7.967375, 48.747586 ], [ 7.96895, 48.753889 ], [ 7.973147, 48.758639 ], [ 7.983239, 48.761125 ], [ 8.002206, 48.758853 ], [ 8.013122, 48.760497 ], [ 8.019211, 48.764125 ], [ 8.022564, 48.767911 ], [ 8.02605, 48.782789 ], [ 8.030439, 48.787389 ], [ 8.036145385813812, 48.789634621647387 ], [ 8.036111, 48.789722 ] ] ] } },
{ "type": "Feature", "properties": { "name": "STRASBOURG DELEG.STUTTGART SUD", "nameV": "TMA STRASBOURG DELEG.STUTTGART SUD", "class": "E", "type": "TMA", "lower": "1000FT AGL", "ordinalLowerM": 304, "lowerM": 304, "upper": "FL095", "upperM": 2895, "groundEstimatedHeight": [ 0, 0, 0, 0 ], "desc": "By delegation of FRANKFURT ACC and STUTTGART APP. Except for TMA part 1.1 delegation STUTTGART APP.", "activationCode": "HX", "UId": "1566487", "id": "LFSTSUD", "stroke": "#008040", "stroke-width": 2, "stroke-opacity": 0.8, "fill": "#80ff80", "fill-opacity": 0.2 }, "geometry": { "type": "Polygon", "coordinates": [ [ [ 8.228611, 48.970278 ], [ 8.436111, 48.916667 ], [ 8.433333, 48.8 ], [ 7.966667, 48.1 ], [ 7.570021170745642, 48.083049268925393 ], [ 7.571944, 48.089097 ], [ 7.577586, 48.096558 ], [ 7.579589, 48.105653 ], [ 7.577147, 48.119967 ], [ 7.580194, 48.124492 ], [ 7.593486, 48.130725 ], [ 7.598856, 48.1357 ], [ 7.600564, 48.140947 ], [ 7.598942, 48.152017 ], [ 7.599811, 48.156222 ], [ 7.602083, 48.159417 ], [ 7.629378, 48.183706 ], [ 7.642728, 48.20555 ], [ 7.645533, 48.208539 ], [ 7.6613, 48.216872 ], [ 7.666283, 48.221142 ], [ 7.688806, 48.279128 ], [ 7.689406, 48.293547 ], [ 7.693558, 48.301769 ], [ 7.699164, 48.306525 ], [ 7.705931, 48.310231 ], [ 7.733817, 48.318019 ], [ 7.740017, 48.321728 ], [ 7.744436, 48.327325 ], [ 7.745522, 48.333514 ], [ 7.733147, 48.371092 ], [ 7.730997, 48.385633 ], [ 7.733628, 48.398997 ], [ 7.762964, 48.450775 ], [ 7.766375, 48.461733 ], [ 7.76715, 48.4868 ], [ 7.768189, 48.489619 ], [ 7.772875, 48.493078 ], [ 7.794264, 48.501361 ], [ 7.801128, 48.507361 ], [ 7.805392, 48.5141 ], [ 7.806669, 48.523364 ], [ 7.803636, 48.537119 ], [ 7.80565, 48.549242 ], [ 7.805658, 48.558125 ], [ 7.804142, 48.567036 ], [ 7.800508, 48.577522 ], [ 7.8007, 48.585236 ], [ 7.8055, 48.593439 ], [ 7.828933, 48.617917 ], [ 7.833283, 48.625444 ], [ 7.839778, 48.641422 ], [ 7.845389, 48.645922 ], [ 7.862839, 48.651161 ], [ 7.884122, 48.659644 ], [ 7.891472, 48.663583 ], [ 7.962436, 48.720811 ], [ 7.967258, 48.727075 ], [ 7.967375, 48.747586 ], [ 7.96895, 48.753889 ], [ 7.973147, 48.758639 ], [ 7.983239, 48.761125 ], [ 8.002206, 48.758853 ], [ 8.013122, 48.760497 ], [ 8.019211, 48.764125 ], [ 8.022564, 48.767911 ], [ 8.02605, 48.782789 ], [ 8.030439, 48.787389 ], [ 8.036403, 48.789736 ], [ 8.042686, 48.790692 ], [ 8.05845, 48.7889 ], [ 8.063825, 48.789522 ], [ 8.073036, 48.792825 ], [ 8.088447, 48.803214 ], [ 8.102211, 48.817481 ], [ 8.109611, 48.840039 ], [ 8.123578, 48.868989 ], [ 8.134203, 48.886142 ], [ 8.146672, 48.902403 ], [ 8.179667, 48.935094 ], [ 8.192078, 48.951975 ], [ 8.197353, 48.957261 ], [ 8.203267, 48.959828 ], [ 8.232572, 48.966508 ], [ 8.229592, 48.968789 ], [ 8.228734310148461, 48.970345929758764 ], [ 8.228611, 48.970278 ] ] ] } },
{ "type": "Feature", "properties": { "name": "STRASBOURG DELEG.STUTTGART NORD", "nameV": "TMA STRASBOURG DELEG.STUTTGART NORD", "class": "E", "type": "TMA", "lower": "2500FT AGL", "ordinalLowerM": 762, "lowerM": 762, "upper": "FL075", "upperM": 2286, "groundEstimatedHeight": [ 0, 0, 0, 0 ], "desc": "By delegation of FRANKFURT ACC and STUTTGART APP.", "activationCode": "HX", "UId": "1566485", "id": "LFSTNORD", "stroke": "#008040", "stroke-width": 2, "stroke-opacity": 0.8, "fill": "#80ff80", "fill-opacity": 0.2 }, "geometry": { "type": "Polygon", "coordinates": [ [ [ 8.066667, 49.0 ], [ 8.225, 49.083333 ], [ 8.366667, 49.083333 ], [ 8.443333, 48.997778 ], [ 8.436111, 48.916667 ], [ 8.228734310148461, 48.970345929758764 ], [ 8.226761, 48.973928 ], [ 8.223311, 48.975833 ], [ 8.214361, 48.974961 ], [ 8.207789, 48.970125 ], [ 8.203836, 48.969642 ], [ 8.199767, 48.9669 ], [ 8.195536, 48.969228 ], [ 8.197583, 48.972364 ], [ 8.19455, 48.977114 ], [ 8.187633, 48.976592 ], [ 8.184644, 48.978519 ], [ 8.180456, 48.977539 ], [ 8.180319, 48.978283 ], [ 8.171625, 48.979072 ], [ 8.170122, 48.976397 ], [ 8.166981, 48.977692 ], [ 8.162153, 48.97755 ], [ 8.160808, 48.978614 ], [ 8.153831, 48.977183 ], [ 8.148608, 48.977319 ], [ 8.144656, 48.978556 ], [ 8.139586, 48.978481 ], [ 8.136533, 48.979564 ], [ 8.135672, 48.981156 ], [ 8.132886, 48.981175 ], [ 8.131081, 48.983158 ], [ 8.128094, 48.982519 ], [ 8.123503, 48.986422 ], [ 8.11985, 48.984711 ], [ 8.115106, 48.986908 ], [ 8.108728, 48.987022 ], [ 8.106575, 48.989056 ], [ 8.100728, 48.989922 ], [ 8.097642, 48.988847 ], [ 8.096667, 48.989703 ], [ 8.091431, 48.98935 ], [ 8.088025, 48.990483 ], [ 8.087617, 48.991772 ], [ 8.071625, 48.996317 ], [ 8.068992, 48.997611 ], [ 8.069164, 48.999039 ], [ 8.066668264498515, 49.000003272781207 ], [ 8.066667, 49.0 ] ] ] } },
{ "type": "Feature", "properties": { "name": "SAINT DIZIER 3", "nameV": "TMA SAINT DIZIER 3", "class": "D", "type": "TMA", "lower": "FL055", "lowerM": 1676, "upper": "FL195", "upperM": 5943, "desc": "Activation H24 OAT/GAT procedures. Except for LF-R 4C, LF-R 6, LF-R 321, LF-R 69 and LF-R 229 when active. Deactivation announced by RAI 134.775. Activity known on REIMS ACC, PARIS ACC/FIC, BALE Info and STRASBOURG Info.", "activationCode": "H24", "UId": "1564653", "id": "LFSI3", "stroke": "#ff0000", "stroke-width": 2, "stroke-opacity": 0.8, "fill": "#ff8080", "fill-opacity": 0.3 }, "geometry": { "type": "Polygon", "coordinates": [ [ [ 5.138333, 49.306389 ], [ 5.833333, 49.233056 ], [ 5.833333, 49.0 ], [ 5.522222, 49.0 ], [ 5.398611, 48.848056 ], [ 5.398611, 48.086667 ], [ 5.265833, 48.019167 ], [ 4.184167, 48.825833 ], [ 4.173611, 49.035 ], [ 4.452222, 49.035 ], [ 4.75, 49.155 ], [ 5.125833, 49.305833 ], [ 5.138333, 49.306389 ] ] ] } },
{ "type": "Feature", "properties": { "name": "LILLE 13", "nameV": "TMA LILLE 13", "class": "E", "type": "TMA", "lower": "1500FT AMSL", "lowerM": 457, "upper": "FL065", "upperM": 1981, "desc": "LF-P 26 GRAVELINES: entry prohibited, exception see AIP ENR 5.1", "activationCode": "H24", "UId": "1564929", "id": "LFQQ13", "stroke": "#008040", "stroke-width": 2, "stroke-opacity": 0.8, "fill": "#80ff80", "fill-opacity": 0.2 }, "geometry": { "type": "Polygon", "coordinates": [ [ [ 2.0, 51.116667 ], [ 2.238839, 51.104575 ], [ 2.327778, 51.03 ], [ 2.398889, 50.970278 ], [ 2.2375, 50.8325 ], [ 1.750556, 50.748889 ], [ 1.650556, 50.805556 ], [ 1.591111, 50.868889 ], [ 1.824167, 51.078611 ], [ 2.0, 51.116667 ] ] ] } },
{ "type": "Feature", "properties": { "name": "ORLEANS 5.1", "nameV": "TMA ORLEANS 5.1", "class": "D", "type": "TMA", "lower": "3500FT AMSL", "lowerM": 1066, "upper": "FL065", "upperM": 1981, "desc": "OAT/GAT procedures. Activity known on RAI 122.7, PARIS ACC/FIC or SEINE SIV. Except for: -LF-R 243 when active. - LF-P 34 SAINT LAURENT DES EAUX: entry prohibited, exception see AIP ENR 5.1", "activationCode": "HX", "activationDesc": "Activable H24. Possible activation H24", "declassifiable": true, "UId": "1563043", "id": "LFOJ5.1", "stroke": "#ff0000", "stroke-width": 2, "stroke-opacity": 0.8, "fill": "#ffb9dc", "fill-opacity": 0.3 }, "geometry": { "type": "Polygon", "coordinates": [ [ [ 2.0325, 47.872222 ], [ 2.105278, 47.703333 ], [ 1.9475, 47.606667 ], [ 1.541667, 47.741667 ], [ 2.0325, 47.872222 ] ] ] } },
{ "type": "Feature", "properties": { "name": "MORONI A", "nameV": "TMA MORONI A", "class": "D", "type": "TMA", "lower": "FL035", "lowerM": 1066, "upper": "FL145", "upperM": 4419, "activationCode": "HX", "activationDesc": "H12", "declassifiable": true, "UId": "1563447", "id": "TMA45021", "stroke": "#ff0000", "stroke-width": 2, "stroke-opacity": 0.8, "fill": "#ffb9dc", "fill-opacity": 0.3 }, "geometry": { "type": "Polygon", "coordinates": [ [ [ 44.459167, -10.1575 ], [ 44.460484, -10.164776 ], [ 44.502021, -10.20094 ], [ 44.542422, -10.238334 ], [ 44.581651, -10.276922 ], [ 44.619671, -10.316671 ], [ 44.656445, -10.357541 ], [ 44.691939, -10.399496 ], [ 44.72612, -10.442497 ], [ 44.758955, -10.486504 ], [ 44.790415, -10.531476 ], [ 44.820467, -10.57737 ], [ 44.849086, -10.624146 ], [ 44.876242, -10.671758 ], [ 44.90191, -10.720163 ], [ 44.926066, -10.769315 ], [ 44.948686, -10.81917 ], [ 44.969749, -10.86968 ], [ 44.989234, -10.920798 ], [ 45.007122, -10.972477 ], [ 45.023396, -11.024669 ], [ 45.03804, -11.077325 ], [ 45.051039, -11.130395 ], [ 45.062381, -11.183831 ], [ 45.072053, -11.237582 ], [ 45.080045, -11.291599 ], [ 45.086351, -11.345829 ], [ 45.090961, -11.400224 ], [ 45.093872, -11.454731 ], [ 45.09508, -11.509301 ], [ 45.094581, -11.56388 ], [ 45.092377, -11.61842 ], [ 45.088468, -11.672867 ], [ 45.082856, -11.727172 ], [ 45.075546, -11.781283 ], [ 45.066544, -11.835149 ], [ 45.055857, -11.888719 ], [ 45.043494, -11.941944 ], [ 45.029466, -11.994773 ], [ 45.013786, -12.047156 ], [ 44.996466, -12.099044 ], [ 44.977522, -12.150387 ], [ 44.956972, -12.201138 ], [ 44.934833, -12.251249 ], [ 44.911126, -12.300671 ], [ 44.885872, -12.349359 ], [ 44.859095, -12.397266 ], [ 44.830818, -12.444347 ], [ 44.801067, -12.490557 ], [ 44.769871, -12.535852 ], [ 44.737257, -12.58019 ], [ 44.703257, -12.623528 ], [ 44.6679, -12.665825 ], [ 44.631222, -12.707041 ], [ 44.593255, -12.747137 ], [ 44.554035, -12.786074 ], [ 44.513599, -12.823816 ], [ 44.471985, -12.860326 ], [ 44.429231, -12.89557 ], [ 44.385379, -12.929514 ], [ 44.340469, -12.962126 ], [ 44.294544, -12.993374 ], [ 44.247648, -13.02323 ], [ 44.199824, -13.051663 ], [ 44.151118, -13.078648 ], [ 44.101576, -13.104157 ], [ 44.051246, -13.128168 ], [ 44.000175, -13.150656 ], [ 43.948412, -13.171601 ], [ 43.896006, -13.190982 ], [ 43.843007, -13.208781 ], [ 43.789466, -13.22498 ], [ 43.735434, -13.239565 ], [ 43.680963, -13.252521 ], [ 43.626104, -13.263835 ], [ 43.570911, -13.273497 ], [ 43.515436, -13.281498 ], [ 43.459732, -13.28783 ], [ 43.403852, -13.292487 ], [ 43.347851, -13.295464 ], [ 43.291781, -13.296759 ], [ 43.235697, -13.29637 ], [ 43.179652, -13.294298 ], [ 43.1237, -13.290544 ], [ 43.067895, -13.285113 ], [ 43.01229, -13.278009 ], [ 42.956938, -13.26924 ], [ 42.901893, -13.258813 ], [ 42.847207, -13.246739 ], [ 42.792932, -13.233029 ], [ 42.739121, -13.217697 ], [ 42.685824, -13.200756 ], [ 42.633093, -13.182225 ], [ 42.580977, -13.162119 ], [ 42.529528, -13.140458 ], [ 42.478793, -13.117264 ], [ 42.428821, -13.092558 ], [ 42.37966, -13.066364 ], [ 42.331356, -13.038707 ], [ 42.283955, -13.009613 ], [ 42.237501, -12.979111 ], [ 42.238611, -12.986944 ], [ 42.238611, -12.986944 ], [ 41.5, -11.0 ], [ 44.459167, -10.1575 ] ] ] } },
{ "type": "Feature", "properties": { "name": "LILLE 12", "nameV": "TMA LILLE 12", "class": "E", "type": "TMA", "lower": "1500FT AMSL", "lowerM": 457, "upper": "FL065", "upperM": 1981, "desc": "Except for CTR LE TOUQUET when active.", "activationCode": "H24", "UId": "1564331", "id": "LFQQ12", "stroke": "#008040", "stroke-width": 2, "stroke-opacity": 0.8, "fill": "#80ff80", "fill-opacity": 0.2 }, "geometry": { "type": "Polygon", "coordinates": [ [ [ 1.483333, 50.766667 ], [ 1.733333, 50.683333 ], [ 1.933333, 50.55 ], [ 1.95, 50.433333 ], [ 1.791667, 50.333333 ], [ 1.700556, 50.377778 ], [ 1.601667, 50.437778 ], [ 1.554444, 50.437778 ], [ 1.3725, 50.549722 ], [ 1.25, 50.633333 ], [ 1.483333, 50.766667 ] ] ] } },
{ "type": "Feature", "properties": { "name": "AQUITAINE 3-2", "nameV": "TMA AQUITAINE 3-2", "class": "E", "type": "TMA", "lower": "3500FT AMSL", "lowerM": 1066, "upper": "FL065", "upperM": 1981, "activationCode": "H24", "UId": "1563093", "id": "LFBD3-2", "stroke": "#008040", "stroke-width": 2, "stroke-opacity": 0.8, "fill": "#80ff80", "fill-opacity": 0.2 }, "geometry": { "type": "Polygon", "coordinates": [ [ [ 0.166667, 45.132778 ], [ 0.284444, 44.973611 ], [ 0.211111, 44.926667 ], [ 0.220278, 44.863333 ], [ 0.219722, 44.816111 ], [ 0.216944, 44.775556 ], [ 0.326944, 44.723889 ], [ 0.022692, 44.706403 ], [ 0.024716, 44.706477 ], [ 0.025654, 44.709381 ], [ 0.026569, 44.712289 ], [ 0.027462, 44.7152 ], [ 0.028332, 44.718114 ], [ 0.02918, 44.721032 ], [ 0.030006, 44.723953 ], [ 0.030809, 44.726878 ], [ 0.031589, 44.729805 ], [ 0.032347, 44.732735 ], [ 0.033083, 44.735669 ], [ 0.033795, 44.738605 ], [ 0.034486, 44.741544 ], [ 0.035153, 44.744485 ], [ 0.035798, 44.747429 ], [ 0.03642, 44.750376 ], [ 0.03702, 44.753324 ], [ 0.037596, 44.756276 ], [ 0.03815, 44.759229 ], [ 0.038682, 44.762184 ], [ 0.03919, 44.765142 ], [ 0.039676, 44.768101 ], [ 0.040139, 44.771063 ], [ 0.040579, 44.774026 ], [ 0.040996, 44.77699 ], [ 0.04139, 44.779957 ], [ 0.041761, 44.782924 ], [ 0.04211, 44.785893 ], [ 0.042435, 44.788864 ], [ 0.042738, 44.791836 ], [ 0.043017, 44.794808 ], [ 0.043274, 44.797782 ], [ 0.043508, 44.800757 ], [ 0.043718, 44.803733 ], [ 0.043906, 44.806709 ], [ 0.044071, 44.809686 ], [ 0.044213, 44.812664 ], [ 0.044331, 44.815642 ], [ 0.044427, 44.818621 ], [ 0.0445, 44.8216 ], [ 0.044549, 44.824579 ], [ 0.044576, 44.827558 ], [ 0.044579, 44.830538 ], [ 0.04456, 44.833517 ], [ 0.044517, 44.836497 ], [ 0.044451, 44.839476 ], [ 0.044363, 44.842454 ], [ 0.044251, 44.845433 ], [ 0.044116, 44.848411 ], [ 0.043958, 44.851388 ], [ 0.043777, 44.854365 ], [ 0.043573, 44.857341 ], [ 0.043346, 44.860316 ], [ 0.043096, 44.86329 ], [ 0.042823, 44.866263 ], [ 0.042527, 44.869235 ], [ 0.042208, 44.872206 ], [ 0.041866, 44.875175 ], [ 0.0415, 44.878144 ], [ 0.041112, 44.88111 ], [ 0.040701, 44.884075 ], [ 0.040267, 44.887039 ], [ 0.039809, 44.890001 ], [ 0.039329, 44.892961 ], [ 0.038826, 44.895919 ], [ 0.0383, 44.898875 ], [ 0.037751, 44.901829 ], [ 0.037179, 44.90478 ], [ 0.036584, 44.90773 ], [ 0.035966, 44.910677 ], [ 0.035325, 44.913622 ], [ 0.034661, 44.916564 ], [ 0.033975, 44.919503 ], [ 0.033266, 44.92244 ], [ 0.032534, 44.925374 ], [ 0.031779, 44.928305 ], [ 0.031001, 44.931233 ], [ 0.030201, 44.934158 ], [ 0.029377, 44.93708 ], [ 0.028532, 44.939999 ], [ 0.027663, 44.942914 ], [ 0.026772, 44.945826 ], [ 0.025858, 44.948734 ], [ 0.024921, 44.951639 ], [ 0.023962, 44.95454 ], [ 0.02298, 44.957438 ], [ 0.021976, 44.960331 ], [ 0.020949, 44.96322 ], [ 0.0199, 44.966106 ], [ 0.018828, 44.968987 ], [ 0.017734, 44.971864 ], [ 0.016618, 44.974737 ], [ 0.015479, 44.977606 ], [ 0.014317, 44.980469 ], [ 0.012242, 44.980561 ], [ 0.012242, 44.980561 ], [ 0.166667, 45.132778 ] ] ] } },
{ "type": "Feature", "properties": { "name": "AQUITAINE 4.20", "nameV": "TMA AQUITAINE 4.20", "class": "E", "type": "TMA", "lower": "4500FT AMSL", "lowerM": 1371, "upper": "FL065", "upperM": 1981, "activationCode": "H24", "UId": "1566439", "id": "LFBD4.20", "stroke": "#008040", "stroke-width": 2, "stroke-opacity": 0.8, "fill": "#80ff80", "fill-opacity": 0.2 }, "geometry": { "type": "Polygon", "coordinates": [ [ [ -0.833333, 44.433333 ], [ -0.431667, 44.3025 ], [ -0.686944, 44.076111 ], [ -0.9, 44.2 ], [ -0.833333, 44.433333 ] ] ] } },
{ "type": "Feature", "properties": { "name": "TOULOUSE 2", "nameV": "TMA TOULOUSE 2", "class": "C", "type": "TMA", "lower": "4000FT AMSL", "lowerM": 1219, "upper": "FL065", "upperM": 1981, "activationCode": "H24", "UId": "1561395", "id": "LFBO2", "stroke": "#ff0000", "stroke-width": 2, "stroke-opacity": 0.8, "fill": "#ff8080", "fill-opacity": 0.3 }, "geometry": { "type": "Polygon", "coordinates": [ [ [ 1.350833, 44.125556 ], [ 1.538889, 44.091667 ], [ 1.621667, 44.083889 ], [ 1.725278, 43.9 ], [ 1.725278, 43.574444 ], [ 1.919167, 43.503889 ], [ 1.618056, 43.268611 ], [ 1.324722, 43.286111 ], [ 1.0275, 43.384167 ], [ 0.949444, 43.578056 ], [ 0.872778, 43.766667 ], [ 1.002222, 44.038611 ], [ 1.350833, 44.125556 ] ] ] } },
{ "type": "Feature", "properties": { "name": "TOULOUSE 3.1", "nameV": "TMA TOULOUSE 3.1", "class": "C", "type": "TMA", "lower": "FL065", "lowerM": 1981, "upper": "FL115", "upperM": 3505, "activationCode": "H24", "UId": "27271587", "id": "LFBO3.1", "stroke": "#ff0000", "stroke-width": 2, "stroke-opacity": 0.8, "fill": "#ff8080", "fill-opacity": 0.3 }, "geometry": { "type": "Polygon", "coordinates": [ [ [ 2.572222, 43.258333 ], [ 2.545, 43.3075 ], [ 2.66, 43.3 ], [ 2.66, 43.213889 ], [ 2.625, 43.131111 ], [ 2.4275, 43.132222 ], [ 2.572222, 43.258333 ] ] ] } },
{ "type": "Feature", "properties": { "name": "TOULOUSE 4-3", "nameV": "TMA TOULOUSE 4-3 Lower(1500FT AGL-3000FT AMSL)", "class": "E", "type": "TMA", "lower": "3000FT AMSL", "lowerMin": "1500FT AGL", "lowerM": 914, "upper": "FL065", "upperM": 1981, "desc": "Except TOULOUSE TMA 5 and 6. With exception of LF-R 39 VILLEMAURY interfering part when active.", "activationCode": "H24", "UId": "1566413", "id": "LFBO4-3", "stroke": "#008040", "stroke-width": 2, "stroke-opacity": 0.8, "fill": "#80ff80", "fill-opacity": 0.2 }, "geometry": { "type": "Polygon", "coordinates": [ [ [ 1.621667, 44.083889 ], [ 2.375, 44.011111 ], [ 2.475, 43.961111 ], [ 2.269444, 43.8 ], [ 2.572222, 43.258333 ], [ 2.425556, 43.130556 ], [ 2.188889, 43.148611 ], [ 1.65, 43.266667 ], [ 1.618056, 43.268611 ], [ 1.919167, 43.503889 ], [ 1.725278, 43.574444 ], [ 1.725278, 43.9 ], [ 1.621667, 44.083889 ] ] ] } },
{ "type": "Feature", "properties": { "name": "TOULOUSE 4-4", "nameV": "TMA TOULOUSE 4-4", "class": "E", "type": "TMA", "lower": "2500FT AMSL", "lowerM": 762, "upper": "FL065", "upperM": 1981, "activationCode": "H24", "UId": "1564529", "id": "LFBO4-4", "stroke": "#008040", "stroke-width": 2, "stroke-opacity": 0.8, "fill": "#80ff80", "fill-opacity": 0.2 }, "geometry": { "type": "Polygon", "coordinates": [ [ [ 0.579722, 44.5 ], [ 1.025556, 44.346111 ], [ 1.021944, 44.302222 ], [ 1.013333, 44.184444 ], [ 0.367778, 44.297222 ], [ 0.579722, 44.5 ] ] ] } },
{ "type": "Feature", "properties": { "name": "TOULOUSE 4-6", "nameV": "TMA TOULOUSE 4-6", "class": "E", "type": "TMA", "lower": "3500FT AMSL", "lowerM": 1066, "upper": "FL065", "upperM": 1981, "activationCode": "H24", "UId": "1564517", "id": "LFBO4-6", "stroke": "#008040", "stroke-width": 2, "stroke-opacity": 0.8, "fill": "#80ff80", "fill-opacity": 0.2 }, "geometry": { "type": "Polygon", "coordinates": [ [ [ 1.021944, 44.302222 ], [ 1.566667, 44.208333 ], [ 1.858333, 44.166667 ], [ 2.605556, 44.058333 ], [ 2.475, 43.961111 ], [ 2.375, 44.011111 ], [ 1.621667, 44.083889 ], [ 1.538889, 44.091667 ], [ 1.350833, 44.125556 ], [ 1.002222, 44.038611 ], [ 1.013333, 44.184444 ], [ 1.021944, 44.302222 ] ] ] } },
{ "type": "Feature", "properties": { "name": "BIARRITZ 6.20", "nameV": "TMA BIARRITZ 6.20", "class": "E", "type": "TMA", "lower": "4500FT AMSL", "lowerM": 1371, "upper": "FL065", "upperM": 1981, "desc": "PYRENEES APP outside BIARRITZ APP SKED.", "activationCode": "H24", "UId": "1563681", "id": "LFBZ6.20", "stroke": "#008040", "stroke-width": 2, "stroke-opacity": 0.8, "fill": "#80ff80", "fill-opacity": 0.2 }, "geometry": { "type": "Polygon", "coordinates": [ [ [ -1.283889, 43.943056 ], [ -1.015833, 43.791667 ], [ -0.9225, 43.875278 ], [ -1.192222, 44.027778 ], [ -1.283889, 43.943056 ] ] ] } },
{ "type": "Feature", "properties": { "name": "MONTPELLIER 4.1", "nameV": "TMA MONTPELLIER 4.1", "class": "D", "type": "TMA", "lower": "4500FT AMSL", "lowerM": 1371, "upper": "FL075", "upperM": 2286, "desc": "This part is definied except for LF-R 108 E3 ISTRES when active. Activity known on MONTPELLIER APP and MONTPELLIER INFO.", "activationCode": "H24", "activationDesc": "Activable H24.", "UId": "1564505", "id": "LFMT4.1", "stroke": "#ff0000", "stroke-width": 2, "stroke-opacity": 0.8, "fill": "#ff8080", "fill-opacity": 0.3 }, "geometry": { "type": "Polygon", "coordinates": [ [ [ 3.826111, 43.9375 ], [ 3.883056, 43.864167 ], [ 3.690278, 43.771667 ], [ 3.623611, 43.857222 ], [ 3.826111, 43.9375 ] ] ] } },
{ "type": "Feature", "properties": { "name": "MONTPELLIER 6.1", "nameV": "TMA MONTPELLIER 6.1", "class": "D", "type": "TMA", "lower": "FL075", "lowerM": 2286, "upper": "FL095", "upperM": 2895, "desc": "Activity known on MONTPELLIER APP and MONTPELLIER INFO.", "activationCode": "H24", "activationDesc": "Activable H24.", "UId": "1562451", "id": "LFMT6.1", "stroke": "#ff0000", "stroke-width": 2, "stroke-opacity": 0.8, "fill": "#ff8080", "fill-opacity": 0.3 }, "geometry": { "type": "Polygon", "coordinates": [ [ [ 3.633611, 44.183611 ], [ 3.826111, 43.9375 ], [ 3.623611, 43.857222 ], [ 3.431667, 44.101667 ], [ 3.633611, 44.183611 ] ] ] } },
{ "type": "Feature", "properties": { "name": "LILLE 11", "nameV": "TMA LILLE 11", "class": "E", "type": "TMA", "lower": "3500FT AMSL", "lowerM": 1066, "upper": "FL065", "upperM": 1981, "activationCode": "H24", "UId": "1561405", "id": "LFQQ11", "stroke": "#008040", "stroke-width": 2, "stroke-opacity": 0.8, "fill": "#80ff80", "fill-opacity": 0.2 }, "geometry": { "type": "Polygon", "coordinates": [ [ [ 3.043611, 50.119444 ], [ 3.092222, 50.0675 ], [ 3.116667, 50.0 ], [ 3.160556, 49.877222 ], [ 3.195, 49.783333 ], [ 2.894444, 49.783333 ], [ 2.782778, 49.674167 ], [ 2.668611, 49.716667 ], [ 2.375, 49.716667 ], [ 2.238889, 49.941944 ], [ 2.359722, 50.097222 ], [ 3.043611, 50.119444 ] ] ] } },
{ "type": "Feature", "properties": { "name": "SARRE", "nameV": "TMA SARRE", "class": "E", "type": "TMA", "lower": "1000FT AGL", "ordinalLowerM": 304, "lowerM": 304, "upper": "FL075", "upperM": 2286, "groundEstimatedHeight": [ 0, 0, 0, 0 ], "desc": "Except for G21 AWY and SARREBRUCK CTR. Conditions of transit in LF-R 163 B are maintained in its whole volume.", "activationCode": "H24", "UId": "1566411", "id": "LFQU", "stroke": "#008040", "stroke-width": 2, "stroke-opacity": 0.8, "fill": "#80ff80", "fill-opacity": 0.2 }, "geometry": { "type": "Polygon", "coordinates": [ [ [ 7.493333, 49.166667 ], [ 7.384722, 49.040278 ], [ 7.246667, 48.935 ], [ 6.993056, 49.033889 ], [ 6.834726348783774, 49.151379315876554 ], [ 6.847706, 49.157208 ], [ 6.844553, 49.163986 ], [ 6.845406, 49.168333 ], [ 6.844331, 49.173047 ], [ 6.855614, 49.175033 ], [ 6.859069, 49.174644 ], [ 6.861731, 49.181844 ], [ 6.859519, 49.183525 ], [ 6.858489, 49.186786 ], [ 6.850533, 49.193278 ], [ 6.852167, 49.200092 ], [ 6.842375, 49.208847 ], [ 6.836222, 49.211275 ], [ 6.838092, 49.2135 ], [ 6.858839, 49.222775 ], [ 6.862928, 49.222289 ], [ 6.870497, 49.218803 ], [ 6.873092, 49.214867 ], [ 6.8934, 49.209139 ], [ 6.900586, 49.213689 ], [ 6.911522, 49.215061 ], [ 6.918839, 49.219992 ], [ 6.918733, 49.222692 ], [ 6.925144, 49.223356 ], [ 6.928533, 49.222108 ], [ 6.938192, 49.222453 ], [ 6.939853, 49.216797 ], [ 6.951131, 49.207742 ], [ 6.959636, 49.203097 ], [ 6.972597, 49.209517 ], [ 6.975178, 49.209439 ], [ 6.992569, 49.200775 ], [ 6.997147, 49.197728 ], [ 6.999486, 49.194464 ], [ 7.008903, 49.193981 ], [ 7.0108, 49.187939 ], [ 7.01345, 49.188658 ], [ 7.015622, 49.191225 ], [ 7.02135, 49.193211 ], [ 7.023228, 49.189192 ], [ 7.027922, 49.191267 ], [ 7.035022, 49.191417 ], [ 7.033308, 49.187958 ], [ 7.033833, 49.182614 ], [ 7.0285, 49.175719 ], [ 7.027647, 49.170589 ], [ 7.029275, 49.166842 ], [ 7.032914, 49.164228 ], [ 7.032139, 49.156728 ], [ 7.041436, 49.146706 ], [ 7.046783, 49.136736 ], [ 7.044206, 49.120378 ], [ 7.047486, 49.115622 ], [ 7.052042, 49.112953 ], [ 7.056997, 49.111914 ], [ 7.066639, 49.114308 ], [ 7.068481, 49.116797 ], [ 7.068686, 49.120597 ], [ 7.072014, 49.124408 ], [ 7.090022, 49.130739 ], [ 7.090094, 49.132842 ], [ 7.081775, 49.141992 ], [ 7.084164, 49.1442 ], [ 7.082317, 49.152183 ], [ 7.084736, 49.153453 ], [ 7.087028, 49.152064 ], [ 7.09335, 49.152636 ], [ 7.101317, 49.156092 ], [ 7.106733, 49.155161 ], [ 7.107242, 49.152761 ], [ 7.113406, 49.152425 ], [ 7.112761, 49.150819 ], [ 7.104425, 49.146242 ], [ 7.103053, 49.140583 ], [ 7.104236, 49.138522 ], [ 7.126389, 49.142111 ], [ 7.131531, 49.134683 ], [ 7.131586, 49.131692 ], [ 7.134017, 49.130808 ], [ 7.135883, 49.128486 ], [ 7.140486, 49.127947 ], [ 7.143178, 49.125906 ], [ 7.150292, 49.125183 ], [ 7.155947, 49.121464 ], [ 7.159467, 49.120464 ], [ 7.159547, 49.122186 ], [ 7.165114, 49.128617 ], [ 7.167797, 49.127378 ], [ 7.174492, 49.129222 ], [ 7.178242, 49.128583 ], [ 7.17745, 49.130272 ], [ 7.183567, 49.129961 ], [ 7.183939, 49.131433 ], [ 7.185425, 49.131244 ], [ 7.187175, 49.127806 ], [ 7.190211, 49.128022 ], [ 7.191561, 49.126386 ], [ 7.190525, 49.125836 ], [ 7.196336, 49.121625 ], [ 7.198133, 49.115172 ], [ 7.201303, 49.117303 ], [ 7.203675, 49.120303 ], [ 7.203806, 49.122622 ], [ 7.205461, 49.1236 ], [ 7.228764, 49.126169 ], [ 7.235647, 49.128692 ], [ 7.245047, 49.130086 ], [ 7.248828, 49.127372 ], [ 7.265617, 49.122658 ], [ 7.271669, 49.124272 ], [ 7.279819, 49.122161 ], [ 7.281592, 49.124375 ], [ 7.283831, 49.123439 ], [ 7.282333, 49.116908 ], [ 7.293164, 49.114947 ], [ 7.298408, 49.117275 ], [ 7.304175, 49.123189 ], [ 7.305608, 49.127072 ], [ 7.310172, 49.129467 ], [ 7.313806, 49.137114 ], [ 7.32115, 49.141289 ], [ 7.329889, 49.144792 ], [ 7.341558, 49.145228 ], [ 7.345325, 49.143283 ], [ 7.362722, 49.143194 ], [ 7.361508, 49.144733 ], [ 7.362986, 49.145236 ], [ 7.361308, 49.152917 ], [ 7.362464, 49.156403 ], [ 7.366683, 49.160697 ], [ 7.368956, 49.161656 ], [ 7.365789, 49.164214 ], [ 7.364756, 49.166942 ], [ 7.365189, 49.171861 ], [ 7.381128, 49.175053 ], [ 7.445614, 49.184189 ], [ 7.443664, 49.182206 ], [ 7.436, 49.18005 ], [ 7.4361, 49.176936 ], [ 7.439375, 49.175822 ], [ 7.441792, 49.172186 ], [ 7.440428, 49.1704 ], [ 7.433081, 49.168086 ], [ 7.432572, 49.165653 ], [ 7.439142, 49.164222 ], [ 7.446189, 49.168317 ], [ 7.448739, 49.168497 ], [ 7.453903, 49.166903 ], [ 7.457653, 49.163069 ], [ 7.459758, 49.162803 ], [ 7.465517, 49.164989 ], [ 7.467414, 49.167339 ], [ 7.482219, 49.169633 ], [ 7.493964, 49.169508 ], [ 7.493208394946214, 49.166700536394984 ], [ 7.493333, 49.166667 ] ] ] } },
{ "type": "Feature", "properties": { "name": "TOULOUSE 4-8", "nameV": "TMA TOULOUSE 4-8", "class": "E", "type": "TMA", "lower": "3000FT AMSL", "lowerM": 914, "upper": "FL065", "upperM": 1981, "activationCode": "H24", "UId": "1564521", "id": "LFBO4-8", "stroke": "#008040", "stroke-width": 2, "stroke-opacity": 0.8, "fill": "#80ff80", "fill-opacity": 0.2 }, "geometry": { "type": "Polygon", "coordinates": [ [ [ 0.872778, 43.766667 ], [ 1.0275, 43.384167 ], [ 1.324722, 43.286111 ], [ 1.0, 43.308333 ], [ 0.75, 43.422778 ], [ 0.75, 43.673889 ], [ 0.872778, 43.766667 ] ] ] } },
{ "type": "Feature", "properties": { "name": "TOULOUSE 5", "nameV": "TMA TOULOUSE 5", "class": "D", "type": "TMA", "lower": "3000FT AMSL", "lowerM": 914, "upper": "FL065", "upperM": 1981, "activationCode": "H24", "UId": "1564523", "id": "LFBO5", "stroke": "#ff0000", "stroke-width": 2, "stroke-opacity": 0.8, "fill": "#ff8080", "fill-opacity": 0.3 }, "geometry": { "type": "Polygon", "coordinates": [ [ [ 1.966667, 43.358333 ], [ 2.095833, 43.3125 ], [ 2.465833, 43.3125 ], [ 2.545, 43.3075 ], [ 2.66, 43.3 ], [ 2.66, 43.213889 ], [ 2.625, 43.131111 ], [ 2.4275, 43.132222 ], [ 2.299722, 43.140278 ], [ 2.188889, 43.148611 ], [ 2.063889, 43.176389 ], [ 1.966667, 43.197778 ], [ 1.966667, 43.358333 ] ] ] } },
{ "type": "Feature", "properties": { "name": "TOULOUSE 6", "nameV": "TMA TOULOUSE 6", "class": "D", "type": "TMA", "lower": "4000FT AMSL", "lowerM": 1219, "upper": "FL065", "upperM": 1981, "activationCode": "H24", "UId": "1564541", "id": "LFBO6", "stroke": "#ff0000", "stroke-width": 2, "stroke-opacity": 0.8, "fill": "#ff8080", "fill-opacity": 0.3 }, "geometry": { "type": "Polygon", "coordinates": [ [ [ 1.848056, 43.366667 ], [ 1.944444, 43.366667 ], [ 1.966667, 43.358333 ], [ 1.966667, 43.197778 ], [ 1.848056, 43.223611 ], [ 1.848056, 43.366667 ] ] ] } },
{ "type": "Feature", "properties": { "name": "CLERMONT 2.3", "nameV": "TMA CLERMONT 2.3", "class": "D", "type": "TMA", "lower": "5500FT AMSL", "lowerM": 1676, "upper": "FL085", "upperM": 2590, "desc": "Deactivation announced on CLERMONT ATIS or by CLERMONT INFO.", "activationCode": "H24", "UId": "1563983", "id": "LFLC2.3", "stroke": "#ff0000", "stroke-width": 2, "stroke-opacity": 0.8, "fill": "#ff8080", "fill-opacity": 0.3 }, "geometry": { "type": "Polygon", "coordinates": [ [ [ 2.99, 45.812222 ], [ 3.034722, 45.806667 ], [ 3.034144, 45.806693 ], [ 3.03433, 45.803941 ], [ 3.034549, 45.80119 ], [ 3.034799, 45.798441 ], [ 3.035083, 45.795693 ], [ 3.035399, 45.792947 ], [ 3.035747, 45.790202 ], [ 3.036128, 45.78746 ], [ 3.036541, 45.78472 ], [ 3.036986, 45.781983 ], [ 3.037464, 45.779248 ], [ 3.037975, 45.776516 ], [ 3.038517, 45.773787 ], [ 3.039092, 45.771062 ], [ 3.039699, 45.768339 ], [ 3.040338, 45.76562 ], [ 3.041009, 45.762906 ], [ 3.041712, 45.760195 ], [ 3.042447, 45.757488 ], [ 3.043215, 45.754785 ], [ 3.044014, 45.752087 ], [ 3.044844, 45.749394 ], [ 3.045707, 45.746705 ], [ 3.046601, 45.744022 ], [ 3.047527, 45.741344 ], [ 3.048485, 45.738671 ], [ 3.049474, 45.736004 ], [ 3.050494, 45.733342 ], [ 3.051546, 45.730687 ], [ 3.052629, 45.728038 ], [ 3.053743, 45.725395 ], [ 3.054888, 45.722758 ], [ 3.056065, 45.720128 ], [ 3.057272, 45.717506 ], [ 3.05851, 45.71489 ], [ 3.059779, 45.712281 ], [ 3.061079, 45.70968 ], [ 3.062409, 45.707086 ], [ 3.063769, 45.7045 ], [ 3.065161, 45.701922 ], [ 3.066582, 45.699352 ], [ 3.068034, 45.69679 ], [ 3.069515, 45.694237 ], [ 3.071027, 45.691692 ], [ 3.072569, 45.689156 ], [ 3.07414, 45.68663 ], [ 3.075741, 45.684112 ], [ 3.077371, 45.681603 ], [ 3.079031, 45.679104 ], [ 3.080721, 45.676615 ], [ 3.082439, 45.674135 ], [ 3.084187, 45.671666 ], [ 3.085964, 45.669206 ], [ 3.087769, 45.666757 ], [ 3.089603, 45.664318 ], [ 3.091466, 45.66189 ], [ 3.093357, 45.659473 ], [ 3.095277, 45.657067 ], [ 3.097224, 45.654672 ], [ 3.0992, 45.652288 ], [ 3.101204, 45.649915 ], [ 3.103235, 45.647555 ], [ 3.105295, 45.645205 ], [ 3.107381, 45.642868 ], [ 3.109495, 45.640543 ], [ 3.111636, 45.638231 ], [ 3.113805, 45.63593 ], [ 3.116, 45.633642 ], [ 3.118222, 45.631367 ], [ 3.12047, 45.629105 ], [ 3.122745, 45.626856 ], [ 3.125046, 45.62462 ], [ 3.127374, 45.622397 ], [ 3.129727, 45.620187 ], [ 3.132106, 45.617992 ], [ 3.134511, 45.61581 ], [ 3.136942, 45.613642 ], [ 3.138611, 45.613889 ], [ 3.138611, 45.613889 ], [ 3.002778, 45.599722 ], [ 2.995833, 45.737222 ], [ 2.993333, 45.789167 ], [ 2.99, 45.812222 ] ] ] } },
{ "type": "Feature", "properties": { "name": "CLERMONT 4.2", "nameV": "TMA CLERMONT 4.2", "class": "D", "type": "TMA", "lower": "FL085", "lowerM": 2590, "upper": "FL110", "upperM": 3352, "desc": "Deactivation announced on ATIS CLERMONT or by CLERMONT INFO.", "activationCode": "H24", "UId": "1563939", "id": "LFLC4.2", "stroke": "#ff0000", "stroke-width": 2, "stroke-opacity": 0.8, "fill": "#ff8080", "fill-opacity": 0.3 }, "geometry": { "type": "Polygon", "coordinates": [ [ [ 3.253889, 45.541389 ], [ 3.309167, 45.319722 ], [ 3.021111, 45.223333 ], [ 3.006389, 45.515556 ], [ 3.253889, 45.541389 ] ] ] } },
{ "type": "Feature", "properties": { "name": "CLERMONT 4.2.20", "nameV": "TMA CLERMONT 4.2.20 Lower(1000FT AGL-FL065)", "class": "E", "type": "TMA", "lower": "FL065", "lowerMin": "1000FT AGL", "lowerM": 1981, "upper": "FL085", "upperM": 2590, "desc": "Deactivation announced on ATIS CLERMONT or by CLERMONT INFO.", "activationCode": "H24", "UId": "1563943", "id": "LFLC4.2.20", "stroke": "#008040", "stroke-width": 2, "stroke-opacity": 0.8, "fill": "#80ff80", "fill-opacity": 0.2 }, "geometry": { "type": "Polygon", "coordinates": [ [ [ 3.253889, 45.541389 ], [ 3.309167, 45.319722 ], [ 3.021111, 45.223333 ], [ 3.006389, 45.515556 ], [ 3.253889, 45.541389 ] ] ] } },
{ "type": "Feature", "properties": { "name": "CLERMONT 4.1.20", "nameV": "TMA CLERMONT 4.1.20 Lower(1000FT AGL-FL065)", "class": "E", "type": "TMA", "lower": "FL065", "lowerMin": "1000FT AGL", "lowerM": 1981, "upper": "FL085", "upperM": 2590, "desc": "From 15/03 to 15/10: deactivation on SAT and SUN from 1100 (SUM -1HR) to SS+30, MAX 1900, announced on ATIS CLERMONT or by CLERMONT INFO.", "activationCode": "H24", "UId": "1563947", "id": "LFLC4.1.20", "stroke": "#008040", "stroke-width": 2, "stroke-opacity": 0.8, "fill": "#80ff80", "fill-opacity": 0.2 }, "geometry": { "type": "Polygon", "coordinates": [ [ [ 4.0, 45.783333 ], [ 4.108889, 45.581667 ], [ 3.665, 45.437222 ], [ 3.616667, 45.630556 ], [ 4.0, 45.783333 ] ] ] } },
{ "type": "Feature", "properties": { "name": "CLERMONT 4.1", "nameV": "TMA CLERMONT 4.1", "class": "D", "type": "TMA", "lower": "FL085", "lowerM": 2590, "upper": "FL095", "upperM": 2895, "desc": "From 15/03 to 15/10: deactivation on SAT and SUN from 1100 (SUM -1HR) to SS+30, MAX 1900, announced on ATIS CLERMONT or by CLERMONT INFO.", "activationCode": "H24", "UId": "1563951", "id": "LFLC4.1", "stroke": "#ff0000", "stroke-width": 2, "stroke-opacity": 0.8, "fill": "#ff8080", "fill-opacity": 0.3 }, "geometry": { "type": "Polygon", "coordinates": [ [ [ 4.0, 45.783333 ], [ 4.108889, 45.581667 ], [ 3.665, 45.437222 ], [ 3.616667, 45.630556 ], [ 4.0, 45.783333 ] ] ] } },
{ "type": "Feature", "properties": { "name": "CLERMONT 5.1", "nameV": "TMA CLERMONT 5.1", "class": "D", "type": "TMA", "lower": "FL085", "lowerM": 2590, "upper": "FL115", "upperM": 3505, "desc": "Except for LF-R 68 B when active. From 15/03 to 15/10: deactivation from 1100 (SUM -1HR) to SS+30, MAX 1900, announced on ATIS CLERMONT or by CLERMONT INFO.", "activationCode": "H24", "UId": "1563967", "id": "LFLC5.1", "stroke": "#ff0000", "stroke-width": 2, "stroke-opacity": 0.8, "fill": "#ff8080", "fill-opacity": 0.3 }, "geometry": { "type": "Polygon", "coordinates": [ [ [ 2.5, 45.870556 ], [ 2.99, 45.812222 ], [ 2.993333, 45.789167 ], [ 2.995833, 45.737222 ], [ 2.5, 45.608611 ], [ 2.5, 45.870556 ] ] ] } },
{ "type": "Feature", "properties": { "name": "TOULOUSE 4-4 SUD", "nameV": "TMA TOULOUSE 4-4 SUD", "class": "E", "type": "TMA", "lower": "2000FT AMSL", "lowerM": 609, "upper": "FL065", "upperM": 1981, "desc": "LF-P 3: entry prohibited, exception see AIP ENR 5.1", "activationCode": "H24", "UId": "1564531", "id": "LFBO75", "stroke": "#008040", "stroke-width": 2, "stroke-opacity": 0.8, "fill": "#80ff80", "fill-opacity": 0.2 }, "geometry": { "type": "Polygon", "coordinates": [ [ [ 0.367778, 44.297222 ], [ 1.013333, 44.184444 ], [ 1.002222, 44.038611 ], [ 0.872778, 43.766667 ], [ 0.279722, 44.2125 ], [ 0.367778, 44.297222 ] ] ] } },
{ "type": "Feature", "properties": { "name": "AVORD 1.2", "nameV": "TMA AVORD 1.2", "class": "D", "type": "TMA", "lower": "2100FT AMSL", "lowerM": 640, "upper": "FL055", "upperM": 1676, "desc": "OAT/GAT procedures AVORD TMA part 1.2 can be deactivated as per protocol Known activity on:\t AVORD APP or RAI 119.7 BOURGES AFIS POITIERS APP CHATEAUROUX TWR", "activationCode": "HX", "activationDesc": "Activable H24 Possible activation H24", "declassifiable": true, "UId": "1563015", "id": "LFOA1.2", "stroke": "#ff0000", "stroke-width": 2, "stroke-opacity": 0.8, "fill": "#ffb9dc", "fill-opacity": 0.3 }, "geometry": { "type": "Polygon", "coordinates": [ [ [ 2.191667, 47.144167 ], [ 2.371389, 47.120833 ], [ 2.425556, 47.094167 ], [ 2.424936, 47.094158 ], [ 2.424578, 47.093184 ], [ 2.424229, 47.092208 ], [ 2.42389, 47.09123 ], [ 2.42356, 47.090251 ], [ 2.42324, 47.089271 ], [ 2.42293, 47.088289 ], [ 2.422629, 47.087305 ], [ 2.422338, 47.086321 ], [ 2.422057, 47.085335 ], [ 2.421785, 47.084347 ], [ 2.421523, 47.083359 ], [ 2.421271, 47.082369 ], [ 2.421029, 47.081379 ], [ 2.420796, 47.080387 ], [ 2.420573, 47.079394 ], [ 2.420359, 47.0784 ], [ 2.420156, 47.077405 ], [ 2.419962, 47.076409 ], [ 2.419778, 47.075413 ], [ 2.419604, 47.074415 ], [ 2.41944, 47.073417 ], [ 2.419285, 47.072418 ], [ 2.41914, 47.071419 ], [ 2.419005, 47.070418 ], [ 2.41888, 47.069418 ], [ 2.418765, 47.068416 ], [ 2.418659, 47.067414 ], [ 2.418564, 47.066412 ], [ 2.418478, 47.065409 ], [ 2.418402, 47.064406 ], [ 2.418336, 47.063403 ], [ 2.418279, 47.062399 ], [ 2.418233, 47.061395 ], [ 2.418196, 47.060391 ], [ 2.418169, 47.059387 ], [ 2.418152, 47.058382 ], [ 2.418145, 47.057378 ], [ 2.418148, 47.056373 ], [ 2.418161, 47.055369 ], [ 2.418183, 47.054365 ], [ 2.418215, 47.05336 ], [ 2.418257, 47.052356 ], [ 2.418309, 47.051353 ], [ 2.418371, 47.050349 ], [ 2.418443, 47.049346 ], [ 2.418524, 47.048343 ], [ 2.418616, 47.04734 ], [ 2.418717, 47.046338 ], [ 2.418828, 47.045337 ], [ 2.418948, 47.044336 ], [ 2.419079, 47.043335 ], [ 2.419722, 47.043333 ], [ 2.419722, 47.043333 ], [ 2.390278, 47.026389 ], [ 2.309722, 47.054722 ], [ 2.178056, 47.016667 ], [ 2.176729, 47.016674 ], [ 2.176396, 47.018447 ], [ 2.176078, 47.020221 ], [ 2.175774, 47.021997 ], [ 2.175485, 47.023773 ], [ 2.175211, 47.025551 ], [ 2.174952, 47.027329 ], [ 2.174707, 47.029109 ], [ 2.174476, 47.030889 ], [ 2.174261, 47.032671 ], [ 2.17406, 47.034453 ], [ 2.173874, 47.036236 ], [ 2.173702, 47.038019 ], [ 2.173546, 47.039803 ], [ 2.173404, 47.041588 ], [ 2.173276, 47.043373 ], [ 2.173164, 47.045159 ], [ 2.173066, 47.046945 ], [ 2.172983, 47.048732 ], [ 2.172915, 47.050519 ], [ 2.172861, 47.052306 ], [ 2.172823, 47.054093 ], [ 2.172799, 47.05588 ], [ 2.172789, 47.057667 ], [ 2.172795, 47.059455 ], [ 2.172815, 47.061242 ], [ 2.17285, 47.063029 ], [ 2.1729, 47.064816 ], [ 2.172965, 47.066603 ], [ 2.173044, 47.06839 ], [ 2.173138, 47.070176 ], [ 2.173247, 47.071962 ], [ 2.173371, 47.073747 ], [ 2.173509, 47.075532 ], [ 2.173663, 47.077316 ], [ 2.173831, 47.0791 ], [ 2.174013, 47.080883 ], [ 2.174211, 47.082665 ], [ 2.174423, 47.084447 ], [ 2.17465, 47.086228 ], [ 2.174892, 47.088007 ], [ 2.175148, 47.089786 ], [ 2.175419, 47.091564 ], [ 2.175705, 47.093341 ], [ 2.176006, 47.095116 ], [ 2.176321, 47.096891 ], [ 2.176651, 47.098664 ], [ 2.176995, 47.100436 ], [ 2.177355, 47.102207 ], [ 2.177729, 47.103976 ], [ 2.178117, 47.105743 ], [ 2.178521, 47.10751 ], [ 2.178938, 47.109274 ], [ 2.179371, 47.111037 ], [ 2.179818, 47.112798 ], [ 2.18028, 47.114558 ], [ 2.180756, 47.116316 ], [ 2.181247, 47.118072 ], [ 2.181752, 47.119826 ], [ 2.182272, 47.121578 ], [ 2.182806, 47.123328 ], [ 2.183355, 47.125075 ], [ 2.183919, 47.126821 ], [ 2.184497, 47.128565 ], [ 2.185089, 47.130306 ], [ 2.185696, 47.132045 ], [ 2.186317, 47.133782 ], [ 2.186952, 47.135516 ], [ 2.187602, 47.137248 ], [ 2.188267, 47.138977 ], [ 2.188945, 47.140704 ], [ 2.189638, 47.142428 ], [ 2.190346, 47.14415 ], [ 2.191667, 47.144167 ] ] ] } },
{ "type": "Feature", "properties": { "name": "AVORD 2", "nameV": "TMA AVORD 2", "class": "E", "type": "TMA", "lower": "3000FT AMSL", "lowerM": 914, "upper": "FL065", "upperM": 1981, "desc": "OAT/GAT procedures Known activity on: AVORD APP or RAI 119.7 PARIS ACC FIC ST YAN APP NEVERS AFIS Coexists with zone LF-R20 B2 AVORD (see ENR 5.1) for the interfering part.", "activationCode": "HX", "activationDesc": "Activable H24 Possible activation H24", "UId": "1563003", "id": "LFOA2", "stroke": "#008040", "stroke-width": 2, "stroke-opacity": 0.8, "fill": "#80ff80", "fill-opacity": 0.2 }, "geometry": { "type": "Polygon", "coordinates": [ [ [ 3.184167, 47.1075 ], [ 3.383333, 46.983333 ], [ 3.313056, 46.728056 ], [ 2.852222, 46.775833 ], [ 2.853092, 46.775567 ], [ 2.859943, 46.778049 ], [ 2.866733, 46.780608 ], [ 2.873461, 46.783245 ], [ 2.880124, 46.785957 ], [ 2.88672, 46.788746 ], [ 2.893248, 46.791609 ], [ 2.899706, 46.794546 ], [ 2.906092, 46.797556 ], [ 2.912404, 46.800639 ], [ 2.91864, 46.803794 ], [ 2.924799, 46.807019 ], [ 2.93088, 46.810313 ], [ 2.936879, 46.813677 ], [ 2.942797, 46.817109 ], [ 2.94863, 46.820607 ], [ 2.954377, 46.824172 ], [ 2.960038, 46.827801 ], [ 2.965609, 46.831495 ], [ 2.971091, 46.835252 ], [ 2.97648, 46.839071 ], [ 2.981776, 46.84295 ], [ 2.986977, 46.84689 ], [ 2.992082, 46.850888 ], [ 2.997089, 46.854944 ], [ 3.001996, 46.859056 ], [ 3.006803, 46.863224 ], [ 3.011508, 46.867446 ], [ 3.01611, 46.871721 ], [ 3.020608, 46.876048 ], [ 3.024999, 46.880425 ], [ 3.029283, 46.884852 ], [ 3.033459, 46.889328 ], [ 3.037526, 46.89385 ], [ 3.041482, 46.898418 ], [ 3.045326, 46.903031 ], [ 3.049057, 46.907686 ], [ 3.052675, 46.912384 ], [ 3.056177, 46.917122 ], [ 3.059564, 46.9219 ], [ 3.062833, 46.926715 ], [ 3.065985, 46.931567 ], [ 3.069018, 46.936454 ], [ 3.071931, 46.941375 ], [ 3.074723, 46.946329 ], [ 3.077395, 46.951314 ], [ 3.079944, 46.956328 ], [ 3.08237, 46.961371 ], [ 3.084673, 46.966441 ], [ 3.086852, 46.971537 ], [ 3.088905, 46.976657 ], [ 3.090834, 46.981799 ], [ 3.092636, 46.986962 ], [ 3.094311, 46.992146 ], [ 3.09586, 46.997348 ], [ 3.097281, 47.002566 ], [ 3.098574, 47.007801 ], [ 3.099738, 47.013049 ], [ 3.100774, 47.018309 ], [ 3.10168, 47.023581 ], [ 3.102458, 47.028863 ], [ 3.103105, 47.034152 ], [ 3.103623, 47.039448 ], [ 3.104011, 47.04475 ], [ 3.104268, 47.050055 ], [ 3.104395, 47.055362 ], [ 3.104392, 47.06067 ], [ 3.104259, 47.065977 ], [ 3.103995, 47.071282 ], [ 3.1036, 47.076583 ], [ 3.103076, 47.081879 ], [ 3.102421, 47.087168 ], [ 3.101636, 47.092449 ], [ 3.100833, 47.0925 ], [ 3.100833, 47.0925 ], [ 3.184167, 47.1075 ] ] ] } },
{ "type": "Feature", "properties": { "name": "EVREUX 2", "nameV": "TMA EVREUX 2", "class": "D", "type": "TMA", "lower": "2500FT AMSL", "lowerM": 762, "upper": "FL065", "upperM": 1981, "desc": "OAT/GAT procedures Actual activity known on RAI frequency 118.125 or by PARIS ACC/FIC.", "activationCode": "HX", "activationDesc": "Activable H24. Possible activation H24.", "declassifiable": true, "UId": "1561275", "id": "LFOE2", "stroke": "#ff0000", "stroke-width": 2, "stroke-opacity": 0.8, "fill": "#ffb9dc", "fill-opacity": 0.3 }, "geometry": { "type": "Polygon", "coordinates": [ [ [ 0.850833, 49.190556 ], [ 0.803889, 48.819722 ], [ 0.65, 48.825833 ], [ 0.566667, 49.041667 ], [ 0.850833, 49.190556 ] ] ] } },
{ "type": "Feature", "properties": { "name": "PARIS 5", "nameV": "TMA PARIS 5", "class": "A", "type": "TMA", "lower": "4500FT AMSL", "lowerM": 1371, "upper": "FL065", "upperM": 1981, "desc": "Caution: this part of TMA coexists with LF-R 205/5 PARIS 5 which sets restrictions of entry for flights GAT IFR and VFR. Except for: - LF-R 3100 D-E-F-G-K-L-M-N, LF-R 3101 A-B, LF-R 3102 C-E-V, LF-R 3103 D-E-K-L-M-N-P, LF-R 3104 B-D-E¬H-J-K-V, LF-R 3105 A-B-D-E-F, LF-R 3106 A-B-V, LF-R 3111 A-B and LF-R 3112 (Satory). when active. LF-P 23 PARIS: entry prohibited, exception see AIP ENR 5.1.", "activationCode": "H24", "UId": "1566063", "id": "LFPG5", "stroke": "#ff0000", "stroke-width": 2, "stroke-opacity": 0.8, "fill": "#ff8080", "fill-opacity": 0.3 }, "geometry": { "type": "Polygon", "coordinates": [ [ [ 2.708889, 49.510556 ], [ 3.157778, 49.4375 ], [ 3.314722, 49.468611 ], [ 3.461667, 49.445 ], [ 3.662222, 49.140556 ], [ 3.661667, 49.105833 ], [ 3.656944, 48.736667 ], [ 3.509167, 48.698889 ], [ 3.158611, 48.608056 ], [ 2.885, 48.376667 ], [ 2.747222, 48.377222 ], [ 1.871944, 48.3775 ], [ 1.753889, 48.376944 ], [ 1.552222, 48.498333 ], [ 1.576111, 48.606667 ], [ 1.425278, 48.705833 ], [ 1.419167, 48.917222 ], [ 1.495278, 49.101111 ], [ 1.488611, 49.138611 ], [ 1.468056, 49.2525 ], [ 1.570556, 49.3 ], [ 1.613056, 49.380278 ], [ 1.723056, 49.375278 ], [ 1.8525, 49.41 ], [ 1.941111, 49.433889 ], [ 2.2425, 49.340556 ], [ 2.5, 49.433333 ], [ 2.602778, 49.471389 ], [ 2.708889, 49.510556 ] ] ] } },
{ "type": "Feature", "properties": { "name": "POITIERS 5", "nameV": "TMA POITIERS 5", "class": "E", "type": "TMA", "lower": "3000FT AMSL", "lowerM": 914, "upper": "FL065", "upperM": 1981, "activationCode": "TIMSH", "activationDesc": "H24 du LUN 0600 ou JF 0700 au SAM 1900 ou la veille de JF 1900. DIM: 0700-1900. ETE: -1 HR. H24 from MON 0600 or public holiday 0700 to SAT 1900 or day before public holiday 1900. SUN: 0700-1900. SUM: -1 HR.", "UId": "1563693", "id": "LFBI5", "stroke": "#008040", "stroke-width": 2, "stroke-opacity": 0.8, "fill": "#80ff80", "fill-opacity": 0.2 }, "geometry": { "type": "Polygon", "coordinates": [ [ [ 1.283333, 46.9 ], [ 1.4275, 46.806667 ], [ 1.566667, 46.716667 ], [ 1.710278, 46.662778 ], [ 1.756944, 46.645833 ], [ 1.690278, 46.572222 ], [ 1.416667, 46.65 ], [ 1.283333, 46.9 ] ] ] } },
{ "type": "Feature", "properties": { "name": "POITIERS 4", "nameV": "TMA POITIERS 4", "class": "E", "type": "TMA", "lower": "2500FT AMSL", "lowerM": 762, "upper": "FL065", "upperM": 1981, "activationCode": "TIMSH", "activationDesc": "H24 du LUN 0600 ou JF 0700 au SAM 1900 ou la veille de JF 1900. DIM: 0700-1900. ETE: -1 HR. H24 from MON 0600 or public holiday 0700 to SAT 1900 or day before public holiday 1900. SUN: 0700-1900. SUM: -1 HR.", "UId": "1561261", "id": "LFBI4", "stroke": "#008040", "stroke-width": 2, "stroke-opacity": 0.8, "fill": "#80ff80", "fill-opacity": 0.2 }, "geometry": { "type": "Polygon", "coordinates": [ [ [ 1.919167, 47.158889 ], [ 2.051944, 47.081944 ], [ 2.047222, 47.034722 ], [ 2.038889, 46.954167 ], [ 1.756944, 46.645833 ], [ 1.710278, 46.662778 ], [ 1.566667, 46.716667 ], [ 1.4275, 46.806667 ], [ 1.283333, 46.9 ], [ 1.536111, 47.011111 ], [ 1.813333, 47.133056 ], [ 1.859722, 47.141667 ], [ 1.919167, 47.158889 ] ] ] } },
{ "type": "Feature", "properties": { "name": "ETAIN 1", "nameV": "TMA ETAIN 1", "class": "D", "type": "TMA", "lower": "2000FT AMSL", "lowerM": 609, "upper": "FL055", "upperM": 1676, "desc": "OAT/GAT procedures. Lower limit set at 3000ft AMSL within ETAIN CTR limits. Except for LF-R229 when active. Deactivation announced by RAI 120.125 MHz. Activity available from PARIS ACC/FIC, STRASBOURG INFO and ETAIN Shift Supervisor: see AD 2.2 LFQE.", "activationCode": "HO", "activationDesc": "Activable H24.", "declassifiable": true, "UId": "1613164", "id": "LFQE1", "stroke": "#ff0000", "stroke-width": 2, "stroke-opacity": 0.8, "fill": "#ffb9dc", "fill-opacity": 0.3 }, "geometry": { "type": "Polygon", "coordinates": [ [ [ 5.091667, 49.369444 ], [ 5.2, 49.369444 ], [ 5.522222, 49.370833 ], [ 5.833333, 49.370833 ], [ 5.833333, 49.041944 ], [ 5.757222, 49.0 ], [ 5.803611, 48.964444 ], [ 5.706944, 48.848056 ], [ 5.398611, 48.848056 ], [ 5.327222, 48.973056 ], [ 5.522222, 49.115833 ], [ 5.522222, 49.180556 ], [ 5.205556, 49.180556 ], [ 5.091667, 49.369444 ] ] ] } },
{ "type": "Feature", "properties": { "name": "BEAUVAIS 4", "nameV": "TMA BEAUVAIS 4", "class": "D", "type": "TMA", "lower": "2500FT AMSL", "lowerM": 762, "upper": "FL065", "upperM": 1981, "desc": "Extension for all scheduled commercial flights. Activation known on BEAUVAIS APP or on ATIS 118.380 MHz and phone number 03 44 84 69 41. Can be downgraded to class E for certain air activities, in accordance with protocol.", "activationCode": "TIMSH", "activationDesc": "WIN: 0615-2200, SUM: -1HR", "declassifiable": true, "UId": "1566067", "id": "LFOB4", "stroke": "#ff0000", "stroke-width": 2, "stroke-opacity": 0.8, "fill": "#ffb9dc", "fill-opacity": 0.3 }, "geometry": { "type": "Polygon", "coordinates": [ [ [ 2.501944, 49.716667 ], [ 2.668611, 49.716667 ], [ 2.782778, 49.674167 ], [ 2.743889, 49.635278 ], [ 2.708889, 49.510556 ], [ 2.602778, 49.471389 ], [ 2.501944, 49.716667 ] ] ] } },
{ "type": "Feature", "properties": { "name": "BEAUVAIS 3", "nameV": "TMA BEAUVAIS 3", "class": "D", "type": "TMA", "lower": "4500FT AMSL", "lowerM": 1371, "upper": "FL065", "upperM": 1981, "desc": "Extension for all scheduled commercial flights. Activation known on BEAUVAIS APP or on ATIS 118.380 MHz and phone number 03 44 84 69 41.", "activationCode": "TIMSH", "activationDesc": "WIN: 0615-2200, SUM: -1HR", "declassifiable": true, "UId": "1566077", "id": "LFOB3", "stroke": "#ff0000", "stroke-width": 2, "stroke-opacity": 0.8, "fill": "#ffb9dc", "fill-opacity": 0.3 }, "geometry": { "type": "Polygon", "coordinates": [ [ [ 1.590833, 49.738611 ], [ 1.778611, 49.716667 ], [ 2.501944, 49.716667 ], [ 2.602778, 49.471389 ], [ 2.5, 49.433333 ], [ 2.2425, 49.340556 ], [ 1.941111, 49.433889 ], [ 1.8525, 49.41 ], [ 1.723056, 49.375278 ], [ 1.613056, 49.380278 ], [ 1.641389, 49.502778 ], [ 1.550833, 49.560556 ], [ 1.519167, 49.595556 ], [ 1.527222, 49.679167 ], [ 1.590833, 49.738611 ] ] ] } },
{ "type": "Feature", "properties": { "name": "GENEVE 8", "nameV": "TMA GENEVE 8", "class": "C", "type": "TMA", "lower": "FL095", "lowerM": 2895, "upper": "FL195", "upperM": 5943, "desc": "Airspace wherein ATS is provided by a foreign provider. Refer to Swiss AIP.", "activationCode": "H24", "UId": "1561745", "id": "TMA16168", "stroke": "#ff0000", "stroke-width": 2, "stroke-opacity": 0.8, "fill": "#ff8080", "fill-opacity": 0.3 }, "geometry": { "type": "Polygon", "coordinates": [ [ [ 6.159183, 46.048886 ], [ 6.238281, 45.987839 ], [ 6.256683, 45.973608 ], [ 6.204178, 45.918881 ], [ 6.183611, 45.932222 ], [ 6.129047, 45.873597 ], [ 5.5814, 45.828906 ], [ 5.662708, 45.927961 ], [ 5.662354, 45.928009 ], [ 5.666645, 45.925966 ], [ 5.671006, 45.923996 ], [ 5.675433, 45.922099 ], [ 5.679924, 45.920276 ], [ 5.684477, 45.918529 ], [ 5.689089, 45.916859 ], [ 5.693757, 45.915266 ], [ 5.698479, 45.913752 ], [ 5.703251, 45.912317 ], [ 5.708071, 45.910962 ], [ 5.712937, 45.909688 ], [ 5.717845, 45.908496 ], [ 5.722793, 45.907387 ], [ 5.727777, 45.90636 ], [ 5.732796, 45.905417 ], [ 5.737845, 45.904558 ], [ 5.742923, 45.903784 ], [ 5.748026, 45.903095 ], [ 5.753151, 45.902492 ], [ 5.758295, 45.901974 ], [ 5.763456, 45.901542 ], [ 5.76863, 45.901197 ], [ 5.773814, 45.900939 ], [ 5.779006, 45.900767 ], [ 5.784203, 45.900682 ], [ 5.7894, 45.900684 ], [ 5.794597, 45.900773 ], [ 5.799788, 45.900948 ], [ 5.804972, 45.901211 ], [ 5.810146, 45.90156 ], [ 5.815306, 45.901995 ], [ 5.820449, 45.902517 ], [ 5.825573, 45.903124 ], [ 5.830675, 45.903817 ], [ 5.835752, 45.904595 ], [ 5.8408, 45.905457 ], [ 5.845817, 45.906404 ], [ 5.8508, 45.907434 ], [ 5.855746, 45.908548 ], [ 5.860652, 45.909743 ], [ 5.865516, 45.911021 ], [ 5.870334, 45.912379 ], [ 5.875104, 45.913817 ], [ 5.879823, 45.915335 ], [ 5.884489, 45.916931 ], [ 5.889098, 45.918605 ], [ 5.893648, 45.920355 ], [ 5.898137, 45.922181 ], [ 5.902561, 45.924082 ], [ 5.906919, 45.926055 ], [ 5.911207, 45.928102 ], [ 5.910853, 45.928053 ], [ 5.910853, 45.928053 ], [ 6.159183, 46.048886 ] ] ] } },
{ "type": "Feature", "properties": { "name": "GENEVE 4", "nameV": "TMA GENEVE 4", "class": "C", "type": "TMA", "lower": "FL075", "lowerM": 2286, "upper": "FL195", "upperM": 5943, "desc": "Except for LF-R 219 area when active. Lower limit FL 085 within part 4.1 ST CLAUDE NORD lateral limits. Cross-border airspace wherein ATS is provided by a foreign provider. Refer to Swiss AIP.", "activationCode": "H24", "UId": "1561003", "id": "TMA16164", "stroke": "#ff0000", "stroke-width": 2, "stroke-opacity": 0.8, "fill": "#ff8080", "fill-opacity": 0.3 }, "geometry": { "type": "Polygon", "coordinates": [ [ [ 6.44, 46.767778 ], [ 6.557222, 46.733333 ], [ 6.326389, 46.573056 ], [ 6.088056, 46.411111 ], [ 6.034444, 46.374722 ], [ 5.801111, 46.242222 ], [ 5.743333, 46.312222 ], [ 5.606111, 46.477222 ], [ 5.586111, 46.5 ], [ 5.890556, 46.5 ], [ 6.110833, 46.576111 ], [ 6.210278, 46.639722 ], [ 6.275, 46.683333 ], [ 6.44, 46.767778 ] ] ] } },
{ "type": "Feature", "properties": { "name": "GENEVE 6", "nameV": "TMA GENEVE 6", "class": "C", "type": "TMA", "lower": "FL085", "lowerM": 2590, "upper": "FL195", "upperM": 5943, "desc": "Cross-border airspace wherein ATS is provided by a foreign provider. Refer to Swiss AIP.", "activationCode": "H24", "UId": "1561739", "id": "TMA16166", "stroke": "#ff0000", "stroke-width": 2, "stroke-opacity": 0.8, "fill": "#ff8080", "fill-opacity": 0.3 }, "geometry": { "type": "Polygon", "coordinates": [ [ [ 6.801389, 46.469167 ], [ 6.802780003728241, 46.430843317453849 ], [ 6.821025, 46.4273 ], [ 6.801689, 46.386875 ], [ 6.803878, 46.384017 ], [ 6.805981, 46.383336 ], [ 6.806522, 46.380253 ], [ 6.804266213862935, 46.378306098702744 ], [ 6.804722, 46.377778 ], [ 6.805278, 46.358611 ], [ 6.416667, 46.173333 ], [ 6.238333, 45.987778 ], [ 6.159167, 46.048889 ], [ 6.509444, 46.304722 ], [ 6.666389, 46.415 ], [ 6.698056, 46.437222 ], [ 6.725833, 46.445833 ], [ 6.801389, 46.469167 ] ] ] } },
{ "type": "Feature", "properties": { "name": "CLERMONT 12", "nameV": "TMA CLERMONT 12", "class": "E", "type": "TMA", "lower": "FL085", "lowerM": 2590, "upper": "FL115", "upperM": 3505, "activationCode": "H24", "UId": "1564311", "id": "LFLC12", "stroke": "#008040", "stroke-width": 2, "stroke-opacity": 0.8, "fill": "#80ff80", "fill-opacity": 0.2 }, "geometry": { "type": "Polygon", "coordinates": [ [ [ 1.598889, 44.775833 ], [ 2.224167, 44.75 ], [ 2.0, 44.64 ], [ 1.716667, 44.5 ], [ 1.598889, 44.775833 ] ] ] } },
{ "type": "Feature", "properties": { "name": "EVREUX 1", "nameV": "TMA EVREUX 1", "class": "D", "type": "TMA", "lower": "1500FT AMSL", "lowerM": 457, "upper": "FL065", "upperM": 1981, "desc": "OAT/GAT procedures Actual activity known on RAI frequency 118.125 or by PARIS ACC/FIC. Except for: - PARIS TMA 5 - LF-D 588.", "activationCode": "HX", "activationDesc": "Activable H24. Possible activation H24.", "declassifiable": true, "UId": "1561255", "id": "LFOE1", "stroke": "#ff0000", "stroke-width": 2, "stroke-opacity": 0.8, "fill": "#ffb9dc", "fill-opacity": 0.3 }, "geometry": { "type": "Polygon", "coordinates": [ [ [ 1.458333, 49.383333 ], [ 1.552778, 49.3375 ], [ 1.627778, 49.216667 ], [ 1.116667, 48.766667 ], [ 0.803889, 48.819722 ], [ 0.850833, 49.190556 ], [ 1.0, 49.228056 ], [ 1.096389, 49.252222 ], [ 1.219167, 49.282778 ], [ 1.382778, 49.351667 ], [ 1.458333, 49.383333 ] ] ] } },
{ "type": "Feature", "properties": { "name": "ETAIN 2", "nameV": "TMA ETAIN 2", "class": "D", "type": "TMA", "lower": "2500FT AMSL", "lowerM": 762, "upper": "FL055", "upperM": 1676, "desc": "OAT/GAT procedures. Except for LF-R 208 when active. Deactivation announced by RAI 120.125 MHz. Activity available from PARIS ACC/FIC, STRASBOURG INFO and ETAIN Shift Supervisor: see AD 2.2 LFQE.", "activationCode": "HO", "activationDesc": "Activable H24.", "declassifiable": true, "UId": "1613166", "id": "LFQE2", "stroke": "#ff0000", "stroke-width": 2, "stroke-opacity": 0.8, "fill": "#ffb9dc", "fill-opacity": 0.3 }, "geometry": { "type": "Polygon", "coordinates": [ [ [ 5.205556, 49.180556 ], [ 5.522222, 49.180556 ], [ 5.522222, 49.115833 ], [ 5.327222, 48.973056 ], [ 5.205556, 49.180556 ] ] ] } },
{ "type": "Feature", "properties": { "name": "ETAIN 3", "nameV": "TMA ETAIN 3", "class": "D", "type": "TMA", "lower": "2000FT AMSL", "lowerM": 609, "upper": "FL055", "upperM": 1676, "desc": "Out of LF-R 45 N3 activation. Deactivation announced by RAI 120.125 MHz Activity available from PARIS ACC/FIC, STRASBOURG INFO and ETAIN Shift Supervisor: see AD 2.2 LFQE.", "activationCode": "HO", "activationDesc": "Activable H24.", "declassifiable": true, "UId": "25102361", "id": "LFQE3", "stroke": "#ff0000", "stroke-width": 2, "stroke-opacity": 0.8, "fill": "#ffb9dc", "fill-opacity": 0.3 }, "geometry": { "type": "Polygon", "coordinates": [ [ [ 5.522222, 49.452778 ], [ 5.793333, 49.452778 ], [ 5.818611, 49.4525 ], [ 5.833333, 49.452222 ], [ 5.833333, 49.370833 ], [ 5.522222, 49.370833 ], [ 5.522222, 49.452778 ] ] ] } },
{ "type": "Feature", "properties": { "name": "SEINE 7.2", "nameV": "TMA SEINE 7.2 (SeeNotam)", "class": "D", "type": "TMA", "lower": "2500FT AMSL", "lowerM": 762, "upper": "3500FT AMSL", "upperM": 1066, "desc": "Activation is possible during the schedules of part 8 SEINE SIV (Flight Information Service), actual activity published by NOTAM. SEINE TMA part 7.2 can be deactivated as per protocol. Activity known on: SEINE APP/INFO, TOURS TWR/INFO, PARIS ACC/FIC, POITIERS INFO.", "activationCode": "NOTAM", "declassifiable": true, "UId": "40503056", "id": "LFPM7.2", "stroke": "#ff0000", "stroke-width": 2, "stroke-opacity": 0.8, "fill": "#ffb9dc", "fill-opacity": 0.3 }, "geometry": { "type": "Polygon", "coordinates": [ [ [ 0.726667, 47.2175 ], [ 0.618333, 47.097778 ], [ 0.606111, 47.101389 ], [ 0.666667, 47.194167 ], [ 0.726667, 47.2175 ] ] ] } },
{ "type": "Feature", "properties": { "name": "SEINE 9", "nameV": "TMA SEINE 9 (SeeNotam)", "class": "D", "type": "TMA", "lower": "4500FT AMSL", "lowerM": 1371, "upper": "FL065", "upperM": 1981, "desc": "Activation is possible during the schedules of part 8 SEINE SIV (Flight Information Service), actual activity published by NOTAM. Activity known on: SEINE APP/INFO, TOURS TWR/INFO, PARIS ACC/FIC, POITIERS INFO.", "activationCode": "NOTAM", "declassifiable": true, "UId": "40503084", "id": "LFPM9", "stroke": "#ff0000", "stroke-width": 2, "stroke-opacity": 0.8, "fill": "#ffb9dc", "fill-opacity": 0.3 }, "geometry": { "type": "Polygon", "coordinates": [ [ [ 0.772222, 47.85 ], [ 1.005556, 47.85 ], [ 0.976667, 47.689722 ], [ 0.932222, 47.4425 ], [ 0.848611, 47.268611 ], [ 0.726667, 47.2175 ], [ 0.618333, 47.097778 ], [ 0.496111, 46.961944 ], [ 0.332778, 47.2125 ], [ 0.336111, 47.458333 ], [ 0.369722, 47.543611 ], [ 0.548889, 47.757222 ], [ 0.772222, 47.85 ] ] ] } },
{ "type": "Feature", "properties": { "name": "BIARRITZ 7", "nameV": "TMA BIARRITZ 7", "class": "D", "type": "TMA", "lower": "4500FT AMSL", "lowerM": 1371, "upper": "FL065", "upperM": 1981, "desc": "Only when LF-R 40 B is inactive. Extension possible for all scheduled commercial flights, medical flights and those which have been granted a prior authorization. Activation known on BIARRITZ APP or on ATIS.", "activationCode": "HX", "activationDesc": "0515-2200 (SUM: -1HR).", "declassifiable": true, "UId": "17781954", "id": "LFBZ7", "stroke": "#ff0000", "stroke-width": 2, "stroke-opacity": 0.8, "fill": "#ffb9dc", "fill-opacity": 0.3 }, "geometry": { "type": "Polygon", "coordinates": [ [ [ -1.117222, 43.700278 ], [ -1.015833, 43.791667 ], [ -0.933611, 43.865278 ], [ -0.844444, 43.825 ], [ -0.803611, 43.7625 ], [ -0.9, 43.471111 ], [ -0.936111, 43.4875 ], [ -1.117222, 43.700278 ] ] ] } },
{ "type": "Feature", "properties": { "name": "BIARRITZ 3", "nameV": "TMA BIARRITZ 3", "class": "D", "type": "TMA", "lower": "2500FT AMSL", "lowerM": 762, "upper": "FL065", "upperM": 1981, "desc": "Only when LF-R 40 B is inactive. Extension possible for all scheduled commercial flights, medical flights and those which have been granted a prior authorisation. Activation known on BIARRITZ APP or on ATIS.", "activationCode": "HX", "activationDesc": "0515-2200 (SUM: -1HR).", "declassifiable": true, "UId": "1560911", "id": "LFBZ3", "stroke": "#ff0000", "stroke-width": 2, "stroke-opacity": 0.8, "fill": "#ffb9dc", "fill-opacity": 0.3 }, "geometry": { "type": "Polygon", "coordinates": [ [ [ -1.117222, 43.700278 ], [ -0.936111, 43.4875 ], [ -1.133333, 43.483333 ], [ -1.133333, 43.515278 ], [ -1.183333, 43.616667 ], [ -1.117222, 43.700278 ] ] ] } },
{ "type": "Feature", "properties": { "name": "BIARRITZ 8", "nameV": "TMA BIARRITZ 8", "class": "D", "type": "TMA", "lower": "FL065", "lowerM": 1981, "upper": "FL115", "upperM": 3505, "desc": "Only when TMA MARSAN 1.2 and LF-R34 A2 are inactive. Extension possible for all scheduled commercial flights, medical flights and those which have been granted a prior authorisation. Portions of this airspace coexist with LF-R 339 whose entry conditions are stated in part ENR 5.1 Activation known on BIARRITZ APP or on ATIS.", "activationCode": "HX", "activationDesc": "0515-2200 (SUM: -1HR).", "declassifiable": true, "UId": "17782146", "id": "LFBZ8", "stroke": "#ff0000", "stroke-width": 2, "stroke-opacity": 0.8, "fill": "#ffb9dc", "fill-opacity": 0.3 }, "geometry": { "type": "Polygon", "coordinates": [ [ [ -1.133333, 43.483333 ], [ -1.133333, 43.515278 ], [ -1.183333, 43.616667 ], [ -1.117222, 43.700278 ], [ -1.015833, 43.791667 ], [ -0.933611, 43.865278 ], [ -0.844444, 43.825 ], [ -0.803611, 43.7625 ], [ -0.9, 43.471111 ], [ -0.936111, 43.4875 ], [ -1.133333, 43.483333 ] ] ] } },
{ "type": "Feature", "properties": { "name": "TOULOUSE 4-7", "nameV": "TMA TOULOUSE 4-7", "class": "E", "type": "TMA", "lower": "4000FT AMSL", "lowerM": 1219, "upper": "FL065", "upperM": 1981, "desc": "Except for TOULOUSE ESSAIS CTA 1 and 2, LF-R 600 COUSSA N and interfering part of LF-R 39 VILLEMAURY when active.", "activationCode": "H24", "UId": "1564519", "id": "LFBO4-7", "stroke": "#008040", "stroke-width": 2, "stroke-opacity": 0.8, "fill": "#80ff80", "fill-opacity": 0.2 }, "geometry": { "type": "Polygon", "coordinates": [ [ [ 0.75, 43.422778 ], [ 1.0, 43.308333 ], [ 1.324722, 43.286111 ], [ 1.618056, 43.268611 ], [ 1.65, 43.266667 ], [ 2.188889, 43.148611 ], [ 2.424722, 43.130556 ], [ 2.275, 43.0 ], [ 0.75, 43.0 ], [ 0.75, 43.422778 ] ] ] } },
{ "type": "Feature", "properties": { "name": "AQUITAINE 3-1", "nameV": "TMA AQUITAINE 3-1", "class": "E", "type": "TMA", "lower": "4500FT AMSL", "lowerM": 1371, "upper": "FL065", "upperM": 1981, "desc": "Except for: - BORDEAUX ESSAIS CTA part 1  - COGNAC CTA, - LF-R 49 E2, when active.", "activationCode": "H24", "UId": "1563089", "id": "LFBD3-1", "stroke": "#008040", "stroke-width": 2, "stroke-opacity": 0.8, "fill": "#80ff80", "fill-opacity": 0.2 }, "geometry": { "type": "Polygon", "coordinates": [ [ [ -1.166194, 45.5 ], [ -0.725, 45.5 ], [ 0.093611, 45.5 ], [ 0.166667, 45.45 ], [ 0.166667, 45.132778 ], [ 0.012242, 44.980561 ], [ 0.013464, 44.980295 ], [ 0.009176, 44.990389 ], [ 0.004611, 45.000423 ], [ -0.000232, 45.010391 ], [ -0.005348, 45.020291 ], [ -0.010738, 45.030119 ], [ -0.016399, 45.039871 ], [ -0.022329, 45.049542 ], [ -0.028526, 45.05913 ], [ -0.034988, 45.068631 ], [ -0.041712, 45.078041 ], [ -0.048695, 45.087357 ], [ -0.055937, 45.096575 ], [ -0.063432, 45.105691 ], [ -0.07118, 45.114702 ], [ -0.079177, 45.123604 ], [ -0.08742, 45.132395 ], [ -0.095906, 45.14107 ], [ -0.104633, 45.149626 ], [ -0.113595, 45.158061 ], [ -0.122792, 45.166371 ], [ -0.132218, 45.174552 ], [ -0.141871, 45.182602 ], [ -0.151746, 45.190517 ], [ -0.161841, 45.198295 ], [ -0.17215, 45.205932 ], [ -0.182672, 45.213426 ], [ -0.1934, 45.220773 ], [ -0.204333, 45.22797 ], [ -0.215464, 45.235016 ], [ -0.22679, 45.241907 ], [ -0.238308, 45.248641 ], [ -0.250011, 45.255214 ], [ -0.261897, 45.261625 ], [ -0.273959, 45.267871 ], [ -0.286195, 45.27395 ], [ -0.298599, 45.279859 ], [ -0.311166, 45.285595 ], [ -0.323892, 45.291158 ], [ -0.336771, 45.296544 ], [ -0.349799, 45.301751 ], [ -0.362971, 45.306778 ], [ -0.376281, 45.311622 ], [ -0.389725, 45.316282 ], [ -0.403298, 45.320756 ], [ -0.416993, 45.325042 ], [ -0.430807, 45.329138 ], [ -0.444733, 45.333044 ], [ -0.458766, 45.336756 ], [ -0.472901, 45.340274 ], [ -0.487132, 45.343597 ], [ -0.501454, 45.346724 ], [ -0.515861, 45.349652 ], [ -0.530348, 45.352381 ], [ -0.544909, 45.35491 ], [ -0.559538, 45.357237 ], [ -0.57423, 45.359363 ], [ -0.588979, 45.361286 ], [ -0.60378, 45.363005 ], [ -0.618626, 45.36452 ], [ -0.633511, 45.36583 ], [ -0.648431, 45.366934 ], [ -0.663379, 45.367833 ], [ -0.678349, 45.368525 ], [ -0.693337, 45.369012 ], [ -0.708334, 45.369291 ], [ -0.723337, 45.369364 ], [ -0.738339, 45.36923 ], [ -0.753334, 45.368889 ], [ -0.768317, 45.368341 ], [ -0.783281, 45.367588 ], [ -0.798222, 45.366628 ], [ -0.813132, 45.365462 ], [ -0.828006, 45.364092 ], [ -0.842839, 45.362516 ], [ -0.857625, 45.360736 ], [ -0.872358, 45.358753 ], [ -0.887032, 45.356568 ], [ -0.901641, 45.35418 ], [ -0.916181, 45.351592 ], [ -0.930645, 45.348804 ], [ -0.945027, 45.345816 ], [ -0.959323, 45.342632 ], [ -0.973526, 45.339251 ], [ -0.987631, 45.335675 ], [ -1.001633, 45.331905 ], [ -1.015526, 45.327943 ], [ -1.029305, 45.32379 ], [ -1.042965, 45.319448 ], [ -1.0565, 45.314919 ], [ -1.069905, 45.310204 ], [ -1.083175, 45.305305 ], [ -1.096304, 45.300225 ], [ -1.109289, 45.294964 ], [ -1.107772, 45.294714 ], [ -1.107772, 45.294714 ], [ -1.166194, 45.5 ] ] ] } },
{ "type": "Feature", "properties": { "name": "AVORD 1.1", "nameV": "TMA AVORD 1.1", "class": "D", "type": "TMA", "lower": "2100FT AMSL", "lowerM": 640, "upper": "FL065", "upperM": 1981, "desc": "Except for LF-R 9 B and D and LF-R 606 FEEZ when active OAT/GAT procedures known activity on: AVORD APP or RAI 119.7 PARIS ACC FIC BORDEAUX CTL POITIERS APP LIMOGES APP SEINE APP BOURGES AFIS NEVERS AFIS Lower limit FL 055 within  AVORD TMA lateral limits part 1.2 LF-P 40 AVORD: entry prohibited, exception see AIP ENR 5.1", "activationCode": "HX", "activationDesc": "Activable H24 Possible activation H24", "declassifiable": true, "UId": "1563007", "id": "LFOA1.1", "stroke": "#ff0000", "stroke-width": 2, "stroke-opacity": 0.8, "fill": "#ffb9dc", "fill-opacity": 0.3 }, "geometry": { "type": "Polygon", "coordinates": [ [ [ 2.378056, 47.353611 ], [ 2.991667, 47.353611 ], [ 3.185556, 47.261389 ], [ 3.236111, 47.189444 ], [ 3.19, 47.121389 ], [ 3.184167, 47.1075 ], [ 3.100833, 47.0925 ], [ 3.102003, 47.092477 ], [ 3.104062, 47.075487 ], [ 3.104778, 47.058446 ], [ 3.104151, 47.041404 ], [ 3.102182, 47.02441 ], [ 3.098879, 47.007512 ], [ 3.094253, 46.990759 ], [ 3.088318, 46.974199 ], [ 3.081093, 46.95788 ], [ 3.072599, 46.941849 ], [ 3.062863, 46.926152 ], [ 3.051912, 46.910833 ], [ 3.039779, 46.895937 ], [ 3.026501, 46.881505 ], [ 3.012115, 46.86758 ], [ 2.996664, 46.854202 ], [ 2.980192, 46.841407 ], [ 2.962748, 46.829233 ], [ 2.944381, 46.817714 ], [ 2.925145, 46.806884 ], [ 2.905095, 46.796773 ], [ 2.884287, 46.787409 ], [ 2.862783, 46.77882 ], [ 2.840642, 46.77103 ], [ 2.817929, 46.764061 ], [ 2.794707, 46.757932 ], [ 2.771044, 46.752661 ], [ 2.747005, 46.748264 ], [ 2.722661, 46.744752 ], [ 2.698078, 46.742135 ], [ 2.673328, 46.740422 ], [ 2.64848, 46.739616 ], [ 2.623606, 46.73972 ], [ 2.598774, 46.740734 ], [ 2.574056, 46.742655 ], [ 2.549522, 46.745477 ], [ 2.525241, 46.749193 ], [ 2.501283, 46.753791 ], [ 2.477715, 46.75926 ], [ 2.454604, 46.765582 ], [ 2.432016, 46.772741 ], [ 2.410015, 46.780716 ], [ 2.388665, 46.789485 ], [ 2.368026, 46.799022 ], [ 2.348156, 46.809301 ], [ 2.329114, 46.820291 ], [ 2.310954, 46.831963 ], [ 2.293728, 46.844282 ], [ 2.277486, 46.857213 ], [ 2.262275, 46.870721 ], [ 2.248139, 46.884765 ], [ 2.235119, 46.899307 ], [ 2.223254, 46.914303 ], [ 2.212579, 46.929713 ], [ 2.203124, 46.945491 ], [ 2.194918, 46.961592 ], [ 2.187987, 46.97797 ], [ 2.18235, 46.994578 ], [ 2.178026, 47.011368 ], [ 2.175028, 47.028293 ], [ 2.173365, 47.045302 ], [ 2.173045, 47.062348 ], [ 2.174069, 47.079382 ], [ 2.176435, 47.096353 ], [ 2.180138, 47.113213 ], [ 2.185169, 47.129913 ], [ 2.191514, 47.146405 ], [ 2.199157, 47.162641 ], [ 2.208075, 47.178574 ], [ 2.218244, 47.194157 ], [ 2.229637, 47.209346 ], [ 2.24222, 47.224097 ], [ 2.255958, 47.238365 ], [ 2.257222, 47.238333 ], [ 2.257222, 47.238333 ], [ 2.378056, 47.353611 ] ] ] } },
{ "type": "Feature", "properties": { "name": "LILLE 14", "nameV": "TMA LILLE 14", "class": "D", "type": "TMA", "lower": "2000FT AMSL", "lowerM": 609, "upper": "3500FT AMSL", "upperM": 1066, "activationCode": "H24", "activationDesc": "MON-FRI: H24 Hors JF. Except public HOL. A l'exclusion des zones LF-R 605 A Rouen Est et LF-R 605 B Rouen Ouest lorsqu'elles sont actives. Except for LF-R 605 A Rouen Est and LF-R 605 B Rouen Ouest when active.", "UId": "1566523", "id": "LFQQ14", "stroke": "#ff0000", "stroke-width": 2, "stroke-opacity": 0.8, "fill": "#ff8080", "fill-opacity": 0.3 }, "geometry": { "type": "Polygon", "coordinates": [ [ [ 1.368333, 49.605 ], [ 1.486944, 49.536389 ], [ 1.375278, 49.393333 ], [ 1.382778, 49.351667 ], [ 1.219167, 49.282778 ], [ 1.096389, 49.252222 ], [ 1.0, 49.228056 ], [ 0.850833, 49.190556 ], [ 0.851944, 49.282222 ], [ 0.994444, 49.41 ], [ 0.994067, 49.410011 ], [ 0.99424, 49.410166 ], [ 0.994415, 49.41032 ], [ 0.994589, 49.410475 ], [ 0.994764, 49.410629 ], [ 0.99494, 49.410783 ], [ 0.995116, 49.410937 ], [ 0.995292, 49.41109 ], [ 0.995469, 49.411243 ], [ 0.995646, 49.411396 ], [ 0.995824, 49.411549 ], [ 0.996002, 49.411702 ], [ 0.996181, 49.411854 ], [ 0.99636, 49.412006 ], [ 0.996539, 49.412158 ], [ 0.996719, 49.41231 ], [ 0.9969, 49.412461 ], [ 0.99708, 49.412613 ], [ 0.997262, 49.412764 ], [ 0.997444, 49.412914 ], [ 0.997626, 49.413065 ], [ 0.997808, 49.413215 ], [ 0.997992, 49.413365 ], [ 0.998175, 49.413515 ], [ 0.998359, 49.413665 ], [ 0.998544, 49.413814 ], [ 0.998728, 49.413964 ], [ 0.998914, 49.414113 ], [ 0.999099, 49.414261 ], [ 0.999286, 49.41441 ], [ 0.999472, 49.414558 ], [ 0.999659, 49.414706 ], [ 0.999847, 49.414854 ], [ 1.000035, 49.415001 ], [ 1.000223, 49.415149 ], [ 1.000412, 49.415296 ], [ 1.000601, 49.415443 ], [ 1.000791, 49.415589 ], [ 1.000981, 49.415736 ], [ 1.001172, 49.415882 ], [ 1.001363, 49.416028 ], [ 1.001554, 49.416173 ], [ 1.001746, 49.416319 ], [ 1.001938, 49.416464 ], [ 1.002131, 49.416609 ], [ 1.002324, 49.416754 ], [ 1.002517, 49.416898 ], [ 1.002711, 49.417042 ], [ 1.002906, 49.417186 ], [ 1.003101, 49.41733 ], [ 1.003296, 49.417474 ], [ 1.003492, 49.417617 ], [ 1.003688, 49.41776 ], [ 1.003884, 49.417903 ], [ 1.004081, 49.418045 ], [ 1.004279, 49.418187 ], [ 1.004476, 49.418329 ], [ 1.004675, 49.418471 ], [ 1.004873, 49.418613 ], [ 1.005072, 49.418754 ], [ 1.005272, 49.418895 ], [ 1.005472, 49.419036 ], [ 1.005672, 49.419176 ], [ 1.005873, 49.419316 ], [ 1.006074, 49.419456 ], [ 1.006275, 49.419596 ], [ 1.006477, 49.419736 ], [ 1.006679, 49.419875 ], [ 1.006882, 49.420014 ], [ 1.007222, 49.42 ], [ 1.007222, 49.42 ], [ 1.114167, 49.490833 ], [ 1.11377, 49.490908 ], [ 1.113993, 49.491039 ], [ 1.114217, 49.491169 ], [ 1.114441, 49.491299 ], [ 1.114665, 49.491429 ], [ 1.11489, 49.491559 ], [ 1.115115, 49.491688 ], [ 1.115341, 49.491817 ], [ 1.115567, 49.491945 ], [ 1.115793, 49.492074 ], [ 1.11602, 49.492202 ], [ 1.116247, 49.492329 ], [ 1.116475, 49.492457 ], [ 1.116703, 49.492584 ], [ 1.116931, 49.492711 ], [ 1.11716, 49.492837 ], [ 1.117389, 49.492964 ], [ 1.117618, 49.49309 ], [ 1.117848, 49.493215 ], [ 1.118079, 49.493341 ], [ 1.118309, 49.493466 ], [ 1.11854, 49.493591 ], [ 1.118771, 49.493715 ], [ 1.119003, 49.493839 ], [ 1.119235, 49.493963 ], [ 1.119468, 49.494087 ], [ 1.119701, 49.49421 ], [ 1.119934, 49.494333 ], [ 1.120167, 49.494456 ], [ 1.120401, 49.494579 ], [ 1.120636, 49.494701 ], [ 1.12087, 49.494823 ], [ 1.121106, 49.494944 ], [ 1.121341, 49.495065 ], [ 1.121577, 49.495186 ], [ 1.121813, 49.495307 ], [ 1.122049, 49.495427 ], [ 1.122286, 49.495548 ], [ 1.122524, 49.495667 ], [ 1.122761, 49.495787 ], [ 1.122999, 49.495906 ], [ 1.123237, 49.496025 ], [ 1.123476, 49.496143 ], [ 1.123715, 49.496262 ], [ 1.123955, 49.496379 ], [ 1.124194, 49.496497 ], [ 1.124435, 49.496614 ], [ 1.124675, 49.496732 ], [ 1.124916, 49.496848 ], [ 1.125157, 49.496965 ], [ 1.125398, 49.497081 ], [ 1.12564, 49.497197 ], [ 1.125883, 49.497312 ], [ 1.126125, 49.497427 ], [ 1.126368, 49.497542 ], [ 1.126611, 49.497657 ], [ 1.126855, 49.497771 ], [ 1.127099, 49.497885 ], [ 1.127343, 49.497999 ], [ 1.127588, 49.498112 ], [ 1.127833, 49.498225 ], [ 1.128078, 49.498338 ], [ 1.128324, 49.49845 ], [ 1.12857, 49.498562 ], [ 1.128816, 49.498674 ], [ 1.129063, 49.498785 ], [ 1.12931, 49.498897 ], [ 1.129557, 49.499007 ], [ 1.129805, 49.499118 ], [ 1.13, 49.499167 ], [ 1.13, 49.499167 ], [ 1.368333, 49.605 ] ] ] } },
{ "type": "Feature", "properties": { "name": "NANCY 3", "nameV": "TMA NANCY 3", "class": "D", "type": "TMA", "lower": "FL055", "lowerM": 1676, "upper": "FL195", "upperM": 5943, "desc": "OAT/GAT procedures. Activity known on REIMS ACC, STRASBOURG APP, BASEL INFO and STRASBOURG INFO Except for V 36 aeronautical route and LF-R 321, LF-R 69 and LF-R 45 N5 when active. Lower limit FL 075 within NANCY part 1.1 and 1.2 TMA limits.", "activationCode": "HX", "activationDesc": "Activable H 24", "declassifiable": true, "UId": "1562789", "id": "LFSO3", "stroke": "#ff0000", "stroke-width": 2, "stroke-opacity": 0.8, "fill": "#ffb9dc", "fill-opacity": 0.3 }, "geometry": { "type": "Polygon", "coordinates": [ [ [ 5.833333, 49.0 ], [ 5.907222, 48.9575 ], [ 5.976111, 48.9175 ], [ 6.195833, 48.789444 ], [ 6.257222, 48.753333 ], [ 6.307222, 48.725 ], [ 5.972222, 48.377778 ], [ 5.861111, 48.325 ], [ 5.398611, 48.086667 ], [ 5.398611, 48.848056 ], [ 5.522222, 49.0 ], [ 5.833333, 49.0 ] ] ] } },
{ "type": "Feature", "properties": { "name": "NANCY 2", "nameV": "TMA NANCY 2", "class": "E", "type": "TMA", "lower": "2500FT AMSL", "lowerM": 762, "upper": "FL075", "upperM": 2286, "desc": "OAT/GAT procedures. Activity known on REIMS ACC, STRASBOURG APP, BASEL INFO and STRASBOURG INFO. Except for LF-R 164 A and B, and LF-R 207 when active.", "activationCode": "HX", "activationDesc": "Activable: - Du DIM à SS+30 au SAM à SR-30 sauf JF. - JF: De 0000 à SR-30 et de SS+30 à 2359. Possible activation: From SUN SS+30 to SAT SR-30 except public HOL. Public HOL: from 0000 to SR-30 and from SS+30 to 2359.", "UId": "1562779", "id": "LFSO2", "stroke": "#008040", "stroke-width": 2, "stroke-opacity": 0.8, "fill": "#80ff80", "fill-opacity": 0.2 }, "geometry": { "type": "Polygon", "coordinates": [ [ [ 6.561389, 48.68 ], [ 6.633333, 48.35 ], [ 6.515556, 48.2 ], [ 6.0, 48.2 ], [ 5.861111, 48.325 ], [ 5.972222, 48.377778 ], [ 6.54, 48.654167 ], [ 6.561389, 48.68 ] ] ] } },
{ "type": "Feature", "properties": { "name": "NANCY 1.3", "nameV": "TMA NANCY 1.3", "class": "D", "type": "TMA", "lower": "3800FT AMSL", "lowerM": 1158, "upper": "FL065", "upperM": 1981, "desc": "From SUN SS+30 to SAT SR-30 except public HOL. Public HOL: from 0000 to SR-30 and from SS+30 to 2359. OAT/GAT procedures Activity known on REIMS ACC, STRASBOURG APP, BASEL INFO and STRASBOURG INFO. MON-FRI except public HOL: SR-30-SS+30 downgrading to class G following protocol announced on 127.250 MHz. SAT, SUN and public HOL: downgrading to class G from SR-30 to SS+30.", "activationCode": "HX", "activationDesc": "Activable: Possible activation:", "declassifiable": true, "UId": "1563721", "id": "LFSO1.3", "stroke": "#ff0000", "stroke-width": 2, "stroke-opacity": 0.8, "fill": "#ffb9dc", "fill-opacity": 0.3 }, "geometry": { "type": "Polygon", "coordinates": [ [ [ 6.328333, 48.746667 ], [ 6.54, 48.654167 ], [ 6.412778, 48.592778 ], [ 6.231944, 48.6475 ], [ 6.328333, 48.746667 ] ] ] } },
{ "type": "Feature", "properties": { "name": "LORRAINE 2.1", "nameV": "TMA LORRAINE 2.1", "class": "D", "type": "TMA", "lower": "FL055", "lowerM": 1676, "upper": "FL075", "upperM": 2286, "desc": "Except for LF-R 104 CHAMBLEY when active.", "activationCode": "HX", "activationDesc": "HOR ATC LFJL (Voir/see AD 2 LFJL 2.3.7). Activité connue de: - LORRAINE TWR - LORRAINE ATIS - STRASBOURG INFO - STRASBOURG APP Activity known by: - LORRAINE TWR - LORRAINE ATIS - STRASBOURG INFO - STRASBOURG APP", "declassifiable": true, "UId": "48705703", "id": "LFJL2.1", "stroke": "#ff0000", "stroke-width": 2, "stroke-opacity": 0.8, "fill": "#ffb9dc", "fill-opacity": 0.3 }, "geometry": { "type": "Polygon", "coordinates": [ [ [ 5.833333, 49.452222 ], [ 5.906389, 49.451667 ], [ 6.042222, 49.447778 ], [ 6.0, 49.3 ], [ 5.907222, 48.9575 ], [ 5.833333, 49.0 ], [ 5.833333, 49.233056 ], [ 5.833333, 49.370833 ], [ 5.833333, 49.452222 ] ] ] } },
{ "type": "Feature", "properties": { "name": "LORRAINE 1.1", "nameV": "TMA LORRAINE 1.1", "class": "D", "type": "TMA", "lower": "3000FT AMSL", "lowerM": 914, "upper": "FL075", "upperM": 2286, "activationCode": "HX", "activationDesc": "HOR ATC LFJL (Voir/see AD 2 LFJL 2.3.7). Activité connue de: - LORRAINE TWR - LORRAINE ATIS - STRASBOURG INFO - STRASBOURG APP Activity known by: - LORRAINE TWR - LORRAINE ATIS - STRASBOURG INFO - STRASBOURG APP", "declassifiable": true, "UId": "48586215", "id": "LFJL1.1", "stroke": "#ff0000", "stroke-width": 2, "stroke-opacity": 0.8, "fill": "#ffb9dc", "fill-opacity": 0.3 }, "geometry": { "type": "Polygon", "coordinates": [ [ [ 6.0, 49.3 ], [ 6.353889, 49.3 ], [ 6.440278, 49.175 ], [ 6.455, 49.115 ], [ 6.501667, 48.925556 ], [ 6.328333, 48.746667 ], [ 6.257222, 48.753333 ], [ 6.195833, 48.789444 ], [ 5.976111, 48.9175 ], [ 5.907222, 48.9575 ], [ 6.0, 49.3 ] ] ] } },
{ "type": "Feature", "properties": { "name": "NANCY 1.2", "nameV": "TMA NANCY 1.2", "class": "D", "type": "TMA", "lower": "5000FT AMSL", "lowerM": 1524, "upper": "FL075", "upperM": 2286, "desc": "OAT/GAT procedures. Activity known on REIMS ACC, STRASBOURG APP, BASEL INFO and STRASBOURG INFO.", "activationCode": "HX", "activationDesc": "Activable H 24", "declassifiable": true, "UId": "1562781", "id": "LFSO1.2", "stroke": "#ff0000", "stroke-width": 2, "stroke-opacity": 0.8, "fill": "#ffb9dc", "fill-opacity": 0.3 }, "geometry": { "type": "Polygon", "coordinates": [ [ [ 6.195833, 48.789444 ], [ 6.257222, 48.753333 ], [ 6.307222, 48.725 ], [ 6.231944, 48.6475 ], [ 6.172222, 48.641667 ], [ 6.138889, 48.645833 ], [ 6.131944, 48.656944 ], [ 6.161111, 48.716667 ], [ 6.195833, 48.789444 ] ] ] } },
{ "type": "Feature", "properties": { "name": "NANCY 1.1", "nameV": "TMA NANCY 1.1", "class": "D", "type": "TMA", "lower": "2500FT AMSL", "lowerM": 762, "upper": "FL075", "upperM": 2286, "desc": "OAT/GAT procedures. Activity known on REIMS ACC, STRASBOURG APP, BASEL INFO and STRASBOURG INFO. Except for LF-R 110 Pont Saint-Vincent when active. Within NANCY TMA 1.3 limits, lower limit set at FL 065.", "activationCode": "HX", "activationDesc": "Activable H 24", "declassifiable": true, "UId": "1561345", "id": "LFSO1.1", "stroke": "#ff0000", "stroke-width": 2, "stroke-opacity": 0.8, "fill": "#ffb9dc", "fill-opacity": 0.3 }, "geometry": { "type": "Polygon", "coordinates": [ [ [ 5.907222, 48.9575 ], [ 5.976111, 48.9175 ], [ 6.195833, 48.789444 ], [ 6.161111, 48.716667 ], [ 6.131944, 48.656944 ], [ 6.138889, 48.645833 ], [ 6.172222, 48.641667 ], [ 6.231944, 48.6475 ], [ 6.307222, 48.725 ], [ 6.328333, 48.746667 ], [ 6.54, 48.654167 ], [ 5.972222, 48.377778 ], [ 5.861111, 48.325 ], [ 5.661111, 48.405556 ], [ 5.541667, 48.620833 ], [ 5.907222, 48.9575 ] ] ] } },
{ "type": "Feature", "properties": { "name": "TOULOUSE 4", "nameV": "TMA TOULOUSE 4", "class": "D", "type": "TMA", "lower": "FL065", "lowerM": 1981, "upper": "FL115", "upperM": 3505, "desc": "Except for TOULOUSE ESSAIS CTA part 3 and LF-R 600 COUSSA N when active.", "activationCode": "H24", "UId": "1561139", "id": "LFBO4", "stroke": "#ff0000", "stroke-width": 2, "stroke-opacity": 0.8, "fill": "#ff8080", "fill-opacity": 0.3 }, "geometry": { "type": "Polygon", "coordinates": [ [ [ 0.75, 43.233889 ], [ 0.9, 43.158333 ], [ 1.638889, 43.15 ], [ 2.283333, 43.033333 ], [ 2.311667, 43.031944 ], [ 2.275, 43.0 ], [ 0.75, 43.0 ], [ 0.75, 43.233889 ] ] ] } },
{ "type": "Feature", "properties": { "name": "TOULOUSE 3", "nameV": "TMA TOULOUSE 3", "class": "C", "type": "TMA", "lower": "FL065", "lowerM": 1981, "upper": "FL115", "upperM": 3505, "desc": "Except for TOULOUSE ESSAIS CTA part 3 and LF-R 600 COUSSA N when active.", "activationCode": "H24", "UId": "1561397", "id": "LFBO3", "stroke": "#ff0000", "stroke-width": 2, "stroke-opacity": 0.8, "fill": "#ff8080", "fill-opacity": 0.3 }, "geometry": { "type": "Polygon", "coordinates": [ [ [ 0.579722, 44.5 ], [ 1.025556, 44.346111 ], [ 1.748889, 44.295278 ], [ 1.804444, 44.293333 ], [ 1.858333, 44.166667 ], [ 2.605556, 44.058333 ], [ 2.269444, 43.8 ], [ 2.572222, 43.258333 ], [ 2.311667, 43.031944 ], [ 2.283333, 43.033333 ], [ 1.638889, 43.15 ], [ 0.9, 43.158333 ], [ 0.75, 43.233889 ], [ 0.75, 43.673889 ], [ 0.872778, 43.766667 ], [ 0.279722, 44.2125 ], [ 0.515278, 44.438611 ], [ 0.579722, 44.5 ] ] ] } },
{ "type": "Feature", "properties": { "name": "NANCY 4", "nameV": "TMA NANCY 4", "class": "D", "type": "TMA", "lower": "FL115", "lowerM": 3505, "upper": "FL195", "upperM": 5943, "desc": "Possible activation H24 in accordance with protocol, except LF-R 321 Saint Dizier when active. OAT/GAT procedures. Activity known on REIMS ACC, STRASBOURG APP, STRASBOURG INFO.", "activationCode": "HX", "declassifiable": true, "UId": "3560890", "id": "LFSO4", "stroke": "#ff0000", "stroke-width": 2, "stroke-opacity": 0.8, "fill": "#ffb9dc", "fill-opacity": 0.1 }, "geometry": { "type": "Polygon", "coordinates": [ [ [ 5.833333, 49.233056 ], [ 6.152222, 49.195833 ], [ 6.243056, 49.145 ], [ 6.228056, 48.770556 ], [ 6.195833, 48.789444 ], [ 5.976111, 48.9175 ], [ 5.907222, 48.9575 ], [ 5.833333, 49.0 ], [ 5.833333, 49.233056 ] ] ] } },
{ "type": "Feature", "properties": { "name": "LORRAINE 5.1", "nameV": "TMA LORRAINE 5.1", "class": "D", "type": "TMA", "lower": "4000FT AMSL", "lowerM": 1219, "upper": "FL065", "upperM": 1981, "desc": "Except for LF-R 163 C when active. SAT, SUN and public HOL: downgrading to class G from SR-30 to SS+30.", "activationCode": "HX", "activationDesc": "HOR ATC LFJL (Voir/see AD 2 LFJL 2.3.7). Activité connue de: - LORRAINE TWR - LORRAINE ATIS - STRASBOURG INFO - STRASBOURG APP Activity known by: - LORRAINE TWR - LORRAINE ATIS - STRASBOURG INFO - STRASBOURG APP", "declassifiable": true, "UId": "1606097", "id": "LFJL5.1", "stroke": "#ff0000", "stroke-width": 2, "stroke-opacity": 0.8, "fill": "#ffb9dc", "fill-opacity": 0.3 }, "geometry": { "type": "Polygon", "coordinates": [ [ [ 6.820038098096271, 49.15618839994012 ], [ 6.824417, 49.154033 ], [ 6.833891267523341, 49.151118370791004 ], [ 6.833889, 49.151111 ], [ 6.993056, 49.033889 ], [ 6.965556, 49.018333 ], [ 6.96629, 49.018334 ], [ 6.966602, 49.017255 ], [ 6.966903, 49.016174 ], [ 6.967193, 49.015093 ], [ 6.967472, 49.01401 ], [ 6.967741, 49.012926 ], [ 6.967998, 49.011841 ], [ 6.968245, 49.010755 ], [ 6.968481, 49.009668 ], [ 6.968706, 49.008579 ], [ 6.968919, 49.00749 ], [ 6.969123, 49.0064 ], [ 6.969315, 49.005309 ], [ 6.969496, 49.004218 ], [ 6.969666, 49.003125 ], [ 6.969825, 49.002032 ], [ 6.969974, 49.000938 ], [ 6.970111, 48.999844 ], [ 6.970238, 48.998749 ], [ 6.970353, 48.997653 ], [ 6.970457, 48.996557 ], [ 6.970551, 48.995461 ], [ 6.970633, 48.994364 ], [ 6.970705, 48.993267 ], [ 6.970766, 48.992169 ], [ 6.970815, 48.991071 ], [ 6.970854, 48.989974 ], [ 6.970881, 48.988876 ], [ 6.970898, 48.987777 ], [ 6.970903, 48.986679 ], [ 6.970898, 48.985581 ], [ 6.970882, 48.984483 ], [ 6.970854, 48.983385 ], [ 6.970816, 48.982287 ], [ 6.970767, 48.981189 ], [ 6.970706, 48.980092 ], [ 6.970635, 48.978995 ], [ 6.970553, 48.977898 ], [ 6.970459, 48.976802 ], [ 6.970355, 48.975706 ], [ 6.97024, 48.97461 ], [ 6.970114, 48.973515 ], [ 6.969977, 48.972421 ], [ 6.969829, 48.971327 ], [ 6.96967, 48.970233 ], [ 6.9695, 48.969141 ], [ 6.969319, 48.968049 ], [ 6.969127, 48.966958 ], [ 6.968925, 48.965868 ], [ 6.968711, 48.964779 ], [ 6.968487, 48.963691 ], [ 6.968252, 48.962604 ], [ 6.968006, 48.961517 ], [ 6.967749, 48.960432 ], [ 6.967481, 48.959348 ], [ 6.967202, 48.958265 ], [ 6.966913, 48.957184 ], [ 6.966613, 48.956104 ], [ 6.965833, 48.956111 ], [ 6.965833, 48.956111 ], [ 7.068889, 48.899444 ], [ 6.905833, 48.771944 ], [ 6.801667, 48.829444 ], [ 6.8019, 48.829472 ], [ 6.800209, 48.829077 ], [ 6.798513, 48.82869 ], [ 6.796813, 48.828311 ], [ 6.79511, 48.82794 ], [ 6.793402, 48.827576 ], [ 6.79169, 48.827221 ], [ 6.789975, 48.826873 ], [ 6.788256, 48.826534 ], [ 6.786533, 48.826202 ], [ 6.784807, 48.825879 ], [ 6.783078, 48.825563 ], [ 6.781345, 48.825256 ], [ 6.779609, 48.824957 ], [ 6.77787, 48.824666 ], [ 6.776127, 48.824382 ], [ 6.774382, 48.824107 ], [ 6.772634, 48.823841 ], [ 6.770883, 48.823582 ], [ 6.769129, 48.823331 ], [ 6.767373, 48.823089 ], [ 6.765614, 48.822854 ], [ 6.763852, 48.822628 ], [ 6.762089, 48.82241 ], [ 6.760323, 48.822201 ], [ 6.758554, 48.821999 ], [ 6.756784, 48.821806 ], [ 6.755012, 48.821621 ], [ 6.753237, 48.821444 ], [ 6.751461, 48.821276 ], [ 6.749683, 48.821115 ], [ 6.747904, 48.820963 ], [ 6.746123, 48.82082 ], [ 6.74434, 48.820684 ], [ 6.742556, 48.820557 ], [ 6.740771, 48.820438 ], [ 6.738984, 48.820328 ], [ 6.737196, 48.820226 ], [ 6.735407, 48.820132 ], [ 6.733618, 48.820046 ], [ 6.731827, 48.819969 ], [ 6.730036, 48.8199 ], [ 6.728244, 48.819839 ], [ 6.726451, 48.819787 ], [ 6.724658, 48.819743 ], [ 6.722864, 48.819708 ], [ 6.72107, 48.819681 ], [ 6.719276, 48.819662 ], [ 6.717482, 48.819651 ], [ 6.715687, 48.819649 ], [ 6.713893, 48.819655 ], [ 6.712099, 48.81967 ], [ 6.710304, 48.819692 ], [ 6.708511, 48.819724 ], [ 6.706717, 48.819763 ], [ 6.704924, 48.819811 ], [ 6.703132, 48.819867 ], [ 6.70134, 48.819932 ], [ 6.701389, 48.82 ], [ 6.701389, 48.82 ], [ 6.660278, 48.798333 ], [ 6.816111, 48.935 ], [ 6.816314, 48.935045 ], [ 6.818014, 48.936507 ], [ 6.819665, 48.937994 ], [ 6.821266, 48.939504 ], [ 6.822816, 48.941037 ], [ 6.824314, 48.942592 ], [ 6.82576, 48.944168 ], [ 6.827153, 48.945765 ], [ 6.828491, 48.947382 ], [ 6.829775, 48.949017 ], [ 6.831004, 48.950671 ], [ 6.832178, 48.952342 ], [ 6.833295, 48.95403 ], [ 6.834355, 48.955733 ], [ 6.835357, 48.957452 ], [ 6.836302, 48.959184 ], [ 6.837189, 48.96093 ], [ 6.838016, 48.962688 ], [ 6.838785, 48.964458 ], [ 6.839494, 48.966238 ], [ 6.840143, 48.968028 ], [ 6.840732, 48.969827 ], [ 6.84126, 48.971634 ], [ 6.841728, 48.973449 ], [ 6.842134, 48.97527 ], [ 6.842479, 48.977096 ], [ 6.842763, 48.978927 ], [ 6.842985, 48.980761 ], [ 6.843146, 48.982598 ], [ 6.843245, 48.984437 ], [ 6.843282, 48.986277 ], [ 6.843257, 48.988117 ], [ 6.84317, 48.989957 ], [ 6.843022, 48.991794 ], [ 6.842812, 48.993629 ], [ 6.84254, 48.995461 ], [ 6.842206, 48.997288 ], [ 6.841812, 48.99911 ], [ 6.841356, 49.000926 ], [ 6.840839, 49.002734 ], [ 6.840262, 49.004535 ], [ 6.839624, 49.006327 ], [ 6.838926, 49.008109 ], [ 6.838168, 49.009881 ], [ 6.837351, 49.011642 ], [ 6.836475, 49.01339 ], [ 6.83554, 49.015125 ], [ 6.834547, 49.016846 ], [ 6.833496, 49.018552 ], [ 6.832388, 49.020243 ], [ 6.831223, 49.021917 ], [ 6.830003, 49.023574 ], [ 6.828726, 49.025213 ], [ 6.827395, 49.026833 ], [ 6.82601, 49.028433 ], [ 6.824571, 49.030013 ], [ 6.823079, 49.031572 ], [ 6.821536, 49.033109 ], [ 6.821111, 49.033056 ], [ 6.821111, 49.033056 ], [ 6.755556, 49.133333 ], [ 6.745, 49.151944 ], [ 6.745105, 49.152063 ], [ 6.746066, 49.151989 ], [ 6.747027, 49.151914 ], [ 6.747988, 49.151835 ], [ 6.748948, 49.151755 ], [ 6.749908, 49.151672 ], [ 6.750867, 49.151586 ], [ 6.751826, 49.151499 ], [ 6.752785, 49.151408 ], [ 6.753742, 49.151316 ], [ 6.754699, 49.151221 ], [ 6.755656, 49.151123 ], [ 6.756612, 49.151024 ], [ 6.757568, 49.150922 ], [ 6.758522, 49.150817 ], [ 6.759477, 49.15071 ], [ 6.76043, 49.150601 ], [ 6.761383, 49.150489 ], [ 6.762335, 49.150375 ], [ 6.763287, 49.150259 ], [ 6.764238, 49.15014 ], [ 6.765188, 49.150019 ], [ 6.766138, 49.149896 ], [ 6.767087, 49.14977 ], [ 6.768035, 49.149642 ], [ 6.768982, 49.149511 ], [ 6.769928, 49.149378 ], [ 6.770874, 49.149243 ], [ 6.771819, 49.149105 ], [ 6.772763, 49.148965 ], [ 6.773707, 49.148823 ], [ 6.774649, 49.148678 ], [ 6.775591, 49.148531 ], [ 6.776531, 49.148382 ], [ 6.777471, 49.14823 ], [ 6.77841, 49.148076 ], [ 6.779348, 49.14792 ], [ 6.780286, 49.147761 ], [ 6.781222, 49.1476 ], [ 6.782157, 49.147436 ], [ 6.783091, 49.147271 ], [ 6.784025, 49.147102 ], [ 6.784957, 49.146932 ], [ 6.785888, 49.146759 ], [ 6.786819, 49.146584 ], [ 6.787748, 49.146407 ], [ 6.788676, 49.146227 ], [ 6.789603, 49.146045 ], [ 6.79053, 49.145861 ], [ 6.791455, 49.145674 ], [ 6.792379, 49.145486 ], [ 6.793301, 49.145294 ], [ 6.794223, 49.145101 ], [ 6.795144, 49.144905 ], [ 6.796063, 49.144707 ], [ 6.796981, 49.144507 ], [ 6.797898, 49.144304 ], [ 6.798814, 49.144099 ], [ 6.798611, 49.144167 ], [ 6.798611, 49.144167 ], [ 6.820038098096271, 49.15618839994012 ] ] ] } },
{ "type": "Feature", "properties": { "name": "LORRAINE 5", "nameV": "TMA LORRAINE 5", "class": "D", "type": "TMA", "lower": "4000FT AMSL", "lowerM": 1219, "upper": "FL075", "upperM": 2286, "desc": "Except for LF-R 163 C when active. Lower limit FL 065 within SARRE part 5.1 limits.", "activationCode": "HX", "activationDesc": "HOR ATC LFJL (Voir/see AD 2 LFJL 2.3.7). Activité connue de: - LORRAINE TWR - LORRAINE ATIS - STRASBOURG INFO - STRASBOURG APP Activity known by: - LORRAINE TWR - LORRAINE ATIS - STRASBOURG INFO - STRASBOURG APP", "declassifiable": true, "UId": "1606095", "id": "LFJL5", "stroke": "#ff0000", "stroke-width": 2, "stroke-opacity": 0.8, "fill": "#ffb9dc", "fill-opacity": 0.3 }, "geometry": { "type": "Polygon", "coordinates": [ [ [ 6.820038098096271, 49.15618839994012 ], [ 6.824417, 49.154033 ], [ 6.833891267523341, 49.151118370791004 ], [ 6.833889, 49.151111 ], [ 6.993056, 49.033889 ], [ 6.965556, 49.018333 ], [ 6.96629, 49.018334 ], [ 6.966602, 49.017255 ], [ 6.966903, 49.016174 ], [ 6.967193, 49.015093 ], [ 6.967472, 49.01401 ], [ 6.967741, 49.012926 ], [ 6.967998, 49.011841 ], [ 6.968245, 49.010755 ], [ 6.968481, 49.009668 ], [ 6.968706, 49.008579 ], [ 6.968919, 49.00749 ], [ 6.969123, 49.0064 ], [ 6.969315, 49.005309 ], [ 6.969496, 49.004218 ], [ 6.969666, 49.003125 ], [ 6.969825, 49.002032 ], [ 6.969974, 49.000938 ], [ 6.970111, 48.999844 ], [ 6.970238, 48.998749 ], [ 6.970353, 48.997653 ], [ 6.970457, 48.996557 ], [ 6.970551, 48.995461 ], [ 6.970633, 48.994364 ], [ 6.970705, 48.993267 ], [ 6.970766, 48.992169 ], [ 6.970815, 48.991071 ], [ 6.970854, 48.989974 ], [ 6.970881, 48.988876 ], [ 6.970898, 48.987777 ], [ 6.970903, 48.986679 ], [ 6.970898, 48.985581 ], [ 6.970882, 48.984483 ], [ 6.970854, 48.983385 ], [ 6.970816, 48.982287 ], [ 6.970767, 48.981189 ], [ 6.970706, 48.980092 ], [ 6.970635, 48.978995 ], [ 6.970553, 48.977898 ], [ 6.970459, 48.976802 ], [ 6.970355, 48.975706 ], [ 6.97024, 48.97461 ], [ 6.970114, 48.973515 ], [ 6.969977, 48.972421 ], [ 6.969829, 48.971327 ], [ 6.96967, 48.970233 ], [ 6.9695, 48.969141 ], [ 6.969319, 48.968049 ], [ 6.969127, 48.966958 ], [ 6.968925, 48.965868 ], [ 6.968711, 48.964779 ], [ 6.968487, 48.963691 ], [ 6.968252, 48.962604 ], [ 6.968006, 48.961517 ], [ 6.967749, 48.960432 ], [ 6.967481, 48.959348 ], [ 6.967202, 48.958265 ], [ 6.966913, 48.957184 ], [ 6.966613, 48.956104 ], [ 6.965833, 48.956111 ], [ 6.965833, 48.956111 ], [ 7.068889, 48.899444 ], [ 6.905833, 48.771944 ], [ 6.801667, 48.829444 ], [ 6.8019, 48.829472 ], [ 6.800209, 48.829077 ], [ 6.798513, 48.82869 ], [ 6.796813, 48.828311 ], [ 6.79511, 48.82794 ], [ 6.793402, 48.827576 ], [ 6.79169, 48.827221 ], [ 6.789975, 48.826873 ], [ 6.788256, 48.826534 ], [ 6.786533, 48.826202 ], [ 6.784807, 48.825879 ], [ 6.783078, 48.825563 ], [ 6.781345, 48.825256 ], [ 6.779609, 48.824957 ], [ 6.77787, 48.824666 ], [ 6.776127, 48.824382 ], [ 6.774382, 48.824107 ], [ 6.772634, 48.823841 ], [ 6.770883, 48.823582 ], [ 6.769129, 48.823331 ], [ 6.767373, 48.823089 ], [ 6.765614, 48.822854 ], [ 6.763852, 48.822628 ], [ 6.762089, 48.82241 ], [ 6.760323, 48.822201 ], [ 6.758554, 48.821999 ], [ 6.756784, 48.821806 ], [ 6.755012, 48.821621 ], [ 6.753237, 48.821444 ], [ 6.751461, 48.821276 ], [ 6.749683, 48.821115 ], [ 6.747904, 48.820963 ], [ 6.746123, 48.82082 ], [ 6.74434, 48.820684 ], [ 6.742556, 48.820557 ], [ 6.740771, 48.820438 ], [ 6.738984, 48.820328 ], [ 6.737196, 48.820226 ], [ 6.735407, 48.820132 ], [ 6.733618, 48.820046 ], [ 6.731827, 48.819969 ], [ 6.730036, 48.8199 ], [ 6.728244, 48.819839 ], [ 6.726451, 48.819787 ], [ 6.724658, 48.819743 ], [ 6.722864, 48.819708 ], [ 6.72107, 48.819681 ], [ 6.719276, 48.819662 ], [ 6.717482, 48.819651 ], [ 6.715687, 48.819649 ], [ 6.713893, 48.819655 ], [ 6.712099, 48.81967 ], [ 6.710304, 48.819692 ], [ 6.708511, 48.819724 ], [ 6.706717, 48.819763 ], [ 6.704924, 48.819811 ], [ 6.703132, 48.819867 ], [ 6.70134, 48.819932 ], [ 6.701389, 48.82 ], [ 6.701389, 48.82 ], [ 6.660278, 48.798333 ], [ 6.579167, 49.133333 ], [ 6.755556, 49.133333 ], [ 6.745, 49.151944 ], [ 6.745105, 49.152063 ], [ 6.746066, 49.151989 ], [ 6.747027, 49.151914 ], [ 6.747988, 49.151835 ], [ 6.748948, 49.151755 ], [ 6.749908, 49.151672 ], [ 6.750867, 49.151586 ], [ 6.751826, 49.151499 ], [ 6.752785, 49.151408 ], [ 6.753742, 49.151316 ], [ 6.754699, 49.151221 ], [ 6.755656, 49.151123 ], [ 6.756612, 49.151024 ], [ 6.757568, 49.150922 ], [ 6.758522, 49.150817 ], [ 6.759477, 49.15071 ], [ 6.76043, 49.150601 ], [ 6.761383, 49.150489 ], [ 6.762335, 49.150375 ], [ 6.763287, 49.150259 ], [ 6.764238, 49.15014 ], [ 6.765188, 49.150019 ], [ 6.766138, 49.149896 ], [ 6.767087, 49.14977 ], [ 6.768035, 49.149642 ], [ 6.768982, 49.149511 ], [ 6.769928, 49.149378 ], [ 6.770874, 49.149243 ], [ 6.771819, 49.149105 ], [ 6.772763, 49.148965 ], [ 6.773707, 49.148823 ], [ 6.774649, 49.148678 ], [ 6.775591, 49.148531 ], [ 6.776531, 49.148382 ], [ 6.777471, 49.14823 ], [ 6.77841, 49.148076 ], [ 6.779348, 49.14792 ], [ 6.780286, 49.147761 ], [ 6.781222, 49.1476 ], [ 6.782157, 49.147436 ], [ 6.783091, 49.147271 ], [ 6.784025, 49.147102 ], [ 6.784957, 49.146932 ], [ 6.785888, 49.146759 ], [ 6.786819, 49.146584 ], [ 6.787748, 49.146407 ], [ 6.788676, 49.146227 ], [ 6.789603, 49.146045 ], [ 6.79053, 49.145861 ], [ 6.791455, 49.145674 ], [ 6.792379, 49.145486 ], [ 6.793301, 49.145294 ], [ 6.794223, 49.145101 ], [ 6.795144, 49.144905 ], [ 6.796063, 49.144707 ], [ 6.796981, 49.144507 ], [ 6.797898, 49.144304 ], [ 6.798814, 49.144099 ], [ 6.798611, 49.144167 ], [ 6.798611, 49.144167 ], [ 6.820038098096271, 49.15618839994012 ] ] ] } },
{ "type": "Feature", "properties": { "name": "LORRAINE 4", "nameV": "TMA LORRAINE 4", "class": "D", "type": "TMA", "lower": "3800FT AMSL", "lowerM": 1158, "upper": "FL075", "upperM": 2286, "desc": "Except for LF-R 97 when active.", "activationCode": "HX", "activationDesc": "HOR ATC LFJL (Voir/see AD 2 LFJL 2.3.7). Activité connue de: - LORRAINE TWR - LORRAINE ATIS - STRASBOURG INFO - STRASBOURG APP Activity known by: - LORRAINE TWR - LORRAINE ATIS - STRASBOURG INFO - STRASBOURG APP", "declassifiable": true, "UId": "1606093", "id": "LFJL4", "stroke": "#ff0000", "stroke-width": 2, "stroke-opacity": 0.8, "fill": "#ffb9dc", "fill-opacity": 0.3 }, "geometry": { "type": "Polygon", "coordinates": [ [ [ 6.54640784551268, 49.428636886643673 ], [ 6.550839, 49.425411 ], [ 6.552578, 49.421236 ], [ 6.554278, 49.420058 ], [ 6.555903, 49.421028 ], [ 6.557469, 49.419525 ], [ 6.552633, 49.416889 ], [ 6.548589, 49.417861 ], [ 6.538647, 49.412181 ], [ 6.537422, 49.408358 ], [ 6.540778, 49.401228 ], [ 6.544178, 49.40205 ], [ 6.546872, 49.400258 ], [ 6.552097, 49.399892 ], [ 6.551367, 49.396847 ], [ 6.552394, 49.394206 ], [ 6.560125, 49.392514 ], [ 6.563614, 49.388142 ], [ 6.576839, 49.389756 ], [ 6.581061, 49.385836 ], [ 6.585364, 49.385836 ], [ 6.587672, 49.383078 ], [ 6.585903, 49.381108 ], [ 6.586164, 49.379308 ], [ 6.584367, 49.37645 ], [ 6.584817, 49.372072 ], [ 6.583147, 49.368481 ], [ 6.594533, 49.371503 ], [ 6.598961, 49.369203 ], [ 6.599589, 49.366578 ], [ 6.602261, 49.3671 ], [ 6.597556, 49.360753 ], [ 6.595792, 49.360267 ], [ 6.596525, 49.359269 ], [ 6.591906, 49.3581 ], [ 6.592636, 49.355425 ], [ 6.590078, 49.354864 ], [ 6.589694, 49.351106 ], [ 6.588075, 49.349697 ], [ 6.584828, 49.351275 ], [ 6.585503, 49.352886 ], [ 6.581614, 49.356328 ], [ 6.576967, 49.356964 ], [ 6.574128, 49.358675 ], [ 6.563622, 49.355867 ], [ 6.565428, 49.352239 ], [ 6.565708, 49.3478 ], [ 6.570875, 49.343397 ], [ 6.575753, 49.341692 ], [ 6.576597, 49.33935 ], [ 6.578469, 49.338233 ], [ 6.577194, 49.336336 ], [ 6.578464, 49.334958 ], [ 6.581103, 49.334269 ], [ 6.585906, 49.337047 ], [ 6.58785, 49.334814 ], [ 6.591028, 49.3364 ], [ 6.591617, 49.335753 ], [ 6.589672, 49.334636 ], [ 6.595586, 49.330039 ], [ 6.589075, 49.322178 ], [ 6.5945, 49.317631 ], [ 6.604836, 49.312147 ], [ 6.609458, 49.306589 ], [ 6.612497, 49.305756 ], [ 6.615175, 49.301347 ], [ 6.617372, 49.302661 ], [ 6.622408, 49.303142 ], [ 6.62495, 49.302319 ], [ 6.629028, 49.298278 ], [ 6.632267, 49.297422 ], [ 6.631989, 49.295808 ], [ 6.636122, 49.295047 ], [ 6.636494, 49.296283 ], [ 6.638833, 49.295683 ], [ 6.6442, 49.289844 ], [ 6.648156, 49.288053 ], [ 6.650347, 49.288558 ], [ 6.651931, 49.286903 ], [ 6.651117, 49.285736 ], [ 6.653425, 49.281208 ], [ 6.66015, 49.283642 ], [ 6.661292, 49.282258 ], [ 6.670056, 49.280331 ], [ 6.667878, 49.277478 ], [ 6.665908, 49.276917 ], [ 6.667803, 49.270892 ], [ 6.666519, 49.267936 ], [ 6.660489, 49.261206 ], [ 6.66435, 49.254461 ], [ 6.669936, 49.255078 ], [ 6.675614, 49.257578 ], [ 6.677275, 49.255447 ], [ 6.683842, 49.253431 ], [ 6.687986, 49.249075 ], [ 6.689917, 49.249583 ], [ 6.690653, 49.247764 ], [ 6.685683, 49.243778 ], [ 6.684872, 49.241703 ], [ 6.685692, 49.239606 ], [ 6.688675, 49.238183 ], [ 6.689711, 49.235564 ], [ 6.689356, 49.232761 ], [ 6.690769, 49.230006 ], [ 6.688297, 49.224478 ], [ 6.689681, 49.220433 ], [ 6.696103, 49.215128 ], [ 6.701878, 49.216711 ], [ 6.706361, 49.216417 ], [ 6.719647, 49.221183 ], [ 6.7232, 49.218944 ], [ 6.731461, 49.205936 ], [ 6.711153, 49.188322 ], [ 6.720328, 49.175356 ], [ 6.726811, 49.172567 ], [ 6.729825, 49.169242 ], [ 6.738333, 49.163667 ], [ 6.738333, 49.163611 ], [ 6.755556, 49.133333 ], [ 6.579167, 49.133333 ], [ 6.660278, 48.798333 ], [ 6.54, 48.654167 ], [ 6.328333, 48.746667 ], [ 6.501667, 48.925556 ], [ 6.440278, 49.175 ], [ 6.311111, 49.3625 ], [ 6.54640784551268, 49.428636886643673 ] ] ] } },
{ "type": "Feature", "properties": { "name": "LORRAINE 3", "nameV": "TMA LORRAINE 3", "class": "D", "type": "TMA", "lower": "4000FT AMSL", "lowerM": 1219, "upper": "FL115", "upperM": 3505, "desc": "Except for LF-R 45 N3 when active.", "activationCode": "H24", "UId": "61209345", "id": "LFJL3", "stroke": "#ff0000", "stroke-width": 2, "stroke-opacity": 0.8, "fill": "#ff8080", "fill-opacity": 0.3 }, "geometry": { "type": "Polygon", "coordinates": [ [ [ 6.250278, 49.451389 ], [ 6.311111, 49.3625 ], [ 6.353889, 49.3 ], [ 6.0, 49.3 ], [ 6.042222, 49.447778 ], [ 6.250278, 49.451389 ] ] ] } },
{ "type": "Feature", "properties": { "name": "PARIS 1", "nameV": "TMA PARIS 1", "class": "E", "type": "TMA", "lower": "3500FT AMSL", "lowerM": 1066, "upper": "FL115", "upperM": 3505, "desc": "Except for: - PARIS TMA any other parts, - ORLEANS, EVREUX, BEAUVAIS, LILLE and SEINE TMA, - LF-R 84 A, LF-R 3100 B to H and K to N, LF-R 3101 A to D, LF-R 3102A-B-C-E-V, LF-R 3103 C to E and H to P, LF-R 3104 A to K and V, LF¬R 3105 A to F, LF-R 3106 A to V when active. LF-P 21 BRUYERES LE CHATEL, LF-P 23 PARIS, LF-P 25 FONTENAY AUX ROSES and LF-P 33 PENLY: entry prohibited, exception see AIP ENR 5.1", "activationCode": "H24", "UId": "1566031", "id": "LFPG1", "stroke": "#008040", "stroke-width": 2, "stroke-opacity": 0.8, "fill": "#80ff80", "fill-opacity": 0.2 }, "geometry": { "type": "Polygon", "coordinates": [ [ [ 1.0, 50.0 ], [ 3.116667, 50.0 ], [ 3.160556, 49.877222 ], [ 3.236389, 49.666667 ], [ 3.335, 49.417222 ], [ 3.373056, 49.316667 ], [ 3.483333, 49.033333 ], [ 3.711111, 48.5675 ], [ 3.801944, 48.379722 ], [ 3.983333, 48.0 ], [ 2.5, 48.0 ], [ 2.05, 48.15 ], [ 1.629722, 48.15 ], [ 1.363611, 48.229722 ], [ 0.783333, 48.229722 ], [ 1.0, 48.5 ], [ 1.0, 50.0 ] ] ] } },
{ "type": "Feature", "properties": { "name": "AQUITAINE 2-1", "nameV": "TMA AQUITAINE 2-1", "class": "C", "type": "TMA", "lower": "2000FT AMSL", "lowerM": 609, "upper": "FL115", "upperM": 3505, "desc": "Except for BORDEAUX ESSAIS CTA part 1, LF-R 204 L1 and L3 and LF-R 247 A when active. LF-P 1 and LF-P 5: entry prohibited, exception see AIP ENR 5.1", "activationCode": "H24", "UId": "1562725", "id": "LFBD2-1", "stroke": "#ff0000", "stroke-width": 2, "stroke-opacity": 0.8, "fill": "#ff8080", "fill-opacity": 0.3 }, "geometry": { "type": "Polygon", "coordinates": [ [ [ -1.061389, 45.123333 ], [ -1.062325, 45.123147 ], [ -1.050821, 45.129607 ], [ -1.03907, 45.135843 ], [ -1.027081, 45.14185 ], [ -1.014863, 45.147624 ], [ -1.002424, 45.153161 ], [ -0.989775, 45.158457 ], [ -0.976924, 45.163507 ], [ -0.963881, 45.168307 ], [ -0.950656, 45.172855 ], [ -0.937259, 45.177146 ], [ -0.9237, 45.181178 ], [ -0.909988, 45.184947 ], [ -0.896135, 45.188451 ], [ -0.88215, 45.191687 ], [ -0.868044, 45.194652 ], [ -0.853828, 45.197345 ], [ -0.839512, 45.199763 ], [ -0.825107, 45.201904 ], [ -0.810623, 45.203767 ], [ -0.796073, 45.205351 ], [ -0.781466, 45.206654 ], [ -0.766814, 45.207675 ], [ -0.752127, 45.208414 ], [ -0.737417, 45.208869 ], [ -0.722695, 45.209041 ], [ -0.707972, 45.20893 ], [ -0.693258, 45.208535 ], [ -0.678566, 45.207858 ], [ -0.663905, 45.206897 ], [ -0.649288, 45.205655 ], [ -0.634724, 45.204132 ], [ -0.620226, 45.202328 ], [ -0.605803, 45.200247 ], [ -0.591467, 45.197888 ], [ -0.577228, 45.195255 ], [ -0.563098, 45.192348 ], [ -0.549086, 45.18917 ], [ -0.535203, 45.185724 ], [ -0.52146, 45.182011 ], [ -0.507867, 45.178036 ], [ -0.494434, 45.1738 ], [ -0.481171, 45.169307 ], [ -0.468088, 45.164561 ], [ -0.455195, 45.159564 ], [ -0.442502, 45.154321 ], [ -0.430017, 45.148836 ], [ -0.417751, 45.143112 ], [ -0.405711, 45.137155 ], [ -0.393909, 45.130967 ], [ -0.382351, 45.124555 ], [ -0.371046, 45.117923 ], [ -0.360004, 45.111075 ], [ -0.349232, 45.104018 ], [ -0.338738, 45.096756 ], [ -0.32853, 45.089294 ], [ -0.318615, 45.081639 ], [ -0.309, 45.073796 ], [ -0.299694, 45.06577 ], [ -0.290702, 45.057568 ], [ -0.28203, 45.049197 ], [ -0.273687, 45.040661 ], [ -0.265677, 45.031968 ], [ -0.258006, 45.023124 ], [ -0.25068, 45.014135 ], [ -0.243704, 45.005009 ], [ -0.237083, 44.995752 ], [ -0.230822, 44.986371 ], [ -0.224925, 44.976873 ], [ -0.219397, 44.967265 ], [ -0.214242, 44.957554 ], [ -0.209462, 44.947747 ], [ -0.205062, 44.937852 ], [ -0.201045, 44.927876 ], [ -0.197413, 44.917827 ], [ -0.194169, 44.907711 ], [ -0.191314, 44.897536 ], [ -0.188852, 44.88731 ], [ -0.186783, 44.877041 ], [ -0.185109, 44.866735 ], [ -0.183831, 44.856401 ], [ -0.18295, 44.846047 ], [ -0.182465, 44.835679 ], [ -0.182378, 44.825305 ], [ -0.182687, 44.814934 ], [ -0.183394, 44.804573 ], [ -0.184496, 44.794229 ], [ -0.185993, 44.78391 ], [ -0.1875, 44.783889 ], [ -0.1875, 44.783889 ], [ -0.295278, 44.690556 ], [ -0.364167, 44.630833 ], [ -0.454444, 44.552222 ], [ -0.603056, 44.56 ], [ -0.632778, 44.561667 ], [ -0.833333, 44.571944 ], [ -0.833333, 44.666667 ], [ -1.0, 44.825278 ], [ -1.0, 44.9 ], [ -1.061389, 45.123333 ] ] ] } },
{ "type": "Feature", "properties": { "name": "AQUITAINE 2-2", "nameV": "TMA AQUITAINE 2-2", "class": "C", "type": "TMA", "lower": "3000FT AMSL", "lowerM": 914, "upper": "FL115", "upperM": 3505, "desc": "Except for BORDEAUX ESSAIS CTA part 1 and LF-R 204 L2, L4, T1, T2, T3, T5 when active. LF-P 1: entry prohibited, exception see AIP ENR 5.1", "activationCode": "H24", "UId": "1562721", "id": "LFBD2-2", "stroke": "#ff0000", "stroke-width": 2, "stroke-opacity": 0.8, "fill": "#ff8080", "fill-opacity": 0.3 }, "geometry": { "type": "Polygon", "coordinates": [ [ [ -1.107778, 45.294722 ], [ -1.109333, 45.295017 ], [ -1.092654, 45.301732 ], [ -1.075738, 45.308149 ], [ -1.058597, 45.314265 ], [ -1.041241, 45.320077 ], [ -1.023681, 45.325579 ], [ -1.005928, 45.33077 ], [ -0.987993, 45.335646 ], [ -0.969888, 45.340203 ], [ -0.951625, 45.344438 ], [ -0.933214, 45.34835 ], [ -0.914669, 45.351935 ], [ -0.895999, 45.355191 ], [ -0.877218, 45.358116 ], [ -0.858337, 45.360708 ], [ -0.839369, 45.362966 ], [ -0.820325, 45.364888 ], [ -0.801218, 45.366472 ], [ -0.78206, 45.367719 ], [ -0.762862, 45.368626 ], [ -0.743638, 45.369195 ], [ -0.7244, 45.369423 ], [ -0.705159, 45.369311 ], [ -0.685929, 45.368859 ], [ -0.666721, 45.368067 ], [ -0.647548, 45.366937 ], [ -0.628422, 45.365467 ], [ -0.609355, 45.363661 ], [ -0.59036, 45.361518 ], [ -0.571448, 45.35904 ], [ -0.552631, 45.356228 ], [ -0.533922, 45.353085 ], [ -0.515333, 45.349612 ], [ -0.496875, 45.345812 ], [ -0.47856, 45.341687 ], [ -0.460399, 45.33724 ], [ -0.442405, 45.332473 ], [ -0.424589, 45.327389 ], [ -0.406962, 45.321993 ], [ -0.389535, 45.316286 ], [ -0.372319, 45.310274 ], [ -0.355325, 45.303959 ], [ -0.338564, 45.297346 ], [ -0.322046, 45.290439 ], [ -0.305783, 45.283242 ], [ -0.289783, 45.27576 ], [ -0.274058, 45.267997 ], [ -0.258616, 45.25996 ], [ -0.243469, 45.251651 ], [ -0.228625, 45.243078 ], [ -0.214093, 45.234246 ], [ -0.199883, 45.225159 ], [ -0.186003, 45.215824 ], [ -0.172462, 45.206247 ], [ -0.159269, 45.196433 ], [ -0.146431, 45.18639 ], [ -0.133957, 45.176123 ], [ -0.121854, 45.165638 ], [ -0.11013, 45.154943 ], [ -0.098792, 45.144045 ], [ -0.087846, 45.132949 ], [ -0.0773, 45.121663 ], [ -0.06716, 45.110195 ], [ -0.057433, 45.098551 ], [ -0.048123, 45.086739 ], [ -0.039236, 45.074766 ], [ -0.030778, 45.06264 ], [ -0.022755, 45.050368 ], [ -0.01517, 45.037958 ], [ -0.008028, 45.025418 ], [ -0.001333, 45.012756 ], [ 0.00491, 44.99998 ], [ 0.010699, 44.987097 ], [ 0.016029, 44.974116 ], [ 0.020899, 44.961045 ], [ 0.025304, 44.947892 ], [ 0.029243, 44.934665 ], [ 0.032714, 44.921372 ], [ 0.035714, 44.908023 ], [ 0.038243, 44.894625 ], [ 0.040298, 44.881186 ], [ 0.041879, 44.867715 ], [ 0.042986, 44.85422 ], [ 0.043618, 44.84071 ], [ 0.043774, 44.827193 ], [ 0.043456, 44.813677 ], [ 0.042663, 44.800171 ], [ 0.041397, 44.786683 ], [ 0.039659, 44.773222 ], [ 0.037449, 44.759796 ], [ 0.03477, 44.746413 ], [ 0.031624, 44.733082 ], [ 0.028013, 44.71981 ], [ 0.023939, 44.706606 ], [ 0.022778, 44.706389 ], [ 0.022778, 44.706389 ], [ -0.057778, 44.627222 ], [ -0.162778, 44.5375 ], [ -0.431667, 44.3025 ], [ -0.833333, 44.433333 ], [ -0.833333, 44.571944 ], [ -0.632778, 44.561667 ], [ -0.603056, 44.56 ], [ -0.454444, 44.552222 ], [ -0.364167, 44.630833 ], [ -0.295278, 44.690556 ], [ -0.1875, 44.783889 ], [ -0.185993, 44.78391 ], [ -0.184496, 44.794229 ], [ -0.183394, 44.804573 ], [ -0.182687, 44.814934 ], [ -0.182378, 44.825305 ], [ -0.182465, 44.835679 ], [ -0.18295, 44.846047 ], [ -0.183831, 44.856401 ], [ -0.185109, 44.866735 ], [ -0.186783, 44.877041 ], [ -0.188852, 44.88731 ], [ -0.191314, 44.897536 ], [ -0.194169, 44.907711 ], [ -0.197413, 44.917827 ], [ -0.201045, 44.927876 ], [ -0.205062, 44.937852 ], [ -0.209462, 44.947747 ], [ -0.214242, 44.957554 ], [ -0.219397, 44.967265 ], [ -0.224925, 44.976873 ], [ -0.230822, 44.986371 ], [ -0.237083, 44.995752 ], [ -0.243704, 45.005009 ], [ -0.25068, 45.014135 ], [ -0.258006, 45.023124 ], [ -0.265677, 45.031968 ], [ -0.273687, 45.040661 ], [ -0.28203, 45.049197 ], [ -0.290702, 45.057568 ], [ -0.299694, 45.06577 ], [ -0.309, 45.073796 ], [ -0.318615, 45.081639 ], [ -0.32853, 45.089294 ], [ -0.338738, 45.096756 ], [ -0.349232, 45.104018 ], [ -0.360004, 45.111075 ], [ -0.371046, 45.117923 ], [ -0.382351, 45.124555 ], [ -0.393909, 45.130967 ], [ -0.405711, 45.137155 ], [ -0.417751, 45.143112 ], [ -0.430017, 45.148836 ], [ -0.442502, 45.154321 ], [ -0.455195, 45.159564 ], [ -0.468088, 45.164561 ], [ -0.481171, 45.169307 ], [ -0.494434, 45.1738 ], [ -0.507867, 45.178036 ], [ -0.52146, 45.182011 ], [ -0.535203, 45.185724 ], [ -0.549086, 45.18917 ], [ -0.563098, 45.192348 ], [ -0.577228, 45.195255 ], [ -0.591467, 45.197888 ], [ -0.605803, 45.200247 ], [ -0.620226, 45.202328 ], [ -0.634724, 45.204132 ], [ -0.649288, 45.205655 ], [ -0.663905, 45.206897 ], [ -0.678566, 45.207858 ], [ -0.693258, 45.208535 ], [ -0.707972, 45.20893 ], [ -0.722695, 45.209041 ], [ -0.737417, 45.208869 ], [ -0.752127, 45.208414 ], [ -0.766814, 45.207675 ], [ -0.781466, 45.206654 ], [ -0.796073, 45.205351 ], [ -0.810623, 45.203767 ], [ -0.825107, 45.201904 ], [ -0.839512, 45.199763 ], [ -0.853828, 45.197345 ], [ -0.868044, 45.194652 ], [ -0.88215, 45.191687 ], [ -0.896135, 45.188451 ], [ -0.909988, 45.184947 ], [ -0.9237, 45.181178 ], [ -0.937259, 45.177146 ], [ -0.950656, 45.172855 ], [ -0.963881, 45.168307 ], [ -0.976924, 45.163507 ], [ -0.989775, 45.158457 ], [ -1.002424, 45.153161 ], [ -1.014863, 45.147624 ], [ -1.027081, 45.14185 ], [ -1.03907, 45.135843 ], [ -1.050821, 45.129607 ], [ -1.062325, 45.123147 ], [ -1.061389, 45.123333 ], [ -1.061389, 45.123333 ], [ -1.107778, 45.294722 ] ] ] } },
{ "type": "Feature", "properties": { "name": "AQUITAINE 5", "nameV": "TMA AQUITAINE 5", "class": "D", "type": "TMA", "lower": "FL065", "lowerM": 1981, "upper": "FL115", "upperM": 3505, "desc": "Except for BORDEAUX ESSAIS CTA part 1 when active.", "activationCode": "H24", "UId": "1566377", "id": "LFBD5", "stroke": "#ff0000", "stroke-width": 2, "stroke-opacity": 0.8, "fill": "#ff8080", "fill-opacity": 0.3 }, "geometry": { "type": "Polygon", "coordinates": [ [ [ -1.216667, 45.666667 ], [ -0.789167, 45.666667 ], [ -0.4375, 45.666667 ], [ -0.176389, 45.666667 ], [ -0.150278, 45.666667 ], [ 0.093611, 45.5 ], [ -0.725, 45.5 ], [ -1.166194, 45.5 ], [ -1.216667, 45.666667 ] ] ] } },
{ "type": "Feature", "properties": { "name": "AQUITAINE 3-3", "nameV": "TMA AQUITAINE 3-3", "class": "C", "type": "TMA", "lower": "FL065", "lowerM": 1981, "upper": "FL115", "upperM": 3505, "desc": "Except for BORDEAUX ESSAIS CTA part 1 when active.", "activationCode": "H24", "UId": "1566387", "id": "LFBD3-3", "stroke": "#ff0000", "stroke-width": 2, "stroke-opacity": 0.8, "fill": "#ff8080", "fill-opacity": 0.3 }, "geometry": { "type": "Polygon", "coordinates": [ [ [ -1.166194, 45.5 ], [ -0.725, 45.5 ], [ 0.093611, 45.5 ], [ 0.166667, 45.45 ], [ 0.166667, 45.132778 ], [ 0.284444, 44.973611 ], [ 0.211111, 44.926667 ], [ 0.220278, 44.863333 ], [ 0.219722, 44.816111 ], [ 0.216944, 44.775556 ], [ 0.326944, 44.723889 ], [ 0.022692, 44.706403 ], [ 0.02389, 44.706614 ], [ 0.027963, 44.719817 ], [ 0.031574, 44.733088 ], [ 0.03472, 44.746418 ], [ 0.037399, 44.759801 ], [ 0.039608, 44.773226 ], [ 0.041347, 44.786686 ], [ 0.042613, 44.800173 ], [ 0.043405, 44.813678 ], [ 0.043724, 44.827193 ], [ 0.043567, 44.840709 ], [ 0.042936, 44.854218 ], [ 0.041829, 44.867712 ], [ 0.040248, 44.881182 ], [ 0.038192, 44.89462 ], [ 0.035664, 44.908018 ], [ 0.032664, 44.921366 ], [ 0.029193, 44.934658 ], [ 0.025255, 44.947884 ], [ 0.02085, 44.961036 ], [ 0.015981, 44.974106 ], [ 0.01065, 44.987087 ], [ 0.004862, 44.999968 ], [ -0.001381, 45.012744 ], [ -0.008075, 45.025405 ], [ -0.015217, 45.037944 ], [ -0.022801, 45.050353 ], [ -0.030824, 45.062624 ], [ -0.039281, 45.07475 ], [ -0.048167, 45.086722 ], [ -0.057477, 45.098533 ], [ -0.067204, 45.110176 ], [ -0.077343, 45.121644 ], [ -0.087889, 45.132929 ], [ -0.098833, 45.144024 ], [ -0.110171, 45.154922 ], [ -0.121894, 45.165616 ], [ -0.133996, 45.1761 ], [ -0.146469, 45.186366 ], [ -0.159306, 45.196409 ], [ -0.172499, 45.206222 ], [ -0.186038, 45.215798 ], [ -0.199917, 45.225133 ], [ -0.214127, 45.234219 ], [ -0.228658, 45.243051 ], [ -0.243501, 45.251623 ], [ -0.258647, 45.259931 ], [ -0.274088, 45.267968 ], [ -0.289812, 45.27573 ], [ -0.305811, 45.283212 ], [ -0.322073, 45.290408 ], [ -0.33859, 45.297315 ], [ -0.355349, 45.303927 ], [ -0.372342, 45.310242 ], [ -0.389557, 45.316254 ], [ -0.406983, 45.32196 ], [ -0.424609, 45.327356 ], [ -0.442424, 45.332439 ], [ -0.460417, 45.337206 ], [ -0.478576, 45.341653 ], [ -0.49689, 45.345778 ], [ -0.515347, 45.349578 ], [ -0.533935, 45.35305 ], [ -0.552643, 45.356193 ], [ -0.571458, 45.359004 ], [ -0.590369, 45.361482 ], [ -0.609363, 45.363625 ], [ -0.628429, 45.365432 ], [ -0.647554, 45.366901 ], [ -0.666725, 45.368031 ], [ -0.685932, 45.368823 ], [ -0.705161, 45.369275 ], [ -0.7244, 45.369387 ], [ -0.743637, 45.369159 ], [ -0.76286, 45.368591 ], [ -0.782056, 45.367683 ], [ -0.801213, 45.366437 ], [ -0.820319, 45.364852 ], [ -0.839362, 45.36293 ], [ -0.858329, 45.360673 ], [ -0.877208, 45.358081 ], [ -0.895988, 45.355156 ], [ -0.914656, 45.3519 ], [ -0.933201, 45.348315 ], [ -0.95161, 45.344404 ], [ -0.969872, 45.340169 ], [ -0.987976, 45.335612 ], [ -1.005909, 45.330737 ], [ -1.023661, 45.325546 ], [ -1.04122, 45.320044 ], [ -1.058575, 45.314233 ], [ -1.075715, 45.308117 ], [ -1.092629, 45.3017 ], [ -1.109307, 45.294986 ], [ -1.107772, 45.294714 ], [ -1.107772, 45.294714 ], [ -1.166194, 45.5 ] ] ] } },
{ "type": "Feature", "properties": { "name": "PHALSBOURG 4", "nameV": "TMA PHALSBOURG 4", "class": "D", "type": "TMA", "lower": "2700FT AMSL", "lowerM": 822, "upper": "6500FT AMSL", "upperM": 1981, "desc": "OAT/GAT procedures. Excluding LF-R 228 A BITCHE when active. Deactivation is announced on RAI 118.450 MHz (PHALSBOURG APP). Activity known on STRASBOURG INFO/APP.", "activationCode": "HX", "activationDesc": "Activable H24", "declassifiable": true, "UId": "61209114", "id": "LFQP4", "stroke": "#ff0000", "stroke-width": 2, "stroke-opacity": 0.8, "fill": "#ffb9dc", "fill-opacity": 0.3 }, "geometry": { "type": "Polygon", "coordinates": [ [ [ 7.501343897054447, 49.128860059655416 ], [ 7.505489, 49.1224 ], [ 7.511775, 49.122419 ], [ 7.515347, 49.121047 ], [ 7.519053, 49.116464 ], [ 7.521839, 49.108047 ], [ 7.525194, 49.103947 ], [ 7.528311, 49.103644 ], [ 7.529558, 49.102058 ], [ 7.528444, 49.097106 ], [ 7.537789, 49.096436 ], [ 7.535633, 49.093683 ], [ 7.549836, 49.085839 ], [ 7.563706, 49.080247 ], [ 7.569336, 49.079769 ], [ 7.600989, 49.083233 ], [ 7.620214, 49.074153 ], [ 7.629392, 49.073583 ], [ 7.630942, 49.072644 ], [ 7.630617, 49.065725 ], [ 7.6326, 49.063819 ], [ 7.632653, 49.058589 ], [ 7.631208, 49.054889 ], [ 7.674697, 49.044992 ], [ 7.680703, 49.048928 ], [ 7.683858, 49.048278 ], [ 7.685653, 49.049197 ], [ 7.697314, 49.049625 ], [ 7.697194, 49.051808 ], [ 7.692478, 49.054144 ], [ 7.695947, 49.057803 ], [ 7.698047, 49.055847 ], [ 7.700811, 49.056975 ], [ 7.705664, 49.056158 ], [ 7.708247, 49.052486 ], [ 7.717575, 49.053928 ], [ 7.720225, 49.051611 ], [ 7.722789, 49.051178 ], [ 7.727083, 49.054942 ], [ 7.731464, 49.055553 ], [ 7.732247, 49.043972 ], [ 7.737417, 49.044803 ], [ 7.74075, 49.047347 ], [ 7.747039, 49.046369 ], [ 7.751578, 49.047897 ], [ 7.756736, 49.045506 ], [ 7.761078, 49.045514 ], [ 7.768778, 49.047697 ], [ 7.76985, 49.050472 ], [ 7.776494, 49.056711 ], [ 7.779889, 49.0583 ], [ 7.788967, 49.058403 ], [ 7.794422, 49.065711 ], [ 7.810456, 49.061286 ], [ 7.812644, 49.057094 ], [ 7.815689, 49.054961 ], [ 7.825931, 49.052189 ], [ 7.830536, 49.047297 ], [ 7.836294, 49.047272 ], [ 7.844067, 49.044739 ], [ 7.8437, 49.043169 ], [ 7.845711, 49.042606 ], [ 7.849836, 49.044047 ], [ 7.851569, 49.042283 ], [ 7.852225, 49.037747 ], [ 7.85465, 49.035531 ], [ 7.860808, 49.034958 ], [ 7.8674, 49.033011 ], [ 7.874469, 49.040547 ], [ 7.880378, 49.043761 ], [ 7.881308, 49.046036 ], [ 7.884367, 49.046486 ], [ 7.888739, 49.049028 ], [ 7.901697372787139, 49.044815430360089 ], [ 7.901667, 49.044722 ], [ 7.748611, 48.916667 ], [ 7.2225, 48.916667 ], [ 7.501343897054447, 49.128860059655416 ] ] ] } },
{ "type": "Feature", "properties": { "name": "PHALSBOURG 2", "nameV": "TMA PHALSBOURG 2", "class": "D", "type": "TMA", "lower": "2300FT AMSL", "lowerM": 701, "upper": "6500FT AMSL", "upperM": 1981, "desc": "OAT/GAT procedures. Excluding parts of TMA LORRAINE 5 and 5.1 SARRE and LF-R 252 Dieuze when active. Deactivation is announced on RAI 118.450 MHz (PHALSBOURG APP). Activity known on STRASBOURG INFO/APP.", "activationCode": "HX", "activationDesc": "Activable H24", "declassifiable": true, "UId": "61209087", "id": "LFQP2", "stroke": "#ff0000", "stroke-width": 2, "stroke-opacity": 0.8, "fill": "#ffb9dc", "fill-opacity": 0.3 }, "geometry": { "type": "Polygon", "coordinates": [ [ [ 6.632222, 48.916667 ], [ 7.2225, 48.916667 ], [ 7.094167, 48.823056 ], [ 7.093932, 48.823011 ], [ 7.091967, 48.82119 ], [ 7.090069, 48.819339 ], [ 7.08824, 48.817458 ], [ 7.086482, 48.815548 ], [ 7.084795, 48.81361 ], [ 7.08318, 48.811646 ], [ 7.081639, 48.809656 ], [ 7.080172, 48.807643 ], [ 7.078779, 48.805606 ], [ 7.077462, 48.803548 ], [ 7.076222, 48.801469 ], [ 7.07506, 48.79937 ], [ 7.073975, 48.797254 ], [ 7.072969, 48.795121 ], [ 7.072042, 48.792973 ], [ 7.071195, 48.79081 ], [ 7.070428, 48.788634 ], [ 7.069741, 48.786447 ], [ 7.069136, 48.784249 ], [ 7.068612, 48.782043 ], [ 7.06817, 48.779828 ], [ 7.06781, 48.777607 ], [ 7.067532, 48.775381 ], [ 7.067337, 48.773151 ], [ 7.067224, 48.770919 ], [ 7.067193, 48.768686 ], [ 7.067245, 48.766452 ], [ 7.067379, 48.76422 ], [ 7.067596, 48.761991 ], [ 7.067895, 48.759767 ], [ 7.068276, 48.757547 ], [ 7.068738, 48.755335 ], [ 7.069283, 48.75313 ], [ 7.069908, 48.750935 ], [ 7.070614, 48.74875 ], [ 7.071401, 48.746578 ], [ 7.072268, 48.744419 ], [ 7.073214, 48.742274 ], [ 7.074238, 48.740145 ], [ 7.075341, 48.738033 ], [ 7.076522, 48.73594 ], [ 7.077779, 48.733866 ], [ 7.079112, 48.731813 ], [ 7.080521, 48.729781 ], [ 7.082004, 48.727774 ], [ 7.083561, 48.72579 ], [ 7.08519, 48.723832 ], [ 7.086891, 48.721901 ], [ 7.088662, 48.719997 ], [ 7.090503, 48.718123 ], [ 7.092413, 48.716279 ], [ 7.09439, 48.714465 ], [ 7.096433, 48.712684 ], [ 7.098541, 48.710937 ], [ 7.100712, 48.709224 ], [ 7.102946, 48.707546 ], [ 7.105242, 48.705904 ], [ 7.107597, 48.7043 ], [ 7.11001, 48.702734 ], [ 7.11248, 48.701207 ], [ 7.115006, 48.69972 ], [ 7.117585, 48.698275 ], [ 7.120217, 48.696871 ], [ 7.120556, 48.696944 ], [ 7.120556, 48.696944 ], [ 7.171389, 48.668333 ], [ 7.103889, 48.603889 ], [ 6.892222, 48.574167 ], [ 6.808056, 48.628333 ], [ 6.683333, 48.708333 ], [ 6.632222, 48.916667 ] ] ] } },
{ "type": "Feature", "properties": { "name": "PHALSBOURG 5", "nameV": "TMA PHALSBOURG 5", "class": "D", "type": "TMA", "lower": "6500FT AMSL", "lowerM": 1981, "upper": "FL115", "upperM": 3505, "desc": "OAT/GAT procedures. Excluding interfering portions of TMA LORRAINE parts 5 and 5.1 SARRE, TMA SARRE and LF-R 228 B BITCHE when active. Deactivation is announced on RAI 118.450 MHz (PHALSBOURG APP). Activity known on STRASBOURG INFO/APP.", "activationCode": "HX", "activationDesc": "Activable H24", "declassifiable": true, "UId": "61209127", "id": "LFQP5", "stroke": "#ff0000", "stroke-width": 2, "stroke-opacity": 0.8, "fill": "#ffb9dc", "fill-opacity": 0.3 }, "geometry": { "type": "Polygon", "coordinates": [ [ [ 7.901667, 49.044722 ], [ 7.748611, 48.916667 ], [ 7.472778, 48.916944 ], [ 7.472441, 48.917128 ], [ 7.469197, 48.916781 ], [ 7.465956, 48.916422 ], [ 7.462718, 48.916053 ], [ 7.459483, 48.915672 ], [ 7.456251, 48.915281 ], [ 7.453022, 48.914878 ], [ 7.449797, 48.914464 ], [ 7.446575, 48.914039 ], [ 7.443356, 48.913604 ], [ 7.440141, 48.913157 ], [ 7.436929, 48.912699 ], [ 7.433721, 48.91223 ], [ 7.430517, 48.91175 ], [ 7.427317, 48.911259 ], [ 7.424121, 48.910757 ], [ 7.420929, 48.910244 ], [ 7.417741, 48.90972 ], [ 7.414557, 48.909185 ], [ 7.411378, 48.90864 ], [ 7.408203, 48.908083 ], [ 7.405033, 48.907515 ], [ 7.401867, 48.906937 ], [ 7.398706, 48.906348 ], [ 7.395549, 48.905748 ], [ 7.392397, 48.905137 ], [ 7.389251, 48.904515 ], [ 7.386109, 48.903883 ], [ 7.382973, 48.903239 ], [ 7.379841, 48.902585 ], [ 7.376715, 48.901921 ], [ 7.373595, 48.901245 ], [ 7.370479, 48.900559 ], [ 7.36737, 48.899862 ], [ 7.364266, 48.899155 ], [ 7.361167, 48.898436 ], [ 7.358075, 48.897708 ], [ 7.354988, 48.896968 ], [ 7.351907, 48.896218 ], [ 7.348832, 48.895458 ], [ 7.345764, 48.894687 ], [ 7.342701, 48.893905 ], [ 7.339645, 48.893113 ], [ 7.336596, 48.89231 ], [ 7.333552, 48.891497 ], [ 7.330516, 48.890674 ], [ 7.327486, 48.88984 ], [ 7.324462, 48.888996 ], [ 7.321446, 48.888141 ], [ 7.318436, 48.887276 ], [ 7.315433, 48.886401 ], [ 7.312438, 48.885515 ], [ 7.309449, 48.884619 ], [ 7.306468, 48.883713 ], [ 7.303494, 48.882797 ], [ 7.300527, 48.88187 ], [ 7.297568, 48.880934 ], [ 7.294616, 48.879987 ], [ 7.291672, 48.87903 ], [ 7.288735, 48.878063 ], [ 7.285807, 48.877086 ], [ 7.282886, 48.876099 ], [ 7.279973, 48.875102 ], [ 7.277068, 48.874094 ], [ 7.274172, 48.873077 ], [ 7.271283, 48.87205 ], [ 7.268403, 48.871013 ], [ 7.26553, 48.869967 ], [ 7.262667, 48.86891 ], [ 7.259812, 48.867844 ], [ 7.256965, 48.866767 ], [ 7.254127, 48.865681 ], [ 7.251298, 48.864586 ], [ 7.248477, 48.86348 ], [ 7.245666, 48.862365 ], [ 7.242863, 48.861241 ], [ 7.24007, 48.860106 ], [ 7.237285, 48.858962 ], [ 7.23451, 48.857809 ], [ 7.231744, 48.856646 ], [ 7.228987, 48.855474 ], [ 7.226239, 48.854292 ], [ 7.223501, 48.853101 ], [ 7.220773, 48.8519 ], [ 7.218054, 48.85069 ], [ 7.215345, 48.849471 ], [ 7.212646, 48.848242 ], [ 7.209957, 48.847004 ], [ 7.207277, 48.845757 ], [ 7.204607, 48.844501 ], [ 7.201948, 48.843236 ], [ 7.199299, 48.841961 ], [ 7.196659, 48.840678 ], [ 7.19403, 48.839385 ], [ 7.191412, 48.838083 ], [ 7.188804, 48.836773 ], [ 7.186206, 48.835453 ], [ 7.187222, 48.835556 ], [ 7.187222, 48.835556 ], [ 7.068889, 48.899444 ], [ 6.965833, 48.956111 ], [ 6.912222, 48.987222 ], [ 6.965556, 49.018333 ], [ 6.993056, 49.033889 ], [ 7.150560306686122, 49.125006548617918 ], [ 7.155947, 49.121464 ], [ 7.159467, 49.120464 ], [ 7.159547, 49.122186 ], [ 7.165114, 49.128617 ], [ 7.167797, 49.127378 ], [ 7.174492, 49.129222 ], [ 7.178242, 49.128583 ], [ 7.17745, 49.130272 ], [ 7.183567, 49.129961 ], [ 7.183939, 49.131433 ], [ 7.185425, 49.131244 ], [ 7.187175, 49.127806 ], [ 7.190211, 49.128022 ], [ 7.191561, 49.126386 ], [ 7.190525, 49.125836 ], [ 7.196336, 49.121625 ], [ 7.198133, 49.115172 ], [ 7.201303, 49.117303 ], [ 7.203675, 49.120303 ], [ 7.203806, 49.122622 ], [ 7.205461, 49.1236 ], [ 7.228764, 49.126169 ], [ 7.235647, 49.128692 ], [ 7.245047, 49.130086 ], [ 7.248828, 49.127372 ], [ 7.265617, 49.122658 ], [ 7.271669, 49.124272 ], [ 7.279819, 49.122161 ], [ 7.281592, 49.124375 ], [ 7.283831, 49.123439 ], [ 7.282333, 49.116908 ], [ 7.293164, 49.114947 ], [ 7.298408, 49.117275 ], [ 7.304175, 49.123189 ], [ 7.305608, 49.127072 ], [ 7.310172, 49.129467 ], [ 7.313806, 49.137114 ], [ 7.32115, 49.141289 ], [ 7.329889, 49.144792 ], [ 7.341558, 49.145228 ], [ 7.345325, 49.143283 ], [ 7.362722, 49.143194 ], [ 7.361508, 49.144733 ], [ 7.362986, 49.145236 ], [ 7.361308, 49.152917 ], [ 7.362464, 49.156403 ], [ 7.366683, 49.160697 ], [ 7.368956, 49.161656 ], [ 7.365789, 49.164214 ], [ 7.364756, 49.166942 ], [ 7.365189, 49.171861 ], [ 7.381128, 49.175053 ], [ 7.445614, 49.184189 ], [ 7.443664, 49.182206 ], [ 7.436, 49.18005 ], [ 7.4361, 49.176936 ], [ 7.439375, 49.175822 ], [ 7.441792, 49.172186 ], [ 7.440428, 49.1704 ], [ 7.433081, 49.168086 ], [ 7.432572, 49.165653 ], [ 7.439142, 49.164222 ], [ 7.446189, 49.168317 ], [ 7.448739, 49.168497 ], [ 7.453903, 49.166903 ], [ 7.457653, 49.163069 ], [ 7.459758, 49.162803 ], [ 7.465517, 49.164989 ], [ 7.467414, 49.167339 ], [ 7.482219, 49.169633 ], [ 7.493964, 49.169508 ], [ 7.492572, 49.164336 ], [ 7.495953, 49.155178 ], [ 7.506436, 49.154719 ], [ 7.505939, 49.150617 ], [ 7.497728, 49.146314 ], [ 7.495231, 49.143622 ], [ 7.496758, 49.142456 ], [ 7.495381, 49.141408 ], [ 7.489878, 49.142292 ], [ 7.489531, 49.136564 ], [ 7.495489, 49.135828 ], [ 7.4977, 49.134539 ], [ 7.505489, 49.1224 ], [ 7.511775, 49.122419 ], [ 7.515347, 49.121047 ], [ 7.519053, 49.116464 ], [ 7.521839, 49.108047 ], [ 7.525194, 49.103947 ], [ 7.528311, 49.103644 ], [ 7.529558, 49.102058 ], [ 7.528444, 49.097106 ], [ 7.537789, 49.096436 ], [ 7.535633, 49.093683 ], [ 7.549836, 49.085839 ], [ 7.563706, 49.080247 ], [ 7.569336, 49.079769 ], [ 7.600989, 49.083233 ], [ 7.620214, 49.074153 ], [ 7.629392, 49.073583 ], [ 7.630942, 49.072644 ], [ 7.630617, 49.065725 ], [ 7.6326, 49.063819 ], [ 7.632653, 49.058589 ], [ 7.631208, 49.054889 ], [ 7.674697, 49.044992 ], [ 7.680703, 49.048928 ], [ 7.683858, 49.048278 ], [ 7.685653, 49.049197 ], [ 7.697314, 49.049625 ], [ 7.697194, 49.051808 ], [ 7.692478, 49.054144 ], [ 7.695947, 49.057803 ], [ 7.698047, 49.055847 ], [ 7.700811, 49.056975 ], [ 7.705664, 49.056158 ], [ 7.708247, 49.052486 ], [ 7.717575, 49.053928 ], [ 7.720225, 49.051611 ], [ 7.722789, 49.051178 ], [ 7.727083, 49.054942 ], [ 7.731464, 49.055553 ], [ 7.732247, 49.043972 ], [ 7.737417, 49.044803 ], [ 7.74075, 49.047347 ], [ 7.747039, 49.046369 ], [ 7.751578, 49.047897 ], [ 7.756736, 49.045506 ], [ 7.761078, 49.045514 ], [ 7.768778, 49.047697 ], [ 7.76985, 49.050472 ], [ 7.776494, 49.056711 ], [ 7.779889, 49.0583 ], [ 7.788967, 49.058403 ], [ 7.794422, 49.065711 ], [ 7.810456, 49.061286 ], [ 7.812644, 49.057094 ], [ 7.815689, 49.054961 ], [ 7.825931, 49.052189 ], [ 7.830536, 49.047297 ], [ 7.836294, 49.047272 ], [ 7.844067, 49.044739 ], [ 7.8437, 49.043169 ], [ 7.845711, 49.042606 ], [ 7.849836, 49.044047 ], [ 7.851569, 49.042283 ], [ 7.852225, 49.037747 ], [ 7.85465, 49.035531 ], [ 7.860808, 49.034958 ], [ 7.8674, 49.033011 ], [ 7.874469, 49.040547 ], [ 7.880378, 49.043761 ], [ 7.881308, 49.046036 ], [ 7.884367, 49.046486 ], [ 7.888739, 49.049028 ], [ 7.901697372787139, 49.044815430360089 ], [ 7.901667, 49.044722 ] ] ] } },
{ "type": "Feature", "properties": { "name": "PHALSBOURG 1", "nameV": "TMA PHALSBOURG 1", "class": "D", "type": "TMA", "lower": "3000FT AMSL", "lowerM": 914, "upper": "6500FT AMSL", "upperM": 1981, "desc": "OAT/GAT procedures. Excluding LF-R 613 REINHARDSMUNSTER when active. Deactivation is announced on RAI 118.450 MHz (PHALSBOURG APP). Activity known on STRASBOURG INFO/APP.", "activationCode": "HX", "activationDesc": "Activable H24", "declassifiable": true, "UId": "61209077", "id": "LFQP1", "stroke": "#ff0000", "stroke-width": 2, "stroke-opacity": 0.8, "fill": "#ffb9dc", "fill-opacity": 0.3 }, "geometry": { "type": "Polygon", "coordinates": [ [ [ 7.2225, 48.916667 ], [ 7.590833, 48.916667 ], [ 7.241667, 48.628333 ], [ 7.120556, 48.696944 ], [ 7.120258, 48.696905 ], [ 7.117509, 48.698374 ], [ 7.114817, 48.699888 ], [ 7.112184, 48.701446 ], [ 7.109611, 48.703049 ], [ 7.107102, 48.704694 ], [ 7.104656, 48.70638 ], [ 7.102276, 48.708107 ], [ 7.099963, 48.709874 ], [ 7.097719, 48.711678 ], [ 7.095545, 48.71352 ], [ 7.093443, 48.715398 ], [ 7.091414, 48.71731 ], [ 7.089459, 48.719256 ], [ 7.087579, 48.721233 ], [ 7.085776, 48.723242 ], [ 7.084052, 48.72528 ], [ 7.082406, 48.727347 ], [ 7.08084, 48.729441 ], [ 7.079356, 48.73156 ], [ 7.077954, 48.733703 ], [ 7.076635, 48.735869 ], [ 7.075399, 48.738057 ], [ 7.074249, 48.740265 ], [ 7.073184, 48.742491 ], [ 7.072205, 48.744734 ], [ 7.071313, 48.746993 ], [ 7.070508, 48.749267 ], [ 7.069792, 48.751553 ], [ 7.069163, 48.75385 ], [ 7.068624, 48.756157 ], [ 7.068174, 48.758473 ], [ 7.067813, 48.760795 ], [ 7.067542, 48.763123 ], [ 7.067362, 48.765454 ], [ 7.067271, 48.767788 ], [ 7.06727, 48.770122 ], [ 7.067359, 48.772456 ], [ 7.067539, 48.774787 ], [ 7.067809, 48.777115 ], [ 7.068168, 48.779437 ], [ 7.068617, 48.781753 ], [ 7.069156, 48.78406 ], [ 7.069783, 48.786357 ], [ 7.070499, 48.788644 ], [ 7.071303, 48.790917 ], [ 7.072195, 48.793176 ], [ 7.073174, 48.79542 ], [ 7.07424, 48.797646 ], [ 7.075391, 48.799854 ], [ 7.076627, 48.802042 ], [ 7.077948, 48.804208 ], [ 7.079352, 48.806352 ], [ 7.080838, 48.808471 ], [ 7.082406, 48.810564 ], [ 7.084055, 48.812631 ], [ 7.085783, 48.814669 ], [ 7.087589, 48.816678 ], [ 7.089473, 48.818655 ], [ 7.091433, 48.820601 ], [ 7.093467, 48.822513 ], [ 7.095575, 48.82439 ], [ 7.097755, 48.826231 ], [ 7.100005, 48.828035 ], [ 7.100278, 48.828056 ], [ 7.100278, 48.828056 ], [ 7.2225, 48.916667 ] ] ] } },
{ "type": "Feature", "properties": { "name": "PHALSBOURG 3", "nameV": "TMA PHALSBOURG 3 Lower(1000FT AGL-3100FT AMSL)", "class": "D", "type": "TMA", "lower": "3100FT AMSL", "lowerMin": "1000FT AGL", "lowerM": 944, "upper": "6500FT AMSL", "upperM": 1981, "desc": "OAT/GAT procedures. Deactivation is announced on RAI 118.450 MHz (PHALSBOURG APP). Activity known on STRASBOURG INFO/APP.", "activationCode": "HX", "activationDesc": "Activable H24", "declassifiable": true, "UId": "61209102", "id": "LFQP3", "stroke": "#ff0000", "stroke-width": 2, "stroke-opacity": 0.8, "fill": "#ffb9dc", "fill-opacity": 0.3 }, "geometry": { "type": "Polygon", "coordinates": [ [ [ 6.892222, 48.574167 ], [ 7.103889, 48.603889 ], [ 7.171389, 48.668333 ], [ 7.241667, 48.628333 ], [ 7.132778, 48.537778 ], [ 6.951667, 48.515 ], [ 6.916667, 48.558333 ], [ 6.892222, 48.574167 ] ] ] } },
{ "type": "Feature", "properties": { "name": "RENNES 5", "nameV": "TMA RENNES 5", "class": "D", "type": "TMA", "lower": "2500FT AMSL", "lowerM": 762, "upper": "FL115", "upperM": 3505, "desc": "LF-P 27 GRAVENCHON, LF-P 28 LE HAVRE and LF-P 32 PALUEL: entry prohibited, exception see AIP ENR 5.1", "activationCode": "H24", "UId": "1565453", "id": "LFRN5", "stroke": "#ff0000", "stroke-width": 2, "stroke-opacity": 0.8, "fill": "#ff8080", "fill-opacity": 0.3 }, "geometry": { "type": "Polygon", "coordinates": [ [ [ 0.616667, 49.833333 ], [ 0.666389, 49.278056 ], [ 0.609444, 49.185556 ], [ 0.591667, 49.144722 ], [ 0.382778, 48.998333 ], [ 0.124444, 48.973889 ], [ -0.000553842825634, 49.325549241144827 ], [ -0.087175, 49.297903 ], [ -0.153178, 49.287772 ], [ -0.212224290858747, 49.28392415387767 ], [ -0.212222, 49.283889 ], [ -0.2225, 49.12 ], [ -0.289722, 49.064444 ], [ -0.346111, 49.048333 ], [ -0.589444, 49.050833 ], [ -0.636944, 49.051944 ], [ -0.683056, 49.063889 ], [ -0.783889, 49.135278 ], [ -0.803889, 49.168333 ], [ -0.781667, 49.354167 ], [ -0.310278, 49.538889 ], [ -0.182222, 49.598056 ], [ -0.004167, 49.679722 ], [ 0.045556, 49.7025 ], [ 0.333333, 49.833333 ], [ 0.616667, 49.833333 ] ] ] } },
{ "type": "Feature", "properties": { "name": "NICE TMA 4", "nameV": "NICE TMA 4", "class": null, "type": "TMA", "lower": "2500FT AMSL", "lowerMin": null, "ordinalLowerM": null, "lowerM": null, "upper": "FL115", "ordinalUpperM": null, "upperMax": null, "upperM": null, "groundEstimatedHeight": null, "desc": null, "activationCode": null, "activationDesc": null, "declassifiable": false, "timeScheduling": { }, "UId": null, "id": null, "stroke": null, "stroke-width": null, "stroke-opacity": null, "fill": null, "fill-opacity": null }, "geometry": { "type": "Polygon", "coordinates": [ [ [ 6.7275, 43.289722 ], [ 6.919167, 43.388333 ], [ 7.1, 43.480833 ], [ 7.1, 43.520833 ], [ 7.053333, 43.538333 ], [ 7.0, 43.642222 ], [ 6.923333, 43.626667 ], [ 6.923249, 43.626602 ], [ 6.922085, 43.626362 ], [ 6.920925, 43.626113 ], [ 6.919769, 43.625855 ], [ 6.918616, 43.625588 ], [ 6.917467, 43.625313 ], [ 6.916323, 43.625029 ], [ 6.915182, 43.624736 ], [ 6.914046, 43.624434 ], [ 6.912915, 43.624124 ], [ 6.911788, 43.623805 ], [ 6.910665, 43.623478 ], [ 6.909548, 43.623142 ], [ 6.908435, 43.622798 ], [ 6.907328, 43.622445 ], [ 6.906225, 43.622084 ], [ 6.905129, 43.621714 ], [ 6.904037, 43.621336 ], [ 6.902951, 43.62095 ], [ 6.901871, 43.620555 ], [ 6.900796, 43.620152 ], [ 6.899728, 43.619741 ], [ 6.898665, 43.619322 ], [ 6.897609, 43.618895 ], [ 6.896559, 43.61846 ], [ 6.895515, 43.618017 ], [ 6.894478, 43.617566 ], [ 6.893448, 43.617107 ], [ 6.892424, 43.61664 ], [ 6.891407, 43.616165 ], [ 6.890397, 43.615683 ], [ 6.889394, 43.615193 ], [ 6.888399, 43.614696 ], [ 6.88741, 43.61419 ], [ 6.886429, 43.613678 ], [ 6.885456, 43.613158 ], [ 6.88449, 43.61263 ], [ 6.883532, 43.612095 ], [ 6.882582, 43.611553 ], [ 6.881639, 43.611004 ], [ 6.880705, 43.610447 ], [ 6.879779, 43.609884 ], [ 6.878861, 43.609313 ], [ 6.877952, 43.608736 ], [ 6.877051, 43.608151 ], [ 6.876158, 43.60756 ], [ 6.875274, 43.606962 ], [ 6.874399, 43.606357 ], [ 6.873533, 43.605746 ], [ 6.872676, 43.605128 ], [ 6.871828, 43.604503 ], [ 6.870989, 43.603872 ], [ 6.870159, 43.603235 ], [ 6.869338, 43.602591 ], [ 6.868527, 43.601942 ], [ 6.867725, 43.601286 ], [ 6.866191293671432, 43.600137544805875 ], [ 6.864958, 43.598899 ], [ 6.863783, 43.597833 ], [ 6.862632, 43.596752 ], [ 6.861506, 43.595658 ], [ 6.860404, 43.594551 ], [ 6.859328, 43.593431 ], [ 6.858277, 43.592298 ], [ 6.857253, 43.591153 ], [ 6.856254, 43.589996 ], [ 6.855281, 43.588828 ], [ 6.854336, 43.587647 ], [ 6.853417, 43.586456 ], [ 6.852525, 43.585254 ], [ 6.85166, 43.584042 ], [ 6.850823, 43.582819 ], [ 6.850014, 43.581587 ], [ 6.849233, 43.580345 ], [ 6.84848, 43.579094 ], [ 6.847756, 43.577835 ], [ 6.84706, 43.576567 ], [ 6.846393, 43.575291 ], [ 6.845755, 43.574007 ], [ 6.845146, 43.572715 ], [ 6.844566, 43.571417 ], [ 6.844016, 43.570112 ], [ 6.843496, 43.568801 ], [ 6.843005, 43.567483 ], [ 6.842544, 43.56616 ], [ 6.842113, 43.564832 ], [ 6.841712, 43.563498 ], [ 6.841342, 43.56216 ], [ 6.841002, 43.560818 ], [ 6.840692, 43.559472 ], [ 6.840412, 43.558123 ], [ 6.840164, 43.55677 ], [ 6.839946, 43.555415 ], [ 6.839758, 43.554057 ], [ 6.839601, 43.552697 ], [ 6.839475, 43.551336 ], [ 6.83938, 43.549973 ], [ 6.839316, 43.548609 ], [ 6.839282, 43.547245 ], [ 6.83928, 43.54588 ], [ 6.839308, 43.544516 ], [ 6.839367, 43.543152 ], [ 6.839457, 43.541789 ], [ 6.839578, 43.540427 ], [ 6.839729, 43.539067 ], [ 6.839911, 43.537709 ], [ 6.840124, 43.536353 ], [ 6.840368, 43.535 ], [ 6.840642, 43.53365 ], [ 6.840946, 43.532303 ], [ 6.841281, 43.53096 ], [ 6.841646, 43.529622 ], [ 6.842041, 43.528288 ], [ 6.842596, 43.526981 ], [ 6.842778, 43.526944 ], [ 6.830556, 43.511944 ], [ 6.657222, 43.2975 ], [ 6.7275, 43.289722 ] ] ] } },
{ "type": "Feature", "properties": { "name": "TMA NICE 2", "nameV": "TMA NICE 2", "class": null, "type": "TMA", "lower": "1500FT AMSL", "lowerMin": null, "ordinalLowerM": null, "lowerM": null, "upper": "FL115", "ordinalUpperM": null, "upperMax": null, "upperM": null, "groundEstimatedHeight": null, "desc": null, "activationCode": null, "activationDesc": null, "declassifiable": false, "timeScheduling": { }, "UId": null, "id": null, "stroke": null, "stroke-width": null, "stroke-opacity": null, "fill": null, "fill-opacity": null }, "geometry": { "type": "Polygon", "coordinates": [ [ [ 6.7275, 43.121389 ], [ 6.7275, 43.289722 ], [ 6.919167, 43.388333 ], [ 7.1, 43.480833 ], [ 7.121667, 43.486111 ], [ 7.160278, 43.495556 ], [ 7.433333, 43.608889 ], [ 7.433333, 43.751667 ], [ 7.529722, 43.783889 ], [ 7.592222, 43.7675 ], [ 7.8375, 43.701944 ], [ 8.031407686923435, 43.649252714795239 ], [ 8.031402895272493, 43.648723869353574 ], [ 8.03122, 43.643832 ], [ 8.030917, 43.637922 ], [ 8.030531, 43.632015 ], [ 8.030062, 43.626111 ], [ 8.029511, 43.620211 ], [ 8.028878, 43.614315 ], [ 8.028162, 43.608424 ], [ 8.027364, 43.602539 ], [ 8.026485, 43.59666 ], [ 8.025523, 43.590787 ], [ 8.024479, 43.584922 ], [ 8.023353, 43.579065 ], [ 8.022146, 43.573216 ], [ 8.020858, 43.567377 ], [ 8.019488, 43.561547 ], [ 8.018037, 43.555728 ], [ 8.016505, 43.549919 ], [ 8.014892, 43.544122 ], [ 8.013199, 43.538337 ], [ 8.011425, 43.532565 ], [ 8.009571, 43.526806 ], [ 8.007638, 43.521061 ], [ 8.005624, 43.515331 ], [ 8.003531, 43.509615 ], [ 8.001359, 43.503915 ], [ 7.999107, 43.498232 ], [ 7.996777, 43.492565 ], [ 7.994368, 43.486915 ], [ 7.991881, 43.481284 ], [ 7.989316, 43.475671 ], [ 7.986673, 43.470077 ], [ 7.983953, 43.464502 ], [ 7.981156, 43.458948 ], [ 7.978282, 43.453415 ], [ 7.975331, 43.447903 ], [ 7.972305, 43.442412 ], [ 7.969202, 43.436945 ], [ 7.966024, 43.4315 ], [ 7.96277, 43.426079 ], [ 7.959442, 43.420682 ], [ 7.95604, 43.415309 ], [ 7.952563, 43.409962 ], [ 7.949012, 43.404641 ], [ 7.945388, 43.399346 ], [ 7.941692, 43.394077 ], [ 7.937922, 43.388836 ], [ 7.934081, 43.383623 ], [ 7.930167, 43.378438 ], [ 7.926183, 43.373282 ], [ 7.922127, 43.368156 ], [ 7.918001, 43.36306 ], [ 7.913804, 43.357994 ], [ 7.909539, 43.352959 ], [ 7.905203, 43.347956 ], [ 7.9008, 43.342984 ], [ 7.896328, 43.338045 ], [ 7.891788, 43.333139 ], [ 7.887181, 43.328267 ], [ 7.882506, 43.323429 ], [ 7.877766, 43.318625 ], [ 7.87296, 43.313856 ], [ 7.868088, 43.309122 ], [ 7.863152, 43.304425 ], [ 7.858151, 43.299764 ], [ 7.853086, 43.295139 ], [ 7.847958, 43.290553 ], [ 7.842767, 43.286003 ], [ 7.837514, 43.281493 ], [ 7.8322, 43.27702 ], [ 7.826824, 43.272587 ], [ 7.821387, 43.268194 ], [ 7.815891, 43.263841 ], [ 7.810335, 43.259528 ], [ 7.80472, 43.255256 ], [ 7.799047, 43.251025 ], [ 7.793316, 43.246836 ], [ 7.787528, 43.24269 ], [ 7.781683, 43.238586 ], [ 7.775783, 43.234525 ], [ 7.769827, 43.230507 ], [ 7.768853310977747, 43.229878244812433 ], [ 7.9775, 43.0825 ], [ 7.9775, 43.0825 ], [ 7.977829259648788, 43.082224551295873 ], [ 7.976743, 43.081624 ], [ 7.97406, 43.08015 ], [ 7.971372, 43.078681 ], [ 7.968678, 43.077217 ], [ 7.965979, 43.07576 ], [ 7.963274, 43.074307 ], [ 7.960563, 43.072861 ], [ 7.957848, 43.07142 ], [ 7.955126, 43.069984 ], [ 7.9524, 43.068554 ], [ 7.949667, 43.067129 ], [ 7.94693, 43.065711 ], [ 7.944187, 43.064297 ], [ 7.941439, 43.06289 ], [ 7.938685, 43.061488 ], [ 7.935926, 43.060091 ], [ 7.933162, 43.0587 ], [ 7.930393, 43.057315 ], [ 7.927618, 43.055936 ], [ 7.924839, 43.054562 ], [ 7.922054, 43.053194 ], [ 7.919263, 43.051832 ], [ 7.916468, 43.050475 ], [ 7.913668, 43.049124 ], [ 7.910862, 43.047779 ], [ 7.908052, 43.04644 ], [ 7.905236, 43.045106 ], [ 7.902415, 43.043778 ], [ 7.899589, 43.042456 ], [ 7.896759, 43.041139 ], [ 7.893923, 43.039829 ], [ 7.891082, 43.038524 ], [ 7.888237, 43.037225 ], [ 7.885387, 43.035932 ], [ 7.882531, 43.034645 ], [ 7.879671, 43.033363 ], [ 7.876806, 43.032088 ], [ 7.873936, 43.030818 ], [ 7.871062, 43.029554 ], [ 7.868182, 43.028296 ], [ 7.865298, 43.027044 ], [ 7.862409, 43.025798 ], [ 7.859516, 43.024557 ], [ 7.856618, 43.023323 ], [ 7.853715, 43.022095 ], [ 7.850807, 43.020872 ], [ 7.847895, 43.019656 ], [ 7.844979, 43.018445 ], [ 7.842057, 43.01724 ], [ 7.839132, 43.016042 ], [ 7.836201, 43.014849 ], [ 7.833266, 43.013662 ], [ 7.830327, 43.012482 ], [ 7.827384, 43.011307 ], [ 7.824435, 43.010138 ], [ 7.821483, 43.008976 ], [ 7.818526, 43.007819 ], [ 7.815565, 43.006669 ], [ 7.812599, 43.005524 ], [ 7.809629, 43.004386 ], [ 7.806655, 43.003254 ], [ 7.803677, 43.002127 ], [ 7.800694, 43.001007 ], [ 7.797707, 42.999893 ], [ 7.794716, 42.998785 ], [ 7.791721, 42.997684 ], [ 7.788721, 42.996588 ], [ 7.785718, 42.995499 ], [ 7.78271, 42.994415 ], [ 7.779698, 42.993338 ], [ 7.776683, 42.992267 ], [ 7.773663, 42.991202 ], [ 7.770639, 42.990143 ], [ 7.767611, 42.989091 ], [ 7.76458, 42.988044 ], [ 7.761544, 42.987004 ], [ 7.758504, 42.98597 ], [ 7.755461, 42.984943 ], [ 7.752413, 42.983921 ], [ 7.749362, 42.982906 ], [ 7.746307, 42.981897 ], [ 7.743249, 42.980894 ], [ 7.740186, 42.979898 ], [ 7.73712, 42.978908 ], [ 7.73405, 42.977924 ], [ 7.732778, 42.977222 ], [ 7.716667, 43.0 ], [ 7.506667, 43.031389 ], [ 6.7275, 43.121389 ] ] ] } }
]
}
